policy_step,simulation_time,controller,controller_role,active,exited,route_progress,speed,commanded_action,commanded_action_name,commanded_acceleration,realised_acceleration,peer_progress,peer_speed,action_A,action_B,joint_action_category,Q_maintain,Q_accelerate,Q_decelerate,greedy_action,best_Q,second_best_Q,Q_margin,Q_range,action_mask,collision_flag,termination_flag,truncation_flag,master_seed,checkpoint_step,checkpoint_sha256,validation_block_id,assignment,scenario_block,eval_seed,episode_index,front_gap,minimum_TTC
0,0.0,A,mainline,True,False,28.0,20.0,1,accelerate,0.0,2.0000000000000284,20.0,20.0,1,1,accelerate-accelerate,-0.02995728701353073,-0.007331326603889465,-0.019579395651817322,1,-0.007331326603889465,-0.019579395651817322,0.012248069047927856,0.022625960409641266,"[true, true, true]",False,False,False,65033,0,d0edc00f047161f87ff5ac3d9db81a99f2aae764689ab2d74413d9cb5b45dfd5,validation_001,0,0,1363470305,0,,
0,0.0,B,ramp,True,False,20.0,20.0,1,accelerate,0.0,2.0000000000000284,28.0,20.0,1,1,accelerate-accelerate,-0.07071760296821594,0.07194600254297256,-0.22547437250614166,1,0.07194600254297256,-0.07071760296821594,0.1426636055111885,0.2974203750491142,"[true, true, true]",False,False,False,65033,0,d0edc00f047161f87ff5ac3d9db81a99f2aae764689ab2d74413d9cb5b45dfd5,validation_001,0,0,1363470305,0,,
0,0.0,B_front,background_mainline,True,,120.0,20.0,,,,,,,,,,,,,,,,,,,,,,65033,0,d0edc00f047161f87ff5ac3d9db81a99f2aae764689ab2d74413d9cb5b45dfd5,validation_001,0,0,1363470305,0,,
0,0.0,B_rear,background_mainline,True,,3.947431380829863,19.510886076666747,,,,,,,,,,,,,,,,,,,,,,65033,0,d0edc00f047161f87ff5ac3d9db81a99f2aae764689ab2d74413d9cb5b45dfd5,validation_001,0,0,1363470305,0,,
1,0.2,A,mainline,True,False,32.04,20.400000000000006,1,accelerate,2.0,2.0000000000000284,24.040000000000003,20.400000000000006,1,1,accelerate-accelerate,-0.029888346791267395,-0.0023701563477516174,-0.017721936106681824,1,-0.0023701563477516174,-0.017721936106681824,0.015351779758930206,0.027518190443515778,"[true, true, true]",False,False,False,65033,0,d0edc00f047161f87ff5ac3d9db81a99f2aae764689ab2d74413d9cb5b45dfd5,validation_001,0,0,1363470305,0,,
1,0.2,B,ramp,True,False,24.040000000000003,20.400000000000006,1,accelerate,2.0,2.0000000000000284,32.04,20.400000000000006,1,1,accelerate-accelerate,-0.07274718582630157,0.07055230438709259,-0.2250261902809143,1,0.07055230438709259,-0.07274718582630157,0.14329949021339417,0.2955784946680069,"[true, true, true]",False,False,False,65033,0,d0edc00f047161f87ff5ac3d9db81a99f2aae764689ab2d74413d9cb5b45dfd5,validation_001,0,0,1363470305,0,,
1,0.2,B_front,background_mainline,True,,124.0,20.0,,,,,,,,,,,,,,,,,,,,,,65033,0,d0edc00f047161f87ff5ac3d9db81a99f2aae764689ab2d74413d9cb5b45dfd5,validation_001,0,0,1363470305,0,,
1,0.2,B_rear,background_mainline,True,,7.817030369943869,19.207819996757216,,,,,,,,,,,,,,,,,,,,,,65033,0,d0edc00f047161f87ff5ac3d9db81a99f2aae764689ab2d74413d9cb5b45dfd5,validation_001,0,0,1363470305,0,,
2,0.4,A,mainline,True,False,36.160000000000004,20.80000000000001,1,accelerate,2.0,2.0000000000000284,28.160000000000004,20.80000000000001,1,1,accelerate-accelerate,-0.02940608561038971,0.002376146614551544,-0.01607583463191986,1,0.002376146614551544,-0.01607583463191986,0.018451981246471405,0.031782232224941254,"[true, true, true]",False,False,False,65033,0,d0edc00f047161f87ff5ac3d9db81a99f2aae764689ab2d74413d9cb5b45dfd5,validation_001,0,0,1363470305,0,,
2,0.4,B,ramp,True,False,28.160000000000004,20.80000000000001,1,accelerate,2.0,2.0000000000000284,36.160000000000004,20.80000000000001,1,1,accelerate-accelerate,-0.07457747310400009,0.06905505061149597,-0.22445687651634216,1,0.06905505061149597,-0.07457747310400009,0.14363252371549606,0.29351192712783813,"[true, true, true]",False,False,False,65033,0,d0edc00f047161f87ff5ac3d9db81a99f2aae764689ab2d74413d9cb5b45dfd5,validation_001,0,0,1363470305,0,,
2,0.4,B_front,background_mainline,True,,128.0,20.0,,,,,,,,,,,,,,,,,,,,,,65033,0,d0edc00f047161f87ff5ac3d9db81a99f2aae764689ab2d74413d9cb5b45dfd5,validation_001,0,0,1363470305,0,,
2,0.4,B_rear,background_mainline,True,,11.638681751220439,19.023670782632877,,,,,,,,,,,,,,,,,,,,,,65033,0,d0edc00f047161f87ff5ac3d9db81a99f2aae764689ab2d74413d9cb5b45dfd5,validation_001,0,0,1363470305,0,,
3,0.6000000000000001,A,mainline,True,False,40.36000000000001,21.200000000000017,1,accelerate,2.0,2.0000000000000284,32.36000000000001,21.200000000000017,1,1,accelerate-accelerate,-0.028626322746276855,0.006649136543273926,-0.014658674597740173,1,0.006649136543273926,-0.014658674597740173,0.0213078111410141,0.03527545928955078,"[true, true, true]",False,False,False,65033,0,d0edc00f047161f87ff5ac3d9db81a99f2aae764689ab2d74413d9cb5b45dfd5,validation_001,0,0,1363470305,0,,
3,0.6000000000000001,B,ramp,True,False,32.36000000000001,21.200000000000017,1,accelerate,2.0,2.0000000000000284,40.36000000000001,21.200000000000017,1,1,accelerate-accelerate,-0.07628870755434036,0.06748319417238235,-0.2238025814294815,1,0.06748319417238235,-0.07628870755434036,0.14377190172672272,0.29128577560186386,"[true, true, true]",False,False,False,65033,0,d0edc00f047161f87ff5ac3d9db81a99f2aae764689ab2d74413d9cb5b45dfd5,validation_001,0,0,1363470305,0,,
3,0.6000000000000001,B_front,background_mainline,True,,132.0,20.0,,,,,,,,,,,,,,,,,,,,,,65033,0,d0edc00f047161f87ff5ac3d9db81a99f2aae764689ab2d74413d9cb5b45dfd5,validation_001,0,0,1363470305,0,,
3,0.6000000000000001,B_rear,background_mainline,True,,15.431954034371113,18.919276915308803,,,,,,,,,,,,,,,,,,,,,,65033,0,d0edc00f047161f87ff5ac3d9db81a99f2aae764689ab2d74413d9cb5b45dfd5,validation_001,0,0,1363470305,0,,
4,0.8,A,mainline,True,False,44.64000000000001,21.600000000000023,1,accelerate,2.0,2.0000000000000284,36.64000000000001,21.600000000000023,1,1,accelerate-accelerate,-0.02760487049818039,0.010442152619361877,-0.013404622673988342,1,0.010442152619361877,-0.013404622673988342,0.02384677529335022,0.03804702311754227,"[true, true, true]",False,False,False,65033,0,d0edc00f047161f87ff5ac3d9db81a99f2aae764689ab2d74413d9cb5b45dfd5,validation_001,0,0,1363470305,0,,
4,0.8,B,ramp,True,False,36.64000000000001,21.600000000000023,1,accelerate,2.0,2.0000000000000284,44.64000000000001,21.600000000000023,1,1,accelerate-accelerate,-0.07790344208478928,0.06589734554290771,-0.22311244904994965,1,0.06589734554290771,-0.07790344208478928,0.143800787627697,0.28900979459285736,"[true, true, true]",False,False,False,65033,0,d0edc00f047161f87ff5ac3d9db81a99f2aae764689ab2d74413d9cb5b45dfd5,validation_001,0,0,1363470305,0,,
4,0.8,B_front,background_mainline,True,,136.0,20.0,,,,,,,,,,,,,,,,,,,,,,65033,0,d0edc00f047161f87ff5ac3d9db81a99f2aae764689ab2d74413d9cb5b45dfd5,validation_001,0,0,1363470305,0,,
4,0.8,B_rear,background_mainline,True,,19.21015294496658,18.869811826831636,,,,,,,,,,,,,,,,,,,,,,65033,0,d0edc00f047161f87ff5ac3d9db81a99f2aae764689ab2d74413d9cb5b45dfd5,validation_001,0,0,1363470305,0,,
5,1.0,A,mainline,True,False,49.000000000000014,22.00000000000003,1,accelerate,2.0,2.0000000000000284,41.000000000000014,22.00000000000003,1,1,accelerate-accelerate,-0.026499882340431213,0.014131058007478714,-0.012186974287033081,1,0.014131058007478714,-0.012186974287033081,0.026318032294511795,0.04063094034790993,"[true, true, true]",False,False,False,65033,0,d0edc00f047161f87ff5ac3d9db81a99f2aae764689ab2d74413d9cb5b45dfd5,validation_001,0,0,1363470305,0,,
5,1.0,B,ramp,True,False,41.000000000000014,22.00000000000003,1,accelerate,2.0,2.0000000000000284,49.000000000000014,22.00000000000003,1,1,accelerate-accelerate,-0.07940101623535156,0.06439895927906036,-0.2224581092596054,1,0.06439895927906036,-0.07940101623535156,0.14379997551441193,0.28685706853866577,"[true, true, true]",False,False,False,65033,0,d0edc00f047161f87ff5ac3d9db81a99f2aae764689ab2d74413d9cb5b45dfd5,validation_001,0,0,1363470305,0,,
5,1.0,B_front,background_mainline,True,,140.0,20.0,,,,,,,,,,,,,,,,,,,,,,65033,0,d0edc00f047161f87ff5ac3d9db81a99f2aae764689ab2d74413d9cb5b45dfd5,validation_001,0,0,1363470305,0,,
5,1.0,B_rear,background_mainline,True,,22.982495064768763,18.858543950116044,,,,,,,,,,,,,,,,,,,,,,65033,0,d0edc00f047161f87ff5ac3d9db81a99f2aae764689ab2d74413d9cb5b45dfd5,validation_001,0,0,1363470305,0,,
6,1.2000000000000002,A,mainline,True,False,53.44000000000002,22.400000000000034,1,accelerate,2.0,2.0000000000000284,45.44000000000002,22.400000000000034,1,1,accelerate-accelerate,-0.025478750467300415,0.017725534737110138,-0.011045396327972412,1,0.017725534737110138,-0.011045396327972412,0.02877093106508255,0.04320428520441055,"[true, true, true]",False,False,False,65033,0,d0edc00f047161f87ff5ac3d9db81a99f2aae764689ab2d74413d9cb5b45dfd5,validation_001,0,0,1363470305,0,,
6,1.2000000000000002,B,ramp,True,False,45.44000000000002,22.400000000000034,1,accelerate,2.0,2.0000000000000284,53.44000000000002,22.400000000000034,1,1,accelerate-accelerate,-0.08045791834592819,0.0633043572306633,-0.22228515148162842,1,0.0633043572306633,-0.08045791834592819,0.1437622755765915,0.2855895087122917,"[true, true, true]",False,False,False,65033,0,d0edc00f047161f87ff5ac3d9db81a99f2aae764689ab2d74413d9cb5b45dfd5,validation_001,0,0,1363470305,0,,
6,1.2000000000000002,B_front,background_mainline,True,,144.0,20.0,,,,,,,,,,,,,,,,,,,,,,65033,0,d0edc00f047161f87ff5ac3d9db81a99f2aae764689ab2d74413d9cb5b45dfd5,validation_001,0,0,1363470305,0,,
6,1.2000000000000002,B_rear,background_mainline,True,,26.755377931069873,18.8736575091406,,,,,,,,,,,,,,,,,,,,,,65033,0,d0edc00f047161f87ff5ac3d9db81a99f2aae764689ab2d74413d9cb5b45dfd5,validation_001,0,0,1363470305,0,,
7,1.4000000000000001,A,mainline,True,False,57.96000000000003,22.80000000000004,1,accelerate,2.0,2.0000000000000284,49.96000000000003,22.80000000000004,1,1,accelerate-accelerate,-0.024454377591609955,0.02144227921962738,-0.009956218302249908,1,0.02144227921962738,-0.009956218302249908,0.03139849752187729,0.045896656811237335,"[true, true, true]",False,False,False,65033,0,d0edc00f047161f87ff5ac3d9db81a99f2aae764689ab2d74413d9cb5b45dfd5,validation_001,0,0,1363470305,0,,
7,1.4000000000000001,B,ramp,True,False,49.96000000000003,22.80000000000004,1,accelerate,2.0,2.0000000000000284,57.96000000000003,22.80000000000004,1,1,accelerate-accelerate,-0.0819782242178917,0.062105827033519745,-0.22256246209144592,1,0.062105827033519745,-0.0819782242178917,0.14408405125141144,0.28466828912496567,"[true, true, true]",False,False,False,65033,0,d0edc00f047161f87ff5ac3d9db81a99f2aae764689ab2d74413d9cb5b45dfd5,validation_001,0,0,1363470305,0,,
7,1.4000000000000001,B_front,background_mainline,True,,148.0,20.0,,,,,,,,,,,,,,,,,,,,,,65033,0,d0edc00f047161f87ff5ac3d9db81a99f2aae764689ab2d74413d9cb5b45dfd5,validation_001,0,0,1363470305,0,,
7,1.4000000000000001,B_rear,background_mainline,True,,30.533172569358648,18.906498857181067,,,,,,,,,,,,,,,,,,,,,,65033,0,d0edc00f047161f87ff5ac3d9db81a99f2aae764689ab2d74413d9cb5b45dfd5,validation_001,0,0,1363470305,0,,
8,1.6,A,mainline,True,False,62.56000000000004,23.200000000000045,1,accelerate,2.0,2.0000000000000284,54.56000000000004,23.200000000000045,1,1,accelerate-accelerate,-0.02344948798418045,0.025915339589118958,-0.008463598787784576,1,0.025915339589118958,-0.008463598787784576,0.034378938376903534,0.04936482757329941,"[true, true, true]",False,False,False,65033,0,d0edc00f047161f87ff5ac3d9db81a99f2aae764689ab2d74413d9cb5b45dfd5,validation_001,0,0,1363470305,0,,
8,1.6,B,ramp,True,False,54.56000000000004,23.200000000000045,1,accelerate,2.0,2.0000000000000284,62.56000000000004,23.200000000000045,1,1,accelerate-accelerate,-0.08285900205373764,0.06115651875734329,-0.22251808643341064,1,0.06115651875734329,-0.08285900205373764,0.14401552081108093,0.28367460519075394,"[true, true, true]",False,False,False,65033,0,d0edc00f047161f87ff5ac3d9db81a99f2aae764689ab2d74413d9cb5b45dfd5,validation_001,0,0,1363470305,0,,
8,1.6,B_front,background_mainline,True,,152.0,20.0,,,,,,,,,,,,,,,,,,,,,,65033,0,d0edc00f047161f87ff5ac3d9db81a99f2aae764689ab2d74413d9cb5b45dfd5,validation_001,0,0,1363470305,0,,
8,1.6,B_rear,background_mainline,True,,34.31874502797599,18.95054867326254,,,,,,,,,,,,,,,,,,,,,,65033,0,d0edc00f047161f87ff5ac3d9db81a99f2aae764689ab2d74413d9cb5b45dfd5,validation_001,0,0,1363470305,0,,
9,1.8,A,mainline,True,False,67.24000000000005,23.60000000000005,1,accelerate,2.0,2.0000000000000284,59.240000000000045,23.60000000000005,1,1,accelerate-accelerate,-0.022118017077445984,0.030312836170196533,-0.00643765926361084,1,0.030312836170196533,-0.00643765926361084,0.03675049543380737,0.05243085324764252,"[true, true, true]",False,False,False,65033,0,d0edc00f047161f87ff5ac3d9db81a99f2aae764689ab2d74413d9cb5b45dfd5,validation_001,0,0,1363470305,0,,
9,1.8,B,ramp,True,False,59.240000000000045,23.60000000000005,1,accelerate,2.0,2.0000000000000284,67.24000000000005,23.60000000000005,1,1,accelerate-accelerate,-0.08285391330718994,0.06039293110370636,-0.22196410596370697,1,0.06039293110370636,-0.08285391330718994,0.1432468444108963,0.28235703706741333,"[true, true, true]",False,False,False,65033,0,d0edc00f047161f87ff5ac3d9db81a99f2aae764689ab2d74413d9cb5b45dfd5,validation_001,0,0,1363470305,0,,
9,1.8,B_front,background_mainline,True,,156.0,20.0,,,,,,,,,,,,,,,,,,,,,,65033,0,d0edc00f047161f87ff5ac3d9db81a99f2aae764689ab2d74413d9cb5b45dfd5,validation_001,0,0,1363470305,0,,
9,1.8,B_rear,background_mainline,True,,38.11381551623222,19.000790506822323,,,,,,,,,,,,,,,,,,,,,,65033,0,d0edc00f047161f87ff5ac3d9db81a99f2aae764689ab2d74413d9cb5b45dfd5,validation_001,0,0,1363470305,0,,
10,2.0,A,mainline,True,False,72.00000000000007,24.000000000000057,1,accelerate,2.0,2.0000000000000284,64.00000000000006,24.000000000000057,1,1,accelerate-accelerate,-0.021416082978248596,0.03581758588552475,-0.003838352859020233,1,0.03581758588552475,-0.003838352859020233,0.03965593874454498,0.057233668863773346,"[true, true, true]",False,False,False,65033,0,d0edc00f047161f87ff5ac3d9db81a99f2aae764689ab2d74413d9cb5b45dfd5,validation_001,0,0,1363470305,0,,
10,2.0,B,ramp,True,False,64.00000000000006,24.000000000000057,1,accelerate,2.0,2.0000000000000284,72.00000000000007,24.000000000000057,1,1,accelerate-accelerate,-0.08246862888336182,0.05832519382238388,-0.22039403021335602,1,0.05832519382238388,-0.08246862888336182,0.1407938227057457,0.2787192240357399,"[true, true, true]",False,False,False,65033,0,d0edc00f047161f87ff5ac3d9db81a99f2aae764689ab2d74413d9cb5b45dfd5,validation_001,0,0,1363470305,0,,
10,2.0,B_front,background_mainline,True,,160.0,20.0,,,,,,,,,,,,,,,,,,,,,,65033,0,d0edc00f047161f87ff5ac3d9db81a99f2aae764689ab2d74413d9cb5b45dfd5,validation_001,0,0,1363470305,0,,
10,2.0,B_rear,background_mainline,True,,41.91921327682362,19.053199202095076,,,,,,,,,,,,,,,,,,,,,,65033,0,d0edc00f047161f87ff5ac3d9db81a99f2aae764689ab2d74413d9cb5b45dfd5,validation_001,0,0,1363470305,0,,
11,2.2,A,mainline,True,False,76.84000000000009,24.400000000000063,1,accelerate,2.0,2.0000000000000284,68.84000000000006,24.400000000000063,1,1,accelerate-accelerate,-0.02087189257144928,0.04167460650205612,-0.001084938645362854,1,0.04167460650205612,-0.001084938645362854,0.042759545147418976,0.0625464990735054,"[true, true, true]",False,False,False,65033,0,d0edc00f047161f87ff5ac3d9db81a99f2aae764689ab2d74413d9cb5b45dfd5,validation_001,0,0,1363470305,0,,
11,2.2,B,ramp,True,False,68.84000000000006,24.400000000000063,1,accelerate,2.0,2.0000000000000284,76.84000000000009,24.400000000000063,1,1,accelerate-accelerate,-0.08202838897705078,0.05603019893169403,-0.2185632735490799,1,0.05603019893169403,-0.08202838897705078,0.1380585879087448,0.2745934724807739,"[true, true, true]",False,False,False,65033,0,d0edc00f047161f87ff5ac3d9db81a99f2aae764689ab2d74413d9cb5b45dfd5,validation_001,0,0,1363470305,0,,
11,2.2,B_front,background_mainline,True,,164.0,20.0,,,,,,,,,,,,,,,,,,,,,,65033,0,d0edc00f047161f87ff5ac3d9db81a99f2aae764689ab2d74413d9cb5b45dfd5,validation_001,0,0,1363470305,0,,
11,2.2,B_rear,background_mainline,True,,45.73495283863411,19.10379719537739,,,,,,,,,,,,,,,,,,,,,,65033,0,d0edc00f047161f87ff5ac3d9db81a99f2aae764689ab2d74413d9cb5b45dfd5,validation_001,0,0,1363470305,0,,
12,2.4000000000000004,A,mainline,True,False,81.76000000000009,24.800000000000068,1,accelerate,2.0,2.0000000000000284,73.76000000000006,24.800000000000068,1,1,accelerate-accelerate,-0.020309656858444214,0.047609008848667145,0.0016902238130569458,1,0.047609008848667145,0.0016902238130569458,0.0459187850356102,0.06791866570711136,"[true, true, true]",False,False,False,65033,0,d0edc00f047161f87ff5ac3d9db81a99f2aae764689ab2d74413d9cb5b45dfd5,validation_001,0,0,1363470305,0,,
12,2.4000000000000004,B,ramp,True,False,73.76000000000006,24.800000000000068,1,accelerate,2.0,2.0000000000000284,81.76000000000009,24.800000000000068,1,1,accelerate-accelerate,-0.08157414197921753,0.05370888486504555,-0.21668942272663116,1,0.05370888486504555,-0.08157414197921753,0.13528302684426308,0.2703983075916767,"[true, true, true]",False,False,False,65033,0,d0edc00f047161f87ff5ac3d9db81a99f2aae764689ab2d74413d9cb5b45dfd5,validation_001,0,0,1363470305,0,,
12,2.4000000000000004,B_front,background_mainline,True,,168.0,20.0,,,,,,,,,,,,,,,,,,,,,,65033,0,d0edc00f047161f87ff5ac3d9db81a99f2aae764689ab2d74413d9cb5b45dfd5,validation_001,0,0,1363470305,0,,
12,2.4000000000000004,B_rear,background_mainline,True,,49.56056018634528,19.151893737715636,,,,,,,,,,,,,,,,,,,,,,65033,0,d0edc00f047161f87ff5ac3d9db81a99f2aae764689ab2d74413d9cb5b45dfd5,validation_001,0,0,1363470305,0,,
13,2.6,A,mainline,True,False,86.7600000000001,25.200000000000074,1,accelerate,2.0,2.0000000000000284,78.76000000000008,25.200000000000074,1,1,accelerate-accelerate,-0.019730456173419952,0.053621791303157806,0.004487626254558563,1,0.053621791303157806,0.004487626254558563,0.04913416504859924,0.07335224747657776,"[true, true, true]",False,False,False,65033,0,d0edc00f047161f87ff5ac3d9db81a99f2aae764689ab2d74413d9cb5b45dfd5,validation_001,0,0,1363470305,0,,
13,2.6,B,ramp,True,False,78.76000000000008,25.200000000000074,1,accelerate,2.0,2.0000000000000284,86.7600000000001,25.200000000000074,1,1,accelerate-accelerate,-0.08132515847682953,0.05165842920541763,-0.21449542045593262,1,0.05165842920541763,-0.08132515847682953,0.13298358768224716,0.26615384966135025,"[true, true, true]",False,False,False,65033,0,d0edc00f047161f87ff5ac3d9db81a99f2aae764689ab2d74413d9cb5b45dfd5,validation_001,0,0,1363470305,0,,
13,2.6,B_front,background_mainline,True,,172.0,20.0,,,,,,,,,,,,,,,,,,,,,,65033,0,d0edc00f047161f87ff5ac3d9db81a99f2aae764689ab2d74413d9cb5b45dfd5,validation_001,0,0,1363470305,0,,
13,2.6,B_rear,background_mainline,True,,53.39554560018414,19.197594066893107,,,,,,,,,,,,,,,,,,,,,,65033,0,d0edc00f047161f87ff5ac3d9db81a99f2aae764689ab2d74413d9cb5b45dfd5,validation_001,0,0,1363470305,0,,
14,2.8000000000000003,A,mainline,True,False,91.84000000000012,25.60000000000008,1,accelerate,2.0,2.0000000000000284,83.84000000000009,25.60000000000008,1,1,accelerate-accelerate,-0.01918099820613861,0.0596667155623436,0.007365390658378601,1,0.0596667155623436,0.007365390658378601,0.052301324903964996,0.07884771376848221,"[true, true, true]",False,False,False,65033,0,d0edc00f047161f87ff5ac3d9db81a99f2aae764689ab2d74413d9cb5b45dfd5,validation_001,0,0,1363470305,0,,
14,2.8000000000000003,B,ramp,True,False,83.84000000000009,25.60000000000008,1,accelerate,2.0,2.0000000000000284,91.84000000000012,25.60000000000008,1,1,accelerate-accelerate,-0.0811413824558258,0.05001870542764664,-0.21229182183742523,1,0.05001870542764664,-0.0811413824558258,0.13116008788347244,0.26231052726507187,"[true, true, true]",False,False,False,65033,0,d0edc00f047161f87ff5ac3d9db81a99f2aae764689ab2d74413d9cb5b45dfd5,validation_001,0,0,1363470305,0,,
14,2.8000000000000003,B_front,background_mainline,True,,176.0,20.0,,,,,,,,,,,,,,,,,,,,,,65033,0,d0edc00f047161f87ff5ac3d9db81a99f2aae764689ab2d74413d9cb5b45dfd5,validation_001,0,0,1363470305,0,,
14,2.8000000000000003,B_rear,background_mainline,True,,57.23944010955154,19.24100043735704,,,,,,,,,,,,,,,,,,,,,,65033,0,d0edc00f047161f87ff5ac3d9db81a99f2aae764689ab2d74413d9cb5b45dfd5,validation_001,0,0,1363470305,0,,
15,3.0,A,mainline,True,False,97.00000000000013,26.000000000000085,1,accelerate,2.0,2.0000000000000284,89.0000000000001,26.000000000000085,1,1,accelerate-accelerate,-0.01924894005060196,0.06494076550006866,0.009729258716106415,1,0.06494076550006866,0.009729258716106415,0.05521150678396225,0.08418970555067062,"[true, true, true]",False,False,False,65033,0,d0edc00f047161f87ff5ac3d9db81a99f2aae764689ab2d74413d9cb5b45dfd5,validation_001,0,0,1363470305,0,,
15,3.0,B,ramp,True,False,89.0000000000001,26.000000000000085,1,accelerate,2.0,2.0000000000000284,97.00000000000013,26.000000000000085,1,1,accelerate-accelerate,-0.08111114054918289,0.047788459807634354,-0.20934045314788818,1,0.047788459807634354,-0.08111114054918289,0.12889960035681725,0.25712891295552254,"[true, true, true]",False,False,False,65033,0,d0edc00f047161f87ff5ac3d9db81a99f2aae764689ab2d74413d9cb5b45dfd5,validation_001,0,0,1363470305,0,,
15,3.0,B_front,background_mainline,True,,180.0,20.0,,,,,,,,,,,,,,,,,,,,,,65033,0,d0edc00f047161f87ff5ac3d9db81a99f2aae764689ab2d74413d9cb5b45dfd5,validation_001,0,0,1363470305,0,,
15,3.0,B_rear,background_mainline,True,,61.09179489671632,19.28221212401568,,,,,,,,,,,,,,,,,,,,,,65033,0,d0edc00f047161f87ff5ac3d9db81a99f2aae764689ab2d74413d9cb5b45dfd5,validation_001,0,0,1363470305,0,,
16,3.2,A,mainline,True,False,102.24000000000015,26.40000000000009,1,accelerate,2.0,2.0000000000000284,94.24000000000012,26.40000000000009,1,1,accelerate-accelerate,-0.02001103013753891,0.06963381916284561,0.011503547430038452,1,0.06963381916284561,0.011503547430038452,0.05813027173280716,0.08964484930038452,"[true, true, true]",False,False,False,65033,0,d0edc00f047161f87ff5ac3d9db81a99f2aae764689ab2d74413d9cb5b45dfd5,validation_001,0,0,1363470305,0,,
16,3.2,B,ramp,True,False,94.24000000000012,26.40000000000009,1,accelerate,2.0,2.0000000000000284,102.24000000000015,26.40000000000009,1,1,accelerate-accelerate,-0.08110105246305466,0.04535346478223801,-0.20613954961299896,1,0.04535346478223801,-0.08110105246305466,0.12645451724529266,0.25149301439523697,"[true, true, true]",False,False,False,65033,0,d0edc00f047161f87ff5ac3d9db81a99f2aae764689ab2d74413d9cb5b45dfd5,validation_001,0,0,1363470305,0,,
16,3.2,B_front,background_mainline,True,,184.0,20.0,,,,,,,,,,,,,,,,,,,,,,65033,0,d0edc00f047161f87ff5ac3d9db81a99f2aae764689ab2d74413d9cb5b45dfd5,validation_001,0,0,1363470305,0,,
16,3.2,B_rear,background_mainline,True,,64.95218070136413,19.321325426913106,,,,,,,,,,,,,,,,,,,,,,65033,0,d0edc00f047161f87ff5ac3d9db81a99f2aae764689ab2d74413d9cb5b45dfd5,validation_001,0,0,1363470305,0,,
17,3.4000000000000004,A,mainline,True,False,107.56000000000017,26.800000000000097,1,accelerate,2.0,2.0000000000000284,99.56000000000014,26.800000000000097,1,1,accelerate-accelerate,-0.021159671247005463,0.07479187101125717,0.013009637594223022,1,0.07479187101125717,0.013009637594223022,0.06178223341703415,0.09595154225826263,"[true, true, true]",False,False,False,65033,0,d0edc00f047161f87ff5ac3d9db81a99f2aae764689ab2d74413d9cb5b45dfd5,validation_001,0,0,1363470305,0,,
17,3.4000000000000004,B,ramp,True,False,99.56000000000014,26.800000000000097,1,accelerate,2.0,2.0000000000000284,107.56000000000017,26.800000000000097,1,1,accelerate-accelerate,-0.08066649734973907,0.04230497032403946,-0.20291458070278168,1,0.04230497032403946,-0.08066649734973907,0.12297146767377853,0.24521955102682114,"[true, true, true]",False,False,False,65033,0,d0edc00f047161f87ff5ac3d9db81a99f2aae764689ab2d74413d9cb5b45dfd5,validation_001,0,0,1363470305,0,,
17,3.4000000000000004,B_front,background_mainline,True,,188.0,20.0,,,,,,,,,,,,,,,,,,,,,,65033,0,d0edc00f047161f87ff5ac3d9db81a99f2aae764689ab2d74413d9cb5b45dfd5,validation_001,0,0,1363470305,0,,
17,3.4000000000000004,B_rear,background_mainline,True,,68.82018722615585,19.35843367668986,,,,,,,,,,,,,,,,,,,,,,65033,0,d0edc00f047161f87ff5ac3d9db81a99f2aae764689ab2d74413d9cb5b45dfd5,validation_001,0,0,1363470305,0,,
18,3.6,A,mainline,True,False,112.96000000000019,27.200000000000102,1,accelerate,2.0,2.0000000000000284,104.96000000000016,27.200000000000102,1,1,accelerate-accelerate,-0.022334575653076172,0.07982798665761948,0.01443859189748764,1,0.07982798665761948,0.01443859189748764,0.06538939476013184,0.10216256231069565,"[true, true, true]",False,False,False,65033,0,d0edc00f047161f87ff5ac3d9db81a99f2aae764689ab2d74413d9cb5b45dfd5,validation_001,0,0,1363470305,0,3.0976295602474693,
18,3.6,B,ramp,True,False,104.96000000000016,27.200000000000102,1,accelerate,2.0,2.0000000000000284,112.96000000000019,27.200000000000102,1,1,accelerate-accelerate,-0.07976710796356201,0.039316751062870026,-0.19993853569030762,1,0.039316751062870026,-0.07976710796356201,0.11908385902643204,0.23925528675317764,"[true, true, true]",False,False,False,65033,0,d0edc00f047161f87ff5ac3d9db81a99f2aae764689ab2d74413d9cb5b45dfd5,validation_001,0,0,1363470305,0,3.0976295602474693,
18,3.6,B_front,background_mainline,True,,192.0,20.0,,,,,,,,,,,,,,,,,,,,,,65033,0,d0edc00f047161f87ff5ac3d9db81a99f2aae764689ab2d74413d9cb5b45dfd5,validation_001,0,0,1363470305,0,,
18,3.6,B_rear,background_mainline,True,,72.69539819078283,19.39330914804938,,,,,,,,,,,,,,,,,,,,,,65033,0,d0edc00f047161f87ff5ac3d9db81a99f2aae764689ab2d74413d9cb5b45dfd5,validation_001,0,0,1363470305,0,,
19,3.8000000000000003,A,mainline,True,False,118.44000000000023,27.600000000000108,1,accelerate,2.0,2.0000000000000284,110.4400000000002,27.600000000000108,1,1,accelerate-accelerate,-0.023864232003688812,0.07063410431146622,0.020384415984153748,1,0.07063410431146622,0.020384415984153748,0.05024968832731247,0.09449833631515503,"[true, true, true]",False,False,False,65033,0,d0edc00f047161f87ff5ac3d9db81a99f2aae764689ab2d74413d9cb5b45dfd5,validation_001,0,0,1363470305,0,3.1383465483587827,
19,3.8000000000000003,B,ramp,True,False,110.4400000000002,27.600000000000108,1,accelerate,2.0,2.0000000000000284,118.44000000000023,27.600000000000108,1,1,accelerate-accelerate,-0.09171202033758163,0.042737849056720734,-0.16689381003379822,1,0.042737849056720734,-0.09171202033758163,0.13444986939430237,0.20963165909051895,"[true, true, true]",False,False,False,65033,0,d0edc00f047161f87ff5ac3d9db81a99f2aae764689ab2d74413d9cb5b45dfd5,validation_001,0,0,1363470305,0,3.1383465483587827,
19,3.8000000000000003,B_front,background_mainline,True,,196.0,20.0,,,,,,,,,,,,,,,,,,,,,,65033,0,d0edc00f047161f87ff5ac3d9db81a99f2aae764689ab2d74413d9cb5b45dfd5,validation_001,0,0,1363470305,0,,
19,3.8000000000000003,B_rear,background_mainline,True,,76.57738752854706,19.426316330537308,,,,,,,,,,,,,,,,,,,,,,65033,0,d0edc00f047161f87ff5ac3d9db81a99f2aae764689ab2d74413d9cb5b45dfd5,validation_001,0,0,1363470305,0,,
20,4.0,A,mainline,True,False,124.00000000000026,28.000000000000114,1,accelerate,2.0,2.0000000000000284,116.00000000000023,28.000000000000114,1,1,accelerate-accelerate,-0.023687921464443207,0.0725063756108284,0.021653689444065094,1,0.0725063756108284,0.021653689444065094,0.050852686166763306,0.0961942970752716,"[true, true, true]",False,False,False,65033,0,d0edc00f047161f87ff5ac3d9db81a99f2aae764689ab2d74413d9cb5b45dfd5,validation_001,0,0,1363470305,0,3.169009950979273,
20,4.0,B,ramp,True,False,116.00000000000023,28.000000000000114,1,accelerate,2.0,2.0000000000000284,124.00000000000026,28.000000000000114,1,1,accelerate-accelerate,-0.09299030154943466,0.039802100509405136,-0.16301219165325165,1,0.039802100509405136,-0.09299030154943466,0.1327924020588398,0.20281429216265678,"[true, true, true]",False,False,False,65033,0,d0edc00f047161f87ff5ac3d9db81a99f2aae764689ab2d74413d9cb5b45dfd5,validation_001,0,0,1363470305,0,3.169009950979273,
20,4.0,B_front,background_mainline,True,,200.0,20.0,,,,,,,,,,,,,,,,,,,,,,65033,0,d0edc00f047161f87ff5ac3d9db81a99f2aae764689ab2d74413d9cb5b45dfd5,validation_001,0,0,1363470305,0,,
20,4.0,B_rear,background_mainline,True,,80.4658093983139,19.45764602002379,,,,,,,,,,,,,,,,,,,,,,65033,0,d0edc00f047161f87ff5ac3d9db81a99f2aae764689ab2d74413d9cb5b45dfd5,validation_001,0,0,1363470305,0,,
21,4.2,A,mainline,True,False,129.64000000000027,28.40000000000012,1,accelerate,2.0,2.0000000000000284,121.64000000000024,28.40000000000012,1,1,accelerate-accelerate,-0.023497015237808228,0.07439986616373062,0.02293342351913452,1,0.07439986616373062,0.02293342351913452,0.0514664426445961,0.09789688140153885,"[true, true, true]",False,False,False,65033,0,d0edc00f047161f87ff5ac3d9db81a99f2aae764689ab2d74413d9cb5b45dfd5,validation_001,0,0,1363470305,0,3.1850068630061514,
21,4.2,B,ramp,True,False,121.64000000000024,28.40000000000012,1,accelerate,2.0,2.0000000000000284,129.64000000000027,28.40000000000012,1,1,accelerate-accelerate,-0.09400838613510132,0.03737134858965874,-0.15902096033096313,1,0.03737134858965874,-0.09400838613510132,0.13137973472476006,0.19639230892062187,"[true, true, true]",False,False,False,65033,0,d0edc00f047161f87ff5ac3d9db81a99f2aae764689ab2d74413d9cb5b45dfd5,validation_001,0,0,1363470305,0,3.1850068630061514,
21,4.2,B_front,background_mainline,True,,204.0,20.0,,,,,,,,,,,,,,,,,,,,,,65033,0,d0edc00f047161f87ff5ac3d9db81a99f2aae764689ab2d74413d9cb5b45dfd5,validation_001,0,0,1363470305,0,,
21,4.2,B_rear,background_mainline,True,,84.36033563832211,19.487371310448992,,,,,,,,,,,,,,,,,,,,,,65033,0,d0edc00f047161f87ff5ac3d9db81a99f2aae764689ab2d74413d9cb5b45dfd5,validation_001,0,0,1363470305,0,,
22,4.4,A,mainline,True,False,135.3600000000003,28.800000000000125,1,accelerate,2.0,2.0000000000000284,127.36000000000026,28.800000000000125,1,1,accelerate-accelerate,-0.023286938667297363,0.07632517069578171,0.02422727644443512,1,0.07632517069578171,0.02422727644443512,0.05209789425134659,0.09961210936307907,"[true, true, true]",False,False,False,65033,0,d0edc00f047161f87ff5ac3d9db81a99f2aae764689ab2d74413d9cb5b45dfd5,validation_001,0,0,1363470305,0,3.189579281402729,
22,4.4,B,ramp,True,False,127.36000000000026,28.800000000000125,1,accelerate,2.0,2.0000000000000284,135.3600000000003,28.800000000000125,1,1,accelerate-accelerate,-0.09519554674625397,0.035075824707746506,-0.15510384738445282,1,0.035075824707746506,-0.09519554674625397,0.13027137145400047,0.19017967209219933,"[true, true, true]",False,False,False,65033,0,d0edc00f047161f87ff5ac3d9db81a99f2aae764689ab2d74413d9cb5b45dfd5,validation_001,0,0,1363470305,0,3.189579281402729,
22,4.4,B_front,background_mainline,True,,208.0,20.0,,,,,,,,,,,,,,,,,,,,,,65033,0,d0edc00f047161f87ff5ac3d9db81a99f2aae764689ab2d74413d9cb5b45dfd5,validation_001,0,0,1363470305,0,,
22,4.4,B_rear,background_mainline,True,,88.26065251179632,19.51556328416014,,,,,,,,,,,,,,,,,,,,,,65033,0,d0edc00f047161f87ff5ac3d9db81a99f2aae764689ab2d74413d9cb5b45dfd5,validation_001,0,0,1363470305,0,,
23,4.6000000000000005,A,mainline,True,False,141.16000000000034,29.20000000000013,1,accelerate,2.0,2.0000000000000284,133.1600000000003,29.20000000000013,1,1,accelerate-accelerate,-0.022498302161693573,0.07743355631828308,0.02467438578605652,1,0.07743355631828308,0.02467438578605652,0.05275917053222656,0.09993185847997665,"[true, true, true]",False,False,False,65033,0,d0edc00f047161f87ff5ac3d9db81a99f2aae764689ab2d74413d9cb5b45dfd5,validation_001,0,0,1363470305,0,3.1899311812800306,
23,4.6000000000000005,B,ramp,True,False,133.1600000000003,29.20000000000013,1,accelerate,2.0,2.0000000000000284,141.16000000000034,29.20000000000013,1,1,accelerate-accelerate,-0.09663795679807663,0.03302200511097908,-0.15136198699474335,1,0.03302200511097908,-0.09663795679807663,0.1296599619090557,0.18438399210572243,"[true, true, true]",False,False,False,65033,0,d0edc00f047161f87ff5ac3d9db81a99f2aae764689ab2d74413d9cb5b45dfd5,validation_001,0,0,1363470305,0,3.1899311812800306,
23,4.6000000000000005,B_front,background_mainline,True,,212.0,20.0,,,,,,,,,,,,,,,,,,,,,,65033,0,d0edc00f047161f87ff5ac3d9db81a99f2aae764689ab2d74413d9cb5b45dfd5,validation_001,0,0,1363470305,0,,
23,4.6000000000000005,B_rear,background_mainline,True,,92.1664602696857,19.5422907209986,,,,,,,,,,,,,,,,,,,,,,65033,0,d0edc00f047161f87ff5ac3d9db81a99f2aae764689ab2d74413d9cb5b45dfd5,validation_001,0,0,1363470305,0,,
24,4.800000000000001,A,mainline,True,False,147.04000000000036,29.600000000000136,1,accelerate,2.0,1.9999999999971863,139.04000000000033,29.600000000000136,1,1,accelerate-accelerate,-0.02089187502861023,0.07873527705669403,0.024295486509799957,1,0.07873527705669403,0.024295486509799957,0.054439790546894073,0.09962715208530426,"[true, true, true]",False,False,False,65033,0,d0edc00f047161f87ff5ac3d9db81a99f2aae764689ab2d74413d9cb5b45dfd5,validation_001,0,0,1363470305,0,3.1899312394761523,
24,4.800000000000001,B,ramp,True,False,139.04000000000033,29.600000000000136,1,accelerate,2.0,1.9999999999971863,147.04000000000036,29.600000000000136,1,1,accelerate-accelerate,-0.09732715040445328,0.030304640531539917,-0.1470726728439331,1,0.030304640531539917,-0.09732715040445328,0.1276317909359932,0.17737731337547302,"[true, true, true]",False,False,False,65033,0,d0edc00f047161f87ff5ac3d9db81a99f2aae764689ab2d74413d9cb5b45dfd5,validation_001,0,0,1363470305,0,3.1899312394761523,
24,4.800000000000001,B_front,background_mainline,True,,216.0,20.0,,,,,,,,,,,,,,,,,,,,,,65033,0,d0edc00f047161f87ff5ac3d9db81a99f2aae764689ab2d74413d9cb5b45dfd5,validation_001,0,0,1363470305,0,,
24,4.800000000000001,B_rear,background_mainline,True,,96.07747269276777,19.567620171960474,,,,,,,,,,,,,,,,,,,,,,65033,0,d0edc00f047161f87ff5ac3d9db81a99f2aae764689ab2d74413d9cb5b45dfd5,validation_001,0,0,1363470305,0,,
25,5.0,A,mainline,True,False,153.0000000000004,30.0,1,accelerate,2.0,0.0,145.00000000000037,30.0,1,1,accelerate-accelerate,-0.019259154796600342,0.08004474639892578,0.02390959858894348,1,0.08004474639892578,0.02390959858894348,0.0561351478099823,0.09930390119552612,"[true, true, true]",False,False,False,65033,0,d0edc00f047161f87ff5ac3d9db81a99f2aae764689ab2d74413d9cb5b45dfd5,validation_001,0,0,1363470305,0,3.1899312394761523,
25,5.0,B,ramp,True,False,145.00000000000037,30.0,1,accelerate,2.0,0.0,153.0000000000004,30.0,1,1,accelerate-accelerate,-0.09825363010168076,0.02723792940378189,-0.14174771308898926,1,0.02723792940378189,-0.09825363010168076,0.12549155950546265,0.16898564249277115,"[true, true, true]",False,False,False,65033,0,d0edc00f047161f87ff5ac3d9db81a99f2aae764689ab2d74413d9cb5b45dfd5,validation_001,0,0,1363470305,0,3.1899312394761523,
25,5.0,B_front,background_mainline,True,,220.0,20.0,,,,,,,,,,,,,,,,,,,,,,65033,0,d0edc00f047161f87ff5ac3d9db81a99f2aae764689ab2d74413d9cb5b45dfd5,validation_001,0,0,1363470305,0,,
25,5.0,B_rear,background_mainline,True,,99.9934166556605,19.591615923511984,,,,,,,,,,,,,,,,,,,,,,65033,0,d0edc00f047161f87ff5ac3d9db81a99f2aae764689ab2d74413d9cb5b45dfd5,validation_001,0,0,1363470305,0,,
26,5.2,A,mainline,True,False,159.0000000000004,30.0,1,accelerate,2.0,0.0,151.00000000000037,30.0,1,1,accelerate-accelerate,-0.01745978742837906,0.08041814714670181,0.022412464022636414,1,0.08041814714670181,0.022412464022636414,0.0580056831240654,0.09787793457508087,"[true, true, true]",False,False,False,65033,0,d0edc00f047161f87ff5ac3d9db81a99f2aae764689ab2d74413d9cb5b45dfd5,validation_001,0,0,1363470305,0,3.1899312394761523,
26,5.2,B,ramp,True,False,151.00000000000037,30.0,1,accelerate,2.0,0.0,159.0000000000004,30.0,1,1,accelerate-accelerate,-0.09927278012037277,0.02530384063720703,-0.13456444442272186,1,0.02530384063720703,-0.09927278012037277,0.1245766207575798,0.1598682850599289,"[true, true, true]",False,False,False,65033,0,d0edc00f047161f87ff5ac3d9db81a99f2aae764689ab2d74413d9cb5b45dfd5,validation_001,0,0,1363470305,0,3.1899312394761523,
26,5.2,B_front,background_mainline,True,,224.0,20.0,,,,,,,,,,,,,,,,,,,,,,65033,0,d0edc00f047161f87ff5ac3d9db81a99f2aae764689ab2d74413d9cb5b45dfd5,validation_001,0,0,1363470305,0,,
26,5.2,B_rear,background_mainline,True,,103.91403157789894,19.614339139602954,,,,,,,,,,,,,,,,,,,,,,65033,0,d0edc00f047161f87ff5ac3d9db81a99f2aae764689ab2d74413d9cb5b45dfd5,validation_001,0,0,1363470305,0,,
27,5.4,A,mainline,True,False,165.0000000000004,30.0,1,accelerate,2.0,0.0,157.00000000000037,30.0,1,1,accelerate-accelerate,-0.015808068215847015,0.08072219789028168,0.020938590168952942,1,0.08072219789028168,0.020938590168952942,0.059783607721328735,0.09653026610612869,"[true, true, true]",False,False,False,65033,0,d0edc00f047161f87ff5ac3d9db81a99f2aae764689ab2d74413d9cb5b45dfd5,validation_001,0,0,1363470305,0,3.1899312394761523,
27,5.4,B,ramp,True,False,157.00000000000037,30.0,1,accelerate,2.0,0.0,165.0000000000004,30.0,1,1,accelerate-accelerate,-0.10104217380285263,0.023641981184482574,-0.12742851674556732,1,0.023641981184482574,-0.10104217380285263,0.1246841549873352,0.1510704979300499,"[true, true, true]",False,False,False,65033,0,d0edc00f047161f87ff5ac3d9db81a99f2aae764689ab2d74413d9cb5b45dfd5,validation_001,0,0,1363470305,0,3.1899312394761523,
27,5.4,B_front,background_mainline,True,,228.0,20.0,,,,,,,,,,,,,,,,,,,,,,65033,0,d0edc00f047161f87ff5ac3d9db81a99f2aae764689ab2d74413d9cb5b45dfd5,validation_001,0,0,1363470305,0,,
27,5.4,B_rear,background_mainline,True,,107.83906890597642,19.63584913876762,,,,,,,,,,,,,,,,,,,,,,65033,0,d0edc00f047161f87ff5ac3d9db81a99f2aae764689ab2d74413d9cb5b45dfd5,validation_001,0,0,1363470305,0,,
28,5.6000000000000005,A,mainline,True,False,171.0000000000004,30.0,1,accelerate,2.0,0.0,163.00000000000037,30.0,1,1,accelerate-accelerate,-0.01358390599489212,0.08096131682395935,0.02051597088575363,1,0.08096131682395935,0.02051597088575363,0.06044534593820572,0.09454522281885147,"[true, true, true]",False,False,False,65033,0,d0edc00f047161f87ff5ac3d9db81a99f2aae764689ab2d74413d9cb5b45dfd5,validation_001,0,0,1363470305,0,3.1899312394761523,
28,5.6000000000000005,B,ramp,True,False,163.00000000000037,30.0,1,accelerate,2.0,0.0,171.0000000000004,30.0,1,1,accelerate-accelerate,-0.10281160473823547,0.021978989243507385,-0.1202932596206665,1,0.021978989243507385,-0.10281160473823547,0.12479059398174286,0.1422722488641739,"[true, true, true]",False,False,False,65033,0,d0edc00f047161f87ff5ac3d9db81a99f2aae764689ab2d74413d9cb5b45dfd5,validation_001,0,0,1363470305,0,3.1899312394761523,
28,5.6000000000000005,B_front,background_mainline,True,,232.0,20.0,,,,,,,,,,,,,,,,,,,,,,65033,0,d0edc00f047161f87ff5ac3d9db81a99f2aae764689ab2d74413d9cb5b45dfd5,validation_001,0,0,1363470305,0,,
28,5.6000000000000005,B_rear,background_mainline,True,,111.76829180196903,19.656203719865417,,,,,,,,,,,,,,,,,,,,,,65033,0,d0edc00f047161f87ff5ac3d9db81a99f2aae764689ab2d74413d9cb5b45dfd5,validation_001,0,0,1363470305,0,,
29,5.800000000000001,A,mainline,True,False,177.0000000000004,30.0,1,accelerate,2.0,0.0,169.00000000000037,30.0,1,1,accelerate-accelerate,-0.011124879121780396,0.08015112578868866,0.020439058542251587,1,0.08015112578868866,0.020439058542251587,0.05971206724643707,0.09127600491046906,"[true, true, true]",False,False,False,65033,0,d0edc00f047161f87ff5ac3d9db81a99f2aae764689ab2d74413d9cb5b45dfd5,validation_001,0,0,1363470305,0,3.1899312394761523,
29,5.800000000000001,B,ramp,True,False,169.00000000000037,30.0,1,accelerate,2.0,0.0,177.0000000000004,30.0,1,1,accelerate-accelerate,-0.10449790209531784,0.020304426550865173,-0.11347568035125732,1,0.020304426550865173,-0.10449790209531784,0.12480232864618301,0.1337801069021225,"[true, true, true]",False,False,False,65033,0,d0edc00f047161f87ff5ac3d9db81a99f2aae764689ab2d74413d9cb5b45dfd5,validation_001,0,0,1363470305,0,3.1899312394761523,
29,5.800000000000001,B_front,background_mainline,True,,236.0,20.0,,,,,,,,,,,,,,,,,,,,,,65033,0,d0edc00f047161f87ff5ac3d9db81a99f2aae764689ab2d74413d9cb5b45dfd5,validation_001,0,0,1363470305,0,,
29,5.800000000000001,B_rear,background_mainline,True,,115.70147481780346,19.675458956162114,,,,,,,,,,,,,,,,,,,,,,65033,0,d0edc00f047161f87ff5ac3d9db81a99f2aae764689ab2d74413d9cb5b45dfd5,validation_001,0,0,1363470305,0,,
30,6.0,A,mainline,True,False,183.0000000000004,30.0,1,accelerate,2.0,0.0,175.00000000000037,30.0,1,1,accelerate-accelerate,-0.009131662547588348,0.079624243080616,0.02109455317258835,1,0.079624243080616,0.02109455317258835,0.05852968990802765,0.08875590562820435,"[true, true, true]",False,False,False,65033,0,d0edc00f047161f87ff5ac3d9db81a99f2aae764689ab2d74413d9cb5b45dfd5,validation_001,0,0,1363470305,0,3.1899312394761523,
30,6.0,B,ramp,True,False,175.00000000000037,30.0,1,accelerate,2.0,0.0,183.0000000000004,30.0,1,1,accelerate-accelerate,-0.10557074099779129,0.019211798906326294,-0.10676828026771545,1,0.019211798906326294,-0.10557074099779129,0.12478253990411758,0.12598007917404175,"[true, true, true]",False,False,False,65033,0,d0edc00f047161f87ff5ac3d9db81a99f2aae764689ab2d74413d9cb5b45dfd5,validation_001,0,0,1363470305,0,3.1899312394761523,
30,6.0,B_front,background_mainline,True,,240.0,20.0,,,,,,,,,,,,,,,,,,,,,,65033,0,d0edc00f047161f87ff5ac3d9db81a99f2aae764689ab2d74413d9cb5b45dfd5,validation_001,0,0,1363470305,0,,
30,6.0,B_rear,background_mainline,True,,119.63840353534722,19.6936690564432,,,,,,,,,,,,,,,,,,,,,,65033,0,d0edc00f047161f87ff5ac3d9db81a99f2aae764689ab2d74413d9cb5b45dfd5,validation_001,0,0,1363470305,0,,
31,6.2,A,mainline,True,False,189.0000000000004,30.0,1,accelerate,2.0,0.0,181.00000000000037,30.0,1,1,accelerate-accelerate,-0.007799714803695679,0.0794939324259758,0.02251407504081726,1,0.0794939324259758,0.02251407504081726,0.05697985738515854,0.08729364722967148,"[true, true, true]",False,False,False,65033,0,d0edc00f047161f87ff5ac3d9db81a99f2aae764689ab2d74413d9cb5b45dfd5,validation_001,0,0,1363470305,0,3.1899312394761523,
31,6.2,B,ramp,True,False,181.00000000000037,30.0,1,accelerate,2.0,0.0,189.0000000000004,30.0,1,1,accelerate-accelerate,-0.10575848072767258,0.01973550021648407,-0.10049080848693848,1,0.01973550021648407,-0.10049080848693848,0.12022630870342255,0.12549398094415665,"[true, true, true]",False,False,False,65033,0,d0edc00f047161f87ff5ac3d9db81a99f2aae764689ab2d74413d9cb5b45dfd5,validation_001,0,0,1363470305,0,3.1899312394761523,
31,6.2,B_front,background_mainline,True,,244.0,20.0,,,,,,,,,,,,,,,,,,,,,,65033,0,d0edc00f047161f87ff5ac3d9db81a99f2aae764689ab2d74413d9cb5b45dfd5,validation_001,0,0,1363470305,0,,
31,6.2,B_rear,background_mainline,True,,123.57887418398364,19.710886276545164,,,,,,,,,,,,,,,,,,,,,,65033,0,d0edc00f047161f87ff5ac3d9db81a99f2aae764689ab2d74413d9cb5b45dfd5,validation_001,0,0,1363470305,0,,
32,6.4,A,mainline,True,False,195.0000000000004,30.0,1,accelerate,2.0,0.0,187.00000000000037,30.0,1,1,accelerate-accelerate,-0.008379675447940826,0.07934170216321945,0.02456335723400116,1,0.07934170216321945,0.02456335723400116,0.05477834492921829,0.08772137761116028,"[true, true, true]",False,False,False,65033,0,d0edc00f047161f87ff5ac3d9db81a99f2aae764689ab2d74413d9cb5b45dfd5,validation_001,0,0,1363470305,0,3.1899312394761523,
32,6.4,B,ramp,True,False,187.00000000000037,30.0,1,accelerate,2.0,0.0,195.0000000000004,30.0,1,1,accelerate-accelerate,-0.10525741428136826,0.021157845854759216,-0.09647265821695328,1,0.021157845854759216,-0.09647265821695328,0.1176305040717125,0.12641526013612747,"[true, true, true]",False,False,False,65033,0,d0edc00f047161f87ff5ac3d9db81a99f2aae764689ab2d74413d9cb5b45dfd5,validation_001,0,0,1363470305,0,3.1899312394761523,
32,6.4,B_front,background_mainline,True,,248.0,20.0,,,,,,,,,,,,,,,,,,,,,,65033,0,d0edc00f047161f87ff5ac3d9db81a99f2aae764689ab2d74413d9cb5b45dfd5,validation_001,0,0,1363470305,0,,
32,6.4,B_rear,background_mainline,True,,127.5226932444799,19.72716086912542,,,,,,,,,,,,,,,,,,,,,,65033,0,d0edc00f047161f87ff5ac3d9db81a99f2aae764689ab2d74413d9cb5b45dfd5,validation_001,0,0,1363470305,0,,
33,6.6000000000000005,A,mainline,True,False,201.0000000000004,30.0,1,accelerate,2.0,0.0,193.00000000000037,30.0,1,1,accelerate-accelerate,-0.009278953075408936,0.07849239557981491,0.025981560349464417,1,0.07849239557981491,0.025981560349464417,0.052510835230350494,0.08777134865522385,"[true, true, true]",False,False,False,65033,0,d0edc00f047161f87ff5ac3d9db81a99f2aae764689ab2d74413d9cb5b45dfd5,validation_001,0,0,1363470305,0,3.1899312394761523,
33,6.6000000000000005,B,ramp,True,False,193.00000000000037,30.0,1,accelerate,2.0,0.0,201.0000000000004,30.0,1,1,accelerate-accelerate,-0.1046450287103653,0.02250119298696518,-0.09254778921604156,1,0.02250119298696518,-0.09254778921604156,0.11504898220300674,0.12714622169733047,"[true, true, true]",False,False,False,65033,0,d0edc00f047161f87ff5ac3d9db81a99f2aae764689ab2d74413d9cb5b45dfd5,validation_001,0,0,1363470305,0,3.1899312394761523,
33,6.6000000000000005,B_front,background_mainline,True,,252.0,20.0,,,,,,,,,,,,,,,,,,,,,,65033,0,d0edc00f047161f87ff5ac3d9db81a99f2aae764689ab2d74413d9cb5b45dfd5,validation_001,0,0,1363470305,0,,
33,6.6000000000000005,B_rear,background_mainline,True,,131.46967704584856,19.742541062606318,,,,,,,,,,,,,,,,,,,,,,65033,0,d0edc00f047161f87ff5ac3d9db81a99f2aae764689ab2d74413d9cb5b45dfd5,validation_001,0,0,1363470305,0,,
34,6.800000000000001,A,mainline,True,False,207.0000000000004,30.0,1,accelerate,2.0,0.0,199.00000000000037,30.0,1,1,accelerate-accelerate,-0.010179437696933746,0.0776437371969223,0.027399688959121704,1,0.0776437371969223,0.027399688959121704,0.0502440482378006,0.08782317489385605,"[true, true, true]",False,False,False,65033,0,d0edc00f047161f87ff5ac3d9db81a99f2aae764689ab2d74413d9cb5b45dfd5,validation_001,0,0,1363470305,0,3.1899312394761523,
34,6.800000000000001,B,ramp,True,False,199.00000000000037,30.0,1,accelerate,2.0,0.0,207.0000000000004,30.0,1,1,accelerate-accelerate,-0.10384739935398102,0.022663243114948273,-0.08883004635572433,1,0.022663243114948273,-0.08883004635572433,0.11149328947067261,0.1265106424689293,"[true, true, true]",False,False,False,65033,0,d0edc00f047161f87ff5ac3d9db81a99f2aae764689ab2d74413d9cb5b45dfd5,validation_001,0,0,1363470305,0,3.1899312394761523,
34,6.800000000000001,B_front,background_mainline,True,,256.0,20.0,,,,,,,,,,,,,,,,,,,,,,65033,0,d0edc00f047161f87ff5ac3d9db81a99f2aae764689ab2d74413d9cb5b45dfd5,validation_001,0,0,1363470305,0,,
34,6.800000000000001,B_rear,background_mainline,True,,135.41965136032428,19.757073062453962,,,,,,,,,,,,,,,,,,,,,,65033,0,d0edc00f047161f87ff5ac3d9db81a99f2aae764689ab2d74413d9cb5b45dfd5,validation_001,0,0,1363470305,0,,
35,7.0,A,mainline,True,False,213.0000000000004,30.0,1,accelerate,2.0,0.0,205.00000000000037,30.0,1,1,accelerate-accelerate,-0.011089310050010681,0.07694793492555618,0.028900176286697388,1,0.07694793492555618,0.028900176286697388,0.048047758638858795,0.08803724497556686,"[true, true, true]",False,False,False,65033,0,d0edc00f047161f87ff5ac3d9db81a99f2aae764689ab2d74413d9cb5b45dfd5,validation_001,0,0,1363470305,0,3.1899312394761523,
35,7.0,B,ramp,True,False,205.00000000000037,30.0,1,accelerate,2.0,0.0,213.0000000000004,30.0,1,1,accelerate-accelerate,-0.10332176089286804,0.023060157895088196,-0.08472197502851486,1,0.023060157895088196,-0.08472197502851486,0.10778213292360306,0.12638191878795624,"[true, true, true]",False,False,False,65033,0,d0edc00f047161f87ff5ac3d9db81a99f2aae764689ab2d74413d9cb5b45dfd5,validation_001,0,0,1363470305,0,3.1899312394761523,
35,7.0,B_front,background_mainline,True,,260.0,0.0,,,,,,,,,,,,,,,,,,,,,,65033,0,d0edc00f047161f87ff5ac3d9db81a99f2aae764689ab2d74413d9cb5b45dfd5,validation_001,0,0,1363470305,0,,
35,7.0,B_rear,background_mainline,True,,139.37245100037848,19.770801069566904,,,,,,,,,,,,,,,,,,,,,,65033,0,d0edc00f047161f87ff5ac3d9db81a99f2aae764689ab2d74413d9cb5b45dfd5,validation_001,0,0,1363470305,0,,
36,7.2,A,mainline,True,False,219.0000000000004,30.0,1,accelerate,2.0,0.0,211.00000000000037,30.0,1,1,accelerate-accelerate,0.002967134118080139,0.04990459233522415,0.018172457814216614,1,0.04990459233522415,0.018172457814216614,0.03173213452100754,0.04693745821714401,"[true, true, true]",False,False,False,65033,0,d0edc00f047161f87ff5ac3d9db81a99f2aae764689ab2d74413d9cb5b45dfd5,validation_001,0,0,1363470305,0,3.1899312394761523,
36,7.2,B,ramp,True,False,211.00000000000037,30.0,1,accelerate,2.0,0.0,219.0000000000004,30.0,1,1,accelerate-accelerate,-0.11731051653623581,0.03462826833128929,-0.05040212720632553,1,0.03462826833128929,-0.05040212720632553,0.08503039553761482,0.1519387848675251,"[true, true, true]",False,False,False,65033,0,d0edc00f047161f87ff5ac3d9db81a99f2aae764689ab2d74413d9cb5b45dfd5,validation_001,0,0,1363470305,0,3.1899312394761523,
36,7.2,B_front,background_mainline,True,,260.0,0.0,,,,,,,,,,,,,,,,,,,,,,65033,0,d0edc00f047161f87ff5ac3d9db81a99f2aae764689ab2d74413d9cb5b45dfd5,validation_001,0,0,1363470305,0,,
36,7.2,B_rear,background_mainline,True,,143.32791942077466,19.783767311738593,,,,,,,,,,,,,,,,,,,,,,65033,0,d0edc00f047161f87ff5ac3d9db81a99f2aae764689ab2d74413d9cb5b45dfd5,validation_001,0,0,1363470305,0,,
37,7.4,A,mainline,True,False,225.0000000000004,30.0,1,accelerate,2.0,0.0,217.00000000000037,30.0,1,1,accelerate-accelerate,0.001543879508972168,0.050766587257385254,0.0194796621799469,1,0.050766587257385254,0.0194796621799469,0.031286925077438354,0.049222707748413086,"[true, true, true]",False,False,False,65033,0,d0edc00f047161f87ff5ac3d9db81a99f2aae764689ab2d74413d9cb5b45dfd5,validation_001,0,0,1363470305,0,3.1899312394761523,
37,7.4,B,ramp,True,False,217.00000000000037,30.0,1,accelerate,2.0,0.0,225.0000000000004,30.0,1,1,accelerate-accelerate,-0.11823214590549469,0.03404296189546585,-0.04807371646165848,1,0.03404296189546585,-0.04807371646165848,0.08211667835712433,0.15227510780096054,"[true, true, true]",False,False,False,65033,0,d0edc00f047161f87ff5ac3d9db81a99f2aae764689ab2d74413d9cb5b45dfd5,validation_001,0,0,1363470305,0,3.1899312394761523,
37,7.4,B_front,background_mainline,True,,260.0,0.0,,,,,,,,,,,,,,,,,,,,,,65033,0,d0edc00f047161f87ff5ac3d9db81a99f2aae764689ab2d74413d9cb5b45dfd5,validation_001,0,0,1363470305,0,,
37,7.4,B_rear,background_mainline,True,,147.28590832795214,19.796012085045312,,,,,,,,,,,,,,,,,,,,,,65033,0,d0edc00f047161f87ff5ac3d9db81a99f2aae764689ab2d74413d9cb5b45dfd5,validation_001,0,0,1363470305,0,,
38,7.6000000000000005,A,mainline,True,False,231.0000000000004,30.0,1,accelerate,2.0,0.0,223.00000000000037,30.0,1,1,accelerate-accelerate,7.093697786331177e-05,0.05172598361968994,0.020537525415420532,1,0.05172598361968994,0.020537525415420532,0.03118845820426941,0.05165504664182663,"[true, true, true]",False,False,False,65033,0,d0edc00f047161f87ff5ac3d9db81a99f2aae764689ab2d74413d9cb5b45dfd5,validation_001,0,0,1363470305,0,3.1899312394761523,
38,7.6000000000000005,B,ramp,True,False,223.00000000000037,30.0,1,accelerate,2.0,0.0,231.0000000000004,30.0,1,1,accelerate-accelerate,-0.11916306614875793,0.03346002846956253,-0.04575769603252411,1,0.03346002846956253,-0.04575769603252411,0.07921772450208664,0.15262309461832047,"[true, true, true]",False,False,False,65033,0,d0edc00f047161f87ff5ac3d9db81a99f2aae764689ab2d74413d9cb5b45dfd5,validation_001,0,0,1363470305,0,3.1899312394761523,
38,7.6000000000000005,B_front,background_mainline,True,,260.0,0.0,,,,,,,,,,,,,,,,,,,,,,65033,0,d0edc00f047161f87ff5ac3d9db81a99f2aae764689ab2d74413d9cb5b45dfd5,validation_001,0,0,1363470305,0,,
38,7.6000000000000005,B_rear,background_mainline,True,,151.24627729846648,19.807573802683077,,,,,,,,,,,,,,,,,,,,,,65033,0,d0edc00f047161f87ff5ac3d9db81a99f2aae764689ab2d74413d9cb5b45dfd5,validation_001,0,0,1363470305,0,,
39,7.800000000000001,A,mainline,True,False,237.0000000000004,30.0,1,accelerate,2.0,0.0,229.00000000000037,30.0,1,1,accelerate-accelerate,-0.0014117881655693054,0.05282217264175415,0.021642565727233887,1,0.05282217264175415,0.021642565727233887,0.031179606914520264,0.054233960807323456,"[true, true, true]",False,False,False,65033,0,d0edc00f047161f87ff5ac3d9db81a99f2aae764689ab2d74413d9cb5b45dfd5,validation_001,0,0,1363470305,0,3.1899312394761523,
39,7.800000000000001,B,ramp,True,False,229.00000000000037,30.0,1,accelerate,2.0,0.0,237.0000000000004,30.0,1,1,accelerate-accelerate,-0.11996188759803772,0.03308236598968506,-0.04328607767820358,1,0.03308236598968506,-0.04328607767820358,0.07636844366788864,0.15304425358772278,"[true, true, true]",False,False,False,65033,0,d0edc00f047161f87ff5ac3d9db81a99f2aae764689ab2d74413d9cb5b45dfd5,validation_001,0,0,1363470305,0,3.1899312394761523,
39,7.800000000000001,B_front,background_mainline,True,,260.0,0.0,,,,,,,,,,,,,,,,,,,,,,65033,0,d0edc00f047161f87ff5ac3d9db81a99f2aae764689ab2d74413d9cb5b45dfd5,validation_001,0,0,1363470305,0,,
39,7.800000000000001,B_rear,background_mainline,True,,155.2088934077733,19.81848904929153,,,,,,,,,,,,,,,,,,,,,,65033,0,d0edc00f047161f87ff5ac3d9db81a99f2aae764689ab2d74413d9cb5b45dfd5,validation_001,0,0,1363470305,0,,
40,8.0,A,mainline,True,False,243.0000000000004,30.0,1,accelerate,2.0,0.0,235.00000000000037,30.0,1,1,accelerate-accelerate,-0.0029057562351226807,0.053941383957862854,0.022720590233802795,1,0.053941383957862854,0.022720590233802795,0.03122079372406006,0.056847140192985535,"[true, true, true]",False,False,False,65033,0,d0edc00f047161f87ff5ac3d9db81a99f2aae764689ab2d74413d9cb5b45dfd5,validation_001,0,0,1363470305,0,3.1899312394761523,
40,8.0,B,ramp,True,False,235.00000000000037,30.0,1,accelerate,2.0,0.0,243.0000000000004,30.0,1,1,accelerate-accelerate,-0.12029451131820679,0.033433809876441956,-0.040258221328258514,1,0.033433809876441956,-0.040258221328258514,0.07369203120470047,0.15372832119464874,"[true, true, true]",False,False,False,65033,0,d0edc00f047161f87ff5ac3d9db81a99f2aae764689ab2d74413d9cb5b45dfd5,validation_001,0,0,1363470305,0,3.1899312394761523,
40,8.0,B_front,background_mainline,True,,260.0,0.0,,,,,,,,,,,,,,,,,,,,,,65033,0,d0edc00f047161f87ff5ac3d9db81a99f2aae764689ab2d74413d9cb5b45dfd5,validation_001,0,0,1363470305,0,,
40,8.0,B_rear,background_mainline,True,,159.17363087029108,19.828792639201687,,,,,,,,,,,,,,,,,,,,,,65033,0,d0edc00f047161f87ff5ac3d9db81a99f2aae764689ab2d74413d9cb5b45dfd5,validation_001,0,0,1363470305,0,,
41,8.200000000000001,A,mainline,True,False,249.0000000000004,30.0,1,accelerate,2.0,0.0,241.00000000000037,30.0,1,1,accelerate-accelerate,-0.0044622235000133514,0.055192433297634125,0.023639649152755737,1,0.055192433297634125,0.023639649152755737,0.03155278414487839,0.059654656797647476,"[true, true, true]",False,False,False,65033,0,d0edc00f047161f87ff5ac3d9db81a99f2aae764689ab2d74413d9cb5b45dfd5,validation_001,0,0,1363470305,0,3.1899312394761523,
41,8.200000000000001,B,ramp,True,False,241.00000000000037,30.0,1,accelerate,2.0,0.0,249.0000000000004,30.0,1,1,accelerate-accelerate,-0.12062578648328781,0.03378577530384064,-0.037231236696243286,1,0.03378577530384064,-0.037231236696243286,0.07101701200008392,0.15441156178712845,"[true, true, true]",False,False,False,65033,0,d0edc00f047161f87ff5ac3d9db81a99f2aae764689ab2d74413d9cb5b45dfd5,validation_001,0,0,1363470305,0,3.1899312394761523,
41,8.200000000000001,B_front,background_mainline,True,,260.0,0.0,,,,,,,,,,,,,,,,,,,,,,65033,0,d0edc00f047161f87ff5ac3d9db81a99f2aae764689ab2d74413d9cb5b45dfd5,validation_001,0,0,1363470305,0,,
41,8.200000000000001,B_rear,background_mainline,True,,163.14037069139823,19.838517677356666,,,,,,,,,,,,,,,,,,,,,,65033,0,d0edc00f047161f87ff5ac3d9db81a99f2aae764689ab2d74413d9cb5b45dfd5,validation_001,0,0,1363470305,0,,
42,8.4,A,mainline,True,False,255.0000000000004,30.0,1,accelerate,2.0,0.0,247.00000000000037,30.0,1,1,accelerate-accelerate,-0.0062620751559734344,0.056156039237976074,0.02444334328174591,1,0.056156039237976074,0.02444334328174591,0.031712695956230164,0.06241811439394951,"[true, true, true]",False,False,False,65033,0,d0edc00f047161f87ff5ac3d9db81a99f2aae764689ab2d74413d9cb5b45dfd5,validation_001,0,0,1363470305,0,,
42,8.4,B,ramp,True,False,247.00000000000037,30.0,1,accelerate,2.0,0.0,255.0000000000004,30.0,1,1,accelerate-accelerate,-0.12095578759908676,0.03413825482130051,-0.034205012023448944,1,0.03413825482130051,-0.034205012023448944,0.06834326684474945,0.15509404242038727,"[true, true, true]",False,False,False,65033,0,d0edc00f047161f87ff5ac3d9db81a99f2aae764689ab2d74413d9cb5b45dfd5,validation_001,0,0,1363470305,0,,
42,8.4,B_front,background_mainline,True,,260.0,0.0,,,,,,,,,,,,,,,,,,,,,,65033,0,d0edc00f047161f87ff5ac3d9db81a99f2aae764689ab2d74413d9cb5b45dfd5,validation_001,0,0,1363470305,0,,
42,8.4,B_rear,background_mainline,True,,167.10900033179522,19.847695621901472,,,,,,,,,,,,,,,,,,,,,,65033,0,d0edc00f047161f87ff5ac3d9db81a99f2aae764689ab2d74413d9cb5b45dfd5,validation_001,0,0,1363470305,0,,
43,8.6,A,mainline,False,True,261.0000000000004,0.0,0,maintain,0.0,0.0,253.00000000000037,30.0,0,2,inactive-active,0.0027804821729660034,0.06527640670537949,-0.011949501931667328,1,0.06527640670537949,0.0027804821729660034,0.06249592453241348,0.07722590863704681,"[true, true, true]",False,False,False,65033,0,d0edc00f047161f87ff5ac3d9db81a99f2aae764689ab2d74413d9cb5b45dfd5,validation_001,0,0,1363470305,0,,
43,8.6,B,ramp,True,False,253.00000000000037,30.0,2,decelerate,2.0,-2.9999999999999716,261.0000000000004,0.0,0,2,inactive-active,-0.13791443407535553,-0.06827102601528168,0.030689075589179993,2,0.030689075589179993,-0.06827102601528168,0.09896010160446167,0.16860350966453552,"[true, true, true]",False,False,False,65033,0,d0edc00f047161f87ff5ac3d9db81a99f2aae764689ab2d74413d9cb5b45dfd5,validation_001,0,0,1363470305,0,,
43,8.6,B_front,background_mainline,True,,260.0,0.0,,,,,,,,,,,,,,,,,,,,,,65033,0,d0edc00f047161f87ff5ac3d9db81a99f2aae764689ab2d74413d9cb5b45dfd5,validation_001,0,0,1363470305,0,,
43,8.6,B_rear,background_mainline,True,,171.07941338182042,19.856356290849153,,,,,,,,,,,,,,,,,,,,,,65033,0,d0edc00f047161f87ff5ac3d9db81a99f2aae764689ab2d74413d9cb5b45dfd5,validation_001,0,0,1363470305,0,,
44,8.8,A,mainline,False,True,261.0000000000004,0.0,0,maintain,0.0,0.0,258.9400000000004,29.400000000000006,0,2,inactive-active,0.0013872422277927399,0.0638238862156868,-0.014317840337753296,1,0.0638238862156868,0.0013872422277927399,0.06243664398789406,0.0781417265534401,"[true, true, true]",False,True,False,65033,0,d0edc00f047161f87ff5ac3d9db81a99f2aae764689ab2d74413d9cb5b45dfd5,validation_001,0,0,1363470305,0,,
44,8.8,B,ramp,True,False,258.9400000000004,29.400000000000006,2,decelerate,-3.0,0.0,261.0000000000004,0.0,0,2,inactive-active,-0.13909785449504852,-0.07057584822177887,0.03187878429889679,2,0.03187878429889679,-0.07057584822177887,0.10245463252067566,0.1709766387939453,"[true, true, true]",False,True,False,65033,0,d0edc00f047161f87ff5ac3d9db81a99f2aae764689ab2d74413d9cb5b45dfd5,validation_001,0,0,1363470305,0,,
44,8.8,B_front,background_mainline,True,,260.0,0.0,,,,,,,,,,,,,,,,,,,,,,65033,0,d0edc00f047161f87ff5ac3d9db81a99f2aae764689ab2d74413d9cb5b45dfd5,validation_001,0,0,1363470305,0,,
44,8.8,B_rear,background_mainline,True,,175.05151883798024,19.864654542984074,,,,,,,,,,,,,,,,,,,,,,65033,0,d0edc00f047161f87ff5ac3d9db81a99f2aae764689ab2d74413d9cb5b45dfd5,validation_001,0,0,1363470305,0,,
0,0.0,A,ramp,True,False,20.0,20.0,1,accelerate,0.0,2.0000000000000284,28.0,20.0,1,1,accelerate-accelerate,-0.04311533272266388,0.04682386666536331,-0.06393805146217346,1,0.04682386666536331,-0.04311533272266388,0.08993919938802719,0.11076191812753677,"[true, true, true]",False,False,False,65033,0,d0edc00f047161f87ff5ac3d9db81a99f2aae764689ab2d74413d9cb5b45dfd5,validation_001,1,0,1363470305,1,,
0,0.0,B,mainline,True,False,28.0,20.0,1,accelerate,0.0,2.0000000000000284,20.0,20.0,1,1,accelerate-accelerate,-0.052305568009614944,0.05981769412755966,-0.19552171230316162,1,0.05981769412755966,-0.052305568009614944,0.1121232621371746,0.2553394064307213,"[true, true, true]",False,False,False,65033,0,d0edc00f047161f87ff5ac3d9db81a99f2aae764689ab2d74413d9cb5b45dfd5,validation_001,1,0,1363470305,1,,
0,0.0,B_front,background_mainline,True,,120.0,20.0,,,,,,,,,,,,,,,,,,,,,,65033,0,d0edc00f047161f87ff5ac3d9db81a99f2aae764689ab2d74413d9cb5b45dfd5,validation_001,1,0,1363470305,1,,
0,0.0,B_rear,background_mainline,True,,3.947431380829863,19.510886076666747,,,,,,,,,,,,,,,,,,,,,,65033,0,d0edc00f047161f87ff5ac3d9db81a99f2aae764689ab2d74413d9cb5b45dfd5,validation_001,1,0,1363470305,1,,
1,0.2,A,ramp,True,False,24.040000000000003,20.400000000000006,1,accelerate,2.0,2.0000000000000284,32.04,20.400000000000006,1,1,accelerate-accelerate,-0.041841186583042145,0.050660379230976105,-0.06285926699638367,1,0.050660379230976105,-0.041841186583042145,0.09250156581401825,0.11351964622735977,"[true, true, true]",False,False,False,65033,0,d0edc00f047161f87ff5ac3d9db81a99f2aae764689ab2d74413d9cb5b45dfd5,validation_001,1,0,1363470305,1,,
1,0.2,B,mainline,True,False,32.04,20.400000000000006,1,accelerate,2.0,2.0000000000000284,24.040000000000003,20.400000000000006,1,1,accelerate-accelerate,-0.054418958723545074,0.058334220200777054,-0.19575467705726624,1,0.058334220200777054,-0.054418958723545074,0.11275317892432213,0.2540888972580433,"[true, true, true]",False,False,False,65033,0,d0edc00f047161f87ff5ac3d9db81a99f2aae764689ab2d74413d9cb5b45dfd5,validation_001,1,0,1363470305,1,,
1,0.2,B_front,background_mainline,True,,124.0,20.0,,,,,,,,,,,,,,,,,,,,,,65033,0,d0edc00f047161f87ff5ac3d9db81a99f2aae764689ab2d74413d9cb5b45dfd5,validation_001,1,0,1363470305,1,,
1,0.2,B_rear,background_mainline,True,,7.817030369943869,19.207819996757216,,,,,,,,,,,,,,,,,,,,,,65033,0,d0edc00f047161f87ff5ac3d9db81a99f2aae764689ab2d74413d9cb5b45dfd5,validation_001,1,0,1363470305,1,,
2,0.4,A,ramp,True,False,28.160000000000004,20.80000000000001,1,accelerate,2.0,2.0000000000000284,36.160000000000004,20.80000000000001,1,1,accelerate-accelerate,-0.04058311879634857,0.05471710115671158,-0.06218647211790085,1,0.05471710115671158,-0.04058311879634857,0.09530021995306015,0.11690357327461243,"[true, true, true]",False,False,False,65033,0,d0edc00f047161f87ff5ac3d9db81a99f2aae764689ab2d74413d9cb5b45dfd5,validation_001,1,0,1363470305,1,,
2,0.4,B,mainline,True,False,36.160000000000004,20.80000000000001,1,accelerate,2.0,2.0000000000000284,28.160000000000004,20.80000000000001,1,1,accelerate-accelerate,-0.05649455636739731,0.05691251903772354,-0.19587606191635132,1,0.05691251903772354,-0.05649455636739731,0.11340707540512085,0.25278858095407486,"[true, true, true]",False,False,False,65033,0,d0edc00f047161f87ff5ac3d9db81a99f2aae764689ab2d74413d9cb5b45dfd5,validation_001,1,0,1363470305,1,,
2,0.4,B_front,background_mainline,True,,128.0,20.0,,,,,,,,,,,,,,,,,,,,,,65033,0,d0edc00f047161f87ff5ac3d9db81a99f2aae764689ab2d74413d9cb5b45dfd5,validation_001,1,0,1363470305,1,,
2,0.4,B_rear,background_mainline,True,,11.638681751220439,19.023670782632877,,,,,,,,,,,,,,,,,,,,,,65033,0,d0edc00f047161f87ff5ac3d9db81a99f2aae764689ab2d74413d9cb5b45dfd5,validation_001,1,0,1363470305,1,,
3,0.6000000000000001,A,ramp,True,False,32.36000000000001,21.200000000000017,1,accelerate,2.0,2.0000000000000284,40.36000000000001,21.200000000000017,1,1,accelerate-accelerate,-0.039312638342380524,0.05894819647073746,-0.06177980452775955,1,0.05894819647073746,-0.039312638342380524,0.09826083481311798,0.12072800099849701,"[true, true, true]",False,False,False,65033,0,d0edc00f047161f87ff5ac3d9db81a99f2aae764689ab2d74413d9cb5b45dfd5,validation_001,1,0,1363470305,1,,
3,0.6000000000000001,B,mainline,True,False,40.36000000000001,21.200000000000017,1,accelerate,2.0,2.0000000000000284,32.36000000000001,21.200000000000017,1,1,accelerate-accelerate,-0.05876515060663223,0.055462367832660675,-0.19624122977256775,1,0.055462367832660675,-0.05876515060663223,0.11422751843929291,0.2517035976052284,"[true, true, true]",False,False,False,65033,0,d0edc00f047161f87ff5ac3d9db81a99f2aae764689ab2d74413d9cb5b45dfd5,validation_001,1,0,1363470305,1,,
3,0.6000000000000001,B_front,background_mainline,True,,132.0,20.0,,,,,,,,,,,,,,,,,,,,,,65033,0,d0edc00f047161f87ff5ac3d9db81a99f2aae764689ab2d74413d9cb5b45dfd5,validation_001,1,0,1363470305,1,,
3,0.6000000000000001,B_rear,background_mainline,True,,15.431954034371113,18.919276915308803,,,,,,,,,,,,,,,,,,,,,,65033,0,d0edc00f047161f87ff5ac3d9db81a99f2aae764689ab2d74413d9cb5b45dfd5,validation_001,1,0,1363470305,1,,
4,0.8,A,ramp,True,False,36.64000000000001,21.600000000000023,1,accelerate,2.0,2.0000000000000284,44.64000000000001,21.600000000000023,1,1,accelerate-accelerate,-0.03794337064027786,0.06328567117452621,-0.06150735914707184,1,0.06328567117452621,-0.03794337064027786,0.10122904181480408,0.12479303032159805,"[true, true, true]",False,False,False,65033,0,d0edc00f047161f87ff5ac3d9db81a99f2aae764689ab2d74413d9cb5b45dfd5,validation_001,1,0,1363470305,1,,
4,0.8,B,mainline,True,False,44.64000000000001,21.600000000000023,1,accelerate,2.0,2.0000000000000284,36.64000000000001,21.600000000000023,1,1,accelerate-accelerate,-0.06107155606150627,0.054043248295784,-0.19660446047782898,1,0.054043248295784,-0.06107155606150627,0.11511480435729027,0.250647708773613,"[true, true, true]",False,False,False,65033,0,d0edc00f047161f87ff5ac3d9db81a99f2aae764689ab2d74413d9cb5b45dfd5,validation_001,1,0,1363470305,1,,
4,0.8,B_front,background_mainline,True,,136.0,20.0,,,,,,,,,,,,,,,,,,,,,,65033,0,d0edc00f047161f87ff5ac3d9db81a99f2aae764689ab2d74413d9cb5b45dfd5,validation_001,1,0,1363470305,1,,
4,0.8,B_rear,background_mainline,True,,19.21015294496658,18.869811826831636,,,,,,,,,,,,,,,,,,,,,,65033,0,d0edc00f047161f87ff5ac3d9db81a99f2aae764689ab2d74413d9cb5b45dfd5,validation_001,1,0,1363470305,1,,
5,1.0,A,ramp,True,False,41.000000000000014,22.00000000000003,1,accelerate,2.0,2.0000000000000284,49.000000000000014,22.00000000000003,1,1,accelerate-accelerate,-0.03657510131597519,0.06778932362794876,-0.06126507371664047,1,0.06778932362794876,-0.03657510131597519,0.10436442494392395,0.12905439734458923,"[true, true, true]",False,False,False,65033,0,d0edc00f047161f87ff5ac3d9db81a99f2aae764689ab2d74413d9cb5b45dfd5,validation_001,1,0,1363470305,1,,
5,1.0,B,mainline,True,False,49.000000000000014,22.00000000000003,1,accelerate,2.0,2.0000000000000284,41.000000000000014,22.00000000000003,1,1,accelerate-accelerate,-0.06339938938617706,0.052659399807453156,-0.19694212079048157,1,0.052659399807453156,-0.06339938938617706,0.11605878919363022,0.24960152059793472,"[true, true, true]",False,False,False,65033,0,d0edc00f047161f87ff5ac3d9db81a99f2aae764689ab2d74413d9cb5b45dfd5,validation_001,1,0,1363470305,1,,
5,1.0,B_front,background_mainline,True,,140.0,20.0,,,,,,,,,,,,,,,,,,,,,,65033,0,d0edc00f047161f87ff5ac3d9db81a99f2aae764689ab2d74413d9cb5b45dfd5,validation_001,1,0,1363470305,1,,
5,1.0,B_rear,background_mainline,True,,22.982495064768763,18.858543950116044,,,,,,,,,,,,,,,,,,,,,,65033,0,d0edc00f047161f87ff5ac3d9db81a99f2aae764689ab2d74413d9cb5b45dfd5,validation_001,1,0,1363470305,1,,
6,1.2000000000000002,A,ramp,True,False,45.44000000000002,22.400000000000034,1,accelerate,2.0,2.0000000000000284,53.44000000000002,22.400000000000034,1,1,accelerate-accelerate,-0.035334765911102295,0.07247034460306168,-0.06116718053817749,1,0.07247034460306168,-0.035334765911102295,0.10780511051416397,0.13363752514123917,"[true, true, true]",False,False,False,65033,0,d0edc00f047161f87ff5ac3d9db81a99f2aae764689ab2d74413d9cb5b45dfd5,validation_001,1,0,1363470305,1,,
6,1.2000000000000002,B,mainline,True,False,53.44000000000002,22.400000000000034,1,accelerate,2.0,2.0000000000000284,45.44000000000002,22.400000000000034,1,1,accelerate-accelerate,-0.06575401872396469,0.05130787938833237,-0.19726136326789856,1,0.05130787938833237,-0.06575401872396469,0.11706189811229706,0.24856924265623093,"[true, true, true]",False,False,False,65033,0,d0edc00f047161f87ff5ac3d9db81a99f2aae764689ab2d74413d9cb5b45dfd5,validation_001,1,0,1363470305,1,,
6,1.2000000000000002,B_front,background_mainline,True,,144.0,20.0,,,,,,,,,,,,,,,,,,,,,,65033,0,d0edc00f047161f87ff5ac3d9db81a99f2aae764689ab2d74413d9cb5b45dfd5,validation_001,1,0,1363470305,1,,
6,1.2000000000000002,B_rear,background_mainline,True,,26.755377931069873,18.8736575091406,,,,,,,,,,,,,,,,,,,,,,65033,0,d0edc00f047161f87ff5ac3d9db81a99f2aae764689ab2d74413d9cb5b45dfd5,validation_001,1,0,1363470305,1,,
7,1.4000000000000001,A,ramp,True,False,49.96000000000003,22.80000000000004,1,accelerate,2.0,2.0000000000000284,57.96000000000003,22.80000000000004,1,1,accelerate-accelerate,-0.03432232886552811,0.07703211903572083,-0.06158600002527237,1,0.07703211903572083,-0.03432232886552811,0.11135444790124893,0.1386181190609932,"[true, true, true]",False,False,False,65033,0,d0edc00f047161f87ff5ac3d9db81a99f2aae764689ab2d74413d9cb5b45dfd5,validation_001,1,0,1363470305,1,,
7,1.4000000000000001,B,mainline,True,False,57.96000000000003,22.80000000000004,1,accelerate,2.0,2.0000000000000284,49.96000000000003,22.80000000000004,1,1,accelerate-accelerate,-0.0678270012140274,0.0498637780547142,-0.19774025678634644,1,0.0498637780547142,-0.0678270012140274,0.11769077926874161,0.24760403484106064,"[true, true, true]",False,False,False,65033,0,d0edc00f047161f87ff5ac3d9db81a99f2aae764689ab2d74413d9cb5b45dfd5,validation_001,1,0,1363470305,1,,
7,1.4000000000000001,B_front,background_mainline,True,,148.0,20.0,,,,,,,,,,,,,,,,,,,,,,65033,0,d0edc00f047161f87ff5ac3d9db81a99f2aae764689ab2d74413d9cb5b45dfd5,validation_001,1,0,1363470305,1,,
7,1.4000000000000001,B_rear,background_mainline,True,,30.533172569358648,18.906498857181067,,,,,,,,,,,,,,,,,,,,,,65033,0,d0edc00f047161f87ff5ac3d9db81a99f2aae764689ab2d74413d9cb5b45dfd5,validation_001,1,0,1363470305,1,,
8,1.6,A,ramp,True,False,54.56000000000004,23.200000000000045,1,accelerate,2.0,2.0000000000000284,62.56000000000004,23.200000000000045,1,1,accelerate-accelerate,-0.0337456539273262,0.08237900584936142,-0.0617782324552536,1,0.08237900584936142,-0.0337456539273262,0.11612465977668762,0.14415723830461502,"[true, true, true]",False,False,False,65033,0,d0edc00f047161f87ff5ac3d9db81a99f2aae764689ab2d74413d9cb5b45dfd5,validation_001,1,0,1363470305,1,,
8,1.6,B,mainline,True,False,62.56000000000004,23.200000000000045,1,accelerate,2.0,2.0000000000000284,54.56000000000004,23.200000000000045,1,1,accelerate-accelerate,-0.07019030302762985,0.048354774713516235,-0.197655588388443,1,0.048354774713516235,-0.07019030302762985,0.11854507774114609,0.24601036310195923,"[true, true, true]",False,False,False,65033,0,d0edc00f047161f87ff5ac3d9db81a99f2aae764689ab2d74413d9cb5b45dfd5,validation_001,1,0,1363470305,1,,
8,1.6,B_front,background_mainline,True,,152.0,20.0,,,,,,,,,,,,,,,,,,,,,,65033,0,d0edc00f047161f87ff5ac3d9db81a99f2aae764689ab2d74413d9cb5b45dfd5,validation_001,1,0,1363470305,1,,
8,1.6,B_rear,background_mainline,True,,34.31874502797599,18.95054867326254,,,,,,,,,,,,,,,,,,,,,,65033,0,d0edc00f047161f87ff5ac3d9db81a99f2aae764689ab2d74413d9cb5b45dfd5,validation_001,1,0,1363470305,1,,
9,1.8,A,ramp,True,False,59.240000000000045,23.60000000000005,1,accelerate,2.0,2.0000000000000284,67.24000000000005,23.60000000000005,1,1,accelerate-accelerate,-0.03350368142127991,0.0884581059217453,-0.06176464259624481,1,0.0884581059217453,-0.03350368142127991,0.12196178734302521,0.1502227485179901,"[true, true, true]",False,False,False,65033,0,d0edc00f047161f87ff5ac3d9db81a99f2aae764689ab2d74413d9cb5b45dfd5,validation_001,1,0,1363470305,1,,
9,1.8,B,mainline,True,False,67.24000000000005,23.60000000000005,1,accelerate,2.0,2.0000000000000284,59.240000000000045,23.60000000000005,1,1,accelerate-accelerate,-0.07268333435058594,0.04647143557667732,-0.1972975730895996,1,0.04647143557667732,-0.07268333435058594,0.11915476992726326,0.24376900866627693,"[true, true, true]",False,False,False,65033,0,d0edc00f047161f87ff5ac3d9db81a99f2aae764689ab2d74413d9cb5b45dfd5,validation_001,1,0,1363470305,1,,
9,1.8,B_front,background_mainline,True,,156.0,20.0,,,,,,,,,,,,,,,,,,,,,,65033,0,d0edc00f047161f87ff5ac3d9db81a99f2aae764689ab2d74413d9cb5b45dfd5,validation_001,1,0,1363470305,1,,
9,1.8,B_rear,background_mainline,True,,38.11381551623222,19.000790506822323,,,,,,,,,,,,,,,,,,,,,,65033,0,d0edc00f047161f87ff5ac3d9db81a99f2aae764689ab2d74413d9cb5b45dfd5,validation_001,1,0,1363470305,1,,
10,2.0,A,ramp,True,False,64.00000000000006,24.000000000000057,1,accelerate,2.0,2.0000000000000284,72.00000000000007,24.000000000000057,1,1,accelerate-accelerate,-0.0330614373087883,0.09420399367809296,-0.06073305010795593,1,0.09420399367809296,-0.0330614373087883,0.12726543098688126,0.1549370437860489,"[true, true, true]",False,False,False,65033,0,d0edc00f047161f87ff5ac3d9db81a99f2aae764689ab2d74413d9cb5b45dfd5,validation_001,1,0,1363470305,1,,
10,2.0,B,mainline,True,False,72.00000000000007,24.000000000000057,1,accelerate,2.0,2.0000000000000284,64.00000000000006,24.000000000000057,1,1,accelerate-accelerate,-0.07370077073574066,0.04335706681013107,-0.19526349008083344,1,0.04335706681013107,-0.07370077073574066,0.11705783754587173,0.2386205568909645,"[true, true, true]",False,False,False,65033,0,d0edc00f047161f87ff5ac3d9db81a99f2aae764689ab2d74413d9cb5b45dfd5,validation_001,1,0,1363470305,1,,
10,2.0,B_front,background_mainline,True,,160.0,20.0,,,,,,,,,,,,,,,,,,,,,,65033,0,d0edc00f047161f87ff5ac3d9db81a99f2aae764689ab2d74413d9cb5b45dfd5,validation_001,1,0,1363470305,1,,
10,2.0,B_rear,background_mainline,True,,41.91921327682362,19.053199202095076,,,,,,,,,,,,,,,,,,,,,,65033,0,d0edc00f047161f87ff5ac3d9db81a99f2aae764689ab2d74413d9cb5b45dfd5,validation_001,1,0,1363470305,1,,
11,2.2,A,ramp,True,False,68.84000000000006,24.400000000000063,1,accelerate,2.0,2.0000000000000284,76.84000000000009,24.400000000000063,1,1,accelerate-accelerate,-0.03220534324645996,0.09949976950883865,-0.05979008972644806,1,0.09949976950883865,-0.03220534324645996,0.13170511275529861,0.1592898592352867,"[true, true, true]",False,False,False,65033,0,d0edc00f047161f87ff5ac3d9db81a99f2aae764689ab2d74413d9cb5b45dfd5,validation_001,1,0,1363470305,1,,
11,2.2,B,mainline,True,False,76.84000000000009,24.400000000000063,1,accelerate,2.0,2.0000000000000284,68.84000000000006,24.400000000000063,1,1,accelerate-accelerate,-0.07448021322488785,0.04005192592740059,-0.19295328855514526,1,0.04005192592740059,-0.07448021322488785,0.11453213915228844,0.23300521448254585,"[true, true, true]",False,False,False,65033,0,d0edc00f047161f87ff5ac3d9db81a99f2aae764689ab2d74413d9cb5b45dfd5,validation_001,1,0,1363470305,1,,
11,2.2,B_front,background_mainline,True,,164.0,20.0,,,,,,,,,,,,,,,,,,,,,,65033,0,d0edc00f047161f87ff5ac3d9db81a99f2aae764689ab2d74413d9cb5b45dfd5,validation_001,1,0,1363470305,1,,
11,2.2,B_rear,background_mainline,True,,45.73495283863411,19.10379719537739,,,,,,,,,,,,,,,,,,,,,,65033,0,d0edc00f047161f87ff5ac3d9db81a99f2aae764689ab2d74413d9cb5b45dfd5,validation_001,1,0,1363470305,1,,
12,2.4000000000000004,A,ramp,True,False,73.76000000000006,24.800000000000068,1,accelerate,2.0,2.0000000000000284,81.76000000000009,24.800000000000068,1,1,accelerate-accelerate,-0.031119510531425476,0.1040768176317215,-0.059909820556640625,1,0.1040768176317215,-0.031119510531425476,0.13519632816314697,0.16398663818836212,"[true, true, true]",False,False,False,65033,0,d0edc00f047161f87ff5ac3d9db81a99f2aae764689ab2d74413d9cb5b45dfd5,validation_001,1,0,1363470305,1,,
12,2.4000000000000004,B,mainline,True,False,81.76000000000009,24.800000000000068,1,accelerate,2.0,2.0000000000000284,73.76000000000006,24.800000000000068,1,1,accelerate-accelerate,-0.07527127116918564,0.03673209995031357,-0.19058972597122192,1,0.03673209995031357,-0.07527127116918564,0.1120033711194992,0.2273218259215355,"[true, true, true]",False,False,False,65033,0,d0edc00f047161f87ff5ac3d9db81a99f2aae764689ab2d74413d9cb5b45dfd5,validation_001,1,0,1363470305,1,,
12,2.4000000000000004,B_front,background_mainline,True,,168.0,20.0,,,,,,,,,,,,,,,,,,,,,,65033,0,d0edc00f047161f87ff5ac3d9db81a99f2aae764689ab2d74413d9cb5b45dfd5,validation_001,1,0,1363470305,1,,
12,2.4000000000000004,B_rear,background_mainline,True,,49.56056018634528,19.151893737715636,,,,,,,,,,,,,,,,,,,,,,65033,0,d0edc00f047161f87ff5ac3d9db81a99f2aae764689ab2d74413d9cb5b45dfd5,validation_001,1,0,1363470305,1,,
13,2.6,A,ramp,True,False,78.76000000000008,25.200000000000074,1,accelerate,2.0,2.0000000000000284,86.7600000000001,25.200000000000074,1,1,accelerate-accelerate,-0.031181611120700836,0.10933113098144531,-0.060597777366638184,1,0.10933113098144531,-0.031181611120700836,0.14051274210214615,0.1699289083480835,"[true, true, true]",False,False,False,65033,0,d0edc00f047161f87ff5ac3d9db81a99f2aae764689ab2d74413d9cb5b45dfd5,validation_001,1,0,1363470305,1,,
13,2.6,B,mainline,True,False,86.7600000000001,25.200000000000074,1,accelerate,2.0,2.0000000000000284,78.76000000000008,25.200000000000074,1,1,accelerate-accelerate,-0.07600970566272736,0.03330594301223755,-0.18773715198040009,1,0.03330594301223755,-0.07600970566272736,0.1093156486749649,0.22104309499263763,"[true, true, true]",False,False,False,65033,0,d0edc00f047161f87ff5ac3d9db81a99f2aae764689ab2d74413d9cb5b45dfd5,validation_001,1,0,1363470305,1,,
13,2.6,B_front,background_mainline,True,,172.0,20.0,,,,,,,,,,,,,,,,,,,,,,65033,0,d0edc00f047161f87ff5ac3d9db81a99f2aae764689ab2d74413d9cb5b45dfd5,validation_001,1,0,1363470305,1,,
13,2.6,B_rear,background_mainline,True,,53.39554560018414,19.197594066893107,,,,,,,,,,,,,,,,,,,,,,65033,0,d0edc00f047161f87ff5ac3d9db81a99f2aae764689ab2d74413d9cb5b45dfd5,validation_001,1,0,1363470305,1,,
14,2.8000000000000003,A,ramp,True,False,83.84000000000009,25.60000000000008,1,accelerate,2.0,2.0000000000000284,91.84000000000012,25.60000000000008,1,1,accelerate-accelerate,-0.031320150941610336,0.11486111581325531,-0.061308663338422775,1,0.11486111581325531,-0.031320150941610336,0.14618126675486565,0.17616977915167809,"[true, true, true]",False,False,False,65033,0,d0edc00f047161f87ff5ac3d9db81a99f2aae764689ab2d74413d9cb5b45dfd5,validation_001,1,0,1363470305,1,,
14,2.8000000000000003,B,mainline,True,False,91.84000000000012,25.60000000000008,1,accelerate,2.0,2.0000000000000284,83.84000000000009,25.60000000000008,1,1,accelerate-accelerate,-0.07647045701742172,0.030058249831199646,-0.18473303318023682,1,0.030058249831199646,-0.07647045701742172,0.10652870684862137,0.21479128301143646,"[true, true, true]",False,False,False,65033,0,d0edc00f047161f87ff5ac3d9db81a99f2aae764689ab2d74413d9cb5b45dfd5,validation_001,1,0,1363470305,1,,
14,2.8000000000000003,B_front,background_mainline,True,,176.0,20.0,,,,,,,,,,,,,,,,,,,,,,65033,0,d0edc00f047161f87ff5ac3d9db81a99f2aae764689ab2d74413d9cb5b45dfd5,validation_001,1,0,1363470305,1,,
14,2.8000000000000003,B_rear,background_mainline,True,,57.23944010955154,19.24100043735704,,,,,,,,,,,,,,,,,,,,,,65033,0,d0edc00f047161f87ff5ac3d9db81a99f2aae764689ab2d74413d9cb5b45dfd5,validation_001,1,0,1363470305,1,,
15,3.0,A,ramp,True,False,89.0000000000001,26.000000000000085,1,accelerate,2.0,2.0000000000000284,97.00000000000013,26.000000000000085,1,1,accelerate-accelerate,-0.03190932422876358,0.11974340677261353,-0.06112144887447357,1,0.11974340677261353,-0.03190932422876358,0.1516527310013771,0.1808648556470871,"[true, true, true]",False,False,False,65033,0,d0edc00f047161f87ff5ac3d9db81a99f2aae764689ab2d74413d9cb5b45dfd5,validation_001,1,0,1363470305,1,,
15,3.0,B,mainline,True,False,97.00000000000013,26.000000000000085,1,accelerate,2.0,2.0000000000000284,89.0000000000001,26.000000000000085,1,1,accelerate-accelerate,-0.07681114971637726,0.02692483365535736,-0.1817316710948944,1,0.02692483365535736,-0.07681114971637726,0.10373598337173462,0.20865650475025177,"[true, true, true]",False,False,False,65033,0,d0edc00f047161f87ff5ac3d9db81a99f2aae764689ab2d74413d9cb5b45dfd5,validation_001,1,0,1363470305,1,,
15,3.0,B_front,background_mainline,True,,180.0,20.0,,,,,,,,,,,,,,,,,,,,,,65033,0,d0edc00f047161f87ff5ac3d9db81a99f2aae764689ab2d74413d9cb5b45dfd5,validation_001,1,0,1363470305,1,,
15,3.0,B_rear,background_mainline,True,,61.09179489671632,19.28221212401568,,,,,,,,,,,,,,,,,,,,,,65033,0,d0edc00f047161f87ff5ac3d9db81a99f2aae764689ab2d74413d9cb5b45dfd5,validation_001,1,0,1363470305,1,,
16,3.2,A,ramp,True,False,94.24000000000012,26.40000000000009,1,accelerate,2.0,2.0000000000000284,102.24000000000015,26.40000000000009,1,1,accelerate-accelerate,-0.03267794847488403,0.12405969202518463,-0.06078275293111801,1,0.12405969202518463,-0.03267794847488403,0.15673764050006866,0.18484244495630264,"[true, true, true]",False,False,False,65033,0,d0edc00f047161f87ff5ac3d9db81a99f2aae764689ab2d74413d9cb5b45dfd5,validation_001,1,0,1363470305,1,,
16,3.2,B,mainline,True,False,102.24000000000015,26.40000000000009,1,accelerate,2.0,2.0000000000000284,94.24000000000012,26.40000000000009,1,1,accelerate-accelerate,-0.07765313982963562,0.024221405386924744,-0.17899435758590698,1,0.024221405386924744,-0.07765313982963562,0.10187454521656036,0.20321576297283173,"[true, true, true]",False,False,False,65033,0,d0edc00f047161f87ff5ac3d9db81a99f2aae764689ab2d74413d9cb5b45dfd5,validation_001,1,0,1363470305,1,,
16,3.2,B_front,background_mainline,True,,184.0,20.0,,,,,,,,,,,,,,,,,,,,,,65033,0,d0edc00f047161f87ff5ac3d9db81a99f2aae764689ab2d74413d9cb5b45dfd5,validation_001,1,0,1363470305,1,,
16,3.2,B_rear,background_mainline,True,,64.95218070136413,19.321325426913106,,,,,,,,,,,,,,,,,,,,,,65033,0,d0edc00f047161f87ff5ac3d9db81a99f2aae764689ab2d74413d9cb5b45dfd5,validation_001,1,0,1363470305,1,,
17,3.4000000000000004,A,ramp,True,False,99.56000000000014,26.800000000000097,1,accelerate,2.0,2.0000000000000284,107.56000000000017,26.800000000000097,1,1,accelerate-accelerate,-0.03338337317109108,0.12863534688949585,-0.06039150059223175,1,0.12863534688949585,-0.03338337317109108,0.16201872006058693,0.1890268474817276,"[true, true, true]",False,False,False,65033,0,d0edc00f047161f87ff5ac3d9db81a99f2aae764689ab2d74413d9cb5b45dfd5,validation_001,1,0,1363470305,1,,
17,3.4000000000000004,B,mainline,True,False,107.56000000000017,26.800000000000097,1,accelerate,2.0,2.0000000000000284,99.56000000000014,26.800000000000097,1,1,accelerate-accelerate,-0.07967987656593323,0.022221483290195465,-0.1762775182723999,1,0.022221483290195465,-0.07967987656593323,0.10190135985612869,0.19849900156259537,"[true, true, true]",False,False,False,65033,0,d0edc00f047161f87ff5ac3d9db81a99f2aae764689ab2d74413d9cb5b45dfd5,validation_001,1,0,1363470305,1,,
17,3.4000000000000004,B_front,background_mainline,True,,188.0,20.0,,,,,,,,,,,,,,,,,,,,,,65033,0,d0edc00f047161f87ff5ac3d9db81a99f2aae764689ab2d74413d9cb5b45dfd5,validation_001,1,0,1363470305,1,,
17,3.4000000000000004,B_rear,background_mainline,True,,68.82018722615585,19.35843367668986,,,,,,,,,,,,,,,,,,,,,,65033,0,d0edc00f047161f87ff5ac3d9db81a99f2aae764689ab2d74413d9cb5b45dfd5,validation_001,1,0,1363470305,1,,
18,3.6,A,ramp,True,False,104.96000000000016,27.200000000000102,1,accelerate,2.0,2.0000000000000284,112.96000000000019,27.200000000000102,1,1,accelerate-accelerate,-0.03424670919775963,0.13364437222480774,-0.05988197773694992,1,0.13364437222480774,-0.03424670919775963,0.16789108142256737,0.19352634996175766,"[true, true, true]",False,False,False,65033,0,d0edc00f047161f87ff5ac3d9db81a99f2aae764689ab2d74413d9cb5b45dfd5,validation_001,1,0,1363470305,1,3.0976295602474693,
18,3.6,B,mainline,True,False,112.96000000000019,27.200000000000102,1,accelerate,2.0,2.0000000000000284,104.96000000000016,27.200000000000102,1,1,accelerate-accelerate,-0.0822305902838707,0.020083323121070862,-0.17251506447792053,1,0.020083323121070862,-0.0822305902838707,0.10231391340494156,0.1925983875989914,"[true, true, true]",False,False,False,65033,0,d0edc00f047161f87ff5ac3d9db81a99f2aae764689ab2d74413d9cb5b45dfd5,validation_001,1,0,1363470305,1,3.0976295602474693,
18,3.6,B_front,background_mainline,True,,192.0,20.0,,,,,,,,,,,,,,,,,,,,,,65033,0,d0edc00f047161f87ff5ac3d9db81a99f2aae764689ab2d74413d9cb5b45dfd5,validation_001,1,0,1363470305,1,,
18,3.6,B_rear,background_mainline,True,,72.69539819078283,19.39330914804938,,,,,,,,,,,,,,,,,,,,,,65033,0,d0edc00f047161f87ff5ac3d9db81a99f2aae764689ab2d74413d9cb5b45dfd5,validation_001,1,0,1363470305,1,,
19,3.8000000000000003,A,ramp,True,False,110.4400000000002,27.600000000000108,1,accelerate,2.0,2.0000000000000284,118.44000000000023,27.600000000000108,1,1,accelerate-accelerate,-0.005638644099235535,0.1749075949192047,-0.03904020041227341,1,0.1749075949192047,-0.005638644099235535,0.18054623901844025,0.21394779533147812,"[true, true, true]",False,False,False,65033,0,d0edc00f047161f87ff5ac3d9db81a99f2aae764689ab2d74413d9cb5b45dfd5,validation_001,1,0,1363470305,1,3.1383465483587827,
19,3.8000000000000003,B,mainline,True,False,118.44000000000023,27.600000000000108,1,accelerate,2.0,2.0000000000000284,110.4400000000002,27.600000000000108,1,1,accelerate-accelerate,-0.0830807089805603,0.03108900785446167,-0.15402865409851074,1,0.03108900785446167,-0.0830807089805603,0.11416971683502197,0.1851176619529724,"[true, true, true]",False,False,False,65033,0,d0edc00f047161f87ff5ac3d9db81a99f2aae764689ab2d74413d9cb5b45dfd5,validation_001,1,0,1363470305,1,3.1383465483587827,
19,3.8000000000000003,B_front,background_mainline,True,,196.0,20.0,,,,,,,,,,,,,,,,,,,,,,65033,0,d0edc00f047161f87ff5ac3d9db81a99f2aae764689ab2d74413d9cb5b45dfd5,validation_001,1,0,1363470305,1,,
19,3.8000000000000003,B_rear,background_mainline,True,,76.57738752854706,19.426316330537308,,,,,,,,,,,,,,,,,,,,,,65033,0,d0edc00f047161f87ff5ac3d9db81a99f2aae764689ab2d74413d9cb5b45dfd5,validation_001,1,0,1363470305,1,,
20,4.0,A,ramp,True,False,116.00000000000023,28.000000000000114,1,accelerate,2.0,2.0000000000000284,124.00000000000026,28.000000000000114,1,1,accelerate-accelerate,-0.007080778479576111,0.1775299459695816,-0.038727402687072754,1,0.1775299459695816,-0.007080778479576111,0.18461072444915771,0.21625734865665436,"[true, true, true]",False,False,False,65033,0,d0edc00f047161f87ff5ac3d9db81a99f2aae764689ab2d74413d9cb5b45dfd5,validation_001,1,0,1363470305,1,3.169009950979273,
20,4.0,B,mainline,True,False,124.00000000000026,28.000000000000114,1,accelerate,2.0,2.0000000000000284,116.00000000000023,28.000000000000114,1,1,accelerate-accelerate,-0.08555802702903748,0.030413366854190826,-0.14853419363498688,1,0.030413366854190826,-0.08555802702903748,0.1159713938832283,0.1789475604891777,"[true, true, true]",False,False,False,65033,0,d0edc00f047161f87ff5ac3d9db81a99f2aae764689ab2d74413d9cb5b45dfd5,validation_001,1,0,1363470305,1,3.169009950979273,
20,4.0,B_front,background_mainline,True,,200.0,20.0,,,,,,,,,,,,,,,,,,,,,,65033,0,d0edc00f047161f87ff5ac3d9db81a99f2aae764689ab2d74413d9cb5b45dfd5,validation_001,1,0,1363470305,1,,
20,4.0,B_rear,background_mainline,True,,80.4658093983139,19.45764602002379,,,,,,,,,,,,,,,,,,,,,,65033,0,d0edc00f047161f87ff5ac3d9db81a99f2aae764689ab2d74413d9cb5b45dfd5,validation_001,1,0,1363470305,1,,
21,4.2,A,ramp,True,False,121.64000000000024,28.40000000000012,1,accelerate,2.0,2.0000000000000284,129.64000000000027,28.40000000000012,1,1,accelerate-accelerate,-0.008549641817808151,0.18014447391033173,-0.038416288793087006,1,0.18014447391033173,-0.008549641817808151,0.18869411572813988,0.21856076270341873,"[true, true, true]",False,False,False,65033,0,d0edc00f047161f87ff5ac3d9db81a99f2aae764689ab2d74413d9cb5b45dfd5,validation_001,1,0,1363470305,1,3.1850068630061514,
21,4.2,B,mainline,True,False,129.64000000000027,28.40000000000012,1,accelerate,2.0,2.0000000000000284,121.64000000000024,28.40000000000012,1,1,accelerate-accelerate,-0.08820763230323792,0.030158117413520813,-0.14212241768836975,1,0.030158117413520813,-0.08820763230323792,0.11836574971675873,0.17228053510189056,"[true, true, true]",False,False,False,65033,0,d0edc00f047161f87ff5ac3d9db81a99f2aae764689ab2d74413d9cb5b45dfd5,validation_001,1,0,1363470305,1,3.1850068630061514,
21,4.2,B_front,background_mainline,True,,204.0,20.0,,,,,,,,,,,,,,,,,,,,,,65033,0,d0edc00f047161f87ff5ac3d9db81a99f2aae764689ab2d74413d9cb5b45dfd5,validation_001,1,0,1363470305,1,,
21,4.2,B_rear,background_mainline,True,,84.36033563832211,19.487371310448992,,,,,,,,,,,,,,,,,,,,,,65033,0,d0edc00f047161f87ff5ac3d9db81a99f2aae764689ab2d74413d9cb5b45dfd5,validation_001,1,0,1363470305,1,,
22,4.4,A,ramp,True,False,127.36000000000026,28.800000000000125,1,accelerate,2.0,2.0000000000000284,135.3600000000003,28.800000000000125,1,1,accelerate-accelerate,-0.010039657354354858,0.182721346616745,-0.03810858726501465,1,0.182721346616745,-0.010039657354354858,0.19276100397109985,0.22082993388175964,"[true, true, true]",False,False,False,65033,0,d0edc00f047161f87ff5ac3d9db81a99f2aae764689ab2d74413d9cb5b45dfd5,validation_001,1,0,1363470305,1,3.189579281402729,
22,4.4,B,mainline,True,False,135.3600000000003,28.800000000000125,1,accelerate,2.0,2.0000000000000284,127.36000000000026,28.800000000000125,1,1,accelerate-accelerate,-0.09103374928236008,0.030251294374465942,-0.13585606217384338,1,0.030251294374465942,-0.09103374928236008,0.12128504365682602,0.16610735654830933,"[true, true, true]",False,False,False,65033,0,d0edc00f047161f87ff5ac3d9db81a99f2aae764689ab2d74413d9cb5b45dfd5,validation_001,1,0,1363470305,1,3.189579281402729,
22,4.4,B_front,background_mainline,True,,208.0,20.0,,,,,,,,,,,,,,,,,,,,,,65033,0,d0edc00f047161f87ff5ac3d9db81a99f2aae764689ab2d74413d9cb5b45dfd5,validation_001,1,0,1363470305,1,,
22,4.4,B_rear,background_mainline,True,,88.26065251179632,19.51556328416014,,,,,,,,,,,,,,,,,,,,,,65033,0,d0edc00f047161f87ff5ac3d9db81a99f2aae764689ab2d74413d9cb5b45dfd5,validation_001,1,0,1363470305,1,,
23,4.6000000000000005,A,ramp,True,False,133.1600000000003,29.20000000000013,1,accelerate,2.0,2.0000000000000284,141.16000000000034,29.20000000000013,1,1,accelerate-accelerate,-0.01155073195695877,0.18525871634483337,-0.03778228908777237,1,0.18525871634483337,-0.01155073195695877,0.19680944830179214,0.22304100543260574,"[true, true, true]",False,False,False,65033,0,d0edc00f047161f87ff5ac3d9db81a99f2aae764689ab2d74413d9cb5b45dfd5,validation_001,1,0,1363470305,1,3.1899311812800306,
23,4.6000000000000005,B,mainline,True,False,141.16000000000034,29.20000000000013,1,accelerate,2.0,2.0000000000000284,133.1600000000003,29.20000000000013,1,1,accelerate-accelerate,-0.09442761540412903,0.030563287436962128,-0.12868516147136688,1,0.030563287436962128,-0.09442761540412903,0.12499090284109116,0.159248448908329,"[true, true, true]",False,False,False,65033,0,d0edc00f047161f87ff5ac3d9db81a99f2aae764689ab2d74413d9cb5b45dfd5,validation_001,1,0,1363470305,1,3.1899311812800306,
23,4.6000000000000005,B_front,background_mainline,True,,212.0,20.0,,,,,,,,,,,,,,,,,,,,,,65033,0,d0edc00f047161f87ff5ac3d9db81a99f2aae764689ab2d74413d9cb5b45dfd5,validation_001,1,0,1363470305,1,,
23,4.6000000000000005,B_rear,background_mainline,True,,92.1664602696857,19.5422907209986,,,,,,,,,,,,,,,,,,,,,,65033,0,d0edc00f047161f87ff5ac3d9db81a99f2aae764689ab2d74413d9cb5b45dfd5,validation_001,1,0,1363470305,1,,
24,4.800000000000001,A,ramp,True,False,139.04000000000033,29.600000000000136,1,accelerate,2.0,1.9999999999971863,147.04000000000036,29.600000000000136,1,1,accelerate-accelerate,-0.013096071779727936,0.1878029704093933,-0.0373813658952713,1,0.1878029704093933,-0.013096071779727936,0.20089904218912125,0.2251843363046646,"[true, true, true]",False,False,False,65033,0,d0edc00f047161f87ff5ac3d9db81a99f2aae764689ab2d74413d9cb5b45dfd5,validation_001,1,0,1363470305,1,3.1899312394761523,
24,4.800000000000001,B,mainline,True,False,147.04000000000036,29.600000000000136,1,accelerate,2.0,1.9999999999971863,139.04000000000033,29.600000000000136,1,1,accelerate-accelerate,-0.0977141335606575,0.030995488166809082,-0.12125681340694427,1,0.030995488166809082,-0.0977141335606575,0.12870962172746658,0.15225230157375336,"[true, true, true]",False,False,False,65033,0,d0edc00f047161f87ff5ac3d9db81a99f2aae764689ab2d74413d9cb5b45dfd5,validation_001,1,0,1363470305,1,3.1899312394761523,
24,4.800000000000001,B_front,background_mainline,True,,216.0,20.0,,,,,,,,,,,,,,,,,,,,,,65033,0,d0edc00f047161f87ff5ac3d9db81a99f2aae764689ab2d74413d9cb5b45dfd5,validation_001,1,0,1363470305,1,,
24,4.800000000000001,B_rear,background_mainline,True,,96.07747269276777,19.567620171960474,,,,,,,,,,,,,,,,,,,,,,65033,0,d0edc00f047161f87ff5ac3d9db81a99f2aae764689ab2d74413d9cb5b45dfd5,validation_001,1,0,1363470305,1,,
25,5.0,A,ramp,True,False,145.00000000000037,30.0,1,accelerate,2.0,0.0,153.0000000000004,30.0,1,1,accelerate-accelerate,-0.014142606407403946,0.1897994875907898,-0.037397339940071106,1,0.1897994875907898,-0.014142606407403946,0.20394209399819374,0.2271968275308609,"[true, true, true]",False,False,False,65033,0,d0edc00f047161f87ff5ac3d9db81a99f2aae764689ab2d74413d9cb5b45dfd5,validation_001,1,0,1363470305,1,3.1899312394761523,
25,5.0,B,mainline,True,False,153.0000000000004,30.0,1,accelerate,2.0,0.0,145.00000000000037,30.0,1,1,accelerate-accelerate,-0.10102961212396622,0.03145986795425415,-0.11370062828063965,1,0.03145986795425415,-0.10102961212396622,0.13248948007822037,0.1451604962348938,"[true, true, true]",False,False,False,65033,0,d0edc00f047161f87ff5ac3d9db81a99f2aae764689ab2d74413d9cb5b45dfd5,validation_001,1,0,1363470305,1,3.1899312394761523,
25,5.0,B_front,background_mainline,True,,220.0,20.0,,,,,,,,,,,,,,,,,,,,,,65033,0,d0edc00f047161f87ff5ac3d9db81a99f2aae764689ab2d74413d9cb5b45dfd5,validation_001,1,0,1363470305,1,,
25,5.0,B_rear,background_mainline,True,,99.9934166556605,19.591615923511984,,,,,,,,,,,,,,,,,,,,,,65033,0,d0edc00f047161f87ff5ac3d9db81a99f2aae764689ab2d74413d9cb5b45dfd5,validation_001,1,0,1363470305,1,,
26,5.2,A,ramp,True,False,151.00000000000037,30.0,1,accelerate,2.0,0.0,159.0000000000004,30.0,1,1,accelerate-accelerate,-0.015014257282018661,0.1908111423254013,-0.03789014369249344,1,0.1908111423254013,-0.015014257282018661,0.20582539960741997,0.22870128601789474,"[true, true, true]",False,False,False,65033,0,d0edc00f047161f87ff5ac3d9db81a99f2aae764689ab2d74413d9cb5b45dfd5,validation_001,1,0,1363470305,1,3.1899312394761523,
26,5.2,B,mainline,True,False,159.0000000000004,30.0,1,accelerate,2.0,0.0,151.00000000000037,30.0,1,1,accelerate-accelerate,-0.10379978269338608,0.030959799885749817,-0.10551761090755463,1,0.030959799885749817,-0.10379978269338608,0.1347595825791359,0.13647741079330444,"[true, true, true]",False,False,False,65033,0,d0edc00f047161f87ff5ac3d9db81a99f2aae764689ab2d74413d9cb5b45dfd5,validation_001,1,0,1363470305,1,3.1899312394761523,
26,5.2,B_front,background_mainline,True,,224.0,20.0,,,,,,,,,,,,,,,,,,,,,,65033,0,d0edc00f047161f87ff5ac3d9db81a99f2aae764689ab2d74413d9cb5b45dfd5,validation_001,1,0,1363470305,1,,
26,5.2,B_rear,background_mainline,True,,103.91403157789894,19.614339139602954,,,,,,,,,,,,,,,,,,,,,,65033,0,d0edc00f047161f87ff5ac3d9db81a99f2aae764689ab2d74413d9cb5b45dfd5,validation_001,1,0,1363470305,1,,
27,5.4,A,ramp,True,False,157.00000000000037,30.0,1,accelerate,2.0,0.0,165.0000000000004,30.0,1,1,accelerate-accelerate,-0.015826016664505005,0.19190768897533417,-0.038360968232154846,1,0.19190768897533417,-0.015826016664505005,0.20773370563983917,0.230268657207489,"[true, true, true]",False,False,False,65033,0,d0edc00f047161f87ff5ac3d9db81a99f2aae764689ab2d74413d9cb5b45dfd5,validation_001,1,0,1363470305,1,3.1899312394761523,
27,5.4,B,mainline,True,False,165.0000000000004,30.0,1,accelerate,2.0,0.0,157.00000000000037,30.0,1,1,accelerate-accelerate,-0.10656937211751938,0.030461832880973816,-0.0973345935344696,1,0.030461832880973816,-0.0973345935344696,0.12779642641544342,0.1370312049984932,"[true, true, true]",False,False,False,65033,0,d0edc00f047161f87ff5ac3d9db81a99f2aae764689ab2d74413d9cb5b45dfd5,validation_001,1,0,1363470305,1,3.1899312394761523,
27,5.4,B_front,background_mainline,True,,228.0,20.0,,,,,,,,,,,,,,,,,,,,,,65033,0,d0edc00f047161f87ff5ac3d9db81a99f2aae764689ab2d74413d9cb5b45dfd5,validation_001,1,0,1363470305,1,,
27,5.4,B_rear,background_mainline,True,,107.83906890597642,19.63584913876762,,,,,,,,,,,,,,,,,,,,,,65033,0,d0edc00f047161f87ff5ac3d9db81a99f2aae764689ab2d74413d9cb5b45dfd5,validation_001,1,0,1363470305,1,,
28,5.6000000000000005,A,ramp,True,False,163.00000000000037,30.0,1,accelerate,2.0,0.0,171.0000000000004,30.0,1,1,accelerate-accelerate,-0.01642325520515442,0.19302666187286377,-0.0387832373380661,1,0.19302666187286377,-0.01642325520515442,0.2094499170780182,0.23180989921092987,"[true, true, true]",False,False,False,65033,0,d0edc00f047161f87ff5ac3d9db81a99f2aae764689ab2d74413d9cb5b45dfd5,validation_001,1,0,1363470305,1,3.1899312394761523,
28,5.6000000000000005,B,mainline,True,False,171.0000000000004,30.0,1,accelerate,2.0,0.0,163.00000000000037,30.0,1,1,accelerate-accelerate,-0.10927494615316391,0.030070118606090546,-0.08903577923774719,1,0.030070118606090546,-0.08903577923774719,0.11910589784383774,0.13934506475925446,"[true, true, true]",False,False,False,65033,0,d0edc00f047161f87ff5ac3d9db81a99f2aae764689ab2d74413d9cb5b45dfd5,validation_001,1,0,1363470305,1,3.1899312394761523,
28,5.6000000000000005,B_front,background_mainline,True,,232.0,20.0,,,,,,,,,,,,,,,,,,,,,,65033,0,d0edc00f047161f87ff5ac3d9db81a99f2aae764689ab2d74413d9cb5b45dfd5,validation_001,1,0,1363470305,1,,
28,5.6000000000000005,B_rear,background_mainline,True,,111.76829180196903,19.656203719865417,,,,,,,,,,,,,,,,,,,,,,65033,0,d0edc00f047161f87ff5ac3d9db81a99f2aae764689ab2d74413d9cb5b45dfd5,validation_001,1,0,1363470305,1,,
29,5.800000000000001,A,ramp,True,False,169.00000000000037,30.0,1,accelerate,2.0,0.0,177.0000000000004,30.0,1,1,accelerate-accelerate,-0.01676008477807045,0.1938893049955368,-0.03921923041343689,1,0.1938893049955368,-0.01676008477807045,0.21064938977360725,0.2331085354089737,"[true, true, true]",False,False,False,65033,0,d0edc00f047161f87ff5ac3d9db81a99f2aae764689ab2d74413d9cb5b45dfd5,validation_001,1,0,1363470305,1,3.1899312394761523,
29,5.800000000000001,B,mainline,True,False,177.0000000000004,30.0,1,accelerate,2.0,0.0,169.00000000000037,30.0,1,1,accelerate-accelerate,-0.11160453408956528,0.030025310814380646,-0.08026760071516037,1,0.030025310814380646,-0.08026760071516037,0.11029291152954102,0.14162984490394592,"[true, true, true]",False,False,False,65033,0,d0edc00f047161f87ff5ac3d9db81a99f2aae764689ab2d74413d9cb5b45dfd5,validation_001,1,0,1363470305,1,3.1899312394761523,
29,5.800000000000001,B_front,background_mainline,True,,236.0,20.0,,,,,,,,,,,,,,,,,,,,,,65033,0,d0edc00f047161f87ff5ac3d9db81a99f2aae764689ab2d74413d9cb5b45dfd5,validation_001,1,0,1363470305,1,,
29,5.800000000000001,B_rear,background_mainline,True,,115.70147481780346,19.675458956162114,,,,,,,,,,,,,,,,,,,,,,65033,0,d0edc00f047161f87ff5ac3d9db81a99f2aae764689ab2d74413d9cb5b45dfd5,validation_001,1,0,1363470305,1,,
30,6.0,A,ramp,True,False,175.00000000000037,30.0,1,accelerate,2.0,0.0,183.0000000000004,30.0,1,1,accelerate-accelerate,-0.016711927950382233,0.19384439289569855,-0.03928576409816742,1,0.19384439289569855,-0.016711927950382233,0.21055632084608078,0.23313015699386597,"[true, true, true]",False,False,False,65033,0,d0edc00f047161f87ff5ac3d9db81a99f2aae764689ab2d74413d9cb5b45dfd5,validation_001,1,0,1363470305,1,3.1899312394761523,
30,6.0,B,mainline,True,False,183.0000000000004,30.0,1,accelerate,2.0,0.0,175.00000000000037,30.0,1,1,accelerate-accelerate,-0.11313460767269135,0.0296822190284729,-0.07290804386138916,1,0.0296822190284729,-0.07290804386138916,0.10259026288986206,0.14281682670116425,"[true, true, true]",False,False,False,65033,0,d0edc00f047161f87ff5ac3d9db81a99f2aae764689ab2d74413d9cb5b45dfd5,validation_001,1,0,1363470305,1,3.1899312394761523,
30,6.0,B_front,background_mainline,True,,240.0,20.0,,,,,,,,,,,,,,,,,,,,,,65033,0,d0edc00f047161f87ff5ac3d9db81a99f2aae764689ab2d74413d9cb5b45dfd5,validation_001,1,0,1363470305,1,,
30,6.0,B_rear,background_mainline,True,,119.63840353534722,19.6936690564432,,,,,,,,,,,,,,,,,,,,,,65033,0,d0edc00f047161f87ff5ac3d9db81a99f2aae764689ab2d74413d9cb5b45dfd5,validation_001,1,0,1363470305,1,,
31,6.2,A,ramp,True,False,181.00000000000037,30.0,1,accelerate,2.0,0.0,189.0000000000004,30.0,1,1,accelerate-accelerate,-0.01680053025484085,0.19365249574184418,-0.03860233724117279,1,0.19365249574184418,-0.01680053025484085,0.21045302599668503,0.23225483298301697,"[true, true, true]",False,False,False,65033,0,d0edc00f047161f87ff5ac3d9db81a99f2aae764689ab2d74413d9cb5b45dfd5,validation_001,1,0,1363470305,1,3.1899312394761523,
31,6.2,B,mainline,True,False,189.0000000000004,30.0,1,accelerate,2.0,0.0,181.00000000000037,30.0,1,1,accelerate-accelerate,-0.1143038421869278,0.029901176691055298,-0.0681186392903328,1,0.029901176691055298,-0.0681186392903328,0.09801981598138809,0.1442050188779831,"[true, true, true]",False,False,False,65033,0,d0edc00f047161f87ff5ac3d9db81a99f2aae764689ab2d74413d9cb5b45dfd5,validation_001,1,0,1363470305,1,3.1899312394761523,
31,6.2,B_front,background_mainline,True,,244.0,20.0,,,,,,,,,,,,,,,,,,,,,,65033,0,d0edc00f047161f87ff5ac3d9db81a99f2aae764689ab2d74413d9cb5b45dfd5,validation_001,1,0,1363470305,1,,
31,6.2,B_rear,background_mainline,True,,123.57887418398364,19.710886276545164,,,,,,,,,,,,,,,,,,,,,,65033,0,d0edc00f047161f87ff5ac3d9db81a99f2aae764689ab2d74413d9cb5b45dfd5,validation_001,1,0,1363470305,1,,
32,6.4,A,ramp,True,False,187.00000000000037,30.0,1,accelerate,2.0,0.0,195.0000000000004,30.0,1,1,accelerate-accelerate,-0.017197370529174805,0.19381608068943024,-0.03734373301267624,1,0.19381608068943024,-0.017197370529174805,0.21101345121860504,0.23115981370210648,"[true, true, true]",False,False,False,65033,0,d0edc00f047161f87ff5ac3d9db81a99f2aae764689ab2d74413d9cb5b45dfd5,validation_001,1,0,1363470305,1,3.1899312394761523,
32,6.4,B,mainline,True,False,195.0000000000004,30.0,1,accelerate,2.0,0.0,187.00000000000037,30.0,1,1,accelerate-accelerate,-0.11549180001020432,0.029884308576583862,-0.06348515301942825,1,0.029884308576583862,-0.06348515301942825,0.09336946159601212,0.14537610858678818,"[true, true, true]",False,False,False,65033,0,d0edc00f047161f87ff5ac3d9db81a99f2aae764689ab2d74413d9cb5b45dfd5,validation_001,1,0,1363470305,1,3.1899312394761523,
32,6.4,B_front,background_mainline,True,,248.0,20.0,,,,,,,,,,,,,,,,,,,,,,65033,0,d0edc00f047161f87ff5ac3d9db81a99f2aae764689ab2d74413d9cb5b45dfd5,validation_001,1,0,1363470305,1,,
32,6.4,B_rear,background_mainline,True,,127.5226932444799,19.72716086912542,,,,,,,,,,,,,,,,,,,,,,65033,0,d0edc00f047161f87ff5ac3d9db81a99f2aae764689ab2d74413d9cb5b45dfd5,validation_001,1,0,1363470305,1,,
33,6.6000000000000005,A,ramp,True,False,193.00000000000037,30.0,1,accelerate,2.0,0.0,201.0000000000004,30.0,1,1,accelerate-accelerate,-0.016170397400856018,0.19360831379890442,-0.035318806767463684,1,0.19360831379890442,-0.016170397400856018,0.20977871119976044,0.2289271205663681,"[true, true, true]",False,False,False,65033,0,d0edc00f047161f87ff5ac3d9db81a99f2aae764689ab2d74413d9cb5b45dfd5,validation_001,1,0,1363470305,1,3.1899312394761523,
33,6.6000000000000005,B,mainline,True,False,201.0000000000004,30.0,1,accelerate,2.0,0.0,193.00000000000037,30.0,1,1,accelerate-accelerate,-0.1161334216594696,0.030481889843940735,-0.05906571447849274,1,0.030481889843940735,-0.05906571447849274,0.08954760432243347,0.14661531150341034,"[true, true, true]",False,False,False,65033,0,d0edc00f047161f87ff5ac3d9db81a99f2aae764689ab2d74413d9cb5b45dfd5,validation_001,1,0,1363470305,1,3.1899312394761523,
33,6.6000000000000005,B_front,background_mainline,True,,252.0,20.0,,,,,,,,,,,,,,,,,,,,,,65033,0,d0edc00f047161f87ff5ac3d9db81a99f2aae764689ab2d74413d9cb5b45dfd5,validation_001,1,0,1363470305,1,,
33,6.6000000000000005,B_rear,background_mainline,True,,131.46967704584856,19.742541062606318,,,,,,,,,,,,,,,,,,,,,,65033,0,d0edc00f047161f87ff5ac3d9db81a99f2aae764689ab2d74413d9cb5b45dfd5,validation_001,1,0,1363470305,1,,
34,6.800000000000001,A,ramp,True,False,199.00000000000037,30.0,1,accelerate,2.0,0.0,207.0000000000004,30.0,1,1,accelerate-accelerate,-0.015032641589641571,0.19314634799957275,-0.03328947722911835,1,0.19314634799957275,-0.015032641589641571,0.20817898958921432,0.2264358252286911,"[true, true, true]",False,False,False,65033,0,d0edc00f047161f87ff5ac3d9db81a99f2aae764689ab2d74413d9cb5b45dfd5,validation_001,1,0,1363470305,1,3.1899312394761523,
34,6.800000000000001,B,mainline,True,False,207.0000000000004,30.0,1,accelerate,2.0,0.0,199.00000000000037,30.0,1,1,accelerate-accelerate,-0.11645638942718506,0.031051121652126312,-0.05502974987030029,1,0.031051121652126312,-0.05502974987030029,0.0860808715224266,0.14750751107931137,"[true, true, true]",False,False,False,65033,0,d0edc00f047161f87ff5ac3d9db81a99f2aae764689ab2d74413d9cb5b45dfd5,validation_001,1,0,1363470305,1,3.1899312394761523,
34,6.800000000000001,B_front,background_mainline,True,,256.0,20.0,,,,,,,,,,,,,,,,,,,,,,65033,0,d0edc00f047161f87ff5ac3d9db81a99f2aae764689ab2d74413d9cb5b45dfd5,validation_001,1,0,1363470305,1,,
34,6.800000000000001,B_rear,background_mainline,True,,135.41965136032428,19.757073062453962,,,,,,,,,,,,,,,,,,,,,,65033,0,d0edc00f047161f87ff5ac3d9db81a99f2aae764689ab2d74413d9cb5b45dfd5,validation_001,1,0,1363470305,1,,
35,7.0,A,ramp,True,False,205.00000000000037,30.0,1,accelerate,2.0,0.0,213.0000000000004,30.0,1,1,accelerate-accelerate,-0.013955432921648026,0.19275033473968506,-0.031222596764564514,1,0.19275033473968506,-0.013955432921648026,0.20670576766133308,0.22397293150424957,"[true, true, true]",False,False,False,65033,0,d0edc00f047161f87ff5ac3d9db81a99f2aae764689ab2d74413d9cb5b45dfd5,validation_001,1,0,1363470305,1,3.1899312394761523,
35,7.0,B,mainline,True,False,213.0000000000004,30.0,1,accelerate,2.0,0.0,205.00000000000037,30.0,1,1,accelerate-accelerate,-0.11669966578483582,0.031716108322143555,-0.05101364105939865,1,0.031716108322143555,-0.05101364105939865,0.0827297493815422,0.14841577410697937,"[true, true, true]",False,False,False,65033,0,d0edc00f047161f87ff5ac3d9db81a99f2aae764689ab2d74413d9cb5b45dfd5,validation_001,1,0,1363470305,1,3.1899312394761523,
35,7.0,B_front,background_mainline,True,,260.0,0.0,,,,,,,,,,,,,,,,,,,,,,65033,0,d0edc00f047161f87ff5ac3d9db81a99f2aae764689ab2d74413d9cb5b45dfd5,validation_001,1,0,1363470305,1,,
35,7.0,B_rear,background_mainline,True,,139.37245100037848,19.770801069566904,,,,,,,,,,,,,,,,,,,,,,65033,0,d0edc00f047161f87ff5ac3d9db81a99f2aae764689ab2d74413d9cb5b45dfd5,validation_001,1,0,1363470305,1,,
36,7.2,A,ramp,True,False,211.00000000000037,30.0,1,accelerate,2.0,0.0,219.0000000000004,30.0,1,1,accelerate-accelerate,0.004172824323177338,0.16646936535835266,-0.07711141556501389,1,0.16646936535835266,0.004172824323177338,0.16229654103517532,0.24358078092336655,"[true, true, true]",False,False,False,65033,0,d0edc00f047161f87ff5ac3d9db81a99f2aae764689ab2d74413d9cb5b45dfd5,validation_001,1,0,1363470305,1,3.1899312394761523,
36,7.2,B,mainline,True,False,219.0000000000004,30.0,1,accelerate,2.0,0.0,211.00000000000037,30.0,1,1,accelerate-accelerate,-0.11700952053070068,0.01874573528766632,-0.020061664283275604,1,0.01874573528766632,-0.020061664283275604,0.038807399570941925,0.135755255818367,"[true, true, true]",False,False,False,65033,0,d0edc00f047161f87ff5ac3d9db81a99f2aae764689ab2d74413d9cb5b45dfd5,validation_001,1,0,1363470305,1,3.1899312394761523,
36,7.2,B_front,background_mainline,True,,260.0,0.0,,,,,,,,,,,,,,,,,,,,,,65033,0,d0edc00f047161f87ff5ac3d9db81a99f2aae764689ab2d74413d9cb5b45dfd5,validation_001,1,0,1363470305,1,,
36,7.2,B_rear,background_mainline,True,,143.32791942077466,19.783767311738593,,,,,,,,,,,,,,,,,,,,,,65033,0,d0edc00f047161f87ff5ac3d9db81a99f2aae764689ab2d74413d9cb5b45dfd5,validation_001,1,0,1363470305,1,,
37,7.4,A,ramp,True,False,217.00000000000037,30.0,1,accelerate,2.0,0.0,225.0000000000004,30.0,1,1,accelerate-accelerate,0.005105175077915192,0.1661486178636551,-0.07494885474443436,1,0.1661486178636551,0.005105175077915192,0.1610434427857399,0.24109747260808945,"[true, true, true]",False,False,False,65033,0,d0edc00f047161f87ff5ac3d9db81a99f2aae764689ab2d74413d9cb5b45dfd5,validation_001,1,0,1363470305,1,3.1899312394761523,
37,7.4,B,mainline,True,False,225.0000000000004,30.0,1,accelerate,2.0,0.0,217.00000000000037,30.0,1,1,accelerate-accelerate,-0.11637033522129059,0.018035300076007843,-0.01673763245344162,1,0.018035300076007843,-0.01673763245344162,0.03477293252944946,0.13440563529729843,"[true, true, true]",False,False,False,65033,0,d0edc00f047161f87ff5ac3d9db81a99f2aae764689ab2d74413d9cb5b45dfd5,validation_001,1,0,1363470305,1,3.1899312394761523,
37,7.4,B_front,background_mainline,True,,260.0,0.0,,,,,,,,,,,,,,,,,,,,,,65033,0,d0edc00f047161f87ff5ac3d9db81a99f2aae764689ab2d74413d9cb5b45dfd5,validation_001,1,0,1363470305,1,,
37,7.4,B_rear,background_mainline,True,,147.28590832795214,19.796012085045312,,,,,,,,,,,,,,,,,,,,,,65033,0,d0edc00f047161f87ff5ac3d9db81a99f2aae764689ab2d74413d9cb5b45dfd5,validation_001,1,0,1363470305,1,,
38,7.6000000000000005,A,ramp,True,False,223.00000000000037,30.0,1,accelerate,2.0,0.0,231.0000000000004,30.0,1,1,accelerate-accelerate,0.006237402558326721,0.16543224453926086,-0.07267756760120392,1,0.16543224453926086,0.006237402558326721,0.15919484198093414,0.23810981214046478,"[true, true, true]",False,False,False,65033,0,d0edc00f047161f87ff5ac3d9db81a99f2aae764689ab2d74413d9cb5b45dfd5,validation_001,1,0,1363470305,1,3.1899312394761523,
38,7.6000000000000005,B,mainline,True,False,231.0000000000004,30.0,1,accelerate,2.0,0.0,223.00000000000037,30.0,1,1,accelerate-accelerate,-0.1155911311507225,0.017546892166137695,-0.013333320617675781,1,0.017546892166137695,-0.013333320617675781,0.030880212783813477,0.1331380233168602,"[true, true, true]",False,False,False,65033,0,d0edc00f047161f87ff5ac3d9db81a99f2aae764689ab2d74413d9cb5b45dfd5,validation_001,1,0,1363470305,1,3.1899312394761523,
38,7.6000000000000005,B_front,background_mainline,True,,260.0,0.0,,,,,,,,,,,,,,,,,,,,,,65033,0,d0edc00f047161f87ff5ac3d9db81a99f2aae764689ab2d74413d9cb5b45dfd5,validation_001,1,0,1363470305,1,,
38,7.6000000000000005,B_rear,background_mainline,True,,151.24627729846648,19.807573802683077,,,,,,,,,,,,,,,,,,,,,,65033,0,d0edc00f047161f87ff5ac3d9db81a99f2aae764689ab2d74413d9cb5b45dfd5,validation_001,1,0,1363470305,1,,
39,7.800000000000001,A,ramp,True,False,229.00000000000037,30.0,1,accelerate,2.0,0.0,237.0000000000004,30.0,1,1,accelerate-accelerate,0.007368195801973343,0.16471663117408752,-0.07040484994649887,1,0.16471663117408752,0.007368195801973343,0.15734843537211418,0.2351214811205864,"[true, true, true]",False,False,False,65033,0,d0edc00f047161f87ff5ac3d9db81a99f2aae764689ab2d74413d9cb5b45dfd5,validation_001,1,0,1363470305,1,3.1899312394761523,
39,7.800000000000001,B,mainline,True,False,237.0000000000004,30.0,1,accelerate,2.0,0.0,229.00000000000037,30.0,1,1,accelerate-accelerate,-0.11478503793478012,0.01705135405063629,-0.010006442666053772,1,0.01705135405063629,-0.010006442666053772,0.027057796716690063,0.1318363919854164,"[true, true, true]",False,False,False,65033,0,d0edc00f047161f87ff5ac3d9db81a99f2aae764689ab2d74413d9cb5b45dfd5,validation_001,1,0,1363470305,1,3.1899312394761523,
39,7.800000000000001,B_front,background_mainline,True,,260.0,0.0,,,,,,,,,,,,,,,,,,,,,,65033,0,d0edc00f047161f87ff5ac3d9db81a99f2aae764689ab2d74413d9cb5b45dfd5,validation_001,1,0,1363470305,1,,
39,7.800000000000001,B_rear,background_mainline,True,,155.2088934077733,19.81848904929153,,,,,,,,,,,,,,,,,,,,,,65033,0,d0edc00f047161f87ff5ac3d9db81a99f2aae764689ab2d74413d9cb5b45dfd5,validation_001,1,0,1363470305,1,,
40,8.0,A,ramp,True,False,235.00000000000037,30.0,1,accelerate,2.0,0.0,243.0000000000004,30.0,1,1,accelerate-accelerate,0.008497670292854309,0.16400176286697388,-0.06813076883554459,1,0.16400176286697388,0.008497670292854309,0.15550409257411957,0.23213253170251846,"[true, true, true]",False,False,False,65033,0,d0edc00f047161f87ff5ac3d9db81a99f2aae764689ab2d74413d9cb5b45dfd5,validation_001,1,0,1363470305,1,3.1899312394761523,
40,8.0,B,mainline,True,False,243.0000000000004,30.0,1,accelerate,2.0,0.0,235.00000000000037,30.0,1,1,accelerate-accelerate,-0.11440393328666687,0.016386285424232483,-0.006053559482097626,1,0.016386285424232483,-0.006053559482097626,0.02243984490633011,0.13079021871089935,"[true, true, true]",False,False,False,65033,0,d0edc00f047161f87ff5ac3d9db81a99f2aae764689ab2d74413d9cb5b45dfd5,validation_001,1,0,1363470305,1,3.1899312394761523,
40,8.0,B_front,background_mainline,True,,260.0,0.0,,,,,,,,,,,,,,,,,,,,,,65033,0,d0edc00f047161f87ff5ac3d9db81a99f2aae764689ab2d74413d9cb5b45dfd5,validation_001,1,0,1363470305,1,,
40,8.0,B_rear,background_mainline,True,,159.17363087029108,19.828792639201687,,,,,,,,,,,,,,,,,,,,,,65033,0,d0edc00f047161f87ff5ac3d9db81a99f2aae764689ab2d74413d9cb5b45dfd5,validation_001,1,0,1363470305,1,,
41,8.200000000000001,A,ramp,True,False,241.00000000000037,30.0,1,accelerate,2.0,0.0,249.0000000000004,30.0,1,1,accelerate-accelerate,0.009549997746944427,0.16342990100383759,-0.06615857779979706,1,0.16342990100383759,0.009549997746944427,0.15387990325689316,0.22958847880363464,"[true, true, true]",False,False,False,65033,0,d0edc00f047161f87ff5ac3d9db81a99f2aae764689ab2d74413d9cb5b45dfd5,validation_001,1,0,1363470305,1,3.1899312394761523,
41,8.200000000000001,B,mainline,True,False,249.0000000000004,30.0,1,accelerate,2.0,0.0,241.00000000000037,30.0,1,1,accelerate-accelerate,-0.11355503648519516,0.015671566128730774,-0.0021795034408569336,1,0.015671566128730774,-0.0021795034408569336,0.017851069569587708,0.12922660261392593,"[true, true, true]",False,False,False,65033,0,d0edc00f047161f87ff5ac3d9db81a99f2aae764689ab2d74413d9cb5b45dfd5,validation_001,1,0,1363470305,1,3.1899312394761523,
41,8.200000000000001,B_front,background_mainline,True,,260.0,0.0,,,,,,,,,,,,,,,,,,,,,,65033,0,d0edc00f047161f87ff5ac3d9db81a99f2aae764689ab2d74413d9cb5b45dfd5,validation_001,1,0,1363470305,1,,
41,8.200000000000001,B_rear,background_mainline,True,,163.14037069139823,19.838517677356666,,,,,,,,,,,,,,,,,,,,,,65033,0,d0edc00f047161f87ff5ac3d9db81a99f2aae764689ab2d74413d9cb5b45dfd5,validation_001,1,0,1363470305,1,,
42,8.4,A,ramp,True,False,247.00000000000037,30.0,1,accelerate,2.0,0.0,255.0000000000004,30.0,1,1,accelerate-accelerate,0.010577015578746796,0.16290034353733063,-0.06425825506448746,1,0.16290034353733063,0.010577015578746796,0.15232332795858383,0.22715859860181808,"[true, true, true]",False,False,False,65033,0,d0edc00f047161f87ff5ac3d9db81a99f2aae764689ab2d74413d9cb5b45dfd5,validation_001,1,0,1363470305,1,,
42,8.4,B,mainline,True,False,255.0000000000004,30.0,1,accelerate,2.0,0.0,247.00000000000037,30.0,1,1,accelerate-accelerate,-0.11287711560726166,0.015473946928977966,0.0015670359134674072,1,0.015473946928977966,0.0015670359134674072,0.013906911015510559,0.12835106253623962,"[true, true, true]",False,False,False,65033,0,d0edc00f047161f87ff5ac3d9db81a99f2aae764689ab2d74413d9cb5b45dfd5,validation_001,1,0,1363470305,1,,
42,8.4,B_front,background_mainline,True,,260.0,0.0,,,,,,,,,,,,,,,,,,,,,,65033,0,d0edc00f047161f87ff5ac3d9db81a99f2aae764689ab2d74413d9cb5b45dfd5,validation_001,1,0,1363470305,1,,
42,8.4,B_rear,background_mainline,True,,167.10900033179522,19.847695621901472,,,,,,,,,,,,,,,,,,,,,,65033,0,d0edc00f047161f87ff5ac3d9db81a99f2aae764689ab2d74413d9cb5b45dfd5,validation_001,1,0,1363470305,1,,
43,8.6,A,ramp,True,False,253.00000000000037,30.0,1,accelerate,2.0,0.0,261.0000000000004,0.0,1,0,active-inactive,-0.0353027805685997,0.0476837232708931,-0.0977226048707962,1,0.0476837232708931,-0.0353027805685997,0.0829865038394928,0.1454063281416893,"[true, true, true]",False,False,False,65033,0,d0edc00f047161f87ff5ac3d9db81a99f2aae764689ab2d74413d9cb5b45dfd5,validation_001,1,0,1363470305,1,,
43,8.6,B,mainline,False,True,261.0000000000004,0.0,0,maintain,0.0,0.0,253.00000000000037,30.0,1,0,active-inactive,-0.11809933185577393,0.053418178111314774,-0.07039819657802582,1,0.053418178111314774,-0.07039819657802582,0.12381637468934059,0.1715175099670887,"[true, true, true]",False,False,False,65033,0,d0edc00f047161f87ff5ac3d9db81a99f2aae764689ab2d74413d9cb5b45dfd5,validation_001,1,0,1363470305,1,,
43,8.6,B_front,background_mainline,True,,260.0,0.0,,,,,,,,,,,,,,,,,,,,,,65033,0,d0edc00f047161f87ff5ac3d9db81a99f2aae764689ab2d74413d9cb5b45dfd5,validation_001,1,0,1363470305,1,,
43,8.6,B_rear,background_mainline,True,,171.07941338448205,19.856356347635195,,,,,,,,,,,,,,,,,,,,,,65033,0,d0edc00f047161f87ff5ac3d9db81a99f2aae764689ab2d74413d9cb5b45dfd5,validation_001,1,0,1363470305,1,,
44,8.8,A,ramp,True,False,259.00000000000034,30.0,1,accelerate,2.0,0.0,261.0000000000004,0.0,1,0,active-inactive,-0.03580057621002197,0.04766214266419411,-0.09305642545223236,1,0.04766214266419411,-0.03580057621002197,0.08346271887421608,0.14071856811642647,"[true, true, true]",False,True,False,65033,0,d0edc00f047161f87ff5ac3d9db81a99f2aae764689ab2d74413d9cb5b45dfd5,validation_001,1,0,1363470305,1,,
44,8.8,B,mainline,False,True,261.0000000000004,0.0,0,maintain,0.0,0.0,259.00000000000034,30.0,1,0,active-inactive,-0.11626839637756348,0.05553074926137924,-0.06888528168201447,1,0.05553074926137924,-0.06888528168201447,0.12441603094339371,0.17179914563894272,"[true, true, true]",False,True,False,65033,0,d0edc00f047161f87ff5ac3d9db81a99f2aae764689ab2d74413d9cb5b45dfd5,validation_001,1,0,1363470305,1,,
44,8.8,B_front,background_mainline,True,,260.0,0.0,,,,,,,,,,,,,,,,,,,,,,65033,0,d0edc00f047161f87ff5ac3d9db81a99f2aae764689ab2d74413d9cb5b45dfd5,validation_001,1,0,1363470305,1,,
44,8.8,B_rear,background_mainline,True,,175.05151886259938,19.864654657390098,,,,,,,,,,,,,,,,,,,,,,65033,0,d0edc00f047161f87ff5ac3d9db81a99f2aae764689ab2d74413d9cb5b45dfd5,validation_001,1,0,1363470305,1,,
0,0.0,A,mainline,True,False,33.199999999999996,18.0,1,accelerate,0.0,2.0000000000000284,44.8,16.0,1,1,accelerate-accelerate,-0.025429755449295044,-0.004796519875526428,-0.02569020539522171,1,-0.004796519875526428,-0.025429755449295044,0.020633235573768616,0.020893685519695282,"[true, true, true]",False,False,False,65033,0,d0edc00f047161f87ff5ac3d9db81a99f2aae764689ab2d74413d9cb5b45dfd5,validation_002,0,1,1134915331,2,,
0,0.0,B,ramp,True,False,44.8,16.0,1,accelerate,0.0,2.0000000000000284,33.199999999999996,18.0,1,1,accelerate-accelerate,-0.07282890379428864,0.07304150611162186,-0.212428480386734,1,0.07304150611162186,-0.07282890379428864,0.1458704099059105,0.28546998649835587,"[true, true, true]",False,False,False,65033,0,d0edc00f047161f87ff5ac3d9db81a99f2aae764689ab2d74413d9cb5b45dfd5,validation_002,0,1,1134915331,2,,
0,0.0,B_front,background_mainline,True,,106.0,20.0,,,,,,,,,,,,,,,,,,,,,,65033,0,d0edc00f047161f87ff5ac3d9db81a99f2aae764689ab2d74413d9cb5b45dfd5,validation_002,0,1,1134915331,2,,
0,0.0,B_rear,background_mainline,True,,15.479999999999997,18.799999999999997,,,,,,,,,,,,,,,,,,,,,,65033,0,d0edc00f047161f87ff5ac3d9db81a99f2aae764689ab2d74413d9cb5b45dfd5,validation_002,0,1,1134915331,2,,
1,0.2,A,mainline,True,False,36.839999999999996,18.400000000000006,1,accelerate,2.0,2.0000000000000284,48.04,16.400000000000006,1,1,accelerate-accelerate,-0.026753410696983337,2.9355287551879883e-06,-0.023290246725082397,1,2.9355287551879883e-06,-0.023290246725082397,0.023293182253837585,0.026756346225738525,"[true, true, true]",False,False,False,65033,0,d0edc00f047161f87ff5ac3d9db81a99f2aae764689ab2d74413d9cb5b45dfd5,validation_002,0,1,1134915331,2,,
1,0.2,B,ramp,True,False,48.04,16.400000000000006,1,accelerate,2.0,2.0000000000000284,36.839999999999996,18.400000000000006,1,1,accelerate-accelerate,-0.07540479302406311,0.07192479074001312,-0.21268343925476074,1,0.07192479074001312,-0.07540479302406311,0.14732958376407623,0.28460822999477386,"[true, true, true]",False,False,False,65033,0,d0edc00f047161f87ff5ac3d9db81a99f2aae764689ab2d74413d9cb5b45dfd5,validation_002,0,1,1134915331,2,,
1,0.2,B_front,background_mainline,True,,110.0,20.0,,,,,,,,,,,,,,,,,,,,,,65033,0,d0edc00f047161f87ff5ac3d9db81a99f2aae764689ab2d74413d9cb5b45dfd5,validation_002,0,1,1134915331,2,,
1,0.2,B_rear,background_mainline,True,,19.143925082557182,17.93317851765601,,,,,,,,,,,,,,,,,,,,,,65033,0,d0edc00f047161f87ff5ac3d9db81a99f2aae764689ab2d74413d9cb5b45dfd5,validation_002,0,1,1134915331,2,,
2,0.4,A,mainline,True,False,40.559999999999995,18.80000000000001,1,accelerate,2.0,2.0000000000000284,51.36,16.80000000000001,1,1,accelerate-accelerate,-0.027442358434200287,0.004452690482139587,-0.021244212985038757,1,0.004452690482139587,-0.021244212985038757,0.025696903467178345,0.031895048916339874,"[true, true, true]",False,False,False,65033,0,d0edc00f047161f87ff5ac3d9db81a99f2aae764689ab2d74413d9cb5b45dfd5,validation_002,0,1,1134915331,2,,
2,0.4,B,ramp,True,False,51.36,16.80000000000001,1,accelerate,2.0,2.0000000000000284,40.559999999999995,18.80000000000001,1,1,accelerate-accelerate,-0.07756958901882172,0.07064459472894669,-0.21269947290420532,1,0.07064459472894669,-0.07756958901882172,0.1482141837477684,0.283344067633152,"[true, true, true]",False,False,False,65033,0,d0edc00f047161f87ff5ac3d9db81a99f2aae764689ab2d74413d9cb5b45dfd5,validation_002,0,1,1134915331,2,,
2,0.4,B_front,background_mainline,True,,114.0,20.0,,,,,,,,,,,,,,,,,,,,,,65033,0,d0edc00f047161f87ff5ac3d9db81a99f2aae764689ab2d74413d9cb5b45dfd5,validation_002,0,1,1134915331,2,,
2,0.4,B_rear,background_mainline,True,,22.681678902188935,17.48916056318839,,,,,,,,,,,,,,,,,,,,,,65033,0,d0edc00f047161f87ff5ac3d9db81a99f2aae764689ab2d74413d9cb5b45dfd5,validation_002,0,1,1134915331,2,,
3,0.6000000000000001,A,mainline,True,False,44.36,19.200000000000017,1,accelerate,2.0,2.0000000000000284,54.760000000000005,17.200000000000017,1,1,accelerate-accelerate,-0.027070745825767517,0.008149683475494385,-0.019472196698188782,1,0.008149683475494385,-0.019472196698188782,0.027621880173683167,0.0352204293012619,"[true, true, true]",False,False,False,65033,0,d0edc00f047161f87ff5ac3d9db81a99f2aae764689ab2d74413d9cb5b45dfd5,validation_002,0,1,1134915331,2,,
3,0.6000000000000001,B,ramp,True,False,54.760000000000005,17.200000000000017,1,accelerate,2.0,2.0000000000000284,44.36,19.200000000000017,1,1,accelerate-accelerate,-0.07921624183654785,0.06914198398590088,-0.2124267816543579,1,0.06914198398590088,-0.07921624183654785,0.14835822582244873,0.2815687656402588,"[true, true, true]",False,False,False,65033,0,d0edc00f047161f87ff5ac3d9db81a99f2aae764689ab2d74413d9cb5b45dfd5,validation_002,0,1,1134915331,2,,
3,0.6000000000000001,B_front,background_mainline,True,,118.0,20.0,,,,,,,,,,,,,,,,,,,,,,65033,0,d0edc00f047161f87ff5ac3d9db81a99f2aae764689ab2d74413d9cb5b45dfd5,validation_002,0,1,1134915331,2,,
3,0.6000000000000001,B_rear,background_mainline,True,,26.154340751488505,17.26259959714517,,,,,,,,,,,,,,,,,,,,,,65033,0,d0edc00f047161f87ff5ac3d9db81a99f2aae764689ab2d74413d9cb5b45dfd5,validation_002,0,1,1134915331,2,,
4,0.8,A,mainline,True,False,48.24,19.600000000000023,1,accelerate,2.0,2.0000000000000284,58.24000000000001,17.600000000000023,1,1,accelerate-accelerate,-0.026279225945472717,0.011629477143287659,-0.017909489572048187,1,0.011629477143287659,-0.017909489572048187,0.029538966715335846,0.037908703088760376,"[true, true, true]",False,False,False,65033,0,d0edc00f047161f87ff5ac3d9db81a99f2aae764689ab2d74413d9cb5b45dfd5,validation_002,0,1,1134915331,2,,
4,0.8,B,ramp,True,False,58.24000000000001,17.600000000000023,1,accelerate,2.0,2.0000000000000284,48.24,19.600000000000023,1,1,accelerate-accelerate,-0.08034445345401764,0.0677553042769432,-0.21210536360740662,1,0.0677553042769432,-0.08034445345401764,0.14809975773096085,0.2798606678843498,"[true, true, true]",False,False,False,65033,0,d0edc00f047161f87ff5ac3d9db81a99f2aae764689ab2d74413d9cb5b45dfd5,validation_002,0,1,1134915331,2,,
4,0.8,B_front,background_mainline,True,,122.0,20.0,,,,,,,,,,,,,,,,,,,,,,65033,0,d0edc00f047161f87ff5ac3d9db81a99f2aae764689ab2d74413d9cb5b45dfd5,validation_002,0,1,1134915331,2,,
4,0.8,B_rear,background_mainline,True,,29.595387083201295,17.163273310397567,,,,,,,,,,,,,,,,,,,,,,65033,0,d0edc00f047161f87ff5ac3d9db81a99f2aae764689ab2d74413d9cb5b45dfd5,validation_002,0,1,1134915331,2,,
5,1.0,A,mainline,True,False,52.20000000000001,20.00000000000003,1,accelerate,2.0,2.0000000000000284,61.80000000000001,18.00000000000003,1,1,accelerate-accelerate,-0.02553461492061615,0.015569452196359634,-0.016270749270915985,1,0.015569452196359634,-0.016270749270915985,0.03184020146727562,0.041104067116975784,"[true, true, true]",False,False,False,65033,0,d0edc00f047161f87ff5ac3d9db81a99f2aae764689ab2d74413d9cb5b45dfd5,validation_002,0,1,1134915331,2,,
5,1.0,B,ramp,True,False,61.80000000000001,18.00000000000003,1,accelerate,2.0,2.0000000000000284,52.20000000000001,20.00000000000003,1,1,accelerate-accelerate,-0.08116736263036728,0.06640924513339996,-0.21186524629592896,1,0.06640924513339996,-0.08116736263036728,0.14757660776376724,0.2782744914293289,"[true, true, true]",False,False,False,65033,0,d0edc00f047161f87ff5ac3d9db81a99f2aae764689ab2d74413d9cb5b45dfd5,validation_002,0,1,1134915331,2,,
5,1.0,B_front,background_mainline,True,,126.0,20.0,,,,,,,,,,,,,,,,,,,,,,65033,0,d0edc00f047161f87ff5ac3d9db81a99f2aae764689ab2d74413d9cb5b45dfd5,validation_002,0,1,1134915331,2,,
5,1.0,B_rear,background_mainline,True,,33.02510362919334,17.143813508192984,,,,,,,,,,,,,,,,,,,,,,65033,0,d0edc00f047161f87ff5ac3d9db81a99f2aae764689ab2d74413d9cb5b45dfd5,validation_002,0,1,1134915331,2,,
6,1.2000000000000002,A,mainline,True,False,56.240000000000016,20.400000000000034,1,accelerate,2.0,2.0000000000000284,65.44000000000003,18.400000000000034,1,1,accelerate-accelerate,-0.025001585483551025,0.020174968987703323,-0.014458000659942627,1,0.020174968987703323,-0.014458000659942627,0.03463296964764595,0.04517655447125435,"[true, true, true]",False,False,False,65033,0,d0edc00f047161f87ff5ac3d9db81a99f2aae764689ab2d74413d9cb5b45dfd5,validation_002,0,1,1134915331,2,,
6,1.2000000000000002,B,ramp,True,False,65.44000000000003,18.400000000000034,1,accelerate,2.0,2.0000000000000284,56.240000000000016,20.400000000000034,1,1,accelerate-accelerate,-0.08204901963472366,0.06460808217525482,-0.21130110323429108,1,0.06460808217525482,-0.08204901963472366,0.14665710180997849,0.2759091854095459,"[true, true, true]",False,False,False,65033,0,d0edc00f047161f87ff5ac3d9db81a99f2aae764689ab2d74413d9cb5b45dfd5,validation_002,0,1,1134915331,2,,
6,1.2000000000000002,B_front,background_mainline,True,,130.0,20.0,,,,,,,,,,,,,,,,,,,,,,65033,0,d0edc00f047161f87ff5ac3d9db81a99f2aae764689ab2d74413d9cb5b45dfd5,validation_002,0,1,1134915331,2,,
6,1.2000000000000002,B_rear,background_mainline,True,,36.45647032424563,17.176390907368457,,,,,,,,,,,,,,,,,,,,,,65033,0,d0edc00f047161f87ff5ac3d9db81a99f2aae764689ab2d74413d9cb5b45dfd5,validation_002,0,1,1134915331,2,,
7,1.4000000000000001,A,mainline,True,False,60.36000000000002,20.80000000000004,1,accelerate,2.0,2.0000000000000284,69.16000000000003,18.80000000000004,1,1,accelerate-accelerate,-0.024346113204956055,0.024796798825263977,-0.012609995901584625,1,0.024796798825263977,-0.012609995901584625,0.0374067947268486,0.04914291203022003,"[true, true, true]",False,False,False,65033,0,d0edc00f047161f87ff5ac3d9db81a99f2aae764689ab2d74413d9cb5b45dfd5,validation_002,0,1,1134915331,2,,
7,1.4000000000000001,B,ramp,True,False,69.16000000000003,18.80000000000004,1,accelerate,2.0,2.0000000000000284,60.36000000000002,20.80000000000004,1,1,accelerate-accelerate,-0.08252762258052826,0.06292179971933365,-0.21046236157417297,1,0.06292179971933365,-0.08252762258052826,0.1454494222998619,0.2733841612935066,"[true, true, true]",False,False,False,65033,0,d0edc00f047161f87ff5ac3d9db81a99f2aae764689ab2d74413d9cb5b45dfd5,validation_002,0,1,1134915331,2,,
7,1.4000000000000001,B_front,background_mainline,True,,134.0,20.0,,,,,,,,,,,,,,,,,,,,,,65033,0,d0edc00f047161f87ff5ac3d9db81a99f2aae764689ab2d74413d9cb5b45dfd5,validation_002,0,1,1134915331,2,,
7,1.4000000000000001,B_rear,background_mainline,True,,39.89801000961257,17.24331545433152,,,,,,,,,,,,,,,,,,,,,,65033,0,d0edc00f047161f87ff5ac3d9db81a99f2aae764689ab2d74413d9cb5b45dfd5,validation_002,0,1,1134915331,2,,
8,1.6,A,mainline,True,False,64.56000000000003,21.200000000000045,1,accelerate,2.0,2.0000000000000284,72.96000000000002,19.200000000000045,1,1,accelerate-accelerate,-0.02372453361749649,0.029690690338611603,-0.01003296673297882,1,0.029690690338611603,-0.01003296673297882,0.039723657071590424,0.05341522395610809,"[true, true, true]",False,False,False,65033,0,d0edc00f047161f87ff5ac3d9db81a99f2aae764689ab2d74413d9cb5b45dfd5,validation_002,0,1,1134915331,2,,
8,1.6,B,ramp,True,False,72.96000000000002,19.200000000000045,1,accelerate,2.0,2.0000000000000284,64.56000000000003,21.200000000000045,1,1,accelerate-accelerate,-0.08112695813179016,0.061513353139162064,-0.20821115374565125,1,0.061513353139162064,-0.08112695813179016,0.14264031127095222,0.2697245068848133,"[true, true, true]",False,False,False,65033,0,d0edc00f047161f87ff5ac3d9db81a99f2aae764689ab2d74413d9cb5b45dfd5,validation_002,0,1,1134915331,2,,
8,1.6,B_front,background_mainline,True,,138.0,20.0,,,,,,,,,,,,,,,,,,,,,,65033,0,d0edc00f047161f87ff5ac3d9db81a99f2aae764689ab2d74413d9cb5b45dfd5,validation_002,0,1,1134915331,2,,
8,1.6,B_rear,background_mainline,True,,43.35533093409817,17.33266031689334,,,,,,,,,,,,,,,,,,,,,,65033,0,d0edc00f047161f87ff5ac3d9db81a99f2aae764689ab2d74413d9cb5b45dfd5,validation_002,0,1,1134915331,2,,
9,1.8,A,mainline,True,False,68.84000000000003,21.60000000000005,1,accelerate,2.0,2.0000000000000284,76.84000000000003,19.60000000000005,1,1,accelerate-accelerate,-0.023117460310459137,0.034632954746484756,-0.007537379860877991,1,0.034632954746484756,-0.007537379860877991,0.04217033460736275,0.05775041505694389,"[true, true, true]",False,False,False,65033,0,d0edc00f047161f87ff5ac3d9db81a99f2aae764689ab2d74413d9cb5b45dfd5,validation_002,0,1,1134915331,2,,
9,1.8,B,ramp,True,False,76.84000000000003,19.60000000000005,1,accelerate,2.0,2.0000000000000284,68.84000000000003,21.60000000000005,1,1,accelerate-accelerate,-0.08012497425079346,0.05986591428518295,-0.20625755190849304,1,0.05986591428518295,-0.08012497425079346,0.1399908885359764,0.266123466193676,"[true, true, true]",False,False,False,65033,0,d0edc00f047161f87ff5ac3d9db81a99f2aae764689ab2d74413d9cb5b45dfd5,validation_002,0,1,1134915331,2,,
9,1.8,B_front,background_mainline,True,,142.0,20.0,,,,,,,,,,,,,,,,,,,,,,65033,0,d0edc00f047161f87ff5ac3d9db81a99f2aae764689ab2d74413d9cb5b45dfd5,validation_002,0,1,1134915331,2,,
9,1.8,B_rear,background_mainline,True,,46.83203229778852,17.436007690892737,,,,,,,,,,,,,,,,,,,,,,65033,0,d0edc00f047161f87ff5ac3d9db81a99f2aae764689ab2d74413d9cb5b45dfd5,validation_002,0,1,1134915331,2,,
10,2.0,A,mainline,True,False,73.20000000000003,22.000000000000057,1,accelerate,2.0,2.0000000000000284,80.80000000000004,20.000000000000057,1,1,accelerate-accelerate,-0.022678181529045105,0.03952108323574066,-0.005066812038421631,1,0.03952108323574066,-0.005066812038421631,0.04458789527416229,0.06219926476478577,"[true, true, true]",False,False,False,65033,0,d0edc00f047161f87ff5ac3d9db81a99f2aae764689ab2d74413d9cb5b45dfd5,validation_002,0,1,1134915331,2,,
10,2.0,B,ramp,True,False,80.80000000000004,20.000000000000057,1,accelerate,2.0,2.0000000000000284,73.20000000000003,22.000000000000057,1,1,accelerate-accelerate,-0.07965072989463806,0.05787572264671326,-0.2047528326511383,1,0.05787572264671326,-0.07965072989463806,0.13752645254135132,0.26262855529785156,"[true, true, true]",False,False,False,65033,0,d0edc00f047161f87ff5ac3d9db81a99f2aae764689ab2d74413d9cb5b45dfd5,validation_002,0,1,1134915331,2,,
10,2.0,B_front,background_mainline,True,,146.0,20.0,,,,,,,,,,,,,,,,,,,,,,65033,0,d0edc00f047161f87ff5ac3d9db81a99f2aae764689ab2d74413d9cb5b45dfd5,validation_002,0,1,1134915331,2,,
10,2.0,B_rear,background_mainline,True,,50.330270131878855,17.547197664126582,,,,,,,,,,,,,,,,,,,,,,65033,0,d0edc00f047161f87ff5ac3d9db81a99f2aae764689ab2d74413d9cb5b45dfd5,validation_002,0,1,1134915331,2,,
11,2.2,A,mainline,True,False,77.64000000000004,22.400000000000063,1,accelerate,2.0,2.0000000000000284,84.84000000000005,20.400000000000063,1,1,accelerate-accelerate,-0.022286824882030487,0.044510118663311005,-0.0026121214032173157,1,0.044510118663311005,-0.0026121214032173157,0.04712224006652832,0.06679694354534149,"[true, true, true]",False,False,False,65033,0,d0edc00f047161f87ff5ac3d9db81a99f2aae764689ab2d74413d9cb5b45dfd5,validation_002,0,1,1134915331,2,,
11,2.2,B,ramp,True,False,84.84000000000005,20.400000000000063,1,accelerate,2.0,2.0000000000000284,77.64000000000004,22.400000000000063,1,1,accelerate-accelerate,-0.07900117337703705,0.055224932730197906,-0.20357194542884827,1,0.055224932730197906,-0.07900117337703705,0.13422610610723495,0.2587968781590462,"[true, true, true]",False,False,False,65033,0,d0edc00f047161f87ff5ac3d9db81a99f2aae764689ab2d74413d9cb5b45dfd5,validation_002,0,1,1134915331,2,,
11,2.2,B_front,background_mainline,True,,150.0,20.0,,,,,,,,,,,,,,,,,,,,,,65033,0,d0edc00f047161f87ff5ac3d9db81a99f2aae764689ab2d74413d9cb5b45dfd5,validation_002,0,1,1134915331,2,,
11,2.2,B_rear,background_mainline,True,,53.85112960510799,17.66159349317774,,,,,,,,,,,,,,,,,,,,,,65033,0,d0edc00f047161f87ff5ac3d9db81a99f2aae764689ab2d74413d9cb5b45dfd5,validation_002,0,1,1134915331,2,,
12,2.4000000000000004,A,mainline,True,False,82.16000000000005,22.800000000000068,1,accelerate,2.0,2.0000000000000284,88.96000000000006,20.800000000000068,1,1,accelerate-accelerate,-0.021365411579608917,0.049302130937576294,-0.0004789605736732483,1,0.049302130937576294,-0.0004789605736732483,0.04978109151124954,0.07066754251718521,"[true, true, true]",False,False,False,65033,0,d0edc00f047161f87ff5ac3d9db81a99f2aae764689ab2d74413d9cb5b45dfd5,validation_002,0,1,1134915331,2,,
12,2.4000000000000004,B,ramp,True,False,88.96000000000006,20.800000000000068,1,accelerate,2.0,2.0000000000000284,82.16000000000005,22.800000000000068,1,1,accelerate-accelerate,-0.07847407460212708,0.051678914576768875,-0.20165668427944183,1,0.051678914576768875,-0.07847407460212708,0.13015298917889595,0.2533355988562107,"[true, true, true]",False,False,False,65033,0,d0edc00f047161f87ff5ac3d9db81a99f2aae764689ab2d74413d9cb5b45dfd5,validation_002,0,1,1134915331,2,,
12,2.4000000000000004,B_front,background_mainline,True,,154.0,20.0,,,,,,,,,,,,,,,,,,,,,,65033,0,d0edc00f047161f87ff5ac3d9db81a99f2aae764689ab2d74413d9cb5b45dfd5,validation_002,0,1,1134915331,2,,
12,2.4000000000000004,B_rear,background_mainline,True,,57.39485316200274,17.775061166422145,,,,,,,,,,,,,,,,,,,,,,65033,0,d0edc00f047161f87ff5ac3d9db81a99f2aae764689ab2d74413d9cb5b45dfd5,validation_002,0,1,1134915331,2,,
13,2.6,A,mainline,True,False,86.76000000000006,23.200000000000074,1,accelerate,2.0,2.0000000000000284,93.16000000000008,21.200000000000074,1,1,accelerate-accelerate,-0.02036568522453308,0.05405358225107193,0.001595526933670044,1,0.05405358225107193,0.001595526933670044,0.052458055317401886,0.07441926747560501,"[true, true, true]",False,False,False,65033,0,d0edc00f047161f87ff5ac3d9db81a99f2aae764689ab2d74413d9cb5b45dfd5,validation_002,0,1,1134915331,2,,
13,2.6,B,ramp,True,False,93.16000000000008,21.200000000000074,1,accelerate,2.0,2.0000000000000284,86.76000000000006,23.200000000000074,1,1,accelerate-accelerate,-0.07791022956371307,0.0480964370071888,-0.1998838484287262,1,0.0480964370071888,-0.07791022956371307,0.12600666657090187,0.247980285435915,"[true, true, true]",False,False,False,65033,0,d0edc00f047161f87ff5ac3d9db81a99f2aae764689ab2d74413d9cb5b45dfd5,validation_002,0,1,1134915331,2,,
13,2.6,B_front,background_mainline,True,,158.0,20.0,,,,,,,,,,,,,,,,,,,,,,65033,0,d0edc00f047161f87ff5ac3d9db81a99f2aae764689ab2d74413d9cb5b45dfd5,validation_002,0,1,1134915331,2,,
13,2.6,B_rear,background_mainline,True,,60.960847628265,17.884183906058325,,,,,,,,,,,,,,,,,,,,,,65033,0,d0edc00f047161f87ff5ac3d9db81a99f2aae764689ab2d74413d9cb5b45dfd5,validation_002,0,1,1134915331,2,,
14,2.8000000000000003,A,mainline,True,False,91.44000000000008,23.60000000000008,1,accelerate,2.0,2.0000000000000284,97.4400000000001,21.60000000000008,1,1,accelerate-accelerate,-0.019352510571479797,0.05884814262390137,0.003677092492580414,1,0.05884814262390137,0.003677092492580414,0.05517105013132095,0.07820065319538116,"[true, true, true]",False,False,False,65033,0,d0edc00f047161f87ff5ac3d9db81a99f2aae764689ab2d74413d9cb5b45dfd5,validation_002,0,1,1134915331,2,,
14,2.8000000000000003,B,ramp,True,False,97.4400000000001,21.60000000000008,1,accelerate,2.0,2.0000000000000284,91.44000000000008,23.60000000000008,1,1,accelerate-accelerate,-0.07769663631916046,0.04505340754985809,-0.19771708548069,1,0.04505340754985809,-0.07769663631916046,0.12275004386901855,0.2427704930305481,"[true, true, true]",False,False,False,65033,0,d0edc00f047161f87ff5ac3d9db81a99f2aae764689ab2d74413d9cb5b45dfd5,validation_002,0,1,1134915331,2,,
14,2.8000000000000003,B_front,background_mainline,True,,162.0,20.0,,,,,,,,,,,,,,,,,,,,,,65033,0,d0edc00f047161f87ff5ac3d9db81a99f2aae764689ab2d74413d9cb5b45dfd5,validation_002,0,1,1134915331,2,,
14,2.8000000000000003,B_rear,background_mainline,True,,64.54822207202676,17.98887551763265,,,,,,,,,,,,,,,,,,,,,,65033,0,d0edc00f047161f87ff5ac3d9db81a99f2aae764689ab2d74413d9cb5b45dfd5,validation_002,0,1,1134915331,2,,
15,3.0,A,mainline,True,False,96.2000000000001,24.000000000000085,1,accelerate,2.0,2.0000000000000284,101.80000000000013,22.000000000000085,1,1,accelerate-accelerate,-0.01951674371957779,0.06278522312641144,0.005290806293487549,1,0.06278522312641144,0.005290806293487549,0.05749441683292389,0.08230196684598923,"[true, true, true]",False,False,False,65033,0,d0edc00f047161f87ff5ac3d9db81a99f2aae764689ab2d74413d9cb5b45dfd5,validation_002,0,1,1134915331,2,0.13417391494577657,0.06708695747288829
15,3.0,B,ramp,True,False,101.80000000000013,22.000000000000085,1,accelerate,2.0,2.0000000000000284,96.2000000000001,24.000000000000085,1,1,accelerate-accelerate,-0.07804186642169952,0.0424673967063427,-0.1947304606437683,1,0.0424673967063427,-0.07804186642169952,0.12050926312804222,0.237197857350111,"[true, true, true]",False,False,False,65033,0,d0edc00f047161f87ff5ac3d9db81a99f2aae764689ab2d74413d9cb5b45dfd5,validation_002,0,1,1134915331,2,0.13417391494577657,0.06708695747288829
15,3.0,B_front,background_mainline,True,,166.0,20.0,,,,,,,,,,,,,,,,,,,,,,65033,0,d0edc00f047161f87ff5ac3d9db81a99f2aae764689ab2d74413d9cb5b45dfd5,validation_002,0,1,1134915331,2,,
15,3.0,B_rear,background_mainline,True,,68.1560997964781,18.089232178816264,,,,,,,,,,,,,,,,,,,,,,65033,0,d0edc00f047161f87ff5ac3d9db81a99f2aae764689ab2d74413d9cb5b45dfd5,validation_002,0,1,1134915331,2,,
16,3.2,A,mainline,True,False,101.04000000000012,24.40000000000009,1,accelerate,2.0,2.0000000000000284,106.24000000000015,22.40000000000009,1,1,accelerate-accelerate,-0.011710919439792633,0.06062190979719162,0.006907172501087189,1,0.06062190979719162,0.006907172501087189,0.05371473729610443,0.07233282923698425,"[true, true, true]",False,False,False,65033,0,d0edc00f047161f87ff5ac3d9db81a99f2aae764689ab2d74413d9cb5b45dfd5,validation_002,0,1,1134915331,2,-0.30009782346292013,0.0
16,3.2,B,ramp,True,False,106.24000000000015,22.40000000000009,1,accelerate,2.0,2.0000000000000284,101.04000000000012,24.40000000000009,1,1,accelerate-accelerate,-0.08120040595531464,0.05217431113123894,-0.15871337056159973,1,0.05217431113123894,-0.08120040595531464,0.13337471708655357,0.21088768169283867,"[true, true, true]",False,False,False,65033,0,d0edc00f047161f87ff5ac3d9db81a99f2aae764689ab2d74413d9cb5b45dfd5,validation_002,0,1,1134915331,2,-0.30009782346292013,0.0
16,3.2,B_front,background_mainline,True,,170.0,20.0,,,,,,,,,,,,,,,,,,,,,,65033,0,d0edc00f047161f87ff5ac3d9db81a99f2aae764689ab2d74413d9cb5b45dfd5,validation_002,0,1,1134915331,2,,
16,3.2,B_rear,background_mainline,True,,71.78362388691994,18.18535542877623,,,,,,,,,,,,,,,,,,,,,,65033,0,d0edc00f047161f87ff5ac3d9db81a99f2aae764689ab2d74413d9cb5b45dfd5,validation_002,0,1,1134915331,2,,
17,3.4000000000000004,A,mainline,True,False,105.96000000000015,24.800000000000097,1,accelerate,2.0,2.0000000000000284,110.76000000000016,22.800000000000097,1,1,accelerate-accelerate,-0.01102621853351593,0.06319159269332886,0.007650896906852722,1,0.06319159269332886,0.007650896906852722,0.055540695786476135,0.07421781122684479,"[true, true, true]",True,True,False,65033,0,d0edc00f047161f87ff5ac3d9db81a99f2aae764689ab2d74413d9cb5b45dfd5,validation_002,0,1,1134915331,2,-0.5174998058301696,0.0
17,3.4000000000000004,B,ramp,True,False,110.76000000000016,22.800000000000097,1,accelerate,2.0,2.0000000000000284,105.96000000000015,24.800000000000097,1,1,accelerate-accelerate,-0.08154131472110748,0.0525125227868557,-0.15633434057235718,1,0.0525125227868557,-0.08154131472110748,0.13405383750796318,0.20884686335921288,"[true, true, true]",True,True,False,65033,0,d0edc00f047161f87ff5ac3d9db81a99f2aae764689ab2d74413d9cb5b45dfd5,validation_002,0,1,1134915331,2,-0.5174998058301696,0.0
17,3.4000000000000004,B_front,background_mainline,True,,172.0,20.0,,,,,,,,,,,,,,,,,,,,,,65033,0,d0edc00f047161f87ff5ac3d9db81a99f2aae764689ab2d74413d9cb5b45dfd5,validation_002,0,1,1134915331,2,,
17,3.4000000000000004,B_rear,background_mainline,True,,73.60449119281832,18.231862555530824,,,,,,,,,,,,,,,,,,,,,,65033,0,d0edc00f047161f87ff5ac3d9db81a99f2aae764689ab2d74413d9cb5b45dfd5,validation_002,0,1,1134915331,2,,
0,0.0,A,ramp,True,False,44.8,16.0,1,accelerate,0.0,2.0000000000000284,33.199999999999996,18.0,1,1,accelerate-accelerate,-0.05572580546140671,0.04620634764432907,-0.06642823666334152,1,0.04620634764432907,-0.05572580546140671,0.10193215310573578,0.1126345843076706,"[true, true, true]",False,False,False,65033,0,d0edc00f047161f87ff5ac3d9db81a99f2aae764689ab2d74413d9cb5b45dfd5,validation_002,1,1,1134915331,3,,
0,0.0,B,mainline,True,False,33.199999999999996,18.0,1,accelerate,0.0,2.0000000000000284,44.8,16.0,1,1,accelerate-accelerate,-0.06065595895051956,0.05817641317844391,-0.18702563643455505,1,0.05817641317844391,-0.06065595895051956,0.11883237212896347,0.24520204961299896,"[true, true, true]",False,False,False,65033,0,d0edc00f047161f87ff5ac3d9db81a99f2aae764689ab2d74413d9cb5b45dfd5,validation_002,1,1,1134915331,3,,
0,0.0,B_front,background_mainline,True,,106.0,20.0,,,,,,,,,,,,,,,,,,,,,,65033,0,d0edc00f047161f87ff5ac3d9db81a99f2aae764689ab2d74413d9cb5b45dfd5,validation_002,1,1,1134915331,3,,
0,0.0,B_rear,background_mainline,True,,15.479999999999997,18.799999999999997,,,,,,,,,,,,,,,,,,,,,,65033,0,d0edc00f047161f87ff5ac3d9db81a99f2aae764689ab2d74413d9cb5b45dfd5,validation_002,1,1,1134915331,3,,
1,0.2,A,ramp,True,False,48.04,16.400000000000006,1,accelerate,2.0,2.0000000000000284,36.839999999999996,18.400000000000006,1,1,accelerate-accelerate,-0.05554883927106857,0.04949580132961273,-0.06459428369998932,1,0.04949580132961273,-0.05554883927106857,0.1050446406006813,0.11409008502960205,"[true, true, true]",False,False,False,65033,0,d0edc00f047161f87ff5ac3d9db81a99f2aae764689ab2d74413d9cb5b45dfd5,validation_002,1,1,1134915331,3,,
1,0.2,B,mainline,True,False,36.839999999999996,18.400000000000006,1,accelerate,2.0,2.0000000000000284,48.04,16.400000000000006,1,1,accelerate-accelerate,-0.06210394948720932,0.056982725858688354,-0.18843673169612885,1,0.056982725858688354,-0.06210394948720932,0.11908667534589767,0.2454194575548172,"[true, true, true]",False,False,False,65033,0,d0edc00f047161f87ff5ac3d9db81a99f2aae764689ab2d74413d9cb5b45dfd5,validation_002,1,1,1134915331,3,,
1,0.2,B_front,background_mainline,True,,110.0,20.0,,,,,,,,,,,,,,,,,,,,,,65033,0,d0edc00f047161f87ff5ac3d9db81a99f2aae764689ab2d74413d9cb5b45dfd5,validation_002,1,1,1134915331,3,,
1,0.2,B_rear,background_mainline,True,,19.143925082557182,17.93317851765601,,,,,,,,,,,,,,,,,,,,,,65033,0,d0edc00f047161f87ff5ac3d9db81a99f2aae764689ab2d74413d9cb5b45dfd5,validation_002,1,1,1134915331,3,,
2,0.4,A,ramp,True,False,51.36,16.80000000000001,1,accelerate,2.0,2.0000000000000284,40.559999999999995,18.80000000000001,1,1,accelerate-accelerate,-0.0549655556678772,0.05304163694381714,-0.063256174325943,1,0.05304163694381714,-0.0549655556678772,0.10800719261169434,0.11629781126976013,"[true, true, true]",False,False,False,65033,0,d0edc00f047161f87ff5ac3d9db81a99f2aae764689ab2d74413d9cb5b45dfd5,validation_002,1,1,1134915331,3,,
2,0.4,B,mainline,True,False,40.559999999999995,18.80000000000001,1,accelerate,2.0,2.0000000000000284,51.36,16.80000000000001,1,1,accelerate-accelerate,-0.06355425715446472,0.05583030357956886,-0.18976446986198425,1,0.05583030357956886,-0.06355425715446472,0.11938456073403358,0.24559477344155312,"[true, true, true]",False,False,False,65033,0,d0edc00f047161f87ff5ac3d9db81a99f2aae764689ab2d74413d9cb5b45dfd5,validation_002,1,1,1134915331,3,,
2,0.4,B_front,background_mainline,True,,114.0,20.0,,,,,,,,,,,,,,,,,,,,,,65033,0,d0edc00f047161f87ff5ac3d9db81a99f2aae764689ab2d74413d9cb5b45dfd5,validation_002,1,1,1134915331,3,,
2,0.4,B_rear,background_mainline,True,,22.681678902188935,17.48916056318839,,,,,,,,,,,,,,,,,,,,,,65033,0,d0edc00f047161f87ff5ac3d9db81a99f2aae764689ab2d74413d9cb5b45dfd5,validation_002,1,1,1134915331,3,,
3,0.6000000000000001,A,ramp,True,False,54.760000000000005,17.200000000000017,1,accelerate,2.0,2.0000000000000284,44.36,19.200000000000017,1,1,accelerate-accelerate,-0.05389008671045303,0.05684493109583855,-0.06251253187656403,1,0.05684493109583855,-0.05389008671045303,0.11073501780629158,0.11935746297240257,"[true, true, true]",False,False,False,65033,0,d0edc00f047161f87ff5ac3d9db81a99f2aae764689ab2d74413d9cb5b45dfd5,validation_002,1,1,1134915331,3,,
3,0.6000000000000001,B,mainline,True,False,44.36,19.200000000000017,1,accelerate,2.0,2.0000000000000284,54.760000000000005,17.200000000000017,1,1,accelerate-accelerate,-0.06486359238624573,0.05474713444709778,-0.190826877951622,1,0.05474713444709778,-0.06486359238624573,0.1196107268333435,0.2455740123987198,"[true, true, true]",False,False,False,65033,0,d0edc00f047161f87ff5ac3d9db81a99f2aae764689ab2d74413d9cb5b45dfd5,validation_002,1,1,1134915331,3,,
3,0.6000000000000001,B_front,background_mainline,True,,118.0,20.0,,,,,,,,,,,,,,,,,,,,,,65033,0,d0edc00f047161f87ff5ac3d9db81a99f2aae764689ab2d74413d9cb5b45dfd5,validation_002,1,1,1134915331,3,,
3,0.6000000000000001,B_rear,background_mainline,True,,26.154340751488505,17.26259959714517,,,,,,,,,,,,,,,,,,,,,,65033,0,d0edc00f047161f87ff5ac3d9db81a99f2aae764689ab2d74413d9cb5b45dfd5,validation_002,1,1,1134915331,3,,
4,0.8,A,ramp,True,False,58.24000000000001,17.600000000000023,1,accelerate,2.0,2.0000000000000284,48.24,19.600000000000023,1,1,accelerate-accelerate,-0.05259997397661209,0.060660410672426224,-0.06204717606306076,1,0.060660410672426224,-0.05259997397661209,0.11326038464903831,0.12270758673548698,"[true, true, true]",False,False,False,65033,0,d0edc00f047161f87ff5ac3d9db81a99f2aae764689ab2d74413d9cb5b45dfd5,validation_002,1,1,1134915331,3,,
4,0.8,B,mainline,True,False,48.24,19.600000000000023,1,accelerate,2.0,2.0000000000000284,58.24000000000001,17.600000000000023,1,1,accelerate-accelerate,-0.06624966859817505,0.05335907265543938,-0.19139781594276428,1,0.05335907265543938,-0.06624966859817505,0.11960874125361443,0.24475688859820366,"[true, true, true]",False,False,False,65033,0,d0edc00f047161f87ff5ac3d9db81a99f2aae764689ab2d74413d9cb5b45dfd5,validation_002,1,1,1134915331,3,,
4,0.8,B_front,background_mainline,True,,122.0,20.0,,,,,,,,,,,,,,,,,,,,,,65033,0,d0edc00f047161f87ff5ac3d9db81a99f2aae764689ab2d74413d9cb5b45dfd5,validation_002,1,1,1134915331,3,,
4,0.8,B_rear,background_mainline,True,,29.595387083201295,17.163273310397567,,,,,,,,,,,,,,,,,,,,,,65033,0,d0edc00f047161f87ff5ac3d9db81a99f2aae764689ab2d74413d9cb5b45dfd5,validation_002,1,1,1134915331,3,,
5,1.0,A,ramp,True,False,61.80000000000001,18.00000000000003,1,accelerate,2.0,2.0000000000000284,52.20000000000001,20.00000000000003,1,1,accelerate-accelerate,-0.05096866190433502,0.06474144756793976,-0.061430469155311584,1,0.06474144756793976,-0.05096866190433502,0.11571010947227478,0.12617191672325134,"[true, true, true]",False,False,False,65033,0,d0edc00f047161f87ff5ac3d9db81a99f2aae764689ab2d74413d9cb5b45dfd5,validation_002,1,1,1134915331,3,,
5,1.0,B,mainline,True,False,52.20000000000001,20.00000000000003,1,accelerate,2.0,2.0000000000000284,61.80000000000001,18.00000000000003,1,1,accelerate-accelerate,-0.06720118969678879,0.051678676158189774,-0.19146090745925903,1,0.051678676158189774,-0.06720118969678879,0.11887986585497856,0.2431395836174488,"[true, true, true]",False,False,False,65033,0,d0edc00f047161f87ff5ac3d9db81a99f2aae764689ab2d74413d9cb5b45dfd5,validation_002,1,1,1134915331,3,,
5,1.0,B_front,background_mainline,True,,126.0,20.0,,,,,,,,,,,,,,,,,,,,,,65033,0,d0edc00f047161f87ff5ac3d9db81a99f2aae764689ab2d74413d9cb5b45dfd5,validation_002,1,1,1134915331,3,,
5,1.0,B_rear,background_mainline,True,,33.02510362919334,17.143813508192984,,,,,,,,,,,,,,,,,,,,,,65033,0,d0edc00f047161f87ff5ac3d9db81a99f2aae764689ab2d74413d9cb5b45dfd5,validation_002,1,1,1134915331,3,,
6,1.2000000000000002,A,ramp,True,False,65.44000000000003,18.400000000000034,1,accelerate,2.0,2.0000000000000284,56.240000000000016,20.400000000000034,1,1,accelerate-accelerate,-0.04901072010397911,0.06909772753715515,-0.06049484759569168,1,0.06909772753715515,-0.04901072010397911,0.11810844764113426,0.12959257513284683,"[true, true, true]",False,False,False,65033,0,d0edc00f047161f87ff5ac3d9db81a99f2aae764689ab2d74413d9cb5b45dfd5,validation_002,1,1,1134915331,3,,
6,1.2000000000000002,B,mainline,True,False,56.240000000000016,20.400000000000034,1,accelerate,2.0,2.0000000000000284,65.44000000000003,18.400000000000034,1,1,accelerate-accelerate,-0.06753525137901306,0.04986025393009186,-0.19117723405361176,1,0.04986025393009186,-0.06753525137901306,0.11739550530910492,0.2410374879837036,"[true, true, true]",False,False,False,65033,0,d0edc00f047161f87ff5ac3d9db81a99f2aae764689ab2d74413d9cb5b45dfd5,validation_002,1,1,1134915331,3,,
6,1.2000000000000002,B_front,background_mainline,True,,130.0,20.0,,,,,,,,,,,,,,,,,,,,,,65033,0,d0edc00f047161f87ff5ac3d9db81a99f2aae764689ab2d74413d9cb5b45dfd5,validation_002,1,1,1134915331,3,,
6,1.2000000000000002,B_rear,background_mainline,True,,36.45647032424563,17.176390907368457,,,,,,,,,,,,,,,,,,,,,,65033,0,d0edc00f047161f87ff5ac3d9db81a99f2aae764689ab2d74413d9cb5b45dfd5,validation_002,1,1,1134915331,3,,
7,1.4000000000000001,A,ramp,True,False,69.16000000000003,18.80000000000004,1,accelerate,2.0,2.0000000000000284,60.36000000000002,20.80000000000004,1,1,accelerate-accelerate,-0.04741302877664566,0.0737522542476654,-0.05977698415517807,1,0.0737522542476654,-0.04741302877664566,0.12116528302431107,0.13352923840284348,"[true, true, true]",False,False,False,65033,0,d0edc00f047161f87ff5ac3d9db81a99f2aae764689ab2d74413d9cb5b45dfd5,validation_002,1,1,1134915331,3,,
7,1.4000000000000001,B,mainline,True,False,60.36000000000002,20.80000000000004,1,accelerate,2.0,2.0000000000000284,69.16000000000003,18.80000000000004,1,1,accelerate-accelerate,-0.06787609308958054,0.048020586371421814,-0.19079290330410004,1,0.048020586371421814,-0.06787609308958054,0.11589667946100235,0.23881348967552185,"[true, true, true]",False,False,False,65033,0,d0edc00f047161f87ff5ac3d9db81a99f2aae764689ab2d74413d9cb5b45dfd5,validation_002,1,1,1134915331,3,,
7,1.4000000000000001,B_front,background_mainline,True,,134.0,20.0,,,,,,,,,,,,,,,,,,,,,,65033,0,d0edc00f047161f87ff5ac3d9db81a99f2aae764689ab2d74413d9cb5b45dfd5,validation_002,1,1,1134915331,3,,
7,1.4000000000000001,B_rear,background_mainline,True,,39.89801000961257,17.24331545433152,,,,,,,,,,,,,,,,,,,,,,65033,0,d0edc00f047161f87ff5ac3d9db81a99f2aae764689ab2d74413d9cb5b45dfd5,validation_002,1,1,1134915331,3,,
8,1.6,A,ramp,True,False,72.96000000000002,19.200000000000045,1,accelerate,2.0,2.0000000000000284,64.56000000000003,21.200000000000045,1,1,accelerate-accelerate,-0.046642664819955826,0.07945867627859116,-0.05894891545176506,1,0.07945867627859116,-0.046642664819955826,0.12610134109854698,0.13840759173035622,"[true, true, true]",False,False,False,65033,0,d0edc00f047161f87ff5ac3d9db81a99f2aae764689ab2d74413d9cb5b45dfd5,validation_002,1,1,1134915331,3,,
8,1.6,B,mainline,True,False,64.56000000000003,21.200000000000045,1,accelerate,2.0,2.0000000000000284,72.96000000000002,19.200000000000045,1,1,accelerate-accelerate,-0.06846899539232254,0.045858170837163925,-0.18992358446121216,1,0.045858170837163925,-0.06846899539232254,0.11432716622948647,0.23578175529837608,"[true, true, true]",False,False,False,65033,0,d0edc00f047161f87ff5ac3d9db81a99f2aae764689ab2d74413d9cb5b45dfd5,validation_002,1,1,1134915331,3,,
8,1.6,B_front,background_mainline,True,,138.0,20.0,,,,,,,,,,,,,,,,,,,,,,65033,0,d0edc00f047161f87ff5ac3d9db81a99f2aae764689ab2d74413d9cb5b45dfd5,validation_002,1,1,1134915331,3,,
8,1.6,B_rear,background_mainline,True,,43.35533093409817,17.33266031689334,,,,,,,,,,,,,,,,,,,,,,65033,0,d0edc00f047161f87ff5ac3d9db81a99f2aae764689ab2d74413d9cb5b45dfd5,validation_002,1,1,1134915331,3,,
9,1.8,A,ramp,True,False,76.84000000000003,19.60000000000005,1,accelerate,2.0,2.0000000000000284,68.84000000000003,21.60000000000005,1,1,accelerate-accelerate,-0.0458887442946434,0.08532445132732391,-0.05826655030250549,1,0.08532445132732391,-0.0458887442946434,0.13121319562196732,0.1435910016298294,"[true, true, true]",False,False,False,65033,0,d0edc00f047161f87ff5ac3d9db81a99f2aae764689ab2d74413d9cb5b45dfd5,validation_002,1,1,1134915331,3,,
9,1.8,B,mainline,True,False,68.84000000000003,21.60000000000005,1,accelerate,2.0,2.0000000000000284,76.84000000000003,19.60000000000005,1,1,accelerate-accelerate,-0.06905214488506317,0.043366096913814545,-0.18781518936157227,1,0.043366096913814545,-0.06905214488506317,0.11241824179887772,0.2311812862753868,"[true, true, true]",False,False,False,65033,0,d0edc00f047161f87ff5ac3d9db81a99f2aae764689ab2d74413d9cb5b45dfd5,validation_002,1,1,1134915331,3,,
9,1.8,B_front,background_mainline,True,,142.0,20.0,,,,,,,,,,,,,,,,,,,,,,65033,0,d0edc00f047161f87ff5ac3d9db81a99f2aae764689ab2d74413d9cb5b45dfd5,validation_002,1,1,1134915331,3,,
9,1.8,B_rear,background_mainline,True,,46.83203229778852,17.436007690892737,,,,,,,,,,,,,,,,,,,,,,65033,0,d0edc00f047161f87ff5ac3d9db81a99f2aae764689ab2d74413d9cb5b45dfd5,validation_002,1,1,1134915331,3,,
10,2.0,A,ramp,True,False,80.80000000000004,20.000000000000057,1,accelerate,2.0,2.0000000000000284,73.20000000000003,22.000000000000057,1,1,accelerate-accelerate,-0.04521973058581352,0.09145631641149521,-0.05796265974640846,1,0.09145631641149521,-0.04521973058581352,0.13667604699730873,0.14941897615790367,"[true, true, true]",False,False,False,65033,0,d0edc00f047161f87ff5ac3d9db81a99f2aae764689ab2d74413d9cb5b45dfd5,validation_002,1,1,1134915331,3,,
10,2.0,B,mainline,True,False,73.20000000000003,22.000000000000057,1,accelerate,2.0,2.0000000000000284,80.80000000000004,20.000000000000057,1,1,accelerate-accelerate,-0.06962230801582336,0.040734823793172836,-0.18565264344215393,1,0.040734823793172836,-0.06962230801582336,0.1103571318089962,0.22638746723532677,"[true, true, true]",False,False,False,65033,0,d0edc00f047161f87ff5ac3d9db81a99f2aae764689ab2d74413d9cb5b45dfd5,validation_002,1,1,1134915331,3,,
10,2.0,B_front,background_mainline,True,,146.0,20.0,,,,,,,,,,,,,,,,,,,,,,65033,0,d0edc00f047161f87ff5ac3d9db81a99f2aae764689ab2d74413d9cb5b45dfd5,validation_002,1,1,1134915331,3,,
10,2.0,B_rear,background_mainline,True,,50.330270131878855,17.547197664126582,,,,,,,,,,,,,,,,,,,,,,65033,0,d0edc00f047161f87ff5ac3d9db81a99f2aae764689ab2d74413d9cb5b45dfd5,validation_002,1,1,1134915331,3,,
11,2.2,A,ramp,True,False,84.84000000000005,20.400000000000063,1,accelerate,2.0,2.0000000000000284,77.64000000000004,22.400000000000063,1,1,accelerate-accelerate,-0.044949859380722046,0.0974758192896843,-0.057934775948524475,1,0.0974758192896843,-0.044949859380722046,0.14242567867040634,0.15541059523820877,"[true, true, true]",False,False,False,65033,0,d0edc00f047161f87ff5ac3d9db81a99f2aae764689ab2d74413d9cb5b45dfd5,validation_002,1,1,1134915331,3,,
11,2.2,B,mainline,True,False,77.64000000000004,22.400000000000063,1,accelerate,2.0,2.0000000000000284,84.84000000000005,20.400000000000063,1,1,accelerate-accelerate,-0.07030917704105377,0.0380403995513916,-0.18354569375514984,1,0.0380403995513916,-0.07030917704105377,0.10834957659244537,0.22158609330654144,"[true, true, true]",False,False,False,65033,0,d0edc00f047161f87ff5ac3d9db81a99f2aae764689ab2d74413d9cb5b45dfd5,validation_002,1,1,1134915331,3,,
11,2.2,B_front,background_mainline,True,,150.0,20.0,,,,,,,,,,,,,,,,,,,,,,65033,0,d0edc00f047161f87ff5ac3d9db81a99f2aae764689ab2d74413d9cb5b45dfd5,validation_002,1,1,1134915331,3,,
11,2.2,B_rear,background_mainline,True,,53.85112960510799,17.66159349317774,,,,,,,,,,,,,,,,,,,,,,65033,0,d0edc00f047161f87ff5ac3d9db81a99f2aae764689ab2d74413d9cb5b45dfd5,validation_002,1,1,1134915331,3,,
12,2.4000000000000004,A,ramp,True,False,88.96000000000006,20.800000000000068,1,accelerate,2.0,2.0000000000000284,82.16000000000005,22.800000000000068,1,1,accelerate-accelerate,-0.04536627233028412,0.10342763364315033,-0.05817326158285141,1,0.10342763364315033,-0.04536627233028412,0.14879390597343445,0.16160089522600174,"[true, true, true]",False,False,False,65033,0,d0edc00f047161f87ff5ac3d9db81a99f2aae764689ab2d74413d9cb5b45dfd5,validation_002,1,1,1134915331,3,,
12,2.4000000000000004,B,mainline,True,False,82.16000000000005,22.800000000000068,1,accelerate,2.0,2.0000000000000284,88.96000000000006,20.800000000000068,1,1,accelerate-accelerate,-0.0710284560918808,0.035314224660396576,-0.18137143552303314,1,0.035314224660396576,-0.0710284560918808,0.10634268075227737,0.21668566018342972,"[true, true, true]",False,False,False,65033,0,d0edc00f047161f87ff5ac3d9db81a99f2aae764689ab2d74413d9cb5b45dfd5,validation_002,1,1,1134915331,3,,
12,2.4000000000000004,B_front,background_mainline,True,,154.0,20.0,,,,,,,,,,,,,,,,,,,,,,65033,0,d0edc00f047161f87ff5ac3d9db81a99f2aae764689ab2d74413d9cb5b45dfd5,validation_002,1,1,1134915331,3,,
12,2.4000000000000004,B_rear,background_mainline,True,,57.39485316200274,17.775061166422145,,,,,,,,,,,,,,,,,,,,,,65033,0,d0edc00f047161f87ff5ac3d9db81a99f2aae764689ab2d74413d9cb5b45dfd5,validation_002,1,1,1134915331,3,,
13,2.6,A,ramp,True,False,93.16000000000008,21.200000000000074,1,accelerate,2.0,2.0000000000000284,86.76000000000006,23.200000000000074,1,1,accelerate-accelerate,-0.045195940881967545,0.10868533700704575,-0.05907456576824188,1,0.10868533700704575,-0.045195940881967545,0.1538812778890133,0.16775990277528763,"[true, true, true]",False,False,False,65033,0,d0edc00f047161f87ff5ac3d9db81a99f2aae764689ab2d74413d9cb5b45dfd5,validation_002,1,1,1134915331,3,,
13,2.6,B,mainline,True,False,86.76000000000006,23.200000000000074,1,accelerate,2.0,2.0000000000000284,93.16000000000008,21.200000000000074,1,1,accelerate-accelerate,-0.07179835438728333,0.03254610300064087,-0.17912670969963074,1,0.03254610300064087,-0.07179835438728333,0.1043444573879242,0.2116728127002716,"[true, true, true]",False,False,False,65033,0,d0edc00f047161f87ff5ac3d9db81a99f2aae764689ab2d74413d9cb5b45dfd5,validation_002,1,1,1134915331,3,,
13,2.6,B_front,background_mainline,True,,158.0,20.0,,,,,,,,,,,,,,,,,,,,,,65033,0,d0edc00f047161f87ff5ac3d9db81a99f2aae764689ab2d74413d9cb5b45dfd5,validation_002,1,1,1134915331,3,,
13,2.6,B_rear,background_mainline,True,,60.960847628265,17.884183906058325,,,,,,,,,,,,,,,,,,,,,,65033,0,d0edc00f047161f87ff5ac3d9db81a99f2aae764689ab2d74413d9cb5b45dfd5,validation_002,1,1,1134915331,3,,
14,2.8000000000000003,A,ramp,True,False,97.4400000000001,21.60000000000008,1,accelerate,2.0,2.0000000000000284,91.44000000000008,23.60000000000008,1,1,accelerate-accelerate,-0.04508773982524872,0.11428594589233398,-0.059578657150268555,1,0.11428594589233398,-0.04508773982524872,0.1593736857175827,0.17386460304260254,"[true, true, true]",False,False,False,65033,0,d0edc00f047161f87ff5ac3d9db81a99f2aae764689ab2d74413d9cb5b45dfd5,validation_002,1,1,1134915331,3,,
14,2.8000000000000003,B,mainline,True,False,91.44000000000008,23.60000000000008,1,accelerate,2.0,2.0000000000000284,97.4400000000001,21.60000000000008,1,1,accelerate-accelerate,-0.07299986481666565,0.029743365943431854,-0.17618446052074432,1,0.029743365943431854,-0.07299986481666565,0.1027432307600975,0.20592782646417618,"[true, true, true]",False,False,False,65033,0,d0edc00f047161f87ff5ac3d9db81a99f2aae764689ab2d74413d9cb5b45dfd5,validation_002,1,1,1134915331,3,,
14,2.8000000000000003,B_front,background_mainline,True,,162.0,20.0,,,,,,,,,,,,,,,,,,,,,,65033,0,d0edc00f047161f87ff5ac3d9db81a99f2aae764689ab2d74413d9cb5b45dfd5,validation_002,1,1,1134915331,3,,
14,2.8000000000000003,B_rear,background_mainline,True,,64.54822207202676,17.98887551763265,,,,,,,,,,,,,,,,,,,,,,65033,0,d0edc00f047161f87ff5ac3d9db81a99f2aae764689ab2d74413d9cb5b45dfd5,validation_002,1,1,1134915331,3,,
15,3.0,A,ramp,True,False,101.80000000000013,22.000000000000085,1,accelerate,2.0,2.0000000000000284,96.2000000000001,24.000000000000085,1,1,accelerate-accelerate,-0.04532967507839203,0.11964097619056702,-0.0594913512468338,1,0.11964097619056702,-0.04532967507839203,0.16497065126895905,0.17913232743740082,"[true, true, true]",False,False,False,65033,0,d0edc00f047161f87ff5ac3d9db81a99f2aae764689ab2d74413d9cb5b45dfd5,validation_002,1,1,1134915331,3,0.13417391494577657,0.06708695747288829
15,3.0,B,mainline,True,False,96.2000000000001,24.000000000000085,1,accelerate,2.0,2.0000000000000284,101.80000000000013,22.000000000000085,1,1,accelerate-accelerate,-0.07489780336618423,0.02723769098520279,-0.173041433095932,1,0.02723769098520279,-0.07489780336618423,0.10213549435138702,0.2002791240811348,"[true, true, true]",False,False,False,65033,0,d0edc00f047161f87ff5ac3d9db81a99f2aae764689ab2d74413d9cb5b45dfd5,validation_002,1,1,1134915331,3,0.13417391494577657,0.06708695747288829
15,3.0,B_front,background_mainline,True,,166.0,20.0,,,,,,,,,,,,,,,,,,,,,,65033,0,d0edc00f047161f87ff5ac3d9db81a99f2aae764689ab2d74413d9cb5b45dfd5,validation_002,1,1,1134915331,3,,
15,3.0,B_rear,background_mainline,True,,68.1560997964781,18.089232178816264,,,,,,,,,,,,,,,,,,,,,,65033,0,d0edc00f047161f87ff5ac3d9db81a99f2aae764689ab2d74413d9cb5b45dfd5,validation_002,1,1,1134915331,3,,
16,3.2,A,ramp,True,False,106.24000000000015,22.40000000000009,1,accelerate,2.0,2.0000000000000284,101.04000000000012,24.40000000000009,1,1,accelerate-accelerate,-0.025596875697374344,0.1345982402563095,-0.04456327110528946,1,0.1345982402563095,-0.025596875697374344,0.16019511595368385,0.17916151136159897,"[true, true, true]",False,False,False,65033,0,d0edc00f047161f87ff5ac3d9db81a99f2aae764689ab2d74413d9cb5b45dfd5,validation_002,1,1,1134915331,3,-0.30009782346292013,0.0
16,3.2,B,mainline,True,False,101.04000000000012,24.40000000000009,1,accelerate,2.0,2.0000000000000284,106.24000000000015,22.40000000000009,1,1,accelerate-accelerate,-0.08415241539478302,0.04439355432987213,-0.14893460273742676,1,0.04439355432987213,-0.08415241539478302,0.12854596972465515,0.1933281570672989,"[true, true, true]",False,False,False,65033,0,d0edc00f047161f87ff5ac3d9db81a99f2aae764689ab2d74413d9cb5b45dfd5,validation_002,1,1,1134915331,3,-0.30009782346292013,0.0
16,3.2,B_front,background_mainline,True,,170.0,20.0,,,,,,,,,,,,,,,,,,,,,,65033,0,d0edc00f047161f87ff5ac3d9db81a99f2aae764689ab2d74413d9cb5b45dfd5,validation_002,1,1,1134915331,3,,
16,3.2,B_rear,background_mainline,True,,71.78362388691994,18.18535542877623,,,,,,,,,,,,,,,,,,,,,,65033,0,d0edc00f047161f87ff5ac3d9db81a99f2aae764689ab2d74413d9cb5b45dfd5,validation_002,1,1,1134915331,3,,
17,3.4000000000000004,A,ramp,True,False,110.76000000000016,22.800000000000097,1,accelerate,2.0,2.0000000000000284,105.96000000000015,24.800000000000097,1,1,accelerate-accelerate,-0.024990491569042206,0.1408417522907257,-0.04378250986337662,1,0.1408417522907257,-0.024990491569042206,0.1658322438597679,0.18462426215410233,"[true, true, true]",True,True,False,65033,0,d0edc00f047161f87ff5ac3d9db81a99f2aae764689ab2d74413d9cb5b45dfd5,validation_002,1,1,1134915331,3,-0.5174998058301696,0.0
17,3.4000000000000004,B,mainline,True,False,105.96000000000015,24.800000000000097,1,accelerate,2.0,2.0000000000000284,110.76000000000016,22.800000000000097,1,1,accelerate-accelerate,-0.08579090237617493,0.0424419641494751,-0.14427140355110168,1,0.0424419641494751,-0.08579090237617493,0.12823286652565002,0.18671336770057678,"[true, true, true]",True,True,False,65033,0,d0edc00f047161f87ff5ac3d9db81a99f2aae764689ab2d74413d9cb5b45dfd5,validation_002,1,1,1134915331,3,-0.5174998058301696,0.0
17,3.4000000000000004,B_front,background_mainline,True,,172.0,20.0,,,,,,,,,,,,,,,,,,,,,,65033,0,d0edc00f047161f87ff5ac3d9db81a99f2aae764689ab2d74413d9cb5b45dfd5,validation_002,1,1,1134915331,3,,
17,3.4000000000000004,B_rear,background_mainline,True,,73.60449119281832,18.231862555530824,,,,,,,,,,,,,,,,,,,,,,65033,0,d0edc00f047161f87ff5ac3d9db81a99f2aae764689ab2d74413d9cb5b45dfd5,validation_002,1,1,1134915331,3,,
0,0.0,A,mainline,True,False,28.0,20.0,1,accelerate,0.0,2.0000000000000284,38.4,16.0,1,1,accelerate-accelerate,-0.02548293024301529,-0.0037978291511535645,-0.026820793747901917,1,-0.0037978291511535645,-0.02548293024301529,0.021685101091861725,0.023022964596748352,"[true, true, true]",False,False,False,65033,0,d0edc00f047161f87ff5ac3d9db81a99f2aae764689ab2d74413d9cb5b45dfd5,validation_003,0,2,402850014,4,,
0,0.0,B,ramp,True,False,38.4,16.0,1,accelerate,0.0,2.0000000000000284,28.0,20.0,1,1,accelerate-accelerate,-0.06626076251268387,0.07789645344018936,-0.21699249744415283,1,0.07789645344018936,-0.06626076251268387,0.14415721595287323,0.2948889508843422,"[true, true, true]",False,False,False,65033,0,d0edc00f047161f87ff5ac3d9db81a99f2aae764689ab2d74413d9cb5b45dfd5,validation_003,0,2,402850014,4,,
0,0.0,B_front,background_mainline,True,,120.0,20.0,,,,,,,,,,,,,,,,,,,,,,65033,0,d0edc00f047161f87ff5ac3d9db81a99f2aae764689ab2d74413d9cb5b45dfd5,validation_003,0,2,402850014,4,,
0,0.0,B_rear,background_mainline,True,,3.947431380829863,19.510886076666747,,,,,,,,,,,,,,,,,,,,,,65033,0,d0edc00f047161f87ff5ac3d9db81a99f2aae764689ab2d74413d9cb5b45dfd5,validation_003,0,2,402850014,4,,
1,0.2,A,mainline,True,False,32.04,20.400000000000006,1,accelerate,2.0,2.0000000000000284,41.64,16.400000000000006,1,1,accelerate-accelerate,-0.02565847337245941,0.0010699182748794556,-0.024802103638648987,1,0.0010699182748794556,-0.024802103638648987,0.025872021913528442,0.026728391647338867,"[true, true, true]",False,False,False,65033,0,d0edc00f047161f87ff5ac3d9db81a99f2aae764689ab2d74413d9cb5b45dfd5,validation_003,0,2,402850014,4,,
1,0.2,B,ramp,True,False,41.64,16.400000000000006,1,accelerate,2.0,2.0000000000000284,32.04,20.400000000000006,1,1,accelerate-accelerate,-0.06809140741825104,0.07636411488056183,-0.2170480340719223,1,0.07636411488056183,-0.06809140741825104,0.14445552229881287,0.29341214895248413,"[true, true, true]",False,False,False,65033,0,d0edc00f047161f87ff5ac3d9db81a99f2aae764689ab2d74413d9cb5b45dfd5,validation_003,0,2,402850014,4,,
1,0.2,B_front,background_mainline,True,,124.0,20.0,,,,,,,,,,,,,,,,,,,,,,65033,0,d0edc00f047161f87ff5ac3d9db81a99f2aae764689ab2d74413d9cb5b45dfd5,validation_003,0,2,402850014,4,,
1,0.2,B_rear,background_mainline,True,,7.817030369943869,19.207819996757216,,,,,,,,,,,,,,,,,,,,,,65033,0,d0edc00f047161f87ff5ac3d9db81a99f2aae764689ab2d74413d9cb5b45dfd5,validation_003,0,2,402850014,4,,
2,0.4,A,mainline,True,False,36.160000000000004,20.80000000000001,1,accelerate,2.0,2.0000000000000284,44.96,16.80000000000001,1,1,accelerate-accelerate,-0.025387004017829895,0.0051078349351882935,-0.023151211440563202,1,0.0051078349351882935,-0.023151211440563202,0.028259046375751495,0.03049483895301819,"[true, true, true]",False,False,False,65033,0,d0edc00f047161f87ff5ac3d9db81a99f2aae764689ab2d74413d9cb5b45dfd5,validation_003,0,2,402850014,4,,
2,0.4,B,ramp,True,False,44.96,16.80000000000001,1,accelerate,2.0,2.0000000000000284,36.160000000000004,20.80000000000001,1,1,accelerate-accelerate,-0.06972280144691467,0.07472819834947586,-0.21698243916034698,1,0.07472819834947586,-0.06972280144691467,0.14445099979639053,0.29171063750982285,"[true, true, true]",False,False,False,65033,0,d0edc00f047161f87ff5ac3d9db81a99f2aae764689ab2d74413d9cb5b45dfd5,validation_003,0,2,402850014,4,,
2,0.4,B_front,background_mainline,True,,128.0,20.0,,,,,,,,,,,,,,,,,,,,,,65033,0,d0edc00f047161f87ff5ac3d9db81a99f2aae764689ab2d74413d9cb5b45dfd5,validation_003,0,2,402850014,4,,
2,0.4,B_rear,background_mainline,True,,11.638681751220439,19.023670782632877,,,,,,,,,,,,,,,,,,,,,,65033,0,d0edc00f047161f87ff5ac3d9db81a99f2aae764689ab2d74413d9cb5b45dfd5,validation_003,0,2,402850014,4,,
3,0.6000000000000001,A,mainline,True,False,40.36000000000001,21.200000000000017,1,accelerate,2.0,2.0000000000000284,48.36000000000001,17.200000000000017,1,1,accelerate-accelerate,-0.024873942136764526,0.009013697504997253,-0.02163851261138916,1,0.009013697504997253,-0.02163851261138916,0.030652210116386414,0.03388763964176178,"[true, true, true]",False,False,False,65033,0,d0edc00f047161f87ff5ac3d9db81a99f2aae764689ab2d74413d9cb5b45dfd5,validation_003,0,2,402850014,4,,
3,0.6000000000000001,B,ramp,True,False,48.36000000000001,17.200000000000017,1,accelerate,2.0,2.0000000000000284,40.36000000000001,21.200000000000017,1,1,accelerate-accelerate,-0.07123509049415588,0.07301771640777588,-0.216831773519516,1,0.07301771640777588,-0.07123509049415588,0.14425280690193176,0.28984948992729187,"[true, true, true]",False,False,False,65033,0,d0edc00f047161f87ff5ac3d9db81a99f2aae764689ab2d74413d9cb5b45dfd5,validation_003,0,2,402850014,4,,
3,0.6000000000000001,B_front,background_mainline,True,,132.0,20.0,,,,,,,,,,,,,,,,,,,,,,65033,0,d0edc00f047161f87ff5ac3d9db81a99f2aae764689ab2d74413d9cb5b45dfd5,validation_003,0,2,402850014,4,,
3,0.6000000000000001,B_rear,background_mainline,True,,15.431954034371113,18.919276915308803,,,,,,,,,,,,,,,,,,,,,,65033,0,d0edc00f047161f87ff5ac3d9db81a99f2aae764689ab2d74413d9cb5b45dfd5,validation_003,0,2,402850014,4,,
4,0.8,A,mainline,True,False,44.64000000000001,21.600000000000023,1,accelerate,2.0,2.0000000000000284,51.84000000000001,17.600000000000023,1,1,accelerate-accelerate,-0.024172402918338776,0.012854088097810745,-0.02022116631269455,1,0.012854088097810745,-0.02022116631269455,0.033075254410505295,0.03702649101614952,"[true, true, true]",False,False,False,65033,0,d0edc00f047161f87ff5ac3d9db81a99f2aae764689ab2d74413d9cb5b45dfd5,validation_003,0,2,402850014,4,,
4,0.8,B,ramp,True,False,51.84000000000001,17.600000000000023,1,accelerate,2.0,2.0000000000000284,44.64000000000001,21.600000000000023,1,1,accelerate-accelerate,-0.07267524302005768,0.07124925404787064,-0.21661727130413055,1,0.07124925404787064,-0.07267524302005768,0.14392449706792831,0.2878665253520012,"[true, true, true]",False,False,False,65033,0,d0edc00f047161f87ff5ac3d9db81a99f2aae764689ab2d74413d9cb5b45dfd5,validation_003,0,2,402850014,4,,
4,0.8,B_front,background_mainline,True,,136.0,20.0,,,,,,,,,,,,,,,,,,,,,,65033,0,d0edc00f047161f87ff5ac3d9db81a99f2aae764689ab2d74413d9cb5b45dfd5,validation_003,0,2,402850014,4,,
4,0.8,B_rear,background_mainline,True,,19.21015294496658,18.869811826831636,,,,,,,,,,,,,,,,,,,,,,65033,0,d0edc00f047161f87ff5ac3d9db81a99f2aae764689ab2d74413d9cb5b45dfd5,validation_003,0,2,402850014,4,,
5,1.0,A,mainline,True,False,49.000000000000014,22.00000000000003,1,accelerate,2.0,2.0000000000000284,55.40000000000001,18.00000000000003,1,1,accelerate-accelerate,-0.02314569801092148,0.01645670086145401,-0.01894335448741913,1,0.01645670086145401,-0.01894335448741913,0.03540005534887314,0.03960239887237549,"[true, true, true]",False,False,False,65033,0,d0edc00f047161f87ff5ac3d9db81a99f2aae764689ab2d74413d9cb5b45dfd5,validation_003,0,2,402850014,4,,
5,1.0,B,ramp,True,False,55.40000000000001,18.00000000000003,1,accelerate,2.0,2.0000000000000284,49.000000000000014,22.00000000000003,1,1,accelerate-accelerate,-0.07416470348834991,0.06948486715555191,-0.21672376990318298,1,0.06948486715555191,-0.07416470348834991,0.14364957064390182,0.2862086370587349,"[true, true, true]",False,False,False,65033,0,d0edc00f047161f87ff5ac3d9db81a99f2aae764689ab2d74413d9cb5b45dfd5,validation_003,0,2,402850014,4,,
5,1.0,B_front,background_mainline,True,,140.0,20.0,,,,,,,,,,,,,,,,,,,,,,65033,0,d0edc00f047161f87ff5ac3d9db81a99f2aae764689ab2d74413d9cb5b45dfd5,validation_003,0,2,402850014,4,,
5,1.0,B_rear,background_mainline,True,,22.982495064768763,18.858543950116044,,,,,,,,,,,,,,,,,,,,,,65033,0,d0edc00f047161f87ff5ac3d9db81a99f2aae764689ab2d74413d9cb5b45dfd5,validation_003,0,2,402850014,4,,
6,1.2000000000000002,A,mainline,True,False,53.44000000000002,22.400000000000034,1,accelerate,2.0,2.0000000000000284,59.04000000000002,18.400000000000034,1,1,accelerate-accelerate,-0.021928392350673676,0.01994641125202179,-0.017647281289100647,1,0.01994641125202179,-0.017647281289100647,0.037593692541122437,0.041874803602695465,"[true, true, true]",False,False,False,65033,0,d0edc00f047161f87ff5ac3d9db81a99f2aae764689ab2d74413d9cb5b45dfd5,validation_003,0,2,402850014,4,,
6,1.2000000000000002,B,ramp,True,False,59.04000000000002,18.400000000000034,1,accelerate,2.0,2.0000000000000284,53.44000000000002,22.400000000000034,1,1,accelerate-accelerate,-0.0756201446056366,0.06775874644517899,-0.21697640419006348,1,0.06775874644517899,-0.0756201446056366,0.14337889105081558,0.28473515063524246,"[true, true, true]",False,False,False,65033,0,d0edc00f047161f87ff5ac3d9db81a99f2aae764689ab2d74413d9cb5b45dfd5,validation_003,0,2,402850014,4,,
6,1.2000000000000002,B_front,background_mainline,True,,144.0,20.0,,,,,,,,,,,,,,,,,,,,,,65033,0,d0edc00f047161f87ff5ac3d9db81a99f2aae764689ab2d74413d9cb5b45dfd5,validation_003,0,2,402850014,4,,
6,1.2000000000000002,B_rear,background_mainline,True,,26.755377931069873,18.8736575091406,,,,,,,,,,,,,,,,,,,,,,65033,0,d0edc00f047161f87ff5ac3d9db81a99f2aae764689ab2d74413d9cb5b45dfd5,validation_003,0,2,402850014,4,,
7,1.4000000000000001,A,mainline,True,False,57.96000000000003,22.80000000000004,1,accelerate,2.0,2.0000000000000284,62.760000000000026,18.80000000000004,1,1,accelerate-accelerate,-0.021150022745132446,0.02430855482816696,-0.016032330691814423,1,0.02430855482816696,-0.016032330691814423,0.040340885519981384,0.04545857757329941,"[true, true, true]",False,False,False,65033,0,d0edc00f047161f87ff5ac3d9db81a99f2aae764689ab2d74413d9cb5b45dfd5,validation_003,0,2,402850014,4,,
7,1.4000000000000001,B,ramp,True,False,62.760000000000026,18.80000000000004,1,accelerate,2.0,2.0000000000000284,57.96000000000003,22.80000000000004,1,1,accelerate-accelerate,-0.07680544257164001,0.06565045565366745,-0.2167847752571106,1,0.06565045565366745,-0.07680544257164001,0.14245589822530746,0.28243523091077805,"[true, true, true]",False,False,False,65033,0,d0edc00f047161f87ff5ac3d9db81a99f2aae764689ab2d74413d9cb5b45dfd5,validation_003,0,2,402850014,4,,
7,1.4000000000000001,B_front,background_mainline,True,,148.0,20.0,,,,,,,,,,,,,,,,,,,,,,65033,0,d0edc00f047161f87ff5ac3d9db81a99f2aae764689ab2d74413d9cb5b45dfd5,validation_003,0,2,402850014,4,,
7,1.4000000000000001,B_rear,background_mainline,True,,30.533172569358648,18.906498857181067,,,,,,,,,,,,,,,,,,,,,,65033,0,d0edc00f047161f87ff5ac3d9db81a99f2aae764689ab2d74413d9cb5b45dfd5,validation_003,0,2,402850014,4,,
8,1.6,A,mainline,True,False,62.56000000000004,23.200000000000045,1,accelerate,2.0,2.0000000000000284,66.56000000000003,19.200000000000045,1,1,accelerate-accelerate,-0.02058643102645874,0.029283277690410614,-0.013757549226284027,1,0.029283277690410614,-0.013757549226284027,0.04304082691669464,0.049869708716869354,"[true, true, true]",False,False,False,65033,0,d0edc00f047161f87ff5ac3d9db81a99f2aae764689ab2d74413d9cb5b45dfd5,validation_003,0,2,402850014,4,,
8,1.6,B,ramp,True,False,66.56000000000003,19.200000000000045,1,accelerate,2.0,2.0000000000000284,62.56000000000004,23.200000000000045,1,1,accelerate-accelerate,-0.07633094489574432,0.06390852481126785,-0.21552987396717072,1,0.06390852481126785,-0.07633094489574432,0.14023946970701218,0.27943839877843857,"[true, true, true]",False,False,False,65033,0,d0edc00f047161f87ff5ac3d9db81a99f2aae764689ab2d74413d9cb5b45dfd5,validation_003,0,2,402850014,4,,
8,1.6,B_front,background_mainline,True,,152.0,20.0,,,,,,,,,,,,,,,,,,,,,,65033,0,d0edc00f047161f87ff5ac3d9db81a99f2aae764689ab2d74413d9cb5b45dfd5,validation_003,0,2,402850014,4,,
8,1.6,B_rear,background_mainline,True,,34.31874502797599,18.95054867326254,,,,,,,,,,,,,,,,,,,,,,65033,0,d0edc00f047161f87ff5ac3d9db81a99f2aae764689ab2d74413d9cb5b45dfd5,validation_003,0,2,402850014,4,,
9,1.8,A,mainline,True,False,67.24000000000005,23.60000000000005,1,accelerate,2.0,2.0000000000000284,70.44000000000004,19.60000000000005,1,1,accelerate-accelerate,-0.020229697227478027,0.034352920949459076,-0.011075600981712341,1,0.034352920949459076,-0.011075600981712341,0.04542852193117142,0.0545826181769371,"[true, true, true]",False,False,False,65033,0,d0edc00f047161f87ff5ac3d9db81a99f2aae764689ab2d74413d9cb5b45dfd5,validation_003,0,2,402850014,4,,
9,1.8,B,ramp,True,False,70.44000000000004,19.60000000000005,1,accelerate,2.0,2.0000000000000284,67.24000000000005,23.60000000000005,1,1,accelerate-accelerate,-0.07547445595264435,0.06187225133180618,-0.21417513489723206,1,0.06187225133180618,-0.07547445595264435,0.13734670728445053,0.27604738622903824,"[true, true, true]",False,False,False,65033,0,d0edc00f047161f87ff5ac3d9db81a99f2aae764689ab2d74413d9cb5b45dfd5,validation_003,0,2,402850014,4,,
9,1.8,B_front,background_mainline,True,,156.0,20.0,,,,,,,,,,,,,,,,,,,,,,65033,0,d0edc00f047161f87ff5ac3d9db81a99f2aae764689ab2d74413d9cb5b45dfd5,validation_003,0,2,402850014,4,,
9,1.8,B_rear,background_mainline,True,,38.11381551623222,19.000790506822323,,,,,,,,,,,,,,,,,,,,,,65033,0,d0edc00f047161f87ff5ac3d9db81a99f2aae764689ab2d74413d9cb5b45dfd5,validation_003,0,2,402850014,4,,
10,2.0,A,mainline,True,False,72.00000000000007,24.000000000000057,1,accelerate,2.0,2.0000000000000284,74.40000000000005,20.000000000000057,1,1,accelerate-accelerate,-0.01986762136220932,0.039782650768756866,-0.00846882164478302,1,0.039782650768756866,-0.00846882164478302,0.048251472413539886,0.059650272130966187,"[true, true, true]",False,False,False,65033,0,d0edc00f047161f87ff5ac3d9db81a99f2aae764689ab2d74413d9cb5b45dfd5,validation_003,0,2,402850014,4,,
10,2.0,B,ramp,True,False,74.40000000000005,20.000000000000057,1,accelerate,2.0,2.0000000000000284,72.00000000000007,24.000000000000057,1,1,accelerate-accelerate,-0.07494638115167618,0.059575196355581284,-0.21313273906707764,1,0.059575196355581284,-0.07494638115167618,0.13452157750725746,0.2727079354226589,"[true, true, true]",False,False,False,65033,0,d0edc00f047161f87ff5ac3d9db81a99f2aae764689ab2d74413d9cb5b45dfd5,validation_003,0,2,402850014,4,,
10,2.0,B_front,background_mainline,True,,160.0,20.0,,,,,,,,,,,,,,,,,,,,,,65033,0,d0edc00f047161f87ff5ac3d9db81a99f2aae764689ab2d74413d9cb5b45dfd5,validation_003,0,2,402850014,4,,
10,2.0,B_rear,background_mainline,True,,41.91921327682362,19.053199202095076,,,,,,,,,,,,,,,,,,,,,,65033,0,d0edc00f047161f87ff5ac3d9db81a99f2aae764689ab2d74413d9cb5b45dfd5,validation_003,0,2,402850014,4,,
11,2.2,A,mainline,True,False,76.84000000000009,24.400000000000063,1,accelerate,2.0,2.0000000000000284,78.44000000000005,20.400000000000063,1,1,accelerate-accelerate,-0.019511334598064423,0.04537024348974228,-0.005782872438430786,1,0.04537024348974228,-0.005782872438430786,0.051153115928173065,0.0648815780878067,"[true, true, true]",False,False,False,65033,0,d0edc00f047161f87ff5ac3d9db81a99f2aae764689ab2d74413d9cb5b45dfd5,validation_003,0,2,402850014,4,,
11,2.2,B,ramp,True,False,78.44000000000005,20.400000000000063,1,accelerate,2.0,2.0000000000000284,76.84000000000009,24.400000000000063,1,1,accelerate-accelerate,-0.074167400598526,0.05760027840733528,-0.21204431354999542,1,0.05760027840733528,-0.074167400598526,0.13176767900586128,0.2696445919573307,"[true, true, true]",False,False,False,65033,0,d0edc00f047161f87ff5ac3d9db81a99f2aae764689ab2d74413d9cb5b45dfd5,validation_003,0,2,402850014,4,,
11,2.2,B_front,background_mainline,True,,164.0,20.0,,,,,,,,,,,,,,,,,,,,,,65033,0,d0edc00f047161f87ff5ac3d9db81a99f2aae764689ab2d74413d9cb5b45dfd5,validation_003,0,2,402850014,4,,
11,2.2,B_rear,background_mainline,True,,45.73495283863411,19.10379719537739,,,,,,,,,,,,,,,,,,,,,,65033,0,d0edc00f047161f87ff5ac3d9db81a99f2aae764689ab2d74413d9cb5b45dfd5,validation_003,0,2,402850014,4,,
12,2.4000000000000004,A,mainline,True,False,81.76000000000009,24.800000000000068,1,accelerate,2.0,2.0000000000000284,82.56000000000007,20.800000000000068,1,1,accelerate-accelerate,-0.01917065680027008,0.051003873348236084,-0.0030339062213897705,1,0.051003873348236084,-0.0030339062213897705,0.054037779569625854,0.07017453014850616,"[true, true, true]",False,False,False,65033,0,d0edc00f047161f87ff5ac3d9db81a99f2aae764689ab2d74413d9cb5b45dfd5,validation_003,0,2,402850014,4,,
12,2.4000000000000004,B,ramp,True,False,82.56000000000007,20.800000000000068,1,accelerate,2.0,2.0000000000000284,81.76000000000009,24.800000000000068,1,1,accelerate-accelerate,-0.0733712911605835,0.05560421943664551,-0.21091747283935547,1,0.05560421943664551,-0.0733712911605835,0.128975510597229,0.266521692276001,"[true, true, true]",False,False,False,65033,0,d0edc00f047161f87ff5ac3d9db81a99f2aae764689ab2d74413d9cb5b45dfd5,validation_003,0,2,402850014,4,,
12,2.4000000000000004,B_front,background_mainline,True,,168.0,20.0,,,,,,,,,,,,,,,,,,,,,,65033,0,d0edc00f047161f87ff5ac3d9db81a99f2aae764689ab2d74413d9cb5b45dfd5,validation_003,0,2,402850014,4,,
12,2.4000000000000004,B_rear,background_mainline,True,,49.56056018634528,19.151893737715636,,,,,,,,,,,,,,,,,,,,,,65033,0,d0edc00f047161f87ff5ac3d9db81a99f2aae764689ab2d74413d9cb5b45dfd5,validation_003,0,2,402850014,4,,
13,2.6,A,mainline,True,False,86.7600000000001,25.200000000000074,1,accelerate,2.0,2.0000000000000284,86.76000000000009,21.200000000000074,1,1,accelerate-accelerate,-0.01881394535303116,0.05669599026441574,-0.0002528652548789978,1,0.05669599026441574,-0.0002528652548789978,0.05694885551929474,0.0755099356174469,"[true, true, true]",False,False,False,65033,0,d0edc00f047161f87ff5ac3d9db81a99f2aae764689ab2d74413d9cb5b45dfd5,validation_003,0,2,402850014,4,,
13,2.6,B,ramp,True,False,86.76000000000009,21.200000000000074,1,accelerate,2.0,2.0000000000000284,86.7600000000001,25.200000000000074,1,1,accelerate-accelerate,-0.07254849374294281,0.053601060062646866,-0.2097511738538742,1,0.053601060062646866,-0.07254849374294281,0.12614955380558968,0.2633522339165211,"[true, true, true]",False,False,False,65033,0,d0edc00f047161f87ff5ac3d9db81a99f2aae764689ab2d74413d9cb5b45dfd5,validation_003,0,2,402850014,4,,
13,2.6,B_front,background_mainline,True,,172.0,20.0,,,,,,,,,,,,,,,,,,,,,,65033,0,d0edc00f047161f87ff5ac3d9db81a99f2aae764689ab2d74413d9cb5b45dfd5,validation_003,0,2,402850014,4,,
13,2.6,B_rear,background_mainline,True,,53.39554560018414,19.197594066893107,,,,,,,,,,,,,,,,,,,,,,65033,0,d0edc00f047161f87ff5ac3d9db81a99f2aae764689ab2d74413d9cb5b45dfd5,validation_003,0,2,402850014,4,,
14,2.8000000000000003,A,mainline,True,False,91.84000000000012,25.60000000000008,1,accelerate,2.0,2.0000000000000284,91.0400000000001,21.60000000000008,1,1,accelerate-accelerate,-0.018386811017990112,0.06233496963977814,0.002623423933982849,1,0.06233496963977814,0.002623423933982849,0.05971154570579529,0.08072178065776825,"[true, true, true]",False,False,False,65033,0,d0edc00f047161f87ff5ac3d9db81a99f2aae764689ab2d74413d9cb5b45dfd5,validation_003,0,2,402850014,4,,
14,2.8000000000000003,B,ramp,True,False,91.0400000000001,21.60000000000008,1,accelerate,2.0,2.0000000000000284,91.84000000000012,25.60000000000008,1,1,accelerate-accelerate,-0.07174842804670334,0.05151210352778435,-0.20818644762039185,1,0.05151210352778435,-0.07174842804670334,0.12326053157448769,0.2596985511481762,"[true, true, true]",False,False,False,65033,0,d0edc00f047161f87ff5ac3d9db81a99f2aae764689ab2d74413d9cb5b45dfd5,validation_003,0,2,402850014,4,,
14,2.8000000000000003,B_front,background_mainline,True,,176.0,20.0,,,,,,,,,,,,,,,,,,,,,,65033,0,d0edc00f047161f87ff5ac3d9db81a99f2aae764689ab2d74413d9cb5b45dfd5,validation_003,0,2,402850014,4,,
14,2.8000000000000003,B_rear,background_mainline,True,,57.23944010955154,19.24100043735704,,,,,,,,,,,,,,,,,,,,,,65033,0,d0edc00f047161f87ff5ac3d9db81a99f2aae764689ab2d74413d9cb5b45dfd5,validation_003,0,2,402850014,4,,
15,3.0,A,mainline,True,False,97.00000000000013,26.000000000000085,1,accelerate,2.0,2.0000000000000284,95.40000000000013,22.000000000000085,1,1,accelerate-accelerate,-0.018797174096107483,0.06688982248306274,0.00468561053276062,1,0.06688982248306274,0.00468561053276062,0.062204211950302124,0.08568699657917023,"[true, true, true]",False,False,False,65033,0,d0edc00f047161f87ff5ac3d9db81a99f2aae764689ab2d74413d9cb5b45dfd5,validation_003,0,2,402850014,4,,
15,3.0,B,ramp,True,False,95.40000000000013,22.000000000000085,1,accelerate,2.0,2.0000000000000284,97.00000000000013,26.000000000000085,1,1,accelerate-accelerate,-0.07159195840358734,0.04876276105642319,-0.2056427299976349,1,0.04876276105642319,-0.07159195840358734,0.12035471946001053,0.2544054910540581,"[true, true, true]",False,False,False,65033,0,d0edc00f047161f87ff5ac3d9db81a99f2aae764689ab2d74413d9cb5b45dfd5,validation_003,0,2,402850014,4,,
15,3.0,B_front,background_mainline,True,,180.0,20.0,,,,,,,,,,,,,,,,,,,,,,65033,0,d0edc00f047161f87ff5ac3d9db81a99f2aae764689ab2d74413d9cb5b45dfd5,validation_003,0,2,402850014,4,,
15,3.0,B_rear,background_mainline,True,,61.09179489671632,19.28221212401568,,,,,,,,,,,,,,,,,,,,,,65033,0,d0edc00f047161f87ff5ac3d9db81a99f2aae764689ab2d74413d9cb5b45dfd5,validation_003,0,2,402850014,4,,
16,3.2,A,mainline,True,False,102.24000000000015,26.40000000000009,1,accelerate,2.0,2.0000000000000284,99.84000000000016,22.40000000000009,1,1,accelerate-accelerate,-0.01935417950153351,0.07104982435703278,0.0065355002880096436,1,0.07104982435703278,0.0065355002880096436,0.06451432406902313,0.09040400385856628,"[true, true, true]",False,False,False,65033,0,d0edc00f047161f87ff5ac3d9db81a99f2aae764689ab2d74413d9cb5b45dfd5,validation_003,0,2,402850014,4,,
16,3.2,B,ramp,True,False,99.84000000000016,22.40000000000009,1,accelerate,2.0,2.0000000000000284,102.24000000000015,26.40000000000009,1,1,accelerate-accelerate,-0.0720142051577568,0.04632686451077461,-0.20233604311943054,1,0.04632686451077461,-0.0720142051577568,0.11834106966853142,0.24866290763020515,"[true, true, true]",False,False,False,65033,0,d0edc00f047161f87ff5ac3d9db81a99f2aae764689ab2d74413d9cb5b45dfd5,validation_003,0,2,402850014,4,,
16,3.2,B_front,background_mainline,True,,184.0,20.0,,,,,,,,,,,,,,,,,,,,,,65033,0,d0edc00f047161f87ff5ac3d9db81a99f2aae764689ab2d74413d9cb5b45dfd5,validation_003,0,2,402850014,4,,
16,3.2,B_rear,background_mainline,True,,64.95218070136413,19.321325426913106,,,,,,,,,,,,,,,,,,,,,,65033,0,d0edc00f047161f87ff5ac3d9db81a99f2aae764689ab2d74413d9cb5b45dfd5,validation_003,0,2,402850014,4,,
17,3.4000000000000004,A,mainline,True,False,107.56000000000017,26.800000000000097,1,accelerate,2.0,2.0000000000000284,104.36000000000017,22.800000000000097,1,1,accelerate-accelerate,-0.01927313208580017,0.073441281914711,0.008477047085762024,1,0.073441281914711,0.008477047085762024,0.06496423482894897,0.09271441400051117,"[true, true, true]",True,True,False,65033,0,d0edc00f047161f87ff5ac3d9db81a99f2aae764689ab2d74413d9cb5b45dfd5,validation_003,0,2,402850014,4,-1.1226036015875849,0.0
17,3.4000000000000004,B,ramp,True,False,104.36000000000017,22.800000000000097,1,accelerate,2.0,2.0000000000000284,107.56000000000017,26.800000000000097,1,1,accelerate-accelerate,-0.07241763919591904,0.043900273740291595,-0.19895711541175842,1,0.043900273740291595,-0.07241763919591904,0.11631791293621063,0.24285738915205002,"[true, true, true]",True,True,False,65033,0,d0edc00f047161f87ff5ac3d9db81a99f2aae764689ab2d74413d9cb5b45dfd5,validation_003,0,2,402850014,4,-1.1226036015875849,0.0
17,3.4000000000000004,B_front,background_mainline,True,,187.0,20.0,,,,,,,,,,,,,,,,,,,,,,65033,0,d0edc00f047161f87ff5ac3d9db81a99f2aae764689ab2d74413d9cb5b45dfd5,validation_003,0,2,402850014,4,,
17,3.4000000000000004,B_rear,background_mainline,True,,67.85232373963004,19.34257340649686,,,,,,,,,,,,,,,,,,,,,,65033,0,d0edc00f047161f87ff5ac3d9db81a99f2aae764689ab2d74413d9cb5b45dfd5,validation_003,0,2,402850014,4,,
0,0.0,A,ramp,True,False,38.4,16.0,1,accelerate,0.0,2.0000000000000284,28.0,20.0,1,1,accelerate-accelerate,-0.05519184470176697,0.04292468726634979,-0.06694569438695908,1,0.04292468726634979,-0.05519184470176697,0.09811653196811676,0.10987038165330887,"[true, true, true]",False,False,False,65033,0,d0edc00f047161f87ff5ac3d9db81a99f2aae764689ab2d74413d9cb5b45dfd5,validation_003,1,2,402850014,5,,
0,0.0,B,mainline,True,False,28.0,20.0,1,accelerate,0.0,2.0000000000000284,38.4,16.0,1,1,accelerate-accelerate,-0.05943368002772331,0.05539686977863312,-0.1894436627626419,1,0.05539686977863312,-0.05943368002772331,0.11483054980635643,0.24484053254127502,"[true, true, true]",False,False,False,65033,0,d0edc00f047161f87ff5ac3d9db81a99f2aae764689ab2d74413d9cb5b45dfd5,validation_003,1,2,402850014,5,,
0,0.0,B_front,background_mainline,True,,120.0,20.0,,,,,,,,,,,,,,,,,,,,,,65033,0,d0edc00f047161f87ff5ac3d9db81a99f2aae764689ab2d74413d9cb5b45dfd5,validation_003,1,2,402850014,5,,
0,0.0,B_rear,background_mainline,True,,3.947431380829863,19.510886076666747,,,,,,,,,,,,,,,,,,,,,,65033,0,d0edc00f047161f87ff5ac3d9db81a99f2aae764689ab2d74413d9cb5b45dfd5,validation_003,1,2,402850014,5,,
1,0.2,A,ramp,True,False,41.64,16.400000000000006,1,accelerate,2.0,2.0000000000000284,32.04,20.400000000000006,1,1,accelerate-accelerate,-0.053689781576395035,0.04726232588291168,-0.06598639488220215,1,0.04726232588291168,-0.053689781576395035,0.10095210745930672,0.11324872076511383,"[true, true, true]",False,False,False,65033,0,d0edc00f047161f87ff5ac3d9db81a99f2aae764689ab2d74413d9cb5b45dfd5,validation_003,1,2,402850014,5,,
1,0.2,B,mainline,True,False,32.04,20.400000000000006,1,accelerate,2.0,2.0000000000000284,41.64,16.400000000000006,1,1,accelerate-accelerate,-0.061229169368743896,0.053962450474500656,-0.19043442606925964,1,0.053962450474500656,-0.061229169368743896,0.11519161984324455,0.2443968765437603,"[true, true, true]",False,False,False,65033,0,d0edc00f047161f87ff5ac3d9db81a99f2aae764689ab2d74413d9cb5b45dfd5,validation_003,1,2,402850014,5,,
1,0.2,B_front,background_mainline,True,,124.0,20.0,,,,,,,,,,,,,,,,,,,,,,65033,0,d0edc00f047161f87ff5ac3d9db81a99f2aae764689ab2d74413d9cb5b45dfd5,validation_003,1,2,402850014,5,,
1,0.2,B_rear,background_mainline,True,,7.817030369943869,19.207819996757216,,,,,,,,,,,,,,,,,,,,,,65033,0,d0edc00f047161f87ff5ac3d9db81a99f2aae764689ab2d74413d9cb5b45dfd5,validation_003,1,2,402850014,5,,
2,0.4,A,ramp,True,False,44.96,16.80000000000001,1,accelerate,2.0,2.0000000000000284,36.160000000000004,20.80000000000001,1,1,accelerate-accelerate,-0.05218338593840599,0.05156935751438141,-0.0653078556060791,1,0.05156935751438141,-0.05218338593840599,0.1037527434527874,0.11687721312046051,"[true, true, true]",False,False,False,65033,0,d0edc00f047161f87ff5ac3d9db81a99f2aae764689ab2d74413d9cb5b45dfd5,validation_003,1,2,402850014,5,,
2,0.4,B,mainline,True,False,36.160000000000004,20.80000000000001,1,accelerate,2.0,2.0000000000000284,44.96,16.80000000000001,1,1,accelerate-accelerate,-0.06305617094039917,0.05255606770515442,-0.19122517108917236,1,0.05255606770515442,-0.06305617094039917,0.11561223864555359,0.24378123879432678,"[true, true, true]",False,False,False,65033,0,d0edc00f047161f87ff5ac3d9db81a99f2aae764689ab2d74413d9cb5b45dfd5,validation_003,1,2,402850014,5,,
2,0.4,B_front,background_mainline,True,,128.0,20.0,,,,,,,,,,,,,,,,,,,,,,65033,0,d0edc00f047161f87ff5ac3d9db81a99f2aae764689ab2d74413d9cb5b45dfd5,validation_003,1,2,402850014,5,,
2,0.4,B_rear,background_mainline,True,,11.638681751220439,19.023670782632877,,,,,,,,,,,,,,,,,,,,,,65033,0,d0edc00f047161f87ff5ac3d9db81a99f2aae764689ab2d74413d9cb5b45dfd5,validation_003,1,2,402850014,5,,
3,0.6000000000000001,A,ramp,True,False,48.36000000000001,17.200000000000017,1,accelerate,2.0,2.0000000000000284,40.36000000000001,21.200000000000017,1,1,accelerate-accelerate,-0.05054584890604019,0.05592857301235199,-0.06480419635772705,1,0.05592857301235199,-0.05054584890604019,0.10647442191839218,0.12073276937007904,"[true, true, true]",False,False,False,65033,0,d0edc00f047161f87ff5ac3d9db81a99f2aae764689ab2d74413d9cb5b45dfd5,validation_003,1,2,402850014,5,,
3,0.6000000000000001,B,mainline,True,False,40.36000000000001,21.200000000000017,1,accelerate,2.0,2.0000000000000284,48.36000000000001,17.200000000000017,1,1,accelerate-accelerate,-0.06501241028308868,0.05120912194252014,-0.1916569471359253,1,0.05120912194252014,-0.06501241028308868,0.11622153222560883,0.24286606907844543,"[true, true, true]",False,False,False,65033,0,d0edc00f047161f87ff5ac3d9db81a99f2aae764689ab2d74413d9cb5b45dfd5,validation_003,1,2,402850014,5,,
3,0.6000000000000001,B_front,background_mainline,True,,132.0,20.0,,,,,,,,,,,,,,,,,,,,,,65033,0,d0edc00f047161f87ff5ac3d9db81a99f2aae764689ab2d74413d9cb5b45dfd5,validation_003,1,2,402850014,5,,
3,0.6000000000000001,B_rear,background_mainline,True,,15.431954034371113,18.919276915308803,,,,,,,,,,,,,,,,,,,,,,65033,0,d0edc00f047161f87ff5ac3d9db81a99f2aae764689ab2d74413d9cb5b45dfd5,validation_003,1,2,402850014,5,,
4,0.8,A,ramp,True,False,51.84000000000001,17.600000000000023,1,accelerate,2.0,2.0000000000000284,44.64000000000001,21.600000000000023,1,1,accelerate-accelerate,-0.04887182265520096,0.06015428155660629,-0.06438249349594116,1,0.06015428155660629,-0.04887182265520096,0.10902610421180725,0.12453677505254745,"[true, true, true]",False,False,False,65033,0,d0edc00f047161f87ff5ac3d9db81a99f2aae764689ab2d74413d9cb5b45dfd5,validation_003,1,2,402850014,5,,
4,0.8,B,mainline,True,False,44.64000000000001,21.600000000000023,1,accelerate,2.0,2.0000000000000284,51.84000000000001,17.600000000000023,1,1,accelerate-accelerate,-0.06730584055185318,0.049597349017858505,-0.1911320984363556,1,0.049597349017858505,-0.06730584055185318,0.11690318956971169,0.2407294474542141,"[true, true, true]",False,False,False,65033,0,d0edc00f047161f87ff5ac3d9db81a99f2aae764689ab2d74413d9cb5b45dfd5,validation_003,1,2,402850014,5,,
4,0.8,B_front,background_mainline,True,,136.0,20.0,,,,,,,,,,,,,,,,,,,,,,65033,0,d0edc00f047161f87ff5ac3d9db81a99f2aae764689ab2d74413d9cb5b45dfd5,validation_003,1,2,402850014,5,,
4,0.8,B_rear,background_mainline,True,,19.21015294496658,18.869811826831636,,,,,,,,,,,,,,,,,,,,,,65033,0,d0edc00f047161f87ff5ac3d9db81a99f2aae764689ab2d74413d9cb5b45dfd5,validation_003,1,2,402850014,5,,
5,1.0,A,ramp,True,False,55.40000000000001,18.00000000000003,1,accelerate,2.0,2.0000000000000284,49.000000000000014,22.00000000000003,1,1,accelerate-accelerate,-0.04715845733880997,0.06450414657592773,-0.0640215128660202,1,0.06450414657592773,-0.04715845733880997,0.1116626039147377,0.12852565944194794,"[true, true, true]",False,False,False,65033,0,d0edc00f047161f87ff5ac3d9db81a99f2aae764689ab2d74413d9cb5b45dfd5,validation_003,1,2,402850014,5,,
5,1.0,B,mainline,True,False,49.000000000000014,22.00000000000003,1,accelerate,2.0,2.0000000000000284,55.40000000000001,18.00000000000003,1,1,accelerate-accelerate,-0.06965170800685883,0.04766771197319031,-0.19034239649772644,1,0.04766771197319031,-0.06965170800685883,0.11731941998004913,0.23801010847091675,"[true, true, true]",False,False,False,65033,0,d0edc00f047161f87ff5ac3d9db81a99f2aae764689ab2d74413d9cb5b45dfd5,validation_003,1,2,402850014,5,,
5,1.0,B_front,background_mainline,True,,140.0,20.0,,,,,,,,,,,,,,,,,,,,,,65033,0,d0edc00f047161f87ff5ac3d9db81a99f2aae764689ab2d74413d9cb5b45dfd5,validation_003,1,2,402850014,5,,
5,1.0,B_rear,background_mainline,True,,22.982495064768763,18.858543950116044,,,,,,,,,,,,,,,,,,,,,,65033,0,d0edc00f047161f87ff5ac3d9db81a99f2aae764689ab2d74413d9cb5b45dfd5,validation_003,1,2,402850014,5,,
6,1.2000000000000002,A,ramp,True,False,59.04000000000002,18.400000000000034,1,accelerate,2.0,2.0000000000000284,53.44000000000002,22.400000000000034,1,1,accelerate-accelerate,-0.04549524933099747,0.06904200464487076,-0.06363438069820404,1,0.06904200464487076,-0.04549524933099747,0.11453725397586823,0.1326763853430748,"[true, true, true]",False,False,False,65033,0,d0edc00f047161f87ff5ac3d9db81a99f2aae764689ab2d74413d9cb5b45dfd5,validation_003,1,2,402850014,5,,
6,1.2000000000000002,B,mainline,True,False,53.44000000000002,22.400000000000034,1,accelerate,2.0,2.0000000000000284,59.04000000000002,18.400000000000034,1,1,accelerate-accelerate,-0.07197445631027222,0.045792870223522186,-0.18952178955078125,1,0.045792870223522186,-0.07197445631027222,0.1177673265337944,0.23531465977430344,"[true, true, true]",False,False,False,65033,0,d0edc00f047161f87ff5ac3d9db81a99f2aae764689ab2d74413d9cb5b45dfd5,validation_003,1,2,402850014,5,,
6,1.2000000000000002,B_front,background_mainline,True,,144.0,20.0,,,,,,,,,,,,,,,,,,,,,,65033,0,d0edc00f047161f87ff5ac3d9db81a99f2aae764689ab2d74413d9cb5b45dfd5,validation_003,1,2,402850014,5,,
6,1.2000000000000002,B_rear,background_mainline,True,,26.755377931069873,18.8736575091406,,,,,,,,,,,,,,,,,,,,,,65033,0,d0edc00f047161f87ff5ac3d9db81a99f2aae764689ab2d74413d9cb5b45dfd5,validation_003,1,2,402850014,5,,
7,1.4000000000000001,A,ramp,True,False,62.760000000000026,18.80000000000004,1,accelerate,2.0,2.0000000000000284,57.96000000000003,22.80000000000004,1,1,accelerate-accelerate,-0.04354429990053177,0.0738343670964241,-0.06276172399520874,1,0.0738343670964241,-0.04354429990053177,0.11737866699695587,0.13659609109163284,"[true, true, true]",False,False,False,65033,0,d0edc00f047161f87ff5ac3d9db81a99f2aae764689ab2d74413d9cb5b45dfd5,validation_003,1,2,402850014,5,,
7,1.4000000000000001,B,mainline,True,False,57.96000000000003,22.80000000000004,1,accelerate,2.0,2.0000000000000284,62.760000000000026,18.80000000000004,1,1,accelerate-accelerate,-0.07348033785820007,0.04386083409190178,-0.1886642575263977,1,0.04386083409190178,-0.07348033785820007,0.11734117195010185,0.23252509161829948,"[true, true, true]",False,False,False,65033,0,d0edc00f047161f87ff5ac3d9db81a99f2aae764689ab2d74413d9cb5b45dfd5,validation_003,1,2,402850014,5,,
7,1.4000000000000001,B_front,background_mainline,True,,148.0,20.0,,,,,,,,,,,,,,,,,,,,,,65033,0,d0edc00f047161f87ff5ac3d9db81a99f2aae764689ab2d74413d9cb5b45dfd5,validation_003,1,2,402850014,5,,
7,1.4000000000000001,B_rear,background_mainline,True,,30.533172569358648,18.906498857181067,,,,,,,,,,,,,,,,,,,,,,65033,0,d0edc00f047161f87ff5ac3d9db81a99f2aae764689ab2d74413d9cb5b45dfd5,validation_003,1,2,402850014,5,,
8,1.6,A,ramp,True,False,66.56000000000003,19.200000000000045,1,accelerate,2.0,2.0000000000000284,62.56000000000004,23.200000000000045,1,1,accelerate-accelerate,-0.04199041426181793,0.07944001257419586,-0.06149494647979736,1,0.07944001257419586,-0.04199041426181793,0.1214304268360138,0.14093495905399323,"[true, true, true]",False,False,False,65033,0,d0edc00f047161f87ff5ac3d9db81a99f2aae764689ab2d74413d9cb5b45dfd5,validation_003,1,2,402850014,5,,
8,1.6,B,mainline,True,False,62.56000000000004,23.200000000000045,1,accelerate,2.0,2.0000000000000284,66.56000000000003,19.200000000000045,1,1,accelerate-accelerate,-0.07493972033262253,0.041584134101867676,-0.18734002113342285,1,0.041584134101867676,-0.07493972033262253,0.1165238544344902,0.22892415523529053,"[true, true, true]",False,False,False,65033,0,d0edc00f047161f87ff5ac3d9db81a99f2aae764689ab2d74413d9cb5b45dfd5,validation_003,1,2,402850014,5,,
8,1.6,B_front,background_mainline,True,,152.0,20.0,,,,,,,,,,,,,,,,,,,,,,65033,0,d0edc00f047161f87ff5ac3d9db81a99f2aae764689ab2d74413d9cb5b45dfd5,validation_003,1,2,402850014,5,,
8,1.6,B_rear,background_mainline,True,,34.31874502797599,18.95054867326254,,,,,,,,,,,,,,,,,,,,,,65033,0,d0edc00f047161f87ff5ac3d9db81a99f2aae764689ab2d74413d9cb5b45dfd5,validation_003,1,2,402850014,5,,
9,1.8,A,ramp,True,False,70.44000000000004,19.60000000000005,1,accelerate,2.0,2.0000000000000284,67.24000000000005,23.60000000000005,1,1,accelerate-accelerate,-0.040895238518714905,0.08564351499080658,-0.06015772372484207,1,0.08564351499080658,-0.040895238518714905,0.12653875350952148,0.14580123871564865,"[true, true, true]",False,False,False,65033,0,d0edc00f047161f87ff5ac3d9db81a99f2aae764689ab2d74413d9cb5b45dfd5,validation_003,1,2,402850014,5,,
9,1.8,B,mainline,True,False,67.24000000000005,23.60000000000005,1,accelerate,2.0,2.0000000000000284,70.44000000000004,19.60000000000005,1,1,accelerate-accelerate,-0.07606358826160431,0.038888707756996155,-0.18535859882831573,1,0.038888707756996155,-0.07606358826160431,0.11495229601860046,0.2242473065853119,"[true, true, true]",False,False,False,65033,0,d0edc00f047161f87ff5ac3d9db81a99f2aae764689ab2d74413d9cb5b45dfd5,validation_003,1,2,402850014,5,,
9,1.8,B_front,background_mainline,True,,156.0,20.0,,,,,,,,,,,,,,,,,,,,,,65033,0,d0edc00f047161f87ff5ac3d9db81a99f2aae764689ab2d74413d9cb5b45dfd5,validation_003,1,2,402850014,5,,
9,1.8,B_rear,background_mainline,True,,38.11381551623222,19.000790506822323,,,,,,,,,,,,,,,,,,,,,,65033,0,d0edc00f047161f87ff5ac3d9db81a99f2aae764689ab2d74413d9cb5b45dfd5,validation_003,1,2,402850014,5,,
10,2.0,A,ramp,True,False,74.40000000000005,20.000000000000057,1,accelerate,2.0,2.0000000000000284,72.00000000000007,24.000000000000057,1,1,accelerate-accelerate,-0.04009058326482773,0.09196208417415619,-0.059538692235946655,1,0.09196208417415619,-0.04009058326482773,0.13205266743898392,0.15150077641010284,"[true, true, true]",False,False,False,65033,0,d0edc00f047161f87ff5ac3d9db81a99f2aae764689ab2d74413d9cb5b45dfd5,validation_003,1,2,402850014,5,,
10,2.0,B,mainline,True,False,72.00000000000007,24.000000000000057,1,accelerate,2.0,2.0000000000000284,74.40000000000005,20.000000000000057,1,1,accelerate-accelerate,-0.07675202935934067,0.03597336262464523,-0.18314193189144135,1,0.03597336262464523,-0.07675202935934067,0.1127253919839859,0.21911529451608658,"[true, true, true]",False,False,False,65033,0,d0edc00f047161f87ff5ac3d9db81a99f2aae764689ab2d74413d9cb5b45dfd5,validation_003,1,2,402850014,5,,
10,2.0,B_front,background_mainline,True,,160.0,20.0,,,,,,,,,,,,,,,,,,,,,,65033,0,d0edc00f047161f87ff5ac3d9db81a99f2aae764689ab2d74413d9cb5b45dfd5,validation_003,1,2,402850014,5,,
10,2.0,B_rear,background_mainline,True,,41.91921327682362,19.053199202095076,,,,,,,,,,,,,,,,,,,,,,65033,0,d0edc00f047161f87ff5ac3d9db81a99f2aae764689ab2d74413d9cb5b45dfd5,validation_003,1,2,402850014,5,,
11,2.2,A,ramp,True,False,78.44000000000005,20.400000000000063,1,accelerate,2.0,2.0000000000000284,76.84000000000009,24.400000000000063,1,1,accelerate-accelerate,-0.03933662548661232,0.09844866394996643,-0.05910459905862808,1,0.09844866394996643,-0.03933662548661232,0.13778528943657875,0.1575532630085945,"[true, true, true]",False,False,False,65033,0,d0edc00f047161f87ff5ac3d9db81a99f2aae764689ab2d74413d9cb5b45dfd5,validation_003,1,2,402850014,5,,
11,2.2,B,mainline,True,False,76.84000000000009,24.400000000000063,1,accelerate,2.0,2.0000000000000284,78.44000000000005,20.400000000000063,1,1,accelerate-accelerate,-0.07743903994560242,0.03305039927363396,-0.18087191879749298,1,0.03305039927363396,-0.07743903994560242,0.11048943921923637,0.21392231807112694,"[true, true, true]",False,False,False,65033,0,d0edc00f047161f87ff5ac3d9db81a99f2aae764689ab2d74413d9cb5b45dfd5,validation_003,1,2,402850014,5,,
11,2.2,B_front,background_mainline,True,,164.0,20.0,,,,,,,,,,,,,,,,,,,,,,65033,0,d0edc00f047161f87ff5ac3d9db81a99f2aae764689ab2d74413d9cb5b45dfd5,validation_003,1,2,402850014,5,,
11,2.2,B_rear,background_mainline,True,,45.73495283863411,19.10379719537739,,,,,,,,,,,,,,,,,,,,,,65033,0,d0edc00f047161f87ff5ac3d9db81a99f2aae764689ab2d74413d9cb5b45dfd5,validation_003,1,2,402850014,5,,
12,2.4000000000000004,A,ramp,True,False,82.56000000000007,20.800000000000068,1,accelerate,2.0,2.0000000000000284,81.76000000000009,24.800000000000068,1,1,accelerate-accelerate,-0.038949768990278244,0.10432665050029755,-0.05811186134815216,1,0.10432665050029755,-0.038949768990278244,0.1432764194905758,0.1624385118484497,"[true, true, true]",False,False,False,65033,0,d0edc00f047161f87ff5ac3d9db81a99f2aae764689ab2d74413d9cb5b45dfd5,validation_003,1,2,402850014,5,,
12,2.4000000000000004,B,mainline,True,False,81.76000000000009,24.800000000000068,1,accelerate,2.0,2.0000000000000284,82.56000000000007,20.800000000000068,1,1,accelerate-accelerate,-0.07812738418579102,0.03011961281299591,-0.1785510629415512,1,0.03011961281299591,-0.07812738418579102,0.10824699699878693,0.20867067575454712,"[true, true, true]",False,False,False,65033,0,d0edc00f047161f87ff5ac3d9db81a99f2aae764689ab2d74413d9cb5b45dfd5,validation_003,1,2,402850014,5,,
12,2.4000000000000004,B_front,background_mainline,True,,168.0,20.0,,,,,,,,,,,,,,,,,,,,,,65033,0,d0edc00f047161f87ff5ac3d9db81a99f2aae764689ab2d74413d9cb5b45dfd5,validation_003,1,2,402850014,5,,
12,2.4000000000000004,B_rear,background_mainline,True,,49.56056018634528,19.151893737715636,,,,,,,,,,,,,,,,,,,,,,65033,0,d0edc00f047161f87ff5ac3d9db81a99f2aae764689ab2d74413d9cb5b45dfd5,validation_003,1,2,402850014,5,,
13,2.6,A,ramp,True,False,86.76000000000009,21.200000000000074,1,accelerate,2.0,2.0000000000000284,86.7600000000001,25.200000000000074,1,1,accelerate-accelerate,-0.038770124316215515,0.10979050397872925,-0.058482248336076736,1,0.10979050397872925,-0.038770124316215515,0.14856062829494476,0.16827275231480598,"[true, true, true]",False,False,False,65033,0,d0edc00f047161f87ff5ac3d9db81a99f2aae764689ab2d74413d9cb5b45dfd5,validation_003,1,2,402850014,5,,
13,2.6,B,mainline,True,False,86.7600000000001,25.200000000000074,1,accelerate,2.0,2.0000000000000284,86.76000000000009,21.200000000000074,1,1,accelerate-accelerate,-0.07883451879024506,0.027169212698936462,-0.17617397010326385,1,0.027169212698936462,-0.07883451879024506,0.10600373148918152,0.20334318280220032,"[true, true, true]",False,False,False,65033,0,d0edc00f047161f87ff5ac3d9db81a99f2aae764689ab2d74413d9cb5b45dfd5,validation_003,1,2,402850014,5,,
13,2.6,B_front,background_mainline,True,,172.0,20.0,,,,,,,,,,,,,,,,,,,,,,65033,0,d0edc00f047161f87ff5ac3d9db81a99f2aae764689ab2d74413d9cb5b45dfd5,validation_003,1,2,402850014,5,,
13,2.6,B_rear,background_mainline,True,,53.39554560018414,19.197594066893107,,,,,,,,,,,,,,,,,,,,,,65033,0,d0edc00f047161f87ff5ac3d9db81a99f2aae764689ab2d74413d9cb5b45dfd5,validation_003,1,2,402850014,5,,
14,2.8000000000000003,A,ramp,True,False,91.0400000000001,21.60000000000008,1,accelerate,2.0,2.0000000000000284,91.84000000000012,25.60000000000008,1,1,accelerate-accelerate,-0.03856423497200012,0.11550696194171906,-0.058416251093149185,1,0.11550696194171906,-0.03856423497200012,0.15407119691371918,0.17392321303486824,"[true, true, true]",False,False,False,65033,0,d0edc00f047161f87ff5ac3d9db81a99f2aae764689ab2d74413d9cb5b45dfd5,validation_003,1,2,402850014,5,,
14,2.8000000000000003,B,mainline,True,False,91.84000000000012,25.60000000000008,1,accelerate,2.0,2.0000000000000284,91.0400000000001,21.60000000000008,1,1,accelerate-accelerate,-0.07960277050733566,0.024098023772239685,-0.17344439029693604,1,0.024098023772239685,-0.07960277050733566,0.10370079427957535,0.19754241406917572,"[true, true, true]",False,False,False,65033,0,d0edc00f047161f87ff5ac3d9db81a99f2aae764689ab2d74413d9cb5b45dfd5,validation_003,1,2,402850014,5,,
14,2.8000000000000003,B_front,background_mainline,True,,176.0,20.0,,,,,,,,,,,,,,,,,,,,,,65033,0,d0edc00f047161f87ff5ac3d9db81a99f2aae764689ab2d74413d9cb5b45dfd5,validation_003,1,2,402850014,5,,
14,2.8000000000000003,B_rear,background_mainline,True,,57.23944010955154,19.24100043735704,,,,,,,,,,,,,,,,,,,,,,65033,0,d0edc00f047161f87ff5ac3d9db81a99f2aae764689ab2d74413d9cb5b45dfd5,validation_003,1,2,402850014,5,,
15,3.0,A,ramp,True,False,95.40000000000013,22.000000000000085,1,accelerate,2.0,2.0000000000000284,97.00000000000013,26.000000000000085,1,1,accelerate-accelerate,-0.03821657970547676,0.12158091366291046,-0.05821416899561882,1,0.12158091366291046,-0.03821657970547676,0.15979749336838722,0.17979508265852928,"[true, true, true]",False,False,False,65033,0,d0edc00f047161f87ff5ac3d9db81a99f2aae764689ab2d74413d9cb5b45dfd5,validation_003,1,2,402850014,5,,
15,3.0,B,mainline,True,False,97.00000000000013,26.000000000000085,1,accelerate,2.0,2.0000000000000284,95.40000000000013,22.000000000000085,1,1,accelerate-accelerate,-0.08045363426208496,0.02085808664560318,-0.17022523283958435,1,0.02085808664560318,-0.08045363426208496,0.10131172090768814,0.19108331948518753,"[true, true, true]",False,False,False,65033,0,d0edc00f047161f87ff5ac3d9db81a99f2aae764689ab2d74413d9cb5b45dfd5,validation_003,1,2,402850014,5,,
15,3.0,B_front,background_mainline,True,,180.0,20.0,,,,,,,,,,,,,,,,,,,,,,65033,0,d0edc00f047161f87ff5ac3d9db81a99f2aae764689ab2d74413d9cb5b45dfd5,validation_003,1,2,402850014,5,,
15,3.0,B_rear,background_mainline,True,,61.09179489671632,19.28221212401568,,,,,,,,,,,,,,,,,,,,,,65033,0,d0edc00f047161f87ff5ac3d9db81a99f2aae764689ab2d74413d9cb5b45dfd5,validation_003,1,2,402850014,5,,
16,3.2,A,ramp,True,False,99.84000000000016,22.40000000000009,1,accelerate,2.0,2.0000000000000284,102.24000000000015,26.40000000000009,1,1,accelerate-accelerate,-0.03860035538673401,0.12627537548542023,-0.05758986249566078,1,0.12627537548542023,-0.03860035538673401,0.16487573087215424,0.183865237981081,"[true, true, true]",False,False,False,65033,0,d0edc00f047161f87ff5ac3d9db81a99f2aae764689ab2d74413d9cb5b45dfd5,validation_003,1,2,402850014,5,,
16,3.2,B,mainline,True,False,102.24000000000015,26.40000000000009,1,accelerate,2.0,2.0000000000000284,99.84000000000016,22.40000000000009,1,1,accelerate-accelerate,-0.08214236795902252,0.018012017011642456,-0.16684025526046753,1,0.018012017011642456,-0.08214236795902252,0.10015438497066498,0.18485227227210999,"[true, true, true]",False,False,False,65033,0,d0edc00f047161f87ff5ac3d9db81a99f2aae764689ab2d74413d9cb5b45dfd5,validation_003,1,2,402850014,5,,
16,3.2,B_front,background_mainline,True,,184.0,20.0,,,,,,,,,,,,,,,,,,,,,,65033,0,d0edc00f047161f87ff5ac3d9db81a99f2aae764689ab2d74413d9cb5b45dfd5,validation_003,1,2,402850014,5,,
16,3.2,B_rear,background_mainline,True,,64.95218070136413,19.321325426913106,,,,,,,,,,,,,,,,,,,,,,65033,0,d0edc00f047161f87ff5ac3d9db81a99f2aae764689ab2d74413d9cb5b45dfd5,validation_003,1,2,402850014,5,,
17,3.4000000000000004,A,ramp,True,False,104.36000000000017,22.800000000000097,1,accelerate,2.0,2.0000000000000284,107.56000000000017,26.800000000000097,1,1,accelerate-accelerate,-0.03903435170650482,0.13100981712341309,-0.05693942308425903,1,0.13100981712341309,-0.03903435170650482,0.1700441688299179,0.18794924020767212,"[true, true, true]",True,True,False,65033,0,d0edc00f047161f87ff5ac3d9db81a99f2aae764689ab2d74413d9cb5b45dfd5,validation_003,1,2,402850014,5,-1.1226036015875849,0.0
17,3.4000000000000004,B,mainline,True,False,107.56000000000017,26.800000000000097,1,accelerate,2.0,2.0000000000000284,104.36000000000017,22.800000000000097,1,1,accelerate-accelerate,-0.08443067967891693,0.015729062259197235,-0.16378936171531677,1,0.015729062259197235,-0.08443067967891693,0.10015974193811417,0.179518423974514,"[true, true, true]",True,True,False,65033,0,d0edc00f047161f87ff5ac3d9db81a99f2aae764689ab2d74413d9cb5b45dfd5,validation_003,1,2,402850014,5,-1.1226036015875849,0.0
17,3.4000000000000004,B_front,background_mainline,True,,187.0,20.0,,,,,,,,,,,,,,,,,,,,,,65033,0,d0edc00f047161f87ff5ac3d9db81a99f2aae764689ab2d74413d9cb5b45dfd5,validation_003,1,2,402850014,5,,
17,3.4000000000000004,B_rear,background_mainline,True,,67.85232373963004,19.34257340649686,,,,,,,,,,,,,,,,,,,,,,65033,0,d0edc00f047161f87ff5ac3d9db81a99f2aae764689ab2d74413d9cb5b45dfd5,validation_003,1,2,402850014,5,,
0,0.0,A,mainline,True,False,33.199999999999996,18.0,1,accelerate,0.0,2.0000000000000284,23.999999999999993,20.0,1,1,accelerate-accelerate,-0.029522985219955444,-0.008103743195533752,-0.022153370082378387,1,-0.008103743195533752,-0.022153370082378387,0.014049626886844635,0.021419242024421692,"[true, true, true]",False,False,False,65033,0,d0edc00f047161f87ff5ac3d9db81a99f2aae764689ab2d74413d9cb5b45dfd5,validation_004,0,3,403708566,6,,
0,0.0,B,ramp,True,False,23.999999999999993,20.0,1,accelerate,0.0,2.0000000000000284,33.199999999999996,18.0,1,1,accelerate-accelerate,-0.07638589292764664,0.06822723150253296,-0.22176072001457214,1,0.06822723150253296,-0.07638589292764664,0.1446131244301796,0.2899879515171051,"[true, true, true]",False,False,False,65033,0,d0edc00f047161f87ff5ac3d9db81a99f2aae764689ab2d74413d9cb5b45dfd5,validation_004,0,3,403708566,6,,
0,0.0,B_front,background_mainline,True,,111.0,20.0,,,,,,,,,,,,,,,,,,,,,,65033,0,d0edc00f047161f87ff5ac3d9db81a99f2aae764689ab2d74413d9cb5b45dfd5,validation_004,0,3,403708566,6,,
0,0.0,B_rear,background_mainline,True,,3.9342545904102417,19.38133309996254,,,,,,,,,,,,,,,,,,,,,,65033,0,d0edc00f047161f87ff5ac3d9db81a99f2aae764689ab2d74413d9cb5b45dfd5,validation_004,0,3,403708566,6,,
1,0.2,A,mainline,True,False,36.839999999999996,18.400000000000006,1,accelerate,2.0,2.0000000000000284,28.039999999999996,20.400000000000006,1,1,accelerate-accelerate,-0.029184773564338684,-0.0037366673350334167,-0.020122908055782318,1,-0.0037366673350334167,-0.020122908055782318,0.0163862407207489,0.025448106229305267,"[true, true, true]",False,False,False,65033,0,d0edc00f047161f87ff5ac3d9db81a99f2aae764689ab2d74413d9cb5b45dfd5,validation_004,0,3,403708566,6,,
1,0.2,B,ramp,True,False,28.039999999999996,20.400000000000006,1,accelerate,2.0,2.0000000000000284,36.839999999999996,18.400000000000006,1,1,accelerate-accelerate,-0.07855188101530075,0.067082479596138,-0.22123293578624725,1,0.067082479596138,-0.07855188101530075,0.14563436061143875,0.28831541538238525,"[true, true, true]",False,False,False,65033,0,d0edc00f047161f87ff5ac3d9db81a99f2aae764689ab2d74413d9cb5b45dfd5,validation_004,0,3,403708566,6,,
1,0.2,B_front,background_mainline,True,,115.0,20.0,,,,,,,,,,,,,,,,,,,,,,65033,0,d0edc00f047161f87ff5ac3d9db81a99f2aae764689ab2d74413d9cb5b45dfd5,validation_004,0,3,403708566,6,,
1,0.2,B_rear,background_mainline,True,,7.766318313217796,18.964682814870834,,,,,,,,,,,,,,,,,,,,,,65033,0,d0edc00f047161f87ff5ac3d9db81a99f2aae764689ab2d74413d9cb5b45dfd5,validation_004,0,3,403708566,6,,
2,0.4,A,mainline,True,False,40.559999999999995,18.80000000000001,1,accelerate,2.0,2.0000000000000284,32.16,20.80000000000001,1,1,accelerate-accelerate,-0.028630390763282776,0.0005528777837753296,-0.018314972519874573,1,0.0005528777837753296,-0.018314972519874573,0.018867850303649902,0.029183268547058105,"[true, true, true]",False,False,False,65033,0,d0edc00f047161f87ff5ac3d9db81a99f2aae764689ab2d74413d9cb5b45dfd5,validation_004,0,3,403708566,6,,
2,0.4,B,ramp,True,False,32.16,20.80000000000001,1,accelerate,2.0,2.0000000000000284,40.559999999999995,18.80000000000001,1,1,accelerate-accelerate,-0.08049846440553665,0.06583023071289062,-0.2205742746591568,1,0.06583023071289062,-0.08049846440553665,0.14632869511842728,0.2864045053720474,"[true, true, true]",False,False,False,65033,0,d0edc00f047161f87ff5ac3d9db81a99f2aae764689ab2d74413d9cb5b45dfd5,validation_004,0,3,403708566,6,,
2,0.4,B_front,background_mainline,True,,119.0,20.0,,,,,,,,,,,,,,,,,,,,,,65033,0,d0edc00f047161f87ff5ac3d9db81a99f2aae764689ab2d74413d9cb5b45dfd5,validation_004,0,3,403708566,6,,
2,0.4,B_rear,background_mainline,True,,11.529421751951958,18.68394874595693,,,,,,,,,,,,,,,,,,,,,,65033,0,d0edc00f047161f87ff5ac3d9db81a99f2aae764689ab2d74413d9cb5b45dfd5,validation_004,0,3,403708566,6,,
3,0.6000000000000001,A,mainline,True,False,44.36,19.200000000000017,1,accelerate,2.0,2.0000000000000284,36.36,21.200000000000017,1,1,accelerate-accelerate,-0.02806869149208069,0.004382826387882233,-0.016861438751220703,1,0.004382826387882233,-0.016861438751220703,0.021244265139102936,0.03245151787996292,"[true, true, true]",False,False,False,65033,0,d0edc00f047161f87ff5ac3d9db81a99f2aae764689ab2d74413d9cb5b45dfd5,validation_004,0,3,403708566,6,,
3,0.6000000000000001,B,ramp,True,False,36.36,21.200000000000017,1,accelerate,2.0,2.0000000000000284,44.36,19.200000000000017,1,1,accelerate-accelerate,-0.08213666826486588,0.0646556168794632,-0.21989361941814423,1,0.0646556168794632,-0.08213666826486588,0.14679228514432907,0.2845492362976074,"[true, true, true]",False,False,False,65033,0,d0edc00f047161f87ff5ac3d9db81a99f2aae764689ab2d74413d9cb5b45dfd5,validation_004,0,3,403708566,6,,
3,0.6000000000000001,B_front,background_mainline,True,,123.0,20.0,,,,,,,,,,,,,,,,,,,,,,65033,0,d0edc00f047161f87ff5ac3d9db81a99f2aae764689ab2d74413d9cb5b45dfd5,validation_004,0,3,403708566,6,,
3,0.6000000000000001,B_rear,background_mainline,True,,15.246471417219777,18.499225824185057,,,,,,,,,,,,,,,,,,,,,,65033,0,d0edc00f047161f87ff5ac3d9db81a99f2aae764689ab2d74413d9cb5b45dfd5,validation_004,0,3,403708566,6,,
4,0.8,A,mainline,True,False,48.24,19.600000000000023,1,accelerate,2.0,2.0000000000000284,40.64,21.600000000000023,1,1,accelerate-accelerate,-0.027259737253189087,0.008090831339359283,-0.01552637666463852,1,0.008090831339359283,-0.01552637666463852,0.023617208003997803,0.03535056859254837,"[true, true, true]",False,False,False,65033,0,d0edc00f047161f87ff5ac3d9db81a99f2aae764689ab2d74413d9cb5b45dfd5,validation_004,0,3,403708566,6,,
4,0.8,B,ramp,True,False,40.64,21.600000000000023,1,accelerate,2.0,2.0000000000000284,48.24,19.600000000000023,1,1,accelerate-accelerate,-0.08323188871145248,0.06383933126926422,-0.21933570504188538,1,0.06383933126926422,-0.08323188871145248,0.1470712199807167,0.2831750363111496,"[true, true, true]",False,False,False,65033,0,d0edc00f047161f87ff5ac3d9db81a99f2aae764689ab2d74413d9cb5b45dfd5,validation_004,0,3,403708566,6,,
4,0.8,B_front,background_mainline,True,,127.0,20.0,,,,,,,,,,,,,,,,,,,,,,65033,0,d0edc00f047161f87ff5ac3d9db81a99f2aae764689ab2d74413d9cb5b45dfd5,validation_004,0,3,403708566,6,,
4,0.8,B_rear,background_mainline,True,,18.933910392541794,18.384528316678555,,,,,,,,,,,,,,,,,,,,,,65033,0,d0edc00f047161f87ff5ac3d9db81a99f2aae764689ab2d74413d9cb5b45dfd5,validation_004,0,3,403708566,6,,
5,1.0,A,mainline,True,False,52.20000000000001,20.00000000000003,1,accelerate,2.0,2.0000000000000284,45.00000000000001,22.00000000000003,1,1,accelerate-accelerate,-0.026291772723197937,0.011755391955375671,-0.014268539845943451,1,0.011755391955375671,-0.014268539845943451,0.026023931801319122,0.03804716467857361,"[true, true, true]",False,False,False,65033,0,d0edc00f047161f87ff5ac3d9db81a99f2aae764689ab2d74413d9cb5b45dfd5,validation_004,0,3,403708566,6,,
5,1.0,B,ramp,True,False,45.00000000000001,22.00000000000003,1,accelerate,2.0,2.0000000000000284,52.20000000000001,20.00000000000003,1,1,accelerate-accelerate,-0.08425329625606537,0.06299354135990143,-0.21873363852500916,1,0.06299354135990143,-0.08425329625606537,0.1472468376159668,0.2817271798849106,"[true, true, true]",False,False,False,65033,0,d0edc00f047161f87ff5ac3d9db81a99f2aae764689ab2d74413d9cb5b45dfd5,validation_004,0,3,403708566,6,,
5,1.0,B_front,background_mainline,True,,131.0,20.0,,,,,,,,,,,,,,,,,,,,,,65033,0,d0edc00f047161f87ff5ac3d9db81a99f2aae764689ab2d74413d9cb5b45dfd5,validation_004,0,3,403708566,6,,
5,1.0,B_rear,background_mainline,True,,22.603855496625233,18.321942941539884,,,,,,,,,,,,,,,,,,,,,,65033,0,d0edc00f047161f87ff5ac3d9db81a99f2aae764689ab2d74413d9cb5b45dfd5,validation_004,0,3,403708566,6,,
6,1.2000000000000002,A,mainline,True,False,56.240000000000016,20.400000000000034,1,accelerate,2.0,2.0000000000000284,49.44000000000001,22.400000000000034,1,1,accelerate-accelerate,-0.02538580447435379,0.01530488207936287,-0.013102293014526367,1,0.01530488207936287,-0.013102293014526367,0.028407175093889236,0.04069068655371666,"[true, true, true]",False,False,False,65033,0,d0edc00f047161f87ff5ac3d9db81a99f2aae764689ab2d74413d9cb5b45dfd5,validation_004,0,3,403708566,6,,
6,1.2000000000000002,B,ramp,True,False,49.44000000000001,22.400000000000034,1,accelerate,2.0,2.0000000000000284,56.240000000000016,20.400000000000034,1,1,accelerate-accelerate,-0.08515059947967529,0.062254972755908966,-0.21817615628242493,1,0.062254972755908966,-0.08515059947967529,0.14740557223558426,0.2804311290383339,"[true, true, true]",False,False,False,65033,0,d0edc00f047161f87ff5ac3d9db81a99f2aae764689ab2d74413d9cb5b45dfd5,validation_004,0,3,403708566,6,,
6,1.2000000000000002,B_front,background_mainline,True,,135.0,20.0,,,,,,,,,,,,,,,,,,,,,,65033,0,d0edc00f047161f87ff5ac3d9db81a99f2aae764689ab2d74413d9cb5b45dfd5,validation_004,0,3,403708566,6,,
6,1.2000000000000002,B_rear,background_mainline,True,,26.265376161978914,18.298559523160986,,,,,,,,,,,,,,,,,,,,,,65033,0,d0edc00f047161f87ff5ac3d9db81a99f2aae764689ab2d74413d9cb5b45dfd5,validation_004,0,3,403708566,6,,
7,1.4000000000000001,A,mainline,True,False,60.36000000000002,20.80000000000004,1,accelerate,2.0,2.0000000000000284,53.96000000000002,22.80000000000004,1,1,accelerate-accelerate,-0.024401195347309113,0.01884479820728302,-0.011913657188415527,1,0.01884479820728302,-0.011913657188415527,0.030758455395698547,0.04324599355459213,"[true, true, true]",False,False,False,65033,0,d0edc00f047161f87ff5ac3d9db81a99f2aae764689ab2d74413d9cb5b45dfd5,validation_004,0,3,403708566,6,,
7,1.4000000000000001,B,ramp,True,False,53.96000000000002,22.80000000000004,1,accelerate,2.0,2.0000000000000284,60.36000000000002,20.80000000000004,1,1,accelerate-accelerate,-0.08607737720012665,0.06180574372410774,-0.2173265665769577,1,0.06180574372410774,-0.08607737720012665,0.1478831209242344,0.27913231030106544,"[true, true, true]",False,False,False,65033,0,d0edc00f047161f87ff5ac3d9db81a99f2aae764689ab2d74413d9cb5b45dfd5,validation_004,0,3,403708566,6,,
7,1.4000000000000001,B_front,background_mainline,True,,139.0,20.0,,,,,,,,,,,,,,,,,,,,,,65033,0,d0edc00f047161f87ff5ac3d9db81a99f2aae764689ab2d74413d9cb5b45dfd5,validation_004,0,3,403708566,6,,
7,1.4000000000000001,B_rear,background_mainline,True,,29.925307083739465,18.304736239275304,,,,,,,,,,,,,,,,,,,,,,65033,0,d0edc00f047161f87ff5ac3d9db81a99f2aae764689ab2d74413d9cb5b45dfd5,validation_004,0,3,403708566,6,,
8,1.6,A,mainline,True,False,64.56000000000003,21.200000000000045,1,accelerate,2.0,2.0000000000000284,58.56000000000003,23.200000000000045,1,1,accelerate-accelerate,-0.02273555099964142,0.022500023245811462,-0.009861290454864502,1,0.022500023245811462,-0.009861290454864502,0.032361313700675964,0.04523557424545288,"[true, true, true]",False,False,False,65033,0,d0edc00f047161f87ff5ac3d9db81a99f2aae764689ab2d74413d9cb5b45dfd5,validation_004,0,3,403708566,6,,
8,1.6,B,ramp,True,False,58.56000000000003,23.200000000000045,1,accelerate,2.0,2.0000000000000284,64.56000000000003,21.200000000000045,1,1,accelerate-accelerate,-0.08589154481887817,0.060838546603918076,-0.216373011469841,1,0.060838546603918076,-0.08589154481887817,0.14673009142279625,0.2772115580737591,"[true, true, true]",False,False,False,65033,0,d0edc00f047161f87ff5ac3d9db81a99f2aae764689ab2d74413d9cb5b45dfd5,validation_004,0,3,403708566,6,,
8,1.6,B_front,background_mainline,True,,143.0,20.0,,,,,,,,,,,,,,,,,,,,,,65033,0,d0edc00f047161f87ff5ac3d9db81a99f2aae764689ab2d74413d9cb5b45dfd5,validation_004,0,3,403708566,6,,
8,1.6,B_rear,background_mainline,True,,33.5887901313371,18.33306066912237,,,,,,,,,,,,,,,,,,,,,,65033,0,d0edc00f047161f87ff5ac3d9db81a99f2aae764689ab2d74413d9cb5b45dfd5,validation_004,0,3,403708566,6,,
9,1.8,A,mainline,True,False,68.84000000000003,21.60000000000005,1,accelerate,2.0,2.0000000000000284,63.24000000000004,23.60000000000005,1,1,accelerate-accelerate,-0.021571815013885498,0.027213282883167267,-0.007407538592815399,1,0.027213282883167267,-0.007407538592815399,0.034620821475982666,0.048785097897052765,"[true, true, true]",False,False,False,65033,0,d0edc00f047161f87ff5ac3d9db81a99f2aae764689ab2d74413d9cb5b45dfd5,validation_004,0,3,403708566,6,,
9,1.8,B,ramp,True,False,63.24000000000004,23.60000000000005,1,accelerate,2.0,2.0000000000000284,68.84000000000003,21.60000000000005,1,1,accelerate-accelerate,-0.08604389429092407,0.05907408148050308,-0.21484941244125366,1,0.05907408148050308,-0.08604389429092407,0.14511797577142715,0.27392349392175674,"[true, true, true]",False,False,False,65033,0,d0edc00f047161f87ff5ac3d9db81a99f2aae764689ab2d74413d9cb5b45dfd5,validation_004,0,3,403708566,6,,
9,1.8,B_front,background_mainline,True,,147.0,20.0,,,,,,,,,,,,,,,,,,,,,,65033,0,d0edc00f047161f87ff5ac3d9db81a99f2aae764689ab2d74413d9cb5b45dfd5,validation_004,0,3,403708566,6,,
9,1.8,B_rear,background_mainline,True,,37.25965053193343,18.377698001469497,,,,,,,,,,,,,,,,,,,,,,65033,0,d0edc00f047161f87ff5ac3d9db81a99f2aae764689ab2d74413d9cb5b45dfd5,validation_004,0,3,403708566,6,,
10,2.0,A,mainline,True,False,73.20000000000003,22.000000000000057,1,accelerate,2.0,2.0000000000000284,68.00000000000006,24.000000000000057,1,1,accelerate-accelerate,-0.021122977137565613,0.03280623257160187,-0.004767909646034241,1,0.03280623257160187,-0.004767909646034241,0.03757414221763611,0.05392920970916748,"[true, true, true]",False,False,False,65033,0,d0edc00f047161f87ff5ac3d9db81a99f2aae764689ab2d74413d9cb5b45dfd5,validation_004,0,3,403708566,6,,
10,2.0,B,ramp,True,False,68.00000000000006,24.000000000000057,1,accelerate,2.0,2.0000000000000284,73.20000000000003,22.000000000000057,1,1,accelerate-accelerate,-0.08628290891647339,0.05694066733121872,-0.2129022777080536,1,0.05694066733121872,-0.08628290891647339,0.1432235762476921,0.2698429450392723,"[true, true, true]",False,False,False,65033,0,d0edc00f047161f87ff5ac3d9db81a99f2aae764689ab2d74413d9cb5b45dfd5,validation_004,0,3,403708566,6,,
10,2.0,B_front,background_mainline,True,,151.0,20.0,,,,,,,,,,,,,,,,,,,,,,65033,0,d0edc00f047161f87ff5ac3d9db81a99f2aae764689ab2d74413d9cb5b45dfd5,validation_004,0,3,403708566,6,,
10,2.0,B_rear,background_mainline,True,,40.94066721449904,18.433966480376387,,,,,,,,,,,,,,,,,,,,,,65033,0,d0edc00f047161f87ff5ac3d9db81a99f2aae764689ab2d74413d9cb5b45dfd5,validation_004,0,3,403708566,6,,
11,2.2,A,mainline,True,False,77.64000000000004,22.400000000000063,1,accelerate,2.0,2.0000000000000284,72.84000000000006,24.400000000000063,1,1,accelerate-accelerate,-0.020631760358810425,0.03845926374197006,-0.002117648720741272,1,0.03845926374197006,-0.002117648720741272,0.040576912462711334,0.05909102410078049,"[true, true, true]",False,False,False,65033,0,d0edc00f047161f87ff5ac3d9db81a99f2aae764689ab2d74413d9cb5b45dfd5,validation_004,0,3,403708566,6,,
11,2.2,B,ramp,True,False,72.84000000000006,24.400000000000063,1,accelerate,2.0,2.0000000000000284,77.64000000000004,22.400000000000063,1,1,accelerate-accelerate,-0.08646416664123535,0.05494486540555954,-0.2109336107969284,1,0.05494486540555954,-0.08646416664123535,0.1414090320467949,0.26587847620248795,"[true, true, true]",False,False,False,65033,0,d0edc00f047161f87ff5ac3d9db81a99f2aae764689ab2d74413d9cb5b45dfd5,validation_004,0,3,403708566,6,,
11,2.2,B_front,background_mainline,True,,155.0,20.0,,,,,,,,,,,,,,,,,,,,,,65033,0,d0edc00f047161f87ff5ac3d9db81a99f2aae764689ab2d74413d9cb5b45dfd5,validation_004,0,3,403708566,6,,
11,2.2,B_rear,background_mainline,True,,44.63377320359045,18.498052313086387,,,,,,,,,,,,,,,,,,,,,,65033,0,d0edc00f047161f87ff5ac3d9db81a99f2aae764689ab2d74413d9cb5b45dfd5,validation_004,0,3,403708566,6,,
12,2.4000000000000004,A,mainline,True,False,82.16000000000005,22.800000000000068,1,accelerate,2.0,2.0000000000000284,77.76000000000006,24.800000000000068,1,1,accelerate-accelerate,-0.02010544389486313,0.04417732357978821,0.0005470067262649536,1,0.04417732357978821,0.0005470067262649536,0.043630316853523254,0.06428276747465134,"[true, true, true]",False,False,False,65033,0,d0edc00f047161f87ff5ac3d9db81a99f2aae764689ab2d74413d9cb5b45dfd5,validation_004,0,3,403708566,6,,
12,2.4000000000000004,B,ramp,True,False,77.76000000000006,24.800000000000068,1,accelerate,2.0,2.0000000000000284,82.16000000000005,22.800000000000068,1,1,accelerate-accelerate,-0.08640415221452713,0.05278395861387253,-0.20894277095794678,1,0.05278395861387253,-0.08640415221452713,0.13918811082839966,0.2617267295718193,"[true, true, true]",False,False,False,65033,0,d0edc00f047161f87ff5ac3d9db81a99f2aae764689ab2d74413d9cb5b45dfd5,validation_004,0,3,403708566,6,,
12,2.4000000000000004,B_front,background_mainline,True,,159.0,20.0,,,,,,,,,,,,,,,,,,,,,,65033,0,d0edc00f047161f87ff5ac3d9db81a99f2aae764689ab2d74413d9cb5b45dfd5,validation_004,0,3,403708566,6,,
12,2.4000000000000004,B_rear,background_mainline,True,,48.34020848161932,18.566813454478382,,,,,,,,,,,,,,,,,,,,,,65033,0,d0edc00f047161f87ff5ac3d9db81a99f2aae764689ab2d74413d9cb5b45dfd5,validation_004,0,3,403708566,6,,
13,2.6,A,mainline,True,False,86.76000000000006,23.200000000000074,1,accelerate,2.0,2.0000000000000284,82.76000000000008,25.200000000000074,1,1,accelerate-accelerate,-0.019550390541553497,0.04996408522129059,0.003228887915611267,1,0.04996408522129059,0.003228887915611267,0.04673519730567932,0.06951447576284409,"[true, true, true]",False,False,False,65033,0,d0edc00f047161f87ff5ac3d9db81a99f2aae764689ab2d74413d9cb5b45dfd5,validation_004,0,3,403708566,6,,
13,2.6,B,ramp,True,False,82.76000000000008,25.200000000000074,1,accelerate,2.0,2.0000000000000284,86.76000000000006,23.200000000000074,1,1,accelerate-accelerate,-0.08663058280944824,0.049803413450717926,-0.206124946475029,1,0.049803413450717926,-0.08663058280944824,0.13643399626016617,0.2559283599257469,"[true, true, true]",False,False,False,65033,0,d0edc00f047161f87ff5ac3d9db81a99f2aae764689ab2d74413d9cb5b45dfd5,validation_004,0,3,403708566,6,,
13,2.6,B_front,background_mainline,True,,163.0,20.0,,,,,,,,,,,,,,,,,,,,,,65033,0,d0edc00f047161f87ff5ac3d9db81a99f2aae764689ab2d74413d9cb5b45dfd5,validation_004,0,3,403708566,6,,
13,2.6,B_rear,background_mainline,True,,52.06063982211705,18.6376418492147,,,,,,,,,,,,,,,,,,,,,,65033,0,d0edc00f047161f87ff5ac3d9db81a99f2aae764689ab2d74413d9cb5b45dfd5,validation_004,0,3,403708566,6,,
14,2.8000000000000003,A,mainline,True,False,91.44000000000008,23.60000000000008,1,accelerate,2.0,2.0000000000000284,87.84000000000009,25.60000000000008,1,1,accelerate-accelerate,-0.018979370594024658,0.05581586807966232,0.005928888916969299,1,0.05581586807966232,0.005928888916969299,0.049886979162693024,0.07479523867368698,"[true, true, true]",False,False,False,65033,0,d0edc00f047161f87ff5ac3d9db81a99f2aae764689ab2d74413d9cb5b45dfd5,validation_004,0,3,403708566,6,,
14,2.8000000000000003,B,ramp,True,False,87.84000000000009,25.60000000000008,1,accelerate,2.0,2.0000000000000284,91.44000000000008,23.60000000000008,1,1,accelerate-accelerate,-0.08675120770931244,0.046504054218530655,-0.20294782519340515,1,0.046504054218530655,-0.08675120770931244,0.1332552619278431,0.2494518794119358,"[true, true, true]",False,False,False,65033,0,d0edc00f047161f87ff5ac3d9db81a99f2aae764689ab2d74413d9cb5b45dfd5,validation_004,0,3,403708566,6,,
14,2.8000000000000003,B_front,background_mainline,True,,167.0,20.0,,,,,,,,,,,,,,,,,,,,,,65033,0,d0edc00f047161f87ff5ac3d9db81a99f2aae764689ab2d74413d9cb5b45dfd5,validation_004,0,3,403708566,6,,
14,2.8000000000000003,B_rear,background_mainline,True,,55.795256831531404,18.708348326014217,,,,,,,,,,,,,,,,,,,,,,65033,0,d0edc00f047161f87ff5ac3d9db81a99f2aae764689ab2d74413d9cb5b45dfd5,validation_004,0,3,403708566,6,,
15,3.0,A,mainline,True,False,96.2000000000001,24.000000000000085,1,accelerate,2.0,2.0000000000000284,93.0000000000001,26.000000000000085,1,1,accelerate-accelerate,-0.01841704547405243,0.061736129224300385,0.008646935224533081,1,0.061736129224300385,0.008646935224533081,0.0530891939997673,0.08015317469835281,"[true, true, true]",False,False,False,65033,0,d0edc00f047161f87ff5ac3d9db81a99f2aae764689ab2d74413d9cb5b45dfd5,validation_004,0,3,403708566,6,,
15,3.0,B,ramp,True,False,93.0000000000001,26.000000000000085,1,accelerate,2.0,2.0000000000000284,96.2000000000001,24.000000000000085,1,1,accelerate-accelerate,-0.08661381900310516,0.04334328696131706,-0.19959504902362823,1,0.04334328696131706,-0.08661381900310516,0.12995710596442223,0.2429383359849453,"[true, true, true]",False,False,False,65033,0,d0edc00f047161f87ff5ac3d9db81a99f2aae764689ab2d74413d9cb5b45dfd5,validation_004,0,3,403708566,6,,
15,3.0,B_front,background_mainline,True,,171.0,20.0,,,,,,,,,,,,,,,,,,,,,,65033,0,d0edc00f047161f87ff5ac3d9db81a99f2aae764689ab2d74413d9cb5b45dfd5,validation_004,0,3,403708566,6,,
15,3.0,B_rear,background_mainline,True,,59.54378864889049,18.77645077129647,,,,,,,,,,,,,,,,,,,,,,65033,0,d0edc00f047161f87ff5ac3d9db81a99f2aae764689ab2d74413d9cb5b45dfd5,validation_004,0,3,403708566,6,,
16,3.2,A,mainline,True,False,101.04000000000012,24.40000000000009,1,accelerate,2.0,2.0000000000000284,98.24000000000012,26.40000000000009,1,1,accelerate-accelerate,-0.01926087588071823,0.06650593131780624,0.010371185839176178,1,0.06650593131780624,0.010371185839176178,0.056134745478630066,0.08576680719852448,"[true, true, true]",False,False,False,65033,0,d0edc00f047161f87ff5ac3d9db81a99f2aae764689ab2d74413d9cb5b45dfd5,validation_004,0,3,403708566,6,,
16,3.2,B,ramp,True,False,98.24000000000012,26.40000000000009,1,accelerate,2.0,2.0000000000000284,101.04000000000012,24.40000000000009,1,1,accelerate-accelerate,-0.08634805679321289,0.04029649496078491,-0.1962396502494812,1,0.04029649496078491,-0.08634805679321289,0.1266445517539978,0.2365361452102661,"[true, true, true]",False,False,False,65033,0,d0edc00f047161f87ff5ac3d9db81a99f2aae764689ab2d74413d9cb5b45dfd5,validation_004,0,3,403708566,6,,
16,3.2,B_front,background_mainline,True,,175.0,20.0,,,,,,,,,,,,,,,,,,,,,,65033,0,d0edc00f047161f87ff5ac3d9db81a99f2aae764689ab2d74413d9cb5b45dfd5,validation_004,0,3,403708566,6,,
16,3.2,B_rear,background_mainline,True,,63.305613057469195,18.841293788398996,,,,,,,,,,,,,,,,,,,,,,65033,0,d0edc00f047161f87ff5ac3d9db81a99f2aae764689ab2d74413d9cb5b45dfd5,validation_004,0,3,403708566,6,,
17,3.4000000000000004,A,mainline,True,False,105.96000000000015,24.800000000000097,1,accelerate,2.0,2.0000000000000284,103.56000000000014,26.800000000000097,1,1,accelerate-accelerate,-0.020516887307167053,0.07176325470209122,0.011812210083007812,1,0.07176325470209122,0.011812210083007812,0.059951044619083405,0.09228014200925827,"[true, true, true]",True,True,False,65033,0,d0edc00f047161f87ff5ac3d9db81a99f2aae764689ab2d74413d9cb5b45dfd5,validation_004,0,3,403708566,6,-2.9137824657145615,0.0
17,3.4000000000000004,B,ramp,True,False,103.56000000000014,26.800000000000097,1,accelerate,2.0,2.0000000000000284,105.96000000000015,24.800000000000097,1,1,accelerate-accelerate,-0.08549340069293976,0.037178345024585724,-0.19332481920719147,1,0.037178345024585724,-0.08549340069293976,0.12267174571752548,0.2305031642317772,"[true, true, true]",True,True,False,65033,0,d0edc00f047161f87ff5ac3d9db81a99f2aae764689ab2d74413d9cb5b45dfd5,validation_004,0,3,403708566,6,-2.9137824657145615,0.0
17,3.4000000000000004,B_front,background_mainline,True,,179.0,20.0,,,,,,,,,,,,,,,,,,,,,,65033,0,d0edc00f047161f87ff5ac3d9db81a99f2aae764689ab2d74413d9cb5b45dfd5,validation_004,0,3,403708566,6,,
17,3.4000000000000004,B_rear,background_mainline,True,,67.08008801952089,18.902950563921102,,,,,,,,,,,,,,,,,,,,,,65033,0,d0edc00f047161f87ff5ac3d9db81a99f2aae764689ab2d74413d9cb5b45dfd5,validation_004,0,3,403708566,6,,
0,0.0,A,ramp,True,False,23.999999999999993,20.0,1,accelerate,0.0,2.0000000000000284,33.199999999999996,18.0,1,1,accelerate-accelerate,-0.04241713881492615,0.04682496190071106,-0.06467203795909882,1,0.04682496190071106,-0.04241713881492615,0.08924210071563721,0.11149699985980988,"[true, true, true]",False,False,False,65033,0,d0edc00f047161f87ff5ac3d9db81a99f2aae764689ab2d74413d9cb5b45dfd5,validation_004,1,3,403708566,7,,
0,0.0,B,mainline,True,False,33.199999999999996,18.0,1,accelerate,0.0,2.0000000000000284,23.999999999999993,20.0,1,1,accelerate-accelerate,-0.05123564600944519,0.0665331482887268,-0.19573551416397095,1,0.0665331482887268,-0.05123564600944519,0.117768794298172,0.26226866245269775,"[true, true, true]",False,False,False,65033,0,d0edc00f047161f87ff5ac3d9db81a99f2aae764689ab2d74413d9cb5b45dfd5,validation_004,1,3,403708566,7,,
0,0.0,B_front,background_mainline,True,,111.0,20.0,,,,,,,,,,,,,,,,,,,,,,65033,0,d0edc00f047161f87ff5ac3d9db81a99f2aae764689ab2d74413d9cb5b45dfd5,validation_004,1,3,403708566,7,,
0,0.0,B_rear,background_mainline,True,,3.9342545904102417,19.38133309996254,,,,,,,,,,,,,,,,,,,,,,65033,0,d0edc00f047161f87ff5ac3d9db81a99f2aae764689ab2d74413d9cb5b45dfd5,validation_004,1,3,403708566,7,,
1,0.2,A,ramp,True,False,28.039999999999996,20.400000000000006,1,accelerate,2.0,2.0000000000000284,36.839999999999996,18.400000000000006,1,1,accelerate-accelerate,-0.04182395339012146,0.05043473839759827,-0.06370751559734344,1,0.05043473839759827,-0.04182395339012146,0.09225869178771973,0.11414225399494171,"[true, true, true]",False,False,False,65033,0,d0edc00f047161f87ff5ac3d9db81a99f2aae764689ab2d74413d9cb5b45dfd5,validation_004,1,3,403708566,7,,
1,0.2,B,mainline,True,False,36.839999999999996,18.400000000000006,1,accelerate,2.0,2.0000000000000284,28.039999999999996,20.400000000000006,1,1,accelerate-accelerate,-0.052937641739845276,0.06473065912723541,-0.1967523694038391,1,0.06473065912723541,-0.052937641739845276,0.11766830086708069,0.2614830285310745,"[true, true, true]",False,False,False,65033,0,d0edc00f047161f87ff5ac3d9db81a99f2aae764689ab2d74413d9cb5b45dfd5,validation_004,1,3,403708566,7,,
1,0.2,B_front,background_mainline,True,,115.0,20.0,,,,,,,,,,,,,,,,,,,,,,65033,0,d0edc00f047161f87ff5ac3d9db81a99f2aae764689ab2d74413d9cb5b45dfd5,validation_004,1,3,403708566,7,,
1,0.2,B_rear,background_mainline,True,,7.766318313217796,18.964682814870834,,,,,,,,,,,,,,,,,,,,,,65033,0,d0edc00f047161f87ff5ac3d9db81a99f2aae764689ab2d74413d9cb5b45dfd5,validation_004,1,3,403708566,7,,
2,0.4,A,ramp,True,False,32.16,20.80000000000001,1,accelerate,2.0,2.0000000000000284,40.559999999999995,18.80000000000001,1,1,accelerate-accelerate,-0.04104854166507721,0.054087258875370026,-0.06306636333465576,1,0.054087258875370026,-0.04104854166507721,0.09513580054044724,0.11715362221002579,"[true, true, true]",False,False,False,65033,0,d0edc00f047161f87ff5ac3d9db81a99f2aae764689ab2d74413d9cb5b45dfd5,validation_004,1,3,403708566,7,,
2,0.4,B,mainline,True,False,40.559999999999995,18.80000000000001,1,accelerate,2.0,2.0000000000000284,32.16,20.80000000000001,1,1,accelerate-accelerate,-0.05473698303103447,0.06306211650371552,-0.19728818535804749,1,0.06306211650371552,-0.05473698303103447,0.11779909953474998,0.260350301861763,"[true, true, true]",False,False,False,65033,0,d0edc00f047161f87ff5ac3d9db81a99f2aae764689ab2d74413d9cb5b45dfd5,validation_004,1,3,403708566,7,,
2,0.4,B_front,background_mainline,True,,119.0,20.0,,,,,,,,,,,,,,,,,,,,,,65033,0,d0edc00f047161f87ff5ac3d9db81a99f2aae764689ab2d74413d9cb5b45dfd5,validation_004,1,3,403708566,7,,
2,0.4,B_rear,background_mainline,True,,11.529421751951958,18.68394874595693,,,,,,,,,,,,,,,,,,,,,,65033,0,d0edc00f047161f87ff5ac3d9db81a99f2aae764689ab2d74413d9cb5b45dfd5,validation_004,1,3,403708566,7,,
3,0.6000000000000001,A,ramp,True,False,36.36,21.200000000000017,1,accelerate,2.0,2.0000000000000284,44.36,19.200000000000017,1,1,accelerate-accelerate,-0.04012762010097504,0.057840436697006226,-0.06265655905008316,1,0.057840436697006226,-0.04012762010097504,0.09796805679798126,0.12049699574708939,"[true, true, true]",False,False,False,65033,0,d0edc00f047161f87ff5ac3d9db81a99f2aae764689ab2d74413d9cb5b45dfd5,validation_004,1,3,403708566,7,,
3,0.6000000000000001,B,mainline,True,False,44.36,19.200000000000017,1,accelerate,2.0,2.0000000000000284,36.36,21.200000000000017,1,1,accelerate-accelerate,-0.05671115964651108,0.06144637241959572,-0.197702556848526,1,0.06144637241959572,-0.05671115964651108,0.1181575320661068,0.2591489292681217,"[true, true, true]",False,False,False,65033,0,d0edc00f047161f87ff5ac3d9db81a99f2aae764689ab2d74413d9cb5b45dfd5,validation_004,1,3,403708566,7,,
3,0.6000000000000001,B_front,background_mainline,True,,123.0,20.0,,,,,,,,,,,,,,,,,,,,,,65033,0,d0edc00f047161f87ff5ac3d9db81a99f2aae764689ab2d74413d9cb5b45dfd5,validation_004,1,3,403708566,7,,
3,0.6000000000000001,B_rear,background_mainline,True,,15.246471417219777,18.499225824185057,,,,,,,,,,,,,,,,,,,,,,65033,0,d0edc00f047161f87ff5ac3d9db81a99f2aae764689ab2d74413d9cb5b45dfd5,validation_004,1,3,403708566,7,,
4,0.8,A,ramp,True,False,40.64,21.600000000000023,1,accelerate,2.0,2.0000000000000284,48.24,19.600000000000023,1,1,accelerate-accelerate,-0.039249107241630554,0.061833322048187256,-0.06248755753040314,1,0.061833322048187256,-0.039249107241630554,0.10108242928981781,0.1243208795785904,"[true, true, true]",False,False,False,65033,0,d0edc00f047161f87ff5ac3d9db81a99f2aae764689ab2d74413d9cb5b45dfd5,validation_004,1,3,403708566,7,,
4,0.8,B,mainline,True,False,48.24,19.600000000000023,1,accelerate,2.0,2.0000000000000284,40.64,21.600000000000023,1,1,accelerate-accelerate,-0.0587768629193306,0.059844277799129486,-0.19820505380630493,1,0.059844277799129486,-0.0587768629193306,0.11862114071846008,0.2580493316054344,"[true, true, true]",False,False,False,65033,0,d0edc00f047161f87ff5ac3d9db81a99f2aae764689ab2d74413d9cb5b45dfd5,validation_004,1,3,403708566,7,,
4,0.8,B_front,background_mainline,True,,127.0,20.0,,,,,,,,,,,,,,,,,,,,,,65033,0,d0edc00f047161f87ff5ac3d9db81a99f2aae764689ab2d74413d9cb5b45dfd5,validation_004,1,3,403708566,7,,
4,0.8,B_rear,background_mainline,True,,18.933910392541794,18.384528316678555,,,,,,,,,,,,,,,,,,,,,,65033,0,d0edc00f047161f87ff5ac3d9db81a99f2aae764689ab2d74413d9cb5b45dfd5,validation_004,1,3,403708566,7,,
5,1.0,A,ramp,True,False,45.00000000000001,22.00000000000003,1,accelerate,2.0,2.0000000000000284,52.20000000000001,20.00000000000003,1,1,accelerate-accelerate,-0.038506634533405304,0.06596685945987701,-0.06269414722919464,1,0.06596685945987701,-0.038506634533405304,0.10447349399328232,0.12866100668907166,"[true, true, true]",False,False,False,65033,0,d0edc00f047161f87ff5ac3d9db81a99f2aae764689ab2d74413d9cb5b45dfd5,validation_004,1,3,403708566,7,,
5,1.0,B,mainline,True,False,52.20000000000001,20.00000000000003,1,accelerate,2.0,2.0000000000000284,45.00000000000001,22.00000000000003,1,1,accelerate-accelerate,-0.06085804104804993,0.05828279256820679,-0.1986764371395111,1,0.05828279256820679,-0.06085804104804993,0.11914083361625671,0.2569592297077179,"[true, true, true]",False,False,False,65033,0,d0edc00f047161f87ff5ac3d9db81a99f2aae764689ab2d74413d9cb5b45dfd5,validation_004,1,3,403708566,7,,
5,1.0,B_front,background_mainline,True,,131.0,20.0,,,,,,,,,,,,,,,,,,,,,,65033,0,d0edc00f047161f87ff5ac3d9db81a99f2aae764689ab2d74413d9cb5b45dfd5,validation_004,1,3,403708566,7,,
5,1.0,B_rear,background_mainline,True,,22.603855496625233,18.321942941539884,,,,,,,,,,,,,,,,,,,,,,65033,0,d0edc00f047161f87ff5ac3d9db81a99f2aae764689ab2d74413d9cb5b45dfd5,validation_004,1,3,403708566,7,,
6,1.2000000000000002,A,ramp,True,False,49.44000000000001,22.400000000000034,1,accelerate,2.0,2.0000000000000284,56.240000000000016,20.400000000000034,1,1,accelerate-accelerate,-0.03766337037086487,0.07013700902462006,-0.06300820410251617,1,0.07013700902462006,-0.03766337037086487,0.10780037939548492,0.13314521312713623,"[true, true, true]",False,False,False,65033,0,d0edc00f047161f87ff5ac3d9db81a99f2aae764689ab2d74413d9cb5b45dfd5,validation_004,1,3,403708566,7,,
6,1.2000000000000002,B,mainline,True,False,56.240000000000016,20.400000000000034,1,accelerate,2.0,2.0000000000000284,49.44000000000001,22.400000000000034,1,1,accelerate-accelerate,-0.06296081840991974,0.05675775930285454,-0.1991240531206131,1,0.05675775930285454,-0.06296081840991974,0.11971857771277428,0.25588181242346764,"[true, true, true]",False,False,False,65033,0,d0edc00f047161f87ff5ac3d9db81a99f2aae764689ab2d74413d9cb5b45dfd5,validation_004,1,3,403708566,7,,
6,1.2000000000000002,B_front,background_mainline,True,,135.0,20.0,,,,,,,,,,,,,,,,,,,,,,65033,0,d0edc00f047161f87ff5ac3d9db81a99f2aae764689ab2d74413d9cb5b45dfd5,validation_004,1,3,403708566,7,,
6,1.2000000000000002,B_rear,background_mainline,True,,26.265376161978914,18.298559523160986,,,,,,,,,,,,,,,,,,,,,,65033,0,d0edc00f047161f87ff5ac3d9db81a99f2aae764689ab2d74413d9cb5b45dfd5,validation_004,1,3,403708566,7,,
7,1.4000000000000001,A,ramp,True,False,53.96000000000002,22.80000000000004,1,accelerate,2.0,2.0000000000000284,60.36000000000002,20.80000000000004,1,1,accelerate-accelerate,-0.0368451327085495,0.0744914710521698,-0.06335625052452087,1,0.0744914710521698,-0.0368451327085495,0.1113366037607193,0.13784772157669067,"[true, true, true]",False,False,False,65033,0,d0edc00f047161f87ff5ac3d9db81a99f2aae764689ab2d74413d9cb5b45dfd5,validation_004,1,3,403708566,7,,
7,1.4000000000000001,B,mainline,True,False,60.36000000000002,20.80000000000004,1,accelerate,2.0,2.0000000000000284,53.96000000000002,22.80000000000004,1,1,accelerate-accelerate,-0.0651402473449707,0.05527818202972412,-0.19948738813400269,1,0.05527818202972412,-0.0651402473449707,0.12041842937469482,0.2547655701637268,"[true, true, true]",False,False,False,65033,0,d0edc00f047161f87ff5ac3d9db81a99f2aae764689ab2d74413d9cb5b45dfd5,validation_004,1,3,403708566,7,,
7,1.4000000000000001,B_front,background_mainline,True,,139.0,20.0,,,,,,,,,,,,,,,,,,,,,,65033,0,d0edc00f047161f87ff5ac3d9db81a99f2aae764689ab2d74413d9cb5b45dfd5,validation_004,1,3,403708566,7,,
7,1.4000000000000001,B_rear,background_mainline,True,,29.925307083739465,18.304736239275304,,,,,,,,,,,,,,,,,,,,,,65033,0,d0edc00f047161f87ff5ac3d9db81a99f2aae764689ab2d74413d9cb5b45dfd5,validation_004,1,3,403708566,7,,
8,1.6,A,ramp,True,False,58.56000000000003,23.200000000000045,1,accelerate,2.0,2.0000000000000284,64.56000000000003,21.200000000000045,1,1,accelerate-accelerate,-0.036516427993774414,0.08006148785352707,-0.06335986405611038,1,0.08006148785352707,-0.036516427993774414,0.11657791584730148,0.14342135190963745,"[true, true, true]",False,False,False,65033,0,d0edc00f047161f87ff5ac3d9db81a99f2aae764689ab2d74413d9cb5b45dfd5,validation_004,1,3,403708566,7,,
8,1.6,B,mainline,True,False,64.56000000000003,21.200000000000045,1,accelerate,2.0,2.0000000000000284,58.56000000000003,23.200000000000045,1,1,accelerate-accelerate,-0.06762789189815521,0.053476400673389435,-0.19922980666160583,1,0.053476400673389435,-0.06762789189815521,0.12110429257154465,0.25270620733499527,"[true, true, true]",False,False,False,65033,0,d0edc00f047161f87ff5ac3d9db81a99f2aae764689ab2d74413d9cb5b45dfd5,validation_004,1,3,403708566,7,,
8,1.6,B_front,background_mainline,True,,143.0,20.0,,,,,,,,,,,,,,,,,,,,,,65033,0,d0edc00f047161f87ff5ac3d9db81a99f2aae764689ab2d74413d9cb5b45dfd5,validation_004,1,3,403708566,7,,
8,1.6,B_rear,background_mainline,True,,33.5887901313371,18.33306066912237,,,,,,,,,,,,,,,,,,,,,,65033,0,d0edc00f047161f87ff5ac3d9db81a99f2aae764689ab2d74413d9cb5b45dfd5,validation_004,1,3,403708566,7,,
9,1.8,A,ramp,True,False,63.24000000000004,23.60000000000005,1,accelerate,2.0,2.0000000000000284,68.84000000000003,21.60000000000005,1,1,accelerate-accelerate,-0.03613455593585968,0.08558401465415955,-0.06280627101659775,1,0.08558401465415955,-0.03613455593585968,0.12171857059001923,0.1483902856707573,"[true, true, true]",False,False,False,65033,0,d0edc00f047161f87ff5ac3d9db81a99f2aae764689ab2d74413d9cb5b45dfd5,validation_004,1,3,403708566,7,,
9,1.8,B,mainline,True,False,68.84000000000003,21.60000000000005,1,accelerate,2.0,2.0000000000000284,63.24000000000004,23.60000000000005,1,1,accelerate-accelerate,-0.06902147084474564,0.051233261823654175,-0.19839119911193848,1,0.051233261823654175,-0.06902147084474564,0.12025473266839981,0.24962446093559265,"[true, true, true]",False,False,False,65033,0,d0edc00f047161f87ff5ac3d9db81a99f2aae764689ab2d74413d9cb5b45dfd5,validation_004,1,3,403708566,7,,
9,1.8,B_front,background_mainline,True,,147.0,20.0,,,,,,,,,,,,,,,,,,,,,,65033,0,d0edc00f047161f87ff5ac3d9db81a99f2aae764689ab2d74413d9cb5b45dfd5,validation_004,1,3,403708566,7,,
9,1.8,B_rear,background_mainline,True,,37.25965053193343,18.377698001469497,,,,,,,,,,,,,,,,,,,,,,65033,0,d0edc00f047161f87ff5ac3d9db81a99f2aae764689ab2d74413d9cb5b45dfd5,validation_004,1,3,403708566,7,,
10,2.0,A,ramp,True,False,68.00000000000006,24.000000000000057,1,accelerate,2.0,2.0000000000000284,73.20000000000003,22.000000000000057,1,1,accelerate-accelerate,-0.035703688859939575,0.09099571406841278,-0.061714231967926025,1,0.09099571406841278,-0.035703688859939575,0.12669940292835236,0.1527099460363388,"[true, true, true]",False,False,False,65033,0,d0edc00f047161f87ff5ac3d9db81a99f2aae764689ab2d74413d9cb5b45dfd5,validation_004,1,3,403708566,7,,
10,2.0,B,mainline,True,False,73.20000000000003,22.000000000000057,1,accelerate,2.0,2.0000000000000284,68.00000000000006,24.000000000000057,1,1,accelerate-accelerate,-0.06930112093687057,0.048549532890319824,-0.19666525721549988,1,0.048549532890319824,-0.06930112093687057,0.1178506538271904,0.2452147901058197,"[true, true, true]",False,False,False,65033,0,d0edc00f047161f87ff5ac3d9db81a99f2aae764689ab2d74413d9cb5b45dfd5,validation_004,1,3,403708566,7,,
10,2.0,B_front,background_mainline,True,,151.0,20.0,,,,,,,,,,,,,,,,,,,,,,65033,0,d0edc00f047161f87ff5ac3d9db81a99f2aae764689ab2d74413d9cb5b45dfd5,validation_004,1,3,403708566,7,,
10,2.0,B_rear,background_mainline,True,,40.94066721449904,18.433966480376387,,,,,,,,,,,,,,,,,,,,,,65033,0,d0edc00f047161f87ff5ac3d9db81a99f2aae764689ab2d74413d9cb5b45dfd5,validation_004,1,3,403708566,7,,
11,2.2,A,ramp,True,False,72.84000000000006,24.400000000000063,1,accelerate,2.0,2.0000000000000284,77.64000000000004,22.400000000000063,1,1,accelerate-accelerate,-0.03440408408641815,0.09525182843208313,-0.06157924234867096,1,0.09525182843208313,-0.03440408408641815,0.12965591251850128,0.1568310707807541,"[true, true, true]",False,False,False,65033,0,d0edc00f047161f87ff5ac3d9db81a99f2aae764689ab2d74413d9cb5b45dfd5,validation_004,1,3,403708566,7,,
11,2.2,B,mainline,True,False,77.64000000000004,22.400000000000063,1,accelerate,2.0,2.0000000000000284,72.84000000000006,24.400000000000063,1,1,accelerate-accelerate,-0.06947728991508484,0.045807573944330215,-0.19478753209114075,1,0.045807573944330215,-0.06947728991508484,0.11528486385941505,0.24059510603547096,"[true, true, true]",False,False,False,65033,0,d0edc00f047161f87ff5ac3d9db81a99f2aae764689ab2d74413d9cb5b45dfd5,validation_004,1,3,403708566,7,,
11,2.2,B_front,background_mainline,True,,155.0,20.0,,,,,,,,,,,,,,,,,,,,,,65033,0,d0edc00f047161f87ff5ac3d9db81a99f2aae764689ab2d74413d9cb5b45dfd5,validation_004,1,3,403708566,7,,
11,2.2,B_rear,background_mainline,True,,44.63377320359045,18.498052313086387,,,,,,,,,,,,,,,,,,,,,,65033,0,d0edc00f047161f87ff5ac3d9db81a99f2aae764689ab2d74413d9cb5b45dfd5,validation_004,1,3,403708566,7,,
12,2.4000000000000004,A,ramp,True,False,77.76000000000006,24.800000000000068,1,accelerate,2.0,2.0000000000000284,82.16000000000005,22.800000000000068,1,1,accelerate-accelerate,-0.03434183448553085,0.10022933781147003,-0.06210705637931824,1,0.10022933781147003,-0.03434183448553085,0.13457117229700089,0.16233639419078827,"[true, true, true]",False,False,False,65033,0,d0edc00f047161f87ff5ac3d9db81a99f2aae764689ab2d74413d9cb5b45dfd5,validation_004,1,3,403708566,7,,
12,2.4000000000000004,B,mainline,True,False,82.16000000000005,22.800000000000068,1,accelerate,2.0,2.0000000000000284,77.76000000000006,24.800000000000068,1,1,accelerate-accelerate,-0.06950204074382782,0.042998287826776505,-0.19293400645256042,1,0.042998287826776505,-0.06950204074382782,0.11250032857060432,0.23593229427933693,"[true, true, true]",False,False,False,65033,0,d0edc00f047161f87ff5ac3d9db81a99f2aae764689ab2d74413d9cb5b45dfd5,validation_004,1,3,403708566,7,,
12,2.4000000000000004,B_front,background_mainline,True,,159.0,20.0,,,,,,,,,,,,,,,,,,,,,,65033,0,d0edc00f047161f87ff5ac3d9db81a99f2aae764689ab2d74413d9cb5b45dfd5,validation_004,1,3,403708566,7,,
12,2.4000000000000004,B_rear,background_mainline,True,,48.34020848161932,18.566813454478382,,,,,,,,,,,,,,,,,,,,,,65033,0,d0edc00f047161f87ff5ac3d9db81a99f2aae764689ab2d74413d9cb5b45dfd5,validation_004,1,3,403708566,7,,
13,2.6,A,ramp,True,False,82.76000000000008,25.200000000000074,1,accelerate,2.0,2.0000000000000284,86.76000000000006,23.200000000000074,1,1,accelerate-accelerate,-0.03464392572641373,0.10546356439590454,-0.06283168494701385,1,0.10546356439590454,-0.03464392572641373,0.14010749012231827,0.1682952493429184,"[true, true, true]",False,False,False,65033,0,d0edc00f047161f87ff5ac3d9db81a99f2aae764689ab2d74413d9cb5b45dfd5,validation_004,1,3,403708566,7,,
13,2.6,B,mainline,True,False,86.76000000000006,23.200000000000074,1,accelerate,2.0,2.0000000000000284,82.76000000000008,25.200000000000074,1,1,accelerate-accelerate,-0.06955691426992416,0.0400487557053566,-0.19058704376220703,1,0.0400487557053566,-0.06955691426992416,0.10960566997528076,0.23063579946756363,"[true, true, true]",False,False,False,65033,0,d0edc00f047161f87ff5ac3d9db81a99f2aae764689ab2d74413d9cb5b45dfd5,validation_004,1,3,403708566,7,,
13,2.6,B_front,background_mainline,True,,163.0,20.0,,,,,,,,,,,,,,,,,,,,,,65033,0,d0edc00f047161f87ff5ac3d9db81a99f2aae764689ab2d74413d9cb5b45dfd5,validation_004,1,3,403708566,7,,
13,2.6,B_rear,background_mainline,True,,52.06063982211705,18.6376418492147,,,,,,,,,,,,,,,,,,,,,,65033,0,d0edc00f047161f87ff5ac3d9db81a99f2aae764689ab2d74413d9cb5b45dfd5,validation_004,1,3,403708566,7,,
14,2.8000000000000003,A,ramp,True,False,87.84000000000009,25.60000000000008,1,accelerate,2.0,2.0000000000000284,91.44000000000008,23.60000000000008,1,1,accelerate-accelerate,-0.03498242795467377,0.110924631357193,-0.06371789425611496,1,0.110924631357193,-0.03498242795467377,0.14590705931186676,0.17464252561330795,"[true, true, true]",False,False,False,65033,0,d0edc00f047161f87ff5ac3d9db81a99f2aae764689ab2d74413d9cb5b45dfd5,validation_004,1,3,403708566,7,,
14,2.8000000000000003,B,mainline,True,False,91.44000000000008,23.60000000000008,1,accelerate,2.0,2.0000000000000284,87.84000000000009,25.60000000000008,1,1,accelerate-accelerate,-0.0696495994925499,0.03702700883150101,-0.18803125619888306,1,0.03702700883150101,-0.0696495994925499,0.1066766083240509,0.22505826503038406,"[true, true, true]",False,False,False,65033,0,d0edc00f047161f87ff5ac3d9db81a99f2aae764689ab2d74413d9cb5b45dfd5,validation_004,1,3,403708566,7,,
14,2.8000000000000003,B_front,background_mainline,True,,167.0,20.0,,,,,,,,,,,,,,,,,,,,,,65033,0,d0edc00f047161f87ff5ac3d9db81a99f2aae764689ab2d74413d9cb5b45dfd5,validation_004,1,3,403708566,7,,
14,2.8000000000000003,B_rear,background_mainline,True,,55.795256831531404,18.708348326014217,,,,,,,,,,,,,,,,,,,,,,65033,0,d0edc00f047161f87ff5ac3d9db81a99f2aae764689ab2d74413d9cb5b45dfd5,validation_004,1,3,403708566,7,,
15,3.0,A,ramp,True,False,93.0000000000001,26.000000000000085,1,accelerate,2.0,2.0000000000000284,96.2000000000001,24.000000000000085,1,1,accelerate-accelerate,-0.0357842855155468,0.11548744887113571,-0.06396450102329254,1,0.11548744887113571,-0.0357842855155468,0.1512717343866825,0.17945194989442825,"[true, true, true]",False,False,False,65033,0,d0edc00f047161f87ff5ac3d9db81a99f2aae764689ab2d74413d9cb5b45dfd5,validation_004,1,3,403708566,7,,
15,3.0,B,mainline,True,False,96.2000000000001,24.000000000000085,1,accelerate,2.0,2.0000000000000284,93.0000000000001,26.000000000000085,1,1,accelerate-accelerate,-0.06980575621128082,0.033951688557863235,-0.18539997935295105,1,0.033951688557863235,-0.06980575621128082,0.10375744476914406,0.21935166791081429,"[true, true, true]",False,False,False,65033,0,d0edc00f047161f87ff5ac3d9db81a99f2aae764689ab2d74413d9cb5b45dfd5,validation_004,1,3,403708566,7,,
15,3.0,B_front,background_mainline,True,,171.0,20.0,,,,,,,,,,,,,,,,,,,,,,65033,0,d0edc00f047161f87ff5ac3d9db81a99f2aae764689ab2d74413d9cb5b45dfd5,validation_004,1,3,403708566,7,,
15,3.0,B_rear,background_mainline,True,,59.54378864889049,18.77645077129647,,,,,,,,,,,,,,,,,,,,,,65033,0,d0edc00f047161f87ff5ac3d9db81a99f2aae764689ab2d74413d9cb5b45dfd5,validation_004,1,3,403708566,7,,
16,3.2,A,ramp,True,False,98.24000000000012,26.40000000000009,1,accelerate,2.0,2.0000000000000284,101.04000000000012,24.40000000000009,1,1,accelerate-accelerate,-0.036750879138708115,0.11995399743318558,-0.06371051073074341,1,0.11995399743318558,-0.036750879138708115,0.1567048765718937,0.18366450816392899,"[true, true, true]",False,False,False,65033,0,d0edc00f047161f87ff5ac3d9db81a99f2aae764689ab2d74413d9cb5b45dfd5,validation_004,1,3,403708566,7,,
16,3.2,B,mainline,True,False,101.04000000000012,24.40000000000009,1,accelerate,2.0,2.0000000000000284,98.24000000000012,26.40000000000009,1,1,accelerate-accelerate,-0.07075256109237671,0.03121437132358551,-0.18260575830936432,1,0.03121437132358551,-0.07075256109237671,0.10196693241596222,0.21382012963294983,"[true, true, true]",False,False,False,65033,0,d0edc00f047161f87ff5ac3d9db81a99f2aae764689ab2d74413d9cb5b45dfd5,validation_004,1,3,403708566,7,,
16,3.2,B_front,background_mainline,True,,175.0,20.0,,,,,,,,,,,,,,,,,,,,,,65033,0,d0edc00f047161f87ff5ac3d9db81a99f2aae764689ab2d74413d9cb5b45dfd5,validation_004,1,3,403708566,7,,
16,3.2,B_rear,background_mainline,True,,63.305613057469195,18.841293788398996,,,,,,,,,,,,,,,,,,,,,,65033,0,d0edc00f047161f87ff5ac3d9db81a99f2aae764689ab2d74413d9cb5b45dfd5,validation_004,1,3,403708566,7,,
17,3.4000000000000004,A,ramp,True,False,103.56000000000014,26.800000000000097,1,accelerate,2.0,2.0000000000000284,105.96000000000015,24.800000000000097,1,1,accelerate-accelerate,-0.03788101673126221,0.1247844249010086,-0.0635095089673996,1,0.1247844249010086,-0.03788101673126221,0.1626654416322708,0.1882939338684082,"[true, true, true]",True,True,False,65033,0,d0edc00f047161f87ff5ac3d9db81a99f2aae764689ab2d74413d9cb5b45dfd5,validation_004,1,3,403708566,7,-2.9137824657145615,0.0
17,3.4000000000000004,B,mainline,True,False,105.96000000000015,24.800000000000097,1,accelerate,2.0,2.0000000000000284,103.56000000000014,26.800000000000097,1,1,accelerate-accelerate,-0.07238054275512695,0.02858687937259674,-0.17918796837329865,1,0.02858687937259674,-0.07238054275512695,0.1009674221277237,0.20777484774589539,"[true, true, true]",True,True,False,65033,0,d0edc00f047161f87ff5ac3d9db81a99f2aae764689ab2d74413d9cb5b45dfd5,validation_004,1,3,403708566,7,-2.9137824657145615,0.0
17,3.4000000000000004,B_front,background_mainline,True,,179.0,20.0,,,,,,,,,,,,,,,,,,,,,,65033,0,d0edc00f047161f87ff5ac3d9db81a99f2aae764689ab2d74413d9cb5b45dfd5,validation_004,1,3,403708566,7,,
17,3.4000000000000004,B_rear,background_mainline,True,,67.08008801952089,18.902950563921102,,,,,,,,,,,,,,,,,,,,,,65033,0,d0edc00f047161f87ff5ac3d9db81a99f2aae764689ab2d74413d9cb5b45dfd5,validation_004,1,3,403708566,7,,
0,0.0,A,mainline,True,False,38.4,16.0,1,accelerate,0.0,2.0000000000000284,32.0,20.0,1,1,accelerate-accelerate,-0.028103239834308624,-0.009955525398254395,-0.021921589970588684,1,-0.009955525398254395,-0.021921589970588684,0.01196606457233429,0.01814771443605423,"[true, true, true]",False,False,False,65033,0,d0edc00f047161f87ff5ac3d9db81a99f2aae764689ab2d74413d9cb5b45dfd5,validation_005,0,4,1980175946,8,,
0,0.0,B,ramp,True,False,32.0,20.0,1,accelerate,0.0,2.0000000000000284,38.4,16.0,1,1,accelerate-accelerate,-0.08394769579172134,0.06314578652381897,-0.2159976065158844,1,0.06314578652381897,-0.08394769579172134,0.1470934823155403,0.27914339303970337,"[true, true, true]",False,False,False,65033,0,d0edc00f047161f87ff5ac3d9db81a99f2aae764689ab2d74413d9cb5b45dfd5,validation_005,0,4,1980175946,8,,
0,0.0,B_front,background_mainline,True,,106.0,20.0,,,,,,,,,,,,,,,,,,,,,,65033,0,d0edc00f047161f87ff5ac3d9db81a99f2aae764689ab2d74413d9cb5b45dfd5,validation_005,0,4,1980175946,8,,
0,0.0,B_rear,background_mainline,True,,16.68,18.799999999999997,,,,,,,,,,,,,,,,,,,,,,65033,0,d0edc00f047161f87ff5ac3d9db81a99f2aae764689ab2d74413d9cb5b45dfd5,validation_005,0,4,1980175946,8,,
1,0.2,A,mainline,True,False,41.64,16.400000000000006,1,accelerate,2.0,2.0000000000000284,36.04,20.400000000000006,1,1,accelerate-accelerate,-0.028676986694335938,-0.005240783095359802,-0.019473068416118622,1,-0.005240783095359802,-0.019473068416118622,0.01423228532075882,0.023436203598976135,"[true, true, true]",False,False,False,65033,0,d0edc00f047161f87ff5ac3d9db81a99f2aae764689ab2d74413d9cb5b45dfd5,validation_005,0,4,1980175946,8,,
1,0.2,B,ramp,True,False,36.04,20.400000000000006,1,accelerate,2.0,2.0000000000000284,41.64,16.400000000000006,1,1,accelerate-accelerate,-0.08610684424638748,0.0635736957192421,-0.21559396386146545,1,0.0635736957192421,-0.08610684424638748,0.14968053996562958,0.27916765958070755,"[true, true, true]",False,False,False,65033,0,d0edc00f047161f87ff5ac3d9db81a99f2aae764689ab2d74413d9cb5b45dfd5,validation_005,0,4,1980175946,8,,
1,0.2,B_front,background_mainline,True,,110.0,20.0,,,,,,,,,,,,,,,,,,,,,,65033,0,d0edc00f047161f87ff5ac3d9db81a99f2aae764689ab2d74413d9cb5b45dfd5,validation_005,0,4,1980175946,8,,
1,0.2,B_rear,background_mainline,True,,20.326898670375794,17.741310740199733,,,,,,,,,,,,,,,,,,,,,,65033,0,d0edc00f047161f87ff5ac3d9db81a99f2aae764689ab2d74413d9cb5b45dfd5,validation_005,0,4,1980175946,8,,
2,0.4,A,mainline,True,False,44.96,16.80000000000001,1,accelerate,2.0,2.0000000000000284,40.160000000000004,20.80000000000001,1,1,accelerate-accelerate,-0.02958311140537262,-0.0004740804433822632,-0.017380759119987488,1,-0.0004740804433822632,-0.017380759119987488,0.016906678676605225,0.029109030961990356,"[true, true, true]",False,False,False,65033,0,d0edc00f047161f87ff5ac3d9db81a99f2aae764689ab2d74413d9cb5b45dfd5,validation_005,0,4,1980175946,8,,
2,0.4,B,ramp,True,False,40.160000000000004,20.80000000000001,1,accelerate,2.0,2.0000000000000284,44.96,16.80000000000001,1,1,accelerate-accelerate,-0.08812309801578522,0.06391899287700653,-0.21508613228797913,1,0.06391899287700653,-0.08812309801578522,0.15204209089279175,0.27900512516498566,"[true, true, true]",False,False,False,65033,0,d0edc00f047161f87ff5ac3d9db81a99f2aae764689ab2d74413d9cb5b45dfd5,validation_005,0,4,1980175946,8,,
2,0.4,B_front,background_mainline,True,,114.0,20.0,,,,,,,,,,,,,,,,,,,,,,65033,0,d0edc00f047161f87ff5ac3d9db81a99f2aae764689ab2d74413d9cb5b45dfd5,validation_005,0,4,1980175946,8,,
2,0.4,B_rear,background_mainline,True,,23.80747592558751,17.116337320058005,,,,,,,,,,,,,,,,,,,,,,65033,0,d0edc00f047161f87ff5ac3d9db81a99f2aae764689ab2d74413d9cb5b45dfd5,validation_005,0,4,1980175946,8,,
3,0.6000000000000001,A,mainline,True,False,48.36000000000001,17.200000000000017,1,accelerate,2.0,2.0000000000000284,44.36000000000001,21.200000000000017,1,1,accelerate-accelerate,-0.029666319489479065,0.0036376118659973145,-0.015734761953353882,1,0.0036376118659973145,-0.015734761953353882,0.019372373819351196,0.03330393135547638,"[true, true, true]",False,False,False,65033,0,d0edc00f047161f87ff5ac3d9db81a99f2aae764689ab2d74413d9cb5b45dfd5,validation_005,0,4,1980175946,8,,
3,0.6000000000000001,B,ramp,True,False,44.36000000000001,21.200000000000017,1,accelerate,2.0,2.0000000000000284,48.36000000000001,17.200000000000017,1,1,accelerate-accelerate,-0.0895715206861496,0.06383633613586426,-0.21421478688716888,1,0.06383633613586426,-0.0895715206861496,0.15340785682201385,0.27805112302303314,"[true, true, true]",False,False,False,65033,0,d0edc00f047161f87ff5ac3d9db81a99f2aae764689ab2d74413d9cb5b45dfd5,validation_005,0,4,1980175946,8,,
3,0.6000000000000001,B_front,background_mainline,True,,118.0,20.0,,,,,,,,,,,,,,,,,,,,,,65033,0,d0edc00f047161f87ff5ac3d9db81a99f2aae764689ab2d74413d9cb5b45dfd5,validation_005,0,4,1980175946,8,,
3,0.6000000000000001,B_rear,background_mainline,True,,27.190902038994782,16.748457881739547,,,,,,,,,,,,,,,,,,,,,,65033,0,d0edc00f047161f87ff5ac3d9db81a99f2aae764689ab2d74413d9cb5b45dfd5,validation_005,0,4,1980175946,8,,
4,0.8,A,mainline,True,False,51.84000000000001,17.600000000000023,1,accelerate,2.0,2.0000000000000284,48.64000000000001,21.600000000000023,1,1,accelerate-accelerate,-0.029264792799949646,0.007477998733520508,-0.014331914484500885,1,0.007477998733520508,-0.014331914484500885,0.021809913218021393,0.036742791533470154,"[true, true, true]",False,False,False,65033,0,d0edc00f047161f87ff5ac3d9db81a99f2aae764689ab2d74413d9cb5b45dfd5,validation_005,0,4,1980175946,8,,
4,0.8,B,ramp,True,False,48.64000000000001,21.600000000000023,1,accelerate,2.0,2.0000000000000284,51.84000000000001,17.600000000000023,1,1,accelerate-accelerate,-0.09063167124986649,0.06346997618675232,-0.21306636929512024,1,0.06346997618675232,-0.09063167124986649,0.1541016474366188,0.27653634548187256,"[true, true, true]",False,False,False,65033,0,d0edc00f047161f87ff5ac3d9db81a99f2aae764689ab2d74413d9cb5b45dfd5,validation_005,0,4,1980175946,8,,
4,0.8,B_front,background_mainline,True,,122.0,20.0,,,,,,,,,,,,,,,,,,,,,,65033,0,d0edc00f047161f87ff5ac3d9db81a99f2aae764689ab2d74413d9cb5b45dfd5,validation_005,0,4,1980175946,8,,
4,0.8,B_rear,background_mainline,True,,30.51762899635805,16.53846553538073,,,,,,,,,,,,,,,,,,,,,,65033,0,d0edc00f047161f87ff5ac3d9db81a99f2aae764689ab2d74413d9cb5b45dfd5,validation_005,0,4,1980175946,8,,
5,1.0,A,mainline,True,False,55.40000000000001,18.00000000000003,1,accelerate,2.0,2.0000000000000284,53.000000000000014,22.00000000000003,1,1,accelerate-accelerate,-0.028384126722812653,0.01099344715476036,-0.013002276420593262,1,0.01099344715476036,-0.013002276420593262,0.023995723575353622,0.03937757387757301,"[true, true, true]",False,False,False,65033,0,d0edc00f047161f87ff5ac3d9db81a99f2aae764689ab2d74413d9cb5b45dfd5,validation_005,0,4,1980175946,8,,
5,1.0,B,ramp,True,False,53.000000000000014,22.00000000000003,1,accelerate,2.0,2.0000000000000284,55.40000000000001,18.00000000000003,1,1,accelerate-accelerate,-0.09152623265981674,0.06296676397323608,-0.21180371940135956,1,0.06296676397323608,-0.09152623265981674,0.15449299663305283,0.27477048337459564,"[true, true, true]",False,False,False,65033,0,d0edc00f047161f87ff5ac3d9db81a99f2aae764689ab2d74413d9cb5b45dfd5,validation_005,0,4,1980175946,8,,
5,1.0,B_front,background_mainline,True,,126.0,20.0,,,,,,,,,,,,,,,,,,,,,,65033,0,d0edc00f047161f87ff5ac3d9db81a99f2aae764689ab2d74413d9cb5b45dfd5,validation_005,0,4,1980175946,8,,
5,1.0,B_rear,background_mainline,True,,33.813423036146546,16.43284706680312,,,,,,,,,,,,,,,,,,,,,,65033,0,d0edc00f047161f87ff5ac3d9db81a99f2aae764689ab2d74413d9cb5b45dfd5,validation_005,0,4,1980175946,8,,
6,1.2000000000000002,A,mainline,True,False,59.04000000000002,18.400000000000034,1,accelerate,2.0,2.0000000000000284,57.44000000000002,22.400000000000034,1,1,accelerate-accelerate,-0.027059003710746765,0.014130674302577972,-0.011656805872917175,1,0.014130674302577972,-0.011656805872917175,0.025787480175495148,0.04118967801332474,"[true, true, true]",False,False,False,65033,0,d0edc00f047161f87ff5ac3d9db81a99f2aae764689ab2d74413d9cb5b45dfd5,validation_005,0,4,1980175946,8,,
6,1.2000000000000002,B,ramp,True,False,57.44000000000002,22.400000000000034,1,accelerate,2.0,2.0000000000000284,59.04000000000002,18.400000000000034,1,1,accelerate-accelerate,-0.09231270849704742,0.062371112406253815,-0.21045605838298798,1,0.062371112406253815,-0.09231270849704742,0.15468382090330124,0.2728271707892418,"[true, true, true]",False,False,False,65033,0,d0edc00f047161f87ff5ac3d9db81a99f2aae764689ab2d74413d9cb5b45dfd5,validation_005,0,4,1980175946,8,,
6,1.2000000000000002,B_front,background_mainline,True,,130.0,20.0,,,,,,,,,,,,,,,,,,,,,,65033,0,d0edc00f047161f87ff5ac3d9db81a99f2aae764689ab2d74413d9cb5b45dfd5,validation_005,0,4,1980175946,8,,
6,1.2000000000000002,B_rear,background_mainline,True,,37.09571158590538,16.399458953205198,,,,,,,,,,,,,,,,,,,,,,65033,0,d0edc00f047161f87ff5ac3d9db81a99f2aae764689ab2d74413d9cb5b45dfd5,validation_005,0,4,1980175946,8,,
7,1.4000000000000001,A,mainline,True,False,62.760000000000026,18.80000000000004,1,accelerate,2.0,2.0000000000000284,61.96000000000003,22.80000000000004,1,1,accelerate-accelerate,-0.025987379252910614,0.01778186857700348,-0.009610533714294434,1,0.01778186857700348,-0.009610533714294434,0.027392402291297913,0.04376924782991409,"[true, true, true]",False,False,False,65033,0,d0edc00f047161f87ff5ac3d9db81a99f2aae764689ab2d74413d9cb5b45dfd5,validation_005,0,4,1980175946,8,,
7,1.4000000000000001,B,ramp,True,False,61.96000000000003,22.80000000000004,1,accelerate,2.0,2.0000000000000284,62.760000000000026,18.80000000000004,1,1,accelerate-accelerate,-0.09194564819335938,0.06139162927865982,-0.20821769535541534,1,0.06139162927865982,-0.09194564819335938,0.1533372774720192,0.26960932463407516,"[true, true, true]",False,False,False,65033,0,d0edc00f047161f87ff5ac3d9db81a99f2aae764689ab2d74413d9cb5b45dfd5,validation_005,0,4,1980175946,8,,
7,1.4000000000000001,B_front,background_mainline,True,,134.0,20.0,,,,,,,,,,,,,,,,,,,,,,65033,0,d0edc00f047161f87ff5ac3d9db81a99f2aae764689ab2d74413d9cb5b45dfd5,validation_005,0,4,1980175946,8,,
7,1.4000000000000001,B_rear,background_mainline,True,,40.376727734652135,16.417475034220853,,,,,,,,,,,,,,,,,,,,,,65033,0,d0edc00f047161f87ff5ac3d9db81a99f2aae764689ab2d74413d9cb5b45dfd5,validation_005,0,4,1980175946,8,,
8,1.6,A,mainline,True,False,66.56000000000003,19.200000000000045,1,accelerate,2.0,2.0000000000000284,66.56000000000004,23.200000000000045,1,1,accelerate-accelerate,-0.025326915085315704,0.022269204258918762,-0.006972640752792358,1,0.022269204258918762,-0.006972640752792358,0.02924184501171112,0.04759611934423447,"[true, true, true]",False,False,False,65033,0,d0edc00f047161f87ff5ac3d9db81a99f2aae764689ab2d74413d9cb5b45dfd5,validation_005,0,4,1980175946,8,,
8,1.6,B,ramp,True,False,66.56000000000004,23.200000000000045,1,accelerate,2.0,2.0000000000000284,66.56000000000003,19.200000000000045,1,1,accelerate-accelerate,-0.09228729456663132,0.05932646617293358,-0.20618592202663422,1,0.05932646617293358,-0.09228729456663132,0.1516137607395649,0.2655123881995678,"[true, true, true]",False,False,False,65033,0,d0edc00f047161f87ff5ac3d9db81a99f2aae764689ab2d74413d9cb5b45dfd5,validation_005,0,4,1980175946,8,,
8,1.6,B_front,background_mainline,True,,138.0,20.0,,,,,,,,,,,,,,,,,,,,,,65033,0,d0edc00f047161f87ff5ac3d9db81a99f2aae764689ab2d74413d9cb5b45dfd5,validation_005,0,4,1980175946,8,,
8,1.6,B_rear,background_mainline,True,,43.66524588410587,16.47261599654257,,,,,,,,,,,,,,,,,,,,,,65033,0,d0edc00f047161f87ff5ac3d9db81a99f2aae764689ab2d74413d9cb5b45dfd5,validation_005,0,4,1980175946,8,,
9,1.8,A,mainline,True,False,70.44000000000004,19.60000000000005,1,accelerate,2.0,2.0000000000000284,71.24000000000007,23.60000000000005,1,1,accelerate-accelerate,-0.024509012699127197,0.027215026319026947,-0.004424631595611572,1,0.027215026319026947,-0.004424631595611572,0.03163965791463852,0.051724039018154144,"[true, true, true]",False,False,False,65033,0,d0edc00f047161f87ff5ac3d9db81a99f2aae764689ab2d74413d9cb5b45dfd5,validation_005,0,4,1980175946,8,,
9,1.8,B,ramp,True,False,71.24000000000007,23.60000000000005,1,accelerate,2.0,2.0000000000000284,70.44000000000004,19.60000000000005,1,1,accelerate-accelerate,-0.09283248335123062,0.05663296580314636,-0.20342618227005005,1,0.05663296580314636,-0.09283248335123062,0.14946544915437698,0.2600591480731964,"[true, true, true]",False,False,False,65033,0,d0edc00f047161f87ff5ac3d9db81a99f2aae764689ab2d74413d9cb5b45dfd5,validation_005,0,4,1980175946,8,,
9,1.8,B_front,background_mainline,True,,142.0,20.0,,,,,,,,,,,,,,,,,,,,,,65033,0,d0edc00f047161f87ff5ac3d9db81a99f2aae764689ab2d74413d9cb5b45dfd5,validation_005,0,4,1980175946,8,,
9,1.8,B_rear,background_mainline,True,,46.96761769867371,16.554649130041685,,,,,,,,,,,,,,,,,,,,,,65033,0,d0edc00f047161f87ff5ac3d9db81a99f2aae764689ab2d74413d9cb5b45dfd5,validation_005,0,4,1980175946,8,,
10,2.0,A,mainline,True,False,74.40000000000005,20.000000000000057,1,accelerate,2.0,2.0000000000000284,76.00000000000009,24.000000000000057,1,1,accelerate-accelerate,-0.02411552518606186,0.03267988562583923,-0.0019507557153701782,1,0.03267988562583923,-0.0019507557153701782,0.03463064134120941,0.05679541081190109,"[true, true, true]",False,False,False,65033,0,d0edc00f047161f87ff5ac3d9db81a99f2aae764689ab2d74413d9cb5b45dfd5,validation_005,0,4,1980175946,8,,
10,2.0,B,ramp,True,False,76.00000000000009,24.000000000000057,1,accelerate,2.0,2.0000000000000284,74.40000000000005,20.000000000000057,1,1,accelerate-accelerate,-0.09330505132675171,0.05376557633280754,-0.20045512914657593,1,0.05376557633280754,-0.09330505132675171,0.14707062765955925,0.25422070547938347,"[true, true, true]",False,False,False,65033,0,d0edc00f047161f87ff5ac3d9db81a99f2aae764689ab2d74413d9cb5b45dfd5,validation_005,0,4,1980175946,8,,
10,2.0,B_front,background_mainline,True,,146.0,20.0,,,,,,,,,,,,,,,,,,,,,,65033,0,d0edc00f047161f87ff5ac3d9db81a99f2aae764689ab2d74413d9cb5b45dfd5,validation_005,0,4,1980175946,8,,
10,2.0,B_rear,background_mainline,True,,50.28842839064999,16.655976071095466,,,,,,,,,,,,,,,,,,,,,,65033,0,d0edc00f047161f87ff5ac3d9db81a99f2aae764689ab2d74413d9cb5b45dfd5,validation_005,0,4,1980175946,8,,
11,2.2,A,mainline,True,False,78.44000000000005,20.400000000000063,1,accelerate,2.0,2.0000000000000284,80.84000000000009,24.400000000000063,1,1,accelerate-accelerate,-0.023672617971897125,0.03820084035396576,0.0005320310592651367,1,0.03820084035396576,0.0005320310592651367,0.03766880929470062,0.061873458325862885,"[true, true, true]",False,False,False,65033,0,d0edc00f047161f87ff5ac3d9db81a99f2aae764689ab2d74413d9cb5b45dfd5,validation_005,0,4,1980175946,8,,
11,2.2,B,ramp,True,False,80.84000000000009,24.400000000000063,1,accelerate,2.0,2.0000000000000284,78.44000000000005,20.400000000000063,1,1,accelerate-accelerate,-0.0934227928519249,0.05030784010887146,-0.19754211604595184,1,0.05030784010887146,-0.0934227928519249,0.14373063296079636,0.2478499561548233,"[true, true, true]",False,False,False,65033,0,d0edc00f047161f87ff5ac3d9db81a99f2aae764689ab2d74413d9cb5b45dfd5,validation_005,0,4,1980175946,8,,
11,2.2,B_front,background_mainline,True,,150.0,20.0,,,,,,,,,,,,,,,,,,,,,,65033,0,d0edc00f047161f87ff5ac3d9db81a99f2aae764689ab2d74413d9cb5b45dfd5,validation_005,0,4,1980175946,8,,
11,2.2,B_rear,background_mainline,True,,53.630932636531,16.770787339569573,,,,,,,,,,,,,,,,,,,,,,65033,0,d0edc00f047161f87ff5ac3d9db81a99f2aae764689ab2d74413d9cb5b45dfd5,validation_005,0,4,1980175946,8,,
12,2.4000000000000004,A,mainline,True,False,82.56000000000007,20.800000000000068,1,accelerate,2.0,2.0000000000000284,85.76000000000009,24.800000000000068,1,1,accelerate-accelerate,-0.022986792027950287,0.04348646104335785,0.002799779176712036,1,0.04348646104335785,0.002799779176712036,0.04068668186664581,0.06647325307130814,"[true, true, true]",False,False,False,65033,0,d0edc00f047161f87ff5ac3d9db81a99f2aae764689ab2d74413d9cb5b45dfd5,validation_005,0,4,1980175946,8,,
12,2.4000000000000004,B,ramp,True,False,85.76000000000009,24.800000000000068,1,accelerate,2.0,2.0000000000000284,82.56000000000007,20.800000000000068,1,1,accelerate-accelerate,-0.0934998095035553,0.04684380441904068,-0.19456914067268372,1,0.04684380441904068,-0.0934998095035553,0.14034361392259598,0.2414129450917244,"[true, true, true]",False,False,False,65033,0,d0edc00f047161f87ff5ac3d9db81a99f2aae764689ab2d74413d9cb5b45dfd5,validation_005,0,4,1980175946,8,,
12,2.4000000000000004,B_front,background_mainline,True,,154.0,20.0,,,,,,,,,,,,,,,,,,,,,,65033,0,d0edc00f047161f87ff5ac3d9db81a99f2aae764689ab2d74413d9cb5b45dfd5,validation_005,0,4,1980175946,8,,
12,2.4000000000000004,B_rear,background_mainline,True,,56.997355679020956,16.894532441055816,,,,,,,,,,,,,,,,,,,,,,65033,0,d0edc00f047161f87ff5ac3d9db81a99f2aae764689ab2d74413d9cb5b45dfd5,validation_005,0,4,1980175946,8,,
13,2.6,A,mainline,True,False,86.76000000000009,21.200000000000074,1,accelerate,2.0,2.0000000000000284,90.7600000000001,25.200000000000074,1,1,accelerate-accelerate,-0.021925270557403564,0.04831823706626892,0.004688858985900879,1,0.04831823706626892,0.004688858985900879,0.04362937808036804,0.07024350762367249,"[true, true, true]",False,False,False,65033,0,d0edc00f047161f87ff5ac3d9db81a99f2aae764689ab2d74413d9cb5b45dfd5,validation_005,0,4,1980175946,8,,
13,2.6,B,ramp,True,False,90.7600000000001,25.200000000000074,1,accelerate,2.0,2.0000000000000284,86.76000000000009,21.200000000000074,1,1,accelerate-accelerate,-0.09336349368095398,0.043209005147218704,-0.1916993260383606,1,0.043209005147218704,-0.09336349368095398,0.13657249882817268,0.2349083311855793,"[true, true, true]",False,False,False,65033,0,d0edc00f047161f87ff5ac3d9db81a99f2aae764689ab2d74413d9cb5b45dfd5,validation_005,0,4,1980175946,8,,
13,2.6,B_front,background_mainline,True,,158.0,20.0,,,,,,,,,,,,,,,,,,,,,,65033,0,d0edc00f047161f87ff5ac3d9db81a99f2aae764689ab2d74413d9cb5b45dfd5,validation_005,0,4,1980175946,8,,
13,2.6,B_rear,background_mainline,True,,60.389108459168156,17.023575462876362,,,,,,,,,,,,,,,,,,,,,,65033,0,d0edc00f047161f87ff5ac3d9db81a99f2aae764689ab2d74413d9cb5b45dfd5,validation_005,0,4,1980175946,8,,
14,2.8000000000000003,A,mainline,True,False,91.0400000000001,21.60000000000008,1,accelerate,2.0,2.0000000000000284,95.84000000000012,25.60000000000008,1,1,accelerate-accelerate,-0.020841069519519806,0.05317811667919159,0.006576895713806152,1,0.05317811667919159,0.006576895713806152,0.04660122096538544,0.0740191861987114,"[true, true, true]",False,False,False,65033,0,d0edc00f047161f87ff5ac3d9db81a99f2aae764689ab2d74413d9cb5b45dfd5,validation_005,0,4,1980175946,8,,
14,2.8000000000000003,B,ramp,True,False,95.84000000000012,25.60000000000008,1,accelerate,2.0,2.0000000000000284,91.0400000000001,21.60000000000008,1,1,accelerate-accelerate,-0.09324783086776733,0.03953712806105614,-0.1888980269432068,1,0.03953712806105614,-0.09324783086776733,0.13278495892882347,0.22843515500426292,"[true, true, true]",False,False,False,65033,0,d0edc00f047161f87ff5ac3d9db81a99f2aae764689ab2d74413d9cb5b45dfd5,validation_005,0,4,1980175946,8,,
14,2.8000000000000003,B_front,background_mainline,True,,162.0,20.0,,,,,,,,,,,,,,,,,,,,,,65033,0,d0edc00f047161f87ff5ac3d9db81a99f2aae764689ab2d74413d9cb5b45dfd5,validation_005,0,4,1980175946,8,,
14,2.8000000000000003,B_rear,background_mainline,True,,63.806946100034594,17.15496473255312,,,,,,,,,,,,,,,,,,,,,,65033,0,d0edc00f047161f87ff5ac3d9db81a99f2aae764689ab2d74413d9cb5b45dfd5,validation_005,0,4,1980175946,8,,
15,3.0,A,mainline,True,False,95.40000000000013,22.000000000000085,1,accelerate,2.0,2.0000000000000284,101.00000000000013,26.000000000000085,1,1,accelerate-accelerate,-0.02056337147951126,0.05744578689336777,0.008138403296470642,1,0.05744578689336777,0.008138403296470642,0.049307383596897125,0.07800915837287903,"[true, true, true]",False,False,False,65033,0,d0edc00f047161f87ff5ac3d9db81a99f2aae764689ab2d74413d9cb5b45dfd5,validation_005,0,4,1980175946,8,1.3341739149457368,
15,3.0,B,ramp,True,False,101.00000000000013,26.000000000000085,1,accelerate,2.0,2.0000000000000284,95.40000000000013,22.000000000000085,1,1,accelerate-accelerate,-0.092802993953228,0.03582283481955528,-0.18630975484848022,1,0.03582283481955528,-0.092802993953228,0.12862582877278328,0.2221325896680355,"[true, true, true]",False,False,False,65033,0,d0edc00f047161f87ff5ac3d9db81a99f2aae764689ab2d74413d9cb5b45dfd5,validation_005,0,4,1980175946,8,1.3341739149457368,
15,3.0,B_front,background_mainline,True,,166.0,20.0,,,,,,,,,,,,,,,,,,,,,,65033,0,d0edc00f047161f87ff5ac3d9db81a99f2aae764689ab2d74413d9cb5b45dfd5,validation_005,0,4,1980175946,8,,
15,3.0,B_rear,background_mainline,True,,67.25108809396221,17.286275304254556,,,,,,,,,,,,,,,,,,,,,,65033,0,d0edc00f047161f87ff5ac3d9db81a99f2aae764689ab2d74413d9cb5b45dfd5,validation_005,0,4,1980175946,8,,
16,3.2,A,mainline,True,False,99.84000000000016,22.40000000000009,1,accelerate,2.0,2.0000000000000284,106.24000000000015,26.40000000000009,1,1,accelerate-accelerate,-0.008013881742954254,0.06316560506820679,0.004504211246967316,1,0.06316560506820679,0.004504211246967316,0.05866139382123947,0.07117948681116104,"[true, true, true]",False,False,False,65033,0,d0edc00f047161f87ff5ac3d9db81a99f2aae764689ab2d74413d9cb5b45dfd5,validation_005,0,4,1980175946,8,2.0937561449612616,
16,3.2,B,ramp,True,False,106.24000000000015,26.40000000000009,1,accelerate,2.0,2.0000000000000284,99.84000000000016,22.40000000000009,1,1,accelerate-accelerate,-0.09792407602071762,0.042589034885168076,-0.15056751668453217,1,0.042589034885168076,-0.09792407602071762,0.1405131109058857,0.19315655156970024,"[true, true, true]",False,False,False,65033,0,d0edc00f047161f87ff5ac3d9db81a99f2aae764689ab2d74413d9cb5b45dfd5,validation_005,0,4,1980175946,8,2.0937561449612616,
16,3.2,B_front,background_mainline,True,,170.0,20.0,,,,,,,,,,,,,,,,,,,,,,65033,0,d0edc00f047161f87ff5ac3d9db81a99f2aae764689ab2d74413d9cb5b45dfd5,validation_005,0,4,1980175946,8,,
16,3.2,B_rear,background_mainline,True,,70.72130032253038,17.415215772804387,,,,,,,,,,,,,,,,,,,,,,65033,0,d0edc00f047161f87ff5ac3d9db81a99f2aae764689ab2d74413d9cb5b45dfd5,validation_005,0,4,1980175946,8,,
17,3.4000000000000004,A,mainline,True,False,104.36000000000017,22.800000000000097,1,accelerate,2.0,2.0000000000000284,111.56000000000017,26.800000000000097,1,1,accelerate-accelerate,-0.007256262004375458,0.06545322388410568,0.005043454468250275,1,0.06545322388410568,0.005043454468250275,0.06040976941585541,0.07270948588848114,"[true, true, true]",False,False,False,65033,0,d0edc00f047161f87ff5ac3d9db81a99f2aae764689ab2d74413d9cb5b45dfd5,validation_005,0,4,1980175946,8,2.855467555817114,
17,3.4000000000000004,B,ramp,True,False,111.56000000000017,26.800000000000097,1,accelerate,2.0,2.0000000000000284,104.36000000000017,22.800000000000097,1,1,accelerate-accelerate,-0.09743857383728027,0.04231911897659302,-0.14878831803798676,1,0.04231911897659302,-0.09743857383728027,0.1397576928138733,0.19110743701457977,"[true, true, true]",False,False,False,65033,0,d0edc00f047161f87ff5ac3d9db81a99f2aae764689ab2d74413d9cb5b45dfd5,validation_005,0,4,1980175946,8,2.855467555817114,
17,3.4000000000000004,B_front,background_mainline,True,,174.0,20.0,,,,,,,,,,,,,,,,,,,,,,65033,0,d0edc00f047161f87ff5ac3d9db81a99f2aae764689ab2d74413d9cb5b45dfd5,validation_005,0,4,1980175946,8,,
17,3.4000000000000004,B_rear,background_mainline,True,,74.2168430801404,17.53944960545924,,,,,,,,,,,,,,,,,,,,,,65033,0,d0edc00f047161f87ff5ac3d9db81a99f2aae764689ab2d74413d9cb5b45dfd5,validation_005,0,4,1980175946,8,,
18,3.6,A,mainline,True,False,108.96000000000018,23.200000000000102,1,accelerate,2.0,2.0000000000000284,116.96000000000019,27.200000000000102,1,1,accelerate-accelerate,-0.0067042335867881775,0.0679536759853363,0.005572780966758728,1,0.0679536759853363,0.005572780966758728,0.062380895018577576,0.07465790957212448,"[true, true, true]",False,False,False,65033,0,d0edc00f047161f87ff5ac3d9db81a99f2aae764689ab2d74413d9cb5b45dfd5,validation_005,0,4,1980175946,8,3.627845262100678,
18,3.6,B,ramp,True,False,116.96000000000019,27.200000000000102,1,accelerate,2.0,2.0000000000000284,108.96000000000018,23.200000000000102,1,1,accelerate-accelerate,-0.09668423235416412,0.04160270839929581,-0.14516878128051758,1,0.04160270839929581,-0.09668423235416412,0.13828694075345993,0.18677148967981339,"[true, true, true]",False,False,False,65033,0,d0edc00f047161f87ff5ac3d9db81a99f2aae764689ab2d74413d9cb5b45dfd5,validation_005,0,4,1980175946,8,3.627845262100678,
18,3.6,B_front,background_mainline,True,,178.0,20.0,,,,,,,,,,,,,,,,,,,,,,65033,0,d0edc00f047161f87ff5ac3d9db81a99f2aae764689ab2d74413d9cb5b45dfd5,validation_005,0,4,1980175946,8,,
18,3.6,B_rear,background_mainline,True,,77.73674768124033,17.65884754100106,,,,,,,,,,,,,,,,,,,,,,65033,0,d0edc00f047161f87ff5ac3d9db81a99f2aae764689ab2d74413d9cb5b45dfd5,validation_005,0,4,1980175946,8,,
19,3.8000000000000003,A,mainline,True,False,113.6400000000002,23.600000000000108,1,accelerate,2.0,2.0000000000000284,122.44000000000023,27.600000000000108,1,1,accelerate-accelerate,-0.006194151937961578,0.07054439932107925,0.006104081869125366,1,0.07054439932107925,0.006104081869125366,0.06444031745195389,0.07673855125904083,"[true, true, true]",False,False,False,65033,0,d0edc00f047161f87ff5ac3d9db81a99f2aae764689ab2d74413d9cb5b45dfd5,validation_005,0,4,1980175946,8,4.414046424607207,
19,3.8000000000000003,B,ramp,True,False,122.44000000000023,27.600000000000108,1,accelerate,2.0,2.0000000000000284,113.6400000000002,23.600000000000108,1,1,accelerate-accelerate,-0.0969824567437172,0.04060784727334976,-0.1401989758014679,1,0.04060784727334976,-0.0969824567437172,0.13759030401706696,0.18080682307481766,"[true, true, true]",False,False,False,65033,0,d0edc00f047161f87ff5ac3d9db81a99f2aae764689ab2d74413d9cb5b45dfd5,validation_005,0,4,1980175946,8,4.414046424607207,
19,3.8000000000000003,B_front,background_mainline,True,,182.0,20.0,,,,,,,,,,,,,,,,,,,,,,65033,0,d0edc00f047161f87ff5ac3d9db81a99f2aae764689ab2d74413d9cb5b45dfd5,validation_005,0,4,1980175946,8,,
19,3.8000000000000003,B_rear,background_mainline,True,,81.28005573294233,17.773498574932667,,,,,,,,,,,,,,,,,,,,,,65033,0,d0edc00f047161f87ff5ac3d9db81a99f2aae764689ab2d74413d9cb5b45dfd5,validation_005,0,4,1980175946,8,,
20,4.0,A,mainline,True,False,118.40000000000022,24.000000000000114,1,accelerate,2.0,2.0000000000000284,128.00000000000026,28.000000000000114,1,1,accelerate-accelerate,-0.00567992776632309,0.07320067286491394,0.006644263863563538,1,0.07320067286491394,0.006644263863563538,0.0665564090013504,0.07888060063123703,"[true, true, true]",False,False,False,65033,0,d0edc00f047161f87ff5ac3d9db81a99f2aae764689ab2d74413d9cb5b45dfd5,validation_005,0,4,1980175946,8,5.210323212667163,
20,4.0,B,ramp,True,False,128.00000000000026,28.000000000000114,1,accelerate,2.0,2.0000000000000284,118.40000000000022,24.000000000000114,1,1,accelerate-accelerate,-0.09779448807239532,0.03944598510861397,-0.13441172242164612,1,0.03944598510861397,-0.09779448807239532,0.1372404731810093,0.17385770753026009,"[true, true, true]",False,False,False,65033,0,d0edc00f047161f87ff5ac3d9db81a99f2aae764689ab2d74413d9cb5b45dfd5,validation_005,0,4,1980175946,8,5.210323212667163,
20,4.0,B_front,background_mainline,True,,186.0,20.0,,,,,,,,,,,,,,,,,,,,,,65033,0,d0edc00f047161f87ff5ac3d9db81a99f2aae764689ab2d74413d9cb5b45dfd5,validation_005,0,4,1980175946,8,,
20,4.0,B_rear,background_mainline,True,,84.84582734048132,17.883498582036047,,,,,,,,,,,,,,,,,,,,,,65033,0,d0edc00f047161f87ff5ac3d9db81a99f2aae764689ab2d74413d9cb5b45dfd5,validation_005,0,4,1980175946,8,,
21,4.2,A,mainline,True,False,123.24000000000024,24.40000000000012,1,accelerate,2.0,2.0000000000000284,133.64000000000027,28.40000000000012,1,1,accelerate-accelerate,-0.005118772387504578,0.07550337165594101,0.007860660552978516,1,0.07550337165594101,0.007860660552978516,0.0676427111029625,0.08062214404344559,"[true, true, true]",False,False,False,65033,0,d0edc00f047161f87ff5ac3d9db81a99f2aae764689ab2d74413d9cb5b45dfd5,validation_005,0,4,1980175946,8,6.01006877212933,
21,4.2,B,ramp,True,False,133.64000000000027,28.40000000000012,1,accelerate,2.0,2.0000000000000284,123.24000000000024,24.40000000000012,1,1,accelerate-accelerate,-0.09862463176250458,0.038251183927059174,-0.12851807475090027,1,0.038251183927059174,-0.09862463176250458,0.13687581568956375,0.16676925867795944,"[true, true, true]",False,False,False,65033,0,d0edc00f047161f87ff5ac3d9db81a99f2aae764689ab2d74413d9cb5b45dfd5,validation_005,0,4,1980175946,8,6.01006877212933,
21,4.2,B_front,background_mainline,True,,190.0,20.0,,,,,,,,,,,,,,,,,,,,,,65033,0,d0edc00f047161f87ff5ac3d9db81a99f2aae764689ab2d74413d9cb5b45dfd5,validation_005,0,4,1980175946,8,,
21,4.2,B_rear,background_mainline,True,,88.43314241149324,17.988949598289697,,,,,,,,,,,,,,,,,,,,,,65033,0,d0edc00f047161f87ff5ac3d9db81a99f2aae764689ab2d74413d9cb5b45dfd5,validation_005,0,4,1980175946,8,,
22,4.4,A,mainline,True,False,128.16000000000025,24.800000000000125,1,accelerate,2.0,2.0000000000000284,139.3600000000003,28.800000000000125,1,1,accelerate-accelerate,-0.004522882401943207,0.07755998522043228,0.009574949741363525,1,0.07755998522043228,0.009574949741363525,0.06798503547906876,0.08208286762237549,"[true, true, true]",False,False,False,65033,0,d0edc00f047161f87ff5ac3d9db81a99f2aae764689ab2d74413d9cb5b45dfd5,validation_005,0,4,1980175946,8,6.810068760523961,
22,4.4,B,ramp,True,False,139.3600000000003,28.800000000000125,1,accelerate,2.0,2.0000000000000284,128.16000000000025,24.800000000000125,1,1,accelerate-accelerate,-0.09979470819234848,0.037276748567819595,-0.12265802919864655,1,0.037276748567819595,-0.09979470819234848,0.13707145676016808,0.15993477776646614,"[true, true, true]",False,False,False,65033,0,d0edc00f047161f87ff5ac3d9db81a99f2aae764689ab2d74413d9cb5b45dfd5,validation_005,0,4,1980175946,8,6.810068760523961,
22,4.4,B_front,background_mainline,True,,194.0,20.0,,,,,,,,,,,,,,,,,,,,,,65033,0,d0edc00f047161f87ff5ac3d9db81a99f2aae764689ab2d74413d9cb5b45dfd5,validation_005,0,4,1980175946,8,,
22,4.4,B_rear,background_mainline,True,,92.04110181554303,18.089959092984433,,,,,,,,,,,,,,,,,,,,,,65033,0,d0edc00f047161f87ff5ac3d9db81a99f2aae764689ab2d74413d9cb5b45dfd5,validation_005,0,4,1980175946,8,,
23,4.6000000000000005,A,mainline,True,False,133.16000000000025,25.20000000000013,1,accelerate,2.0,2.0000000000000284,145.16000000000034,29.20000000000013,1,1,accelerate-accelerate,-0.003904290497303009,0.07969994097948074,0.011039063334465027,1,0.07969994097948074,0.011039063334465027,0.06866087764501572,0.08360423147678375,"[true, true, true]",False,False,False,65033,0,d0edc00f047161f87ff5ac3d9db81a99f2aae764689ab2d74413d9cb5b45dfd5,validation_005,0,4,1980175946,8,7.610068760523944,
23,4.6000000000000005,B,ramp,True,False,145.16000000000034,29.20000000000013,1,accelerate,2.0,2.0000000000000284,133.16000000000025,25.20000000000013,1,1,accelerate-accelerate,-0.10126651078462601,0.03645366430282593,-0.11678796261548996,1,0.03645366430282593,-0.10126651078462601,0.13772017508745193,0.1532416269183159,"[true, true, true]",False,False,False,65033,0,d0edc00f047161f87ff5ac3d9db81a99f2aae764689ab2d74413d9cb5b45dfd5,validation_005,0,4,1980175946,8,7.610068760523944,
23,4.6000000000000005,B_front,background_mainline,True,,198.0,20.0,,,,,,,,,,,,,,,,,,,,,,65033,0,d0edc00f047161f87ff5ac3d9db81a99f2aae764689ab2d74413d9cb5b45dfd5,validation_005,0,4,1980175946,8,,
23,4.6000000000000005,B_rear,background_mainline,True,,95.66882839789851,18.186639240479703,,,,,,,,,,,,,,,,,,,,,,65033,0,d0edc00f047161f87ff5ac3d9db81a99f2aae764689ab2d74413d9cb5b45dfd5,validation_005,0,4,1980175946,8,,
24,4.800000000000001,A,mainline,True,False,138.2400000000003,25.600000000000136,1,accelerate,2.0,2.0000000000000284,151.04000000000036,29.600000000000136,1,1,accelerate-accelerate,-0.003253556787967682,0.08193700015544891,0.01211971789598465,1,0.08193700015544891,0.01211971789598465,0.06981728225946426,0.0851905569434166,"[true, true, true]",False,False,False,65033,0,d0edc00f047161f87ff5ac3d9db81a99f2aae764689ab2d74413d9cb5b45dfd5,validation_005,0,4,1980175946,8,8.410068760523956,
24,4.800000000000001,B,ramp,True,False,151.04000000000036,29.600000000000136,1,accelerate,2.0,1.9999999999971863,138.2400000000003,25.600000000000136,1,1,accelerate-accelerate,-0.10309243202209473,0.036126162856817245,-0.11128655076026917,1,0.036126162856817245,-0.10309243202209473,0.13921859487891197,0.1474127136170864,"[true, true, true]",False,False,False,65033,0,d0edc00f047161f87ff5ac3d9db81a99f2aae764689ab2d74413d9cb5b45dfd5,validation_005,0,4,1980175946,8,8.410068760523956,
24,4.800000000000001,B_front,background_mainline,True,,202.0,20.0,,,,,,,,,,,,,,,,,,,,,,65033,0,d0edc00f047161f87ff5ac3d9db81a99f2aae764689ab2d74413d9cb5b45dfd5,validation_005,0,4,1980175946,8,,
24,4.800000000000001,B_rear,background_mainline,True,,99.3154678483532,18.27910620021165,,,,,,,,,,,,,,,,,,,,,,65033,0,d0edc00f047161f87ff5ac3d9db81a99f2aae764689ab2d74413d9cb5b45dfd5,validation_005,0,4,1980175946,8,,
25,5.0,A,mainline,True,False,143.40000000000032,26.000000000000142,1,accelerate,2.0,2.0000000000000284,157.0000000000004,30.0,1,1,accelerate-accelerate,-0.002468287944793701,0.08397799730300903,0.0129457488656044,1,0.08397799730300903,0.0129457488656044,0.07103224843740463,0.08644628524780273,"[true, true, true]",False,False,False,65033,0,d0edc00f047161f87ff5ac3d9db81a99f2aae764689ab2d74413d9cb5b45dfd5,validation_005,0,4,1980175946,8,9.170068760523947,
25,5.0,B,ramp,True,False,157.0000000000004,30.0,1,accelerate,2.0,0.0,143.40000000000032,26.000000000000142,1,1,accelerate-accelerate,-0.10474605113267899,0.03508941829204559,-0.10534081608057022,1,0.03508941829204559,-0.10474605113267899,0.13983546942472458,0.14043023437261581,"[true, true, true]",False,False,False,65033,0,d0edc00f047161f87ff5ac3d9db81a99f2aae764689ab2d74413d9cb5b45dfd5,validation_005,0,4,1980175946,8,9.170068760523947,
25,5.0,B_front,background_mainline,True,,206.0,20.0,,,,,,,,,,,,,,,,,,,,,,65033,0,d0edc00f047161f87ff5ac3d9db81a99f2aae764689ab2d74413d9cb5b45dfd5,validation_005,0,4,1980175946,8,,
25,5.0,B_rear,background_mainline,True,,102.98018942753102,18.36747941262588,,,,,,,,,,,,,,,,,,,,,,65033,0,d0edc00f047161f87ff5ac3d9db81a99f2aae764689ab2d74413d9cb5b45dfd5,validation_005,0,4,1980175946,8,,
26,5.2,A,mainline,True,False,148.64000000000033,26.400000000000148,1,accelerate,2.0,2.0000000000000284,163.0000000000004,30.0,1,1,accelerate-accelerate,-0.0016292259097099304,0.0848870500922203,0.013296343386173248,1,0.0848870500922203,0.013296343386173248,0.07159070670604706,0.08651627600193024,"[true, true, true]",False,False,False,65033,0,d0edc00f047161f87ff5ac3d9db81a99f2aae764689ab2d74413d9cb5b45dfd5,validation_005,0,4,1980175946,8,9.850068760523897,
26,5.2,B,ramp,True,False,163.0000000000004,30.0,1,accelerate,2.0,0.0,148.64000000000033,26.400000000000148,1,1,accelerate-accelerate,-0.10493399947881699,0.03480912372469902,-0.1001826748251915,1,0.03480912372469902,-0.1001826748251915,0.13499179854989052,0.139743123203516,"[true, true, true]",False,False,False,65033,0,d0edc00f047161f87ff5ac3d9db81a99f2aae764689ab2d74413d9cb5b45dfd5,validation_005,0,4,1980175946,8,9.850068760523897,
26,5.2,B_front,background_mainline,True,,210.0,20.0,,,,,,,,,,,,,,,,,,,,,,65033,0,d0edc00f047161f87ff5ac3d9db81a99f2aae764689ab2d74413d9cb5b45dfd5,validation_005,0,4,1980175946,8,,
26,5.2,B_rear,background_mainline,True,,106.66218655454105,18.45188091770634,,,,,,,,,,,,,,,,,,,,,,65033,0,d0edc00f047161f87ff5ac3d9db81a99f2aae764689ab2d74413d9cb5b45dfd5,validation_005,0,4,1980175946,8,,
27,5.4,A,mainline,True,False,153.96000000000038,26.800000000000153,1,accelerate,2.0,2.0000000000000284,169.0000000000004,30.0,1,1,accelerate-accelerate,-0.0007930248975753784,0.08581743389368057,0.013661712408065796,1,0.08581743389368057,0.013661712408065796,0.07215572148561478,0.08661045879125595,"[true, true, true]",False,False,False,65033,0,d0edc00f047161f87ff5ac3d9db81a99f2aae764689ab2d74413d9cb5b45dfd5,validation_005,0,4,1980175946,8,10.450068760523862,
27,5.4,B,ramp,True,False,169.0000000000004,30.0,1,accelerate,2.0,0.0,153.96000000000038,26.800000000000153,1,1,accelerate-accelerate,-0.10535335540771484,0.03441503643989563,-0.09533756971359253,1,0.03441503643989563,-0.09533756971359253,0.12975260615348816,0.13976839184761047,"[true, true, true]",False,False,False,65033,0,d0edc00f047161f87ff5ac3d9db81a99f2aae764689ab2d74413d9cb5b45dfd5,validation_005,0,4,1980175946,8,10.450068760523862,
27,5.4,B_front,background_mainline,True,,214.0,20.0,,,,,,,,,,,,,,,,,,,,,,65033,0,d0edc00f047161f87ff5ac3d9db81a99f2aae764689ab2d74413d9cb5b45dfd5,validation_005,0,4,1980175946,8,,
27,5.4,B_rear,background_mainline,True,,110.36067726108176,18.532434701744865,,,,,,,,,,,,,,,,,,,,,,65033,0,d0edc00f047161f87ff5ac3d9db81a99f2aae764689ab2d74413d9cb5b45dfd5,validation_005,0,4,1980175946,8,,
28,5.6000000000000005,A,mainline,True,False,159.3600000000004,27.20000000000016,1,accelerate,2.0,2.0000000000000284,175.0000000000004,30.0,1,1,accelerate-accelerate,-0.0002956986427307129,0.0868857279419899,0.013677030801773071,1,0.0868857279419899,0.013677030801773071,0.07320869714021683,0.08718142658472061,"[true, true, true]",False,False,False,65033,0,d0edc00f047161f87ff5ac3d9db81a99f2aae764689ab2d74413d9cb5b45dfd5,validation_005,0,4,1980175946,8,10.970068760523844,
28,5.6000000000000005,B,ramp,True,False,175.0000000000004,30.0,1,accelerate,2.0,0.0,159.3600000000004,27.20000000000016,1,1,accelerate-accelerate,-0.10545004904270172,0.0337810255587101,-0.0905672013759613,1,0.0337810255587101,-0.0905672013759613,0.1243482269346714,0.13923107460141182,"[true, true, true]",False,False,False,65033,0,d0edc00f047161f87ff5ac3d9db81a99f2aae764689ab2d74413d9cb5b45dfd5,validation_005,0,4,1980175946,8,10.970068760523844,
28,5.6000000000000005,B_front,background_mainline,True,,218.0,20.0,,,,,,,,,,,,,,,,,,,,,,65033,0,d0edc00f047161f87ff5ac3d9db81a99f2aae764689ab2d74413d9cb5b45dfd5,validation_005,0,4,1980175946,8,,
28,5.6000000000000005,B_rear,background_mainline,True,,114.07490451812139,18.609266076976155,,,,,,,,,,,,,,,,,,,,,,65033,0,d0edc00f047161f87ff5ac3d9db81a99f2aae764689ab2d74413d9cb5b45dfd5,validation_005,0,4,1980175946,8,,
29,5.800000000000001,A,mainline,True,False,164.84000000000043,27.600000000000165,1,accelerate,2.0,2.0000000000000284,181.0000000000004,30.0,1,1,accelerate-accelerate,0.00021123886108398438,0.08864819258451462,0.013202421367168427,1,0.08864819258451462,0.013202421367168427,0.07544577121734619,0.08843695372343063,"[true, true, true]",False,False,False,65033,0,d0edc00f047161f87ff5ac3d9db81a99f2aae764689ab2d74413d9cb5b45dfd5,validation_005,0,4,1980175946,8,11.410068760523785,
29,5.800000000000001,B,ramp,True,False,181.0000000000004,30.0,1,accelerate,2.0,0.0,164.84000000000043,27.600000000000165,1,1,accelerate-accelerate,-0.10603894293308258,0.03313056379556656,-0.08557138592004776,1,0.03313056379556656,-0.08557138592004776,0.11870194971561432,0.13916950672864914,"[true, true, true]",False,False,False,65033,0,d0edc00f047161f87ff5ac3d9db81a99f2aae764689ab2d74413d9cb5b45dfd5,validation_005,0,4,1980175946,8,11.410068760523785,
29,5.800000000000001,B_front,background_mainline,True,,222.0,20.0,,,,,,,,,,,,,,,,,,,,,,65033,0,d0edc00f047161f87ff5ac3d9db81a99f2aae764689ab2d74413d9cb5b45dfd5,validation_005,0,4,1980175946,8,,
29,5.800000000000001,B_rear,background_mainline,True,,117.8041364421063,18.68250109771693,,,,,,,,,,,,,,,,,,,,,,65033,0,d0edc00f047161f87ff5ac3d9db81a99f2aae764689ab2d74413d9cb5b45dfd5,validation_005,0,4,1980175946,8,,
30,6.0,A,mainline,True,False,170.4000000000005,28.00000000000017,1,accelerate,2.0,2.0000000000000284,187.0000000000004,30.0,1,1,accelerate-accelerate,-0.00039824843406677246,0.09141536056995392,0.012499168515205383,1,0.09141536056995392,0.012499168515205383,0.07891619205474854,0.09181360900402069,"[true, true, true]",False,False,False,65033,0,d0edc00f047161f87ff5ac3d9db81a99f2aae764689ab2d74413d9cb5b45dfd5,validation_005,0,4,1980175946,8,11.770068760523742,
30,6.0,B,ramp,True,False,187.0000000000004,30.0,1,accelerate,2.0,0.0,170.4000000000005,28.00000000000017,1,1,accelerate-accelerate,-0.10646437108516693,0.03349049389362335,-0.08287476003170013,1,0.03349049389362335,-0.08287476003170013,0.11636525392532349,0.13995486497879028,"[true, true, true]",False,False,False,65033,0,d0edc00f047161f87ff5ac3d9db81a99f2aae764689ab2d74413d9cb5b45dfd5,validation_005,0,4,1980175946,8,11.770068760523742,
30,6.0,B_front,background_mainline,True,,226.0,20.0,,,,,,,,,,,,,,,,,,,,,,65033,0,d0edc00f047161f87ff5ac3d9db81a99f2aae764689ab2d74413d9cb5b45dfd5,validation_005,0,4,1980175946,8,,
30,6.0,B_rear,background_mainline,True,,121.54766638828298,18.75226601571573,,,,,,,,,,,,,,,,,,,,,,65033,0,d0edc00f047161f87ff5ac3d9db81a99f2aae764689ab2d74413d9cb5b45dfd5,validation_005,0,4,1980175946,8,,
31,6.2,A,mainline,True,False,176.04000000000053,28.400000000000176,1,accelerate,2.0,2.0000000000000284,193.0000000000004,30.0,1,1,accelerate-accelerate,-0.0015473738312721252,0.09312717616558075,0.011577881872653961,1,0.09312717616558075,0.011577881872653961,0.08154929429292679,0.09467454999685287,"[true, true, true]",False,False,False,65033,0,d0edc00f047161f87ff5ac3d9db81a99f2aae764689ab2d74413d9cb5b45dfd5,validation_005,0,4,1980175946,8,12.050068760523715,
31,6.2,B,ramp,True,False,193.0000000000004,30.0,1,accelerate,2.0,0.0,176.04000000000053,28.400000000000176,1,1,accelerate-accelerate,-0.10697124898433685,0.03372221440076828,-0.0800366997718811,1,0.03372221440076828,-0.0800366997718811,0.11375891417264938,0.14069346338510513,"[true, true, true]",False,False,False,65033,0,d0edc00f047161f87ff5ac3d9db81a99f2aae764689ab2d74413d9cb5b45dfd5,validation_005,0,4,1980175946,8,12.050068760523715,
31,6.2,B_front,background_mainline,True,,230.0,20.0,,,,,,,,,,,,,,,,,,,,,,65033,0,d0edc00f047161f87ff5ac3d9db81a99f2aae764689ab2d74413d9cb5b45dfd5,validation_005,0,4,1980175946,8,,
31,6.2,B_rear,background_mainline,True,,125.30481293917283,18.818686776556984,,,,,,,,,,,,,,,,,,,,,,65033,0,d0edc00f047161f87ff5ac3d9db81a99f2aae764689ab2d74413d9cb5b45dfd5,validation_005,0,4,1980175946,8,,
32,6.4,A,mainline,True,False,181.76000000000056,28.800000000000182,1,accelerate,2.0,2.0000000000000284,199.0000000000004,30.0,1,1,accelerate-accelerate,-0.002303674817085266,0.09292035549879074,0.012085914611816406,1,0.09292035549879074,0.012085914611816406,0.08083444088697433,0.09522403031587601,"[true, true, true]",False,False,False,65033,0,d0edc00f047161f87ff5ac3d9db81a99f2aae764689ab2d74413d9cb5b45dfd5,validation_005,0,4,1980175946,8,12.250068760523675,
32,6.4,B,ramp,True,False,199.0000000000004,30.0,1,accelerate,2.0,0.0,181.76000000000056,28.800000000000182,1,1,accelerate-accelerate,-0.10787206143140793,0.033609434962272644,-0.07675669342279434,1,0.033609434962272644,-0.07675669342279434,0.11036612838506699,0.14148149639368057,"[true, true, true]",False,False,False,65033,0,d0edc00f047161f87ff5ac3d9db81a99f2aae764689ab2d74413d9cb5b45dfd5,validation_005,0,4,1980175946,8,12.250068760523675,
32,6.4,B_front,background_mainline,True,,234.0,20.0,,,,,,,,,,,,,,,,,,,,,,65033,0,d0edc00f047161f87ff5ac3d9db81a99f2aae764689ab2d74413d9cb5b45dfd5,validation_005,0,4,1980175946,8,,
32,6.4,B_rear,background_mainline,True,,129.07491979652852,18.88188855817962,,,,,,,,,,,,,,,,,,,,,,65033,0,d0edc00f047161f87ff5ac3d9db81a99f2aae764689ab2d74413d9cb5b45dfd5,validation_005,0,4,1980175946,8,,
33,6.6000000000000005,A,mainline,True,False,187.5600000000006,29.200000000000188,1,accelerate,2.0,2.0000000000000284,205.0000000000004,30.0,1,1,accelerate-accelerate,-0.003992006182670593,0.09272835403680801,0.013340219855308533,1,0.09272835403680801,0.013340219855308533,0.07938813418149948,0.09672036021947861,"[true, true, true]",False,False,False,65033,0,d0edc00f047161f87ff5ac3d9db81a99f2aae764689ab2d74413d9cb5b45dfd5,validation_005,0,4,1980175946,8,12.370068760523651,
33,6.6000000000000005,B,ramp,True,False,205.0000000000004,30.0,1,accelerate,2.0,0.0,187.5600000000006,29.200000000000188,1,1,accelerate-accelerate,-0.10878890007734299,0.03415197134017944,-0.07363482564687729,1,0.03415197134017944,-0.07363482564687729,0.10778679698705673,0.14294087141752243,"[true, true, true]",False,False,False,65033,0,d0edc00f047161f87ff5ac3d9db81a99f2aae764689ab2d74413d9cb5b45dfd5,validation_005,0,4,1980175946,8,12.370068760523651,
33,6.6000000000000005,B_front,background_mainline,True,,238.0,20.0,,,,,,,,,,,,,,,,,,,,,,65033,0,d0edc00f047161f87ff5ac3d9db81a99f2aae764689ab2d74413d9cb5b45dfd5,validation_005,0,4,1980175946,8,,
33,6.6000000000000005,B_rear,background_mainline,True,,132.857355585241,18.9419953518728,,,,,,,,,,,,,,,,,,,,,,65033,0,d0edc00f047161f87ff5ac3d9db81a99f2aae764689ab2d74413d9cb5b45dfd5,validation_005,0,4,1980175946,8,,
34,6.800000000000001,A,mainline,True,False,193.44000000000062,29.600000000000193,1,accelerate,2.0,1.9999999999960494,211.0000000000004,30.0,1,1,accelerate-accelerate,-0.005683764815330505,0.09216595441102982,0.014463253319263458,1,0.09216595441102982,0.014463253319263458,0.07770270109176636,0.09784971922636032,"[true, true, true]",False,False,False,65033,0,d0edc00f047161f87ff5ac3d9db81a99f2aae764689ab2d74413d9cb5b45dfd5,validation_005,0,4,1980175946,8,12.410068760523615,
34,6.800000000000001,B,ramp,True,False,211.0000000000004,30.0,1,accelerate,2.0,0.0,193.44000000000062,29.600000000000193,1,1,accelerate-accelerate,-0.10947424173355103,0.0344863161444664,-0.0700826495885849,1,0.0344863161444664,-0.0700826495885849,0.1045689657330513,0.14396055787801743,"[true, true, true]",False,False,False,65033,0,d0edc00f047161f87ff5ac3d9db81a99f2aae764689ab2d74413d9cb5b45dfd5,validation_005,0,4,1980175946,8,12.410068760523615,
34,6.800000000000001,B_front,background_mainline,True,,242.0,20.0,,,,,,,,,,,,,,,,,,,,,,65033,0,d0edc00f047161f87ff5ac3d9db81a99f2aae764689ab2d74413d9cb5b45dfd5,validation_005,0,4,1980175946,8,,
34,6.800000000000001,B_rear,background_mainline,True,,136.6515135776771,18.999129585502153,,,,,,,,,,,,,,,,,,,,,,65033,0,d0edc00f047161f87ff5ac3d9db81a99f2aae764689ab2d74413d9cb5b45dfd5,validation_005,0,4,1980175946,8,,
35,7.0,A,mainline,True,False,199.40000000000066,30.0,1,accelerate,2.0,0.0,217.0000000000004,30.0,1,1,accelerate-accelerate,-0.00678001344203949,0.09156058728694916,0.016349688172340393,1,0.09156058728694916,0.016349688172340393,0.07521089911460876,0.09834060072898865,"[true, true, true]",False,False,False,65033,0,d0edc00f047161f87ff5ac3d9db81a99f2aae764689ab2d74413d9cb5b45dfd5,validation_005,0,4,1980175946,8,12.410068760523615,
35,7.0,B,ramp,True,False,217.0000000000004,30.0,1,accelerate,2.0,0.0,199.40000000000066,30.0,1,1,accelerate-accelerate,-0.10995622724294662,0.034635208547115326,-0.06615228950977325,1,0.034635208547115326,-0.06615228950977325,0.10078749805688858,0.14459143579006195,"[true, true, true]",False,False,False,65033,0,d0edc00f047161f87ff5ac3d9db81a99f2aae764689ab2d74413d9cb5b45dfd5,validation_005,0,4,1980175946,8,12.410068760523615,
35,7.0,B_front,background_mainline,True,,246.0,20.0,,,,,,,,,,,,,,,,,,,,,,65033,0,d0edc00f047161f87ff5ac3d9db81a99f2aae764689ab2d74413d9cb5b45dfd5,validation_005,0,4,1980175946,8,,
35,7.0,B_rear,background_mainline,True,,140.45681134207936,19.05341168737776,,,,,,,,,,,,,,,,,,,,,,65033,0,d0edc00f047161f87ff5ac3d9db81a99f2aae764689ab2d74413d9cb5b45dfd5,validation_005,0,4,1980175946,8,,
36,7.2,A,mainline,True,False,205.40000000000066,30.0,1,accelerate,2.0,0.0,223.0000000000004,30.0,1,1,accelerate-accelerate,-0.007252223789691925,0.09065981954336166,0.017785832285881042,1,0.09065981954336166,0.017785832285881042,0.07287398725748062,0.09791204333305359,"[true, true, true]",False,False,False,65033,0,d0edc00f047161f87ff5ac3d9db81a99f2aae764689ab2d74413d9cb5b45dfd5,validation_005,0,4,1980175946,8,12.410068760523615,
36,7.2,B,ramp,True,False,223.0000000000004,30.0,1,accelerate,2.0,0.0,205.40000000000066,30.0,1,1,accelerate-accelerate,-0.11057727783918381,0.034497372806072235,-0.06174284219741821,1,0.034497372806072235,-0.06174284219741821,0.09624021500349045,0.14507465064525604,"[true, true, true]",False,False,False,65033,0,d0edc00f047161f87ff5ac3d9db81a99f2aae764689ab2d74413d9cb5b45dfd5,validation_005,0,4,1980175946,8,12.410068760523615,
36,7.2,B_front,background_mainline,True,,250.0,20.0,,,,,,,,,,,,,,,,,,,,,,65033,0,d0edc00f047161f87ff5ac3d9db81a99f2aae764689ab2d74413d9cb5b45dfd5,validation_005,0,4,1980175946,8,,
36,7.2,B_rear,background_mainline,True,,144.2726902664068,19.10495938018207,,,,,,,,,,,,,,,,,,,,,,65033,0,d0edc00f047161f87ff5ac3d9db81a99f2aae764689ab2d74413d9cb5b45dfd5,validation_005,0,4,1980175946,8,,
37,7.4,A,mainline,True,False,211.40000000000066,30.0,1,accelerate,2.0,0.0,229.0000000000004,30.0,1,1,accelerate-accelerate,-0.007729828357696533,0.08976228535175323,0.019223719835281372,1,0.08976228535175323,0.019223719835281372,0.07053856551647186,0.09749211370944977,"[true, true, true]",False,False,False,65033,0,d0edc00f047161f87ff5ac3d9db81a99f2aae764689ab2d74413d9cb5b45dfd5,validation_005,0,4,1980175946,8,12.410068760523615,
37,7.4,B,ramp,True,False,229.0000000000004,30.0,1,accelerate,2.0,0.0,211.40000000000066,30.0,1,1,accelerate-accelerate,-0.11122539639472961,0.03446013480424881,-0.05739607661962509,1,0.03446013480424881,-0.05739607661962509,0.0918562114238739,0.14568553119897842,"[true, true, true]",False,False,False,65033,0,d0edc00f047161f87ff5ac3d9db81a99f2aae764689ab2d74413d9cb5b45dfd5,validation_005,0,4,1980175946,8,12.410068760523615,
37,7.4,B_front,background_mainline,True,,254.0,20.0,,,,,,,,,,,,,,,,,,,,,,65033,0,d0edc00f047161f87ff5ac3d9db81a99f2aae764689ab2d74413d9cb5b45dfd5,validation_005,0,4,1980175946,8,,
37,7.4,B_rear,background_mainline,True,,148.09861503683192,19.153887984483923,,,,,,,,,,,,,,,,,,,,,,65033,0,d0edc00f047161f87ff5ac3d9db81a99f2aae764689ab2d74413d9cb5b45dfd5,validation_005,0,4,1980175946,8,,
38,7.6000000000000005,A,mainline,True,False,217.40000000000066,30.0,1,accelerate,2.0,0.0,235.0000000000004,30.0,1,1,accelerate-accelerate,-0.00821259617805481,0.08886785805225372,0.020663321018218994,1,0.08886785805225372,0.020663321018218994,0.06820453703403473,0.09708045423030853,"[true, true, true]",False,False,False,65033,0,d0edc00f047161f87ff5ac3d9db81a99f2aae764689ab2d74413d9cb5b45dfd5,validation_005,0,4,1980175946,8,12.410068760523615,
38,7.6000000000000005,B,ramp,True,False,235.0000000000004,30.0,1,accelerate,2.0,0.0,217.40000000000066,30.0,1,1,accelerate-accelerate,-0.11187200993299484,0.034427039325237274,-0.053050875663757324,1,0.034427039325237274,-0.053050875663757324,0.0874779149889946,0.14629904925823212,"[true, true, true]",False,False,False,65033,0,d0edc00f047161f87ff5ac3d9db81a99f2aae764689ab2d74413d9cb5b45dfd5,validation_005,0,4,1980175946,8,12.410068760523615,
38,7.6000000000000005,B_front,background_mainline,True,,258.0,20.0,,,,,,,,,,,,,,,,,,,,,,65033,0,d0edc00f047161f87ff5ac3d9db81a99f2aae764689ab2d74413d9cb5b45dfd5,validation_005,0,4,1980175946,8,,
38,7.6000000000000005,B_rear,background_mainline,True,,151.93407316401752,19.200310382250755,,,,,,,,,,,,,,,,,,,,,,65033,0,d0edc00f047161f87ff5ac3d9db81a99f2aae764689ab2d74413d9cb5b45dfd5,validation_005,0,4,1980175946,8,,
39,7.800000000000001,A,mainline,True,False,223.40000000000066,30.0,1,accelerate,2.0,0.0,241.0000000000004,30.0,1,1,accelerate-accelerate,-0.00870029628276825,0.08797642588615417,0.02210453897714615,1,0.08797642588615417,0.02210453897714615,0.06587188690900803,0.09667672216892242,"[true, true, true]",False,False,False,65033,0,d0edc00f047161f87ff5ac3d9db81a99f2aae764689ab2d74413d9cb5b45dfd5,validation_005,0,4,1980175946,8,12.410068760523615,
39,7.800000000000001,B,ramp,True,False,241.0000000000004,30.0,1,accelerate,2.0,0.0,223.40000000000066,30.0,1,1,accelerate-accelerate,-0.11251721531152725,0.034397900104522705,-0.04870717227458954,1,0.034397900104522705,-0.04870717227458954,0.08310507237911224,0.14691511541604996,"[true, true, true]",False,False,False,65033,0,d0edc00f047161f87ff5ac3d9db81a99f2aae764689ab2d74413d9cb5b45dfd5,validation_005,0,4,1980175946,8,12.410068760523615,
39,7.800000000000001,B_front,background_mainline,True,,260.0,0.0,,,,,,,,,,,,,,,,,,,,,,65033,0,d0edc00f047161f87ff5ac3d9db81a99f2aae764689ab2d74413d9cb5b45dfd5,validation_005,0,4,1980175946,8,,
39,7.800000000000001,B_rear,background_mainline,True,,155.7785744700481,19.244336771195282,,,,,,,,,,,,,,,,,,,,,,65033,0,d0edc00f047161f87ff5ac3d9db81a99f2aae764689ab2d74413d9cb5b45dfd5,validation_005,0,4,1980175946,8,,
40,8.0,A,mainline,True,False,229.40000000000066,30.0,1,accelerate,2.0,0.0,247.0000000000004,30.0,1,1,accelerate-accelerate,0.008419699966907501,0.0787322148680687,-0.013587027788162231,1,0.0787322148680687,0.008419699966907501,0.0703125149011612,0.09231924265623093,"[true, true, true]",False,False,False,65033,0,d0edc00f047161f87ff5ac3d9db81a99f2aae764689ab2d74413d9cb5b45dfd5,validation_005,0,4,1980175946,8,12.410068760523615,
40,8.0,B,ramp,True,False,247.0000000000004,30.0,1,accelerate,2.0,0.0,229.40000000000066,30.0,1,1,accelerate-accelerate,-0.133173406124115,0.015056304633617401,-0.009403161704540253,1,0.015056304633617401,-0.009403161704540253,0.024459466338157654,0.1482297107577324,"[true, true, true]",False,False,False,65033,0,d0edc00f047161f87ff5ac3d9db81a99f2aae764689ab2d74413d9cb5b45dfd5,validation_005,0,4,1980175946,8,12.410068760523615,
40,8.0,B_front,background_mainline,True,,260.0,0.0,,,,,,,,,,,,,,,,,,,,,,65033,0,d0edc00f047161f87ff5ac3d9db81a99f2aae764689ab2d74413d9cb5b45dfd5,validation_005,0,4,1980175946,8,,
40,8.0,B_rear,background_mainline,True,,159.63165053102503,19.286074466110474,,,,,,,,,,,,,,,,,,,,,,65033,0,d0edc00f047161f87ff5ac3d9db81a99f2aae764689ab2d74413d9cb5b45dfd5,validation_005,0,4,1980175946,8,,
41,8.200000000000001,A,mainline,True,False,235.40000000000066,30.0,1,accelerate,2.0,0.0,253.0000000000004,30.0,1,1,accelerate-accelerate,0.008392732590436935,0.07775944471359253,-0.011867806315422058,1,0.07775944471359253,0.008392732590436935,0.0693667121231556,0.08962725102901459,"[true, true, true]",False,False,False,65033,0,d0edc00f047161f87ff5ac3d9db81a99f2aae764689ab2d74413d9cb5b45dfd5,validation_005,0,4,1980175946,8,12.410068760523586,
41,8.200000000000001,B,ramp,True,False,253.0000000000004,30.0,1,accelerate,2.0,0.0,235.40000000000066,30.0,1,1,accelerate-accelerate,-0.13352280855178833,0.01485268771648407,-0.004943221807479858,1,0.01485268771648407,-0.004943221807479858,0.019795909523963928,0.1483754962682724,"[true, true, true]",False,False,False,65033,0,d0edc00f047161f87ff5ac3d9db81a99f2aae764689ab2d74413d9cb5b45dfd5,validation_005,0,4,1980175946,8,12.410068760523586,
41,8.200000000000001,B_front,background_mainline,True,,260.0,0.0,,,,,,,,,,,,,,,,,,,,,,65033,0,d0edc00f047161f87ff5ac3d9db81a99f2aae764689ab2d74413d9cb5b45dfd5,validation_005,0,4,1980175946,8,,
41,8.200000000000001,B_rear,background_mainline,True,,163.49285408414227,19.325627741521977,,,,,,,,,,,,,,,,,,,,,,65033,0,d0edc00f047161f87ff5ac3d9db81a99f2aae764689ab2d74413d9cb5b45dfd5,validation_005,0,4,1980175946,8,,
42,8.4,A,mainline,True,False,241.40000000000066,30.0,1,accelerate,2.0,0.0,259.0000000000004,30.0,1,1,accelerate-accelerate,0.008351325988769531,0.07683195918798447,-0.010166525840759277,1,0.07683195918798447,0.008351325988769531,0.06848063319921494,0.08699848502874374,"[true, true, true]",False,False,False,65033,0,d0edc00f047161f87ff5ac3d9db81a99f2aae764689ab2d74413d9cb5b45dfd5,validation_005,0,4,1980175946,8,,
42,8.4,B,ramp,True,False,259.0000000000004,30.0,1,accelerate,2.0,0.0,241.40000000000066,30.0,1,1,accelerate-accelerate,-0.13351216912269592,0.014685899019241333,-2.1673738956451416e-05,1,0.014685899019241333,-2.1673738956451416e-05,0.014707572758197784,0.14819806814193726,"[true, true, true]",False,False,False,65033,0,d0edc00f047161f87ff5ac3d9db81a99f2aae764689ab2d74413d9cb5b45dfd5,validation_005,0,4,1980175946,8,,
42,8.4,B_front,background_mainline,True,,260.0,0.0,,,,,,,,,,,,,,,,,,,,,,65033,0,d0edc00f047161f87ff5ac3d9db81a99f2aae764689ab2d74413d9cb5b45dfd5,validation_005,0,4,1980175946,8,,
42,8.4,B_rear,background_mainline,True,,167.36175840700733,19.363097710774515,,,,,,,,,,,,,,,,,,,,,,65033,0,d0edc00f047161f87ff5ac3d9db81a99f2aae764689ab2d74413d9cb5b45dfd5,validation_005,0,4,1980175946,8,,
43,8.6,A,mainline,True,False,247.40000000000066,30.0,1,accelerate,2.0,0.0,260.5000000000004,0.0,1,0,active-inactive,-0.029167987406253815,-0.012115657329559326,-0.02567829191684723,1,-0.012115657329559326,-0.02567829191684723,0.013562634587287903,0.01705233007669449,"[true, true, true]",False,False,False,65033,0,d0edc00f047161f87ff5ac3d9db81a99f2aae764689ab2d74413d9cb5b45dfd5,validation_005,0,4,1980175946,8,,
43,8.6,B,ramp,False,True,260.5000000000004,0.0,0,maintain,0.0,0.0,247.40000000000066,30.0,1,0,active-inactive,-0.08933937549591064,0.06090439856052399,-0.05568300187587738,1,0.06090439856052399,-0.05568300187587738,0.11658740043640137,0.15024377405643463,"[true, true, true]",False,False,False,65033,0,d0edc00f047161f87ff5ac3d9db81a99f2aae764689ab2d74413d9cb5b45dfd5,validation_005,0,4,1980175946,8,,
43,8.6,B_front,background_mainline,True,,260.0,0.0,,,,,,,,,,,,,,,,,,,,,,65033,0,d0edc00f047161f87ff5ac3d9db81a99f2aae764689ab2d74413d9cb5b45dfd5,validation_005,0,4,1980175946,8,,
43,8.6,B_rear,background_mainline,True,,171.23795667605782,19.39858223727524,,,,,,,,,,,,,,,,,,,,,,65033,0,d0edc00f047161f87ff5ac3d9db81a99f2aae764689ab2d74413d9cb5b45dfd5,validation_005,0,4,1980175946,8,,
44,8.8,A,mainline,True,False,253.40000000000066,30.0,1,accelerate,2.0,0.0,260.5000000000004,0.0,1,0,active-inactive,-0.029886700212955475,-0.011306747794151306,-0.02044662833213806,1,-0.011306747794151306,-0.02044662833213806,0.009139880537986755,0.01857995241880417,"[true, true, true]",False,False,False,65033,0,d0edc00f047161f87ff5ac3d9db81a99f2aae764689ab2d74413d9cb5b45dfd5,validation_005,0,4,1980175946,8,,
44,8.8,B,ramp,False,True,260.5000000000004,0.0,0,maintain,0.0,0.0,253.40000000000066,30.0,1,0,active-inactive,-0.08715580403804779,0.06243320554494858,-0.05371778458356857,1,0.06243320554494858,-0.05371778458356857,0.11615099012851715,0.14958900958299637,"[true, true, true]",False,False,False,65033,0,d0edc00f047161f87ff5ac3d9db81a99f2aae764689ab2d74413d9cb5b45dfd5,validation_005,0,4,1980175946,8,,
44,8.8,B_front,background_mainline,True,,260.0,0.0,,,,,,,,,,,,,,,,,,,,,,65033,0,d0edc00f047161f87ff5ac3d9db81a99f2aae764689ab2d74413d9cb5b45dfd5,validation_005,0,4,1980175946,8,,
44,8.8,B_rear,background_mainline,True,,175.12106131011902,19.43217587409963,,,,,,,,,,,,,,,,,,,,,,65033,0,d0edc00f047161f87ff5ac3d9db81a99f2aae764689ab2d74413d9cb5b45dfd5,validation_005,0,4,1980175946,8,,
45,9.0,A,mainline,True,False,259.40000000000066,30.0,1,accelerate,2.0,0.0,260.5000000000004,0.0,1,0,active-inactive,-0.030615322291851044,-0.010476961731910706,-0.015178024768829346,1,-0.010476961731910706,-0.015178024768829346,0.00470106303691864,0.020138360559940338,"[true, true, true]",False,True,False,65033,0,d0edc00f047161f87ff5ac3d9db81a99f2aae764689ab2d74413d9cb5b45dfd5,validation_005,0,4,1980175946,8,,
45,9.0,B,ramp,False,True,260.5000000000004,0.0,0,maintain,0.0,0.0,259.40000000000066,30.0,1,0,active-inactive,-0.08505936712026596,0.06367799639701843,-0.05100744217634201,1,0.06367799639701843,-0.05100744217634201,0.11468543857336044,0.1487373635172844,"[true, true, true]",False,True,False,65033,0,d0edc00f047161f87ff5ac3d9db81a99f2aae764689ab2d74413d9cb5b45dfd5,validation_005,0,4,1980175946,8,,
45,9.0,B_front,background_mainline,True,,260.0,0.0,,,,,,,,,,,,,,,,,,,,,,65033,0,d0edc00f047161f87ff5ac3d9db81a99f2aae764689ab2d74413d9cb5b45dfd5,validation_005,0,4,1980175946,8,,
45,9.0,B_rear,background_mainline,True,,179.01071374473787,19.46410736290525,,,,,,,,,,,,,,,,,,,,,,65033,0,d0edc00f047161f87ff5ac3d9db81a99f2aae764689ab2d74413d9cb5b45dfd5,validation_005,0,4,1980175946,8,,
0,0.0,A,ramp,True,False,32.0,20.0,1,accelerate,0.0,2.0000000000000284,38.4,16.0,1,1,accelerate-accelerate,-0.04320728778839111,0.04901403933763504,-0.06455759704113007,1,0.04901403933763504,-0.04320728778839111,0.09222132712602615,0.1135716363787651,"[true, true, true]",False,False,False,65033,0,d0edc00f047161f87ff5ac3d9db81a99f2aae764689ab2d74413d9cb5b45dfd5,validation_005,1,4,1980175946,9,,
0,0.0,B,mainline,True,False,38.4,16.0,1,accelerate,0.0,2.0000000000000284,32.0,20.0,1,1,accelerate-accelerate,-0.05249500647187233,0.06480811536312103,-0.19336774945259094,1,0.06480811536312103,-0.05249500647187233,0.11730312183499336,0.258175864815712,"[true, true, true]",False,False,False,65033,0,d0edc00f047161f87ff5ac3d9db81a99f2aae764689ab2d74413d9cb5b45dfd5,validation_005,1,4,1980175946,9,,
0,0.0,B_front,background_mainline,True,,106.0,20.0,,,,,,,,,,,,,,,,,,,,,,65033,0,d0edc00f047161f87ff5ac3d9db81a99f2aae764689ab2d74413d9cb5b45dfd5,validation_005,1,4,1980175946,9,,
0,0.0,B_rear,background_mainline,True,,16.68,18.799999999999997,,,,,,,,,,,,,,,,,,,,,,65033,0,d0edc00f047161f87ff5ac3d9db81a99f2aae764689ab2d74413d9cb5b45dfd5,validation_005,1,4,1980175946,9,,
1,0.2,A,ramp,True,False,36.04,20.400000000000006,1,accelerate,2.0,2.0000000000000284,41.64,16.400000000000006,1,1,accelerate-accelerate,-0.04299358278512955,0.05170857161283493,-0.06317603588104248,1,0.05170857161283493,-0.04299358278512955,0.09470215439796448,0.11488460749387741,"[true, true, true]",False,False,False,65033,0,d0edc00f047161f87ff5ac3d9db81a99f2aae764689ab2d74413d9cb5b45dfd5,validation_005,1,4,1980175946,9,,
1,0.2,B,mainline,True,False,41.64,16.400000000000006,1,accelerate,2.0,2.0000000000000284,36.04,20.400000000000006,1,1,accelerate-accelerate,-0.0541817769408226,0.06289459764957428,-0.19481830298900604,1,0.06289459764957428,-0.0541817769408226,0.11707637459039688,0.2577129006385803,"[true, true, true]",False,False,False,65033,0,d0edc00f047161f87ff5ac3d9db81a99f2aae764689ab2d74413d9cb5b45dfd5,validation_005,1,4,1980175946,9,,
1,0.2,B_front,background_mainline,True,,110.0,20.0,,,,,,,,,,,,,,,,,,,,,,65033,0,d0edc00f047161f87ff5ac3d9db81a99f2aae764689ab2d74413d9cb5b45dfd5,validation_005,1,4,1980175946,9,,
1,0.2,B_rear,background_mainline,True,,20.326898670375794,17.741310740199733,,,,,,,,,,,,,,,,,,,,,,65033,0,d0edc00f047161f87ff5ac3d9db81a99f2aae764689ab2d74413d9cb5b45dfd5,validation_005,1,4,1980175946,9,,
2,0.4,A,ramp,True,False,40.160000000000004,20.80000000000001,1,accelerate,2.0,2.0000000000000284,44.96,16.80000000000001,1,1,accelerate-accelerate,-0.042996883392333984,0.05468970537185669,-0.06204763054847717,1,0.05468970537185669,-0.042996883392333984,0.09768658876419067,0.11673733592033386,"[true, true, true]",False,False,False,65033,0,d0edc00f047161f87ff5ac3d9db81a99f2aae764689ab2d74413d9cb5b45dfd5,validation_005,1,4,1980175946,9,,
2,0.4,B,mainline,True,False,44.96,16.80000000000001,1,accelerate,2.0,2.0000000000000284,40.160000000000004,20.80000000000001,1,1,accelerate-accelerate,-0.05581517145037651,0.06111769378185272,-0.19618338346481323,1,0.06111769378185272,-0.05581517145037651,0.11693286523222923,0.25730107724666595,"[true, true, true]",False,False,False,65033,0,d0edc00f047161f87ff5ac3d9db81a99f2aae764689ab2d74413d9cb5b45dfd5,validation_005,1,4,1980175946,9,,
2,0.4,B_front,background_mainline,True,,114.0,20.0,,,,,,,,,,,,,,,,,,,,,,65033,0,d0edc00f047161f87ff5ac3d9db81a99f2aae764689ab2d74413d9cb5b45dfd5,validation_005,1,4,1980175946,9,,
2,0.4,B_rear,background_mainline,True,,23.80747592558751,17.116337320058005,,,,,,,,,,,,,,,,,,,,,,65033,0,d0edc00f047161f87ff5ac3d9db81a99f2aae764689ab2d74413d9cb5b45dfd5,validation_005,1,4,1980175946,9,,
3,0.6000000000000001,A,ramp,True,False,44.36000000000001,21.200000000000017,1,accelerate,2.0,2.0000000000000284,48.36000000000001,17.200000000000017,1,1,accelerate-accelerate,-0.04267634451389313,0.0579666942358017,-0.06163736432790756,1,0.0579666942358017,-0.04267634451389313,0.10064303874969482,0.11960405856370926,"[true, true, true]",False,False,False,65033,0,d0edc00f047161f87ff5ac3d9db81a99f2aae764689ab2d74413d9cb5b45dfd5,validation_005,1,4,1980175946,9,,
3,0.6000000000000001,B,mainline,True,False,48.36000000000001,17.200000000000017,1,accelerate,2.0,2.0000000000000284,44.36000000000001,21.200000000000017,1,1,accelerate-accelerate,-0.05732022598385811,0.05940777808427811,-0.19726863503456116,1,0.05940777808427811,-0.05732022598385811,0.11672800406813622,0.25667641311883926,"[true, true, true]",False,False,False,65033,0,d0edc00f047161f87ff5ac3d9db81a99f2aae764689ab2d74413d9cb5b45dfd5,validation_005,1,4,1980175946,9,,
3,0.6000000000000001,B_front,background_mainline,True,,118.0,20.0,,,,,,,,,,,,,,,,,,,,,,65033,0,d0edc00f047161f87ff5ac3d9db81a99f2aae764689ab2d74413d9cb5b45dfd5,validation_005,1,4,1980175946,9,,
3,0.6000000000000001,B_rear,background_mainline,True,,27.190902038994782,16.748457881739547,,,,,,,,,,,,,,,,,,,,,,65033,0,d0edc00f047161f87ff5ac3d9db81a99f2aae764689ab2d74413d9cb5b45dfd5,validation_005,1,4,1980175946,9,,
4,0.8,A,ramp,True,False,48.64000000000001,21.600000000000023,1,accelerate,2.0,2.0000000000000284,51.84000000000001,17.600000000000023,1,1,accelerate-accelerate,-0.04216188192367554,0.0614398829638958,-0.06165767461061478,1,0.0614398829638958,-0.04216188192367554,0.10360176488757133,0.12309755757451057,"[true, true, true]",False,False,False,65033,0,d0edc00f047161f87ff5ac3d9db81a99f2aae764689ab2d74413d9cb5b45dfd5,validation_005,1,4,1980175946,9,,
4,0.8,B,mainline,True,False,51.84000000000001,17.600000000000023,1,accelerate,2.0,2.0000000000000284,48.64000000000001,21.600000000000023,1,1,accelerate-accelerate,-0.058433495461940765,0.058057695627212524,-0.19832712411880493,1,0.058057695627212524,-0.058433495461940765,0.11649119108915329,0.25638481974601746,"[true, true, true]",False,False,False,65033,0,d0edc00f047161f87ff5ac3d9db81a99f2aae764689ab2d74413d9cb5b45dfd5,validation_005,1,4,1980175946,9,,
4,0.8,B_front,background_mainline,True,,122.0,20.0,,,,,,,,,,,,,,,,,,,,,,65033,0,d0edc00f047161f87ff5ac3d9db81a99f2aae764689ab2d74413d9cb5b45dfd5,validation_005,1,4,1980175946,9,,
4,0.8,B_rear,background_mainline,True,,30.51762899635805,16.53846553538073,,,,,,,,,,,,,,,,,,,,,,65033,0,d0edc00f047161f87ff5ac3d9db81a99f2aae764689ab2d74413d9cb5b45dfd5,validation_005,1,4,1980175946,9,,
5,1.0,A,ramp,True,False,53.000000000000014,22.00000000000003,1,accelerate,2.0,2.0000000000000284,55.40000000000001,18.00000000000003,1,1,accelerate-accelerate,-0.04164964705705643,0.06518470495939255,-0.06183764338493347,1,0.06518470495939255,-0.04164964705705643,0.10683435201644897,0.12702234834432602,"[true, true, true]",False,False,False,65033,0,d0edc00f047161f87ff5ac3d9db81a99f2aae764689ab2d74413d9cb5b45dfd5,validation_005,1,4,1980175946,9,,
5,1.0,B,mainline,True,False,55.40000000000001,18.00000000000003,1,accelerate,2.0,2.0000000000000284,53.000000000000014,22.00000000000003,1,1,accelerate-accelerate,-0.05930078402161598,0.05695668235421181,-0.19937320053577423,1,0.05695668235421181,-0.05930078402161598,0.11625746637582779,0.25632988288998604,"[true, true, true]",False,False,False,65033,0,d0edc00f047161f87ff5ac3d9db81a99f2aae764689ab2d74413d9cb5b45dfd5,validation_005,1,4,1980175946,9,,
5,1.0,B_front,background_mainline,True,,126.0,20.0,,,,,,,,,,,,,,,,,,,,,,65033,0,d0edc00f047161f87ff5ac3d9db81a99f2aae764689ab2d74413d9cb5b45dfd5,validation_005,1,4,1980175946,9,,
5,1.0,B_rear,background_mainline,True,,33.813423036146546,16.43284706680312,,,,,,,,,,,,,,,,,,,,,,65033,0,d0edc00f047161f87ff5ac3d9db81a99f2aae764689ab2d74413d9cb5b45dfd5,validation_005,1,4,1980175946,9,,
6,1.2000000000000002,A,ramp,True,False,57.44000000000002,22.400000000000034,1,accelerate,2.0,2.0000000000000284,59.04000000000002,18.400000000000034,1,1,accelerate-accelerate,-0.04108218848705292,0.0690685585141182,-0.06217518448829651,1,0.0690685585141182,-0.04108218848705292,0.11015074700117111,0.1312437430024147,"[true, true, true]",False,False,False,65033,0,d0edc00f047161f87ff5ac3d9db81a99f2aae764689ab2d74413d9cb5b45dfd5,validation_005,1,4,1980175946,9,,
6,1.2000000000000002,B,mainline,True,False,59.04000000000002,18.400000000000034,1,accelerate,2.0,2.0000000000000284,57.44000000000002,22.400000000000034,1,1,accelerate-accelerate,-0.06015004962682724,0.05590406060218811,-0.2003498375415802,1,0.05590406060218811,-0.06015004962682724,0.11605411022901535,0.2562538981437683,"[true, true, true]",False,False,False,65033,0,d0edc00f047161f87ff5ac3d9db81a99f2aae764689ab2d74413d9cb5b45dfd5,validation_005,1,4,1980175946,9,,
6,1.2000000000000002,B_front,background_mainline,True,,130.0,20.0,,,,,,,,,,,,,,,,,,,,,,65033,0,d0edc00f047161f87ff5ac3d9db81a99f2aae764689ab2d74413d9cb5b45dfd5,validation_005,1,4,1980175946,9,,
6,1.2000000000000002,B_rear,background_mainline,True,,37.09571158590538,16.399458953205198,,,,,,,,,,,,,,,,,,,,,,65033,0,d0edc00f047161f87ff5ac3d9db81a99f2aae764689ab2d74413d9cb5b45dfd5,validation_005,1,4,1980175946,9,,
7,1.4000000000000001,A,ramp,True,False,61.96000000000003,22.80000000000004,1,accelerate,2.0,2.0000000000000284,62.760000000000026,18.80000000000004,1,1,accelerate-accelerate,-0.04083023965358734,0.07391025125980377,-0.062202438712120056,1,0.07391025125980377,-0.04083023965358734,0.11474049091339111,0.13611268997192383,"[true, true, true]",False,False,False,65033,0,d0edc00f047161f87ff5ac3d9db81a99f2aae764689ab2d74413d9cb5b45dfd5,validation_005,1,4,1980175946,9,,
7,1.4000000000000001,B,mainline,True,False,62.760000000000026,18.80000000000004,1,accelerate,2.0,2.0000000000000284,61.96000000000003,22.80000000000004,1,1,accelerate-accelerate,-0.06064343452453613,0.05452580749988556,-0.20088747143745422,1,0.05452580749988556,-0.06064343452453613,0.11516924202442169,0.2554132789373398,"[true, true, true]",False,False,False,65033,0,d0edc00f047161f87ff5ac3d9db81a99f2aae764689ab2d74413d9cb5b45dfd5,validation_005,1,4,1980175946,9,,
7,1.4000000000000001,B_front,background_mainline,True,,134.0,20.0,,,,,,,,,,,,,,,,,,,,,,65033,0,d0edc00f047161f87ff5ac3d9db81a99f2aae764689ab2d74413d9cb5b45dfd5,validation_005,1,4,1980175946,9,,
7,1.4000000000000001,B_rear,background_mainline,True,,40.376727734652135,16.417475034220853,,,,,,,,,,,,,,,,,,,,,,65033,0,d0edc00f047161f87ff5ac3d9db81a99f2aae764689ab2d74413d9cb5b45dfd5,validation_005,1,4,1980175946,9,,
8,1.6,A,ramp,True,False,66.56000000000004,23.200000000000045,1,accelerate,2.0,2.0000000000000284,66.56000000000003,19.200000000000045,1,1,accelerate-accelerate,-0.040641434490680695,0.07929733395576477,-0.061916664242744446,1,0.07929733395576477,-0.040641434490680695,0.11993876844644547,0.14121399819850922,"[true, true, true]",False,False,False,65033,0,d0edc00f047161f87ff5ac3d9db81a99f2aae764689ab2d74413d9cb5b45dfd5,validation_005,1,4,1980175946,9,,
8,1.6,B,mainline,True,False,66.56000000000003,19.200000000000045,1,accelerate,2.0,2.0000000000000284,66.56000000000004,23.200000000000045,1,1,accelerate-accelerate,-0.06050104647874832,0.052764661610126495,-0.2010335475206375,1,0.052764661610126495,-0.06050104647874832,0.11326570808887482,0.253798209130764,"[true, true, true]",False,False,False,65033,0,d0edc00f047161f87ff5ac3d9db81a99f2aae764689ab2d74413d9cb5b45dfd5,validation_005,1,4,1980175946,9,,
8,1.6,B_front,background_mainline,True,,138.0,20.0,,,,,,,,,,,,,,,,,,,,,,65033,0,d0edc00f047161f87ff5ac3d9db81a99f2aae764689ab2d74413d9cb5b45dfd5,validation_005,1,4,1980175946,9,,
8,1.6,B_rear,background_mainline,True,,43.66524588410587,16.47261599654257,,,,,,,,,,,,,,,,,,,,,,65033,0,d0edc00f047161f87ff5ac3d9db81a99f2aae764689ab2d74413d9cb5b45dfd5,validation_005,1,4,1980175946,9,,
9,1.8,A,ramp,True,False,71.24000000000007,23.60000000000005,1,accelerate,2.0,2.0000000000000284,70.44000000000004,19.60000000000005,1,1,accelerate-accelerate,-0.04038481414318085,0.08445486426353455,-0.0610257089138031,1,0.08445486426353455,-0.04038481414318085,0.1248396784067154,0.14548057317733765,"[true, true, true]",False,False,False,65033,0,d0edc00f047161f87ff5ac3d9db81a99f2aae764689ab2d74413d9cb5b45dfd5,validation_005,1,4,1980175946,9,,
9,1.8,B,mainline,True,False,70.44000000000004,19.60000000000005,1,accelerate,2.0,2.0000000000000284,71.24000000000007,23.60000000000005,1,1,accelerate-accelerate,-0.060354482382535934,0.051024600863456726,-0.20114177465438843,1,0.051024600863456726,-0.060354482382535934,0.11137908324599266,0.25216637551784515,"[true, true, true]",False,False,False,65033,0,d0edc00f047161f87ff5ac3d9db81a99f2aae764689ab2d74413d9cb5b45dfd5,validation_005,1,4,1980175946,9,,
9,1.8,B_front,background_mainline,True,,142.0,20.0,,,,,,,,,,,,,,,,,,,,,,65033,0,d0edc00f047161f87ff5ac3d9db81a99f2aae764689ab2d74413d9cb5b45dfd5,validation_005,1,4,1980175946,9,,
9,1.8,B_rear,background_mainline,True,,46.96761769867371,16.554649130041685,,,,,,,,,,,,,,,,,,,,,,65033,0,d0edc00f047161f87ff5ac3d9db81a99f2aae764689ab2d74413d9cb5b45dfd5,validation_005,1,4,1980175946,9,,
10,2.0,A,ramp,True,False,76.00000000000009,24.000000000000057,1,accelerate,2.0,2.0000000000000284,74.40000000000005,20.000000000000057,1,1,accelerate-accelerate,-0.03949308022856712,0.0887923389673233,-0.06086725741624832,1,0.0887923389673233,-0.03949308022856712,0.12828541919589043,0.14965959638357162,"[true, true, true]",False,False,False,65033,0,d0edc00f047161f87ff5ac3d9db81a99f2aae764689ab2d74413d9cb5b45dfd5,validation_005,1,4,1980175946,9,,
10,2.0,B,mainline,True,False,74.40000000000005,20.000000000000057,1,accelerate,2.0,2.0000000000000284,76.00000000000009,24.000000000000057,1,1,accelerate-accelerate,-0.06040159985423088,0.04909313842654228,-0.2004302740097046,1,0.04909313842654228,-0.06040159985423088,0.10949473828077316,0.24952341243624687,"[true, true, true]",False,False,False,65033,0,d0edc00f047161f87ff5ac3d9db81a99f2aae764689ab2d74413d9cb5b45dfd5,validation_005,1,4,1980175946,9,,
10,2.0,B_front,background_mainline,True,,146.0,20.0,,,,,,,,,,,,,,,,,,,,,,65033,0,d0edc00f047161f87ff5ac3d9db81a99f2aae764689ab2d74413d9cb5b45dfd5,validation_005,1,4,1980175946,9,,
10,2.0,B_rear,background_mainline,True,,50.28842839064999,16.655976071095466,,,,,,,,,,,,,,,,,,,,,,65033,0,d0edc00f047161f87ff5ac3d9db81a99f2aae764689ab2d74413d9cb5b45dfd5,validation_005,1,4,1980175946,9,,
11,2.2,A,ramp,True,False,80.84000000000009,24.400000000000063,1,accelerate,2.0,2.0000000000000284,78.44000000000005,20.400000000000063,1,1,accelerate-accelerate,-0.04001839831471443,0.09387536346912384,-0.06164395809173584,1,0.09387536346912384,-0.04001839831471443,0.13389376178383827,0.15551932156085968,"[true, true, true]",False,False,False,65033,0,d0edc00f047161f87ff5ac3d9db81a99f2aae764689ab2d74413d9cb5b45dfd5,validation_005,1,4,1980175946,9,,
11,2.2,B,mainline,True,False,78.44000000000005,20.400000000000063,1,accelerate,2.0,2.0000000000000284,80.84000000000009,24.400000000000063,1,1,accelerate-accelerate,-0.06011657416820526,0.046992480754852295,-0.19935908913612366,1,0.046992480754852295,-0.06011657416820526,0.10710905492305756,0.24635156989097595,"[true, true, true]",False,False,False,65033,0,d0edc00f047161f87ff5ac3d9db81a99f2aae764689ab2d74413d9cb5b45dfd5,validation_005,1,4,1980175946,9,,
11,2.2,B_front,background_mainline,True,,150.0,20.0,,,,,,,,,,,,,,,,,,,,,,65033,0,d0edc00f047161f87ff5ac3d9db81a99f2aae764689ab2d74413d9cb5b45dfd5,validation_005,1,4,1980175946,9,,
11,2.2,B_rear,background_mainline,True,,53.630932636531,16.770787339569573,,,,,,,,,,,,,,,,,,,,,,65033,0,d0edc00f047161f87ff5ac3d9db81a99f2aae764689ab2d74413d9cb5b45dfd5,validation_005,1,4,1980175946,9,,
12,2.4000000000000004,A,ramp,True,False,85.76000000000009,24.800000000000068,1,accelerate,2.0,2.0000000000000284,82.56000000000007,20.800000000000068,1,1,accelerate-accelerate,-0.04054282233119011,0.09904706478118896,-0.06245493143796921,1,0.09904706478118896,-0.04054282233119011,0.13958988711237907,0.16150199621915817,"[true, true, true]",False,False,False,65033,0,d0edc00f047161f87ff5ac3d9db81a99f2aae764689ab2d74413d9cb5b45dfd5,validation_005,1,4,1980175946,9,,
12,2.4000000000000004,B,mainline,True,False,82.56000000000007,20.800000000000068,1,accelerate,2.0,2.0000000000000284,85.76000000000009,24.800000000000068,1,1,accelerate-accelerate,-0.060266438871622086,0.04480338096618652,-0.19803211092948914,1,0.04480338096618652,-0.060266438871622086,0.10506981983780861,0.24283549189567566,"[true, true, true]",False,False,False,65033,0,d0edc00f047161f87ff5ac3d9db81a99f2aae764689ab2d74413d9cb5b45dfd5,validation_005,1,4,1980175946,9,,
12,2.4000000000000004,B_front,background_mainline,True,,154.0,20.0,,,,,,,,,,,,,,,,,,,,,,65033,0,d0edc00f047161f87ff5ac3d9db81a99f2aae764689ab2d74413d9cb5b45dfd5,validation_005,1,4,1980175946,9,,
12,2.4000000000000004,B_rear,background_mainline,True,,56.997355679020956,16.894532441055816,,,,,,,,,,,,,,,,,,,,,,65033,0,d0edc00f047161f87ff5ac3d9db81a99f2aae764689ab2d74413d9cb5b45dfd5,validation_005,1,4,1980175946,9,,
13,2.6,A,ramp,True,False,90.7600000000001,25.200000000000074,1,accelerate,2.0,2.0000000000000284,86.76000000000009,21.200000000000074,1,1,accelerate-accelerate,-0.04129309207201004,0.10479151457548141,-0.06363561749458313,1,0.10479151457548141,-0.04129309207201004,0.14608460664749146,0.16842713207006454,"[true, true, true]",False,False,False,65033,0,d0edc00f047161f87ff5ac3d9db81a99f2aae764689ab2d74413d9cb5b45dfd5,validation_005,1,4,1980175946,9,,
13,2.6,B,mainline,True,False,86.76000000000009,21.200000000000074,1,accelerate,2.0,2.0000000000000284,90.7600000000001,25.200000000000074,1,1,accelerate-accelerate,-0.060498595237731934,0.04219367355108261,-0.19595588743686676,1,0.04219367355108261,-0.060498595237731934,0.10269226878881454,0.23814956098794937,"[true, true, true]",False,False,False,65033,0,d0edc00f047161f87ff5ac3d9db81a99f2aae764689ab2d74413d9cb5b45dfd5,validation_005,1,4,1980175946,9,,
13,2.6,B_front,background_mainline,True,,158.0,20.0,,,,,,,,,,,,,,,,,,,,,,65033,0,d0edc00f047161f87ff5ac3d9db81a99f2aae764689ab2d74413d9cb5b45dfd5,validation_005,1,4,1980175946,9,,
13,2.6,B_rear,background_mainline,True,,60.389108459168156,17.023575462876362,,,,,,,,,,,,,,,,,,,,,,65033,0,d0edc00f047161f87ff5ac3d9db81a99f2aae764689ab2d74413d9cb5b45dfd5,validation_005,1,4,1980175946,9,,
14,2.8000000000000003,A,ramp,True,False,95.84000000000012,25.60000000000008,1,accelerate,2.0,2.0000000000000284,91.0400000000001,21.60000000000008,1,1,accelerate-accelerate,-0.04238058254122734,0.11015087366104126,-0.06468839943408966,1,0.11015087366104126,-0.04238058254122734,0.1525314562022686,0.17483927309513092,"[true, true, true]",False,False,False,65033,0,d0edc00f047161f87ff5ac3d9db81a99f2aae764689ab2d74413d9cb5b45dfd5,validation_005,1,4,1980175946,9,,
14,2.8000000000000003,B,mainline,True,False,91.0400000000001,21.60000000000008,1,accelerate,2.0,2.0000000000000284,95.84000000000012,25.60000000000008,1,1,accelerate-accelerate,-0.060964375734329224,0.039594151079654694,-0.19372734427452087,1,0.039594151079654694,-0.060964375734329224,0.10055852681398392,0.23332149535417557,"[true, true, true]",False,False,False,65033,0,d0edc00f047161f87ff5ac3d9db81a99f2aae764689ab2d74413d9cb5b45dfd5,validation_005,1,4,1980175946,9,,
14,2.8000000000000003,B_front,background_mainline,True,,162.0,20.0,,,,,,,,,,,,,,,,,,,,,,65033,0,d0edc00f047161f87ff5ac3d9db81a99f2aae764689ab2d74413d9cb5b45dfd5,validation_005,1,4,1980175946,9,,
14,2.8000000000000003,B_rear,background_mainline,True,,63.806946100034594,17.15496473255312,,,,,,,,,,,,,,,,,,,,,,65033,0,d0edc00f047161f87ff5ac3d9db81a99f2aae764689ab2d74413d9cb5b45dfd5,validation_005,1,4,1980175946,9,,
15,3.0,A,ramp,True,False,101.00000000000013,26.000000000000085,1,accelerate,2.0,2.0000000000000284,95.40000000000013,22.000000000000085,1,1,accelerate-accelerate,-0.043856918811798096,0.11487258225679398,-0.0655224621295929,1,0.11487258225679398,-0.043856918811798096,0.15872950106859207,0.18039504438638687,"[true, true, true]",False,False,False,65033,0,d0edc00f047161f87ff5ac3d9db81a99f2aae764689ab2d74413d9cb5b45dfd5,validation_005,1,4,1980175946,9,1.3341739149457368,
15,3.0,B,mainline,True,False,95.40000000000013,22.000000000000085,1,accelerate,2.0,2.0000000000000284,101.00000000000013,26.000000000000085,1,1,accelerate-accelerate,-0.062337394803762436,0.03739452362060547,-0.19130663573741913,1,0.03739452362060547,-0.062337394803762436,0.0997319184243679,0.2287011593580246,"[true, true, true]",False,False,False,65033,0,d0edc00f047161f87ff5ac3d9db81a99f2aae764689ab2d74413d9cb5b45dfd5,validation_005,1,4,1980175946,9,1.3341739149457368,
15,3.0,B_front,background_mainline,True,,166.0,20.0,,,,,,,,,,,,,,,,,,,,,,65033,0,d0edc00f047161f87ff5ac3d9db81a99f2aae764689ab2d74413d9cb5b45dfd5,validation_005,1,4,1980175946,9,,
15,3.0,B_rear,background_mainline,True,,67.25108809396221,17.286275304254556,,,,,,,,,,,,,,,,,,,,,,65033,0,d0edc00f047161f87ff5ac3d9db81a99f2aae764689ab2d74413d9cb5b45dfd5,validation_005,1,4,1980175946,9,,
16,3.2,A,ramp,True,False,106.24000000000015,26.40000000000009,1,accelerate,2.0,2.0000000000000284,99.84000000000016,22.40000000000009,1,1,accelerate-accelerate,-0.023287512362003326,0.13333408534526825,-0.03980948030948639,1,0.13333408534526825,-0.023287512362003326,0.15662159770727158,0.17314356565475464,"[true, true, true]",False,False,False,65033,0,d0edc00f047161f87ff5ac3d9db81a99f2aae764689ab2d74413d9cb5b45dfd5,validation_005,1,4,1980175946,9,2.0937561449612616,
16,3.2,B,mainline,True,False,99.84000000000016,22.40000000000009,1,accelerate,2.0,2.0000000000000284,106.24000000000015,26.40000000000009,1,1,accelerate-accelerate,-0.06939331442117691,0.05136403441429138,-0.16889744997024536,1,0.05136403441429138,-0.06939331442117691,0.12075734883546829,0.22026148438453674,"[true, true, true]",False,False,False,65033,0,d0edc00f047161f87ff5ac3d9db81a99f2aae764689ab2d74413d9cb5b45dfd5,validation_005,1,4,1980175946,9,2.0937561449612616,
16,3.2,B_front,background_mainline,True,,170.0,20.0,,,,,,,,,,,,,,,,,,,,,,65033,0,d0edc00f047161f87ff5ac3d9db81a99f2aae764689ab2d74413d9cb5b45dfd5,validation_005,1,4,1980175946,9,,
16,3.2,B_rear,background_mainline,True,,70.72130032253038,17.415215772804387,,,,,,,,,,,,,,,,,,,,,,65033,0,d0edc00f047161f87ff5ac3d9db81a99f2aae764689ab2d74413d9cb5b45dfd5,validation_005,1,4,1980175946,9,,
17,3.4000000000000004,A,ramp,True,False,111.56000000000017,26.800000000000097,1,accelerate,2.0,2.0000000000000284,104.36000000000017,22.800000000000097,1,1,accelerate-accelerate,-0.024092793464660645,0.1393006145954132,-0.03922412544488907,1,0.1393006145954132,-0.024092793464660645,0.16339340806007385,0.17852474004030228,"[true, true, true]",False,False,False,65033,0,d0edc00f047161f87ff5ac3d9db81a99f2aae764689ab2d74413d9cb5b45dfd5,validation_005,1,4,1980175946,9,2.855467555817114,
17,3.4000000000000004,B,mainline,True,False,104.36000000000017,22.800000000000097,1,accelerate,2.0,2.0000000000000284,111.56000000000017,26.800000000000097,1,1,accelerate-accelerate,-0.0706639513373375,0.04904985800385475,-0.16486437618732452,1,0.04904985800385475,-0.0706639513373375,0.11971380934119225,0.21391423419117928,"[true, true, true]",False,False,False,65033,0,d0edc00f047161f87ff5ac3d9db81a99f2aae764689ab2d74413d9cb5b45dfd5,validation_005,1,4,1980175946,9,2.855467555817114,
17,3.4000000000000004,B_front,background_mainline,True,,174.0,20.0,,,,,,,,,,,,,,,,,,,,,,65033,0,d0edc00f047161f87ff5ac3d9db81a99f2aae764689ab2d74413d9cb5b45dfd5,validation_005,1,4,1980175946,9,,
17,3.4000000000000004,B_rear,background_mainline,True,,74.2168430801404,17.53944960545924,,,,,,,,,,,,,,,,,,,,,,65033,0,d0edc00f047161f87ff5ac3d9db81a99f2aae764689ab2d74413d9cb5b45dfd5,validation_005,1,4,1980175946,9,,
18,3.6,A,ramp,True,False,116.96000000000019,27.200000000000102,1,accelerate,2.0,2.0000000000000284,108.96000000000018,23.200000000000102,1,1,accelerate-accelerate,-0.024969447404146194,0.14462679624557495,-0.03875833749771118,1,0.14462679624557495,-0.024969447404146194,0.16959624364972115,0.18338513374328613,"[true, true, true]",False,False,False,65033,0,d0edc00f047161f87ff5ac3d9db81a99f2aae764689ab2d74413d9cb5b45dfd5,validation_005,1,4,1980175946,9,3.627845262100678,
18,3.6,B,mainline,True,False,108.96000000000018,23.200000000000102,1,accelerate,2.0,2.0000000000000284,116.96000000000019,27.200000000000102,1,1,accelerate-accelerate,-0.07164277881383896,0.047265633940696716,-0.16081857681274414,1,0.047265633940696716,-0.07164277881383896,0.11890841275453568,0.20808421075344086,"[true, true, true]",False,False,False,65033,0,d0edc00f047161f87ff5ac3d9db81a99f2aae764689ab2d74413d9cb5b45dfd5,validation_005,1,4,1980175946,9,3.627845262100678,
18,3.6,B_front,background_mainline,True,,178.0,20.0,,,,,,,,,,,,,,,,,,,,,,65033,0,d0edc00f047161f87ff5ac3d9db81a99f2aae764689ab2d74413d9cb5b45dfd5,validation_005,1,4,1980175946,9,,
18,3.6,B_rear,background_mainline,True,,77.73674768124033,17.65884754100106,,,,,,,,,,,,,,,,,,,,,,65033,0,d0edc00f047161f87ff5ac3d9db81a99f2aae764689ab2d74413d9cb5b45dfd5,validation_005,1,4,1980175946,9,,
19,3.8000000000000003,A,ramp,True,False,122.44000000000023,27.600000000000108,1,accelerate,2.0,2.0000000000000284,113.6400000000002,23.600000000000108,1,1,accelerate-accelerate,-0.026009000837802887,0.1498171091079712,-0.03856167942285538,1,0.1498171091079712,-0.026009000837802887,0.17582610994577408,0.18837878853082657,"[true, true, true]",False,False,False,65033,0,d0edc00f047161f87ff5ac3d9db81a99f2aae764689ab2d74413d9cb5b45dfd5,validation_005,1,4,1980175946,9,4.414046424607207,
19,3.8000000000000003,B,mainline,True,False,113.6400000000002,23.600000000000108,1,accelerate,2.0,2.0000000000000284,122.44000000000023,27.600000000000108,1,1,accelerate-accelerate,-0.07251602411270142,0.04563005268573761,-0.15672093629837036,1,0.04563005268573761,-0.07251602411270142,0.11814607679843903,0.20235098898410797,"[true, true, true]",False,False,False,65033,0,d0edc00f047161f87ff5ac3d9db81a99f2aae764689ab2d74413d9cb5b45dfd5,validation_005,1,4,1980175946,9,4.414046424607207,
19,3.8000000000000003,B_front,background_mainline,True,,182.0,20.0,,,,,,,,,,,,,,,,,,,,,,65033,0,d0edc00f047161f87ff5ac3d9db81a99f2aae764689ab2d74413d9cb5b45dfd5,validation_005,1,4,1980175946,9,,
19,3.8000000000000003,B_rear,background_mainline,True,,81.28005573294233,17.773498574932667,,,,,,,,,,,,,,,,,,,,,,65033,0,d0edc00f047161f87ff5ac3d9db81a99f2aae764689ab2d74413d9cb5b45dfd5,validation_005,1,4,1980175946,9,,
20,4.0,A,ramp,True,False,128.00000000000026,28.000000000000114,1,accelerate,2.0,2.0000000000000284,118.40000000000022,24.000000000000114,1,1,accelerate-accelerate,-0.027218297123908997,0.15448245406150818,-0.038941390812397,1,0.15448245406150818,-0.027218297123908997,0.18170075118541718,0.19342384487390518,"[true, true, true]",False,False,False,65033,0,d0edc00f047161f87ff5ac3d9db81a99f2aae764689ab2d74413d9cb5b45dfd5,validation_005,1,4,1980175946,9,5.210323212667163,
20,4.0,B,mainline,True,False,118.40000000000022,24.000000000000114,1,accelerate,2.0,2.0000000000000284,128.00000000000026,28.000000000000114,1,1,accelerate-accelerate,-0.07333193719387054,0.04402289539575577,-0.15256091952323914,1,0.04402289539575577,-0.07333193719387054,0.11735483258962631,0.1965838149189949,"[true, true, true]",False,False,False,65033,0,d0edc00f047161f87ff5ac3d9db81a99f2aae764689ab2d74413d9cb5b45dfd5,validation_005,1,4,1980175946,9,5.210323212667163,
20,4.0,B_front,background_mainline,True,,186.0,20.0,,,,,,,,,,,,,,,,,,,,,,65033,0,d0edc00f047161f87ff5ac3d9db81a99f2aae764689ab2d74413d9cb5b45dfd5,validation_005,1,4,1980175946,9,,
20,4.0,B_rear,background_mainline,True,,84.84582734048132,17.883498582036047,,,,,,,,,,,,,,,,,,,,,,65033,0,d0edc00f047161f87ff5ac3d9db81a99f2aae764689ab2d74413d9cb5b45dfd5,validation_005,1,4,1980175946,9,,
21,4.2,A,ramp,True,False,133.64000000000027,28.40000000000012,1,accelerate,2.0,2.0000000000000284,123.24000000000024,24.40000000000012,1,1,accelerate-accelerate,-0.02848372608423233,0.15910357236862183,-0.0394258126616478,1,0.15910357236862183,-0.02848372608423233,0.18758729845285416,0.19852938503026962,"[true, true, true]",False,False,False,65033,0,d0edc00f047161f87ff5ac3d9db81a99f2aae764689ab2d74413d9cb5b45dfd5,validation_005,1,4,1980175946,9,6.01006877212933,
21,4.2,B,mainline,True,False,123.24000000000024,24.40000000000012,1,accelerate,2.0,2.0000000000000284,133.64000000000027,28.40000000000012,1,1,accelerate-accelerate,-0.07442334294319153,0.042712196707725525,-0.1479865312576294,1,0.042712196707725525,-0.07442334294319153,0.11713553965091705,0.19069872796535492,"[true, true, true]",False,False,False,65033,0,d0edc00f047161f87ff5ac3d9db81a99f2aae764689ab2d74413d9cb5b45dfd5,validation_005,1,4,1980175946,9,6.01006877212933,
21,4.2,B_front,background_mainline,True,,190.0,20.0,,,,,,,,,,,,,,,,,,,,,,65033,0,d0edc00f047161f87ff5ac3d9db81a99f2aae764689ab2d74413d9cb5b45dfd5,validation_005,1,4,1980175946,9,,
21,4.2,B_rear,background_mainline,True,,88.43314241149324,17.988949598289697,,,,,,,,,,,,,,,,,,,,,,65033,0,d0edc00f047161f87ff5ac3d9db81a99f2aae764689ab2d74413d9cb5b45dfd5,validation_005,1,4,1980175946,9,,
22,4.4,A,ramp,True,False,139.3600000000003,28.800000000000125,1,accelerate,2.0,2.0000000000000284,128.16000000000025,24.800000000000125,1,1,accelerate-accelerate,-0.030003532767295837,0.16405612230300903,-0.04001782834529877,1,0.16405612230300903,-0.030003532767295837,0.19405965507030487,0.2040739506483078,"[true, true, true]",False,False,False,65033,0,d0edc00f047161f87ff5ac3d9db81a99f2aae764689ab2d74413d9cb5b45dfd5,validation_005,1,4,1980175946,9,6.810068760523961,
22,4.4,B,mainline,True,False,128.16000000000025,24.800000000000125,1,accelerate,2.0,2.0000000000000284,139.3600000000003,28.800000000000125,1,1,accelerate-accelerate,-0.07582463324069977,0.04183114692568779,-0.14339615404605865,1,0.04183114692568779,-0.07582463324069977,0.11765578016638756,0.18522730097174644,"[true, true, true]",False,False,False,65033,0,d0edc00f047161f87ff5ac3d9db81a99f2aae764689ab2d74413d9cb5b45dfd5,validation_005,1,4,1980175946,9,6.810068760523961,
22,4.4,B_front,background_mainline,True,,194.0,20.0,,,,,,,,,,,,,,,,,,,,,,65033,0,d0edc00f047161f87ff5ac3d9db81a99f2aae764689ab2d74413d9cb5b45dfd5,validation_005,1,4,1980175946,9,,
22,4.4,B_rear,background_mainline,True,,92.04110181554303,18.089959092984433,,,,,,,,,,,,,,,,,,,,,,65033,0,d0edc00f047161f87ff5ac3d9db81a99f2aae764689ab2d74413d9cb5b45dfd5,validation_005,1,4,1980175946,9,,
23,4.6000000000000005,A,ramp,True,False,145.16000000000034,29.20000000000013,1,accelerate,2.0,2.0000000000000284,133.16000000000025,25.20000000000013,1,1,accelerate-accelerate,-0.03154128044843674,0.16904136538505554,-0.04063374549150467,1,0.16904136538505554,-0.03154128044843674,0.20058264583349228,0.2096751108765602,"[true, true, true]",False,False,False,65033,0,d0edc00f047161f87ff5ac3d9db81a99f2aae764689ab2d74413d9cb5b45dfd5,validation_005,1,4,1980175946,9,7.610068760523944,
23,4.6000000000000005,B,mainline,True,False,133.16000000000025,25.20000000000013,1,accelerate,2.0,2.0000000000000284,145.16000000000034,29.20000000000013,1,1,accelerate-accelerate,-0.07717618346214294,0.04124658182263374,-0.13928258419036865,1,0.04124658182263374,-0.07717618346214294,0.11842276528477669,0.1805291660130024,"[true, true, true]",False,False,False,65033,0,d0edc00f047161f87ff5ac3d9db81a99f2aae764689ab2d74413d9cb5b45dfd5,validation_005,1,4,1980175946,9,7.610068760523944,
23,4.6000000000000005,B_front,background_mainline,True,,198.0,20.0,,,,,,,,,,,,,,,,,,,,,,65033,0,d0edc00f047161f87ff5ac3d9db81a99f2aae764689ab2d74413d9cb5b45dfd5,validation_005,1,4,1980175946,9,,
23,4.6000000000000005,B_rear,background_mainline,True,,95.66882839789851,18.186639240479703,,,,,,,,,,,,,,,,,,,,,,65033,0,d0edc00f047161f87ff5ac3d9db81a99f2aae764689ab2d74413d9cb5b45dfd5,validation_005,1,4,1980175946,9,,
24,4.800000000000001,A,ramp,True,False,151.04000000000036,29.600000000000136,1,accelerate,2.0,1.9999999999971863,138.2400000000003,25.600000000000136,1,1,accelerate-accelerate,-0.03309027850627899,0.17408031225204468,-0.04126417636871338,1,0.17408031225204468,-0.03309027850627899,0.20717059075832367,0.21534448862075806,"[true, true, true]",False,False,False,65033,0,d0edc00f047161f87ff5ac3d9db81a99f2aae764689ab2d74413d9cb5b45dfd5,validation_005,1,4,1980175946,9,8.410068760523956,
24,4.800000000000001,B,mainline,True,False,138.2400000000003,25.600000000000136,1,accelerate,2.0,2.0000000000000284,151.04000000000036,29.600000000000136,1,1,accelerate-accelerate,-0.07818220555782318,0.041300877928733826,-0.1351553499698639,1,0.041300877928733826,-0.07818220555782318,0.119483083486557,0.17645622789859772,"[true, true, true]",False,False,False,65033,0,d0edc00f047161f87ff5ac3d9db81a99f2aae764689ab2d74413d9cb5b45dfd5,validation_005,1,4,1980175946,9,8.410068760523956,
24,4.800000000000001,B_front,background_mainline,True,,202.0,20.0,,,,,,,,,,,,,,,,,,,,,,65033,0,d0edc00f047161f87ff5ac3d9db81a99f2aae764689ab2d74413d9cb5b45dfd5,validation_005,1,4,1980175946,9,,
24,4.800000000000001,B_rear,background_mainline,True,,99.3154678483532,18.27910620021165,,,,,,,,,,,,,,,,,,,,,,65033,0,d0edc00f047161f87ff5ac3d9db81a99f2aae764689ab2d74413d9cb5b45dfd5,validation_005,1,4,1980175946,9,,
25,5.0,A,ramp,True,False,157.0000000000004,30.0,1,accelerate,2.0,0.0,143.40000000000032,26.000000000000142,1,1,accelerate-accelerate,-0.034255754202604294,0.1786590814590454,-0.041851677000522614,1,0.1786590814590454,-0.034255754202604294,0.2129148356616497,0.22051075845956802,"[true, true, true]",False,False,False,65033,0,d0edc00f047161f87ff5ac3d9db81a99f2aae764689ab2d74413d9cb5b45dfd5,validation_005,1,4,1980175946,9,9.170068760523947,
25,5.0,B,mainline,True,False,143.40000000000032,26.000000000000142,1,accelerate,2.0,2.0000000000000284,157.0000000000004,30.0,1,1,accelerate-accelerate,-0.07919004559516907,0.04138860106468201,-0.13094143569469452,1,0.04138860106468201,-0.07919004559516907,0.12057864665985107,0.17233003675937653,"[true, true, true]",False,False,False,65033,0,d0edc00f047161f87ff5ac3d9db81a99f2aae764689ab2d74413d9cb5b45dfd5,validation_005,1,4,1980175946,9,9.170068760523947,
25,5.0,B_front,background_mainline,True,,206.0,20.0,,,,,,,,,,,,,,,,,,,,,,65033,0,d0edc00f047161f87ff5ac3d9db81a99f2aae764689ab2d74413d9cb5b45dfd5,validation_005,1,4,1980175946,9,,
25,5.0,B_rear,background_mainline,True,,102.98018942753102,18.36747941262588,,,,,,,,,,,,,,,,,,,,,,65033,0,d0edc00f047161f87ff5ac3d9db81a99f2aae764689ab2d74413d9cb5b45dfd5,validation_005,1,4,1980175946,9,,
26,5.2,A,ramp,True,False,163.0000000000004,30.0,1,accelerate,2.0,0.0,148.64000000000033,26.400000000000148,1,1,accelerate-accelerate,-0.0344618484377861,0.1825321912765503,-0.04236724227666855,1,0.1825321912765503,-0.0344618484377861,0.2169940397143364,0.22489943355321884,"[true, true, true]",False,False,False,65033,0,d0edc00f047161f87ff5ac3d9db81a99f2aae764689ab2d74413d9cb5b45dfd5,validation_005,1,4,1980175946,9,9.850068760523897,
26,5.2,B,mainline,True,False,148.64000000000033,26.400000000000148,1,accelerate,2.0,2.0000000000000284,163.0000000000004,30.0,1,1,accelerate-accelerate,-0.08124160766601562,0.04076307639479637,-0.12497550994157791,1,0.04076307639479637,-0.08124160766601562,0.122004684060812,0.16573858633637428,"[true, true, true]",False,False,False,65033,0,d0edc00f047161f87ff5ac3d9db81a99f2aae764689ab2d74413d9cb5b45dfd5,validation_005,1,4,1980175946,9,9.850068760523897,
26,5.2,B_front,background_mainline,True,,210.0,20.0,,,,,,,,,,,,,,,,,,,,,,65033,0,d0edc00f047161f87ff5ac3d9db81a99f2aae764689ab2d74413d9cb5b45dfd5,validation_005,1,4,1980175946,9,,
26,5.2,B_rear,background_mainline,True,,106.66218655454105,18.45188091770634,,,,,,,,,,,,,,,,,,,,,,65033,0,d0edc00f047161f87ff5ac3d9db81a99f2aae764689ab2d74413d9cb5b45dfd5,validation_005,1,4,1980175946,9,,
27,5.4,A,ramp,True,False,169.0000000000004,30.0,1,accelerate,2.0,0.0,153.96000000000038,26.800000000000153,1,1,accelerate-accelerate,-0.03443671390414238,0.1858808994293213,-0.04334026575088501,1,0.1858808994293213,-0.03443671390414238,0.22031761333346367,0.2292211651802063,"[true, true, true]",False,False,False,65033,0,d0edc00f047161f87ff5ac3d9db81a99f2aae764689ab2d74413d9cb5b45dfd5,validation_005,1,4,1980175946,9,10.450068760523862,
27,5.4,B,mainline,True,False,153.96000000000038,26.800000000000153,1,accelerate,2.0,2.0000000000000284,169.0000000000004,30.0,1,1,accelerate-accelerate,-0.08437485992908478,0.039509229362010956,-0.11798946559429169,1,0.039509229362010956,-0.08437485992908478,0.12388408929109573,0.15749869495630264,"[true, true, true]",False,False,False,65033,0,d0edc00f047161f87ff5ac3d9db81a99f2aae764689ab2d74413d9cb5b45dfd5,validation_005,1,4,1980175946,9,10.450068760523862,
27,5.4,B_front,background_mainline,True,,214.0,20.0,,,,,,,,,,,,,,,,,,,,,,65033,0,d0edc00f047161f87ff5ac3d9db81a99f2aae764689ab2d74413d9cb5b45dfd5,validation_005,1,4,1980175946,9,,
27,5.4,B_rear,background_mainline,True,,110.36067726108176,18.532434701744865,,,,,,,,,,,,,,,,,,,,,,65033,0,d0edc00f047161f87ff5ac3d9db81a99f2aae764689ab2d74413d9cb5b45dfd5,validation_005,1,4,1980175946,9,,
28,5.6000000000000005,A,ramp,True,False,175.0000000000004,30.0,1,accelerate,2.0,0.0,159.3600000000004,27.20000000000016,1,1,accelerate-accelerate,-0.03428354486823082,0.18910667300224304,-0.0444018617272377,1,0.18910667300224304,-0.03428354486823082,0.22339021787047386,0.23350853472948074,"[true, true, true]",False,False,False,65033,0,d0edc00f047161f87ff5ac3d9db81a99f2aae764689ab2d74413d9cb5b45dfd5,validation_005,1,4,1980175946,9,10.970068760523844,
28,5.6000000000000005,B,mainline,True,False,159.3600000000004,27.20000000000016,1,accelerate,2.0,2.0000000000000284,175.0000000000004,30.0,1,1,accelerate-accelerate,-0.08776829391717911,0.036952368915081024,-0.11070463061332703,1,0.036952368915081024,-0.08776829391717911,0.12472066283226013,0.14765699952840805,"[true, true, true]",False,False,False,65033,0,d0edc00f047161f87ff5ac3d9db81a99f2aae764689ab2d74413d9cb5b45dfd5,validation_005,1,4,1980175946,9,10.970068760523844,
28,5.6000000000000005,B_front,background_mainline,True,,218.0,20.0,,,,,,,,,,,,,,,,,,,,,,65033,0,d0edc00f047161f87ff5ac3d9db81a99f2aae764689ab2d74413d9cb5b45dfd5,validation_005,1,4,1980175946,9,,
28,5.6000000000000005,B_rear,background_mainline,True,,114.07490451812139,18.609266076976155,,,,,,,,,,,,,,,,,,,,,,65033,0,d0edc00f047161f87ff5ac3d9db81a99f2aae764689ab2d74413d9cb5b45dfd5,validation_005,1,4,1980175946,9,,
29,5.800000000000001,A,ramp,True,False,181.0000000000004,30.0,1,accelerate,2.0,0.0,164.84000000000043,27.600000000000165,1,1,accelerate-accelerate,-0.03435057774186134,0.19198137521743774,-0.0453774556517601,1,0.19198137521743774,-0.03435057774186134,0.2263319529592991,0.23735883086919785,"[true, true, true]",False,False,False,65033,0,d0edc00f047161f87ff5ac3d9db81a99f2aae764689ab2d74413d9cb5b45dfd5,validation_005,1,4,1980175946,9,11.410068760523785,
29,5.800000000000001,B,mainline,True,False,164.84000000000043,27.600000000000165,1,accelerate,2.0,2.0000000000000284,181.0000000000004,30.0,1,1,accelerate-accelerate,-0.09102318435907364,0.034326206892728806,-0.10347937047481537,1,0.034326206892728806,-0.09102318435907364,0.12534939125180244,0.13780557736754417,"[true, true, true]",False,False,False,65033,0,d0edc00f047161f87ff5ac3d9db81a99f2aae764689ab2d74413d9cb5b45dfd5,validation_005,1,4,1980175946,9,11.410068760523785,
29,5.800000000000001,B_front,background_mainline,True,,222.0,20.0,,,,,,,,,,,,,,,,,,,,,,65033,0,d0edc00f047161f87ff5ac3d9db81a99f2aae764689ab2d74413d9cb5b45dfd5,validation_005,1,4,1980175946,9,,
29,5.800000000000001,B_rear,background_mainline,True,,117.8041364421063,18.68250109771693,,,,,,,,,,,,,,,,,,,,,,65033,0,d0edc00f047161f87ff5ac3d9db81a99f2aae764689ab2d74413d9cb5b45dfd5,validation_005,1,4,1980175946,9,,
30,6.0,A,ramp,True,False,187.0000000000004,30.0,1,accelerate,2.0,0.0,170.4000000000005,28.00000000000017,1,1,accelerate-accelerate,-0.032710377126932144,0.19412542879581451,-0.04328180104494095,1,0.19412542879581451,-0.032710377126932144,0.22683580592274666,0.23740722984075546,"[true, true, true]",False,False,False,65033,0,d0edc00f047161f87ff5ac3d9db81a99f2aae764689ab2d74413d9cb5b45dfd5,validation_005,1,4,1980175946,9,11.770068760523742,
30,6.0,B,mainline,True,False,170.4000000000005,28.00000000000017,1,accelerate,2.0,2.0000000000000284,187.0000000000004,30.0,1,1,accelerate-accelerate,-0.093284010887146,0.03325656056404114,-0.09747405350208282,1,0.03325656056404114,-0.093284010887146,0.12654057145118713,0.13073061406612396,"[true, true, true]",False,False,False,65033,0,d0edc00f047161f87ff5ac3d9db81a99f2aae764689ab2d74413d9cb5b45dfd5,validation_005,1,4,1980175946,9,11.770068760523742,
30,6.0,B_front,background_mainline,True,,226.0,20.0,,,,,,,,,,,,,,,,,,,,,,65033,0,d0edc00f047161f87ff5ac3d9db81a99f2aae764689ab2d74413d9cb5b45dfd5,validation_005,1,4,1980175946,9,,
30,6.0,B_rear,background_mainline,True,,121.54766638828298,18.75226601571573,,,,,,,,,,,,,,,,,,,,,,65033,0,d0edc00f047161f87ff5ac3d9db81a99f2aae764689ab2d74413d9cb5b45dfd5,validation_005,1,4,1980175946,9,,
31,6.2,A,ramp,True,False,193.0000000000004,30.0,1,accelerate,2.0,0.0,176.04000000000053,28.400000000000176,1,1,accelerate-accelerate,-0.03084232658147812,0.19579483568668365,-0.04128490388393402,1,0.19579483568668365,-0.03084232658147812,0.22663716226816177,0.23707973957061768,"[true, true, true]",False,False,False,65033,0,d0edc00f047161f87ff5ac3d9db81a99f2aae764689ab2d74413d9cb5b45dfd5,validation_005,1,4,1980175946,9,12.050068760523715,
31,6.2,B,mainline,True,False,176.04000000000053,28.400000000000176,1,accelerate,2.0,2.0000000000000284,193.0000000000004,30.0,1,1,accelerate-accelerate,-0.09558672457933426,0.03219582885503769,-0.09136535227298737,1,0.03219582885503769,-0.09136535227298737,0.12356118112802505,0.12778255343437195,"[true, true, true]",False,False,False,65033,0,d0edc00f047161f87ff5ac3d9db81a99f2aae764689ab2d74413d9cb5b45dfd5,validation_005,1,4,1980175946,9,12.050068760523715,
31,6.2,B_front,background_mainline,True,,230.0,20.0,,,,,,,,,,,,,,,,,,,,,,65033,0,d0edc00f047161f87ff5ac3d9db81a99f2aae764689ab2d74413d9cb5b45dfd5,validation_005,1,4,1980175946,9,,
31,6.2,B_rear,background_mainline,True,,125.30481293917283,18.818686776556984,,,,,,,,,,,,,,,,,,,,,,65033,0,d0edc00f047161f87ff5ac3d9db81a99f2aae764689ab2d74413d9cb5b45dfd5,validation_005,1,4,1980175946,9,,
32,6.4,A,ramp,True,False,199.0000000000004,30.0,1,accelerate,2.0,0.0,181.76000000000056,28.800000000000182,1,1,accelerate-accelerate,-0.029602747410535812,0.19642877578735352,-0.04048965126276016,1,0.19642877578735352,-0.029602747410535812,0.22603152319788933,0.23691842705011368,"[true, true, true]",False,False,False,65033,0,d0edc00f047161f87ff5ac3d9db81a99f2aae764689ab2d74413d9cb5b45dfd5,validation_005,1,4,1980175946,9,12.250068760523675,
32,6.4,B,mainline,True,False,181.76000000000056,28.800000000000182,1,accelerate,2.0,2.0000000000000284,199.0000000000004,30.0,1,1,accelerate-accelerate,-0.0980924516916275,0.03098854422569275,-0.08761583268642426,1,0.03098854422569275,-0.08761583268642426,0.118604376912117,0.12908099591732025,"[true, true, true]",False,False,False,65033,0,d0edc00f047161f87ff5ac3d9db81a99f2aae764689ab2d74413d9cb5b45dfd5,validation_005,1,4,1980175946,9,12.250068760523675,
32,6.4,B_front,background_mainline,True,,234.0,20.0,,,,,,,,,,,,,,,,,,,,,,65033,0,d0edc00f047161f87ff5ac3d9db81a99f2aae764689ab2d74413d9cb5b45dfd5,validation_005,1,4,1980175946,9,,
32,6.4,B_rear,background_mainline,True,,129.07491979652852,18.88188855817962,,,,,,,,,,,,,,,,,,,,,,65033,0,d0edc00f047161f87ff5ac3d9db81a99f2aae764689ab2d74413d9cb5b45dfd5,validation_005,1,4,1980175946,9,,
33,6.6000000000000005,A,ramp,True,False,205.0000000000004,30.0,1,accelerate,2.0,0.0,187.5600000000006,29.200000000000188,1,1,accelerate-accelerate,-0.02944016084074974,0.19743970036506653,-0.039691463112831116,1,0.19743970036506653,-0.02944016084074974,0.22687986120581627,0.23713116347789764,"[true, true, true]",False,False,False,65033,0,d0edc00f047161f87ff5ac3d9db81a99f2aae764689ab2d74413d9cb5b45dfd5,validation_005,1,4,1980175946,9,12.370068760523651,
33,6.6000000000000005,B,mainline,True,False,187.5600000000006,29.200000000000188,1,accelerate,2.0,2.0000000000000284,205.0000000000004,30.0,1,1,accelerate-accelerate,-0.09990077465772629,0.029411643743515015,-0.08481153100728989,1,0.029411643743515015,-0.08481153100728989,0.1142231747508049,0.1293124184012413,"[true, true, true]",False,False,False,65033,0,d0edc00f047161f87ff5ac3d9db81a99f2aae764689ab2d74413d9cb5b45dfd5,validation_005,1,4,1980175946,9,12.370068760523651,
33,6.6000000000000005,B_front,background_mainline,True,,238.0,20.0,,,,,,,,,,,,,,,,,,,,,,65033,0,d0edc00f047161f87ff5ac3d9db81a99f2aae764689ab2d74413d9cb5b45dfd5,validation_005,1,4,1980175946,9,,
33,6.6000000000000005,B_rear,background_mainline,True,,132.857355585241,18.9419953518728,,,,,,,,,,,,,,,,,,,,,,65033,0,d0edc00f047161f87ff5ac3d9db81a99f2aae764689ab2d74413d9cb5b45dfd5,validation_005,1,4,1980175946,9,,
34,6.800000000000001,A,ramp,True,False,211.0000000000004,30.0,1,accelerate,2.0,0.0,193.44000000000062,29.600000000000193,1,1,accelerate-accelerate,-0.02920275181531906,0.19716866314411163,-0.03839246183633804,1,0.19716866314411163,-0.02920275181531906,0.2263714149594307,0.23556112498044968,"[true, true, true]",False,False,False,65033,0,d0edc00f047161f87ff5ac3d9db81a99f2aae764689ab2d74413d9cb5b45dfd5,validation_005,1,4,1980175946,9,12.410068760523615,
34,6.800000000000001,B,mainline,True,False,193.44000000000062,29.600000000000193,1,accelerate,2.0,1.9999999999960494,211.0000000000004,30.0,1,1,accelerate-accelerate,-0.1017189472913742,0.028168678283691406,-0.08139082789421082,1,0.028168678283691406,-0.08139082789421082,0.10955950617790222,0.1298876255750656,"[true, true, true]",False,False,False,65033,0,d0edc00f047161f87ff5ac3d9db81a99f2aae764689ab2d74413d9cb5b45dfd5,validation_005,1,4,1980175946,9,12.410068760523615,
34,6.800000000000001,B_front,background_mainline,True,,242.0,20.0,,,,,,,,,,,,,,,,,,,,,,65033,0,d0edc00f047161f87ff5ac3d9db81a99f2aae764689ab2d74413d9cb5b45dfd5,validation_005,1,4,1980175946,9,,
34,6.800000000000001,B_rear,background_mainline,True,,136.6515135776771,18.999129585502153,,,,,,,,,,,,,,,,,,,,,,65033,0,d0edc00f047161f87ff5ac3d9db81a99f2aae764689ab2d74413d9cb5b45dfd5,validation_005,1,4,1980175946,9,,
35,7.0,A,ramp,True,False,217.0000000000004,30.0,1,accelerate,2.0,0.0,199.40000000000066,30.0,1,1,accelerate-accelerate,-0.028691351413726807,0.1964503675699234,-0.036953091621398926,1,0.1964503675699234,-0.028691351413726807,0.2251417189836502,0.23340345919132233,"[true, true, true]",False,False,False,65033,0,d0edc00f047161f87ff5ac3d9db81a99f2aae764689ab2d74413d9cb5b45dfd5,validation_005,1,4,1980175946,9,12.410068760523615,
35,7.0,B,mainline,True,False,199.40000000000066,30.0,1,accelerate,2.0,0.0,217.0000000000004,30.0,1,1,accelerate-accelerate,-0.10352155566215515,0.0271674245595932,-0.07760922610759735,1,0.0271674245595932,-0.07760922610759735,0.10477665066719055,0.13068898022174835,"[true, true, true]",False,False,False,65033,0,d0edc00f047161f87ff5ac3d9db81a99f2aae764689ab2d74413d9cb5b45dfd5,validation_005,1,4,1980175946,9,12.410068760523615,
35,7.0,B_front,background_mainline,True,,246.0,20.0,,,,,,,,,,,,,,,,,,,,,,65033,0,d0edc00f047161f87ff5ac3d9db81a99f2aae764689ab2d74413d9cb5b45dfd5,validation_005,1,4,1980175946,9,,
35,7.0,B_rear,background_mainline,True,,140.45681134207936,19.05341168737776,,,,,,,,,,,,,,,,,,,,,,65033,0,d0edc00f047161f87ff5ac3d9db81a99f2aae764689ab2d74413d9cb5b45dfd5,validation_005,1,4,1980175946,9,,
36,7.2,A,ramp,True,False,223.0000000000004,30.0,1,accelerate,2.0,0.0,205.40000000000066,30.0,1,1,accelerate-accelerate,-0.02833664044737816,0.1952330619096756,-0.03556368499994278,1,0.1952330619096756,-0.02833664044737816,0.22356970235705376,0.23079674690961838,"[true, true, true]",False,False,False,65033,0,d0edc00f047161f87ff5ac3d9db81a99f2aae764689ab2d74413d9cb5b45dfd5,validation_005,1,4,1980175946,9,12.410068760523615,
36,7.2,B,mainline,True,False,205.40000000000066,30.0,1,accelerate,2.0,0.0,223.0000000000004,30.0,1,1,accelerate-accelerate,-0.10425576567649841,0.02717776596546173,-0.07372897863388062,1,0.02717776596546173,-0.07372897863388062,0.10090674459934235,0.13143353164196014,"[true, true, true]",False,False,False,65033,0,d0edc00f047161f87ff5ac3d9db81a99f2aae764689ab2d74413d9cb5b45dfd5,validation_005,1,4,1980175946,9,12.410068760523615,
36,7.2,B_front,background_mainline,True,,250.0,20.0,,,,,,,,,,,,,,,,,,,,,,65033,0,d0edc00f047161f87ff5ac3d9db81a99f2aae764689ab2d74413d9cb5b45dfd5,validation_005,1,4,1980175946,9,,
36,7.2,B_rear,background_mainline,True,,144.2726902664068,19.10495938018207,,,,,,,,,,,,,,,,,,,,,,65033,0,d0edc00f047161f87ff5ac3d9db81a99f2aae764689ab2d74413d9cb5b45dfd5,validation_005,1,4,1980175946,9,,
37,7.4,A,ramp,True,False,229.0000000000004,30.0,1,accelerate,2.0,0.0,211.40000000000066,30.0,1,1,accelerate-accelerate,-0.02798694372177124,0.19401822984218597,-0.03417370468378067,1,0.19401822984218597,-0.02798694372177124,0.22200517356395721,0.22819193452596664,"[true, true, true]",False,False,False,65033,0,d0edc00f047161f87ff5ac3d9db81a99f2aae764689ab2d74413d9cb5b45dfd5,validation_005,1,4,1980175946,9,12.410068760523615,
37,7.4,B,mainline,True,False,211.40000000000066,30.0,1,accelerate,2.0,0.0,229.0000000000004,30.0,1,1,accelerate-accelerate,-0.10456060618162155,0.027399852871894836,-0.06968972086906433,1,0.027399852871894836,-0.06968972086906433,0.09708957374095917,0.1319604590535164,"[true, true, true]",False,False,False,65033,0,d0edc00f047161f87ff5ac3d9db81a99f2aae764689ab2d74413d9cb5b45dfd5,validation_005,1,4,1980175946,9,12.410068760523615,
37,7.4,B_front,background_mainline,True,,254.0,20.0,,,,,,,,,,,,,,,,,,,,,,65033,0,d0edc00f047161f87ff5ac3d9db81a99f2aae764689ab2d74413d9cb5b45dfd5,validation_005,1,4,1980175946,9,,
37,7.4,B_rear,background_mainline,True,,148.09861503683192,19.153887984483923,,,,,,,,,,,,,,,,,,,,,,65033,0,d0edc00f047161f87ff5ac3d9db81a99f2aae764689ab2d74413d9cb5b45dfd5,validation_005,1,4,1980175946,9,,
38,7.6000000000000005,A,ramp,True,False,235.0000000000004,30.0,1,accelerate,2.0,0.0,217.40000000000066,30.0,1,1,accelerate-accelerate,-0.027642130851745605,0.19280576705932617,-0.032783202826976776,1,0.19280576705932617,-0.027642130851745605,0.22044789791107178,0.22558896988630295,"[true, true, true]",False,False,False,65033,0,d0edc00f047161f87ff5ac3d9db81a99f2aae764689ab2d74413d9cb5b45dfd5,validation_005,1,4,1980175946,9,12.410068760523615,
38,7.6000000000000005,B,mainline,True,False,217.40000000000066,30.0,1,accelerate,2.0,0.0,235.0000000000004,30.0,1,1,accelerate-accelerate,-0.10469815880060196,0.027639664709568024,-0.06575950980186462,1,0.027639664709568024,-0.06575950980186462,0.09339917451143265,0.13233782351016998,"[true, true, true]",False,False,False,65033,0,d0edc00f047161f87ff5ac3d9db81a99f2aae764689ab2d74413d9cb5b45dfd5,validation_005,1,4,1980175946,9,12.410068760523615,
38,7.6000000000000005,B_front,background_mainline,True,,258.0,20.0,,,,,,,,,,,,,,,,,,,,,,65033,0,d0edc00f047161f87ff5ac3d9db81a99f2aae764689ab2d74413d9cb5b45dfd5,validation_005,1,4,1980175946,9,,
38,7.6000000000000005,B_rear,background_mainline,True,,151.93407316401752,19.200310382250755,,,,,,,,,,,,,,,,,,,,,,65033,0,d0edc00f047161f87ff5ac3d9db81a99f2aae764689ab2d74413d9cb5b45dfd5,validation_005,1,4,1980175946,9,,
39,7.800000000000001,A,ramp,True,False,241.0000000000004,30.0,1,accelerate,2.0,0.0,223.40000000000066,30.0,1,1,accelerate-accelerate,-0.027301952242851257,0.19159555435180664,-0.031392186880111694,1,0.19159555435180664,-0.027301952242851257,0.2188975065946579,0.22298774123191833,"[true, true, true]",False,False,False,65033,0,d0edc00f047161f87ff5ac3d9db81a99f2aae764689ab2d74413d9cb5b45dfd5,validation_005,1,4,1980175946,9,12.410068760523615,
39,7.800000000000001,B,mainline,True,False,223.40000000000066,30.0,1,accelerate,2.0,0.0,241.0000000000004,30.0,1,1,accelerate-accelerate,-0.10483334213495255,0.027882099151611328,-0.06182672083377838,1,0.027882099151611328,-0.06182672083377838,0.08970881998538971,0.13271544128656387,"[true, true, true]",False,False,False,65033,0,d0edc00f047161f87ff5ac3d9db81a99f2aae764689ab2d74413d9cb5b45dfd5,validation_005,1,4,1980175946,9,12.410068760523615,
39,7.800000000000001,B_front,background_mainline,True,,260.0,0.0,,,,,,,,,,,,,,,,,,,,,,65033,0,d0edc00f047161f87ff5ac3d9db81a99f2aae764689ab2d74413d9cb5b45dfd5,validation_005,1,4,1980175946,9,,
39,7.800000000000001,B_rear,background_mainline,True,,155.7785744700481,19.244336771195282,,,,,,,,,,,,,,,,,,,,,,65033,0,d0edc00f047161f87ff5ac3d9db81a99f2aae764689ab2d74413d9cb5b45dfd5,validation_005,1,4,1980175946,9,,
40,8.0,A,ramp,True,False,247.0000000000004,30.0,1,accelerate,2.0,0.0,229.40000000000066,30.0,1,1,accelerate-accelerate,-0.007251352071762085,0.15505018830299377,-0.037950798869132996,1,0.15505018830299377,-0.007251352071762085,0.16230154037475586,0.19300098717212677,"[true, true, true]",False,False,False,65033,0,d0edc00f047161f87ff5ac3d9db81a99f2aae764689ab2d74413d9cb5b45dfd5,validation_005,1,4,1980175946,9,12.410068760523615,
40,8.0,B,mainline,True,False,229.40000000000066,30.0,1,accelerate,2.0,0.0,247.0000000000004,30.0,1,1,accelerate-accelerate,-0.10373879224061966,0.04729027301073074,-0.03127867728471756,1,0.04729027301073074,-0.03127867728471756,0.0785689502954483,0.1510290652513504,"[true, true, true]",False,False,False,65033,0,d0edc00f047161f87ff5ac3d9db81a99f2aae764689ab2d74413d9cb5b45dfd5,validation_005,1,4,1980175946,9,12.410068760523615,
40,8.0,B_front,background_mainline,True,,260.0,0.0,,,,,,,,,,,,,,,,,,,,,,65033,0,d0edc00f047161f87ff5ac3d9db81a99f2aae764689ab2d74413d9cb5b45dfd5,validation_005,1,4,1980175946,9,,
40,8.0,B_rear,background_mainline,True,,159.63165053102503,19.286074466110474,,,,,,,,,,,,,,,,,,,,,,65033,0,d0edc00f047161f87ff5ac3d9db81a99f2aae764689ab2d74413d9cb5b45dfd5,validation_005,1,4,1980175946,9,,
41,8.200000000000001,A,ramp,True,False,253.0000000000004,30.0,1,accelerate,2.0,0.0,235.40000000000066,30.0,1,1,accelerate-accelerate,-0.00732971727848053,0.15435758233070374,-0.03684330731630325,1,0.15435758233070374,-0.00732971727848053,0.16168729960918427,0.191200889647007,"[true, true, true]",False,False,False,65033,0,d0edc00f047161f87ff5ac3d9db81a99f2aae764689ab2d74413d9cb5b45dfd5,validation_005,1,4,1980175946,9,12.410068760523586,
41,8.200000000000001,B,mainline,True,False,235.40000000000066,30.0,1,accelerate,2.0,0.0,253.0000000000004,30.0,1,1,accelerate-accelerate,-0.10380402207374573,0.04630984365940094,-0.028961017727851868,1,0.04630984365940094,-0.028961017727851868,0.07527086138725281,0.15011386573314667,"[true, true, true]",False,False,False,65033,0,d0edc00f047161f87ff5ac3d9db81a99f2aae764689ab2d74413d9cb5b45dfd5,validation_005,1,4,1980175946,9,12.410068760523586,
41,8.200000000000001,B_front,background_mainline,True,,260.0,0.0,,,,,,,,,,,,,,,,,,,,,,65033,0,d0edc00f047161f87ff5ac3d9db81a99f2aae764689ab2d74413d9cb5b45dfd5,validation_005,1,4,1980175946,9,,
41,8.200000000000001,B_rear,background_mainline,True,,163.49285408414227,19.325627741521977,,,,,,,,,,,,,,,,,,,,,,65033,0,d0edc00f047161f87ff5ac3d9db81a99f2aae764689ab2d74413d9cb5b45dfd5,validation_005,1,4,1980175946,9,,
42,8.4,A,ramp,True,False,259.0000000000004,30.0,1,accelerate,2.0,0.0,241.40000000000066,30.0,1,1,accelerate-accelerate,-0.006952002644538879,0.15259423851966858,-0.03521311283111572,1,0.15259423851966858,-0.006952002644538879,0.15954624116420746,0.1878073513507843,"[true, true, true]",False,False,False,65033,0,d0edc00f047161f87ff5ac3d9db81a99f2aae764689ab2d74413d9cb5b45dfd5,validation_005,1,4,1980175946,9,,
42,8.4,B,mainline,True,False,241.40000000000066,30.0,1,accelerate,2.0,0.0,259.0000000000004,30.0,1,1,accelerate-accelerate,-0.10386752337217331,0.045331329107284546,-0.026641808450222015,1,0.045331329107284546,-0.026641808450222015,0.07197313755750656,0.14919885247945786,"[true, true, true]",False,False,False,65033,0,d0edc00f047161f87ff5ac3d9db81a99f2aae764689ab2d74413d9cb5b45dfd5,validation_005,1,4,1980175946,9,,
42,8.4,B_front,background_mainline,True,,260.0,0.0,,,,,,,,,,,,,,,,,,,,,,65033,0,d0edc00f047161f87ff5ac3d9db81a99f2aae764689ab2d74413d9cb5b45dfd5,validation_005,1,4,1980175946,9,,
42,8.4,B_rear,background_mainline,True,,167.36175840700733,19.363097710774515,,,,,,,,,,,,,,,,,,,,,,65033,0,d0edc00f047161f87ff5ac3d9db81a99f2aae764689ab2d74413d9cb5b45dfd5,validation_005,1,4,1980175946,9,,
43,8.6,A,ramp,False,True,260.5000000000004,0.0,0,maintain,0.0,0.0,247.40000000000066,30.0,0,2,inactive-active,-0.040736015886068344,0.17494691908359528,-0.05039466172456741,1,0.17494691908359528,-0.040736015886068344,0.21568293496966362,0.2253415808081627,"[true, true, true]",False,False,False,65033,0,d0edc00f047161f87ff5ac3d9db81a99f2aae764689ab2d74413d9cb5b45dfd5,validation_005,1,4,1980175946,9,,
43,8.6,B,mainline,True,False,247.40000000000066,30.0,2,decelerate,2.0,-2.9999999999999716,260.5000000000004,0.0,0,2,inactive-active,-0.12679962813854218,-0.016065485775470734,0.00033770501613616943,2,0.00033770501613616943,-0.016065485775470734,0.016403190791606903,0.12713733315467834,"[true, true, true]",False,False,False,65033,0,d0edc00f047161f87ff5ac3d9db81a99f2aae764689ab2d74413d9cb5b45dfd5,validation_005,1,4,1980175946,9,,
43,8.6,B_front,background_mainline,True,,260.0,0.0,,,,,,,,,,,,,,,,,,,,,,65033,0,d0edc00f047161f87ff5ac3d9db81a99f2aae764689ab2d74413d9cb5b45dfd5,validation_005,1,4,1980175946,9,,
43,8.6,B_rear,background_mainline,True,,171.23795667276246,19.398582167026873,,,,,,,,,,,,,,,,,,,,,,65033,0,d0edc00f047161f87ff5ac3d9db81a99f2aae764689ab2d74413d9cb5b45dfd5,validation_005,1,4,1980175946,9,,
44,8.8,A,ramp,False,True,260.5000000000004,0.0,0,maintain,0.0,0.0,253.34000000000066,29.400000000000006,0,2,inactive-active,-0.03900115191936493,0.1744806468486786,-0.05111543834209442,1,0.1744806468486786,-0.03900115191936493,0.21348179876804352,0.225596085190773,"[true, true, true]",False,False,False,65033,0,d0edc00f047161f87ff5ac3d9db81a99f2aae764689ab2d74413d9cb5b45dfd5,validation_005,1,4,1980175946,9,,
44,8.8,B,mainline,True,False,253.34000000000066,29.400000000000006,2,decelerate,-3.0,-2.9999999999999716,260.5000000000004,0.0,0,2,inactive-active,-0.12790869176387787,-0.017465882003307343,-0.00017605721950531006,2,-0.00017605721950531006,-0.017465882003307343,0.017289824783802032,0.12773263454437256,"[true, true, true]",False,False,False,65033,0,d0edc00f047161f87ff5ac3d9db81a99f2aae764689ab2d74413d9cb5b45dfd5,validation_005,1,4,1980175946,9,,
44,8.8,B_front,background_mainline,True,,260.0,0.0,,,,,,,,,,,,,,,,,,,,,,65033,0,d0edc00f047161f87ff5ac3d9db81a99f2aae764689ab2d74413d9cb5b45dfd5,validation_005,1,4,1980175946,9,,
44,8.8,B_rear,background_mainline,True,,175.12106124647806,19.43217522158331,,,,,,,,,,,,,,,,,,,,,,65033,0,d0edc00f047161f87ff5ac3d9db81a99f2aae764689ab2d74413d9cb5b45dfd5,validation_005,1,4,1980175946,9,,
45,9.0,A,ramp,False,True,260.5000000000004,0.0,0,maintain,0.0,0.0,259.1600000000007,28.80000000000001,0,2,inactive-active,-0.0376022532582283,0.17351862788200378,-0.051620446145534515,1,0.17351862788200378,-0.0376022532582283,0.2111208811402321,0.2251390740275383,"[true, true, true]",False,True,False,65033,0,d0edc00f047161f87ff5ac3d9db81a99f2aae764689ab2d74413d9cb5b45dfd5,validation_005,1,4,1980175946,9,,
45,9.0,B,mainline,True,False,259.1600000000007,28.80000000000001,2,decelerate,-3.0,0.0,260.5000000000004,0.0,0,2,inactive-active,-0.12896758317947388,-0.018919356167316437,-0.0007448792457580566,2,-0.0007448792457580566,-0.018919356167316437,0.01817447692155838,0.12822270393371582,"[true, true, true]",False,True,False,65033,0,d0edc00f047161f87ff5ac3d9db81a99f2aae764689ab2d74413d9cb5b45dfd5,validation_005,1,4,1980175946,9,,
45,9.0,B_front,background_mainline,True,,260.0,0.0,,,,,,,,,,,,,,,,,,,,,,65033,0,d0edc00f047161f87ff5ac3d9db81a99f2aae764689ab2d74413d9cb5b45dfd5,validation_005,1,4,1980175946,9,,
45,9.0,B_rear,background_mainline,True,,179.01071350423456,19.464106467164996,,,,,,,,,,,,,,,,,,,,,,65033,0,d0edc00f047161f87ff5ac3d9db81a99f2aae764689ab2d74413d9cb5b45dfd5,validation_005,1,4,1980175946,9,,
0,0.0,A,mainline,True,False,38.4,16.0,1,accelerate,0.0,2.0000000000000284,33.199999999999996,18.0,1,1,accelerate-accelerate,-0.027432627975940704,-0.010005392134189606,-0.02401731163263321,1,-0.010005392134189606,-0.02401731163263321,0.014011919498443604,0.0174272358417511,"[true, true, true]",False,False,False,65033,0,d0edc00f047161f87ff5ac3d9db81a99f2aae764689ab2d74413d9cb5b45dfd5,validation_006,0,5,1691297750,10,,
0,0.0,B,ramp,True,False,33.199999999999996,18.0,1,accelerate,0.0,2.0000000000000284,38.4,16.0,1,1,accelerate-accelerate,-0.07977157831192017,0.06449167430400848,-0.21687468886375427,1,0.06449167430400848,-0.07977157831192017,0.14426325261592865,0.28136636316776276,"[true, true, true]",False,False,False,65033,0,d0edc00f047161f87ff5ac3d9db81a99f2aae764689ab2d74413d9cb5b45dfd5,validation_006,0,5,1691297750,10,,
0,0.0,B_front,background_mainline,True,,106.0,20.0,,,,,,,,,,,,,,,,,,,,,,65033,0,d0edc00f047161f87ff5ac3d9db81a99f2aae764689ab2d74413d9cb5b45dfd5,validation_006,0,5,1691297750,10,,
0,0.0,B_rear,background_mainline,True,,17.879999999999995,18.799999999999997,,,,,,,,,,,,,,,,,,,,,,65033,0,d0edc00f047161f87ff5ac3d9db81a99f2aae764689ab2d74413d9cb5b45dfd5,validation_006,0,5,1691297750,10,,
1,0.2,A,mainline,True,False,41.64,16.400000000000006,1,accelerate,2.0,2.0000000000000284,36.839999999999996,18.400000000000006,1,1,accelerate-accelerate,-0.028482846915721893,-0.005071744322776794,-0.021549783647060394,1,-0.005071744322776794,-0.021549783647060394,0.0164780393242836,0.0234111025929451,"[true, true, true]",False,False,False,65033,0,d0edc00f047161f87ff5ac3d9db81a99f2aae764689ab2d74413d9cb5b45dfd5,validation_006,0,5,1691297750,10,,
1,0.2,B,ramp,True,False,36.839999999999996,18.400000000000006,1,accelerate,2.0,2.0000000000000284,41.64,16.400000000000006,1,1,accelerate-accelerate,-0.08213381469249725,0.06407885998487473,-0.21696174144744873,1,0.06407885998487473,-0.08213381469249725,0.14621267467737198,0.28104060143232346,"[true, true, true]",False,False,False,65033,0,d0edc00f047161f87ff5ac3d9db81a99f2aae764689ab2d74413d9cb5b45dfd5,validation_006,0,5,1691297750,10,,
1,0.2,B_front,background_mainline,True,,110.0,20.0,,,,,,,,,,,,,,,,,,,,,,65033,0,d0edc00f047161f87ff5ac3d9db81a99f2aae764689ab2d74413d9cb5b45dfd5,validation_006,0,5,1691297750,10,,
1,0.2,B_rear,background_mainline,True,,21.52244354043992,17.669704777095415,,,,,,,,,,,,,,,,,,,,,,65033,0,d0edc00f047161f87ff5ac3d9db81a99f2aae764689ab2d74413d9cb5b45dfd5,validation_006,0,5,1691297750,10,,
2,0.4,A,mainline,True,False,44.96,16.80000000000001,1,accelerate,2.0,2.0000000000000284,40.559999999999995,18.80000000000001,1,1,accelerate-accelerate,-0.029584035277366638,-0.00042769312858581543,-0.01938355714082718,1,-0.00042769312858581543,-0.01938355714082718,0.018955864012241364,0.029156342148780823,"[true, true, true]",False,False,False,65033,0,d0edc00f047161f87ff5ac3d9db81a99f2aae764689ab2d74413d9cb5b45dfd5,validation_006,0,5,1691297750,10,,
2,0.4,B,ramp,True,False,40.559999999999995,18.80000000000001,1,accelerate,2.0,2.0000000000000284,44.96,16.80000000000001,1,1,accelerate-accelerate,-0.08410295844078064,0.06411948800086975,-0.2169794887304306,1,0.06411948800086975,-0.08410295844078064,0.1482224464416504,0.28109897673130035,"[true, true, true]",False,False,False,65033,0,d0edc00f047161f87ff5ac3d9db81a99f2aae764689ab2d74413d9cb5b45dfd5,validation_006,0,5,1691297750,10,,
2,0.4,B_front,background_mainline,True,,114.0,20.0,,,,,,,,,,,,,,,,,,,,,,65033,0,d0edc00f047161f87ff5ac3d9db81a99f2aae764689ab2d74413d9cb5b45dfd5,validation_006,0,5,1691297750,10,,
2,0.4,B_rear,background_mainline,True,,24.9817013939688,16.98390291489613,,,,,,,,,,,,,,,,,,,,,,65033,0,d0edc00f047161f87ff5ac3d9db81a99f2aae764689ab2d74413d9cb5b45dfd5,validation_006,0,5,1691297750,10,,
3,0.6000000000000001,A,mainline,True,False,48.36000000000001,17.200000000000017,1,accelerate,2.0,2.0000000000000284,44.36,19.200000000000017,1,1,accelerate-accelerate,-0.029876708984375,0.0037474557757377625,-0.017663031816482544,1,0.0037474557757377625,-0.017663031816482544,0.021410487592220306,0.03362416476011276,"[true, true, true]",False,False,False,65033,0,d0edc00f047161f87ff5ac3d9db81a99f2aae764689ab2d74413d9cb5b45dfd5,validation_006,0,5,1691297750,10,,
3,0.6000000000000001,B,ramp,True,False,44.36,19.200000000000017,1,accelerate,2.0,2.0000000000000284,48.36000000000001,17.200000000000017,1,1,accelerate-accelerate,-0.08564697206020355,0.0640958845615387,-0.21652647852897644,1,0.0640958845615387,-0.08564697206020355,0.14974285662174225,0.28062236309051514,"[true, true, true]",False,False,False,65033,0,d0edc00f047161f87ff5ac3d9db81a99f2aae764689ab2d74413d9cb5b45dfd5,validation_006,0,5,1691297750,10,,
3,0.6000000000000001,B_front,background_mainline,True,,118.0,20.0,,,,,,,,,,,,,,,,,,,,,,65033,0,d0edc00f047161f87ff5ac3d9db81a99f2aae764689ab2d74413d9cb5b45dfd5,validation_006,0,5,1691297750,10,,
3,0.6000000000000001,B_rear,background_mainline,True,,28.336046962193265,16.593760541743595,,,,,,,,,,,,,,,,,,,,,,65033,0,d0edc00f047161f87ff5ac3d9db81a99f2aae764689ab2d74413d9cb5b45dfd5,validation_006,0,5,1691297750,10,,
4,0.8,A,mainline,True,False,51.84000000000001,17.600000000000023,1,accelerate,2.0,2.0000000000000284,48.24,19.600000000000023,1,1,accelerate-accelerate,-0.029624953866004944,0.007628418505191803,-0.016237206757068634,1,0.007628418505191803,-0.016237206757068634,0.023865625262260437,0.03725337237119675,"[true, true, true]",False,False,False,65033,0,d0edc00f047161f87ff5ac3d9db81a99f2aae764689ab2d74413d9cb5b45dfd5,validation_006,0,5,1691297750,10,,
4,0.8,B,ramp,True,False,48.24,19.600000000000023,1,accelerate,2.0,2.0000000000000284,51.84000000000001,17.600000000000023,1,1,accelerate-accelerate,-0.0867062509059906,0.06372454017400742,-0.21572399139404297,1,0.06372454017400742,-0.0867062509059906,0.15043079107999802,0.2794485315680504,"[true, true, true]",False,False,False,65033,0,d0edc00f047161f87ff5ac3d9db81a99f2aae764689ab2d74413d9cb5b45dfd5,validation_006,0,5,1691297750,10,,
4,0.8,B_front,background_mainline,True,,122.0,20.0,,,,,,,,,,,,,,,,,,,,,,65033,0,d0edc00f047161f87ff5ac3d9db81a99f2aae764689ab2d74413d9cb5b45dfd5,validation_006,0,5,1691297750,10,,
4,0.8,B_rear,background_mainline,True,,31.63107637246718,16.37785549798686,,,,,,,,,,,,,,,,,,,,,,65033,0,d0edc00f047161f87ff5ac3d9db81a99f2aae764689ab2d74413d9cb5b45dfd5,validation_006,0,5,1691297750,10,,
5,1.0,A,mainline,True,False,55.40000000000001,18.00000000000003,1,accelerate,2.0,2.0000000000000284,52.20000000000001,20.00000000000003,1,1,accelerate-accelerate,-0.029042072594165802,0.011357985436916351,-0.01498839259147644,1,0.011357985436916351,-0.01498839259147644,0.026346378028392792,0.04040005803108215,"[true, true, true]",False,False,False,65033,0,d0edc00f047161f87ff5ac3d9db81a99f2aae764689ab2d74413d9cb5b45dfd5,validation_006,0,5,1691297750,10,,
5,1.0,B,ramp,True,False,52.20000000000001,20.00000000000003,1,accelerate,2.0,2.0000000000000284,55.40000000000001,18.00000000000003,1,1,accelerate-accelerate,-0.0875440239906311,0.06318087130784988,-0.21476247906684875,1,0.06318087130784988,-0.0875440239906311,0.150724895298481,0.27794335037469864,"[true, true, true]",False,False,False,65033,0,d0edc00f047161f87ff5ac3d9db81a99f2aae764689ab2d74413d9cb5b45dfd5,validation_006,0,5,1691297750,10,,
5,1.0,B_front,background_mainline,True,,126.0,20.0,,,,,,,,,,,,,,,,,,,,,,65033,0,d0edc00f047161f87ff5ac3d9db81a99f2aae764689ab2d74413d9cb5b45dfd5,validation_006,0,5,1691297750,10,,
5,1.0,B_rear,background_mainline,True,,34.89483863238944,16.27393685678799,,,,,,,,,,,,,,,,,,,,,,65033,0,d0edc00f047161f87ff5ac3d9db81a99f2aae764689ab2d74413d9cb5b45dfd5,validation_006,0,5,1691297750,10,,
6,1.2000000000000002,A,mainline,True,False,59.04000000000002,18.400000000000034,1,accelerate,2.0,2.0000000000000284,56.240000000000016,20.400000000000034,1,1,accelerate-accelerate,-0.02800622582435608,0.014767728745937347,-0.013748124241828918,1,0.014767728745937347,-0.013748124241828918,0.028515852987766266,0.042773954570293427,"[true, true, true]",False,False,False,65033,0,d0edc00f047161f87ff5ac3d9db81a99f2aae764689ab2d74413d9cb5b45dfd5,validation_006,0,5,1691297750,10,,
6,1.2000000000000002,B,ramp,True,False,56.240000000000016,20.400000000000034,1,accelerate,2.0,2.0000000000000284,59.04000000000002,18.400000000000034,1,1,accelerate-accelerate,-0.08826570212841034,0.06253782659769058,-0.21371206641197205,1,0.06253782659769058,-0.08826570212841034,0.15080352872610092,0.27624989300966263,"[true, true, true]",False,False,False,65033,0,d0edc00f047161f87ff5ac3d9db81a99f2aae764689ab2d74413d9cb5b45dfd5,validation_006,0,5,1691297750,10,,
6,1.2000000000000002,B_front,background_mainline,True,,130.0,20.0,,,,,,,,,,,,,,,,,,,,,,65033,0,d0edc00f047161f87ff5ac3d9db81a99f2aae764689ab2d74413d9cb5b45dfd5,validation_006,0,5,1691297750,10,,
6,1.2000000000000002,B_rear,background_mainline,True,,38.1458412766044,16.245887026076062,,,,,,,,,,,,,,,,,,,,,,65033,0,d0edc00f047161f87ff5ac3d9db81a99f2aae764689ab2d74413d9cb5b45dfd5,validation_006,0,5,1691297750,10,,
7,1.4000000000000001,A,mainline,True,False,62.760000000000026,18.80000000000004,1,accelerate,2.0,2.0000000000000284,60.36000000000002,20.80000000000004,1,1,accelerate-accelerate,-0.02656415104866028,0.01806127279996872,-0.011908620595932007,1,0.01806127279996872,-0.011908620595932007,0.029969893395900726,0.044625423848629,"[true, true, true]",False,False,False,65033,0,d0edc00f047161f87ff5ac3d9db81a99f2aae764689ab2d74413d9cb5b45dfd5,validation_006,0,5,1691297750,10,,
7,1.4000000000000001,B,ramp,True,False,60.36000000000002,20.80000000000004,1,accelerate,2.0,2.0000000000000284,62.760000000000026,18.80000000000004,1,1,accelerate-accelerate,-0.08758397400379181,0.06180252879858017,-0.2119525969028473,1,0.06180252879858017,-0.08758397400379181,0.14938650280237198,0.27375512570142746,"[true, true, true]",False,False,False,65033,0,d0edc00f047161f87ff5ac3d9db81a99f2aae764689ab2d74413d9cb5b45dfd5,validation_006,0,5,1691297750,10,,
7,1.4000000000000001,B_front,background_mainline,True,,134.0,20.0,,,,,,,,,,,,,,,,,,,,,,65033,0,d0edc00f047161f87ff5ac3d9db81a99f2aae764689ab2d74413d9cb5b45dfd5,validation_006,0,5,1691297750,10,,
7,1.4000000000000001,B_rear,background_mainline,True,,41.396826770072224,16.270899589228403,,,,,,,,,,,,,,,,,,,,,,65033,0,d0edc00f047161f87ff5ac3d9db81a99f2aae764689ab2d74413d9cb5b45dfd5,validation_006,0,5,1691297750,10,,
8,1.6,A,mainline,True,False,66.56000000000003,19.200000000000045,1,accelerate,2.0,2.0000000000000284,64.56000000000003,21.200000000000045,1,1,accelerate-accelerate,-0.025840453803539276,0.022632677108049393,-0.009379483759403229,1,0.022632677108049393,-0.009379483759403229,0.03201216086745262,0.04847313091158867,"[true, true, true]",False,False,False,65033,0,d0edc00f047161f87ff5ac3d9db81a99f2aae764689ab2d74413d9cb5b45dfd5,validation_006,0,5,1691297750,10,,
8,1.6,B,ramp,True,False,64.56000000000003,21.200000000000045,1,accelerate,2.0,2.0000000000000284,66.56000000000003,19.200000000000045,1,1,accelerate-accelerate,-0.08678574115037918,0.06038927286863327,-0.20927101373672485,1,0.06038927286863327,-0.08678574115037918,0.14717501401901245,0.2696602866053581,"[true, true, true]",False,False,False,65033,0,d0edc00f047161f87ff5ac3d9db81a99f2aae764689ab2d74413d9cb5b45dfd5,validation_006,0,5,1691297750,10,,
8,1.6,B_front,background_mainline,True,,138.0,20.0,,,,,,,,,,,,,,,,,,,,,,65033,0,d0edc00f047161f87ff5ac3d9db81a99f2aae764689ab2d74413d9cb5b45dfd5,validation_006,0,5,1691297750,10,,
8,1.6,B_rear,background_mainline,True,,44.656786625242404,16.33365013223749,,,,,,,,,,,,,,,,,,,,,,65033,0,d0edc00f047161f87ff5ac3d9db81a99f2aae764689ab2d74413d9cb5b45dfd5,validation_006,0,5,1691297750,10,,
9,1.8,A,mainline,True,False,70.44000000000004,19.60000000000005,1,accelerate,2.0,2.0000000000000284,68.84000000000003,21.60000000000005,1,1,accelerate-accelerate,-0.025308601558208466,0.027120567858219147,-0.006798550486564636,1,0.027120567858219147,-0.006798550486564636,0.03391911834478378,0.05242916941642761,"[true, true, true]",False,False,False,65033,0,d0edc00f047161f87ff5ac3d9db81a99f2aae764689ab2d74413d9cb5b45dfd5,validation_006,0,5,1691297750,10,,
9,1.8,B,ramp,True,False,68.84000000000003,21.60000000000005,1,accelerate,2.0,2.0000000000000284,70.44000000000004,19.60000000000005,1,1,accelerate-accelerate,-0.08654739707708359,0.058770980685949326,-0.20720955729484558,1,0.058770980685949326,-0.08654739707708359,0.1453183777630329,0.2659805379807949,"[true, true, true]",False,False,False,65033,0,d0edc00f047161f87ff5ac3d9db81a99f2aae764689ab2d74413d9cb5b45dfd5,validation_006,0,5,1691297750,10,,
9,1.8,B_front,background_mainline,True,,142.0,20.0,,,,,,,,,,,,,,,,,,,,,,65033,0,d0edc00f047161f87ff5ac3d9db81a99f2aae764689ab2d74413d9cb5b45dfd5,validation_006,0,5,1691297750,10,,
9,1.8,B_rear,background_mainline,True,,47.932132863328135,16.42333613030724,,,,,,,,,,,,,,,,,,,,,,65033,0,d0edc00f047161f87ff5ac3d9db81a99f2aae764689ab2d74413d9cb5b45dfd5,validation_006,0,5,1691297750,10,,
10,2.0,A,mainline,True,False,74.40000000000005,20.000000000000057,1,accelerate,2.0,2.0000000000000284,73.20000000000003,22.000000000000057,1,1,accelerate-accelerate,-0.025036245584487915,0.03212593123316765,-0.004295215010643005,1,0.03212593123316765,-0.004295215010643005,0.036421146243810654,0.05716217681765556,"[true, true, true]",False,False,False,65033,0,d0edc00f047161f87ff5ac3d9db81a99f2aae764689ab2d74413d9cb5b45dfd5,validation_006,0,5,1691297750,10,,
10,2.0,B,ramp,True,False,73.20000000000003,22.000000000000057,1,accelerate,2.0,2.0000000000000284,74.40000000000005,20.000000000000057,1,1,accelerate-accelerate,-0.08672695606946945,0.05686721205711365,-0.20519042015075684,1,0.05686721205711365,-0.08672695606946945,0.1435941681265831,0.2620576322078705,"[true, true, true]",False,False,False,65033,0,d0edc00f047161f87ff5ac3d9db81a99f2aae764689ab2d74413d9cb5b45dfd5,validation_006,0,5,1691297750,10,,
10,2.0,B_front,background_mainline,True,,146.0,20.0,,,,,,,,,,,,,,,,,,,,,,65033,0,d0edc00f047161f87ff5ac3d9db81a99f2aae764689ab2d74413d9cb5b45dfd5,validation_006,0,5,1691297750,10,,
10,2.0,B_rear,background_mainline,True,,51.22742504354376,16.532045308922942,,,,,,,,,,,,,,,,,,,,,,65033,0,d0edc00f047161f87ff5ac3d9db81a99f2aae764689ab2d74413d9cb5b45dfd5,validation_006,0,5,1691297750,10,,
11,2.2,A,mainline,True,False,78.44000000000005,20.400000000000063,1,accelerate,2.0,2.0000000000000284,77.64000000000004,22.400000000000063,1,1,accelerate-accelerate,-0.02457433193922043,0.037422217428684235,-0.0018639340996742249,1,0.037422217428684235,-0.0018639340996742249,0.03928615152835846,0.06199654936790466,"[true, true, true]",False,False,False,65033,0,d0edc00f047161f87ff5ac3d9db81a99f2aae764689ab2d74413d9cb5b45dfd5,validation_006,0,5,1691297750,10,,
11,2.2,B,ramp,True,False,77.64000000000004,22.400000000000063,1,accelerate,2.0,2.0000000000000284,78.44000000000005,20.400000000000063,1,1,accelerate-accelerate,-0.08709676563739777,0.054318662732839584,-0.20255506038665771,1,0.054318662732839584,-0.08709676563739777,0.14141542837023735,0.2568737231194973,"[true, true, true]",False,False,False,65033,0,d0edc00f047161f87ff5ac3d9db81a99f2aae764689ab2d74413d9cb5b45dfd5,validation_006,0,5,1691297750,10,,
11,2.2,B_front,background_mainline,True,,150.0,20.0,,,,,,,,,,,,,,,,,,,,,,65033,0,d0edc00f047161f87ff5ac3d9db81a99f2aae764689ab2d74413d9cb5b45dfd5,validation_006,0,5,1691297750,10,,
11,2.2,B_rear,background_mainline,True,,54.54584501863739,16.653797889681243,,,,,,,,,,,,,,,,,,,,,,65033,0,d0edc00f047161f87ff5ac3d9db81a99f2aae764689ab2d74413d9cb5b45dfd5,validation_006,0,5,1691297750,10,,
12,2.4000000000000004,A,mainline,True,False,82.56000000000007,20.800000000000068,1,accelerate,2.0,2.0000000000000284,82.16000000000005,22.800000000000068,1,1,accelerate-accelerate,-0.023991309106349945,0.042688749730587006,0.0005505532026290894,1,0.042688749730587006,0.0005505532026290894,0.042138196527957916,0.06668005883693695,"[true, true, true]",False,False,False,65033,0,d0edc00f047161f87ff5ac3d9db81a99f2aae764689ab2d74413d9cb5b45dfd5,validation_006,0,5,1691297750,10,,
12,2.4000000000000004,B,ramp,True,False,82.16000000000005,22.800000000000068,1,accelerate,2.0,2.0000000000000284,82.56000000000007,20.800000000000068,1,1,accelerate-accelerate,-0.0871041789650917,0.05106952041387558,-0.19998185336589813,1,0.05106952041387558,-0.0871041789650917,0.13817369937896729,0.2510513737797737,"[true, true, true]",False,False,False,65033,0,d0edc00f047161f87ff5ac3d9db81a99f2aae764689ab2d74413d9cb5b45dfd5,validation_006,0,5,1691297750,10,,
12,2.4000000000000004,B_front,background_mainline,True,,154.0,20.0,,,,,,,,,,,,,,,,,,,,,,65033,0,d0edc00f047161f87ff5ac3d9db81a99f2aae764689ab2d74413d9cb5b45dfd5,validation_006,0,5,1691297750,10,,
12,2.4000000000000004,B_rear,background_mainline,True,,57.88952013902734,16.783956071887,,,,,,,,,,,,,,,,,,,,,,65033,0,d0edc00f047161f87ff5ac3d9db81a99f2aae764689ab2d74413d9cb5b45dfd5,validation_006,0,5,1691297750,10,,
13,2.6,A,mainline,True,False,86.76000000000009,21.200000000000074,1,accelerate,2.0,2.0000000000000284,86.76000000000006,23.200000000000074,1,1,accelerate-accelerate,-0.022920511662960052,0.04736275225877762,0.0024764016270637512,1,0.04736275225877762,0.0024764016270637512,0.04488635063171387,0.07028326392173767,"[true, true, true]",False,False,False,65033,0,d0edc00f047161f87ff5ac3d9db81a99f2aae764689ab2d74413d9cb5b45dfd5,validation_006,0,5,1691297750,10,,
13,2.6,B,ramp,True,False,86.76000000000006,23.200000000000074,1,accelerate,2.0,2.0000000000000284,86.76000000000009,21.200000000000074,1,1,accelerate-accelerate,-0.08682580292224884,0.04767739772796631,-0.19736722111701965,1,0.04767739772796631,-0.08682580292224884,0.13450320065021515,0.24504461884498596,"[true, true, true]",False,False,False,65033,0,d0edc00f047161f87ff5ac3d9db81a99f2aae764689ab2d74413d9cb5b45dfd5,validation_006,0,5,1691297750,10,,
13,2.6,B_front,background_mainline,True,,158.0,20.0,,,,,,,,,,,,,,,,,,,,,,65033,0,d0edc00f047161f87ff5ac3d9db81a99f2aae764689ab2d74413d9cb5b45dfd5,validation_006,0,5,1691297750,10,,
13,2.6,B_rear,background_mainline,True,,61.25975128177445,16.91884557461851,,,,,,,,,,,,,,,,,,,,,,65033,0,d0edc00f047161f87ff5ac3d9db81a99f2aae764689ab2d74413d9cb5b45dfd5,validation_006,0,5,1691297750,10,,
14,2.8000000000000003,A,mainline,True,False,91.0400000000001,21.60000000000008,1,accelerate,2.0,2.0000000000000284,91.44000000000008,23.60000000000008,1,1,accelerate-accelerate,-0.021792754530906677,0.0520307719707489,0.004372715950012207,1,0.0520307719707489,0.004372715950012207,0.047658056020736694,0.07382352650165558,"[true, true, true]",False,False,False,65033,0,d0edc00f047161f87ff5ac3d9db81a99f2aae764689ab2d74413d9cb5b45dfd5,validation_006,0,5,1691297750,10,,
14,2.8000000000000003,B,ramp,True,False,91.44000000000008,23.60000000000008,1,accelerate,2.0,2.0000000000000284,91.0400000000001,21.60000000000008,1,1,accelerate-accelerate,-0.08643563091754913,0.04424101486802101,-0.1947149634361267,1,0.04424101486802101,-0.08643563091754913,0.13067664578557014,0.23895597830414772,"[true, true, true]",False,False,False,65033,0,d0edc00f047161f87ff5ac3d9db81a99f2aae764689ab2d74413d9cb5b45dfd5,validation_006,0,5,1691297750,10,,
14,2.8000000000000003,B_front,background_mainline,True,,162.0,20.0,,,,,,,,,,,,,,,,,,,,,,65033,0,d0edc00f047161f87ff5ac3d9db81a99f2aae764689ab2d74413d9cb5b45dfd5,validation_006,0,5,1691297750,10,,
14,2.8000000000000003,B_rear,background_mainline,True,,64.65717898935686,17.055505612306277,,,,,,,,,,,,,,,,,,,,,,65033,0,d0edc00f047161f87ff5ac3d9db81a99f2aae764689ab2d74413d9cb5b45dfd5,validation_006,0,5,1691297750,10,,
15,3.0,A,mainline,True,False,95.40000000000013,22.000000000000085,1,accelerate,2.0,2.0000000000000284,96.2000000000001,24.000000000000085,1,1,accelerate-accelerate,-0.020749308168888092,0.05665038526058197,0.0062289610505104065,1,0.05665038526058197,0.0062289610505104065,0.050421424210071564,0.07739969342947006,"[true, true, true]",False,False,False,65033,0,d0edc00f047161f87ff5ac3d9db81a99f2aae764689ab2d74413d9cb5b45dfd5,validation_006,0,5,1691297750,10,,
15,3.0,B,ramp,True,False,96.2000000000001,24.000000000000085,1,accelerate,2.0,2.0000000000000284,95.40000000000013,22.000000000000085,1,1,accelerate-accelerate,-0.0860181599855423,0.0407840833067894,-0.19206932187080383,1,0.0407840833067894,-0.0860181599855423,0.1268022432923317,0.23285340517759323,"[true, true, true]",False,False,False,65033,0,d0edc00f047161f87ff5ac3d9db81a99f2aae764689ab2d74413d9cb5b45dfd5,validation_006,0,5,1691297750,10,,
15,3.0,B_front,background_mainline,True,,166.0,20.0,,,,,,,,,,,,,,,,,,,,,,65033,0,d0edc00f047161f87ff5ac3d9db81a99f2aae764689ab2d74413d9cb5b45dfd5,validation_006,0,5,1691297750,10,,
15,3.0,B_rear,background_mainline,True,,68.08190825478044,17.191519792081806,,,,,,,,,,,,,,,,,,,,,,65033,0,d0edc00f047161f87ff5ac3d9db81a99f2aae764689ab2d74413d9cb5b45dfd5,validation_006,0,5,1691297750,10,,
16,3.2,A,mainline,True,False,99.84000000000016,22.40000000000009,1,accelerate,2.0,2.0000000000000284,101.04000000000012,24.40000000000009,1,1,accelerate-accelerate,-0.02091418206691742,0.06037668138742447,0.007600635290145874,1,0.06037668138742447,0.007600635290145874,0.052776046097278595,0.08129086345434189,"[true, true, true]",False,False,False,65033,0,d0edc00f047161f87ff5ac3d9db81a99f2aae764689ab2d74413d9cb5b45dfd5,validation_006,0,5,1691297750,10,,
16,3.2,B,ramp,True,False,101.04000000000012,24.40000000000009,1,accelerate,2.0,2.0000000000000284,99.84000000000016,22.40000000000009,1,1,accelerate-accelerate,-0.08597216010093689,0.03748289868235588,-0.18911346793174744,1,0.03748289868235588,-0.08597216010093689,0.12345505878329277,0.22659636661410332,"[true, true, true]",False,False,False,65033,0,d0edc00f047161f87ff5ac3d9db81a99f2aae764689ab2d74413d9cb5b45dfd5,validation_006,0,5,1691297750,10,,
16,3.2,B_front,background_mainline,True,,170.0,20.0,,,,,,,,,,,,,,,,,,,,,,65033,0,d0edc00f047161f87ff5ac3d9db81a99f2aae764689ab2d74413d9cb5b45dfd5,validation_006,0,5,1691297750,10,,
16,3.2,B_rear,background_mainline,True,,71.53355720577372,17.32418899833565,,,,,,,,,,,,,,,,,,,,,,65033,0,d0edc00f047161f87ff5ac3d9db81a99f2aae764689ab2d74413d9cb5b45dfd5,validation_006,0,5,1691297750,10,,
17,3.4000000000000004,A,mainline,True,False,104.36000000000017,22.800000000000097,1,accelerate,2.0,2.0000000000000284,105.96000000000015,24.800000000000097,1,1,accelerate-accelerate,-0.021081797778606415,0.06413374096155167,0.008975252509117126,1,0.06413374096155167,0.008975252509117126,0.05515848845243454,0.08521553874015808,"[true, true, true]",True,True,False,65033,0,d0edc00f047161f87ff5ac3d9db81a99f2aae764689ab2d74413d9cb5b45dfd5,validation_006,0,5,1691297750,10,-3.1919356250257778,0.0
17,3.4000000000000004,B,ramp,True,False,105.96000000000015,24.800000000000097,1,accelerate,2.0,2.0000000000000284,104.36000000000017,22.800000000000097,1,1,accelerate-accelerate,-0.08610762655735016,0.03476828336715698,-0.1857144683599472,1,0.03476828336715698,-0.08610762655735016,0.12087590992450714,0.2204827517271042,"[true, true, true]",True,True,False,65033,0,d0edc00f047161f87ff5ac3d9db81a99f2aae764689ab2d74413d9cb5b45dfd5,validation_006,0,5,1691297750,10,-3.1919356250257778,0.0
17,3.4000000000000004,B_front,background_mainline,True,,173.0,20.0,,,,,,,,,,,,,,,,,,,,,,65033,0,d0edc00f047161f87ff5ac3d9db81a99f2aae764689ab2d74413d9cb5b45dfd5,validation_006,0,5,1691297750,10,,
17,3.4000000000000004,B_rear,background_mainline,True,,74.13943451436906,17.420430422694476,,,,,,,,,,,,,,,,,,,,,,65033,0,d0edc00f047161f87ff5ac3d9db81a99f2aae764689ab2d74413d9cb5b45dfd5,validation_006,0,5,1691297750,10,,
0,0.0,A,ramp,True,False,33.199999999999996,18.0,1,accelerate,0.0,2.0000000000000284,38.4,16.0,1,1,accelerate-accelerate,-0.04580572247505188,0.04761643335223198,-0.06419768929481506,1,0.04761643335223198,-0.04580572247505188,0.09342215582728386,0.11181412264704704,"[true, true, true]",False,False,False,65033,0,d0edc00f047161f87ff5ac3d9db81a99f2aae764689ab2d74413d9cb5b45dfd5,validation_006,1,5,1691297750,11,,
0,0.0,B,mainline,True,False,38.4,16.0,1,accelerate,0.0,2.0000000000000284,33.199999999999996,18.0,1,1,accelerate-accelerate,-0.05740227550268173,0.061905331909656525,-0.19000102579593658,1,0.061905331909656525,-0.05740227550268173,0.11930760741233826,0.2519063577055931,"[true, true, true]",False,False,False,65033,0,d0edc00f047161f87ff5ac3d9db81a99f2aae764689ab2d74413d9cb5b45dfd5,validation_006,1,5,1691297750,11,,
0,0.0,B_front,background_mainline,True,,106.0,20.0,,,,,,,,,,,,,,,,,,,,,,65033,0,d0edc00f047161f87ff5ac3d9db81a99f2aae764689ab2d74413d9cb5b45dfd5,validation_006,1,5,1691297750,11,,
0,0.0,B_rear,background_mainline,True,,17.879999999999995,18.799999999999997,,,,,,,,,,,,,,,,,,,,,,65033,0,d0edc00f047161f87ff5ac3d9db81a99f2aae764689ab2d74413d9cb5b45dfd5,validation_006,1,5,1691297750,11,,
1,0.2,A,ramp,True,False,36.839999999999996,18.400000000000006,1,accelerate,2.0,2.0000000000000284,41.64,16.400000000000006,1,1,accelerate-accelerate,-0.04569290578365326,0.05050664395093918,-0.06232786178588867,1,0.05050664395093918,-0.04569290578365326,0.09619954973459244,0.11283450573682785,"[true, true, true]",False,False,False,65033,0,d0edc00f047161f87ff5ac3d9db81a99f2aae764689ab2d74413d9cb5b45dfd5,validation_006,1,5,1691297750,11,,
1,0.2,B,mainline,True,False,41.64,16.400000000000006,1,accelerate,2.0,2.0000000000000284,36.839999999999996,18.400000000000006,1,1,accelerate-accelerate,-0.05859481543302536,0.06072278320789337,-0.19061341881752014,1,0.06072278320789337,-0.05859481543302536,0.11931759864091873,0.2513362020254135,"[true, true, true]",False,False,False,65033,0,d0edc00f047161f87ff5ac3d9db81a99f2aae764689ab2d74413d9cb5b45dfd5,validation_006,1,5,1691297750,11,,
1,0.2,B_front,background_mainline,True,,110.0,20.0,,,,,,,,,,,,,,,,,,,,,,65033,0,d0edc00f047161f87ff5ac3d9db81a99f2aae764689ab2d74413d9cb5b45dfd5,validation_006,1,5,1691297750,11,,
1,0.2,B_rear,background_mainline,True,,21.52244354043992,17.669704777095415,,,,,,,,,,,,,,,,,,,,,,65033,0,d0edc00f047161f87ff5ac3d9db81a99f2aae764689ab2d74413d9cb5b45dfd5,validation_006,1,5,1691297750,11,,
2,0.4,A,ramp,True,False,40.559999999999995,18.80000000000001,1,accelerate,2.0,2.0000000000000284,44.96,16.80000000000001,1,1,accelerate-accelerate,-0.04546072334051132,0.05341287702322006,-0.060610730201005936,1,0.05341287702322006,-0.04546072334051132,0.09887360036373138,0.114023607224226,"[true, true, true]",False,False,False,65033,0,d0edc00f047161f87ff5ac3d9db81a99f2aae764689ab2d74413d9cb5b45dfd5,validation_006,1,5,1691297750,11,,
2,0.4,B,mainline,True,False,44.96,16.80000000000001,1,accelerate,2.0,2.0000000000000284,40.559999999999995,18.80000000000001,1,1,accelerate-accelerate,-0.060276784002780914,0.05900506675243378,-0.19201654195785522,1,0.05900506675243378,-0.060276784002780914,0.11928185075521469,0.251021608710289,"[true, true, true]",False,False,False,65033,0,d0edc00f047161f87ff5ac3d9db81a99f2aae764689ab2d74413d9cb5b45dfd5,validation_006,1,5,1691297750,11,,
2,0.4,B_front,background_mainline,True,,114.0,20.0,,,,,,,,,,,,,,,,,,,,,,65033,0,d0edc00f047161f87ff5ac3d9db81a99f2aae764689ab2d74413d9cb5b45dfd5,validation_006,1,5,1691297750,11,,
2,0.4,B_rear,background_mainline,True,,24.9817013939688,16.98390291489613,,,,,,,,,,,,,,,,,,,,,,65033,0,d0edc00f047161f87ff5ac3d9db81a99f2aae764689ab2d74413d9cb5b45dfd5,validation_006,1,5,1691297750,11,,
3,0.6000000000000001,A,ramp,True,False,44.36,19.200000000000017,1,accelerate,2.0,2.0000000000000284,48.36000000000001,17.200000000000017,1,1,accelerate-accelerate,-0.0448688268661499,0.056604377925395966,-0.05960004776716232,1,0.056604377925395966,-0.0448688268661499,0.10147320479154587,0.11620442569255829,"[true, true, true]",False,False,False,65033,0,d0edc00f047161f87ff5ac3d9db81a99f2aae764689ab2d74413d9cb5b45dfd5,validation_006,1,5,1691297750,11,,
3,0.6000000000000001,B,mainline,True,False,48.36000000000001,17.200000000000017,1,accelerate,2.0,2.0000000000000284,44.36,19.200000000000017,1,1,accelerate-accelerate,-0.06159046292304993,0.057580217719078064,-0.19323554635047913,1,0.057580217719078064,-0.06159046292304993,0.11917068064212799,0.2508157640695572,"[true, true, true]",False,False,False,65033,0,d0edc00f047161f87ff5ac3d9db81a99f2aae764689ab2d74413d9cb5b45dfd5,validation_006,1,5,1691297750,11,,
3,0.6000000000000001,B_front,background_mainline,True,,118.0,20.0,,,,,,,,,,,,,,,,,,,,,,65033,0,d0edc00f047161f87ff5ac3d9db81a99f2aae764689ab2d74413d9cb5b45dfd5,validation_006,1,5,1691297750,11,,
3,0.6000000000000001,B_rear,background_mainline,True,,28.336046962193265,16.593760541743595,,,,,,,,,,,,,,,,,,,,,,65033,0,d0edc00f047161f87ff5ac3d9db81a99f2aae764689ab2d74413d9cb5b45dfd5,validation_006,1,5,1691297750,11,,
4,0.8,A,ramp,True,False,48.24,19.600000000000023,1,accelerate,2.0,2.0000000000000284,51.84000000000001,17.600000000000023,1,1,accelerate-accelerate,-0.04415138065814972,0.05987973511219025,-0.0594078004360199,1,0.05987973511219025,-0.04415138065814972,0.10403111577033997,0.11928753554821014,"[true, true, true]",False,False,False,65033,0,d0edc00f047161f87ff5ac3d9db81a99f2aae764689ab2d74413d9cb5b45dfd5,validation_006,1,5,1691297750,11,,
4,0.8,B,mainline,True,False,51.84000000000001,17.600000000000023,1,accelerate,2.0,2.0000000000000284,48.24,19.600000000000023,1,1,accelerate-accelerate,-0.0625934973359108,0.05642666667699814,-0.1943623274564743,1,0.05642666667699814,-0.0625934973359108,0.11902016401290894,0.25078899413347244,"[true, true, true]",False,False,False,65033,0,d0edc00f047161f87ff5ac3d9db81a99f2aae764689ab2d74413d9cb5b45dfd5,validation_006,1,5,1691297750,11,,
4,0.8,B_front,background_mainline,True,,122.0,20.0,,,,,,,,,,,,,,,,,,,,,,65033,0,d0edc00f047161f87ff5ac3d9db81a99f2aae764689ab2d74413d9cb5b45dfd5,validation_006,1,5,1691297750,11,,
4,0.8,B_rear,background_mainline,True,,31.63107637246718,16.37785549798686,,,,,,,,,,,,,,,,,,,,,,65033,0,d0edc00f047161f87ff5ac3d9db81a99f2aae764689ab2d74413d9cb5b45dfd5,validation_006,1,5,1691297750,11,,
5,1.0,A,ramp,True,False,52.20000000000001,20.00000000000003,1,accelerate,2.0,2.0000000000000284,55.40000000000001,18.00000000000003,1,1,accelerate-accelerate,-0.0432911142706871,0.06329345703125,-0.05951067805290222,1,0.06329345703125,-0.0432911142706871,0.1065845713019371,0.12280413508415222,"[true, true, true]",False,False,False,65033,0,d0edc00f047161f87ff5ac3d9db81a99f2aae764689ab2d74413d9cb5b45dfd5,validation_006,1,5,1691297750,11,,
5,1.0,B,mainline,True,False,55.40000000000001,18.00000000000003,1,accelerate,2.0,2.0000000000000284,52.20000000000001,20.00000000000003,1,1,accelerate-accelerate,-0.06355086714029312,0.05532926693558693,-0.19537688791751862,1,0.05532926693558693,-0.06355086714029312,0.11888013407588005,0.25070615485310555,"[true, true, true]",False,False,False,65033,0,d0edc00f047161f87ff5ac3d9db81a99f2aae764689ab2d74413d9cb5b45dfd5,validation_006,1,5,1691297750,11,,
5,1.0,B_front,background_mainline,True,,126.0,20.0,,,,,,,,,,,,,,,,,,,,,,65033,0,d0edc00f047161f87ff5ac3d9db81a99f2aae764689ab2d74413d9cb5b45dfd5,validation_006,1,5,1691297750,11,,
5,1.0,B_rear,background_mainline,True,,34.89483863238944,16.27393685678799,,,,,,,,,,,,,,,,,,,,,,65033,0,d0edc00f047161f87ff5ac3d9db81a99f2aae764689ab2d74413d9cb5b45dfd5,validation_006,1,5,1691297750,11,,
6,1.2000000000000002,A,ramp,True,False,56.240000000000016,20.400000000000034,1,accelerate,2.0,2.0000000000000284,59.04000000000002,18.400000000000034,1,1,accelerate-accelerate,-0.04234776645898819,0.06683573871850967,-0.059854939579963684,1,0.06683573871850967,-0.04234776645898819,0.10918350517749786,0.12669067829847336,"[true, true, true]",False,False,False,65033,0,d0edc00f047161f87ff5ac3d9db81a99f2aae764689ab2d74413d9cb5b45dfd5,validation_006,1,5,1691297750,11,,
6,1.2000000000000002,B,mainline,True,False,59.04000000000002,18.400000000000034,1,accelerate,2.0,2.0000000000000284,56.240000000000016,20.400000000000034,1,1,accelerate-accelerate,-0.06448742747306824,0.0542798787355423,-0.19631725549697876,1,0.0542798787355423,-0.06448742747306824,0.11876730620861053,0.25059713423252106,"[true, true, true]",False,False,False,65033,0,d0edc00f047161f87ff5ac3d9db81a99f2aae764689ab2d74413d9cb5b45dfd5,validation_006,1,5,1691297750,11,,
6,1.2000000000000002,B_front,background_mainline,True,,130.0,20.0,,,,,,,,,,,,,,,,,,,,,,65033,0,d0edc00f047161f87ff5ac3d9db81a99f2aae764689ab2d74413d9cb5b45dfd5,validation_006,1,5,1691297750,11,,
6,1.2000000000000002,B_rear,background_mainline,True,,38.1458412766044,16.245887026076062,,,,,,,,,,,,,,,,,,,,,,65033,0,d0edc00f047161f87ff5ac3d9db81a99f2aae764689ab2d74413d9cb5b45dfd5,validation_006,1,5,1691297750,11,,
7,1.4000000000000001,A,ramp,True,False,60.36000000000002,20.80000000000004,1,accelerate,2.0,2.0000000000000284,62.760000000000026,18.80000000000004,1,1,accelerate-accelerate,-0.04189576953649521,0.07121933251619339,-0.06019899994134903,1,0.07121933251619339,-0.04189576953649521,0.1131151020526886,0.13141833245754242,"[true, true, true]",False,False,False,65033,0,d0edc00f047161f87ff5ac3d9db81a99f2aae764689ab2d74413d9cb5b45dfd5,validation_006,1,5,1691297750,11,,
7,1.4000000000000001,B,mainline,True,False,62.760000000000026,18.80000000000004,1,accelerate,2.0,2.0000000000000284,60.36000000000002,20.80000000000004,1,1,accelerate-accelerate,-0.06549987196922302,0.05305606499314308,-0.19697771966457367,1,0.05305606499314308,-0.06549987196922302,0.1185559369623661,0.25003378465771675,"[true, true, true]",False,False,False,65033,0,d0edc00f047161f87ff5ac3d9db81a99f2aae764689ab2d74413d9cb5b45dfd5,validation_006,1,5,1691297750,11,,
7,1.4000000000000001,B_front,background_mainline,True,,134.0,20.0,,,,,,,,,,,,,,,,,,,,,,65033,0,d0edc00f047161f87ff5ac3d9db81a99f2aae764689ab2d74413d9cb5b45dfd5,validation_006,1,5,1691297750,11,,
7,1.4000000000000001,B_rear,background_mainline,True,,41.396826770072224,16.270899589228403,,,,,,,,,,,,,,,,,,,,,,65033,0,d0edc00f047161f87ff5ac3d9db81a99f2aae764689ab2d74413d9cb5b45dfd5,validation_006,1,5,1691297750,11,,
8,1.6,A,ramp,True,False,64.56000000000003,21.200000000000045,1,accelerate,2.0,2.0000000000000284,66.56000000000003,19.200000000000045,1,1,accelerate-accelerate,-0.04154951125383377,0.07635729014873505,-0.05999574810266495,1,0.07635729014873505,-0.04154951125383377,0.11790680140256882,0.1363530382514,"[true, true, true]",False,False,False,65033,0,d0edc00f047161f87ff5ac3d9db81a99f2aae764689ab2d74413d9cb5b45dfd5,validation_006,1,5,1691297750,11,,
8,1.6,B,mainline,True,False,66.56000000000003,19.200000000000045,1,accelerate,2.0,2.0000000000000284,64.56000000000003,21.200000000000045,1,1,accelerate-accelerate,-0.06555330753326416,0.05092019587755203,-0.19643771648406982,1,0.05092019587755203,-0.06555330753326416,0.11647350341081619,0.24735791236162186,"[true, true, true]",False,False,False,65033,0,d0edc00f047161f87ff5ac3d9db81a99f2aae764689ab2d74413d9cb5b45dfd5,validation_006,1,5,1691297750,11,,
8,1.6,B_front,background_mainline,True,,138.0,20.0,,,,,,,,,,,,,,,,,,,,,,65033,0,d0edc00f047161f87ff5ac3d9db81a99f2aae764689ab2d74413d9cb5b45dfd5,validation_006,1,5,1691297750,11,,
8,1.6,B_rear,background_mainline,True,,44.656786625242404,16.33365013223749,,,,,,,,,,,,,,,,,,,,,,65033,0,d0edc00f047161f87ff5ac3d9db81a99f2aae764689ab2d74413d9cb5b45dfd5,validation_006,1,5,1691297750,11,,
9,1.8,A,ramp,True,False,68.84000000000003,21.60000000000005,1,accelerate,2.0,2.0000000000000284,70.44000000000004,19.60000000000005,1,1,accelerate-accelerate,-0.04112417995929718,0.08150263130664825,-0.05935073643922806,1,0.08150263130664825,-0.04112417995929718,0.12262681126594543,0.1408533677458763,"[true, true, true]",False,False,False,65033,0,d0edc00f047161f87ff5ac3d9db81a99f2aae764689ab2d74413d9cb5b45dfd5,validation_006,1,5,1691297750,11,,
9,1.8,B,mainline,True,False,70.44000000000004,19.60000000000005,1,accelerate,2.0,2.0000000000000284,68.84000000000003,21.60000000000005,1,1,accelerate-accelerate,-0.06565609574317932,0.048700280487537384,-0.1954694390296936,1,0.048700280487537384,-0.06565609574317932,0.1143563762307167,0.244169719517231,"[true, true, true]",False,False,False,65033,0,d0edc00f047161f87ff5ac3d9db81a99f2aae764689ab2d74413d9cb5b45dfd5,validation_006,1,5,1691297750,11,,
9,1.8,B_front,background_mainline,True,,142.0,20.0,,,,,,,,,,,,,,,,,,,,,,65033,0,d0edc00f047161f87ff5ac3d9db81a99f2aae764689ab2d74413d9cb5b45dfd5,validation_006,1,5,1691297750,11,,
9,1.8,B_rear,background_mainline,True,,47.932132863328135,16.42333613030724,,,,,,,,,,,,,,,,,,,,,,65033,0,d0edc00f047161f87ff5ac3d9db81a99f2aae764689ab2d74413d9cb5b45dfd5,validation_006,1,5,1691297750,11,,
10,2.0,A,ramp,True,False,73.20000000000003,22.000000000000057,1,accelerate,2.0,2.0000000000000284,74.40000000000005,20.000000000000057,1,1,accelerate-accelerate,-0.0401894636452198,0.08591684699058533,-0.05896923691034317,1,0.08591684699058533,-0.0401894636452198,0.12610631063580513,0.1448860839009285,"[true, true, true]",False,False,False,65033,0,d0edc00f047161f87ff5ac3d9db81a99f2aae764689ab2d74413d9cb5b45dfd5,validation_006,1,5,1691297750,11,,
10,2.0,B,mainline,True,False,74.40000000000005,20.000000000000057,1,accelerate,2.0,2.0000000000000284,73.20000000000003,22.000000000000057,1,1,accelerate-accelerate,-0.06567554175853729,0.04618212580680847,-0.19374047219753265,1,0.04618212580680847,-0.06567554175853729,0.11185766756534576,0.23992259800434113,"[true, true, true]",False,False,False,65033,0,d0edc00f047161f87ff5ac3d9db81a99f2aae764689ab2d74413d9cb5b45dfd5,validation_006,1,5,1691297750,11,,
10,2.0,B_front,background_mainline,True,,146.0,20.0,,,,,,,,,,,,,,,,,,,,,,65033,0,d0edc00f047161f87ff5ac3d9db81a99f2aae764689ab2d74413d9cb5b45dfd5,validation_006,1,5,1691297750,11,,
10,2.0,B_rear,background_mainline,True,,51.22742504354376,16.532045308922942,,,,,,,,,,,,,,,,,,,,,,65033,0,d0edc00f047161f87ff5ac3d9db81a99f2aae764689ab2d74413d9cb5b45dfd5,validation_006,1,5,1691297750,11,,
11,2.2,A,ramp,True,False,77.64000000000004,22.400000000000063,1,accelerate,2.0,2.0000000000000284,78.44000000000005,20.400000000000063,1,1,accelerate-accelerate,-0.03894749656319618,0.08996730297803879,-0.05896616727113724,1,0.08996730297803879,-0.03894749656319618,0.12891479954123497,0.14893347024917603,"[true, true, true]",False,False,False,65033,0,d0edc00f047161f87ff5ac3d9db81a99f2aae764689ab2d74413d9cb5b45dfd5,validation_006,1,5,1691297750,11,,
11,2.2,B,mainline,True,False,78.44000000000005,20.400000000000063,1,accelerate,2.0,2.0000000000000284,77.64000000000004,22.400000000000063,1,1,accelerate-accelerate,-0.06582815945148468,0.043591879308223724,-0.19209517538547516,1,0.043591879308223724,-0.06582815945148468,0.1094200387597084,0.23568705469369888,"[true, true, true]",False,False,False,65033,0,d0edc00f047161f87ff5ac3d9db81a99f2aae764689ab2d74413d9cb5b45dfd5,validation_006,1,5,1691297750,11,,
11,2.2,B_front,background_mainline,True,,150.0,20.0,,,,,,,,,,,,,,,,,,,,,,65033,0,d0edc00f047161f87ff5ac3d9db81a99f2aae764689ab2d74413d9cb5b45dfd5,validation_006,1,5,1691297750,11,,
11,2.2,B_rear,background_mainline,True,,54.54584501863739,16.653797889681243,,,,,,,,,,,,,,,,,,,,,,65033,0,d0edc00f047161f87ff5ac3d9db81a99f2aae764689ab2d74413d9cb5b45dfd5,validation_006,1,5,1691297750,11,,
12,2.4000000000000004,A,ramp,True,False,82.16000000000005,22.800000000000068,1,accelerate,2.0,2.0000000000000284,82.56000000000007,20.800000000000068,1,1,accelerate-accelerate,-0.039301108568906784,0.09501180052757263,-0.05969636142253876,1,0.09501180052757263,-0.039301108568906784,0.13431290909647942,0.1547081619501114,"[true, true, true]",False,False,False,65033,0,d0edc00f047161f87ff5ac3d9db81a99f2aae764689ab2d74413d9cb5b45dfd5,validation_006,1,5,1691297750,11,,
12,2.4000000000000004,B,mainline,True,False,82.56000000000007,20.800000000000068,1,accelerate,2.0,2.0000000000000284,82.16000000000005,22.800000000000068,1,1,accelerate-accelerate,-0.06599229574203491,0.04094970226287842,-0.19025002419948578,1,0.04094970226287842,-0.06599229574203491,0.10694199800491333,0.2311997264623642,"[true, true, true]",False,False,False,65033,0,d0edc00f047161f87ff5ac3d9db81a99f2aae764689ab2d74413d9cb5b45dfd5,validation_006,1,5,1691297750,11,,
12,2.4000000000000004,B_front,background_mainline,True,,154.0,20.0,,,,,,,,,,,,,,,,,,,,,,65033,0,d0edc00f047161f87ff5ac3d9db81a99f2aae764689ab2d74413d9cb5b45dfd5,validation_006,1,5,1691297750,11,,
12,2.4000000000000004,B_rear,background_mainline,True,,57.88952013902734,16.783956071887,,,,,,,,,,,,,,,,,,,,,,65033,0,d0edc00f047161f87ff5ac3d9db81a99f2aae764689ab2d74413d9cb5b45dfd5,validation_006,1,5,1691297750,11,,
13,2.6,A,ramp,True,False,86.76000000000006,23.200000000000074,1,accelerate,2.0,2.0000000000000284,86.76000000000009,21.200000000000074,1,1,accelerate-accelerate,-0.03970808535814285,0.10020425170660019,-0.060439903289079666,1,0.10020425170660019,-0.03970808535814285,0.13991233706474304,0.16064415499567986,"[true, true, true]",False,False,False,65033,0,d0edc00f047161f87ff5ac3d9db81a99f2aae764689ab2d74413d9cb5b45dfd5,validation_006,1,5,1691297750,11,,
13,2.6,B,mainline,True,False,86.76000000000009,21.200000000000074,1,accelerate,2.0,2.0000000000000284,86.76000000000006,23.200000000000074,1,1,accelerate-accelerate,-0.06621585786342621,0.038169048726558685,-0.18793781101703644,1,0.038169048726558685,-0.06621585786342621,0.1043849065899849,0.22610685974359512,"[true, true, true]",False,False,False,65033,0,d0edc00f047161f87ff5ac3d9db81a99f2aae764689ab2d74413d9cb5b45dfd5,validation_006,1,5,1691297750,11,,
13,2.6,B_front,background_mainline,True,,158.0,20.0,,,,,,,,,,,,,,,,,,,,,,65033,0,d0edc00f047161f87ff5ac3d9db81a99f2aae764689ab2d74413d9cb5b45dfd5,validation_006,1,5,1691297750,11,,
13,2.6,B_rear,background_mainline,True,,61.25975128177445,16.91884557461851,,,,,,,,,,,,,,,,,,,,,,65033,0,d0edc00f047161f87ff5ac3d9db81a99f2aae764689ab2d74413d9cb5b45dfd5,validation_006,1,5,1691297750,11,,
14,2.8000000000000003,A,ramp,True,False,91.44000000000008,23.60000000000008,1,accelerate,2.0,2.0000000000000284,91.0400000000001,21.60000000000008,1,1,accelerate-accelerate,-0.040137436240911484,0.10562491416931152,-0.06129743158817291,1,0.10562491416931152,-0.040137436240911484,0.145762350410223,0.16692234575748444,"[true, true, true]",False,False,False,65033,0,d0edc00f047161f87ff5ac3d9db81a99f2aae764689ab2d74413d9cb5b45dfd5,validation_006,1,5,1691297750,11,,
14,2.8000000000000003,B,mainline,True,False,91.0400000000001,21.60000000000008,1,accelerate,2.0,2.0000000000000284,91.44000000000008,23.60000000000008,1,1,accelerate-accelerate,-0.06658785790205002,0.03541994467377663,-0.18558326363563538,1,0.03541994467377663,-0.06658785790205002,0.10200780257582664,0.221003208309412,"[true, true, true]",False,False,False,65033,0,d0edc00f047161f87ff5ac3d9db81a99f2aae764689ab2d74413d9cb5b45dfd5,validation_006,1,5,1691297750,11,,
14,2.8000000000000003,B_front,background_mainline,True,,162.0,20.0,,,,,,,,,,,,,,,,,,,,,,65033,0,d0edc00f047161f87ff5ac3d9db81a99f2aae764689ab2d74413d9cb5b45dfd5,validation_006,1,5,1691297750,11,,
14,2.8000000000000003,B_rear,background_mainline,True,,64.65717898935686,17.055505612306277,,,,,,,,,,,,,,,,,,,,,,65033,0,d0edc00f047161f87ff5ac3d9db81a99f2aae764689ab2d74413d9cb5b45dfd5,validation_006,1,5,1691297750,11,,
15,3.0,A,ramp,True,False,96.2000000000001,24.000000000000085,1,accelerate,2.0,2.0000000000000284,95.40000000000013,22.000000000000085,1,1,accelerate-accelerate,-0.04082345589995384,0.110685795545578,-0.06214046850800514,1,0.110685795545578,-0.04082345589995384,0.15150925144553185,0.17282626405358315,"[true, true, true]",False,False,False,65033,0,d0edc00f047161f87ff5ac3d9db81a99f2aae764689ab2d74413d9cb5b45dfd5,validation_006,1,5,1691297750,11,,
15,3.0,B,mainline,True,False,95.40000000000013,22.000000000000085,1,accelerate,2.0,2.0000000000000284,96.2000000000001,24.000000000000085,1,1,accelerate-accelerate,-0.06765728443861008,0.032981425523757935,-0.1830994188785553,1,0.032981425523757935,-0.06765728443861008,0.10063870996236801,0.21608084440231323,"[true, true, true]",False,False,False,65033,0,d0edc00f047161f87ff5ac3d9db81a99f2aae764689ab2d74413d9cb5b45dfd5,validation_006,1,5,1691297750,11,,
15,3.0,B_front,background_mainline,True,,166.0,20.0,,,,,,,,,,,,,,,,,,,,,,65033,0,d0edc00f047161f87ff5ac3d9db81a99f2aae764689ab2d74413d9cb5b45dfd5,validation_006,1,5,1691297750,11,,
15,3.0,B_rear,background_mainline,True,,68.08190825478044,17.191519792081806,,,,,,,,,,,,,,,,,,,,,,65033,0,d0edc00f047161f87ff5ac3d9db81a99f2aae764689ab2d74413d9cb5b45dfd5,validation_006,1,5,1691297750,11,,
16,3.2,A,ramp,True,False,101.04000000000012,24.40000000000009,1,accelerate,2.0,2.0000000000000284,99.84000000000016,22.40000000000009,1,1,accelerate-accelerate,-0.0418560728430748,0.11515167355537415,-0.06240835785865784,1,0.11515167355537415,-0.0418560728430748,0.15700774639844894,0.17756003141403198,"[true, true, true]",False,False,False,65033,0,d0edc00f047161f87ff5ac3d9db81a99f2aae764689ab2d74413d9cb5b45dfd5,validation_006,1,5,1691297750,11,,
16,3.2,B,mainline,True,False,99.84000000000016,22.40000000000009,1,accelerate,2.0,2.0000000000000284,101.04000000000012,24.40000000000009,1,1,accelerate-accelerate,-0.06919768452644348,0.03070893883705139,-0.18048106133937836,1,0.03070893883705139,-0.06919768452644348,0.09990662336349487,0.21119000017642975,"[true, true, true]",False,False,False,65033,0,d0edc00f047161f87ff5ac3d9db81a99f2aae764689ab2d74413d9cb5b45dfd5,validation_006,1,5,1691297750,11,,
16,3.2,B_front,background_mainline,True,,170.0,20.0,,,,,,,,,,,,,,,,,,,,,,65033,0,d0edc00f047161f87ff5ac3d9db81a99f2aae764689ab2d74413d9cb5b45dfd5,validation_006,1,5,1691297750,11,,
16,3.2,B_rear,background_mainline,True,,71.53355720577372,17.32418899833565,,,,,,,,,,,,,,,,,,,,,,65033,0,d0edc00f047161f87ff5ac3d9db81a99f2aae764689ab2d74413d9cb5b45dfd5,validation_006,1,5,1691297750,11,,
17,3.4000000000000004,A,ramp,True,False,105.96000000000015,24.800000000000097,1,accelerate,2.0,2.0000000000000284,104.36000000000017,22.800000000000097,1,1,accelerate-accelerate,-0.04326224327087402,0.12032850086688995,-0.06237712502479553,1,0.12032850086688995,-0.04326224327087402,0.16359074413776398,0.18270562589168549,"[true, true, true]",True,True,False,65033,0,d0edc00f047161f87ff5ac3d9db81a99f2aae764689ab2d74413d9cb5b45dfd5,validation_006,1,5,1691297750,11,-3.1919356250257778,0.0
17,3.4000000000000004,B,mainline,True,False,104.36000000000017,22.800000000000097,1,accelerate,2.0,2.0000000000000284,105.96000000000015,24.800000000000097,1,1,accelerate-accelerate,-0.07080895453691483,0.028394237160682678,-0.177781879901886,1,0.028394237160682678,-0.07080895453691483,0.0992031916975975,0.20617611706256866,"[true, true, true]",True,True,False,65033,0,d0edc00f047161f87ff5ac3d9db81a99f2aae764689ab2d74413d9cb5b45dfd5,validation_006,1,5,1691297750,11,-3.1919356250257778,0.0
17,3.4000000000000004,B_front,background_mainline,True,,173.0,20.0,,,,,,,,,,,,,,,,,,,,,,65033,0,d0edc00f047161f87ff5ac3d9db81a99f2aae764689ab2d74413d9cb5b45dfd5,validation_006,1,5,1691297750,11,,
17,3.4000000000000004,B_rear,background_mainline,True,,74.13943451436906,17.420430422694476,,,,,,,,,,,,,,,,,,,,,,65033,0,d0edc00f047161f87ff5ac3d9db81a99f2aae764689ab2d74413d9cb5b45dfd5,validation_006,1,5,1691297750,11,,
0,0.0,A,mainline,True,False,28.0,20.0,1,accelerate,0.0,2.0000000000000284,40.4,18.0,1,1,accelerate-accelerate,-0.02530769258737564,-0.0031312406063079834,-0.02506939321756363,1,-0.0031312406063079834,-0.02506939321756363,0.021938152611255646,0.022176451981067657,"[true, true, true]",False,False,False,65033,0,d0edc00f047161f87ff5ac3d9db81a99f2aae764689ab2d74413d9cb5b45dfd5,validation_007,0,6,2031432408,12,,
0,0.0,B,ramp,True,False,40.4,18.0,1,accelerate,0.0,2.0000000000000284,28.0,20.0,1,1,accelerate-accelerate,-0.07127402722835541,0.07686226069927216,-0.2141817957162857,1,0.07686226069927216,-0.07127402722835541,0.14813628792762756,0.29104405641555786,"[true, true, true]",False,False,False,65033,0,d0edc00f047161f87ff5ac3d9db81a99f2aae764689ab2d74413d9cb5b45dfd5,validation_007,0,6,2031432408,12,,
0,0.0,B_front,background_mainline,True,,120.0,20.0,,,,,,,,,,,,,,,,,,,,,,65033,0,d0edc00f047161f87ff5ac3d9db81a99f2aae764689ab2d74413d9cb5b45dfd5,validation_007,0,6,2031432408,12,,
0,0.0,B_rear,background_mainline,True,,3.947431380829863,19.510886076666747,,,,,,,,,,,,,,,,,,,,,,65033,0,d0edc00f047161f87ff5ac3d9db81a99f2aae764689ab2d74413d9cb5b45dfd5,validation_007,0,6,2031432408,12,,
1,0.2,A,mainline,True,False,32.04,20.400000000000006,1,accelerate,2.0,2.0000000000000284,44.04,18.400000000000006,1,1,accelerate-accelerate,-0.025397054851055145,0.0018234103918075562,-0.02311745285987854,1,0.0018234103918075562,-0.02311745285987854,0.024940863251686096,0.0272204652428627,"[true, true, true]",False,False,False,65033,0,d0edc00f047161f87ff5ac3d9db81a99f2aae764689ab2d74413d9cb5b45dfd5,validation_007,0,6,2031432408,12,,
1,0.2,B,ramp,True,False,44.04,18.400000000000006,1,accelerate,2.0,2.0000000000000284,32.04,20.400000000000006,1,1,accelerate-accelerate,-0.07322083413600922,0.0753907784819603,-0.21401402354240417,1,0.0753907784819603,-0.07322083413600922,0.1486116126179695,0.28940480202436447,"[true, true, true]",False,False,False,65033,0,d0edc00f047161f87ff5ac3d9db81a99f2aae764689ab2d74413d9cb5b45dfd5,validation_007,0,6,2031432408,12,,
1,0.2,B_front,background_mainline,True,,124.0,20.0,,,,,,,,,,,,,,,,,,,,,,65033,0,d0edc00f047161f87ff5ac3d9db81a99f2aae764689ab2d74413d9cb5b45dfd5,validation_007,0,6,2031432408,12,,
1,0.2,B_rear,background_mainline,True,,7.817030369943869,19.207819996757216,,,,,,,,,,,,,,,,,,,,,,65033,0,d0edc00f047161f87ff5ac3d9db81a99f2aae764689ab2d74413d9cb5b45dfd5,validation_007,0,6,2031432408,12,,
2,0.4,A,mainline,True,False,36.160000000000004,20.80000000000001,1,accelerate,2.0,2.0000000000000284,47.76,18.80000000000001,1,1,accelerate-accelerate,-0.02504376322031021,0.005979090929031372,-0.021525219082832336,1,0.005979090929031372,-0.021525219082832336,0.02750431001186371,0.031022854149341583,"[true, true, true]",False,False,False,65033,0,d0edc00f047161f87ff5ac3d9db81a99f2aae764689ab2d74413d9cb5b45dfd5,validation_007,0,6,2031432408,12,,
2,0.4,B,ramp,True,False,47.76,18.80000000000001,1,accelerate,2.0,2.0000000000000284,36.160000000000004,20.80000000000001,1,1,accelerate-accelerate,-0.07504689693450928,0.07377582788467407,-0.21385951340198517,1,0.07377582788467407,-0.07504689693450928,0.14882272481918335,0.28763534128665924,"[true, true, true]",False,False,False,65033,0,d0edc00f047161f87ff5ac3d9db81a99f2aae764689ab2d74413d9cb5b45dfd5,validation_007,0,6,2031432408,12,,
2,0.4,B_front,background_mainline,True,,128.0,20.0,,,,,,,,,,,,,,,,,,,,,,65033,0,d0edc00f047161f87ff5ac3d9db81a99f2aae764689ab2d74413d9cb5b45dfd5,validation_007,0,6,2031432408,12,,
2,0.4,B_rear,background_mainline,True,,11.638681751220439,19.023670782632877,,,,,,,,,,,,,,,,,,,,,,65033,0,d0edc00f047161f87ff5ac3d9db81a99f2aae764689ab2d74413d9cb5b45dfd5,validation_007,0,6,2031432408,12,,
3,0.6000000000000001,A,mainline,True,False,40.36000000000001,21.200000000000017,1,accelerate,2.0,2.0000000000000284,51.56,19.200000000000017,1,1,accelerate-accelerate,-0.024442031979560852,0.009953819215297699,-0.020084016025066376,1,0.009953819215297699,-0.020084016025066376,0.030037835240364075,0.03439585119485855,"[true, true, true]",False,False,False,65033,0,d0edc00f047161f87ff5ac3d9db81a99f2aae764689ab2d74413d9cb5b45dfd5,validation_007,0,6,2031432408,12,,
3,0.6000000000000001,B,ramp,True,False,51.56,19.200000000000017,1,accelerate,2.0,2.0000000000000284,40.36000000000001,21.200000000000017,1,1,accelerate-accelerate,-0.07678285241127014,0.07207155227661133,-0.2136695683002472,1,0.07207155227661133,-0.07678285241127014,0.14885440468788147,0.2857411205768585,"[true, true, true]",False,False,False,65033,0,d0edc00f047161f87ff5ac3d9db81a99f2aae764689ab2d74413d9cb5b45dfd5,validation_007,0,6,2031432408,12,,
3,0.6000000000000001,B_front,background_mainline,True,,132.0,20.0,,,,,,,,,,,,,,,,,,,,,,65033,0,d0edc00f047161f87ff5ac3d9db81a99f2aae764689ab2d74413d9cb5b45dfd5,validation_007,0,6,2031432408,12,,
3,0.6000000000000001,B_rear,background_mainline,True,,15.431954034371113,18.919276915308803,,,,,,,,,,,,,,,,,,,,,,65033,0,d0edc00f047161f87ff5ac3d9db81a99f2aae764689ab2d74413d9cb5b45dfd5,validation_007,0,6,2031432408,12,,
4,0.8,A,mainline,True,False,44.64000000000001,21.600000000000023,1,accelerate,2.0,2.0000000000000284,55.440000000000005,19.600000000000023,1,1,accelerate-accelerate,-0.023502573370933533,0.01370912790298462,-0.018650367856025696,1,0.01370912790298462,-0.018650367856025696,0.032359495759010315,0.03721170127391815,"[true, true, true]",False,False,False,65033,0,d0edc00f047161f87ff5ac3d9db81a99f2aae764689ab2d74413d9cb5b45dfd5,validation_007,0,6,2031432408,12,,
4,0.8,B,ramp,True,False,55.440000000000005,19.600000000000023,1,accelerate,2.0,2.0000000000000284,44.64000000000001,21.600000000000023,1,1,accelerate-accelerate,-0.07828489691019058,0.07020016014575958,-0.2132798433303833,1,0.07020016014575958,-0.07828489691019058,0.14848505705595016,0.2834800034761429,"[true, true, true]",False,False,False,65033,0,d0edc00f047161f87ff5ac3d9db81a99f2aae764689ab2d74413d9cb5b45dfd5,validation_007,0,6,2031432408,12,,
4,0.8,B_front,background_mainline,True,,136.0,20.0,,,,,,,,,,,,,,,,,,,,,,65033,0,d0edc00f047161f87ff5ac3d9db81a99f2aae764689ab2d74413d9cb5b45dfd5,validation_007,0,6,2031432408,12,,
4,0.8,B_rear,background_mainline,True,,19.21015294496658,18.869811826831636,,,,,,,,,,,,,,,,,,,,,,65033,0,d0edc00f047161f87ff5ac3d9db81a99f2aae764689ab2d74413d9cb5b45dfd5,validation_007,0,6,2031432408,12,,
5,1.0,A,mainline,True,False,49.000000000000014,22.00000000000003,1,accelerate,2.0,2.0000000000000284,59.40000000000001,20.00000000000003,1,1,accelerate-accelerate,-0.02223455160856247,0.017237745225429535,-0.01718287169933319,1,0.017237745225429535,-0.01718287169933319,0.034420616924762726,0.039472296833992004,"[true, true, true]",False,False,False,65033,0,d0edc00f047161f87ff5ac3d9db81a99f2aae764689ab2d74413d9cb5b45dfd5,validation_007,0,6,2031432408,12,,
5,1.0,B,ramp,True,False,59.40000000000001,20.00000000000003,1,accelerate,2.0,2.0000000000000284,49.000000000000014,22.00000000000003,1,1,accelerate-accelerate,-0.0797053873538971,0.06824429333209991,-0.21281442046165466,1,0.06824429333209991,-0.0797053873538971,0.147949680685997,0.2810587137937546,"[true, true, true]",False,False,False,65033,0,d0edc00f047161f87ff5ac3d9db81a99f2aae764689ab2d74413d9cb5b45dfd5,validation_007,0,6,2031432408,12,,
5,1.0,B_front,background_mainline,True,,140.0,20.0,,,,,,,,,,,,,,,,,,,,,,65033,0,d0edc00f047161f87ff5ac3d9db81a99f2aae764689ab2d74413d9cb5b45dfd5,validation_007,0,6,2031432408,12,,
5,1.0,B_rear,background_mainline,True,,22.982495064768763,18.858543950116044,,,,,,,,,,,,,,,,,,,,,,65033,0,d0edc00f047161f87ff5ac3d9db81a99f2aae764689ab2d74413d9cb5b45dfd5,validation_007,0,6,2031432408,12,,
6,1.2000000000000002,A,mainline,True,False,53.44000000000002,22.400000000000034,1,accelerate,2.0,2.0000000000000284,63.44000000000002,20.400000000000034,1,1,accelerate-accelerate,-0.021492771804332733,0.021920695900917053,-0.015354819595813751,1,0.021920695900917053,-0.015354819595813751,0.037275515496730804,0.043413467705249786,"[true, true, true]",False,False,False,65033,0,d0edc00f047161f87ff5ac3d9db81a99f2aae764689ab2d74413d9cb5b45dfd5,validation_007,0,6,2031432408,12,,
6,1.2000000000000002,B,ramp,True,False,63.44000000000002,20.400000000000034,1,accelerate,2.0,2.0000000000000284,53.44000000000002,22.400000000000034,1,1,accelerate-accelerate,-0.08128774166107178,0.06577862799167633,-0.21208015084266663,1,0.06577862799167633,-0.08128774166107178,0.1470663696527481,0.27785877883434296,"[true, true, true]",False,False,False,65033,0,d0edc00f047161f87ff5ac3d9db81a99f2aae764689ab2d74413d9cb5b45dfd5,validation_007,0,6,2031432408,12,,
6,1.2000000000000002,B_front,background_mainline,True,,144.0,20.0,,,,,,,,,,,,,,,,,,,,,,65033,0,d0edc00f047161f87ff5ac3d9db81a99f2aae764689ab2d74413d9cb5b45dfd5,validation_007,0,6,2031432408,12,,
6,1.2000000000000002,B_rear,background_mainline,True,,26.755377931069873,18.8736575091406,,,,,,,,,,,,,,,,,,,,,,65033,0,d0edc00f047161f87ff5ac3d9db81a99f2aae764689ab2d74413d9cb5b45dfd5,validation_007,0,6,2031432408,12,,
7,1.4000000000000001,A,mainline,True,False,57.96000000000003,22.80000000000004,1,accelerate,2.0,2.0000000000000284,67.56000000000003,20.80000000000004,1,1,accelerate-accelerate,-0.021081671118736267,0.026995733380317688,-0.013430505990982056,1,0.026995733380317688,-0.013430505990982056,0.040426239371299744,0.048077404499053955,"[true, true, true]",False,False,False,65033,0,d0edc00f047161f87ff5ac3d9db81a99f2aae764689ab2d74413d9cb5b45dfd5,validation_007,0,6,2031432408,12,,
7,1.4000000000000001,B,ramp,True,False,67.56000000000003,20.80000000000004,1,accelerate,2.0,2.0000000000000284,57.96000000000003,22.80000000000004,1,1,accelerate-accelerate,-0.08261657506227493,0.0635412409901619,-0.21179470419883728,1,0.0635412409901619,-0.08261657506227493,0.14615781605243683,0.2753359451889992,"[true, true, true]",False,False,False,65033,0,d0edc00f047161f87ff5ac3d9db81a99f2aae764689ab2d74413d9cb5b45dfd5,validation_007,0,6,2031432408,12,,
7,1.4000000000000001,B_front,background_mainline,True,,148.0,20.0,,,,,,,,,,,,,,,,,,,,,,65033,0,d0edc00f047161f87ff5ac3d9db81a99f2aae764689ab2d74413d9cb5b45dfd5,validation_007,0,6,2031432408,12,,
7,1.4000000000000001,B_rear,background_mainline,True,,30.533172569358648,18.906498857181067,,,,,,,,,,,,,,,,,,,,,,65033,0,d0edc00f047161f87ff5ac3d9db81a99f2aae764689ab2d74413d9cb5b45dfd5,validation_007,0,6,2031432408,12,,
8,1.6,A,mainline,True,False,62.56000000000004,23.200000000000045,1,accelerate,2.0,2.0000000000000284,71.76000000000005,21.200000000000045,1,1,accelerate-accelerate,-0.020716801285743713,0.03182598948478699,-0.01104263961315155,1,0.03182598948478699,-0.01104263961315155,0.04286862909793854,0.0525427907705307,"[true, true, true]",False,False,False,65033,0,d0edc00f047161f87ff5ac3d9db81a99f2aae764689ab2d74413d9cb5b45dfd5,validation_007,0,6,2031432408,12,,
8,1.6,B,ramp,True,False,71.76000000000005,21.200000000000045,1,accelerate,2.0,2.0000000000000284,62.56000000000004,23.200000000000045,1,1,accelerate-accelerate,-0.08310659229755402,0.06123257428407669,-0.2110973745584488,1,0.06123257428407669,-0.08310659229755402,0.1443391665816307,0.2723299488425255,"[true, true, true]",False,False,False,65033,0,d0edc00f047161f87ff5ac3d9db81a99f2aae764689ab2d74413d9cb5b45dfd5,validation_007,0,6,2031432408,12,,
8,1.6,B_front,background_mainline,True,,152.0,20.0,,,,,,,,,,,,,,,,,,,,,,65033,0,d0edc00f047161f87ff5ac3d9db81a99f2aae764689ab2d74413d9cb5b45dfd5,validation_007,0,6,2031432408,12,,
8,1.6,B_rear,background_mainline,True,,34.31874502797599,18.95054867326254,,,,,,,,,,,,,,,,,,,,,,65033,0,d0edc00f047161f87ff5ac3d9db81a99f2aae764689ab2d74413d9cb5b45dfd5,validation_007,0,6,2031432408,12,,
9,1.8,A,mainline,True,False,67.24000000000005,23.60000000000005,1,accelerate,2.0,2.0000000000000284,76.04000000000005,21.60000000000005,1,1,accelerate-accelerate,-0.02026401460170746,0.03736685961484909,-0.008346900343894958,1,0.03736685961484909,-0.008346900343894958,0.04571375995874405,0.05763087421655655,"[true, true, true]",False,False,False,65033,0,d0edc00f047161f87ff5ac3d9db81a99f2aae764689ab2d74413d9cb5b45dfd5,validation_007,0,6,2031432408,12,,
9,1.8,B,ramp,True,False,76.04000000000005,21.60000000000005,1,accelerate,2.0,2.0000000000000284,67.24000000000005,23.60000000000005,1,1,accelerate-accelerate,-0.08273941278457642,0.058923617005348206,-0.20981551706790924,1,0.058923617005348206,-0.08273941278457642,0.14166302978992462,0.26873913407325745,"[true, true, true]",False,False,False,65033,0,d0edc00f047161f87ff5ac3d9db81a99f2aae764689ab2d74413d9cb5b45dfd5,validation_007,0,6,2031432408,12,,
9,1.8,B_front,background_mainline,True,,156.0,20.0,,,,,,,,,,,,,,,,,,,,,,65033,0,d0edc00f047161f87ff5ac3d9db81a99f2aae764689ab2d74413d9cb5b45dfd5,validation_007,0,6,2031432408,12,,
9,1.8,B_rear,background_mainline,True,,38.11381551623222,19.000790506822323,,,,,,,,,,,,,,,,,,,,,,65033,0,d0edc00f047161f87ff5ac3d9db81a99f2aae764689ab2d74413d9cb5b45dfd5,validation_007,0,6,2031432408,12,,
10,2.0,A,mainline,True,False,72.00000000000007,24.000000000000057,1,accelerate,2.0,2.0000000000000284,80.40000000000005,22.000000000000057,1,1,accelerate-accelerate,-0.019778572022914886,0.042974814772605896,-0.005636245012283325,1,0.042974814772605896,-0.005636245012283325,0.04861105978488922,0.06275338679552078,"[true, true, true]",False,False,False,65033,0,d0edc00f047161f87ff5ac3d9db81a99f2aae764689ab2d74413d9cb5b45dfd5,validation_007,0,6,2031432408,12,,
10,2.0,B,ramp,True,False,80.40000000000005,22.000000000000057,1,accelerate,2.0,2.0000000000000284,72.00000000000007,24.000000000000057,1,1,accelerate-accelerate,-0.08235302567481995,0.05657966434955597,-0.20849555730819702,1,0.05657966434955597,-0.08235302567481995,0.13893269002437592,0.265075221657753,"[true, true, true]",False,False,False,65033,0,d0edc00f047161f87ff5ac3d9db81a99f2aae764689ab2d74413d9cb5b45dfd5,validation_007,0,6,2031432408,12,,
10,2.0,B_front,background_mainline,True,,160.0,20.0,,,,,,,,,,,,,,,,,,,,,,65033,0,d0edc00f047161f87ff5ac3d9db81a99f2aae764689ab2d74413d9cb5b45dfd5,validation_007,0,6,2031432408,12,,
10,2.0,B_rear,background_mainline,True,,41.91921327682362,19.053199202095076,,,,,,,,,,,,,,,,,,,,,,65033,0,d0edc00f047161f87ff5ac3d9db81a99f2aae764689ab2d74413d9cb5b45dfd5,validation_007,0,6,2031432408,12,,
11,2.2,A,mainline,True,False,76.84000000000009,24.400000000000063,1,accelerate,2.0,2.0000000000000284,84.84000000000006,22.400000000000063,1,1,accelerate-accelerate,-0.019270189106464386,0.04865296185016632,-0.002907566726207733,1,0.04865296185016632,-0.002907566726207733,0.051560528576374054,0.0679231509566307,"[true, true, true]",False,False,False,65033,0,d0edc00f047161f87ff5ac3d9db81a99f2aae764689ab2d74413d9cb5b45dfd5,validation_007,0,6,2031432408,12,,
11,2.2,B,ramp,True,False,84.84000000000006,22.400000000000063,1,accelerate,2.0,2.0000000000000284,76.84000000000009,24.400000000000063,1,1,accelerate-accelerate,-0.08191646635532379,0.054200027137994766,-0.207138329744339,1,0.054200027137994766,-0.08191646635532379,0.13611649349331856,0.26133835688233376,"[true, true, true]",False,False,False,65033,0,d0edc00f047161f87ff5ac3d9db81a99f2aae764689ab2d74413d9cb5b45dfd5,validation_007,0,6,2031432408,12,,
11,2.2,B_front,background_mainline,True,,164.0,20.0,,,,,,,,,,,,,,,,,,,,,,65033,0,d0edc00f047161f87ff5ac3d9db81a99f2aae764689ab2d74413d9cb5b45dfd5,validation_007,0,6,2031432408,12,,
11,2.2,B_rear,background_mainline,True,,45.73495283863411,19.10379719537739,,,,,,,,,,,,,,,,,,,,,,65033,0,d0edc00f047161f87ff5ac3d9db81a99f2aae764689ab2d74413d9cb5b45dfd5,validation_007,0,6,2031432408,12,,
12,2.4000000000000004,A,mainline,True,False,81.76000000000009,24.800000000000068,1,accelerate,2.0,2.0000000000000284,89.36000000000007,22.800000000000068,1,1,accelerate-accelerate,-0.018758200109004974,0.054395630955696106,-0.00015413016080856323,1,0.054395630955696106,-0.00015413016080856323,0.05454976111650467,0.07315383106470108,"[true, true, true]",False,False,False,65033,0,d0edc00f047161f87ff5ac3d9db81a99f2aae764689ab2d74413d9cb5b45dfd5,validation_007,0,6,2031432408,12,,
12,2.4000000000000004,B,ramp,True,False,89.36000000000007,22.800000000000068,1,accelerate,2.0,2.0000000000000284,81.76000000000009,24.800000000000068,1,1,accelerate-accelerate,-0.0811094343662262,0.05163515359163284,-0.20570410788059235,1,0.05163515359163284,-0.0811094343662262,0.13274458795785904,0.2573392614722252,"[true, true, true]",False,False,False,65033,0,d0edc00f047161f87ff5ac3d9db81a99f2aae764689ab2d74413d9cb5b45dfd5,validation_007,0,6,2031432408,12,,
12,2.4000000000000004,B_front,background_mainline,True,,168.0,20.0,,,,,,,,,,,,,,,,,,,,,,65033,0,d0edc00f047161f87ff5ac3d9db81a99f2aae764689ab2d74413d9cb5b45dfd5,validation_007,0,6,2031432408,12,,
12,2.4000000000000004,B_rear,background_mainline,True,,49.56056018634528,19.151893737715636,,,,,,,,,,,,,,,,,,,,,,65033,0,d0edc00f047161f87ff5ac3d9db81a99f2aae764689ab2d74413d9cb5b45dfd5,validation_007,0,6,2031432408,12,,
13,2.6,A,mainline,True,False,86.7600000000001,25.200000000000074,1,accelerate,2.0,2.0000000000000284,93.96000000000008,23.200000000000074,1,1,accelerate-accelerate,-0.0183216854929924,0.06012813746929169,0.002717055380344391,1,0.06012813746929169,0.002717055380344391,0.057411082088947296,0.07844982296228409,"[true, true, true]",False,False,False,65033,0,d0edc00f047161f87ff5ac3d9db81a99f2aae764689ab2d74413d9cb5b45dfd5,validation_007,0,6,2031432408,12,,
13,2.6,B,ramp,True,False,93.96000000000008,23.200000000000074,1,accelerate,2.0,2.0000000000000284,86.7600000000001,25.200000000000074,1,1,accelerate-accelerate,-0.08032956719398499,0.048010215163230896,-0.20353782176971436,1,0.048010215163230896,-0.08032956719398499,0.12833978235721588,0.25154803693294525,"[true, true, true]",False,False,False,65033,0,d0edc00f047161f87ff5ac3d9db81a99f2aae764689ab2d74413d9cb5b45dfd5,validation_007,0,6,2031432408,12,,
13,2.6,B_front,background_mainline,True,,172.0,20.0,,,,,,,,,,,,,,,,,,,,,,65033,0,d0edc00f047161f87ff5ac3d9db81a99f2aae764689ab2d74413d9cb5b45dfd5,validation_007,0,6,2031432408,12,,
13,2.6,B_rear,background_mainline,True,,53.39554560018414,19.197594066893107,,,,,,,,,,,,,,,,,,,,,,65033,0,d0edc00f047161f87ff5ac3d9db81a99f2aae764689ab2d74413d9cb5b45dfd5,validation_007,0,6,2031432408,12,,
14,2.8000000000000003,A,mainline,True,False,91.84000000000012,25.60000000000008,1,accelerate,2.0,2.0000000000000284,98.6400000000001,23.60000000000008,1,1,accelerate-accelerate,-0.018574565649032593,0.06498183310031891,0.004925653338432312,1,0.06498183310031891,0.004925653338432312,0.0600561797618866,0.0835563987493515,"[true, true, true]",False,False,False,65033,0,d0edc00f047161f87ff5ac3d9db81a99f2aae764689ab2d74413d9cb5b45dfd5,validation_007,0,6,2031432408,12,,
14,2.8000000000000003,B,ramp,True,False,98.6400000000001,23.60000000000008,1,accelerate,2.0,2.0000000000000284,91.84000000000012,25.60000000000008,1,1,accelerate-accelerate,-0.07971775531768799,0.044523581862449646,-0.20123454928398132,1,0.044523581862449646,-0.07971775531768799,0.12424133718013763,0.24575813114643097,"[true, true, true]",False,False,False,65033,0,d0edc00f047161f87ff5ac3d9db81a99f2aae764689ab2d74413d9cb5b45dfd5,validation_007,0,6,2031432408,12,,
14,2.8000000000000003,B_front,background_mainline,True,,176.0,20.0,,,,,,,,,,,,,,,,,,,,,,65033,0,d0edc00f047161f87ff5ac3d9db81a99f2aae764689ab2d74413d9cb5b45dfd5,validation_007,0,6,2031432408,12,,
14,2.8000000000000003,B_rear,background_mainline,True,,57.23944010955154,19.24100043735704,,,,,,,,,,,,,,,,,,,,,,65033,0,d0edc00f047161f87ff5ac3d9db81a99f2aae764689ab2d74413d9cb5b45dfd5,validation_007,0,6,2031432408,12,,
15,3.0,A,mainline,True,False,97.00000000000013,26.000000000000085,1,accelerate,2.0,2.0000000000000284,103.40000000000012,24.000000000000085,1,1,accelerate-accelerate,-0.019161775708198547,0.06944204121828079,0.006825551390647888,1,0.06944204121828079,0.006825551390647888,0.0626164898276329,0.08860381692647934,"[true, true, true]",False,False,False,65033,0,d0edc00f047161f87ff5ac3d9db81a99f2aae764689ab2d74413d9cb5b45dfd5,validation_007,0,6,2031432408,12,0.9192878161571514,0.4596439080785757
15,3.0,B,ramp,True,False,103.40000000000012,24.000000000000085,1,accelerate,2.0,2.0000000000000284,97.00000000000013,26.000000000000085,1,1,accelerate-accelerate,-0.08007082343101501,0.042172495275735855,-0.19776089489459991,1,0.042172495275735855,-0.08007082343101501,0.12224331870675087,0.23993339017033577,"[true, true, true]",False,False,False,65033,0,d0edc00f047161f87ff5ac3d9db81a99f2aae764689ab2d74413d9cb5b45dfd5,validation_007,0,6,2031432408,12,0.9192878161571514,0.4596439080785757
15,3.0,B_front,background_mainline,True,,180.0,20.0,,,,,,,,,,,,,,,,,,,,,,65033,0,d0edc00f047161f87ff5ac3d9db81a99f2aae764689ab2d74413d9cb5b45dfd5,validation_007,0,6,2031432408,12,,
15,3.0,B_rear,background_mainline,True,,61.09179489671632,19.28221212401568,,,,,,,,,,,,,,,,,,,,,,65033,0,d0edc00f047161f87ff5ac3d9db81a99f2aae764689ab2d74413d9cb5b45dfd5,validation_007,0,6,2031432408,12,,
16,3.2,A,mainline,True,False,102.24000000000015,26.40000000000009,1,accelerate,2.0,2.0000000000000284,108.24000000000014,24.40000000000009,1,1,accelerate-accelerate,-0.00817154347896576,0.06774621456861496,0.0072468966245651245,1,0.06774621456861496,0.0072468966245651245,0.060499317944049835,0.07591775804758072,"[true, true, true]",False,False,False,65033,0,d0edc00f047161f87ff5ac3d9db81a99f2aae764689ab2d74413d9cb5b45dfd5,validation_007,0,6,2031432408,12,0.48168358321007076,0.24084179160503538
16,3.2,B,ramp,True,False,108.24000000000014,24.40000000000009,1,accelerate,2.0,2.0000000000000284,102.24000000000015,26.40000000000009,1,1,accelerate-accelerate,-0.0836387425661087,0.05012854188680649,-0.15747177600860596,1,0.05012854188680649,-0.0836387425661087,0.1337672844529152,0.20760031789541245,"[true, true, true]",False,False,False,65033,0,d0edc00f047161f87ff5ac3d9db81a99f2aae764689ab2d74413d9cb5b45dfd5,validation_007,0,6,2031432408,12,0.48168358321007076,0.24084179160503538
16,3.2,B_front,background_mainline,True,,184.0,20.0,,,,,,,,,,,,,,,,,,,,,,65033,0,d0edc00f047161f87ff5ac3d9db81a99f2aae764689ab2d74413d9cb5b45dfd5,validation_007,0,6,2031432408,12,,
16,3.2,B_rear,background_mainline,True,,64.95218070136413,19.321325426913106,,,,,,,,,,,,,,,,,,,,,,65033,0,d0edc00f047161f87ff5ac3d9db81a99f2aae764689ab2d74413d9cb5b45dfd5,validation_007,0,6,2031432408,12,,
17,3.4000000000000004,A,mainline,True,False,107.56000000000017,26.800000000000097,1,accelerate,2.0,2.0000000000000284,113.16000000000017,24.800000000000097,1,1,accelerate-accelerate,-0.007614992558956146,0.0705420970916748,0.008037552237510681,1,0.0705420970916748,0.008037552237510681,0.06250454485416412,0.07815708965063095,"[true, true, true]",True,True,False,65033,0,d0edc00f047161f87ff5ac3d9db81a99f2aae764689ab2d74413d9cb5b45dfd5,validation_007,0,6,2031432408,12,0.04824853696017328,0.02412426848008664
17,3.4000000000000004,B,ramp,True,False,113.16000000000017,24.800000000000097,1,accelerate,2.0,2.0000000000000284,107.56000000000017,26.800000000000097,1,1,accelerate-accelerate,-0.08477135002613068,0.050629206001758575,-0.15489932894706726,1,0.050629206001758575,-0.08477135002613068,0.13540055602788925,0.20552853494882584,"[true, true, true]",True,True,False,65033,0,d0edc00f047161f87ff5ac3d9db81a99f2aae764689ab2d74413d9cb5b45dfd5,validation_007,0,6,2031432408,12,0.04824853696017328,0.02412426848008664
17,3.4000000000000004,B_front,background_mainline,True,,188.0,20.0,,,,,,,,,,,,,,,,,,,,,,65033,0,d0edc00f047161f87ff5ac3d9db81a99f2aae764689ab2d74413d9cb5b45dfd5,validation_007,0,6,2031432408,12,,
17,3.4000000000000004,B_rear,background_mainline,True,,68.82018722615585,19.35843367668986,,,,,,,,,,,,,,,,,,,,,,65033,0,d0edc00f047161f87ff5ac3d9db81a99f2aae764689ab2d74413d9cb5b45dfd5,validation_007,0,6,2031432408,12,,
0,0.0,A,ramp,True,False,40.4,18.0,1,accelerate,0.0,2.0000000000000284,28.0,20.0,1,1,accelerate-accelerate,-0.053388096392154694,0.04518292099237442,-0.06635510921478271,1,0.04518292099237442,-0.053388096392154694,0.09857101738452911,0.11153803020715714,"[true, true, true]",False,False,False,65033,0,d0edc00f047161f87ff5ac3d9db81a99f2aae764689ab2d74413d9cb5b45dfd5,validation_007,1,6,2031432408,13,,
0,0.0,B,mainline,True,False,28.0,20.0,1,accelerate,0.0,2.0000000000000284,40.4,18.0,1,1,accelerate-accelerate,-0.05462588369846344,0.05613955110311508,-0.19387850165367126,1,0.05613955110311508,-0.05462588369846344,0.11076543480157852,0.25001805275678635,"[true, true, true]",False,False,False,65033,0,d0edc00f047161f87ff5ac3d9db81a99f2aae764689ab2d74413d9cb5b45dfd5,validation_007,1,6,2031432408,13,,
0,0.0,B_front,background_mainline,True,,120.0,20.0,,,,,,,,,,,,,,,,,,,,,,65033,0,d0edc00f047161f87ff5ac3d9db81a99f2aae764689ab2d74413d9cb5b45dfd5,validation_007,1,6,2031432408,13,,
0,0.0,B_rear,background_mainline,True,,3.947431380829863,19.510886076666747,,,,,,,,,,,,,,,,,,,,,,65033,0,d0edc00f047161f87ff5ac3d9db81a99f2aae764689ab2d74413d9cb5b45dfd5,validation_007,1,6,2031432408,13,,
1,0.2,A,ramp,True,False,44.04,18.400000000000006,1,accelerate,2.0,2.0000000000000284,32.04,20.400000000000006,1,1,accelerate-accelerate,-0.05226512998342514,0.04959320276975632,-0.06552797555923462,1,0.04959320276975632,-0.05226512998342514,0.10185833275318146,0.11512117832899094,"[true, true, true]",False,False,False,65033,0,d0edc00f047161f87ff5ac3d9db81a99f2aae764689ab2d74413d9cb5b45dfd5,validation_007,1,6,2031432408,13,,
1,0.2,B,mainline,True,False,32.04,20.400000000000006,1,accelerate,2.0,2.0000000000000284,44.04,18.400000000000006,1,1,accelerate-accelerate,-0.05646434426307678,0.054618217051029205,-0.19479689002037048,1,0.054618217051029205,-0.05646434426307678,0.11108256131410599,0.2494151070713997,"[true, true, true]",False,False,False,65033,0,d0edc00f047161f87ff5ac3d9db81a99f2aae764689ab2d74413d9cb5b45dfd5,validation_007,1,6,2031432408,13,,
1,0.2,B_front,background_mainline,True,,124.0,20.0,,,,,,,,,,,,,,,,,,,,,,65033,0,d0edc00f047161f87ff5ac3d9db81a99f2aae764689ab2d74413d9cb5b45dfd5,validation_007,1,6,2031432408,13,,
1,0.2,B_rear,background_mainline,True,,7.817030369943869,19.207819996757216,,,,,,,,,,,,,,,,,,,,,,65033,0,d0edc00f047161f87ff5ac3d9db81a99f2aae764689ab2d74413d9cb5b45dfd5,validation_007,1,6,2031432408,13,,
2,0.4,A,ramp,True,False,47.76,18.80000000000001,1,accelerate,2.0,2.0000000000000284,36.160000000000004,20.80000000000001,1,1,accelerate-accelerate,-0.05097593367099762,0.054158858954906464,-0.06492301821708679,1,0.054158858954906464,-0.05097593367099762,0.10513479262590408,0.11908187717199326,"[true, true, true]",False,False,False,65033,0,d0edc00f047161f87ff5ac3d9db81a99f2aae764689ab2d74413d9cb5b45dfd5,validation_007,1,6,2031432408,13,,
2,0.4,B,mainline,True,False,36.160000000000004,20.80000000000001,1,accelerate,2.0,2.0000000000000284,47.76,18.80000000000001,1,1,accelerate-accelerate,-0.05831613391637802,0.05313538759946823,-0.19553619623184204,1,0.05313538759946823,-0.05831613391637802,0.11145152151584625,0.24867158383131027,"[true, true, true]",False,False,False,65033,0,d0edc00f047161f87ff5ac3d9db81a99f2aae764689ab2d74413d9cb5b45dfd5,validation_007,1,6,2031432408,13,,
2,0.4,B_front,background_mainline,True,,128.0,20.0,,,,,,,,,,,,,,,,,,,,,,65033,0,d0edc00f047161f87ff5ac3d9db81a99f2aae764689ab2d74413d9cb5b45dfd5,validation_007,1,6,2031432408,13,,
2,0.4,B_rear,background_mainline,True,,11.638681751220439,19.023670782632877,,,,,,,,,,,,,,,,,,,,,,65033,0,d0edc00f047161f87ff5ac3d9db81a99f2aae764689ab2d74413d9cb5b45dfd5,validation_007,1,6,2031432408,13,,
3,0.6000000000000001,A,ramp,True,False,51.56,19.200000000000017,1,accelerate,2.0,2.0000000000000284,40.36000000000001,21.200000000000017,1,1,accelerate-accelerate,-0.04957585781812668,0.058707594871520996,-0.06440500915050507,1,0.058707594871520996,-0.04957585781812668,0.10828345268964767,0.12311260402202606,"[true, true, true]",False,False,False,65033,0,d0edc00f047161f87ff5ac3d9db81a99f2aae764689ab2d74413d9cb5b45dfd5,validation_007,1,6,2031432408,13,,
3,0.6000000000000001,B,mainline,True,False,40.36000000000001,21.200000000000017,1,accelerate,2.0,2.0000000000000284,51.56,19.200000000000017,1,1,accelerate-accelerate,-0.06015946716070175,0.051705341786146164,-0.19619068503379822,1,0.051705341786146164,-0.06015946716070175,0.11186480894684792,0.24789602681994438,"[true, true, true]",False,False,False,65033,0,d0edc00f047161f87ff5ac3d9db81a99f2aae764689ab2d74413d9cb5b45dfd5,validation_007,1,6,2031432408,13,,
3,0.6000000000000001,B_front,background_mainline,True,,132.0,20.0,,,,,,,,,,,,,,,,,,,,,,65033,0,d0edc00f047161f87ff5ac3d9db81a99f2aae764689ab2d74413d9cb5b45dfd5,validation_007,1,6,2031432408,13,,
3,0.6000000000000001,B_rear,background_mainline,True,,15.431954034371113,18.919276915308803,,,,,,,,,,,,,,,,,,,,,,65033,0,d0edc00f047161f87ff5ac3d9db81a99f2aae764689ab2d74413d9cb5b45dfd5,validation_007,1,6,2031432408,13,,
4,0.8,A,ramp,True,False,55.440000000000005,19.600000000000023,1,accelerate,2.0,2.0000000000000284,44.64000000000001,21.600000000000023,1,1,accelerate-accelerate,-0.048099540174007416,0.06339005380868912,-0.06400114297866821,1,0.06339005380868912,-0.048099540174007416,0.11148959398269653,0.12739119678735733,"[true, true, true]",False,False,False,65033,0,d0edc00f047161f87ff5ac3d9db81a99f2aae764689ab2d74413d9cb5b45dfd5,validation_007,1,6,2031432408,13,,
4,0.8,B,mainline,True,False,44.64000000000001,21.600000000000023,1,accelerate,2.0,2.0000000000000284,55.440000000000005,19.600000000000023,1,1,accelerate-accelerate,-0.06221304461359978,0.05040796473622322,-0.19627344608306885,1,0.05040796473622322,-0.06221304461359978,0.112621009349823,0.24668141081929207,"[true, true, true]",False,False,False,65033,0,d0edc00f047161f87ff5ac3d9db81a99f2aae764689ab2d74413d9cb5b45dfd5,validation_007,1,6,2031432408,13,,
4,0.8,B_front,background_mainline,True,,136.0,20.0,,,,,,,,,,,,,,,,,,,,,,65033,0,d0edc00f047161f87ff5ac3d9db81a99f2aae764689ab2d74413d9cb5b45dfd5,validation_007,1,6,2031432408,13,,
4,0.8,B_rear,background_mainline,True,,19.21015294496658,18.869811826831636,,,,,,,,,,,,,,,,,,,,,,65033,0,d0edc00f047161f87ff5ac3d9db81a99f2aae764689ab2d74413d9cb5b45dfd5,validation_007,1,6,2031432408,13,,
5,1.0,A,ramp,True,False,59.40000000000001,20.00000000000003,1,accelerate,2.0,2.0000000000000284,49.000000000000014,22.00000000000003,1,1,accelerate-accelerate,-0.04663980007171631,0.06804361939430237,-0.06366125494241714,1,0.06804361939430237,-0.04663980007171631,0.11468341946601868,0.1317048743367195,"[true, true, true]",False,False,False,65033,0,d0edc00f047161f87ff5ac3d9db81a99f2aae764689ab2d74413d9cb5b45dfd5,validation_007,1,6,2031432408,13,,
5,1.0,B,mainline,True,False,49.000000000000014,22.00000000000003,1,accelerate,2.0,2.0000000000000284,59.40000000000001,20.00000000000003,1,1,accelerate-accelerate,-0.06421396136283875,0.04935762286186218,-0.19636817276477814,1,0.04935762286186218,-0.06421396136283875,0.11357158422470093,0.24572579562664032,"[true, true, true]",False,False,False,65033,0,d0edc00f047161f87ff5ac3d9db81a99f2aae764689ab2d74413d9cb5b45dfd5,validation_007,1,6,2031432408,13,,
5,1.0,B_front,background_mainline,True,,140.0,20.0,,,,,,,,,,,,,,,,,,,,,,65033,0,d0edc00f047161f87ff5ac3d9db81a99f2aae764689ab2d74413d9cb5b45dfd5,validation_007,1,6,2031432408,13,,
5,1.0,B_rear,background_mainline,True,,22.982495064768763,18.858543950116044,,,,,,,,,,,,,,,,,,,,,,65033,0,d0edc00f047161f87ff5ac3d9db81a99f2aae764689ab2d74413d9cb5b45dfd5,validation_007,1,6,2031432408,13,,
6,1.2000000000000002,A,ramp,True,False,63.44000000000002,20.400000000000034,1,accelerate,2.0,2.0000000000000284,53.44000000000002,22.400000000000034,1,1,accelerate-accelerate,-0.04488397389650345,0.07296593487262726,-0.06283200532197952,1,0.07296593487262726,-0.04488397389650345,0.1178499087691307,0.13579794019460678,"[true, true, true]",False,False,False,65033,0,d0edc00f047161f87ff5ac3d9db81a99f2aae764689ab2d74413d9cb5b45dfd5,validation_007,1,6,2031432408,13,,
6,1.2000000000000002,B,mainline,True,False,53.44000000000002,22.400000000000034,1,accelerate,2.0,2.0000000000000284,63.44000000000002,20.400000000000034,1,1,accelerate-accelerate,-0.0653289258480072,0.04806102067232132,-0.19625067710876465,1,0.04806102067232132,-0.0653289258480072,0.11338994652032852,0.24431169778108597,"[true, true, true]",False,False,False,65033,0,d0edc00f047161f87ff5ac3d9db81a99f2aae764689ab2d74413d9cb5b45dfd5,validation_007,1,6,2031432408,13,,
6,1.2000000000000002,B_front,background_mainline,True,,144.0,20.0,,,,,,,,,,,,,,,,,,,,,,65033,0,d0edc00f047161f87ff5ac3d9db81a99f2aae764689ab2d74413d9cb5b45dfd5,validation_007,1,6,2031432408,13,,
6,1.2000000000000002,B_rear,background_mainline,True,,26.755377931069873,18.8736575091406,,,,,,,,,,,,,,,,,,,,,,65033,0,d0edc00f047161f87ff5ac3d9db81a99f2aae764689ab2d74413d9cb5b45dfd5,validation_007,1,6,2031432408,13,,
7,1.4000000000000001,A,ramp,True,False,67.56000000000003,20.80000000000004,1,accelerate,2.0,2.0000000000000284,57.96000000000003,22.80000000000004,1,1,accelerate-accelerate,-0.04308544844388962,0.07803341001272202,-0.06205105036497116,1,0.07803341001272202,-0.04308544844388962,0.12111885845661163,0.14008446037769318,"[true, true, true]",False,False,False,65033,0,d0edc00f047161f87ff5ac3d9db81a99f2aae764689ab2d74413d9cb5b45dfd5,validation_007,1,6,2031432408,13,,
7,1.4000000000000001,B,mainline,True,False,57.96000000000003,22.80000000000004,1,accelerate,2.0,2.0000000000000284,67.56000000000003,20.80000000000004,1,1,accelerate-accelerate,-0.06620848178863525,0.04671600088477135,-0.19599056243896484,1,0.04671600088477135,-0.06620848178863525,0.1129244826734066,0.2427065633237362,"[true, true, true]",False,False,False,65033,0,d0edc00f047161f87ff5ac3d9db81a99f2aae764689ab2d74413d9cb5b45dfd5,validation_007,1,6,2031432408,13,,
7,1.4000000000000001,B_front,background_mainline,True,,148.0,20.0,,,,,,,,,,,,,,,,,,,,,,65033,0,d0edc00f047161f87ff5ac3d9db81a99f2aae764689ab2d74413d9cb5b45dfd5,validation_007,1,6,2031432408,13,,
7,1.4000000000000001,B_rear,background_mainline,True,,30.533172569358648,18.906498857181067,,,,,,,,,,,,,,,,,,,,,,65033,0,d0edc00f047161f87ff5ac3d9db81a99f2aae764689ab2d74413d9cb5b45dfd5,validation_007,1,6,2031432408,13,,
8,1.6,A,ramp,True,False,71.76000000000005,21.200000000000045,1,accelerate,2.0,2.0000000000000284,62.56000000000004,23.200000000000045,1,1,accelerate-accelerate,-0.042096011340618134,0.08382343500852585,-0.06180666759610176,1,0.08382343500852585,-0.042096011340618134,0.12591944634914398,0.1456301026046276,"[true, true, true]",False,False,False,65033,0,d0edc00f047161f87ff5ac3d9db81a99f2aae764689ab2d74413d9cb5b45dfd5,validation_007,1,6,2031432408,13,,
8,1.6,B,mainline,True,False,62.56000000000004,23.200000000000045,1,accelerate,2.0,2.0000000000000284,71.76000000000005,21.200000000000045,1,1,accelerate-accelerate,-0.06743567436933517,0.044580087065696716,-0.19476884603500366,1,0.044580087065696716,-0.06743567436933517,0.11201576143503189,0.23934893310070038,"[true, true, true]",False,False,False,65033,0,d0edc00f047161f87ff5ac3d9db81a99f2aae764689ab2d74413d9cb5b45dfd5,validation_007,1,6,2031432408,13,,
8,1.6,B_front,background_mainline,True,,152.0,20.0,,,,,,,,,,,,,,,,,,,,,,65033,0,d0edc00f047161f87ff5ac3d9db81a99f2aae764689ab2d74413d9cb5b45dfd5,validation_007,1,6,2031432408,13,,
8,1.6,B_rear,background_mainline,True,,34.31874502797599,18.95054867326254,,,,,,,,,,,,,,,,,,,,,,65033,0,d0edc00f047161f87ff5ac3d9db81a99f2aae764689ab2d74413d9cb5b45dfd5,validation_007,1,6,2031432408,13,,
9,1.8,A,ramp,True,False,76.04000000000005,21.60000000000005,1,accelerate,2.0,2.0000000000000284,67.24000000000005,23.60000000000005,1,1,accelerate-accelerate,-0.04150308668613434,0.09026111662387848,-0.06138738617300987,1,0.09026111662387848,-0.04150308668613434,0.13176420331001282,0.15164850279688835,"[true, true, true]",False,False,False,65033,0,d0edc00f047161f87ff5ac3d9db81a99f2aae764689ab2d74413d9cb5b45dfd5,validation_007,1,6,2031432408,13,,
9,1.8,B,mainline,True,False,67.24000000000005,23.60000000000005,1,accelerate,2.0,2.0000000000000284,76.04000000000005,21.60000000000005,1,1,accelerate-accelerate,-0.0687892958521843,0.04213307797908783,-0.19312463700771332,1,0.04213307797908783,-0.0687892958521843,0.11092237383127213,0.23525771498680115,"[true, true, true]",False,False,False,65033,0,d0edc00f047161f87ff5ac3d9db81a99f2aae764689ab2d74413d9cb5b45dfd5,validation_007,1,6,2031432408,13,,
9,1.8,B_front,background_mainline,True,,156.0,20.0,,,,,,,,,,,,,,,,,,,,,,65033,0,d0edc00f047161f87ff5ac3d9db81a99f2aae764689ab2d74413d9cb5b45dfd5,validation_007,1,6,2031432408,13,,
9,1.8,B_rear,background_mainline,True,,38.11381551623222,19.000790506822323,,,,,,,,,,,,,,,,,,,,,,65033,0,d0edc00f047161f87ff5ac3d9db81a99f2aae764689ab2d74413d9cb5b45dfd5,validation_007,1,6,2031432408,13,,
10,2.0,A,ramp,True,False,80.40000000000005,22.000000000000057,1,accelerate,2.0,2.0000000000000284,72.00000000000007,24.000000000000057,1,1,accelerate-accelerate,-0.04092717915773392,0.09682145714759827,-0.06102537736296654,1,0.09682145714759827,-0.04092717915773392,0.13774863630533218,0.1578468345105648,"[true, true, true]",False,False,False,65033,0,d0edc00f047161f87ff5ac3d9db81a99f2aae764689ab2d74413d9cb5b45dfd5,validation_007,1,6,2031432408,13,,
10,2.0,B,mainline,True,False,72.00000000000007,24.000000000000057,1,accelerate,2.0,2.0000000000000284,80.40000000000005,22.000000000000057,1,1,accelerate-accelerate,-0.06971362978219986,0.03944622725248337,-0.19101984798908234,1,0.03944622725248337,-0.06971362978219986,0.10915985703468323,0.2304660752415657,"[true, true, true]",False,False,False,65033,0,d0edc00f047161f87ff5ac3d9db81a99f2aae764689ab2d74413d9cb5b45dfd5,validation_007,1,6,2031432408,13,,
10,2.0,B_front,background_mainline,True,,160.0,20.0,,,,,,,,,,,,,,,,,,,,,,65033,0,d0edc00f047161f87ff5ac3d9db81a99f2aae764689ab2d74413d9cb5b45dfd5,validation_007,1,6,2031432408,13,,
10,2.0,B_rear,background_mainline,True,,41.91921327682362,19.053199202095076,,,,,,,,,,,,,,,,,,,,,,65033,0,d0edc00f047161f87ff5ac3d9db81a99f2aae764689ab2d74413d9cb5b45dfd5,validation_007,1,6,2031432408,13,,
11,2.2,A,ramp,True,False,84.84000000000006,22.400000000000063,1,accelerate,2.0,2.0000000000000284,76.84000000000009,24.400000000000063,1,1,accelerate-accelerate,-0.041525937616825104,0.10377770662307739,-0.06174064055085182,1,0.10377770662307739,-0.041525937616825104,0.1453036442399025,0.16551834717392921,"[true, true, true]",False,False,False,65033,0,d0edc00f047161f87ff5ac3d9db81a99f2aae764689ab2d74413d9cb5b45dfd5,validation_007,1,6,2031432408,13,,
11,2.2,B,mainline,True,False,76.84000000000009,24.400000000000063,1,accelerate,2.0,2.0000000000000284,84.84000000000006,22.400000000000063,1,1,accelerate-accelerate,-0.07044432312250137,0.03663806617259979,-0.18867748975753784,1,0.03663806617259979,-0.07044432312250137,0.10708238929510117,0.22531555593013763,"[true, true, true]",False,False,False,65033,0,d0edc00f047161f87ff5ac3d9db81a99f2aae764689ab2d74413d9cb5b45dfd5,validation_007,1,6,2031432408,13,,
11,2.2,B_front,background_mainline,True,,164.0,20.0,,,,,,,,,,,,,,,,,,,,,,65033,0,d0edc00f047161f87ff5ac3d9db81a99f2aae764689ab2d74413d9cb5b45dfd5,validation_007,1,6,2031432408,13,,
11,2.2,B_rear,background_mainline,True,,45.73495283863411,19.10379719537739,,,,,,,,,,,,,,,,,,,,,,65033,0,d0edc00f047161f87ff5ac3d9db81a99f2aae764689ab2d74413d9cb5b45dfd5,validation_007,1,6,2031432408,13,,
12,2.4000000000000004,A,ramp,True,False,89.36000000000007,22.800000000000068,1,accelerate,2.0,2.0000000000000284,81.76000000000009,24.800000000000068,1,1,accelerate-accelerate,-0.04234449937939644,0.11051031947135925,-0.061802733689546585,1,0.11051031947135925,-0.04234449937939644,0.1528548188507557,0.17231305316090584,"[true, true, true]",False,False,False,65033,0,d0edc00f047161f87ff5ac3d9db81a99f2aae764689ab2d74413d9cb5b45dfd5,validation_007,1,6,2031432408,13,,
12,2.4000000000000004,B,mainline,True,False,81.76000000000009,24.800000000000068,1,accelerate,2.0,2.0000000000000284,89.36000000000007,22.800000000000068,1,1,accelerate-accelerate,-0.07095740735530853,0.033698178827762604,-0.18641267716884613,1,0.033698178827762604,-0.07095740735530853,0.10465558618307114,0.22011085599660873,"[true, true, true]",False,False,False,65033,0,d0edc00f047161f87ff5ac3d9db81a99f2aae764689ab2d74413d9cb5b45dfd5,validation_007,1,6,2031432408,13,,
12,2.4000000000000004,B_front,background_mainline,True,,168.0,20.0,,,,,,,,,,,,,,,,,,,,,,65033,0,d0edc00f047161f87ff5ac3d9db81a99f2aae764689ab2d74413d9cb5b45dfd5,validation_007,1,6,2031432408,13,,
12,2.4000000000000004,B_rear,background_mainline,True,,49.56056018634528,19.151893737715636,,,,,,,,,,,,,,,,,,,,,,65033,0,d0edc00f047161f87ff5ac3d9db81a99f2aae764689ab2d74413d9cb5b45dfd5,validation_007,1,6,2031432408,13,,
13,2.6,A,ramp,True,False,93.96000000000008,23.200000000000074,1,accelerate,2.0,2.0000000000000284,86.7600000000001,25.200000000000074,1,1,accelerate-accelerate,-0.0424368679523468,0.11652927100658417,-0.06180418282747269,1,0.11652927100658417,-0.0424368679523468,0.15896613895893097,0.17833345383405685,"[true, true, true]",False,False,False,65033,0,d0edc00f047161f87ff5ac3d9db81a99f2aae764689ab2d74413d9cb5b45dfd5,validation_007,1,6,2031432408,13,,
13,2.6,B,mainline,True,False,86.7600000000001,25.200000000000074,1,accelerate,2.0,2.0000000000000284,93.96000000000008,23.200000000000074,1,1,accelerate-accelerate,-0.07152634114027023,0.030712582170963287,-0.18407830595970154,1,0.030712582170963287,-0.07152634114027023,0.10223892331123352,0.21479088813066483,"[true, true, true]",False,False,False,65033,0,d0edc00f047161f87ff5ac3d9db81a99f2aae764689ab2d74413d9cb5b45dfd5,validation_007,1,6,2031432408,13,,
13,2.6,B_front,background_mainline,True,,172.0,20.0,,,,,,,,,,,,,,,,,,,,,,65033,0,d0edc00f047161f87ff5ac3d9db81a99f2aae764689ab2d74413d9cb5b45dfd5,validation_007,1,6,2031432408,13,,
13,2.6,B_rear,background_mainline,True,,53.39554560018414,19.197594066893107,,,,,,,,,,,,,,,,,,,,,,65033,0,d0edc00f047161f87ff5ac3d9db81a99f2aae764689ab2d74413d9cb5b45dfd5,validation_007,1,6,2031432408,13,,
14,2.8000000000000003,A,ramp,True,False,98.6400000000001,23.60000000000008,1,accelerate,2.0,2.0000000000000284,91.84000000000012,25.60000000000008,1,1,accelerate-accelerate,-0.0426517128944397,0.12235017120838165,-0.06172122806310654,1,0.12235017120838165,-0.0426517128944397,0.16500188410282135,0.1840713992714882,"[true, true, true]",False,False,False,65033,0,d0edc00f047161f87ff5ac3d9db81a99f2aae764689ab2d74413d9cb5b45dfd5,validation_007,1,6,2031432408,13,,
14,2.8000000000000003,B,mainline,True,False,91.84000000000012,25.60000000000008,1,accelerate,2.0,2.0000000000000284,98.6400000000001,23.60000000000008,1,1,accelerate-accelerate,-0.07215750217437744,0.02767682820558548,-0.18167173862457275,1,0.02767682820558548,-0.07215750217437744,0.09983433037996292,0.20934856683015823,"[true, true, true]",False,False,False,65033,0,d0edc00f047161f87ff5ac3d9db81a99f2aae764689ab2d74413d9cb5b45dfd5,validation_007,1,6,2031432408,13,,
14,2.8000000000000003,B_front,background_mainline,True,,176.0,20.0,,,,,,,,,,,,,,,,,,,,,,65033,0,d0edc00f047161f87ff5ac3d9db81a99f2aae764689ab2d74413d9cb5b45dfd5,validation_007,1,6,2031432408,13,,
14,2.8000000000000003,B_rear,background_mainline,True,,57.23944010955154,19.24100043735704,,,,,,,,,,,,,,,,,,,,,,65033,0,d0edc00f047161f87ff5ac3d9db81a99f2aae764689ab2d74413d9cb5b45dfd5,validation_007,1,6,2031432408,13,,
15,3.0,A,ramp,True,False,103.40000000000012,24.000000000000085,1,accelerate,2.0,2.0000000000000284,97.00000000000013,26.000000000000085,1,1,accelerate-accelerate,-0.043408311903476715,0.1271292120218277,-0.061194099485874176,1,0.1271292120218277,-0.043408311903476715,0.1705375239253044,0.18832331150770187,"[true, true, true]",False,False,False,65033,0,d0edc00f047161f87ff5ac3d9db81a99f2aae764689ab2d74413d9cb5b45dfd5,validation_007,1,6,2031432408,13,0.9192878161571514,0.4596439080785757
15,3.0,B,mainline,True,False,97.00000000000013,26.000000000000085,1,accelerate,2.0,2.0000000000000284,103.40000000000012,24.000000000000085,1,1,accelerate-accelerate,-0.07376682013273239,0.024943888187408447,-0.17858606576919556,1,0.024943888187408447,-0.07376682013273239,0.09871070832014084,0.203529953956604,"[true, true, true]",False,False,False,65033,0,d0edc00f047161f87ff5ac3d9db81a99f2aae764689ab2d74413d9cb5b45dfd5,validation_007,1,6,2031432408,13,0.9192878161571514,0.4596439080785757
15,3.0,B_front,background_mainline,True,,180.0,20.0,,,,,,,,,,,,,,,,,,,,,,65033,0,d0edc00f047161f87ff5ac3d9db81a99f2aae764689ab2d74413d9cb5b45dfd5,validation_007,1,6,2031432408,13,,
15,3.0,B_rear,background_mainline,True,,61.09179489671632,19.28221212401568,,,,,,,,,,,,,,,,,,,,,,65033,0,d0edc00f047161f87ff5ac3d9db81a99f2aae764689ab2d74413d9cb5b45dfd5,validation_007,1,6,2031432408,13,,
16,3.2,A,ramp,True,False,108.24000000000014,24.40000000000009,1,accelerate,2.0,2.0000000000000284,102.24000000000015,26.40000000000009,1,1,accelerate-accelerate,-0.026680879294872284,0.13710515201091766,-0.04494471848011017,1,0.13710515201091766,-0.026680879294872284,0.16378603130578995,0.18204987049102783,"[true, true, true]",False,False,False,65033,0,d0edc00f047161f87ff5ac3d9db81a99f2aae764689ab2d74413d9cb5b45dfd5,validation_007,1,6,2031432408,13,0.48168358321007076,0.24084179160503538
16,3.2,B,mainline,True,False,102.24000000000015,26.40000000000009,1,accelerate,2.0,2.0000000000000284,108.24000000000014,24.40000000000009,1,1,accelerate-accelerate,-0.086480513215065,0.045208968222141266,-0.1516815572977066,1,0.045208968222141266,-0.086480513215065,0.13168948143720627,0.19689052551984787,"[true, true, true]",False,False,False,65033,0,d0edc00f047161f87ff5ac3d9db81a99f2aae764689ab2d74413d9cb5b45dfd5,validation_007,1,6,2031432408,13,0.48168358321007076,0.24084179160503538
16,3.2,B_front,background_mainline,True,,184.0,20.0,,,,,,,,,,,,,,,,,,,,,,65033,0,d0edc00f047161f87ff5ac3d9db81a99f2aae764689ab2d74413d9cb5b45dfd5,validation_007,1,6,2031432408,13,,
16,3.2,B_rear,background_mainline,True,,64.95218070136413,19.321325426913106,,,,,,,,,,,,,,,,,,,,,,65033,0,d0edc00f047161f87ff5ac3d9db81a99f2aae764689ab2d74413d9cb5b45dfd5,validation_007,1,6,2031432408,13,,
17,3.4000000000000004,A,ramp,True,False,113.16000000000017,24.800000000000097,1,accelerate,2.0,2.0000000000000284,107.56000000000017,26.800000000000097,1,1,accelerate-accelerate,-0.026440918445587158,0.14470478892326355,-0.04334399849176407,1,0.14470478892326355,-0.026440918445587158,0.1711457073688507,0.18804878741502762,"[true, true, true]",True,True,False,65033,0,d0edc00f047161f87ff5ac3d9db81a99f2aae764689ab2d74413d9cb5b45dfd5,validation_007,1,6,2031432408,13,0.04824853696017328,0.02412426848008664
17,3.4000000000000004,B,mainline,True,False,107.56000000000017,26.800000000000097,1,accelerate,2.0,2.0000000000000284,113.16000000000017,24.800000000000097,1,1,accelerate-accelerate,-0.08875966817140579,0.0428134948015213,-0.1470128893852234,1,0.0428134948015213,-0.08875966817140579,0.1315731629729271,0.1898263841867447,"[true, true, true]",True,True,False,65033,0,d0edc00f047161f87ff5ac3d9db81a99f2aae764689ab2d74413d9cb5b45dfd5,validation_007,1,6,2031432408,13,0.04824853696017328,0.02412426848008664
17,3.4000000000000004,B_front,background_mainline,True,,188.0,20.0,,,,,,,,,,,,,,,,,,,,,,65033,0,d0edc00f047161f87ff5ac3d9db81a99f2aae764689ab2d74413d9cb5b45dfd5,validation_007,1,6,2031432408,13,,
17,3.4000000000000004,B_rear,background_mainline,True,,68.82018722615585,19.35843367668986,,,,,,,,,,,,,,,,,,,,,,65033,0,d0edc00f047161f87ff5ac3d9db81a99f2aae764689ab2d74413d9cb5b45dfd5,validation_007,1,6,2031432408,13,,
0,0.0,A,mainline,True,False,38.4,16.0,1,accelerate,0.0,2.0000000000000284,29.599999999999994,18.0,1,1,accelerate-accelerate,-0.028243742883205414,-0.009910762310028076,-0.026308655738830566,1,-0.009910762310028076,-0.026308655738830566,0.01639789342880249,0.018332980573177338,"[true, true, true]",False,False,False,65033,0,d0edc00f047161f87ff5ac3d9db81a99f2aae764689ab2d74413d9cb5b45dfd5,validation_008,0,7,308420728,14,,
0,0.0,B,ramp,True,False,29.599999999999994,18.0,1,accelerate,0.0,2.0000000000000284,38.4,16.0,1,1,accelerate-accelerate,-0.078458271920681,0.06527362763881683,-0.2184697985649109,1,0.06527362763881683,-0.078458271920681,0.14373189955949783,0.2837434262037277,"[true, true, true]",False,False,False,65033,0,d0edc00f047161f87ff5ac3d9db81a99f2aae764689ab2d74413d9cb5b45dfd5,validation_008,0,7,308420728,14,,
0,0.0,B_front,background_mainline,True,,108.0,20.0,,,,,,,,,,,,,,,,,,,,,,65033,0,d0edc00f047161f87ff5ac3d9db81a99f2aae764689ab2d74413d9cb5b45dfd5,validation_008,0,7,308420728,14,,
0,0.0,B_rear,background_mainline,True,,9.492773965497049,18.99749432459673,,,,,,,,,,,,,,,,,,,,,,65033,0,d0edc00f047161f87ff5ac3d9db81a99f2aae764689ab2d74413d9cb5b45dfd5,validation_008,0,7,308420728,14,,
1,0.2,A,mainline,True,False,41.64,16.400000000000006,1,accelerate,2.0,2.0000000000000284,33.23999999999999,18.400000000000006,1,1,accelerate-accelerate,-0.02855798602104187,-0.005516156554222107,-0.023962467908859253,1,-0.005516156554222107,-0.023962467908859253,0.018446311354637146,0.023041829466819763,"[true, true, true]",False,False,False,65033,0,d0edc00f047161f87ff5ac3d9db81a99f2aae764689ab2d74413d9cb5b45dfd5,validation_008,0,7,308420728,14,,
1,0.2,B,ramp,True,False,33.23999999999999,18.400000000000006,1,accelerate,2.0,2.0000000000000284,41.64,16.400000000000006,1,1,accelerate-accelerate,-0.08060301840305328,0.06477341055870056,-0.21839489042758942,1,0.06477341055870056,-0.08060301840305328,0.14537642896175385,0.28316830098629,"[true, true, true]",False,False,False,65033,0,d0edc00f047161f87ff5ac3d9db81a99f2aae764689ab2d74413d9cb5b45dfd5,validation_008,0,7,308420728,14,,
1,0.2,B_front,background_mainline,True,,112.0,20.0,,,,,,,,,,,,,,,,,,,,,,65033,0,d0edc00f047161f87ff5ac3d9db81a99f2aae764689ab2d74413d9cb5b45dfd5,validation_008,0,7,308420728,14,,
1,0.2,B_rear,background_mainline,True,,13.22254215377909,18.34152756510569,,,,,,,,,,,,,,,,,,,,,,65033,0,d0edc00f047161f87ff5ac3d9db81a99f2aae764689ab2d74413d9cb5b45dfd5,validation_008,0,7,308420728,14,,
2,0.4,A,mainline,True,False,44.96,16.80000000000001,1,accelerate,2.0,2.0000000000000284,36.95999999999999,18.80000000000001,1,1,accelerate-accelerate,-0.028387323021888733,-0.0014836937189102173,-0.022028453648090363,1,-0.0014836937189102173,-0.022028453648090363,0.020544759929180145,0.026903629302978516,"[true, true, true]",False,False,False,65033,0,d0edc00f047161f87ff5ac3d9db81a99f2aae764689ab2d74413d9cb5b45dfd5,validation_008,0,7,308420728,14,,
2,0.4,B,ramp,True,False,36.95999999999999,18.80000000000001,1,accelerate,2.0,2.0000000000000284,44.96,16.80000000000001,1,1,accelerate-accelerate,-0.08209458738565445,0.06434684991836548,-0.21822527050971985,1,0.06434684991836548,-0.08209458738565445,0.14644143730401993,0.2825721204280853,"[true, true, true]",False,False,False,65033,0,d0edc00f047161f87ff5ac3d9db81a99f2aae764689ab2d74413d9cb5b45dfd5,validation_008,0,7,308420728,14,,
2,0.4,B_front,background_mainline,True,,116.0,20.0,,,,,,,,,,,,,,,,,,,,,,65033,0,d0edc00f047161f87ff5ac3d9db81a99f2aae764689ab2d74413d9cb5b45dfd5,validation_008,0,7,308420728,14,,
2,0.4,B_rear,background_mainline,True,,16.84405980223203,17.900659069121016,,,,,,,,,,,,,,,,,,,,,,65033,0,d0edc00f047161f87ff5ac3d9db81a99f2aae764689ab2d74413d9cb5b45dfd5,validation_008,0,7,308420728,14,,
3,0.6000000000000001,A,mainline,True,False,48.36000000000001,17.200000000000017,1,accelerate,2.0,2.0000000000000284,40.75999999999999,19.200000000000017,1,1,accelerate-accelerate,-0.027933456003665924,0.002091825008392334,-0.020445041358470917,1,0.002091825008392334,-0.020445041358470917,0.02253686636686325,0.030025281012058258,"[true, true, true]",False,False,False,65033,0,d0edc00f047161f87ff5ac3d9db81a99f2aae764689ab2d74413d9cb5b45dfd5,validation_008,0,7,308420728,14,,
3,0.6000000000000001,B,ramp,True,False,40.75999999999999,19.200000000000017,1,accelerate,2.0,2.0000000000000284,48.36000000000001,17.200000000000017,1,1,accelerate-accelerate,-0.0833992063999176,0.06399314105510712,-0.21774019300937653,1,0.06399314105510712,-0.0833992063999176,0.14739234745502472,0.28173333406448364,"[true, true, true]",False,False,False,65033,0,d0edc00f047161f87ff5ac3d9db81a99f2aae764689ab2d74413d9cb5b45dfd5,validation_008,0,7,308420728,14,,
3,0.6000000000000001,B_front,background_mainline,True,,120.0,20.0,,,,,,,,,,,,,,,,,,,,,,65033,0,d0edc00f047161f87ff5ac3d9db81a99f2aae764689ab2d74413d9cb5b45dfd5,validation_008,0,7,308420728,14,,
3,0.6000000000000001,B_rear,background_mainline,True,,20.392708662119105,17.60461817657726,,,,,,,,,,,,,,,,,,,,,,65033,0,d0edc00f047161f87ff5ac3d9db81a99f2aae764689ab2d74413d9cb5b45dfd5,validation_008,0,7,308420728,14,,
4,0.8,A,mainline,True,False,51.84000000000001,17.600000000000023,1,accelerate,2.0,2.0000000000000284,44.63999999999999,19.600000000000023,1,1,accelerate-accelerate,-0.027544721961021423,0.005858160555362701,-0.01904311031103134,1,0.005858160555362701,-0.01904311031103134,0.024901270866394043,0.033402882516384125,"[true, true, true]",False,False,False,65033,0,d0edc00f047161f87ff5ac3d9db81a99f2aae764689ab2d74413d9cb5b45dfd5,validation_008,0,7,308420728,14,,
4,0.8,B,ramp,True,False,44.63999999999999,19.600000000000023,1,accelerate,2.0,2.0000000000000284,51.84000000000001,17.600000000000023,1,1,accelerate-accelerate,-0.08457430452108383,0.06361224502325058,-0.217094287276268,1,0.06361224502325058,-0.08457430452108383,0.1481865495443344,0.2807065322995186,"[true, true, true]",False,False,False,65033,0,d0edc00f047161f87ff5ac3d9db81a99f2aae764689ab2d74413d9cb5b45dfd5,validation_008,0,7,308420728,14,,
4,0.8,B_front,background_mainline,True,,124.0,20.0,,,,,,,,,,,,,,,,,,,,,,65033,0,d0edc00f047161f87ff5ac3d9db81a99f2aae764689ab2d74413d9cb5b45dfd5,validation_008,0,7,308420728,14,,
4,0.8,B_rear,background_mainline,True,,23.892947036164532,17.411397084444914,,,,,,,,,,,,,,,,,,,,,,65033,0,d0edc00f047161f87ff5ac3d9db81a99f2aae764689ab2d74413d9cb5b45dfd5,validation_008,0,7,308420728,14,,
5,1.0,A,mainline,True,False,55.40000000000001,18.00000000000003,1,accelerate,2.0,2.0000000000000284,48.6,20.00000000000003,1,1,accelerate-accelerate,-0.026948347687721252,0.00955737754702568,-0.017753571271896362,1,0.00955737754702568,-0.017753571271896362,0.027310948818922043,0.03650572523474693,"[true, true, true]",False,False,False,65033,0,d0edc00f047161f87ff5ac3d9db81a99f2aae764689ab2d74413d9cb5b45dfd5,validation_008,0,7,308420728,14,,
5,1.0,B,ramp,True,False,48.6,20.00000000000003,1,accelerate,2.0,2.0000000000000284,55.40000000000001,18.00000000000003,1,1,accelerate-accelerate,-0.08548516035079956,0.0630582943558693,-0.21621595323085785,1,0.0630582943558693,-0.08548516035079956,0.14854345470666885,0.27927424758672714,"[true, true, true]",False,False,False,65033,0,d0edc00f047161f87ff5ac3d9db81a99f2aae764689ab2d74413d9cb5b45dfd5,validation_008,0,7,308420728,14,,
5,1.0,B_front,background_mainline,True,,128.0,20.0,,,,,,,,,,,,,,,,,,,,,,65033,0,d0edc00f047161f87ff5ac3d9db81a99f2aae764689ab2d74413d9cb5b45dfd5,validation_008,0,7,308420728,14,,
5,1.0,B_rear,background_mainline,True,,27.362451423162312,17.293823125007094,,,,,,,,,,,,,,,,,,,,,,65033,0,d0edc00f047161f87ff5ac3d9db81a99f2aae764689ab2d74413d9cb5b45dfd5,validation_008,0,7,308420728,14,,
6,1.2000000000000002,A,mainline,True,False,59.04000000000002,18.400000000000034,1,accelerate,2.0,2.0000000000000284,52.64000000000001,20.400000000000034,1,1,accelerate-accelerate,-0.026141494512557983,0.013149671256542206,-0.016548745334148407,1,0.013149671256542206,-0.016548745334148407,0.029698416590690613,0.03929116576910019,"[true, true, true]",False,False,False,65033,0,d0edc00f047161f87ff5ac3d9db81a99f2aae764689ab2d74413d9cb5b45dfd5,validation_008,0,7,308420728,14,,
6,1.2000000000000002,B,ramp,True,False,52.64000000000001,20.400000000000034,1,accelerate,2.0,2.0000000000000284,59.04000000000002,18.400000000000034,1,1,accelerate-accelerate,-0.08623361587524414,0.06239228695631027,-0.2151881456375122,1,0.06239228695631027,-0.08623361587524414,0.1486259028315544,0.2775804325938225,"[true, true, true]",False,False,False,65033,0,d0edc00f047161f87ff5ac3d9db81a99f2aae764689ab2d74413d9cb5b45dfd5,validation_008,0,7,308420728,14,,
6,1.2000000000000002,B_front,background_mainline,True,,132.0,20.0,,,,,,,,,,,,,,,,,,,,,,65033,0,d0edc00f047161f87ff5ac3d9db81a99f2aae764689ab2d74413d9cb5b45dfd5,validation_008,0,7,308420728,14,,
6,1.2000000000000002,B_rear,background_mainline,True,,30.814384655701836,17.23324994757526,,,,,,,,,,,,,,,,,,,,,,65033,0,d0edc00f047161f87ff5ac3d9db81a99f2aae764689ab2d74413d9cb5b45dfd5,validation_008,0,7,308420728,14,,
7,1.4000000000000001,A,mainline,True,False,62.760000000000026,18.80000000000004,1,accelerate,2.0,2.0000000000000284,56.76000000000001,20.80000000000004,1,1,accelerate-accelerate,-0.025085724890232086,0.016654811799526215,-0.014806129038333893,1,0.016654811799526215,-0.014806129038333893,0.03146094083786011,0.0417405366897583,"[true, true, true]",False,False,False,65033,0,d0edc00f047161f87ff5ac3d9db81a99f2aae764689ab2d74413d9cb5b45dfd5,validation_008,0,7,308420728,14,,
7,1.4000000000000001,B,ramp,True,False,56.76000000000001,20.80000000000004,1,accelerate,2.0,2.0000000000000284,62.760000000000026,18.80000000000004,1,1,accelerate-accelerate,-0.0856158509850502,0.061874084174633026,-0.21347779035568237,1,0.061874084174633026,-0.0856158509850502,0.14748993515968323,0.2753518745303154,"[true, true, true]",False,False,False,65033,0,d0edc00f047161f87ff5ac3d9db81a99f2aae764689ab2d74413d9cb5b45dfd5,validation_008,0,7,308420728,14,,
7,1.4000000000000001,B_front,background_mainline,True,,136.0,20.0,,,,,,,,,,,,,,,,,,,,,,65033,0,d0edc00f047161f87ff5ac3d9db81a99f2aae764689ab2d74413d9cb5b45dfd5,validation_008,0,7,308420728,14,,
7,1.4000000000000001,B_rear,background_mainline,True,,34.25874221065077,17.216278596202045,,,,,,,,,,,,,,,,,,,,,,65033,0,d0edc00f047161f87ff5ac3d9db81a99f2aae764689ab2d74413d9cb5b45dfd5,validation_008,0,7,308420728,14,,
8,1.6,A,mainline,True,False,66.56000000000003,19.200000000000045,1,accelerate,2.0,2.0000000000000284,60.96000000000002,21.200000000000045,1,1,accelerate-accelerate,-0.023962020874023438,0.02016839012503624,-0.01272609829902649,1,0.02016839012503624,-0.01272609829902649,0.03289448842406273,0.04413041099905968,"[true, true, true]",False,False,False,65033,0,d0edc00f047161f87ff5ac3d9db81a99f2aae764689ab2d74413d9cb5b45dfd5,validation_008,0,7,308420728,14,,
8,1.6,B,ramp,True,False,60.96000000000002,21.200000000000045,1,accelerate,2.0,2.0000000000000284,66.56000000000003,19.200000000000045,1,1,accelerate-accelerate,-0.08461180329322815,0.06154579296708107,-0.21136474609375,1,0.06154579296708107,-0.08461180329322815,0.14615759626030922,0.27291053906083107,"[true, true, true]",False,False,False,65033,0,d0edc00f047161f87ff5ac3d9db81a99f2aae764689ab2d74413d9cb5b45dfd5,validation_008,0,7,308420728,14,,
8,1.6,B_front,background_mainline,True,,140.0,20.0,,,,,,,,,,,,,,,,,,,,,,65033,0,d0edc00f047161f87ff5ac3d9db81a99f2aae764689ab2d74413d9cb5b45dfd5,validation_008,0,7,308420728,14,,
8,1.6,B_rear,background_mainline,True,,37.703202188312375,17.23291800269014,,,,,,,,,,,,,,,,,,,,,,65033,0,d0edc00f047161f87ff5ac3d9db81a99f2aae764689ab2d74413d9cb5b45dfd5,validation_008,0,7,308420728,14,,
9,1.8,A,mainline,True,False,70.44000000000004,19.60000000000005,1,accelerate,2.0,2.0000000000000284,65.24000000000002,21.60000000000005,1,1,accelerate-accelerate,-0.023229651153087616,0.024510037153959274,-0.01009196788072586,1,0.024510037153959274,-0.01009196788072586,0.034602005034685135,0.04773968830704689,"[true, true, true]",False,False,False,65033,0,d0edc00f047161f87ff5ac3d9db81a99f2aae764689ab2d74413d9cb5b45dfd5,validation_008,0,7,308420728,14,,
9,1.8,B,ramp,True,False,65.24000000000002,21.60000000000005,1,accelerate,2.0,2.0000000000000284,70.44000000000004,19.60000000000005,1,1,accelerate-accelerate,-0.08466225117444992,0.059962011873722076,-0.2094718962907791,1,0.059962011873722076,-0.08466225117444992,0.144624263048172,0.2694339081645012,"[true, true, true]",False,False,False,65033,0,d0edc00f047161f87ff5ac3d9db81a99f2aae764689ab2d74413d9cb5b45dfd5,validation_008,0,7,308420728,14,,
9,1.8,B_front,background_mainline,True,,144.0,20.0,,,,,,,,,,,,,,,,,,,,,,65033,0,d0edc00f047161f87ff5ac3d9db81a99f2aae764689ab2d74413d9cb5b45dfd5,validation_008,0,7,308420728,14,,
9,1.8,B_rear,background_mainline,True,,41.15368893756659,17.275489127033822,,,,,,,,,,,,,,,,,,,,,,65033,0,d0edc00f047161f87ff5ac3d9db81a99f2aae764689ab2d74413d9cb5b45dfd5,validation_008,0,7,308420728,14,,
10,2.0,A,mainline,True,False,74.40000000000005,20.000000000000057,1,accelerate,2.0,2.0000000000000284,69.60000000000002,22.000000000000057,1,1,accelerate-accelerate,-0.022683709859848022,0.02959471568465233,-0.007584303617477417,1,0.02959471568465233,-0.007584303617477417,0.037179019302129745,0.05227842554450035,"[true, true, true]",False,False,False,65033,0,d0edc00f047161f87ff5ac3d9db81a99f2aae764689ab2d74413d9cb5b45dfd5,validation_008,0,7,308420728,14,,
10,2.0,B,ramp,True,False,69.60000000000002,22.000000000000057,1,accelerate,2.0,2.0000000000000284,74.40000000000005,20.000000000000057,1,1,accelerate-accelerate,-0.08499105274677277,0.05811244249343872,-0.2078615427017212,1,0.05811244249343872,-0.08499105274677277,0.1431034952402115,0.2659739851951599,"[true, true, true]",False,False,False,65033,0,d0edc00f047161f87ff5ac3d9db81a99f2aae764689ab2d74413d9cb5b45dfd5,validation_008,0,7,308420728,14,,
10,2.0,B_front,background_mainline,True,,148.0,20.0,,,,,,,,,,,,,,,,,,,,,,65033,0,d0edc00f047161f87ff5ac3d9db81a99f2aae764689ab2d74413d9cb5b45dfd5,validation_008,0,7,308420728,14,,
10,2.0,B_rear,background_mainline,True,,44.614762167337226,17.33793975197605,,,,,,,,,,,,,,,,,,,,,,65033,0,d0edc00f047161f87ff5ac3d9db81a99f2aae764689ab2d74413d9cb5b45dfd5,validation_008,0,7,308420728,14,,
11,2.2,A,mainline,True,False,78.44000000000005,20.400000000000063,1,accelerate,2.0,2.0000000000000284,74.04000000000003,22.400000000000063,1,1,accelerate-accelerate,-0.022256992757320404,0.034863539040088654,-0.005093246698379517,1,0.034863539040088654,-0.005093246698379517,0.03995678573846817,0.05712053179740906,"[true, true, true]",False,False,False,65033,0,d0edc00f047161f87ff5ac3d9db81a99f2aae764689ab2d74413d9cb5b45dfd5,validation_008,0,7,308420728,14,,
11,2.2,B,ramp,True,False,74.04000000000003,22.400000000000063,1,accelerate,2.0,2.0000000000000284,78.44000000000005,20.400000000000063,1,1,accelerate-accelerate,-0.0852467492222786,0.056022122502326965,-0.2056538164615631,1,0.056022122502326965,-0.0852467492222786,0.14126887172460556,0.2616759389638901,"[true, true, true]",False,False,False,65033,0,d0edc00f047161f87ff5ac3d9db81a99f2aae764689ab2d74413d9cb5b45dfd5,validation_008,0,7,308420728,14,,
11,2.2,B_front,background_mainline,True,,152.0,20.0,,,,,,,,,,,,,,,,,,,,,,65033,0,d0edc00f047161f87ff5ac3d9db81a99f2aae764689ab2d74413d9cb5b45dfd5,validation_008,0,7,308420728,14,,
11,2.2,B_rear,background_mainline,True,,48.089894879451464,17.41539876827871,,,,,,,,,,,,,,,,,,,,,,65033,0,d0edc00f047161f87ff5ac3d9db81a99f2aae764689ab2d74413d9cb5b45dfd5,validation_008,0,7,308420728,14,,
12,2.4000000000000004,A,mainline,True,False,82.56000000000007,20.800000000000068,1,accelerate,2.0,2.0000000000000284,78.56000000000004,22.800000000000068,1,1,accelerate-accelerate,-0.021782591938972473,0.04018817096948624,-0.0025931373238563538,1,0.04018817096948624,-0.0025931373238563538,0.04278130829334259,0.06197076290845871,"[true, true, true]",False,False,False,65033,0,d0edc00f047161f87ff5ac3d9db81a99f2aae764689ab2d74413d9cb5b45dfd5,validation_008,0,7,308420728,14,,
12,2.4000000000000004,B,ramp,True,False,78.56000000000004,22.800000000000068,1,accelerate,2.0,2.0000000000000284,82.56000000000007,20.800000000000068,1,1,accelerate-accelerate,-0.08564955741167068,0.05346590280532837,-0.20297323167324066,1,0.05346590280532837,-0.08564955741167068,0.13911546021699905,0.25643913447856903,"[true, true, true]",False,False,False,65033,0,d0edc00f047161f87ff5ac3d9db81a99f2aae764689ab2d74413d9cb5b45dfd5,validation_008,0,7,308420728,14,,
12,2.4000000000000004,B_front,background_mainline,True,,156.0,20.0,,,,,,,,,,,,,,,,,,,,,,65033,0,d0edc00f047161f87ff5ac3d9db81a99f2aae764689ab2d74413d9cb5b45dfd5,validation_008,0,7,308420728,14,,
12,2.4000000000000004,B_rear,background_mainline,True,,51.58167785412581,17.503876679601632,,,,,,,,,,,,,,,,,,,,,,65033,0,d0edc00f047161f87ff5ac3d9db81a99f2aae764689ab2d74413d9cb5b45dfd5,validation_008,0,7,308420728,14,,
13,2.6,A,mainline,True,False,86.76000000000009,21.200000000000074,1,accelerate,2.0,2.0000000000000284,83.16000000000005,23.200000000000074,1,1,accelerate-accelerate,-0.0212688148021698,0.04557309299707413,-7.997453212738037e-05,1,0.04557309299707413,-7.997453212738037e-05,0.04565306752920151,0.06684190779924393,"[true, true, true]",False,False,False,65033,0,d0edc00f047161f87ff5ac3d9db81a99f2aae764689ab2d74413d9cb5b45dfd5,validation_008,0,7,308420728,14,,
13,2.6,B,ramp,True,False,83.16000000000005,23.200000000000074,1,accelerate,2.0,2.0000000000000284,86.76000000000009,21.200000000000074,1,1,accelerate-accelerate,-0.08540397882461548,0.050075046718120575,-0.2003760039806366,1,0.050075046718120575,-0.08540397882461548,0.13547902554273605,0.25045105069875717,"[true, true, true]",False,False,False,65033,0,d0edc00f047161f87ff5ac3d9db81a99f2aae764689ab2d74413d9cb5b45dfd5,validation_008,0,7,308420728,14,,
13,2.6,B_front,background_mainline,True,,160.0,20.0,,,,,,,,,,,,,,,,,,,,,,65033,0,d0edc00f047161f87ff5ac3d9db81a99f2aae764689ab2d74413d9cb5b45dfd5,validation_008,0,7,308420728,14,,
13,2.6,B_rear,background_mainline,True,,55.09197415038723,17.600058948801003,,,,,,,,,,,,,,,,,,,,,,65033,0,d0edc00f047161f87ff5ac3d9db81a99f2aae764689ab2d74413d9cb5b45dfd5,validation_008,0,7,308420728,14,,
14,2.8000000000000003,A,mainline,True,False,91.0400000000001,21.60000000000008,1,accelerate,2.0,2.0000000000000284,87.84000000000007,23.60000000000008,1,1,accelerate-accelerate,-0.020729348063468933,0.05101621896028519,0.0024481192231178284,1,0.05101621896028519,0.0024481192231178284,0.04856809973716736,0.07174556702375412,"[true, true, true]",False,False,False,65033,0,d0edc00f047161f87ff5ac3d9db81a99f2aae764689ab2d74413d9cb5b45dfd5,validation_008,0,7,308420728,14,,
14,2.8000000000000003,B,ramp,True,False,87.84000000000007,23.60000000000008,1,accelerate,2.0,2.0000000000000284,91.0400000000001,21.60000000000008,1,1,accelerate-accelerate,-0.08508343249559402,0.04662194103002548,-0.19774505496025085,1,0.04662194103002548,-0.08508343249559402,0.1317053735256195,0.24436699599027634,"[true, true, true]",False,False,False,65033,0,d0edc00f047161f87ff5ac3d9db81a99f2aae764689ab2d74413d9cb5b45dfd5,validation_008,0,7,308420728,14,,
14,2.8000000000000003,B_front,background_mainline,True,,164.0,20.0,,,,,,,,,,,,,,,,,,,,,,65033,0,d0edc00f047161f87ff5ac3d9db81a99f2aae764689ab2d74413d9cb5b45dfd5,validation_008,0,7,308420728,14,,
14,2.8000000000000003,B_rear,background_mainline,True,,58.62203875775818,17.70116032303636,,,,,,,,,,,,,,,,,,,,,,65033,0,d0edc00f047161f87ff5ac3d9db81a99f2aae764689ab2d74413d9cb5b45dfd5,validation_008,0,7,308420728,14,,
15,3.0,A,mainline,True,False,95.40000000000013,22.000000000000085,1,accelerate,2.0,2.0000000000000284,92.6000000000001,24.000000000000085,1,1,accelerate-accelerate,-0.019721031188964844,0.05586736649274826,0.004491172730922699,1,0.05586736649274826,0.004491172730922699,0.05137619376182556,0.0755883976817131,"[true, true, true]",False,False,False,65033,0,d0edc00f047161f87ff5ac3d9db81a99f2aae764689ab2d74413d9cb5b45dfd5,validation_008,0,7,308420728,14,,
15,3.0,B,ramp,True,False,92.6000000000001,24.000000000000085,1,accelerate,2.0,2.0000000000000284,95.40000000000013,22.000000000000085,1,1,accelerate-accelerate,-0.08488635718822479,0.043100565671920776,-0.19525450468063354,1,0.043100565671920776,-0.08488635718822479,0.12798692286014557,0.23835507035255432,"[true, true, true]",False,False,False,65033,0,d0edc00f047161f87ff5ac3d9db81a99f2aae764689ab2d74413d9cb5b45dfd5,validation_008,0,7,308420728,14,,
15,3.0,B_front,background_mainline,True,,168.0,20.0,,,,,,,,,,,,,,,,,,,,,,65033,0,d0edc00f047161f87ff5ac3d9db81a99f2aae764689ab2d74413d9cb5b45dfd5,validation_008,0,7,308420728,14,,
15,3.0,B_rear,background_mainline,True,,62.17261347941676,17.804820397434625,,,,,,,,,,,,,,,,,,,,,,65033,0,d0edc00f047161f87ff5ac3d9db81a99f2aae764689ab2d74413d9cb5b45dfd5,validation_008,0,7,308420728,14,,
16,3.2,A,mainline,True,False,99.84000000000016,22.40000000000009,1,accelerate,2.0,2.0000000000000284,97.44000000000011,24.40000000000009,1,1,accelerate-accelerate,-0.019132167100906372,0.060305483639240265,0.006258130073547363,1,0.060305483639240265,0.006258130073547363,0.0540473535656929,0.07943765074014664,"[true, true, true]",False,False,False,65033,0,d0edc00f047161f87ff5ac3d9db81a99f2aae764689ab2d74413d9cb5b45dfd5,validation_008,0,7,308420728,14,,
16,3.2,B,ramp,True,False,97.44000000000011,24.40000000000009,1,accelerate,2.0,2.0000000000000284,99.84000000000016,22.40000000000009,1,1,accelerate-accelerate,-0.08492977172136307,0.03987628594040871,-0.1920691281557083,1,0.03987628594040871,-0.08492977172136307,0.12480605766177177,0.23194541409611702,"[true, true, true]",False,False,False,65033,0,d0edc00f047161f87ff5ac3d9db81a99f2aae764689ab2d74413d9cb5b45dfd5,validation_008,0,7,308420728,14,,
16,3.2,B_front,background_mainline,True,,172.0,20.0,,,,,,,,,,,,,,,,,,,,,,65033,0,d0edc00f047161f87ff5ac3d9db81a99f2aae764689ab2d74413d9cb5b45dfd5,validation_008,0,7,308420728,14,,
16,3.2,B_rear,background_mainline,True,,65.74400394515291,17.909027766915347,,,,,,,,,,,,,,,,,,,,,,65033,0,d0edc00f047161f87ff5ac3d9db81a99f2aae764689ab2d74413d9cb5b45dfd5,validation_008,0,7,308420728,14,,
17,3.4000000000000004,A,mainline,True,False,104.36000000000017,22.800000000000097,1,accelerate,2.0,2.0000000000000284,102.36000000000014,24.800000000000097,1,1,accelerate-accelerate,-0.0195012167096138,0.06419381499290466,0.007668539881706238,1,0.06419381499290466,0.007668539881706238,0.056525275111198425,0.08369503170251846,"[true, true, true]",False,False,False,65033,0,d0edc00f047161f87ff5ac3d9db81a99f2aae764689ab2d74413d9cb5b45dfd5,validation_008,0,7,308420728,14,-3.3259279415774756,0.0
17,3.4000000000000004,B,ramp,True,False,102.36000000000014,24.800000000000097,1,accelerate,2.0,2.0000000000000284,104.36000000000017,22.800000000000097,1,1,accelerate-accelerate,-0.08489703387022018,0.036793891340494156,-0.18883320689201355,1,0.036793891340494156,-0.08489703387022018,0.12169092521071434,0.2256270982325077,"[true, true, true]",False,False,False,65033,0,d0edc00f047161f87ff5ac3d9db81a99f2aae764689ab2d74413d9cb5b45dfd5,validation_008,0,7,308420728,14,-3.3259279415774756,0.0
17,3.4000000000000004,B_front,background_mainline,True,,176.0,20.0,,,,,,,,,,,,,,,,,,,,,,65033,0,d0edc00f047161f87ff5ac3d9db81a99f2aae764689ab2d74413d9cb5b45dfd5,validation_008,0,7,308420728,14,,
17,3.4000000000000004,B_rear,background_mainline,True,,69.33614589462587,18.012156856800424,,,,,,,,,,,,,,,,,,,,,,65033,0,d0edc00f047161f87ff5ac3d9db81a99f2aae764689ab2d74413d9cb5b45dfd5,validation_008,0,7,308420728,14,,
18,3.6,A,mainline,True,False,108.96000000000018,23.200000000000102,1,accelerate,2.0,2.0000000000000284,107.36000000000017,25.200000000000102,1,1,accelerate-accelerate,-0.02022041380405426,0.05420389026403427,0.012875661253929138,1,0.05420389026403427,0.012875661253929138,0.04132822901010513,0.07442430406808853,"[true, true, true]",True,True,False,65033,0,d0edc00f047161f87ff5ac3d9db81a99f2aae764689ab2d74413d9cb5b45dfd5,validation_008,0,7,308420728,14,-3.416369466847101,0.0
18,3.6,B,ramp,True,False,107.36000000000017,25.200000000000102,1,accelerate,2.0,2.0000000000000284,108.96000000000018,23.200000000000102,1,1,accelerate-accelerate,-0.0919634997844696,0.046519696712493896,-0.15861450135707855,1,0.046519696712493896,-0.0919634997844696,0.1384831964969635,0.20513419806957245,"[true, true, true]",True,True,False,65033,0,d0edc00f047161f87ff5ac3d9db81a99f2aae764689ab2d74413d9cb5b45dfd5,validation_008,0,7,308420728,14,-3.416369466847101,0.0
18,3.6,B_front,background_mainline,True,,177.0,20.0,,,,,,,,,,,,,,,,,,,,,,65033,0,d0edc00f047161f87ff5ac3d9db81a99f2aae764689ab2d74413d9cb5b45dfd5,validation_008,0,7,308420728,14,,
18,3.6,B_rear,background_mainline,True,,70.23738831515571,18.037539964393254,,,,,,,,,,,,,,,,,,,,,,65033,0,d0edc00f047161f87ff5ac3d9db81a99f2aae764689ab2d74413d9cb5b45dfd5,validation_008,0,7,308420728,14,,
0,0.0,A,ramp,True,False,29.599999999999994,18.0,1,accelerate,0.0,2.0000000000000284,38.4,16.0,1,1,accelerate-accelerate,-0.04459020495414734,0.04556373506784439,-0.06474888324737549,1,0.04556373506784439,-0.04459020495414734,0.09015394002199173,0.11031261831521988,"[true, true, true]",False,False,False,65033,0,d0edc00f047161f87ff5ac3d9db81a99f2aae764689ab2d74413d9cb5b45dfd5,validation_008,1,7,308420728,15,,
0,0.0,B,mainline,True,False,38.4,16.0,1,accelerate,0.0,2.0000000000000284,29.599999999999994,18.0,1,1,accelerate-accelerate,-0.056009382009506226,0.06558028608560562,-0.1909765601158142,1,0.06558028608560562,-0.056009382009506226,0.12158966809511185,0.25655684620141983,"[true, true, true]",False,False,False,65033,0,d0edc00f047161f87ff5ac3d9db81a99f2aae764689ab2d74413d9cb5b45dfd5,validation_008,1,7,308420728,15,,
0,0.0,B_front,background_mainline,True,,108.0,20.0,,,,,,,,,,,,,,,,,,,,,,65033,0,d0edc00f047161f87ff5ac3d9db81a99f2aae764689ab2d74413d9cb5b45dfd5,validation_008,1,7,308420728,15,,
0,0.0,B_rear,background_mainline,True,,9.492773965497049,18.99749432459673,,,,,,,,,,,,,,,,,,,,,,65033,0,d0edc00f047161f87ff5ac3d9db81a99f2aae764689ab2d74413d9cb5b45dfd5,validation_008,1,7,308420728,15,,
1,0.2,A,ramp,True,False,33.23999999999999,18.400000000000006,1,accelerate,2.0,2.0000000000000284,41.64,16.400000000000006,1,1,accelerate-accelerate,-0.044090256094932556,0.0484703965485096,-0.0631561130285263,1,0.0484703965485096,-0.044090256094932556,0.09256065264344215,0.1116265095770359,"[true, true, true]",False,False,False,65033,0,d0edc00f047161f87ff5ac3d9db81a99f2aae764689ab2d74413d9cb5b45dfd5,validation_008,1,7,308420728,15,,
1,0.2,B,mainline,True,False,41.64,16.400000000000006,1,accelerate,2.0,2.0000000000000284,33.23999999999999,18.400000000000006,1,1,accelerate-accelerate,-0.0570332407951355,0.06455850601196289,-0.19124676287174225,1,0.06455850601196289,-0.0570332407951355,0.12159174680709839,0.25580526888370514,"[true, true, true]",False,False,False,65033,0,d0edc00f047161f87ff5ac3d9db81a99f2aae764689ab2d74413d9cb5b45dfd5,validation_008,1,7,308420728,15,,
1,0.2,B_front,background_mainline,True,,112.0,20.0,,,,,,,,,,,,,,,,,,,,,,65033,0,d0edc00f047161f87ff5ac3d9db81a99f2aae764689ab2d74413d9cb5b45dfd5,validation_008,1,7,308420728,15,,
1,0.2,B_rear,background_mainline,True,,13.22254215377909,18.34152756510569,,,,,,,,,,,,,,,,,,,,,,65033,0,d0edc00f047161f87ff5ac3d9db81a99f2aae764689ab2d74413d9cb5b45dfd5,validation_008,1,7,308420728,15,,
2,0.4,A,ramp,True,False,36.95999999999999,18.80000000000001,1,accelerate,2.0,2.0000000000000284,44.96,16.80000000000001,1,1,accelerate-accelerate,-0.043475113809108734,0.05166684836149216,-0.062154654413461685,1,0.05166684836149216,-0.043475113809108734,0.09514196217060089,0.11382150277495384,"[true, true, true]",False,False,False,65033,0,d0edc00f047161f87ff5ac3d9db81a99f2aae764689ab2d74413d9cb5b45dfd5,validation_008,1,7,308420728,15,,
2,0.4,B,mainline,True,False,44.96,16.80000000000001,1,accelerate,2.0,2.0000000000000284,36.95999999999999,18.80000000000001,1,1,accelerate-accelerate,-0.058595769107341766,0.06288346648216248,-0.19222569465637207,1,0.06288346648216248,-0.058595769107341766,0.12147923558950424,0.25510916113853455,"[true, true, true]",False,False,False,65033,0,d0edc00f047161f87ff5ac3d9db81a99f2aae764689ab2d74413d9cb5b45dfd5,validation_008,1,7,308420728,15,,
2,0.4,B_front,background_mainline,True,,116.0,20.0,,,,,,,,,,,,,,,,,,,,,,65033,0,d0edc00f047161f87ff5ac3d9db81a99f2aae764689ab2d74413d9cb5b45dfd5,validation_008,1,7,308420728,15,,
2,0.4,B_rear,background_mainline,True,,16.84405980223203,17.900659069121016,,,,,,,,,,,,,,,,,,,,,,65033,0,d0edc00f047161f87ff5ac3d9db81a99f2aae764689ab2d74413d9cb5b45dfd5,validation_008,1,7,308420728,15,,
3,0.6000000000000001,A,ramp,True,False,40.75999999999999,19.200000000000017,1,accelerate,2.0,2.0000000000000284,48.36000000000001,17.200000000000017,1,1,accelerate-accelerate,-0.04268108308315277,0.055024340748786926,-0.061500780284404755,1,0.055024340748786926,-0.04268108308315277,0.0977054238319397,0.11652512103319168,"[true, true, true]",False,False,False,65033,0,d0edc00f047161f87ff5ac3d9db81a99f2aae764689ab2d74413d9cb5b45dfd5,validation_008,1,7,308420728,15,,
3,0.6000000000000001,B,mainline,True,False,48.36000000000001,17.200000000000017,1,accelerate,2.0,2.0000000000000284,40.75999999999999,19.200000000000017,1,1,accelerate-accelerate,-0.06009964272379875,0.06112699210643768,-0.19317321479320526,1,0.06112699210643768,-0.06009964272379875,0.12122663483023643,0.25430020689964294,"[true, true, true]",False,False,False,65033,0,d0edc00f047161f87ff5ac3d9db81a99f2aae764689ab2d74413d9cb5b45dfd5,validation_008,1,7,308420728,15,,
3,0.6000000000000001,B_front,background_mainline,True,,120.0,20.0,,,,,,,,,,,,,,,,,,,,,,65033,0,d0edc00f047161f87ff5ac3d9db81a99f2aae764689ab2d74413d9cb5b45dfd5,validation_008,1,7,308420728,15,,
3,0.6000000000000001,B_rear,background_mainline,True,,20.392708662119105,17.60461817657726,,,,,,,,,,,,,,,,,,,,,,65033,0,d0edc00f047161f87ff5ac3d9db81a99f2aae764689ab2d74413d9cb5b45dfd5,validation_008,1,7,308420728,15,,
4,0.8,A,ramp,True,False,44.63999999999999,19.600000000000023,1,accelerate,2.0,2.0000000000000284,51.84000000000001,17.600000000000023,1,1,accelerate-accelerate,-0.041841089725494385,0.05844041705131531,-0.061319123953580856,1,0.05844041705131531,-0.041841089725494385,0.10028150677680969,0.11975954100489616,"[true, true, true]",False,False,False,65033,0,d0edc00f047161f87ff5ac3d9db81a99f2aae764689ab2d74413d9cb5b45dfd5,validation_008,1,7,308420728,15,,
4,0.8,B,mainline,True,False,51.84000000000001,17.600000000000023,1,accelerate,2.0,2.0000000000000284,44.63999999999999,19.600000000000023,1,1,accelerate-accelerate,-0.061578065156936646,0.05942419916391373,-0.19402246177196503,1,0.05942419916391373,-0.061578065156936646,0.12100226432085037,0.25344666093587875,"[true, true, true]",False,False,False,65033,0,d0edc00f047161f87ff5ac3d9db81a99f2aae764689ab2d74413d9cb5b45dfd5,validation_008,1,7,308420728,15,,
4,0.8,B_front,background_mainline,True,,124.0,20.0,,,,,,,,,,,,,,,,,,,,,,65033,0,d0edc00f047161f87ff5ac3d9db81a99f2aae764689ab2d74413d9cb5b45dfd5,validation_008,1,7,308420728,15,,
4,0.8,B_rear,background_mainline,True,,23.892947036164532,17.411397084444914,,,,,,,,,,,,,,,,,,,,,,65033,0,d0edc00f047161f87ff5ac3d9db81a99f2aae764689ab2d74413d9cb5b45dfd5,validation_008,1,7,308420728,15,,
5,1.0,A,ramp,True,False,48.6,20.00000000000003,1,accelerate,2.0,2.0000000000000284,55.40000000000001,18.00000000000003,1,1,accelerate-accelerate,-0.0409901887178421,0.06195463985204697,-0.06157245486974716,1,0.06195463985204697,-0.0409901887178421,0.10294482856988907,0.12352709472179413,"[true, true, true]",False,False,False,65033,0,d0edc00f047161f87ff5ac3d9db81a99f2aae764689ab2d74413d9cb5b45dfd5,validation_008,1,7,308420728,15,,
5,1.0,B,mainline,True,False,55.40000000000001,18.00000000000003,1,accelerate,2.0,2.0000000000000284,48.6,20.00000000000003,1,1,accelerate-accelerate,-0.06304796040058136,0.05776750668883324,-0.19479909539222717,1,0.05776750668883324,-0.06304796040058136,0.1208154670894146,0.2525666020810604,"[true, true, true]",False,False,False,65033,0,d0edc00f047161f87ff5ac3d9db81a99f2aae764689ab2d74413d9cb5b45dfd5,validation_008,1,7,308420728,15,,
5,1.0,B_front,background_mainline,True,,128.0,20.0,,,,,,,,,,,,,,,,,,,,,,65033,0,d0edc00f047161f87ff5ac3d9db81a99f2aae764689ab2d74413d9cb5b45dfd5,validation_008,1,7,308420728,15,,
5,1.0,B_rear,background_mainline,True,,27.362451423162312,17.293823125007094,,,,,,,,,,,,,,,,,,,,,,65033,0,d0edc00f047161f87ff5ac3d9db81a99f2aae764689ab2d74413d9cb5b45dfd5,validation_008,1,7,308420728,15,,
6,1.2000000000000002,A,ramp,True,False,52.64000000000001,20.400000000000034,1,accelerate,2.0,2.0000000000000284,59.04000000000002,18.400000000000034,1,1,accelerate-accelerate,-0.040186136960983276,0.06567621976137161,-0.06186651065945625,1,0.06567621976137161,-0.040186136960983276,0.10586235672235489,0.12754273042082787,"[true, true, true]",False,False,False,65033,0,d0edc00f047161f87ff5ac3d9db81a99f2aae764689ab2d74413d9cb5b45dfd5,validation_008,1,7,308420728,15,,
6,1.2000000000000002,B,mainline,True,False,59.04000000000002,18.400000000000034,1,accelerate,2.0,2.0000000000000284,52.64000000000001,20.400000000000034,1,1,accelerate-accelerate,-0.06407878547906876,0.056564293801784515,-0.19571173191070557,1,0.056564293801784515,-0.06407878547906876,0.12064307928085327,0.2522760257124901,"[true, true, true]",False,False,False,65033,0,d0edc00f047161f87ff5ac3d9db81a99f2aae764689ab2d74413d9cb5b45dfd5,validation_008,1,7,308420728,15,,
6,1.2000000000000002,B_front,background_mainline,True,,132.0,20.0,,,,,,,,,,,,,,,,,,,,,,65033,0,d0edc00f047161f87ff5ac3d9db81a99f2aae764689ab2d74413d9cb5b45dfd5,validation_008,1,7,308420728,15,,
6,1.2000000000000002,B_rear,background_mainline,True,,30.814384655701836,17.23324994757526,,,,,,,,,,,,,,,,,,,,,,65033,0,d0edc00f047161f87ff5ac3d9db81a99f2aae764689ab2d74413d9cb5b45dfd5,validation_008,1,7,308420728,15,,
7,1.4000000000000001,A,ramp,True,False,56.76000000000001,20.80000000000004,1,accelerate,2.0,2.0000000000000284,62.760000000000026,18.80000000000004,1,1,accelerate-accelerate,-0.039822399616241455,0.0701400637626648,-0.062083110213279724,1,0.0701400637626648,-0.039822399616241455,0.10996246337890625,0.13222317397594452,"[true, true, true]",False,False,False,65033,0,d0edc00f047161f87ff5ac3d9db81a99f2aae764689ab2d74413d9cb5b45dfd5,validation_008,1,7,308420728,15,,
7,1.4000000000000001,B,mainline,True,False,62.760000000000026,18.80000000000004,1,accelerate,2.0,2.0000000000000284,56.76000000000001,20.80000000000004,1,1,accelerate-accelerate,-0.06529686599969864,0.05494605004787445,-0.19609414041042328,1,0.05494605004787445,-0.06529686599969864,0.12024291604757309,0.25104019045829773,"[true, true, true]",False,False,False,65033,0,d0edc00f047161f87ff5ac3d9db81a99f2aae764689ab2d74413d9cb5b45dfd5,validation_008,1,7,308420728,15,,
7,1.4000000000000001,B_front,background_mainline,True,,136.0,20.0,,,,,,,,,,,,,,,,,,,,,,65033,0,d0edc00f047161f87ff5ac3d9db81a99f2aae764689ab2d74413d9cb5b45dfd5,validation_008,1,7,308420728,15,,
7,1.4000000000000001,B_rear,background_mainline,True,,34.25874221065077,17.216278596202045,,,,,,,,,,,,,,,,,,,,,,65033,0,d0edc00f047161f87ff5ac3d9db81a99f2aae764689ab2d74413d9cb5b45dfd5,validation_008,1,7,308420728,15,,
8,1.6,A,ramp,True,False,60.96000000000002,21.200000000000045,1,accelerate,2.0,2.0000000000000284,66.56000000000003,19.200000000000045,1,1,accelerate-accelerate,-0.03957480192184448,0.07497785985469818,-0.062229007482528687,1,0.07497785985469818,-0.03957480192184448,0.11455266177654266,0.13720686733722687,"[true, true, true]",False,False,False,65033,0,d0edc00f047161f87ff5ac3d9db81a99f2aae764689ab2d74413d9cb5b45dfd5,validation_008,1,7,308420728,15,,
8,1.6,B,mainline,True,False,66.56000000000003,19.200000000000045,1,accelerate,2.0,2.0000000000000284,60.96000000000002,21.200000000000045,1,1,accelerate-accelerate,-0.06666826456785202,0.052931781858205795,-0.19577273726463318,1,0.052931781858205795,-0.06666826456785202,0.11960004642605782,0.24870451912283897,"[true, true, true]",False,False,False,65033,0,d0edc00f047161f87ff5ac3d9db81a99f2aae764689ab2d74413d9cb5b45dfd5,validation_008,1,7,308420728,15,,
8,1.6,B_front,background_mainline,True,,140.0,20.0,,,,,,,,,,,,,,,,,,,,,,65033,0,d0edc00f047161f87ff5ac3d9db81a99f2aae764689ab2d74413d9cb5b45dfd5,validation_008,1,7,308420728,15,,
8,1.6,B_rear,background_mainline,True,,37.703202188312375,17.23291800269014,,,,,,,,,,,,,,,,,,,,,,65033,0,d0edc00f047161f87ff5ac3d9db81a99f2aae764689ab2d74413d9cb5b45dfd5,validation_008,1,7,308420728,15,,
9,1.8,A,ramp,True,False,65.24000000000002,21.60000000000005,1,accelerate,2.0,2.0000000000000284,70.44000000000004,19.60000000000005,1,1,accelerate-accelerate,-0.03915073350071907,0.08003020286560059,-0.061340346932411194,1,0.08003020286560059,-0.03915073350071907,0.11918093636631966,0.14137054979801178,"[true, true, true]",False,False,False,65033,0,d0edc00f047161f87ff5ac3d9db81a99f2aae764689ab2d74413d9cb5b45dfd5,validation_008,1,7,308420728,15,,
9,1.8,B,mainline,True,False,70.44000000000004,19.60000000000005,1,accelerate,2.0,2.0000000000000284,65.24000000000002,21.60000000000005,1,1,accelerate-accelerate,-0.06701893359422684,0.05039358139038086,-0.1944357454776764,1,0.05039358139038086,-0.06701893359422684,0.1174125149846077,0.24482932686805725,"[true, true, true]",False,False,False,65033,0,d0edc00f047161f87ff5ac3d9db81a99f2aae764689ab2d74413d9cb5b45dfd5,validation_008,1,7,308420728,15,,
9,1.8,B_front,background_mainline,True,,144.0,20.0,,,,,,,,,,,,,,,,,,,,,,65033,0,d0edc00f047161f87ff5ac3d9db81a99f2aae764689ab2d74413d9cb5b45dfd5,validation_008,1,7,308420728,15,,
9,1.8,B_rear,background_mainline,True,,41.15368893756659,17.275489127033822,,,,,,,,,,,,,,,,,,,,,,65033,0,d0edc00f047161f87ff5ac3d9db81a99f2aae764689ab2d74413d9cb5b45dfd5,validation_008,1,7,308420728,15,,
10,2.0,A,ramp,True,False,69.60000000000002,22.000000000000057,1,accelerate,2.0,2.0000000000000284,74.40000000000005,20.000000000000057,1,1,accelerate-accelerate,-0.0381806418299675,0.08435331284999847,-0.06091875582933426,1,0.08435331284999847,-0.0381806418299675,0.12253395467996597,0.14527206867933273,"[true, true, true]",False,False,False,65033,0,d0edc00f047161f87ff5ac3d9db81a99f2aae764689ab2d74413d9cb5b45dfd5,validation_008,1,7,308420728,15,,
10,2.0,B,mainline,True,False,74.40000000000005,20.000000000000057,1,accelerate,2.0,2.0000000000000284,69.60000000000002,22.000000000000057,1,1,accelerate-accelerate,-0.06720544397830963,0.047761935740709305,-0.19288265705108643,1,0.047761935740709305,-0.06720544397830963,0.11496737971901894,0.24064459279179573,"[true, true, true]",False,False,False,65033,0,d0edc00f047161f87ff5ac3d9db81a99f2aae764689ab2d74413d9cb5b45dfd5,validation_008,1,7,308420728,15,,
10,2.0,B_front,background_mainline,True,,148.0,20.0,,,,,,,,,,,,,,,,,,,,,,65033,0,d0edc00f047161f87ff5ac3d9db81a99f2aae764689ab2d74413d9cb5b45dfd5,validation_008,1,7,308420728,15,,
10,2.0,B_rear,background_mainline,True,,44.614762167337226,17.33793975197605,,,,,,,,,,,,,,,,,,,,,,65033,0,d0edc00f047161f87ff5ac3d9db81a99f2aae764689ab2d74413d9cb5b45dfd5,validation_008,1,7,308420728,15,,
11,2.2,A,ramp,True,False,74.04000000000003,22.400000000000063,1,accelerate,2.0,2.0000000000000284,78.44000000000005,20.400000000000063,1,1,accelerate-accelerate,-0.03692995756864548,0.08836781233549118,-0.06081605330109596,1,0.08836781233549118,-0.03692995756864548,0.12529776990413666,0.14918386563658714,"[true, true, true]",False,False,False,65033,0,d0edc00f047161f87ff5ac3d9db81a99f2aae764689ab2d74413d9cb5b45dfd5,validation_008,1,7,308420728,15,,
11,2.2,B,mainline,True,False,78.44000000000005,20.400000000000063,1,accelerate,2.0,2.0000000000000284,74.04000000000003,22.400000000000063,1,1,accelerate-accelerate,-0.067385233938694,0.045120179653167725,-0.1912621259689331,1,0.045120179653167725,-0.067385233938694,0.11250541359186172,0.23638230562210083,"[true, true, true]",False,False,False,65033,0,d0edc00f047161f87ff5ac3d9db81a99f2aae764689ab2d74413d9cb5b45dfd5,validation_008,1,7,308420728,15,,
11,2.2,B_front,background_mainline,True,,152.0,20.0,,,,,,,,,,,,,,,,,,,,,,65033,0,d0edc00f047161f87ff5ac3d9db81a99f2aae764689ab2d74413d9cb5b45dfd5,validation_008,1,7,308420728,15,,
11,2.2,B_rear,background_mainline,True,,48.089894879451464,17.41539876827871,,,,,,,,,,,,,,,,,,,,,,65033,0,d0edc00f047161f87ff5ac3d9db81a99f2aae764689ab2d74413d9cb5b45dfd5,validation_008,1,7,308420728,15,,
12,2.4000000000000004,A,ramp,True,False,78.56000000000004,22.800000000000068,1,accelerate,2.0,2.0000000000000284,82.56000000000007,20.800000000000068,1,1,accelerate-accelerate,-0.03638259693980217,0.09283614158630371,-0.06109318137168884,1,0.09283614158630371,-0.03638259693980217,0.12921873852610588,0.15392932295799255,"[true, true, true]",False,False,False,65033,0,d0edc00f047161f87ff5ac3d9db81a99f2aae764689ab2d74413d9cb5b45dfd5,validation_008,1,7,308420728,15,,
12,2.4000000000000004,B,mainline,True,False,82.56000000000007,20.800000000000068,1,accelerate,2.0,2.0000000000000284,78.56000000000004,22.800000000000068,1,1,accelerate-accelerate,-0.06757011264562607,0.04244237393140793,-0.18948525190353394,1,0.04244237393140793,-0.06757011264562607,0.110012486577034,0.23192762583494186,"[true, true, true]",False,False,False,65033,0,d0edc00f047161f87ff5ac3d9db81a99f2aae764689ab2d74413d9cb5b45dfd5,validation_008,1,7,308420728,15,,
12,2.4000000000000004,B_front,background_mainline,True,,156.0,20.0,,,,,,,,,,,,,,,,,,,,,,65033,0,d0edc00f047161f87ff5ac3d9db81a99f2aae764689ab2d74413d9cb5b45dfd5,validation_008,1,7,308420728,15,,
12,2.4000000000000004,B_rear,background_mainline,True,,51.58167785412581,17.503876679601632,,,,,,,,,,,,,,,,,,,,,,65033,0,d0edc00f047161f87ff5ac3d9db81a99f2aae764689ab2d74413d9cb5b45dfd5,validation_008,1,7,308420728,15,,
13,2.6,A,ramp,True,False,83.16000000000005,23.200000000000074,1,accelerate,2.0,2.0000000000000284,86.76000000000009,21.200000000000074,1,1,accelerate-accelerate,-0.03664116561412811,0.09781485795974731,-0.06179376691579819,1,0.09781485795974731,-0.03664116561412811,0.13445602357387543,0.1596086248755455,"[true, true, true]",False,False,False,65033,0,d0edc00f047161f87ff5ac3d9db81a99f2aae764689ab2d74413d9cb5b45dfd5,validation_008,1,7,308420728,15,,
13,2.6,B,mainline,True,False,86.76000000000009,21.200000000000074,1,accelerate,2.0,2.0000000000000284,83.16000000000005,23.200000000000074,1,1,accelerate-accelerate,-0.06780004501342773,0.039627913385629654,-0.18720051646232605,1,0.039627913385629654,-0.06780004501342773,0.10742795839905739,0.2268284298479557,"[true, true, true]",False,False,False,65033,0,d0edc00f047161f87ff5ac3d9db81a99f2aae764689ab2d74413d9cb5b45dfd5,validation_008,1,7,308420728,15,,
13,2.6,B_front,background_mainline,True,,160.0,20.0,,,,,,,,,,,,,,,,,,,,,,65033,0,d0edc00f047161f87ff5ac3d9db81a99f2aae764689ab2d74413d9cb5b45dfd5,validation_008,1,7,308420728,15,,
13,2.6,B_rear,background_mainline,True,,55.09197415038723,17.600058948801003,,,,,,,,,,,,,,,,,,,,,,65033,0,d0edc00f047161f87ff5ac3d9db81a99f2aae764689ab2d74413d9cb5b45dfd5,validation_008,1,7,308420728,15,,
14,2.8000000000000003,A,ramp,True,False,87.84000000000007,23.60000000000008,1,accelerate,2.0,2.0000000000000284,91.0400000000001,21.60000000000008,1,1,accelerate-accelerate,-0.03693275898694992,0.10293495655059814,-0.06251122057437897,1,0.10293495655059814,-0.03693275898694992,0.13986771553754807,0.1654461771249771,"[true, true, true]",False,False,False,65033,0,d0edc00f047161f87ff5ac3d9db81a99f2aae764689ab2d74413d9cb5b45dfd5,validation_008,1,7,308420728,15,,
14,2.8000000000000003,B,mainline,True,False,91.0400000000001,21.60000000000008,1,accelerate,2.0,2.0000000000000284,87.84000000000007,23.60000000000008,1,1,accelerate-accelerate,-0.06805795431137085,0.036781925708055496,-0.18483851850032806,1,0.036781925708055496,-0.06805795431137085,0.10483988001942635,0.22162044420838356,"[true, true, true]",False,False,False,65033,0,d0edc00f047161f87ff5ac3d9db81a99f2aae764689ab2d74413d9cb5b45dfd5,validation_008,1,7,308420728,15,,
14,2.8000000000000003,B_front,background_mainline,True,,164.0,20.0,,,,,,,,,,,,,,,,,,,,,,65033,0,d0edc00f047161f87ff5ac3d9db81a99f2aae764689ab2d74413d9cb5b45dfd5,validation_008,1,7,308420728,15,,
14,2.8000000000000003,B_rear,background_mainline,True,,58.62203875775818,17.70116032303636,,,,,,,,,,,,,,,,,,,,,,65033,0,d0edc00f047161f87ff5ac3d9db81a99f2aae764689ab2d74413d9cb5b45dfd5,validation_008,1,7,308420728,15,,
15,3.0,A,ramp,True,False,92.6000000000001,24.000000000000085,1,accelerate,2.0,2.0000000000000284,95.40000000000013,22.000000000000085,1,1,accelerate-accelerate,-0.037364229559898376,0.10832835733890533,-0.06321243196725845,1,0.10832835733890533,-0.037364229559898376,0.1456925868988037,0.1715407893061638,"[true, true, true]",False,False,False,65033,0,d0edc00f047161f87ff5ac3d9db81a99f2aae764689ab2d74413d9cb5b45dfd5,validation_008,1,7,308420728,15,,
15,3.0,B,mainline,True,False,95.40000000000013,22.000000000000085,1,accelerate,2.0,2.0000000000000284,92.6000000000001,24.000000000000085,1,1,accelerate-accelerate,-0.06837284564971924,0.033886637538671494,-0.18239498138427734,1,0.033886637538671494,-0.06837284564971924,0.10225948318839073,0.21628161892294884,"[true, true, true]",False,False,False,65033,0,d0edc00f047161f87ff5ac3d9db81a99f2aae764689ab2d74413d9cb5b45dfd5,validation_008,1,7,308420728,15,,
15,3.0,B_front,background_mainline,True,,168.0,20.0,,,,,,,,,,,,,,,,,,,,,,65033,0,d0edc00f047161f87ff5ac3d9db81a99f2aae764689ab2d74413d9cb5b45dfd5,validation_008,1,7,308420728,15,,
15,3.0,B_rear,background_mainline,True,,62.17261347941676,17.804820397434625,,,,,,,,,,,,,,,,,,,,,,65033,0,d0edc00f047161f87ff5ac3d9db81a99f2aae764689ab2d74413d9cb5b45dfd5,validation_008,1,7,308420728,15,,
16,3.2,A,ramp,True,False,97.44000000000011,24.40000000000009,1,accelerate,2.0,2.0000000000000284,99.84000000000016,22.40000000000009,1,1,accelerate-accelerate,-0.03837316483259201,0.1125863641500473,-0.06336592882871628,1,0.1125863641500473,-0.03837316483259201,0.1509595289826393,0.17595229297876358,"[true, true, true]",False,False,False,65033,0,d0edc00f047161f87ff5ac3d9db81a99f2aae764689ab2d74413d9cb5b45dfd5,validation_008,1,7,308420728,15,,
16,3.2,B,mainline,True,False,99.84000000000016,22.40000000000009,1,accelerate,2.0,2.0000000000000284,97.44000000000011,24.40000000000009,1,1,accelerate-accelerate,-0.0694887638092041,0.03134487569332123,-0.17978015542030334,1,0.03134487569332123,-0.0694887638092041,0.10083363950252533,0.21112503111362457,"[true, true, true]",False,False,False,65033,0,d0edc00f047161f87ff5ac3d9db81a99f2aae764689ab2d74413d9cb5b45dfd5,validation_008,1,7,308420728,15,,
16,3.2,B_front,background_mainline,True,,172.0,20.0,,,,,,,,,,,,,,,,,,,,,,65033,0,d0edc00f047161f87ff5ac3d9db81a99f2aae764689ab2d74413d9cb5b45dfd5,validation_008,1,7,308420728,15,,
16,3.2,B_rear,background_mainline,True,,65.74400394515291,17.909027766915347,,,,,,,,,,,,,,,,,,,,,,65033,0,d0edc00f047161f87ff5ac3d9db81a99f2aae764689ab2d74413d9cb5b45dfd5,validation_008,1,7,308420728,15,,
17,3.4000000000000004,A,ramp,True,False,102.36000000000014,24.800000000000097,1,accelerate,2.0,2.0000000000000284,104.36000000000017,22.800000000000097,1,1,accelerate-accelerate,-0.03972078859806061,0.11757916957139969,-0.06324288994073868,1,0.11757916957139969,-0.03972078859806061,0.1572999581694603,0.18082205951213837,"[true, true, true]",False,False,False,65033,0,d0edc00f047161f87ff5ac3d9db81a99f2aae764689ab2d74413d9cb5b45dfd5,validation_008,1,7,308420728,15,-3.3259279415774756,0.0
17,3.4000000000000004,B,mainline,True,False,104.36000000000017,22.800000000000097,1,accelerate,2.0,2.0000000000000284,102.36000000000014,24.800000000000097,1,1,accelerate-accelerate,-0.07087216526269913,0.028874114155769348,-0.177093967795372,1,0.028874114155769348,-0.07087216526269913,0.09974627941846848,0.20596808195114136,"[true, true, true]",False,False,False,65033,0,d0edc00f047161f87ff5ac3d9db81a99f2aae764689ab2d74413d9cb5b45dfd5,validation_008,1,7,308420728,15,-3.3259279415774756,0.0
17,3.4000000000000004,B_front,background_mainline,True,,176.0,20.0,,,,,,,,,,,,,,,,,,,,,,65033,0,d0edc00f047161f87ff5ac3d9db81a99f2aae764689ab2d74413d9cb5b45dfd5,validation_008,1,7,308420728,15,,
17,3.4000000000000004,B_rear,background_mainline,True,,69.33614589462587,18.012156856800424,,,,,,,,,,,,,,,,,,,,,,65033,0,d0edc00f047161f87ff5ac3d9db81a99f2aae764689ab2d74413d9cb5b45dfd5,validation_008,1,7,308420728,15,,
18,3.6,A,ramp,True,False,107.36000000000017,25.200000000000102,1,accelerate,2.0,2.0000000000000284,108.96000000000018,23.200000000000102,1,1,accelerate-accelerate,-0.010490812361240387,0.16243311762809753,-0.041253745555877686,1,0.16243311762809753,-0.010490812361240387,0.17292392998933792,0.20368686318397522,"[true, true, true]",True,True,False,65033,0,d0edc00f047161f87ff5ac3d9db81a99f2aae764689ab2d74413d9cb5b45dfd5,validation_008,1,7,308420728,15,-3.416369466847101,0.0
18,3.6,B,mainline,True,False,108.96000000000018,23.200000000000102,1,accelerate,2.0,2.0000000000000284,107.36000000000017,25.200000000000102,1,1,accelerate-accelerate,-0.07252476364374161,0.04101010039448738,-0.16319826245307922,1,0.04101010039448738,-0.07252476364374161,0.11353486403822899,0.2042083628475666,"[true, true, true]",True,True,False,65033,0,d0edc00f047161f87ff5ac3d9db81a99f2aae764689ab2d74413d9cb5b45dfd5,validation_008,1,7,308420728,15,-3.416369466847101,0.0
18,3.6,B_front,background_mainline,True,,177.0,20.0,,,,,,,,,,,,,,,,,,,,,,65033,0,d0edc00f047161f87ff5ac3d9db81a99f2aae764689ab2d74413d9cb5b45dfd5,validation_008,1,7,308420728,15,,
18,3.6,B_rear,background_mainline,True,,70.23738831515571,18.037539964393254,,,,,,,,,,,,,,,,,,,,,,65033,0,d0edc00f047161f87ff5ac3d9db81a99f2aae764689ab2d74413d9cb5b45dfd5,validation_008,1,7,308420728,15,,
