policy_step,simulation_time,controller,controller_role,active,exited,route_progress,speed,commanded_action,commanded_action_name,commanded_acceleration,realised_acceleration,peer_progress,peer_speed,action_A,action_B,joint_action_category,Q_maintain,Q_accelerate,Q_decelerate,greedy_action,best_Q,second_best_Q,Q_margin,Q_range,action_mask,collision_flag,termination_flag,truncation_flag,master_seed,checkpoint_step,checkpoint_sha256,validation_block_id,assignment,scenario_block,eval_seed,episode_index,front_gap,minimum_TTC
0,0.0,A,mainline,True,False,28.0,20.0,1,accelerate,0.0,2.0000000000000284,20.0,20.0,1,1,accelerate-accelerate,-0.04596610367298126,0.0573895238339901,-0.020079270005226135,1,0.0573895238339901,-0.020079270005226135,0.07746879383921623,0.10335562750697136,"[true, true, true]",False,False,False,65030,0,b63d9a6a59c92b71ebb27d6dbfb387c70df516f225f067e4dfea40157df365d3,validation_001,0,0,892579701,0,,
0,0.0,B,ramp,True,False,20.0,20.0,1,accelerate,0.0,2.0000000000000284,28.0,20.0,1,1,accelerate-accelerate,-0.05334889888763428,0.02284036949276924,-0.2161990851163864,1,0.02284036949276924,-0.05334889888763428,0.07618926838040352,0.23903945460915565,"[true, true, true]",False,False,False,65030,0,b63d9a6a59c92b71ebb27d6dbfb387c70df516f225f067e4dfea40157df365d3,validation_001,0,0,892579701,0,,
0,0.0,B_front,background_mainline,True,,120.0,20.0,,,,,,,,,,,,,,,,,,,,,,65030,0,b63d9a6a59c92b71ebb27d6dbfb387c70df516f225f067e4dfea40157df365d3,validation_001,0,0,892579701,0,,
0,0.0,B_rear,background_mainline,True,,3.947431380829863,19.510886076666747,,,,,,,,,,,,,,,,,,,,,,65030,0,b63d9a6a59c92b71ebb27d6dbfb387c70df516f225f067e4dfea40157df365d3,validation_001,0,0,892579701,0,,
1,0.2,A,mainline,True,False,32.04,20.400000000000006,1,accelerate,2.0,2.0000000000000284,24.040000000000003,20.400000000000006,1,1,accelerate-accelerate,-0.04425697773694992,0.05849374830722809,-0.021917887032032013,1,0.05849374830722809,-0.021917887032032013,0.0804116353392601,0.10275072604417801,"[true, true, true]",False,False,False,65030,0,b63d9a6a59c92b71ebb27d6dbfb387c70df516f225f067e4dfea40157df365d3,validation_001,0,0,892579701,0,,
1,0.2,B,ramp,True,False,24.040000000000003,20.400000000000006,1,accelerate,2.0,2.0000000000000284,32.04,20.400000000000006,1,1,accelerate-accelerate,-0.053887054324150085,0.025051064789295197,-0.2187778651714325,1,0.025051064789295197,-0.053887054324150085,0.07893811911344528,0.2438289299607277,"[true, true, true]",False,False,False,65030,0,b63d9a6a59c92b71ebb27d6dbfb387c70df516f225f067e4dfea40157df365d3,validation_001,0,0,892579701,0,,
1,0.2,B_front,background_mainline,True,,124.0,20.0,,,,,,,,,,,,,,,,,,,,,,65030,0,b63d9a6a59c92b71ebb27d6dbfb387c70df516f225f067e4dfea40157df365d3,validation_001,0,0,892579701,0,,
1,0.2,B_rear,background_mainline,True,,7.817030369943869,19.207819996757216,,,,,,,,,,,,,,,,,,,,,,65030,0,b63d9a6a59c92b71ebb27d6dbfb387c70df516f225f067e4dfea40157df365d3,validation_001,0,0,892579701,0,,
2,0.4,A,mainline,True,False,36.160000000000004,20.80000000000001,1,accelerate,2.0,2.0000000000000284,28.160000000000004,20.80000000000001,1,1,accelerate-accelerate,-0.04266175627708435,0.059678368270397186,-0.023402482271194458,1,0.059678368270397186,-0.023402482271194458,0.08308085054159164,0.10234012454748154,"[true, true, true]",False,False,False,65030,0,b63d9a6a59c92b71ebb27d6dbfb387c70df516f225f067e4dfea40157df365d3,validation_001,0,0,892579701,0,,
2,0.4,B,ramp,True,False,28.160000000000004,20.80000000000001,1,accelerate,2.0,2.0000000000000284,36.160000000000004,20.80000000000001,1,1,accelerate-accelerate,-0.054521337151527405,0.026907537132501602,-0.22174525260925293,1,0.026907537132501602,-0.054521337151527405,0.08142887428402901,0.24865278974175453,"[true, true, true]",False,False,False,65030,0,b63d9a6a59c92b71ebb27d6dbfb387c70df516f225f067e4dfea40157df365d3,validation_001,0,0,892579701,0,,
2,0.4,B_front,background_mainline,True,,128.0,20.0,,,,,,,,,,,,,,,,,,,,,,65030,0,b63d9a6a59c92b71ebb27d6dbfb387c70df516f225f067e4dfea40157df365d3,validation_001,0,0,892579701,0,,
2,0.4,B_rear,background_mainline,True,,11.638681751220439,19.023670782632877,,,,,,,,,,,,,,,,,,,,,,65030,0,b63d9a6a59c92b71ebb27d6dbfb387c70df516f225f067e4dfea40157df365d3,validation_001,0,0,892579701,0,,
3,0.6000000000000001,A,mainline,True,False,40.36000000000001,21.200000000000017,1,accelerate,2.0,2.0000000000000284,32.36000000000001,21.200000000000017,1,1,accelerate-accelerate,-0.04107904061675072,0.06089888513088226,-0.024670325219631195,1,0.06089888513088226,-0.024670325219631195,0.08556921035051346,0.10197792574763298,"[true, true, true]",False,False,False,65030,0,b63d9a6a59c92b71ebb27d6dbfb387c70df516f225f067e4dfea40157df365d3,validation_001,0,0,892579701,0,,
3,0.6000000000000001,B,ramp,True,False,32.36000000000001,21.200000000000017,1,accelerate,2.0,2.0000000000000284,40.36000000000001,21.200000000000017,1,1,accelerate-accelerate,-0.05521848052740097,0.028445884585380554,-0.22465179860591888,1,0.028445884585380554,-0.05521848052740097,0.08366436511278152,0.25309768319129944,"[true, true, true]",False,False,False,65030,0,b63d9a6a59c92b71ebb27d6dbfb387c70df516f225f067e4dfea40157df365d3,validation_001,0,0,892579701,0,,
3,0.6000000000000001,B_front,background_mainline,True,,132.0,20.0,,,,,,,,,,,,,,,,,,,,,,65030,0,b63d9a6a59c92b71ebb27d6dbfb387c70df516f225f067e4dfea40157df365d3,validation_001,0,0,892579701,0,,
3,0.6000000000000001,B_rear,background_mainline,True,,15.431954034371113,18.919276915308803,,,,,,,,,,,,,,,,,,,,,,65030,0,b63d9a6a59c92b71ebb27d6dbfb387c70df516f225f067e4dfea40157df365d3,validation_001,0,0,892579701,0,,
4,0.8,A,mainline,True,False,44.64000000000001,21.600000000000023,1,accelerate,2.0,2.0000000000000284,36.64000000000001,21.600000000000023,1,1,accelerate-accelerate,-0.03947336599230766,0.06214190274477005,-0.025792196393013,1,0.06214190274477005,-0.025792196393013,0.08793409913778305,0.10161526873707771,"[true, true, true]",False,False,False,65030,0,b63d9a6a59c92b71ebb27d6dbfb387c70df516f225f067e4dfea40157df365d3,validation_001,0,0,892579701,0,,
4,0.8,B,ramp,True,False,36.64000000000001,21.600000000000023,1,accelerate,2.0,2.0000000000000284,44.64000000000001,21.600000000000023,1,1,accelerate-accelerate,-0.055895887315273285,0.029879584908485413,-0.22753791511058807,1,0.029879584908485413,-0.055895887315273285,0.0857754722237587,0.2574175000190735,"[true, true, true]",False,False,False,65030,0,b63d9a6a59c92b71ebb27d6dbfb387c70df516f225f067e4dfea40157df365d3,validation_001,0,0,892579701,0,,
4,0.8,B_front,background_mainline,True,,136.0,20.0,,,,,,,,,,,,,,,,,,,,,,65030,0,b63d9a6a59c92b71ebb27d6dbfb387c70df516f225f067e4dfea40157df365d3,validation_001,0,0,892579701,0,,
4,0.8,B_rear,background_mainline,True,,19.21015294496658,18.869811826831636,,,,,,,,,,,,,,,,,,,,,,65030,0,b63d9a6a59c92b71ebb27d6dbfb387c70df516f225f067e4dfea40157df365d3,validation_001,0,0,892579701,0,,
5,1.0,A,mainline,True,False,49.000000000000014,22.00000000000003,1,accelerate,2.0,2.0000000000000284,41.000000000000014,22.00000000000003,1,1,accelerate-accelerate,-0.03808020427823067,0.06364914774894714,-0.027191899716854095,1,0.06364914774894714,-0.027191899716854095,0.09084104746580124,0.10172935202717781,"[true, true, true]",False,False,False,65030,0,b63d9a6a59c92b71ebb27d6dbfb387c70df516f225f067e4dfea40157df365d3,validation_001,0,0,892579701,0,,
5,1.0,B,ramp,True,False,41.000000000000014,22.00000000000003,1,accelerate,2.0,2.0000000000000284,49.000000000000014,22.00000000000003,1,1,accelerate-accelerate,-0.056572794914245605,0.03127266466617584,-0.23041172325611115,1,0.03127266466617584,-0.056572794914245605,0.08784545958042145,0.261684387922287,"[true, true, true]",False,False,False,65030,0,b63d9a6a59c92b71ebb27d6dbfb387c70df516f225f067e4dfea40157df365d3,validation_001,0,0,892579701,0,,
5,1.0,B_front,background_mainline,True,,140.0,20.0,,,,,,,,,,,,,,,,,,,,,,65030,0,b63d9a6a59c92b71ebb27d6dbfb387c70df516f225f067e4dfea40157df365d3,validation_001,0,0,892579701,0,,
5,1.0,B_rear,background_mainline,True,,22.982495064768763,18.858543950116044,,,,,,,,,,,,,,,,,,,,,,65030,0,b63d9a6a59c92b71ebb27d6dbfb387c70df516f225f067e4dfea40157df365d3,validation_001,0,0,892579701,0,,
6,1.2000000000000002,A,mainline,True,False,53.44000000000002,22.400000000000034,1,accelerate,2.0,2.0000000000000284,45.44000000000002,22.400000000000034,1,1,accelerate-accelerate,-0.03667592257261276,0.06524010747671127,-0.028599560260772705,1,0.06524010747671127,-0.028599560260772705,0.09383966773748398,0.10191603004932404,"[true, true, true]",False,False,False,65030,0,b63d9a6a59c92b71ebb27d6dbfb387c70df516f225f067e4dfea40157df365d3,validation_001,0,0,892579701,0,,
6,1.2000000000000002,B,ramp,True,False,45.44000000000002,22.400000000000034,1,accelerate,2.0,2.0000000000000284,53.44000000000002,22.400000000000034,1,1,accelerate-accelerate,-0.05707158148288727,0.0322125107049942,-0.23283472657203674,1,0.0322125107049942,-0.05707158148288727,0.08928409218788147,0.26504723727703094,"[true, true, true]",False,False,False,65030,0,b63d9a6a59c92b71ebb27d6dbfb387c70df516f225f067e4dfea40157df365d3,validation_001,0,0,892579701,0,,
6,1.2000000000000002,B_front,background_mainline,True,,144.0,20.0,,,,,,,,,,,,,,,,,,,,,,65030,0,b63d9a6a59c92b71ebb27d6dbfb387c70df516f225f067e4dfea40157df365d3,validation_001,0,0,892579701,0,,
6,1.2000000000000002,B_rear,background_mainline,True,,26.755377931069873,18.8736575091406,,,,,,,,,,,,,,,,,,,,,,65030,0,b63d9a6a59c92b71ebb27d6dbfb387c70df516f225f067e4dfea40157df365d3,validation_001,0,0,892579701,0,,
7,1.4000000000000001,A,mainline,True,False,57.96000000000003,22.80000000000004,1,accelerate,2.0,2.0000000000000284,49.96000000000003,22.80000000000004,1,1,accelerate-accelerate,-0.03463992103934288,0.06671756505966187,-0.029664985835552216,1,0.06671756505966187,-0.029664985835552216,0.09638255089521408,0.10135748609900475,"[true, true, true]",False,False,False,65030,0,b63d9a6a59c92b71ebb27d6dbfb387c70df516f225f067e4dfea40157df365d3,validation_001,0,0,892579701,0,,
7,1.4000000000000001,B,ramp,True,False,49.96000000000003,22.80000000000004,1,accelerate,2.0,2.0000000000000284,57.96000000000003,22.80000000000004,1,1,accelerate-accelerate,-0.05753205716609955,0.03301330655813217,-0.2351730912923813,1,0.03301330655813217,-0.05753205716609955,0.09054536372423172,0.26818639785051346,"[true, true, true]",False,False,False,65030,0,b63d9a6a59c92b71ebb27d6dbfb387c70df516f225f067e4dfea40157df365d3,validation_001,0,0,892579701,0,,
7,1.4000000000000001,B_front,background_mainline,True,,148.0,20.0,,,,,,,,,,,,,,,,,,,,,,65030,0,b63d9a6a59c92b71ebb27d6dbfb387c70df516f225f067e4dfea40157df365d3,validation_001,0,0,892579701,0,,
7,1.4000000000000001,B_rear,background_mainline,True,,30.533172569358648,18.906498857181067,,,,,,,,,,,,,,,,,,,,,,65030,0,b63d9a6a59c92b71ebb27d6dbfb387c70df516f225f067e4dfea40157df365d3,validation_001,0,0,892579701,0,,
8,1.6,A,mainline,True,False,62.56000000000004,23.200000000000045,1,accelerate,2.0,2.0000000000000284,54.56000000000004,23.200000000000045,1,1,accelerate-accelerate,-0.03297501057386398,0.06757199019193649,-0.030447274446487427,1,0.06757199019193649,-0.030447274446487427,0.09801926463842392,0.10054700076580048,"[true, true, true]",False,False,False,65030,0,b63d9a6a59c92b71ebb27d6dbfb387c70df516f225f067e4dfea40157df365d3,validation_001,0,0,892579701,0,,
8,1.6,B,ramp,True,False,54.56000000000004,23.200000000000045,1,accelerate,2.0,2.0000000000000284,62.56000000000004,23.200000000000045,1,1,accelerate-accelerate,-0.05799473077058792,0.03302817791700363,-0.23641550540924072,1,0.03302817791700363,-0.05799473077058792,0.09102290868759155,0.26944368332624435,"[true, true, true]",False,False,False,65030,0,b63d9a6a59c92b71ebb27d6dbfb387c70df516f225f067e4dfea40157df365d3,validation_001,0,0,892579701,0,,
8,1.6,B_front,background_mainline,True,,152.0,20.0,,,,,,,,,,,,,,,,,,,,,,65030,0,b63d9a6a59c92b71ebb27d6dbfb387c70df516f225f067e4dfea40157df365d3,validation_001,0,0,892579701,0,,
8,1.6,B_rear,background_mainline,True,,34.31874502797599,18.95054867326254,,,,,,,,,,,,,,,,,,,,,,65030,0,b63d9a6a59c92b71ebb27d6dbfb387c70df516f225f067e4dfea40157df365d3,validation_001,0,0,892579701,0,,
9,1.8,A,mainline,True,False,67.24000000000005,23.60000000000005,1,accelerate,2.0,2.0000000000000284,59.240000000000045,23.60000000000005,1,1,accelerate-accelerate,-0.03169665485620499,0.06835468113422394,-0.031078800559043884,1,0.06835468113422394,-0.031078800559043884,0.09943348169326782,0.10005133599042892,"[true, true, true]",False,False,False,65030,0,b63d9a6a59c92b71ebb27d6dbfb387c70df516f225f067e4dfea40157df365d3,validation_001,0,0,892579701,0,,
9,1.8,B,ramp,True,False,59.240000000000045,23.60000000000005,1,accelerate,2.0,2.0000000000000284,67.24000000000005,23.60000000000005,1,1,accelerate-accelerate,-0.05831383168697357,0.03256090730428696,-0.23673567175865173,1,0.03256090730428696,-0.05831383168697357,0.09087473899126053,0.2692965790629387,"[true, true, true]",False,False,False,65030,0,b63d9a6a59c92b71ebb27d6dbfb387c70df516f225f067e4dfea40157df365d3,validation_001,0,0,892579701,0,,
9,1.8,B_front,background_mainline,True,,156.0,20.0,,,,,,,,,,,,,,,,,,,,,,65030,0,b63d9a6a59c92b71ebb27d6dbfb387c70df516f225f067e4dfea40157df365d3,validation_001,0,0,892579701,0,,
9,1.8,B_rear,background_mainline,True,,38.11381551623222,19.000790506822323,,,,,,,,,,,,,,,,,,,,,,65030,0,b63d9a6a59c92b71ebb27d6dbfb387c70df516f225f067e4dfea40157df365d3,validation_001,0,0,892579701,0,,
10,2.0,A,mainline,True,False,72.00000000000007,24.000000000000057,1,accelerate,2.0,2.0000000000000284,64.00000000000006,24.000000000000057,1,1,accelerate-accelerate,-0.030500750988721848,0.06886456161737442,-0.03200714290142059,1,0.06886456161737442,-0.030500750988721848,0.09936531260609627,0.10087170451879501,"[true, true, true]",False,False,False,65030,0,b63d9a6a59c92b71ebb27d6dbfb387c70df516f225f067e4dfea40157df365d3,validation_001,0,0,892579701,0,,
10,2.0,B,ramp,True,False,64.00000000000006,24.000000000000057,1,accelerate,2.0,2.0000000000000284,72.00000000000007,24.000000000000057,1,1,accelerate-accelerate,-0.0592171847820282,0.032093919813632965,-0.23545882105827332,1,0.032093919813632965,-0.0592171847820282,0.09131110459566116,0.2675527408719063,"[true, true, true]",False,False,False,65030,0,b63d9a6a59c92b71ebb27d6dbfb387c70df516f225f067e4dfea40157df365d3,validation_001,0,0,892579701,0,,
10,2.0,B_front,background_mainline,True,,160.0,20.0,,,,,,,,,,,,,,,,,,,,,,65030,0,b63d9a6a59c92b71ebb27d6dbfb387c70df516f225f067e4dfea40157df365d3,validation_001,0,0,892579701,0,,
10,2.0,B_rear,background_mainline,True,,41.91921327682362,19.053199202095076,,,,,,,,,,,,,,,,,,,,,,65030,0,b63d9a6a59c92b71ebb27d6dbfb387c70df516f225f067e4dfea40157df365d3,validation_001,0,0,892579701,0,,
11,2.2,A,mainline,True,False,76.84000000000009,24.400000000000063,1,accelerate,2.0,2.0000000000000284,68.84000000000006,24.400000000000063,1,1,accelerate-accelerate,-0.029198959469795227,0.06924998760223389,-0.03223160654306412,1,0.06924998760223389,-0.029198959469795227,0.09844894707202911,0.101481594145298,"[true, true, true]",False,False,False,65030,0,b63d9a6a59c92b71ebb27d6dbfb387c70df516f225f067e4dfea40157df365d3,validation_001,0,0,892579701,0,,
11,2.2,B,ramp,True,False,68.84000000000006,24.400000000000063,1,accelerate,2.0,2.0000000000000284,76.84000000000009,24.400000000000063,1,1,accelerate-accelerate,-0.06059105694293976,0.03159727901220322,-0.23347914218902588,1,0.03159727901220322,-0.06059105694293976,0.09218833595514297,0.2650764212012291,"[true, true, true]",False,False,False,65030,0,b63d9a6a59c92b71ebb27d6dbfb387c70df516f225f067e4dfea40157df365d3,validation_001,0,0,892579701,0,,
11,2.2,B_front,background_mainline,True,,164.0,20.0,,,,,,,,,,,,,,,,,,,,,,65030,0,b63d9a6a59c92b71ebb27d6dbfb387c70df516f225f067e4dfea40157df365d3,validation_001,0,0,892579701,0,,
11,2.2,B_rear,background_mainline,True,,45.73495283863411,19.10379719537739,,,,,,,,,,,,,,,,,,,,,,65030,0,b63d9a6a59c92b71ebb27d6dbfb387c70df516f225f067e4dfea40157df365d3,validation_001,0,0,892579701,0,,
12,2.4000000000000004,A,mainline,True,False,81.76000000000009,24.800000000000068,1,accelerate,2.0,2.0000000000000284,73.76000000000006,24.800000000000068,1,1,accelerate-accelerate,-0.028275255113840103,0.06998755037784576,-0.03178618103265762,1,0.06998755037784576,-0.028275255113840103,0.09826280549168587,0.10177373141050339,"[true, true, true]",False,False,False,65030,0,b63d9a6a59c92b71ebb27d6dbfb387c70df516f225f067e4dfea40157df365d3,validation_001,0,0,892579701,0,,
12,2.4000000000000004,B,ramp,True,False,73.76000000000006,24.800000000000068,1,accelerate,2.0,2.0000000000000284,81.76000000000009,24.800000000000068,1,1,accelerate-accelerate,-0.061970606446266174,0.031097374856472015,-0.23145757615566254,1,0.031097374856472015,-0.061970606446266174,0.09306798130273819,0.26255495101213455,"[true, true, true]",False,False,False,65030,0,b63d9a6a59c92b71ebb27d6dbfb387c70df516f225f067e4dfea40157df365d3,validation_001,0,0,892579701,0,,
12,2.4000000000000004,B_front,background_mainline,True,,168.0,20.0,,,,,,,,,,,,,,,,,,,,,,65030,0,b63d9a6a59c92b71ebb27d6dbfb387c70df516f225f067e4dfea40157df365d3,validation_001,0,0,892579701,0,,
12,2.4000000000000004,B_rear,background_mainline,True,,49.56056018634528,19.151893737715636,,,,,,,,,,,,,,,,,,,,,,65030,0,b63d9a6a59c92b71ebb27d6dbfb387c70df516f225f067e4dfea40157df365d3,validation_001,0,0,892579701,0,,
13,2.6,A,mainline,True,False,86.7600000000001,25.200000000000074,1,accelerate,2.0,2.0000000000000284,78.76000000000008,25.200000000000074,1,1,accelerate-accelerate,-0.02696267142891884,0.07061275094747543,-0.031578242778778076,1,0.07061275094747543,-0.02696267142891884,0.09757542237639427,0.10219099372625351,"[true, true, true]",False,False,False,65030,0,b63d9a6a59c92b71ebb27d6dbfb387c70df516f225f067e4dfea40157df365d3,validation_001,0,0,892579701,0,,
13,2.6,B,ramp,True,False,78.76000000000008,25.200000000000074,1,accelerate,2.0,2.0000000000000284,86.7600000000001,25.200000000000074,1,1,accelerate-accelerate,-0.06335566192865372,0.030595138669013977,-0.22939403355121613,1,0.030595138669013977,-0.06335566192865372,0.0939508005976677,0.2599891722202301,"[true, true, true]",False,False,False,65030,0,b63d9a6a59c92b71ebb27d6dbfb387c70df516f225f067e4dfea40157df365d3,validation_001,0,0,892579701,0,,
13,2.6,B_front,background_mainline,True,,172.0,20.0,,,,,,,,,,,,,,,,,,,,,,65030,0,b63d9a6a59c92b71ebb27d6dbfb387c70df516f225f067e4dfea40157df365d3,validation_001,0,0,892579701,0,,
13,2.6,B_rear,background_mainline,True,,53.39554560018414,19.197594066893107,,,,,,,,,,,,,,,,,,,,,,65030,0,b63d9a6a59c92b71ebb27d6dbfb387c70df516f225f067e4dfea40157df365d3,validation_001,0,0,892579701,0,,
14,2.8000000000000003,A,mainline,True,False,91.84000000000012,25.60000000000008,1,accelerate,2.0,2.0000000000000284,83.84000000000009,25.60000000000008,1,1,accelerate-accelerate,-0.02532093971967697,0.07186020165681839,-0.03129027783870697,1,0.07186020165681839,-0.02532093971967697,0.09718114137649536,0.10315047949552536,"[true, true, true]",False,False,False,65030,0,b63d9a6a59c92b71ebb27d6dbfb387c70df516f225f067e4dfea40157df365d3,validation_001,0,0,892579701,0,,
14,2.8000000000000003,B,ramp,True,False,83.84000000000009,25.60000000000008,1,accelerate,2.0,2.0000000000000284,91.84000000000012,25.60000000000008,1,1,accelerate-accelerate,-0.06474535912275314,0.030090108513832092,-0.22728733718395233,1,0.030090108513832092,-0.06474535912275314,0.09483546763658524,0.2573774456977844,"[true, true, true]",False,False,False,65030,0,b63d9a6a59c92b71ebb27d6dbfb387c70df516f225f067e4dfea40157df365d3,validation_001,0,0,892579701,0,,
14,2.8000000000000003,B_front,background_mainline,True,,176.0,20.0,,,,,,,,,,,,,,,,,,,,,,65030,0,b63d9a6a59c92b71ebb27d6dbfb387c70df516f225f067e4dfea40157df365d3,validation_001,0,0,892579701,0,,
14,2.8000000000000003,B_rear,background_mainline,True,,57.23944010955154,19.24100043735704,,,,,,,,,,,,,,,,,,,,,,65030,0,b63d9a6a59c92b71ebb27d6dbfb387c70df516f225f067e4dfea40157df365d3,validation_001,0,0,892579701,0,,
15,3.0,A,mainline,True,False,97.00000000000013,26.000000000000085,1,accelerate,2.0,2.0000000000000284,89.0000000000001,26.000000000000085,1,1,accelerate-accelerate,-0.024264071136713028,0.0738401785492897,-0.030720390379428864,1,0.0738401785492897,-0.024264071136713028,0.09810424968600273,0.10456056892871857,"[true, true, true]",False,False,False,65030,0,b63d9a6a59c92b71ebb27d6dbfb387c70df516f225f067e4dfea40157df365d3,validation_001,0,0,892579701,0,,
15,3.0,B,ramp,True,False,89.0000000000001,26.000000000000085,1,accelerate,2.0,2.0000000000000284,97.00000000000013,26.000000000000085,1,1,accelerate-accelerate,-0.06613251566886902,0.02957894653081894,-0.22512738406658173,1,0.02957894653081894,-0.06613251566886902,0.09571146219968796,0.25470633059740067,"[true, true, true]",False,False,False,65030,0,b63d9a6a59c92b71ebb27d6dbfb387c70df516f225f067e4dfea40157df365d3,validation_001,0,0,892579701,0,,
15,3.0,B_front,background_mainline,True,,180.0,20.0,,,,,,,,,,,,,,,,,,,,,,65030,0,b63d9a6a59c92b71ebb27d6dbfb387c70df516f225f067e4dfea40157df365d3,validation_001,0,0,892579701,0,,
15,3.0,B_rear,background_mainline,True,,61.09179489671632,19.28221212401568,,,,,,,,,,,,,,,,,,,,,,65030,0,b63d9a6a59c92b71ebb27d6dbfb387c70df516f225f067e4dfea40157df365d3,validation_001,0,0,892579701,0,,
16,3.2,A,mainline,True,False,102.24000000000015,26.40000000000009,1,accelerate,2.0,2.0000000000000284,94.24000000000012,26.40000000000009,1,1,accelerate-accelerate,-0.02317848801612854,0.07645620405673981,-0.02996826171875,1,0.07645620405673981,-0.02317848801612854,0.09963469207286835,0.10642446577548981,"[true, true, true]",False,False,False,65030,0,b63d9a6a59c92b71ebb27d6dbfb387c70df516f225f067e4dfea40157df365d3,validation_001,0,0,892579701,0,,
16,3.2,B,ramp,True,False,94.24000000000012,26.40000000000009,1,accelerate,2.0,2.0000000000000284,102.24000000000015,26.40000000000009,1,1,accelerate-accelerate,-0.06742706149816513,0.028895437717437744,-0.2231742888689041,1,0.028895437717437744,-0.06742706149816513,0.09632249921560287,0.25206972658634186,"[true, true, true]",False,False,False,65030,0,b63d9a6a59c92b71ebb27d6dbfb387c70df516f225f067e4dfea40157df365d3,validation_001,0,0,892579701,0,,
16,3.2,B_front,background_mainline,True,,184.0,20.0,,,,,,,,,,,,,,,,,,,,,,65030,0,b63d9a6a59c92b71ebb27d6dbfb387c70df516f225f067e4dfea40157df365d3,validation_001,0,0,892579701,0,,
16,3.2,B_rear,background_mainline,True,,64.95218070136413,19.321325426913106,,,,,,,,,,,,,,,,,,,,,,65030,0,b63d9a6a59c92b71ebb27d6dbfb387c70df516f225f067e4dfea40157df365d3,validation_001,0,0,892579701,0,,
17,3.4000000000000004,A,mainline,True,False,107.56000000000017,26.800000000000097,1,accelerate,2.0,2.0000000000000284,99.56000000000014,26.800000000000097,1,1,accelerate-accelerate,-0.022032327950000763,0.07913397252559662,-0.029190778732299805,1,0.07913397252559662,-0.022032327950000763,0.10116630047559738,0.10832475125789642,"[true, true, true]",False,False,False,65030,0,b63d9a6a59c92b71ebb27d6dbfb387c70df516f225f067e4dfea40157df365d3,validation_001,0,0,892579701,0,,
17,3.4000000000000004,B,ramp,True,False,99.56000000000014,26.800000000000097,1,accelerate,2.0,2.0000000000000284,107.56000000000017,26.800000000000097,1,1,accelerate-accelerate,-0.06880062073469162,0.02814733237028122,-0.221119686961174,1,0.02814733237028122,-0.06880062073469162,0.09694795310497284,0.24926701933145523,"[true, true, true]",False,False,False,65030,0,b63d9a6a59c92b71ebb27d6dbfb387c70df516f225f067e4dfea40157df365d3,validation_001,0,0,892579701,0,,
17,3.4000000000000004,B_front,background_mainline,True,,188.0,20.0,,,,,,,,,,,,,,,,,,,,,,65030,0,b63d9a6a59c92b71ebb27d6dbfb387c70df516f225f067e4dfea40157df365d3,validation_001,0,0,892579701,0,,
17,3.4000000000000004,B_rear,background_mainline,True,,68.82018722615585,19.35843367668986,,,,,,,,,,,,,,,,,,,,,,65030,0,b63d9a6a59c92b71ebb27d6dbfb387c70df516f225f067e4dfea40157df365d3,validation_001,0,0,892579701,0,,
18,3.6,A,mainline,True,False,112.96000000000019,27.200000000000102,1,accelerate,2.0,2.0000000000000284,104.96000000000016,27.200000000000102,1,1,accelerate-accelerate,-0.020831555128097534,0.08186966180801392,-0.028386414051055908,1,0.08186966180801392,-0.020831555128097534,0.10270121693611145,0.11025607585906982,"[true, true, true]",False,False,False,65030,0,b63d9a6a59c92b71ebb27d6dbfb387c70df516f225f067e4dfea40157df365d3,validation_001,0,0,892579701,0,3.0976295602474693,
18,3.6,B,ramp,True,False,104.96000000000016,27.200000000000102,1,accelerate,2.0,2.0000000000000284,112.96000000000019,27.200000000000102,1,1,accelerate-accelerate,-0.07055137306451797,0.02758670598268509,-0.21887557208538055,1,0.02758670598268509,-0.07055137306451797,0.09813807904720306,0.24646227806806564,"[true, true, true]",False,False,False,65030,0,b63d9a6a59c92b71ebb27d6dbfb387c70df516f225f067e4dfea40157df365d3,validation_001,0,0,892579701,0,3.0976295602474693,
18,3.6,B_front,background_mainline,True,,192.0,20.0,,,,,,,,,,,,,,,,,,,,,,65030,0,b63d9a6a59c92b71ebb27d6dbfb387c70df516f225f067e4dfea40157df365d3,validation_001,0,0,892579701,0,,
18,3.6,B_rear,background_mainline,True,,72.69539819078283,19.39330914804938,,,,,,,,,,,,,,,,,,,,,,65030,0,b63d9a6a59c92b71ebb27d6dbfb387c70df516f225f067e4dfea40157df365d3,validation_001,0,0,892579701,0,,
19,3.8000000000000003,A,mainline,True,False,118.44000000000023,27.600000000000108,1,accelerate,2.0,2.0000000000000284,110.4400000000002,27.600000000000108,1,1,accelerate-accelerate,-0.027288086712360382,0.06762760877609253,-0.035373955965042114,1,0.06762760877609253,-0.027288086712360382,0.09491569548845291,0.10300156474113464,"[true, true, true]",False,False,False,65030,0,b63d9a6a59c92b71ebb27d6dbfb387c70df516f225f067e4dfea40157df365d3,validation_001,0,0,892579701,0,3.1383465483587827,
19,3.8000000000000003,B,ramp,True,False,110.4400000000002,27.600000000000108,1,accelerate,2.0,2.0000000000000284,118.44000000000023,27.600000000000108,1,1,accelerate-accelerate,-0.054697513580322266,-0.024066489189863205,-0.20314721763134003,1,-0.024066489189863205,-0.054697513580322266,0.03063102439045906,0.17908072844147682,"[true, true, true]",False,False,False,65030,0,b63d9a6a59c92b71ebb27d6dbfb387c70df516f225f067e4dfea40157df365d3,validation_001,0,0,892579701,0,3.1383465483587827,
19,3.8000000000000003,B_front,background_mainline,True,,196.0,20.0,,,,,,,,,,,,,,,,,,,,,,65030,0,b63d9a6a59c92b71ebb27d6dbfb387c70df516f225f067e4dfea40157df365d3,validation_001,0,0,892579701,0,,
19,3.8000000000000003,B_rear,background_mainline,True,,76.57738752854706,19.426316330537308,,,,,,,,,,,,,,,,,,,,,,65030,0,b63d9a6a59c92b71ebb27d6dbfb387c70df516f225f067e4dfea40157df365d3,validation_001,0,0,892579701,0,,
20,4.0,A,mainline,True,False,124.00000000000026,28.000000000000114,1,accelerate,2.0,2.0000000000000284,116.00000000000023,28.000000000000114,1,1,accelerate-accelerate,-0.02646331489086151,0.06945192068815231,-0.03545064479112625,1,0.06945192068815231,-0.02646331489086151,0.09591523557901382,0.10490256547927856,"[true, true, true]",False,False,False,65030,0,b63d9a6a59c92b71ebb27d6dbfb387c70df516f225f067e4dfea40157df365d3,validation_001,0,0,892579701,0,3.169009950979273,
20,4.0,B,ramp,True,False,116.00000000000023,28.000000000000114,1,accelerate,2.0,2.0000000000000284,124.00000000000026,28.000000000000114,1,1,accelerate-accelerate,-0.05608431249856949,-0.024826256558299065,-0.201778843998909,1,-0.024826256558299065,-0.05608431249856949,0.031258055940270424,0.17695258744060993,"[true, true, true]",False,False,False,65030,0,b63d9a6a59c92b71ebb27d6dbfb387c70df516f225f067e4dfea40157df365d3,validation_001,0,0,892579701,0,3.169009950979273,
20,4.0,B_front,background_mainline,True,,200.0,20.0,,,,,,,,,,,,,,,,,,,,,,65030,0,b63d9a6a59c92b71ebb27d6dbfb387c70df516f225f067e4dfea40157df365d3,validation_001,0,0,892579701,0,,
20,4.0,B_rear,background_mainline,True,,80.4658093983139,19.45764602002379,,,,,,,,,,,,,,,,,,,,,,65030,0,b63d9a6a59c92b71ebb27d6dbfb387c70df516f225f067e4dfea40157df365d3,validation_001,0,0,892579701,0,,
21,4.2,A,mainline,True,False,129.64000000000027,28.40000000000012,1,accelerate,2.0,2.0000000000000284,121.64000000000024,28.40000000000012,1,1,accelerate-accelerate,-0.02561236545443535,0.07128426432609558,-0.03549475967884064,1,0.07128426432609558,-0.02561236545443535,0.09689662978053093,0.10677902400493622,"[true, true, true]",False,False,False,65030,0,b63d9a6a59c92b71ebb27d6dbfb387c70df516f225f067e4dfea40157df365d3,validation_001,0,0,892579701,0,3.1850068630061514,
21,4.2,B,ramp,True,False,121.64000000000024,28.40000000000012,1,accelerate,2.0,2.0000000000000284,129.64000000000027,28.40000000000012,1,1,accelerate-accelerate,-0.05661243200302124,-0.02591659314930439,-0.20016397535800934,1,-0.02591659314930439,-0.05661243200302124,0.03069583885371685,0.17424738220870495,"[true, true, true]",False,False,False,65030,0,b63d9a6a59c92b71ebb27d6dbfb387c70df516f225f067e4dfea40157df365d3,validation_001,0,0,892579701,0,3.1850068630061514,
21,4.2,B_front,background_mainline,True,,204.0,20.0,,,,,,,,,,,,,,,,,,,,,,65030,0,b63d9a6a59c92b71ebb27d6dbfb387c70df516f225f067e4dfea40157df365d3,validation_001,0,0,892579701,0,,
21,4.2,B_rear,background_mainline,True,,84.36033563832211,19.487371310448992,,,,,,,,,,,,,,,,,,,,,,65030,0,b63d9a6a59c92b71ebb27d6dbfb387c70df516f225f067e4dfea40157df365d3,validation_001,0,0,892579701,0,,
22,4.4,A,mainline,True,False,135.3600000000003,28.800000000000125,1,accelerate,2.0,2.0000000000000284,127.36000000000026,28.800000000000125,1,1,accelerate-accelerate,-0.025083273649215698,0.07260666787624359,-0.03610128164291382,1,0.07260666787624359,-0.025083273649215698,0.09768994152545929,0.10870794951915741,"[true, true, true]",False,False,False,65030,0,b63d9a6a59c92b71ebb27d6dbfb387c70df516f225f067e4dfea40157df365d3,validation_001,0,0,892579701,0,3.189579281402729,
22,4.4,B,ramp,True,False,127.36000000000026,28.800000000000125,1,accelerate,2.0,2.0000000000000284,135.3600000000003,28.800000000000125,1,1,accelerate-accelerate,-0.05731785297393799,-0.024979284033179283,-0.1997927874326706,1,-0.024979284033179283,-0.05731785297393799,0.032338568940758705,0.1748135033994913,"[true, true, true]",False,False,False,65030,0,b63d9a6a59c92b71ebb27d6dbfb387c70df516f225f067e4dfea40157df365d3,validation_001,0,0,892579701,0,3.189579281402729,
22,4.4,B_front,background_mainline,True,,208.0,20.0,,,,,,,,,,,,,,,,,,,,,,65030,0,b63d9a6a59c92b71ebb27d6dbfb387c70df516f225f067e4dfea40157df365d3,validation_001,0,0,892579701,0,,
22,4.4,B_rear,background_mainline,True,,88.26065251179632,19.51556328416014,,,,,,,,,,,,,,,,,,,,,,65030,0,b63d9a6a59c92b71ebb27d6dbfb387c70df516f225f067e4dfea40157df365d3,validation_001,0,0,892579701,0,,
23,4.6000000000000005,A,mainline,True,False,141.16000000000034,29.20000000000013,1,accelerate,2.0,2.0000000000000284,133.1600000000003,29.20000000000013,1,1,accelerate-accelerate,-0.024337202310562134,0.07335139811038971,-0.03717539459466934,1,0.07335139811038971,-0.024337202310562134,0.09768860042095184,0.11052679270505905,"[true, true, true]",False,False,False,65030,0,b63d9a6a59c92b71ebb27d6dbfb387c70df516f225f067e4dfea40157df365d3,validation_001,0,0,892579701,0,3.1899311812800306,
23,4.6000000000000005,B,ramp,True,False,133.1600000000003,29.20000000000013,1,accelerate,2.0,2.0000000000000284,141.16000000000034,29.20000000000013,1,1,accelerate-accelerate,-0.0581091046333313,-0.023746639490127563,-0.1996496170759201,1,-0.023746639490127563,-0.0581091046333313,0.034362465143203735,0.17590297758579254,"[true, true, true]",False,False,False,65030,0,b63d9a6a59c92b71ebb27d6dbfb387c70df516f225f067e4dfea40157df365d3,validation_001,0,0,892579701,0,3.1899311812800306,
23,4.6000000000000005,B_front,background_mainline,True,,212.0,20.0,,,,,,,,,,,,,,,,,,,,,,65030,0,b63d9a6a59c92b71ebb27d6dbfb387c70df516f225f067e4dfea40157df365d3,validation_001,0,0,892579701,0,,
23,4.6000000000000005,B_rear,background_mainline,True,,92.1664602696857,19.5422907209986,,,,,,,,,,,,,,,,,,,,,,65030,0,b63d9a6a59c92b71ebb27d6dbfb387c70df516f225f067e4dfea40157df365d3,validation_001,0,0,892579701,0,,
24,4.800000000000001,A,mainline,True,False,147.04000000000036,29.600000000000136,1,accelerate,2.0,1.9999999999971863,139.04000000000033,29.600000000000136,1,1,accelerate-accelerate,-0.0235125832259655,0.07471148669719696,-0.03854072093963623,1,0.07471148669719696,-0.0235125832259655,0.09822406992316246,0.11325220763683319,"[true, true, true]",False,False,False,65030,0,b63d9a6a59c92b71ebb27d6dbfb387c70df516f225f067e4dfea40157df365d3,validation_001,0,0,892579701,0,3.1899312394761523,
24,4.800000000000001,B,ramp,True,False,139.04000000000033,29.600000000000136,1,accelerate,2.0,1.9999999999971863,147.04000000000036,29.600000000000136,1,1,accelerate-accelerate,-0.05897179991006851,-0.022458933293819427,-0.19982703030109406,1,-0.022458933293819427,-0.05897179991006851,0.036512866616249084,0.17736809700727463,"[true, true, true]",False,False,False,65030,0,b63d9a6a59c92b71ebb27d6dbfb387c70df516f225f067e4dfea40157df365d3,validation_001,0,0,892579701,0,3.1899312394761523,
24,4.800000000000001,B_front,background_mainline,True,,216.0,20.0,,,,,,,,,,,,,,,,,,,,,,65030,0,b63d9a6a59c92b71ebb27d6dbfb387c70df516f225f067e4dfea40157df365d3,validation_001,0,0,892579701,0,,
24,4.800000000000001,B_rear,background_mainline,True,,96.07747269276777,19.567620171960474,,,,,,,,,,,,,,,,,,,,,,65030,0,b63d9a6a59c92b71ebb27d6dbfb387c70df516f225f067e4dfea40157df365d3,validation_001,0,0,892579701,0,,
25,5.0,A,mainline,True,False,153.0000000000004,30.0,1,accelerate,2.0,0.0,145.00000000000037,30.0,1,1,accelerate-accelerate,-0.022962182760238647,0.07627248764038086,-0.03982500731945038,1,0.07627248764038086,-0.022962182760238647,0.0992346704006195,0.11609749495983124,"[true, true, true]",False,False,False,65030,0,b63d9a6a59c92b71ebb27d6dbfb387c70df516f225f067e4dfea40157df365d3,validation_001,0,0,892579701,0,3.1899312394761523,
25,5.0,B,ramp,True,False,145.00000000000037,30.0,1,accelerate,2.0,0.0,153.0000000000004,30.0,1,1,accelerate-accelerate,-0.06168464571237564,-0.02252669632434845,-0.19909444451332092,1,-0.02252669632434845,-0.06168464571237564,0.03915794938802719,0.17656774818897247,"[true, true, true]",False,False,False,65030,0,b63d9a6a59c92b71ebb27d6dbfb387c70df516f225f067e4dfea40157df365d3,validation_001,0,0,892579701,0,3.1899312394761523,
25,5.0,B_front,background_mainline,True,,220.0,20.0,,,,,,,,,,,,,,,,,,,,,,65030,0,b63d9a6a59c92b71ebb27d6dbfb387c70df516f225f067e4dfea40157df365d3,validation_001,0,0,892579701,0,,
25,5.0,B_rear,background_mainline,True,,99.9934166556605,19.591615923511984,,,,,,,,,,,,,,,,,,,,,,65030,0,b63d9a6a59c92b71ebb27d6dbfb387c70df516f225f067e4dfea40157df365d3,validation_001,0,0,892579701,0,,
26,5.2,A,mainline,True,False,159.0000000000004,30.0,1,accelerate,2.0,0.0,151.00000000000037,30.0,1,1,accelerate-accelerate,-0.022722527384757996,0.07804892957210541,-0.040306150913238525,1,0.07804892957210541,-0.022722527384757996,0.1007714569568634,0.11835508048534393,"[true, true, true]",False,False,False,65030,0,b63d9a6a59c92b71ebb27d6dbfb387c70df516f225f067e4dfea40157df365d3,validation_001,0,0,892579701,0,3.1899312394761523,
26,5.2,B,ramp,True,False,151.00000000000037,30.0,1,accelerate,2.0,0.0,159.0000000000004,30.0,1,1,accelerate-accelerate,-0.06447914242744446,-0.02278219163417816,-0.19748273491859436,1,-0.02278219163417816,-0.06447914242744446,0.041696950793266296,0.1747005432844162,"[true, true, true]",False,False,False,65030,0,b63d9a6a59c92b71ebb27d6dbfb387c70df516f225f067e4dfea40157df365d3,validation_001,0,0,892579701,0,3.1899312394761523,
26,5.2,B_front,background_mainline,True,,224.0,20.0,,,,,,,,,,,,,,,,,,,,,,65030,0,b63d9a6a59c92b71ebb27d6dbfb387c70df516f225f067e4dfea40157df365d3,validation_001,0,0,892579701,0,,
26,5.2,B_rear,background_mainline,True,,103.91403157789894,19.614339139602954,,,,,,,,,,,,,,,,,,,,,,65030,0,b63d9a6a59c92b71ebb27d6dbfb387c70df516f225f067e4dfea40157df365d3,validation_001,0,0,892579701,0,,
27,5.4,A,mainline,True,False,165.0000000000004,30.0,1,accelerate,2.0,0.0,157.00000000000037,30.0,1,1,accelerate-accelerate,-0.022530212998390198,0.07990068197250366,-0.04080044478178024,1,0.07990068197250366,-0.022530212998390198,0.10243089497089386,0.1207011267542839,"[true, true, true]",False,False,False,65030,0,b63d9a6a59c92b71ebb27d6dbfb387c70df516f225f067e4dfea40157df365d3,validation_001,0,0,892579701,0,3.1899312394761523,
27,5.4,B,ramp,True,False,157.00000000000037,30.0,1,accelerate,2.0,0.0,165.0000000000004,30.0,1,1,accelerate-accelerate,-0.06655094027519226,-0.0227645430713892,-0.19640924036502838,1,-0.0227645430713892,-0.06655094027519226,0.04378639720380306,0.17364469729363918,"[true, true, true]",False,False,False,65030,0,b63d9a6a59c92b71ebb27d6dbfb387c70df516f225f067e4dfea40157df365d3,validation_001,0,0,892579701,0,3.1899312394761523,
27,5.4,B_front,background_mainline,True,,228.0,20.0,,,,,,,,,,,,,,,,,,,,,,65030,0,b63d9a6a59c92b71ebb27d6dbfb387c70df516f225f067e4dfea40157df365d3,validation_001,0,0,892579701,0,,
27,5.4,B_rear,background_mainline,True,,107.83906890597642,19.63584913876762,,,,,,,,,,,,,,,,,,,,,,65030,0,b63d9a6a59c92b71ebb27d6dbfb387c70df516f225f067e4dfea40157df365d3,validation_001,0,0,892579701,0,,
28,5.6000000000000005,A,mainline,True,False,171.0000000000004,30.0,1,accelerate,2.0,0.0,163.00000000000037,30.0,1,1,accelerate-accelerate,-0.02234017103910446,0.08175210654735565,-0.041296377778053284,1,0.08175210654735565,-0.02234017103910446,0.10409227758646011,0.12304848432540894,"[true, true, true]",False,False,False,65030,0,b63d9a6a59c92b71ebb27d6dbfb387c70df516f225f067e4dfea40157df365d3,validation_001,0,0,892579701,0,3.1899312394761523,
28,5.6000000000000005,B,ramp,True,False,163.00000000000037,30.0,1,accelerate,2.0,0.0,171.0000000000004,30.0,1,1,accelerate-accelerate,-0.06863464415073395,-0.022595759481191635,-0.19564664363861084,1,-0.022595759481191635,-0.06863464415073395,0.04603888466954231,0.1730508841574192,"[true, true, true]",False,False,False,65030,0,b63d9a6a59c92b71ebb27d6dbfb387c70df516f225f067e4dfea40157df365d3,validation_001,0,0,892579701,0,3.1899312394761523,
28,5.6000000000000005,B_front,background_mainline,True,,232.0,20.0,,,,,,,,,,,,,,,,,,,,,,65030,0,b63d9a6a59c92b71ebb27d6dbfb387c70df516f225f067e4dfea40157df365d3,validation_001,0,0,892579701,0,,
28,5.6000000000000005,B_rear,background_mainline,True,,111.76829180196903,19.656203719865417,,,,,,,,,,,,,,,,,,,,,,65030,0,b63d9a6a59c92b71ebb27d6dbfb387c70df516f225f067e4dfea40157df365d3,validation_001,0,0,892579701,0,,
29,5.800000000000001,A,mainline,True,False,177.0000000000004,30.0,1,accelerate,2.0,0.0,169.00000000000037,30.0,1,1,accelerate-accelerate,-0.02215222269296646,0.08360321819782257,-0.0417938306927681,1,0.08360321819782257,-0.02215222269296646,0.10575544089078903,0.12539704889059067,"[true, true, true]",False,False,False,65030,0,b63d9a6a59c92b71ebb27d6dbfb387c70df516f225f067e4dfea40157df365d3,validation_001,0,0,892579701,0,3.1899312394761523,
29,5.800000000000001,B,ramp,True,False,169.00000000000037,30.0,1,accelerate,2.0,0.0,177.0000000000004,30.0,1,1,accelerate-accelerate,-0.07071781158447266,-0.022429632022976875,-0.19488206505775452,1,-0.022429632022976875,-0.07071781158447266,0.04828817956149578,0.17245243303477764,"[true, true, true]",False,False,False,65030,0,b63d9a6a59c92b71ebb27d6dbfb387c70df516f225f067e4dfea40157df365d3,validation_001,0,0,892579701,0,3.1899312394761523,
29,5.800000000000001,B_front,background_mainline,True,,236.0,20.0,,,,,,,,,,,,,,,,,,,,,,65030,0,b63d9a6a59c92b71ebb27d6dbfb387c70df516f225f067e4dfea40157df365d3,validation_001,0,0,892579701,0,,
29,5.800000000000001,B_rear,background_mainline,True,,115.70147481780346,19.675458956162114,,,,,,,,,,,,,,,,,,,,,,65030,0,b63d9a6a59c92b71ebb27d6dbfb387c70df516f225f067e4dfea40157df365d3,validation_001,0,0,892579701,0,,
30,6.0,A,mainline,True,False,183.0000000000004,30.0,1,accelerate,2.0,0.0,175.00000000000037,30.0,1,1,accelerate-accelerate,-0.021856948733329773,0.08485987782478333,-0.0413411483168602,1,0.08485987782478333,-0.021856948733329773,0.1067168265581131,0.12620102614164352,"[true, true, true]",False,False,False,65030,0,b63d9a6a59c92b71ebb27d6dbfb387c70df516f225f067e4dfea40157df365d3,validation_001,0,0,892579701,0,3.1899312394761523,
30,6.0,B,ramp,True,False,175.00000000000037,30.0,1,accelerate,2.0,0.0,183.0000000000004,30.0,1,1,accelerate-accelerate,-0.0722077339887619,-0.022302810102701187,-0.19391310214996338,1,-0.022302810102701187,-0.0722077339887619,0.049904923886060715,0.1716102920472622,"[true, true, true]",False,False,False,65030,0,b63d9a6a59c92b71ebb27d6dbfb387c70df516f225f067e4dfea40157df365d3,validation_001,0,0,892579701,0,3.1899312394761523,
30,6.0,B_front,background_mainline,True,,240.0,20.0,,,,,,,,,,,,,,,,,,,,,,65030,0,b63d9a6a59c92b71ebb27d6dbfb387c70df516f225f067e4dfea40157df365d3,validation_001,0,0,892579701,0,,
30,6.0,B_rear,background_mainline,True,,119.63840353534722,19.6936690564432,,,,,,,,,,,,,,,,,,,,,,65030,0,b63d9a6a59c92b71ebb27d6dbfb387c70df516f225f067e4dfea40157df365d3,validation_001,0,0,892579701,0,,
31,6.2,A,mainline,True,False,189.0000000000004,30.0,1,accelerate,2.0,0.0,181.00000000000037,30.0,1,1,accelerate-accelerate,-0.021342992782592773,0.08508959412574768,-0.039983056485652924,1,0.08508959412574768,-0.021342992782592773,0.10643258690834045,0.1250726506114006,"[true, true, true]",False,False,False,65030,0,b63d9a6a59c92b71ebb27d6dbfb387c70df516f225f067e4dfea40157df365d3,validation_001,0,0,892579701,0,3.1899312394761523,
31,6.2,B,ramp,True,False,181.00000000000037,30.0,1,accelerate,2.0,0.0,189.0000000000004,30.0,1,1,accelerate-accelerate,-0.07299807667732239,-0.022649001330137253,-0.1925790011882782,1,-0.022649001330137253,-0.07299807667732239,0.050349075347185135,0.16992999985814095,"[true, true, true]",False,False,False,65030,0,b63d9a6a59c92b71ebb27d6dbfb387c70df516f225f067e4dfea40157df365d3,validation_001,0,0,892579701,0,3.1899312394761523,
31,6.2,B_front,background_mainline,True,,244.0,20.0,,,,,,,,,,,,,,,,,,,,,,65030,0,b63d9a6a59c92b71ebb27d6dbfb387c70df516f225f067e4dfea40157df365d3,validation_001,0,0,892579701,0,,
31,6.2,B_rear,background_mainline,True,,123.57887418398364,19.710886276545164,,,,,,,,,,,,,,,,,,,,,,65030,0,b63d9a6a59c92b71ebb27d6dbfb387c70df516f225f067e4dfea40157df365d3,validation_001,0,0,892579701,0,,
32,6.4,A,mainline,True,False,195.0000000000004,30.0,1,accelerate,2.0,0.0,187.00000000000037,30.0,1,1,accelerate-accelerate,-0.02169060707092285,0.08487826585769653,-0.039871588349342346,1,0.08487826585769653,-0.02169060707092285,0.10656887292861938,0.12474985420703888,"[true, true, true]",False,False,False,65030,0,b63d9a6a59c92b71ebb27d6dbfb387c70df516f225f067e4dfea40157df365d3,validation_001,0,0,892579701,0,3.1899312394761523,
32,6.4,B,ramp,True,False,187.00000000000037,30.0,1,accelerate,2.0,0.0,195.0000000000004,30.0,1,1,accelerate-accelerate,-0.07414448261260986,-0.023679809644818306,-0.1914888322353363,1,-0.023679809644818306,-0.07414448261260986,0.05046467296779156,0.167809022590518,"[true, true, true]",False,False,False,65030,0,b63d9a6a59c92b71ebb27d6dbfb387c70df516f225f067e4dfea40157df365d3,validation_001,0,0,892579701,0,3.1899312394761523,
32,6.4,B_front,background_mainline,True,,248.0,20.0,,,,,,,,,,,,,,,,,,,,,,65030,0,b63d9a6a59c92b71ebb27d6dbfb387c70df516f225f067e4dfea40157df365d3,validation_001,0,0,892579701,0,,
32,6.4,B_rear,background_mainline,True,,127.5226932444799,19.72716086912542,,,,,,,,,,,,,,,,,,,,,,65030,0,b63d9a6a59c92b71ebb27d6dbfb387c70df516f225f067e4dfea40157df365d3,validation_001,0,0,892579701,0,,
33,6.6000000000000005,A,mainline,True,False,201.0000000000004,30.0,1,accelerate,2.0,0.0,193.00000000000037,30.0,1,1,accelerate-accelerate,-0.022039785981178284,0.08466657996177673,-0.03976135700941086,1,0.08466657996177673,-0.022039785981178284,0.10670636594295502,0.12442793697118759,"[true, true, true]",False,False,False,65030,0,b63d9a6a59c92b71ebb27d6dbfb387c70df516f225f067e4dfea40157df365d3,validation_001,0,0,892579701,0,3.1899312394761523,
33,6.6000000000000005,B,ramp,True,False,193.00000000000037,30.0,1,accelerate,2.0,0.0,201.0000000000004,30.0,1,1,accelerate-accelerate,-0.07526431977748871,-0.02471449412405491,-0.1903889924287796,1,-0.02471449412405491,-0.07526431977748871,0.0505498256534338,0.1656744983047247,"[true, true, true]",False,False,False,65030,0,b63d9a6a59c92b71ebb27d6dbfb387c70df516f225f067e4dfea40157df365d3,validation_001,0,0,892579701,0,3.1899312394761523,
33,6.6000000000000005,B_front,background_mainline,True,,252.0,20.0,,,,,,,,,,,,,,,,,,,,,,65030,0,b63d9a6a59c92b71ebb27d6dbfb387c70df516f225f067e4dfea40157df365d3,validation_001,0,0,892579701,0,,
33,6.6000000000000005,B_rear,background_mainline,True,,131.46967704584856,19.742541062606318,,,,,,,,,,,,,,,,,,,,,,65030,0,b63d9a6a59c92b71ebb27d6dbfb387c70df516f225f067e4dfea40157df365d3,validation_001,0,0,892579701,0,,
34,6.800000000000001,A,mainline,True,False,207.0000000000004,30.0,1,accelerate,2.0,0.0,199.00000000000037,30.0,1,1,accelerate-accelerate,-0.0230056494474411,0.08553867787122726,-0.03926807641983032,1,0.08553867787122726,-0.0230056494474411,0.10854432731866837,0.12480675429105759,"[true, true, true]",False,False,False,65030,0,b63d9a6a59c92b71ebb27d6dbfb387c70df516f225f067e4dfea40157df365d3,validation_001,0,0,892579701,0,3.1899312394761523,
34,6.800000000000001,B,ramp,True,False,199.00000000000037,30.0,1,accelerate,2.0,0.0,207.0000000000004,30.0,1,1,accelerate-accelerate,-0.07602834701538086,-0.025785960257053375,-0.18916204571723938,1,-0.025785960257053375,-0.07602834701538086,0.050242386758327484,0.163376085460186,"[true, true, true]",False,False,False,65030,0,b63d9a6a59c92b71ebb27d6dbfb387c70df516f225f067e4dfea40157df365d3,validation_001,0,0,892579701,0,3.1899312394761523,
34,6.800000000000001,B_front,background_mainline,True,,256.0,20.0,,,,,,,,,,,,,,,,,,,,,,65030,0,b63d9a6a59c92b71ebb27d6dbfb387c70df516f225f067e4dfea40157df365d3,validation_001,0,0,892579701,0,,
34,6.800000000000001,B_rear,background_mainline,True,,135.41965136032428,19.757073062453962,,,,,,,,,,,,,,,,,,,,,,65030,0,b63d9a6a59c92b71ebb27d6dbfb387c70df516f225f067e4dfea40157df365d3,validation_001,0,0,892579701,0,,
35,7.0,A,mainline,True,False,213.0000000000004,30.0,1,accelerate,2.0,0.0,205.00000000000037,30.0,1,1,accelerate-accelerate,-0.024192139506340027,0.08648030459880829,-0.03861335664987564,1,0.08648030459880829,-0.024192139506340027,0.11067244410514832,0.12509366124868393,"[true, true, true]",False,False,False,65030,0,b63d9a6a59c92b71ebb27d6dbfb387c70df516f225f067e4dfea40157df365d3,validation_001,0,0,892579701,0,3.1899312394761523,
35,7.0,B,ramp,True,False,205.00000000000037,30.0,1,accelerate,2.0,0.0,213.0000000000004,30.0,1,1,accelerate-accelerate,-0.07679183781147003,-0.026858581230044365,-0.1879347562789917,1,-0.026858581230044365,-0.07679183781147003,0.04993325658142567,0.16107617504894733,"[true, true, true]",False,False,False,65030,0,b63d9a6a59c92b71ebb27d6dbfb387c70df516f225f067e4dfea40157df365d3,validation_001,0,0,892579701,0,3.1899312394761523,
35,7.0,B_front,background_mainline,True,,260.0,0.0,,,,,,,,,,,,,,,,,,,,,,65030,0,b63d9a6a59c92b71ebb27d6dbfb387c70df516f225f067e4dfea40157df365d3,validation_001,0,0,892579701,0,,
35,7.0,B_rear,background_mainline,True,,139.37245100037848,19.770801069566904,,,,,,,,,,,,,,,,,,,,,,65030,0,b63d9a6a59c92b71ebb27d6dbfb387c70df516f225f067e4dfea40157df365d3,validation_001,0,0,892579701,0,,
36,7.2,A,mainline,True,False,219.0000000000004,30.0,1,accelerate,2.0,0.0,211.00000000000037,30.0,1,1,accelerate-accelerate,-0.050787679851055145,0.07986330986022949,-0.0654335767030716,1,0.07986330986022949,-0.050787679851055145,0.13065098971128464,0.1452968865633011,"[true, true, true]",False,False,False,65030,0,b63d9a6a59c92b71ebb27d6dbfb387c70df516f225f067e4dfea40157df365d3,validation_001,0,0,892579701,0,3.1899312394761523,
36,7.2,B,ramp,True,False,211.00000000000037,30.0,1,accelerate,2.0,0.0,219.0000000000004,30.0,1,1,accelerate-accelerate,-0.0665498673915863,-0.049075014889240265,-0.20598387718200684,1,-0.049075014889240265,-0.0665498673915863,0.01747485250234604,0.15690886229276657,"[true, true, true]",False,False,False,65030,0,b63d9a6a59c92b71ebb27d6dbfb387c70df516f225f067e4dfea40157df365d3,validation_001,0,0,892579701,0,3.1899312394761523,
36,7.2,B_front,background_mainline,True,,260.0,0.0,,,,,,,,,,,,,,,,,,,,,,65030,0,b63d9a6a59c92b71ebb27d6dbfb387c70df516f225f067e4dfea40157df365d3,validation_001,0,0,892579701,0,,
36,7.2,B_rear,background_mainline,True,,143.32791942077466,19.783767311738593,,,,,,,,,,,,,,,,,,,,,,65030,0,b63d9a6a59c92b71ebb27d6dbfb387c70df516f225f067e4dfea40157df365d3,validation_001,0,0,892579701,0,,
37,7.4,A,mainline,True,False,225.0000000000004,30.0,1,accelerate,2.0,0.0,217.00000000000037,30.0,1,1,accelerate-accelerate,-0.05134797468781471,0.08003678172826767,-0.06514200568199158,1,0.08003678172826767,-0.05134797468781471,0.13138475641608238,0.14517878741025925,"[true, true, true]",False,False,False,65030,0,b63d9a6a59c92b71ebb27d6dbfb387c70df516f225f067e4dfea40157df365d3,validation_001,0,0,892579701,0,3.1899312394761523,
37,7.4,B,ramp,True,False,217.00000000000037,30.0,1,accelerate,2.0,0.0,225.0000000000004,30.0,1,1,accelerate-accelerate,-0.06643716990947723,-0.05179257690906525,-0.20597124099731445,1,-0.05179257690906525,-0.06643716990947723,0.014644593000411987,0.1541786640882492,"[true, true, true]",False,False,False,65030,0,b63d9a6a59c92b71ebb27d6dbfb387c70df516f225f067e4dfea40157df365d3,validation_001,0,0,892579701,0,3.1899312394761523,
37,7.4,B_front,background_mainline,True,,260.0,0.0,,,,,,,,,,,,,,,,,,,,,,65030,0,b63d9a6a59c92b71ebb27d6dbfb387c70df516f225f067e4dfea40157df365d3,validation_001,0,0,892579701,0,,
37,7.4,B_rear,background_mainline,True,,147.28590832795214,19.796012085045312,,,,,,,,,,,,,,,,,,,,,,65030,0,b63d9a6a59c92b71ebb27d6dbfb387c70df516f225f067e4dfea40157df365d3,validation_001,0,0,892579701,0,,
38,7.6000000000000005,A,mainline,True,False,231.0000000000004,30.0,1,accelerate,2.0,0.0,223.00000000000037,30.0,1,1,accelerate-accelerate,-0.051908768713474274,0.08020886778831482,-0.06485067307949066,1,0.08020886778831482,-0.051908768713474274,0.1321176365017891,0.14505954086780548,"[true, true, true]",False,False,False,65030,0,b63d9a6a59c92b71ebb27d6dbfb387c70df516f225f067e4dfea40157df365d3,validation_001,0,0,892579701,0,3.1899312394761523,
38,7.6000000000000005,B,ramp,True,False,223.00000000000037,30.0,1,accelerate,2.0,0.0,231.0000000000004,30.0,1,1,accelerate-accelerate,-0.0663234293460846,-0.05451132729649544,-0.20595833659172058,1,-0.05451132729649544,-0.0663234293460846,0.011812102049589157,0.15144700929522514,"[true, true, true]",False,False,False,65030,0,b63d9a6a59c92b71ebb27d6dbfb387c70df516f225f067e4dfea40157df365d3,validation_001,0,0,892579701,0,3.1899312394761523,
38,7.6000000000000005,B_front,background_mainline,True,,260.0,0.0,,,,,,,,,,,,,,,,,,,,,,65030,0,b63d9a6a59c92b71ebb27d6dbfb387c70df516f225f067e4dfea40157df365d3,validation_001,0,0,892579701,0,,
38,7.6000000000000005,B_rear,background_mainline,True,,151.24627729846648,19.807573802683077,,,,,,,,,,,,,,,,,,,,,,65030,0,b63d9a6a59c92b71ebb27d6dbfb387c70df516f225f067e4dfea40157df365d3,validation_001,0,0,892579701,0,,
39,7.800000000000001,A,mainline,True,False,237.0000000000004,30.0,1,accelerate,2.0,0.0,229.00000000000037,30.0,1,1,accelerate-accelerate,-0.052470020949840546,0.08037964999675751,-0.06455953419208527,1,0.08037964999675751,-0.052470020949840546,0.13284967094659805,0.14493918418884277,"[true, true, true]",False,False,False,65030,0,b63d9a6a59c92b71ebb27d6dbfb387c70df516f225f067e4dfea40157df365d3,validation_001,0,0,892579701,0,3.1899312394761523,
39,7.800000000000001,B,ramp,True,False,229.00000000000037,30.0,1,accelerate,2.0,0.0,237.0000000000004,30.0,1,1,accelerate-accelerate,-0.06620870530605316,-0.05723119154572487,-0.20594513416290283,1,-0.05723119154572487,-0.06620870530605316,0.008977513760328293,0.14871394261717796,"[true, true, true]",False,False,False,65030,0,b63d9a6a59c92b71ebb27d6dbfb387c70df516f225f067e4dfea40157df365d3,validation_001,0,0,892579701,0,3.1899312394761523,
39,7.800000000000001,B_front,background_mainline,True,,260.0,0.0,,,,,,,,,,,,,,,,,,,,,,65030,0,b63d9a6a59c92b71ebb27d6dbfb387c70df516f225f067e4dfea40157df365d3,validation_001,0,0,892579701,0,,
39,7.800000000000001,B_rear,background_mainline,True,,155.2088934077733,19.81848904929153,,,,,,,,,,,,,,,,,,,,,,65030,0,b63d9a6a59c92b71ebb27d6dbfb387c70df516f225f067e4dfea40157df365d3,validation_001,0,0,892579701,0,,
40,8.0,A,mainline,True,False,243.0000000000004,30.0,1,accelerate,2.0,0.0,235.00000000000037,30.0,1,1,accelerate-accelerate,-0.05321013927459717,0.08067283034324646,-0.06437438726425171,1,0.08067283034324646,-0.05321013927459717,0.13388296961784363,0.14504721760749817,"[true, true, true]",False,False,False,65030,0,b63d9a6a59c92b71ebb27d6dbfb387c70df516f225f067e4dfea40157df365d3,validation_001,0,0,892579701,0,3.1899312394761523,
40,8.0,B,ramp,True,False,235.00000000000037,30.0,1,accelerate,2.0,0.0,243.0000000000004,30.0,1,1,accelerate-accelerate,-0.06604719161987305,-0.05993800610303879,-0.20609211921691895,1,-0.05993800610303879,-0.06604719161987305,0.006109185516834259,0.14615411311388016,"[true, true, true]",False,False,False,65030,0,b63d9a6a59c92b71ebb27d6dbfb387c70df516f225f067e4dfea40157df365d3,validation_001,0,0,892579701,0,3.1899312394761523,
40,8.0,B_front,background_mainline,True,,260.0,0.0,,,,,,,,,,,,,,,,,,,,,,65030,0,b63d9a6a59c92b71ebb27d6dbfb387c70df516f225f067e4dfea40157df365d3,validation_001,0,0,892579701,0,,
40,8.0,B_rear,background_mainline,True,,159.17363087029108,19.828792639201687,,,,,,,,,,,,,,,,,,,,,,65030,0,b63d9a6a59c92b71ebb27d6dbfb387c70df516f225f067e4dfea40157df365d3,validation_001,0,0,892579701,0,,
41,8.200000000000001,A,mainline,True,False,249.0000000000004,30.0,1,accelerate,2.0,0.0,241.00000000000037,30.0,1,1,accelerate-accelerate,-0.05400075763463974,0.08099956810474396,-0.06421910226345062,1,0.08099956810474396,-0.05400075763463974,0.1350003257393837,0.14521867036819458,"[true, true, true]",False,False,False,65030,0,b63d9a6a59c92b71ebb27d6dbfb387c70df516f225f067e4dfea40157df365d3,validation_001,0,0,892579701,0,3.1899312394761523,
41,8.200000000000001,B,ramp,True,False,241.00000000000037,30.0,1,accelerate,2.0,0.0,249.0000000000004,30.0,1,1,accelerate-accelerate,-0.06555454432964325,-0.06303157657384872,-0.20658107101917267,1,-0.06303157657384872,-0.06555454432964325,0.002522967755794525,0.14354949444532394,"[true, true, true]",False,False,False,65030,0,b63d9a6a59c92b71ebb27d6dbfb387c70df516f225f067e4dfea40157df365d3,validation_001,0,0,892579701,0,3.1899312394761523,
41,8.200000000000001,B_front,background_mainline,True,,260.0,0.0,,,,,,,,,,,,,,,,,,,,,,65030,0,b63d9a6a59c92b71ebb27d6dbfb387c70df516f225f067e4dfea40157df365d3,validation_001,0,0,892579701,0,,
41,8.200000000000001,B_rear,background_mainline,True,,163.14037069139823,19.838517677356666,,,,,,,,,,,,,,,,,,,,,,65030,0,b63d9a6a59c92b71ebb27d6dbfb387c70df516f225f067e4dfea40157df365d3,validation_001,0,0,892579701,0,,
42,8.4,A,mainline,True,False,255.0000000000004,30.0,1,accelerate,2.0,0.0,247.00000000000037,30.0,1,0,accelerate-maintain,-0.054784681648015976,0.08133368194103241,-0.06407934427261353,1,0.08133368194103241,-0.054784681648015976,0.13611836358904839,0.14541302621364594,"[true, true, true]",False,False,False,65030,0,b63d9a6a59c92b71ebb27d6dbfb387c70df516f225f067e4dfea40157df365d3,validation_001,0,0,892579701,0,,
42,8.4,B,ramp,True,False,247.00000000000037,30.0,0,maintain,2.0,0.0,255.0000000000004,30.0,1,0,accelerate-maintain,-0.06475475430488586,-0.06620478630065918,-0.20748843252658844,0,-0.06475475430488586,-0.06620478630065918,0.0014500319957733154,0.14273367822170258,"[true, true, true]",False,False,False,65030,0,b63d9a6a59c92b71ebb27d6dbfb387c70df516f225f067e4dfea40157df365d3,validation_001,0,0,892579701,0,,
42,8.4,B_front,background_mainline,True,,260.0,0.0,,,,,,,,,,,,,,,,,,,,,,65030,0,b63d9a6a59c92b71ebb27d6dbfb387c70df516f225f067e4dfea40157df365d3,validation_001,0,0,892579701,0,,
42,8.4,B_rear,background_mainline,True,,167.10900033179522,19.847695621901472,,,,,,,,,,,,,,,,,,,,,,65030,0,b63d9a6a59c92b71ebb27d6dbfb387c70df516f225f067e4dfea40157df365d3,validation_001,0,0,892579701,0,,
43,8.6,A,mainline,False,True,261.0000000000004,0.0,0,maintain,0.0,0.0,253.00000000000037,30.0,0,1,inactive-active,-0.031204454600811005,0.08076843619346619,-0.08549308776855469,1,0.08076843619346619,-0.031204454600811005,0.11197289079427719,0.16626152396202087,"[true, true, true]",False,False,False,65030,0,b63d9a6a59c92b71ebb27d6dbfb387c70df516f225f067e4dfea40157df365d3,validation_001,0,0,892579701,0,,
43,8.6,B,ramp,True,False,253.00000000000037,30.0,1,accelerate,0.0,0.0,261.0000000000004,0.0,0,1,inactive-active,-0.053673155605793,-0.04359256848692894,-0.20685464143753052,1,-0.04359256848692894,-0.053673155605793,0.01008058711886406,0.16326207295060158,"[true, true, true]",False,False,False,65030,0,b63d9a6a59c92b71ebb27d6dbfb387c70df516f225f067e4dfea40157df365d3,validation_001,0,0,892579701,0,,
43,8.6,B_front,background_mainline,True,,260.0,0.0,,,,,,,,,,,,,,,,,,,,,,65030,0,b63d9a6a59c92b71ebb27d6dbfb387c70df516f225f067e4dfea40157df365d3,validation_001,0,0,892579701,0,,
43,8.6,B_rear,background_mainline,True,,171.07941338448205,19.856356347635195,,,,,,,,,,,,,,,,,,,,,,65030,0,b63d9a6a59c92b71ebb27d6dbfb387c70df516f225f067e4dfea40157df365d3,validation_001,0,0,892579701,0,,
44,8.8,A,mainline,False,True,261.0000000000004,0.0,0,maintain,0.0,0.0,259.00000000000034,30.0,0,1,inactive-active,-0.02998584881424904,0.0814046710729599,-0.0878618061542511,1,0.0814046710729599,-0.02998584881424904,0.11139051988720894,0.169266477227211,"[true, true, true]",False,True,False,65030,0,b63d9a6a59c92b71ebb27d6dbfb387c70df516f225f067e4dfea40157df365d3,validation_001,0,0,892579701,0,,
44,8.8,B,ramp,True,False,259.00000000000034,30.0,1,accelerate,2.0,0.0,261.0000000000004,0.0,0,1,inactive-active,-0.05243006348609924,-0.04117504879832268,-0.20802797377109528,1,-0.04117504879832268,-0.05243006348609924,0.011255014687776566,0.1668529249727726,"[true, true, true]",False,True,False,65030,0,b63d9a6a59c92b71ebb27d6dbfb387c70df516f225f067e4dfea40157df365d3,validation_001,0,0,892579701,0,,
44,8.8,B_front,background_mainline,True,,260.0,0.0,,,,,,,,,,,,,,,,,,,,,,65030,0,b63d9a6a59c92b71ebb27d6dbfb387c70df516f225f067e4dfea40157df365d3,validation_001,0,0,892579701,0,,
44,8.8,B_rear,background_mainline,True,,175.05151886259938,19.864654657390098,,,,,,,,,,,,,,,,,,,,,,65030,0,b63d9a6a59c92b71ebb27d6dbfb387c70df516f225f067e4dfea40157df365d3,validation_001,0,0,892579701,0,,
0,0.0,A,ramp,True,False,20.0,20.0,1,accelerate,0.0,2.0000000000000284,28.0,20.0,1,0,accelerate-maintain,-0.08051791787147522,0.08901771157979965,-0.030530035495758057,1,0.08901771157979965,-0.030530035495758057,0.11954774707555771,0.16953562945127487,"[true, true, true]",False,False,False,65030,0,b63d9a6a59c92b71ebb27d6dbfb387c70df516f225f067e4dfea40157df365d3,validation_001,1,0,892579701,1,,
0,0.0,B,mainline,True,False,28.0,20.0,0,maintain,0.0,0.0,20.0,20.0,1,0,accelerate-maintain,-0.016298722475767136,-0.1056109294295311,-0.09887151420116425,0,-0.016298722475767136,-0.09887151420116425,0.08257279172539711,0.08931220695376396,"[true, true, true]",False,False,False,65030,0,b63d9a6a59c92b71ebb27d6dbfb387c70df516f225f067e4dfea40157df365d3,validation_001,1,0,892579701,1,,
0,0.0,B_front,background_mainline,True,,120.0,20.0,,,,,,,,,,,,,,,,,,,,,,65030,0,b63d9a6a59c92b71ebb27d6dbfb387c70df516f225f067e4dfea40157df365d3,validation_001,1,0,892579701,1,,
0,0.0,B_rear,background_mainline,True,,3.945792890543582,19.483844969091912,,,,,,,,,,,,,,,,,,,,,,65030,0,b63d9a6a59c92b71ebb27d6dbfb387c70df516f225f067e4dfea40157df365d3,validation_001,1,0,892579701,1,,
1,0.2,A,ramp,True,False,24.040000000000003,20.400000000000006,1,accelerate,2.0,2.0000000000000284,32.0,20.0,1,0,accelerate-maintain,-0.08047941327095032,0.08991681039333344,-0.030354633927345276,1,0.08991681039333344,-0.030354633927345276,0.12027144432067871,0.17039622366428375,"[true, true, true]",False,False,False,65030,0,b63d9a6a59c92b71ebb27d6dbfb387c70df516f225f067e4dfea40157df365d3,validation_001,1,0,892579701,1,,
1,0.2,B,mainline,True,False,32.0,20.0,0,maintain,0.0,0.0,24.040000000000003,20.400000000000006,1,0,accelerate-maintain,-0.016857005655765533,-0.10398469865322113,-0.09863103926181793,0,-0.016857005655765533,-0.09863103926181793,0.0817740336060524,0.0871276929974556,"[true, true, true]",False,False,False,65030,0,b63d9a6a59c92b71ebb27d6dbfb387c70df516f225f067e4dfea40157df365d3,validation_001,1,0,892579701,1,,
1,0.2,B_front,background_mainline,True,,124.0,20.0,,,,,,,,,,,,,,,,,,,,,,65030,0,b63d9a6a59c92b71ebb27d6dbfb387c70df516f225f067e4dfea40157df365d3,validation_001,1,0,892579701,1,,
1,0.2,B_rear,background_mainline,True,,7.802789976125999,19.103228823167687,,,,,,,,,,,,,,,,,,,,,,65030,0,b63d9a6a59c92b71ebb27d6dbfb387c70df516f225f067e4dfea40157df365d3,validation_001,1,0,892579701,1,,
2,0.4,A,ramp,True,False,28.160000000000004,20.80000000000001,1,accelerate,2.0,2.0000000000000284,36.0,20.0,1,0,accelerate-maintain,-0.08030220866203308,0.09089944511651993,-0.02996392548084259,1,0.09089944511651993,-0.02996392548084259,0.12086337059736252,0.171201653778553,"[true, true, true]",False,False,False,65030,0,b63d9a6a59c92b71ebb27d6dbfb387c70df516f225f067e4dfea40157df365d3,validation_001,1,0,892579701,1,,
2,0.4,B,mainline,True,False,36.0,20.0,0,maintain,0.0,0.0,28.160000000000004,20.80000000000001,1,0,accelerate-maintain,-0.017529577016830444,-0.10241234302520752,-0.09820438921451569,0,-0.017529577016830444,-0.09820438921451569,0.08067481219768524,0.08488276600837708,"[true, true, true]",False,False,False,65030,0,b63d9a6a59c92b71ebb27d6dbfb387c70df516f225f067e4dfea40157df365d3,validation_001,1,0,892579701,1,,
2,0.4,B_front,background_mainline,True,,128.0,20.0,,,,,,,,,,,,,,,,,,,,,,65030,0,b63d9a6a59c92b71ebb27d6dbfb387c70df516f225f067e4dfea40157df365d3,validation_001,1,0,892579701,1,,
2,0.4,B_rear,background_mainline,True,,11.593368401039545,18.814498512244633,,,,,,,,,,,,,,,,,,,,,,65030,0,b63d9a6a59c92b71ebb27d6dbfb387c70df516f225f067e4dfea40157df365d3,validation_001,1,0,892579701,1,,
3,0.6000000000000001,A,ramp,True,False,32.36000000000001,21.200000000000017,1,accelerate,2.0,2.0000000000000284,40.0,20.0,1,0,accelerate-maintain,-0.07998418807983398,0.09210532903671265,-0.0296078622341156,1,0.09210532903671265,-0.0296078622341156,0.12171319127082825,0.17208951711654663,"[true, true, true]",False,False,False,65030,0,b63d9a6a59c92b71ebb27d6dbfb387c70df516f225f067e4dfea40157df365d3,validation_001,1,0,892579701,1,,
3,0.6000000000000001,B,mainline,True,False,40.0,20.0,0,maintain,0.0,0.0,32.36000000000001,21.200000000000017,1,0,accelerate-maintain,-0.01827859878540039,-0.10088299214839935,-0.09764571487903595,0,-0.01827859878540039,-0.09764571487903595,0.07936711609363556,0.08260439336299896,"[true, true, true]",False,False,False,65030,0,b63d9a6a59c92b71ebb27d6dbfb387c70df516f225f067e4dfea40157df365d3,validation_001,1,0,892579701,1,,
3,0.6000000000000001,B_front,background_mainline,True,,132.0,20.0,,,,,,,,,,,,,,,,,,,,,,65030,0,b63d9a6a59c92b71ebb27d6dbfb387c70df516f225f067e4dfea40157df365d3,validation_001,1,0,892579701,1,,
3,0.6000000000000001,B_rear,background_mainline,True,,15.333070330500611,18.591211668736282,,,,,,,,,,,,,,,,,,,,,,65030,0,b63d9a6a59c92b71ebb27d6dbfb387c70df516f225f067e4dfea40157df365d3,validation_001,1,0,892579701,1,,
4,0.8,A,ramp,True,False,36.64000000000001,21.600000000000023,1,accelerate,2.0,2.0000000000000284,44.0,20.0,1,0,accelerate-maintain,-0.07956363260746002,0.09325643628835678,-0.029252290725708008,1,0.09325643628835678,-0.029252290725708008,0.12250872701406479,0.1728200688958168,"[true, true, true]",False,False,False,65030,0,b63d9a6a59c92b71ebb27d6dbfb387c70df516f225f067e4dfea40157df365d3,validation_001,1,0,892579701,1,,
4,0.8,B,mainline,True,False,44.0,20.0,0,maintain,0.0,0.0,36.64000000000001,21.600000000000023,1,0,accelerate-maintain,-0.01908121258020401,-0.09939029812812805,-0.09698755294084549,0,-0.01908121258020401,-0.09698755294084549,0.07790634036064148,0.08030908554792404,"[true, true, true]",False,False,False,65030,0,b63d9a6a59c92b71ebb27d6dbfb387c70df516f225f067e4dfea40157df365d3,validation_001,1,0,892579701,1,,
4,0.8,B_front,background_mainline,True,,136.0,20.0,,,,,,,,,,,,,,,,,,,,,,65030,0,b63d9a6a59c92b71ebb27d6dbfb387c70df516f225f067e4dfea40157df365d3,validation_001,1,0,892579701,1,,
4,0.8,B_rear,background_mainline,True,,19.03316593289923,18.4162696490176,,,,,,,,,,,,,,,,,,,,,,65030,0,b63d9a6a59c92b71ebb27d6dbfb387c70df516f225f067e4dfea40157df365d3,validation_001,1,0,892579701,1,,
5,1.0,A,ramp,True,False,41.000000000000014,22.00000000000003,1,accelerate,2.0,2.0000000000000284,48.0,20.0,1,0,accelerate-maintain,-0.07910612970590591,0.0944487676024437,-0.02890649437904358,1,0.0944487676024437,-0.02890649437904358,0.12335526198148727,0.1735548973083496,"[true, true, true]",False,False,False,65030,0,b63d9a6a59c92b71ebb27d6dbfb387c70df516f225f067e4dfea40157df365d3,validation_001,1,0,892579701,1,,
5,1.0,B,mainline,True,False,48.0,20.0,0,maintain,0.0,0.0,41.000000000000014,22.00000000000003,1,0,accelerate-maintain,-0.019913017749786377,-0.0979095846414566,-0.09626924246549606,0,-0.019913017749786377,-0.09626924246549606,0.07635622471570969,0.07799656689167023,"[true, true, true]",False,False,False,65030,0,b63d9a6a59c92b71ebb27d6dbfb387c70df516f225f067e4dfea40157df365d3,validation_001,1,0,892579701,1,,
5,1.0,B_front,background_mainline,True,,140.0,20.0,,,,,,,,,,,,,,,,,,,,,,65030,0,b63d9a6a59c92b71ebb27d6dbfb387c70df516f225f067e4dfea40157df365d3,validation_001,1,0,892579701,1,,
5,1.0,B_rear,background_mainline,True,,22.702096516872903,18.278056734572637,,,,,,,,,,,,,,,,,,,,,,65030,0,b63d9a6a59c92b71ebb27d6dbfb387c70df516f225f067e4dfea40157df365d3,validation_001,1,0,892579701,1,,
6,1.2000000000000002,A,ramp,True,False,45.44000000000002,22.400000000000034,1,accelerate,2.0,2.0000000000000284,52.0,20.0,1,0,accelerate-maintain,-0.07862033694982529,0.09568013995885849,-0.028572991490364075,1,0.09568013995885849,-0.028572991490364075,0.12425313144922256,0.17430047690868378,"[true, true, true]",False,False,False,65030,0,b63d9a6a59c92b71ebb27d6dbfb387c70df516f225f067e4dfea40157df365d3,validation_001,1,0,892579701,1,,
6,1.2000000000000002,B,mainline,True,False,52.0,20.0,0,maintain,0.0,0.0,45.44000000000002,22.400000000000034,1,0,accelerate-maintain,-0.02067875862121582,-0.09627088904380798,-0.09569195657968521,0,-0.02067875862121582,-0.09569195657968521,0.07501319795846939,0.07559213042259216,"[true, true, true]",False,False,False,65030,0,b63d9a6a59c92b71ebb27d6dbfb387c70df516f225f067e4dfea40157df365d3,validation_001,1,0,892579701,1,,
6,1.2000000000000002,B_front,background_mainline,True,,144.0,20.0,,,,,,,,,,,,,,,,,,,,,,65030,0,b63d9a6a59c92b71ebb27d6dbfb387c70df516f225f067e4dfea40157df365d3,validation_001,1,0,892579701,1,,
6,1.2000000000000002,B_rear,background_mainline,True,,26.346345420577936,18.168371143538728,,,,,,,,,,,,,,,,,,,,,,65030,0,b63d9a6a59c92b71ebb27d6dbfb387c70df516f225f067e4dfea40157df365d3,validation_001,1,0,892579701,1,,
7,1.4000000000000001,A,ramp,True,False,49.96000000000003,22.80000000000004,1,accelerate,2.0,2.0000000000000284,56.0,20.0,1,0,accelerate-maintain,-0.07794490456581116,0.09643048048019409,-0.02863827347755432,1,0.09643048048019409,-0.02863827347755432,0.1250687539577484,0.17437538504600525,"[true, true, true]",False,False,False,65030,0,b63d9a6a59c92b71ebb27d6dbfb387c70df516f225f067e4dfea40157df365d3,validation_001,1,0,892579701,1,,
7,1.4000000000000001,B,mainline,True,False,56.0,20.0,0,maintain,0.0,0.0,49.96000000000003,22.80000000000004,1,0,accelerate-maintain,-0.021603882312774658,-0.09507875889539719,-0.09500093013048172,0,-0.021603882312774658,-0.09500093013048172,0.07339704781770706,0.07347487658262253,"[true, true, true]",False,False,False,65030,0,b63d9a6a59c92b71ebb27d6dbfb387c70df516f225f067e4dfea40157df365d3,validation_001,1,0,892579701,1,,
7,1.4000000000000001,B_front,background_mainline,True,,148.0,20.0,,,,,,,,,,,,,,,,,,,,,,65030,0,b63d9a6a59c92b71ebb27d6dbfb387c70df516f225f067e4dfea40157df365d3,validation_001,1,0,892579701,1,,
7,1.4000000000000001,B_rear,background_mainline,True,,29.97099247115752,18.081238737388432,,,,,,,,,,,,,,,,,,,,,,65030,0,b63d9a6a59c92b71ebb27d6dbfb387c70df516f225f067e4dfea40157df365d3,validation_001,1,0,892579701,1,,
8,1.6,A,ramp,True,False,54.56000000000004,23.200000000000045,1,accelerate,2.0,2.0000000000000284,60.0,20.0,1,0,accelerate-maintain,-0.07711484283208847,0.09711397439241409,-0.028890028595924377,1,0.09711397439241409,-0.028890028595924377,0.12600400298833847,0.17422881722450256,"[true, true, true]",False,False,False,65030,0,b63d9a6a59c92b71ebb27d6dbfb387c70df516f225f067e4dfea40157df365d3,validation_001,1,0,892579701,1,,
8,1.6,B,mainline,True,False,60.0,20.0,0,maintain,0.0,0.0,54.56000000000004,23.200000000000045,1,0,accelerate-maintain,-0.02254602313041687,-0.09391146898269653,-0.09425759315490723,0,-0.02254602313041687,-0.09391146898269653,0.07136544585227966,0.07171157002449036,"[true, true, true]",False,False,False,65030,0,b63d9a6a59c92b71ebb27d6dbfb387c70df516f225f067e4dfea40157df365d3,validation_001,1,0,892579701,1,,
8,1.6,B_front,background_mainline,True,,152.0,20.0,,,,,,,,,,,,,,,,,,,,,,65030,0,b63d9a6a59c92b71ebb27d6dbfb387c70df516f225f067e4dfea40157df365d3,validation_001,1,0,892579701,1,,
8,1.6,B_rear,background_mainline,True,,33.58008240344489,18.012195307757786,,,,,,,,,,,,,,,,,,,,,,65030,0,b63d9a6a59c92b71ebb27d6dbfb387c70df516f225f067e4dfea40157df365d3,validation_001,1,0,892579701,1,,
9,1.8,A,ramp,True,False,59.240000000000045,23.60000000000005,1,accelerate,2.0,2.0000000000000284,64.0,20.0,1,0,accelerate-maintain,-0.0761750340461731,0.09704844653606415,-0.029519356787204742,1,0.09704844653606415,-0.029519356787204742,0.1265678033232689,0.17322348058223724,"[true, true, true]",False,False,False,65030,0,b63d9a6a59c92b71ebb27d6dbfb387c70df516f225f067e4dfea40157df365d3,validation_001,1,0,892579701,1,,
9,1.8,B,mainline,True,False,64.0,20.0,0,maintain,0.0,0.0,59.240000000000045,23.60000000000005,1,0,accelerate-maintain,-0.023439660668373108,-0.09307477623224258,-0.0923478901386261,0,-0.023439660668373108,-0.0923478901386261,0.06890822947025299,0.06963511556386948,"[true, true, true]",False,False,False,65030,0,b63d9a6a59c92b71ebb27d6dbfb387c70df516f225f067e4dfea40157df365d3,validation_001,1,0,892579701,1,,
9,1.8,B_front,background_mainline,True,,156.0,20.0,,,,,,,,,,,,,,,,,,,,,,65030,0,b63d9a6a59c92b71ebb27d6dbfb387c70df516f225f067e4dfea40157df365d3,validation_001,1,0,892579701,1,,
9,1.8,B_rear,background_mainline,True,,37.176878382210035,17.957832915032608,,,,,,,,,,,,,,,,,,,,,,65030,0,b63d9a6a59c92b71ebb27d6dbfb387c70df516f225f067e4dfea40157df365d3,validation_001,1,0,892579701,1,,
10,2.0,A,ramp,True,False,64.00000000000006,24.000000000000057,1,accelerate,2.0,2.0000000000000284,68.0,20.0,1,0,accelerate-maintain,-0.07517549395561218,0.09665996581315994,-0.029489174485206604,1,0.09665996581315994,-0.029489174485206604,0.12614914029836655,0.17183545976877213,"[true, true, true]",False,False,False,65030,0,b63d9a6a59c92b71ebb27d6dbfb387c70df516f225f067e4dfea40157df365d3,validation_001,1,0,892579701,1,,
10,2.0,B,mainline,True,False,68.0,20.0,0,maintain,0.0,0.0,64.00000000000006,24.000000000000057,1,0,accelerate-maintain,-0.02465786039829254,-0.09198237955570221,-0.08915811032056808,0,-0.02465786039829254,-0.08915811032056808,0.06450024992227554,0.06732451915740967,"[true, true, true]",False,False,False,65030,0,b63d9a6a59c92b71ebb27d6dbfb387c70df516f225f067e4dfea40157df365d3,validation_001,1,0,892579701,1,,
10,2.0,B_front,background_mainline,True,,160.0,20.0,,,,,,,,,,,,,,,,,,,,,,65030,0,b63d9a6a59c92b71ebb27d6dbfb387c70df516f225f067e4dfea40157df365d3,validation_001,1,0,892579701,1,,
10,2.0,B_rear,background_mainline,True,,40.7640416374725,17.91550248138286,,,,,,,,,,,,,,,,,,,,,,65030,0,b63d9a6a59c92b71ebb27d6dbfb387c70df516f225f067e4dfea40157df365d3,validation_001,1,0,892579701,1,,
11,2.2,A,ramp,True,False,68.84000000000006,24.400000000000063,1,accelerate,2.0,2.0000000000000284,72.0,20.0,1,0,accelerate-maintain,-0.07417038828134537,0.09624838829040527,-0.02931855618953705,1,0.09624838829040527,-0.02931855618953705,0.12556694447994232,0.17041877657175064,"[true, true, true]",False,False,False,65030,0,b63d9a6a59c92b71ebb27d6dbfb387c70df516f225f067e4dfea40157df365d3,validation_001,1,0,892579701,1,,
11,2.2,B,mainline,True,False,72.0,20.0,0,maintain,0.0,0.0,68.84000000000006,24.400000000000063,1,0,accelerate-maintain,-0.02585051953792572,-0.09079889208078384,-0.08667067438364029,0,-0.02585051953792572,-0.08667067438364029,0.06082015484571457,0.06494837254285812,"[true, true, true]",False,False,False,65030,0,b63d9a6a59c92b71ebb27d6dbfb387c70df516f225f067e4dfea40157df365d3,validation_001,1,0,892579701,1,,
11,2.2,B_front,background_mainline,True,,164.0,20.0,,,,,,,,,,,,,,,,,,,,,,65030,0,b63d9a6a59c92b71ebb27d6dbfb387c70df516f225f067e4dfea40157df365d3,validation_001,1,0,892579701,1,,
11,2.2,B_rear,background_mainline,True,,44.34376194699707,17.883112703357657,,,,,,,,,,,,,,,,,,,,,,65030,0,b63d9a6a59c92b71ebb27d6dbfb387c70df516f225f067e4dfea40157df365d3,validation_001,1,0,892579701,1,,
12,2.4000000000000004,A,ramp,True,False,73.76000000000006,24.800000000000068,1,accelerate,2.0,2.0000000000000284,76.0,20.0,1,0,accelerate-maintain,-0.0735778659582138,0.09554707258939743,-0.029270797967910767,1,0.09554707258939743,-0.029270797967910767,0.1248178705573082,0.16912493854761124,"[true, true, true]",False,False,False,65030,0,b63d9a6a59c92b71ebb27d6dbfb387c70df516f225f067e4dfea40157df365d3,validation_001,1,0,892579701,1,,
12,2.4000000000000004,B,mainline,True,False,76.0,20.0,0,maintain,0.0,0.0,73.76000000000006,24.800000000000068,1,0,accelerate-maintain,-0.026778101921081543,-0.0898783802986145,-0.08431151509284973,0,-0.026778101921081543,-0.08431151509284973,0.05753341317176819,0.06310027837753296,"[true, true, true]",False,False,False,65030,0,b63d9a6a59c92b71ebb27d6dbfb387c70df516f225f067e4dfea40157df365d3,validation_001,1,0,892579701,1,,
12,2.4000000000000004,B_front,background_mainline,True,,168.0,20.0,,,,,,,,,,,,,,,,,,,,,,65030,0,b63d9a6a59c92b71ebb27d6dbfb387c70df516f225f067e4dfea40157df365d3,validation_001,1,0,892579701,1,,
12,2.4000000000000004,B_rear,background_mainline,True,,47.91785446244585,17.858990433126642,,,,,,,,,,,,,,,,,,,,,,65030,0,b63d9a6a59c92b71ebb27d6dbfb387c70df516f225f067e4dfea40157df365d3,validation_001,1,0,892579701,1,,
13,2.6,A,ramp,True,False,78.76000000000008,25.200000000000074,1,accelerate,2.0,2.0000000000000284,80.0,20.0,1,0,accelerate-maintain,-0.0729827955365181,0.0948590412735939,-0.029233098030090332,1,0.0948590412735939,-0.029233098030090332,0.12409213930368423,0.167841836810112,"[true, true, true]",False,False,False,65030,0,b63d9a6a59c92b71ebb27d6dbfb387c70df516f225f067e4dfea40157df365d3,validation_001,1,0,892579701,1,,
13,2.6,B,mainline,True,False,80.0,20.0,0,maintain,0.0,0.0,78.76000000000008,25.200000000000074,1,0,accelerate-maintain,-0.027805104851722717,-0.09022403508424759,-0.08212175965309143,0,-0.027805104851722717,-0.08212175965309143,0.05431665480136871,0.06241893023252487,"[true, true, true]",False,False,False,65030,0,b63d9a6a59c92b71ebb27d6dbfb387c70df516f225f067e4dfea40157df365d3,validation_001,1,0,892579701,1,,
13,2.6,B_front,background_mainline,True,,172.0,20.0,,,,,,,,,,,,,,,,,,,,,,65030,0,b63d9a6a59c92b71ebb27d6dbfb387c70df516f225f067e4dfea40157df365d3,validation_001,1,0,892579701,1,,
13,2.6,B_rear,background_mainline,True,,51.487832908435976,17.84178147527624,,,,,,,,,,,,,,,,,,,,,,65030,0,b63d9a6a59c92b71ebb27d6dbfb387c70df516f225f067e4dfea40157df365d3,validation_001,1,0,892579701,1,,
14,2.8000000000000003,A,ramp,True,False,83.84000000000009,25.60000000000008,1,accelerate,2.0,2.0000000000000284,84.0,20.0,1,0,accelerate-maintain,-0.0723705068230629,0.09419186413288116,-0.029201671481132507,1,0.09419186413288116,-0.029201671481132507,0.12339353561401367,0.16656237095594406,"[true, true, true]",False,False,False,65030,0,b63d9a6a59c92b71ebb27d6dbfb387c70df516f225f067e4dfea40157df365d3,validation_001,1,0,892579701,1,,
14,2.8000000000000003,B,mainline,True,False,84.0,20.0,0,maintain,0.0,0.0,83.84000000000009,25.60000000000008,1,0,accelerate-maintain,-0.028965309262275696,-0.09118208289146423,-0.08009325712919235,0,-0.028965309262275696,-0.08009325712919235,0.051127947866916656,0.06221677362918854,"[true, true, true]",False,False,False,65030,0,b63d9a6a59c92b71ebb27d6dbfb387c70df516f225f067e4dfea40157df365d3,validation_001,1,0,892579701,1,,
14,2.8000000000000003,B_front,background_mainline,True,,176.0,20.0,,,,,,,,,,,,,,,,,,,,,,65030,0,b63d9a6a59c92b71ebb27d6dbfb387c70df516f225f067e4dfea40157df365d3,validation_001,1,0,892579701,1,,
14,2.8000000000000003,B_rear,background_mainline,True,,55.05496583010487,17.830378655921983,,,,,,,,,,,,,,,,,,,,,,65030,0,b63d9a6a59c92b71ebb27d6dbfb387c70df516f225f067e4dfea40157df365d3,validation_001,1,0,892579701,1,,
15,3.0,A,ramp,True,False,89.0000000000001,26.000000000000085,1,accelerate,2.0,2.0000000000000284,88.0,20.0,1,0,accelerate-maintain,-0.07172182202339172,0.09353452920913696,-0.029171541333198547,1,0.09353452920913696,-0.029171541333198547,0.12270607054233551,0.1652563512325287,"[true, true, true]",False,False,False,65030,0,b63d9a6a59c92b71ebb27d6dbfb387c70df516f225f067e4dfea40157df365d3,validation_001,1,0,892579701,1,,
15,3.0,B,mainline,True,False,88.0,20.0,0,maintain,0.0,0.0,89.0000000000001,26.000000000000085,1,0,accelerate-maintain,-0.030049249529838562,-0.09204832464456558,-0.07796415686607361,0,-0.030049249529838562,-0.07796415686607361,0.047914907336235046,0.06199907511472702,"[true, true, true]",False,False,False,65030,0,b63d9a6a59c92b71ebb27d6dbfb387c70df516f225f067e4dfea40157df365d3,validation_001,1,0,892579701,1,,
15,3.0,B_front,background_mainline,True,,180.0,20.0,,,,,,,,,,,,,,,,,,,,,,65030,0,b63d9a6a59c92b71ebb27d6dbfb387c70df516f225f067e4dfea40157df365d3,validation_001,1,0,892579701,1,,
15,3.0,B_rear,background_mainline,True,,58.62032044288004,17.82386872025833,,,,,,,,,,,,,,,,,,,,,,65030,0,b63d9a6a59c92b71ebb27d6dbfb387c70df516f225f067e4dfea40157df365d3,validation_001,1,0,892579701,1,,
16,3.2,A,ramp,True,False,94.24000000000012,26.40000000000009,1,accelerate,2.0,2.0000000000000284,92.0,20.0,1,0,accelerate-maintain,-0.07088042795658112,0.0931297093629837,-0.02878320962190628,1,0.0931297093629837,-0.02878320962190628,0.12191291898488998,0.16401013731956482,"[true, true, true]",False,False,False,65030,0,b63d9a6a59c92b71ebb27d6dbfb387c70df516f225f067e4dfea40157df365d3,validation_001,1,0,892579701,1,,
16,3.2,B,mainline,True,False,92.0,20.0,0,maintain,0.0,0.0,94.24000000000012,26.40000000000009,1,0,accelerate-maintain,-0.031000226736068726,-0.09268076717853546,-0.07568760961294174,0,-0.031000226736068726,-0.07568760961294174,0.044687382876873016,0.061680540442466736,"[true, true, true]",False,False,False,65030,0,b63d9a6a59c92b71ebb27d6dbfb387c70df516f225f067e4dfea40157df365d3,validation_001,1,0,892579701,1,,
16,3.2,B_front,background_mainline,True,,184.0,20.0,,,,,,,,,,,,,,,,,,,,,,65030,0,b63d9a6a59c92b71ebb27d6dbfb387c70df516f225f067e4dfea40157df365d3,validation_001,1,0,892579701,1,,
16,3.2,B_rear,background_mainline,True,,62.18479725868787,17.82149249512178,,,,,,,,,,,,,,,,,,,,,,65030,0,b63d9a6a59c92b71ebb27d6dbfb387c70df516f225f067e4dfea40157df365d3,validation_001,1,0,892579701,1,,
17,3.4000000000000004,A,ramp,True,False,99.56000000000014,26.800000000000097,1,accelerate,2.0,2.0000000000000284,96.0,20.0,1,0,accelerate-maintain,-0.07001359760761261,0.092824287712574,-0.02840152382850647,1,0.092824287712574,-0.02840152382850647,0.12122581154108047,0.16283788532018661,"[true, true, true]",False,False,False,65030,0,b63d9a6a59c92b71ebb27d6dbfb387c70df516f225f067e4dfea40157df365d3,validation_001,1,0,892579701,1,,
17,3.4000000000000004,B,mainline,True,False,96.0,20.0,0,maintain,0.0,0.0,99.56000000000014,26.800000000000097,1,0,accelerate-maintain,-0.03200044482946396,-0.09351326525211334,-0.07347377389669418,0,-0.03200044482946396,-0.07347377389669418,0.041473329067230225,0.061512820422649384,"[true, true, true]",False,False,False,65030,0,b63d9a6a59c92b71ebb27d6dbfb387c70df516f225f067e4dfea40157df365d3,validation_001,1,0,892579701,1,,
17,3.4000000000000004,B_front,background_mainline,True,,188.0,20.0,,,,,,,,,,,,,,,,,,,,,,65030,0,b63d9a6a59c92b71ebb27d6dbfb387c70df516f225f067e4dfea40157df365d3,validation_001,1,0,892579701,1,,
17,3.4000000000000004,B_rear,background_mainline,True,,65.74915774430865,17.82261456794975,,,,,,,,,,,,,,,,,,,,,,65030,0,b63d9a6a59c92b71ebb27d6dbfb387c70df516f225f067e4dfea40157df365d3,validation_001,1,0,892579701,1,,
18,3.6,A,ramp,True,False,104.96000000000016,27.200000000000102,1,accelerate,2.0,2.0000000000000284,100.0,20.0,1,0,accelerate-maintain,-0.06904065608978271,0.09240312874317169,-0.027729153633117676,1,0.09240312874317169,-0.027729153633117676,0.12013228237628937,0.1614437848329544,"[true, true, true]",False,False,False,65030,0,b63d9a6a59c92b71ebb27d6dbfb387c70df516f225f067e4dfea40157df365d3,validation_001,1,0,892579701,1,1.3423704397527558,
18,3.6,B,mainline,True,False,100.0,20.0,0,maintain,0.0,0.0,104.96000000000016,27.200000000000102,1,0,accelerate-maintain,-0.03317539393901825,-0.09461463242769241,-0.07167249917984009,0,-0.03317539393901825,-0.07167249917984009,0.03849710524082184,0.061439238488674164,"[true, true, true]",False,False,False,65030,0,b63d9a6a59c92b71ebb27d6dbfb387c70df516f225f067e4dfea40157df365d3,validation_001,1,0,892579701,1,1.3423704397527558,
18,3.6,B_front,background_mainline,True,,192.0,20.0,,,,,,,,,,,,,,,,,,,,,,65030,0,b63d9a6a59c92b71ebb27d6dbfb387c70df516f225f067e4dfea40157df365d3,validation_001,1,0,892579701,1,,
18,3.6,B_rear,background_mainline,True,,69.31404664279964,17.82669990521531,,,,,,,,,,,,,,,,,,,,,,65030,0,b63d9a6a59c92b71ebb27d6dbfb387c70df516f225f067e4dfea40157df365d3,validation_001,1,0,892579701,1,,
19,3.8000000000000003,A,ramp,True,False,110.4400000000002,27.600000000000108,1,accelerate,2.0,2.0000000000000284,104.0,20.0,1,0,accelerate-maintain,-0.11509482562541962,0.10030151903629303,-0.04866255819797516,1,0.10030151903629303,-0.04866255819797516,0.1489640772342682,0.21539634466171265,"[true, true, true]",False,False,False,65030,0,b63d9a6a59c92b71ebb27d6dbfb387c70df516f225f067e4dfea40157df365d3,validation_001,1,0,892579701,1,2.861653451641473,
19,3.8000000000000003,B,mainline,True,False,104.0,20.0,0,maintain,0.0,0.0,110.4400000000002,27.600000000000108,1,0,accelerate-maintain,-0.01972346007823944,-0.07262691855430603,-0.08709892630577087,0,-0.01972346007823944,-0.07262691855430603,0.05290345847606659,0.06737546622753143,"[true, true, true]",False,False,False,65030,0,b63d9a6a59c92b71ebb27d6dbfb387c70df516f225f067e4dfea40157df365d3,validation_001,1,0,892579701,1,2.861653451641473,
19,3.8000000000000003,B_front,background_mainline,True,,196.0,20.0,,,,,,,,,,,,,,,,,,,,,,65030,0,b63d9a6a59c92b71ebb27d6dbfb387c70df516f225f067e4dfea40157df365d3,validation_001,1,0,892579701,1,,
19,3.8000000000000003,B_rear,background_mainline,True,,72.88001015572469,17.833295606636447,,,,,,,,,,,,,,,,,,,,,,65030,0,b63d9a6a59c92b71ebb27d6dbfb387c70df516f225f067e4dfea40157df365d3,validation_001,1,0,892579701,1,,
20,4.0,A,ramp,True,False,116.00000000000023,28.000000000000114,1,accelerate,2.0,2.0000000000000284,108.0,20.0,1,0,accelerate-maintain,-0.11220197379589081,0.10093822330236435,-0.047110043466091156,1,0.10093822330236435,-0.047110043466091156,0.1480482667684555,0.21314019709825516,"[true, true, true]",False,False,False,65030,0,b63d9a6a59c92b71ebb27d6dbfb387c70df516f225f067e4dfea40157df365d3,validation_001,1,0,892579701,1,4.4709900490209975,
20,4.0,B,mainline,True,False,108.0,20.0,0,maintain,0.0,0.0,116.00000000000023,28.000000000000114,1,0,accelerate-maintain,-0.020638734102249146,-0.07464619725942612,-0.08516678214073181,0,-0.020638734102249146,-0.07464619725942612,0.05400746315717697,0.06452804803848267,"[true, true, true]",False,False,False,65030,0,b63d9a6a59c92b71ebb27d6dbfb387c70df516f225f067e4dfea40157df365d3,validation_001,1,0,892579701,1,4.4709900490209975,
20,4.0,B_front,background_mainline,True,,200.0,20.0,,,,,,,,,,,,,,,,,,,,,,65030,0,b63d9a6a59c92b71ebb27d6dbfb387c70df516f225f067e4dfea40157df365d3,validation_001,1,0,892579701,1,,
20,4.0,B_rear,background_mainline,True,,76.44751087836282,17.842016511867854,,,,,,,,,,,,,,,,,,,,,,65030,0,b63d9a6a59c92b71ebb27d6dbfb387c70df516f225f067e4dfea40157df365d3,validation_001,1,0,892579701,1,,
21,4.2,A,ramp,True,False,121.64000000000024,28.40000000000012,1,accelerate,2.0,2.0000000000000284,112.0,20.0,1,0,accelerate-maintain,-0.10948620736598969,0.1017112135887146,-0.04594186693429947,1,0.1017112135887146,-0.04594186693429947,0.14765308052301407,0.21119742095470428,"[true, true, true]",False,False,False,65030,0,b63d9a6a59c92b71ebb27d6dbfb387c70df516f225f067e4dfea40157df365d3,validation_001,1,0,892579701,1,6.174993136994146,
21,4.2,B,mainline,True,False,112.0,20.0,0,maintain,0.0,0.0,121.64000000000024,28.40000000000012,1,0,accelerate-maintain,-0.0216192826628685,-0.07653050124645233,-0.08330169320106506,0,-0.0216192826628685,-0.07653050124645233,0.05491121858358383,0.061682410538196564,"[true, true, true]",False,False,False,65030,0,b63d9a6a59c92b71ebb27d6dbfb387c70df516f225f067e4dfea40157df365d3,validation_001,1,0,892579701,1,6.174993136994146,
21,4.2,B_front,background_mainline,True,,204.0,20.0,,,,,,,,,,,,,,,,,,,,,,65030,0,b63d9a6a59c92b71ebb27d6dbfb387c70df516f225f067e4dfea40157df365d3,validation_001,1,0,892579701,1,,
21,4.2,B_rear,background_mainline,True,,80.01694016111935,17.852533732949322,,,,,,,,,,,,,,,,,,,,,,65030,0,b63d9a6a59c92b71ebb27d6dbfb387c70df516f225f067e4dfea40157df365d3,validation_001,1,0,892579701,1,,
22,4.4,A,ramp,True,False,127.36000000000026,28.800000000000125,1,accelerate,2.0,2.0000000000000284,116.0,20.0,1,0,accelerate-maintain,-0.10694614797830582,0.10262171924114227,-0.04512742906808853,1,0.10262171924114227,-0.04512742906808853,0.1477491483092308,0.2095678672194481,"[true, true, true]",False,False,False,65030,0,b63d9a6a59c92b71ebb27d6dbfb387c70df516f225f067e4dfea40157df365d3,validation_001,1,0,892579701,1,7.970420718597609,
22,4.4,B,mainline,True,False,116.0,20.0,0,maintain,0.0,0.0,127.36000000000026,28.800000000000125,1,0,accelerate-maintain,-0.023452840745449066,-0.0784815326333046,-0.08186419308185577,0,-0.023452840745449066,-0.0784815326333046,0.05502869188785553,0.05841135233640671,"[true, true, true]",False,False,False,65030,0,b63d9a6a59c92b71ebb27d6dbfb387c70df516f225f067e4dfea40157df365d3,validation_001,1,0,892579701,1,7.970420718597609,
22,4.4,B_front,background_mainline,True,,208.0,20.0,,,,,,,,,,,,,,,,,,,,,,65030,0,b63d9a6a59c92b71ebb27d6dbfb387c70df516f225f067e4dfea40157df365d3,validation_001,1,0,892579701,1,,
22,4.4,B_rear,background_mainline,True,,83.58862841121896,17.864565434093915,,,,,,,,,,,,,,,,,,,,,,65030,0,b63d9a6a59c92b71ebb27d6dbfb387c70df516f225f067e4dfea40157df365d3,validation_001,1,0,892579701,1,,
23,4.6000000000000005,A,ramp,True,False,133.1600000000003,29.20000000000013,1,accelerate,2.0,2.0000000000000284,120.0,20.0,1,0,accelerate-maintain,-0.10442608594894409,0.1035802885890007,-0.04434077441692352,1,0.1035802885890007,-0.04434077441692352,0.14792106300592422,0.2080063745379448,"[true, true, true]",False,False,False,65030,0,b63d9a6a59c92b71ebb27d6dbfb387c70df516f225f067e4dfea40157df365d3,validation_001,1,0,892579701,1,9.850068818720331,
23,4.6000000000000005,B,mainline,True,False,120.0,20.0,0,maintain,0.0,0.0,133.1600000000003,29.20000000000013,1,0,accelerate-maintain,-0.02466665208339691,-0.08008589595556259,-0.08136605471372604,0,-0.02466665208339691,-0.08008589595556259,0.05541924387216568,0.05669940263032913,"[true, true, true]",False,False,False,65030,0,b63d9a6a59c92b71ebb27d6dbfb387c70df516f225f067e4dfea40157df365d3,validation_001,1,0,892579701,1,9.850068818720331,
23,4.6000000000000005,B_front,background_mainline,True,,212.0,20.0,,,,,,,,,,,,,,,,,,,,,,65030,0,b63d9a6a59c92b71ebb27d6dbfb387c70df516f225f067e4dfea40157df365d3,validation_001,1,0,892579701,1,,
23,4.6000000000000005,B_rear,background_mainline,True,,87.16285373155758,17.87786935591039,,,,,,,,,,,,,,,,,,,,,,65030,0,b63d9a6a59c92b71ebb27d6dbfb387c70df516f225f067e4dfea40157df365d3,validation_001,1,0,892579701,1,,
24,4.800000000000001,A,ramp,True,False,139.04000000000033,29.600000000000136,1,accelerate,2.0,1.9999999999971863,124.0,20.0,1,0,accelerate-maintain,-0.1019139438867569,0.10458777099847794,-0.043588533997535706,1,0.10458777099847794,-0.043588533997535706,0.14817630499601364,0.20650171488523483,"[true, true, true]",False,False,False,65030,0,b63d9a6a59c92b71ebb27d6dbfb387c70df516f225f067e4dfea40157df365d3,validation_001,1,0,892579701,1,11.810068760524246,
24,4.800000000000001,B,mainline,True,False,124.0,20.0,0,maintain,0.0,0.0,139.04000000000033,29.600000000000136,1,0,accelerate-maintain,-0.02571624517440796,-0.08037104457616806,-0.08096495270729065,0,-0.02571624517440796,-0.08037104457616806,0.0546547994017601,0.05524870753288269,"[true, true, true]",False,False,False,65030,0,b63d9a6a59c92b71ebb27d6dbfb387c70df516f225f067e4dfea40157df365d3,validation_001,1,0,892579701,1,11.810068760524246,
24,4.800000000000001,B_front,background_mainline,True,,216.0,20.0,,,,,,,,,,,,,,,,,,,,,,65030,0,b63d9a6a59c92b71ebb27d6dbfb387c70df516f225f067e4dfea40157df365d3,validation_001,1,0,892579701,1,,
24,4.800000000000001,B_rear,background_mainline,True,,90.73984920622536,17.892236706917014,,,,,,,,,,,,,,,,,,,,,,65030,0,b63d9a6a59c92b71ebb27d6dbfb387c70df516f225f067e4dfea40157df365d3,validation_001,1,0,892579701,1,,
25,5.0,A,ramp,True,False,145.00000000000037,30.0,1,accelerate,2.0,0.0,128.0,20.0,1,0,accelerate-maintain,-0.0993867963552475,0.10559391975402832,-0.04289765655994415,1,0.10559391975402832,-0.04289765655994415,0.14849157631397247,0.20498071610927582,"[true, true, true]",False,False,False,65030,0,b63d9a6a59c92b71ebb27d6dbfb387c70df516f225f067e4dfea40157df365d3,validation_001,1,0,892579701,1,13.810068760524246,
25,5.0,B,mainline,True,False,128.0,20.0,0,maintain,0.0,0.0,145.00000000000037,30.0,1,0,accelerate-maintain,-0.02681790292263031,-0.07943284511566162,-0.08086509257555008,0,-0.02681790292263031,-0.07943284511566162,0.05261494219303131,0.05404718965291977,"[true, true, true]",False,False,False,65030,0,b63d9a6a59c92b71ebb27d6dbfb387c70df516f225f067e4dfea40157df365d3,validation_001,1,0,892579701,1,13.810068760524246,
25,5.0,B_front,background_mainline,True,,220.0,20.0,,,,,,,,,,,,,,,,,,,,,,65030,0,b63d9a6a59c92b71ebb27d6dbfb387c70df516f225f067e4dfea40157df365d3,validation_001,1,0,892579701,1,,
25,5.0,B_rear,background_mainline,True,,94.31980907635864,17.907487136463416,,,,,,,,,,,,,,,,,,,,,,65030,0,b63d9a6a59c92b71ebb27d6dbfb387c70df516f225f067e4dfea40157df365d3,validation_001,1,0,892579701,1,,
26,5.2,A,ramp,True,False,151.00000000000037,30.0,1,accelerate,2.0,0.0,132.0,20.0,1,0,accelerate-maintain,-0.09782424569129944,0.1057005226612091,-0.04272635281085968,1,0.1057005226612091,-0.04272635281085968,0.1484268754720688,0.20352476835250854,"[true, true, true]",False,False,False,65030,0,b63d9a6a59c92b71ebb27d6dbfb387c70df516f225f067e4dfea40157df365d3,validation_001,1,0,892579701,1,15.810068760524246,
26,5.2,B,mainline,True,False,132.0,20.0,0,maintain,0.0,0.0,151.00000000000037,30.0,1,0,accelerate-maintain,-0.0277729332447052,-0.07919463515281677,-0.08068383485078812,0,-0.0277729332447052,-0.07919463515281677,0.05142170190811157,0.052910901606082916,"[true, true, true]",False,False,False,65030,0,b63d9a6a59c92b71ebb27d6dbfb387c70df516f225f067e4dfea40157df365d3,validation_001,1,0,892579701,1,15.810068760524246,
26,5.2,B_front,background_mainline,True,,224.0,20.0,,,,,,,,,,,,,,,,,,,,,,65030,0,b63d9a6a59c92b71ebb27d6dbfb387c70df516f225f067e4dfea40157df365d3,validation_001,1,0,892579701,1,,
26,5.2,B_rear,background_mainline,True,,97.90289399981832,17.92346457017777,,,,,,,,,,,,,,,,,,,,,,65030,0,b63d9a6a59c92b71ebb27d6dbfb387c70df516f225f067e4dfea40157df365d3,validation_001,1,0,892579701,1,,
27,5.4,A,ramp,True,False,157.00000000000037,30.0,1,accelerate,2.0,0.0,136.0,20.0,1,0,accelerate-maintain,-0.09589958935976028,0.10620911419391632,-0.04202931374311447,1,0.10620911419391632,-0.04202931374311447,0.1482384279370308,0.2021087035536766,"[true, true, true]",False,False,False,65030,0,b63d9a6a59c92b71ebb27d6dbfb387c70df516f225f067e4dfea40157df365d3,validation_001,1,0,892579701,1,17.810068760524246,
27,5.4,B,mainline,True,False,136.0,20.0,0,maintain,0.0,0.0,157.00000000000037,30.0,1,0,accelerate-maintain,-0.028728410601615906,-0.07895645499229431,-0.08050048351287842,0,-0.028728410601615906,-0.07895645499229431,0.050228044390678406,0.05177207291126251,"[true, true, true]",False,False,False,65030,0,b63d9a6a59c92b71ebb27d6dbfb387c70df516f225f067e4dfea40157df365d3,validation_001,1,0,892579701,1,17.810068760524246,
27,5.4,B_front,background_mainline,True,,228.0,20.0,,,,,,,,,,,,,,,,,,,,,,65030,0,b63d9a6a59c92b71ebb27d6dbfb387c70df516f225f067e4dfea40157df365d3,validation_001,1,0,892579701,1,,
27,5.4,B_rear,background_mainline,True,,101.48923554961637,17.9400337387839,,,,,,,,,,,,,,,,,,,,,,65030,0,b63d9a6a59c92b71ebb27d6dbfb387c70df516f225f067e4dfea40157df365d3,validation_001,1,0,892579701,1,,
28,5.6000000000000005,A,ramp,True,False,163.00000000000037,30.0,1,accelerate,2.0,0.0,140.0,20.0,1,0,accelerate-maintain,-0.09407705068588257,0.10665176063776016,-0.041327379643917084,1,0.10665176063776016,-0.041327379643917084,0.14797914028167725,0.20072881132364273,"[true, true, true]",False,False,False,65030,0,b63d9a6a59c92b71ebb27d6dbfb387c70df516f225f067e4dfea40157df365d3,validation_001,1,0,892579701,1,19.810068760524246,
28,5.6000000000000005,B,mainline,True,False,140.0,20.0,0,maintain,0.0,0.0,163.00000000000037,30.0,1,0,accelerate-maintain,-0.029684267938137054,-0.07871851325035095,-0.0803152546286583,0,-0.029684267938137054,-0.07871851325035095,0.0490342453122139,0.05063098669052124,"[true, true, true]",False,False,False,65030,0,b63d9a6a59c92b71ebb27d6dbfb387c70df516f225f067e4dfea40157df365d3,validation_001,1,0,892579701,1,19.810068760524246,
28,5.6000000000000005,B_front,background_mainline,True,,232.0,20.0,,,,,,,,,,,,,,,,,,,,,,65030,0,b63d9a6a59c92b71ebb27d6dbfb387c70df516f225f067e4dfea40157df365d3,validation_001,1,0,892579701,1,,
28,5.6000000000000005,B_rear,background_mainline,True,,105.07894007607332,17.957077268416217,,,,,,,,,,,,,,,,,,,,,,65030,0,b63d9a6a59c92b71ebb27d6dbfb387c70df516f225f067e4dfea40157df365d3,validation_001,1,0,892579701,1,,
29,5.800000000000001,A,ramp,True,False,169.00000000000037,30.0,1,accelerate,2.0,0.0,144.0,20.0,1,0,accelerate-maintain,-0.09290821850299835,0.1073262020945549,-0.041040658950805664,1,0.1073262020945549,-0.041040658950805664,0.14836686104536057,0.20023442059755325,"[true, true, true]",False,False,False,65030,0,b63d9a6a59c92b71ebb27d6dbfb387c70df516f225f067e4dfea40157df365d3,validation_001,1,0,892579701,1,21.810068760524246,
29,5.800000000000001,B,mainline,True,False,144.0,20.0,0,maintain,0.0,0.0,169.00000000000037,30.0,1,0,accelerate-maintain,-0.03065580129623413,-0.07846863567829132,-0.08011498302221298,0,-0.03065580129623413,-0.07846863567829132,0.04781283438205719,0.04945918172597885,"[true, true, true]",False,False,False,65030,0,b63d9a6a59c92b71ebb27d6dbfb387c70df516f225f067e4dfea40157df365d3,validation_001,1,0,892579701,1,21.810068760524246,
29,5.800000000000001,B_front,background_mainline,True,,236.0,20.0,,,,,,,,,,,,,,,,,,,,,,65030,0,b63d9a6a59c92b71ebb27d6dbfb387c70df516f225f067e4dfea40157df365d3,validation_001,1,0,892579701,1,,
29,5.800000000000001,B_rear,background_mainline,True,,108.67209203425807,17.974493228779863,,,,,,,,,,,,,,,,,,,,,,65030,0,b63d9a6a59c92b71ebb27d6dbfb387c70df516f225f067e4dfea40157df365d3,validation_001,1,0,892579701,1,,
30,6.0,A,ramp,True,False,175.00000000000037,30.0,1,accelerate,2.0,0.0,148.0,20.0,1,0,accelerate-maintain,-0.09155746549367905,0.10700707137584686,-0.04028266668319702,1,0.10700707137584686,-0.04028266668319702,0.14728973805904388,0.1985645368695259,"[true, true, true]",False,False,False,65030,0,b63d9a6a59c92b71ebb27d6dbfb387c70df516f225f067e4dfea40157df365d3,validation_001,1,0,892579701,1,23.810068760524246,
30,6.0,B,mainline,True,False,148.0,20.0,0,maintain,0.0,0.0,175.00000000000037,30.0,1,0,accelerate-maintain,-0.031858041882514954,-0.07827860862016678,-0.08002889156341553,0,-0.031858041882514954,-0.07827860862016678,0.046420566737651825,0.048170849680900574,"[true, true, true]",False,False,False,65030,0,b63d9a6a59c92b71ebb27d6dbfb387c70df516f225f067e4dfea40157df365d3,validation_001,1,0,892579701,1,23.810068760524246,
30,6.0,B_front,background_mainline,True,,240.0,20.0,,,,,,,,,,,,,,,,,,,,,,65030,0,b63d9a6a59c92b71ebb27d6dbfb387c70df516f225f067e4dfea40157df365d3,validation_001,1,0,892579701,1,,
30,6.0,B_rear,background_mainline,True,,112.26875685977498,17.992193057053324,,,,,,,,,,,,,,,,,,,,,,65030,0,b63d9a6a59c92b71ebb27d6dbfb387c70df516f225f067e4dfea40157df365d3,validation_001,1,0,892579701,1,,
31,6.2,A,ramp,True,False,181.00000000000037,30.0,1,accelerate,2.0,0.0,152.0,20.0,1,0,accelerate-maintain,-0.09015770256519318,0.10631552338600159,-0.03881141543388367,1,0.10631552338600159,-0.03881141543388367,0.14512693881988525,0.19647322595119476,"[true, true, true]",False,False,False,65030,0,b63d9a6a59c92b71ebb27d6dbfb387c70df516f225f067e4dfea40157df365d3,validation_001,1,0,892579701,1,25.810068760524246,
31,6.2,B,mainline,True,False,152.0,20.0,0,maintain,0.0,0.0,181.00000000000037,30.0,1,0,accelerate-maintain,-0.03341800719499588,-0.07797396183013916,-0.08020183444023132,0,-0.03341800719499588,-0.07797396183013916,0.04455595463514328,0.04678382724523544,"[true, true, true]",False,False,False,65030,0,b63d9a6a59c92b71ebb27d6dbfb387c70df516f225f067e4dfea40157df365d3,validation_001,1,0,892579701,1,25.810068760524246,
31,6.2,B_front,background_mainline,True,,244.0,20.0,,,,,,,,,,,,,,,,,,,,,,65030,0,b63d9a6a59c92b71ebb27d6dbfb387c70df516f225f067e4dfea40157df365d3,validation_001,1,0,892579701,1,,
31,6.2,B_rear,background_mainline,True,,115.86898346126853,18.010099792025652,,,,,,,,,,,,,,,,,,,,,,65030,0,b63d9a6a59c92b71ebb27d6dbfb387c70df516f225f067e4dfea40157df365d3,validation_001,1,0,892579701,1,,
32,6.4,A,ramp,True,False,187.00000000000037,30.0,1,accelerate,2.0,0.0,156.0,20.0,1,0,accelerate-maintain,-0.0894148051738739,0.10489224642515182,-0.03650592267513275,1,0.10489224642515182,-0.03650592267513275,0.14139816910028458,0.19430705159902573,"[true, true, true]",False,False,False,65030,0,b63d9a6a59c92b71ebb27d6dbfb387c70df516f225f067e4dfea40157df365d3,validation_001,1,0,892579701,1,27.810068760524246,
32,6.4,B,mainline,True,False,156.0,20.0,0,maintain,0.0,0.0,187.00000000000037,30.0,1,0,accelerate-maintain,-0.035648055374622345,-0.07771366834640503,-0.08123669028282166,0,-0.035648055374622345,-0.07771366834640503,0.042065612971782684,0.04558863490819931,"[true, true, true]",False,False,False,65030,0,b63d9a6a59c92b71ebb27d6dbfb387c70df516f225f067e4dfea40157df365d3,validation_001,1,0,892579701,1,27.810068760524246,
32,6.4,B_front,background_mainline,True,,248.0,20.0,,,,,,,,,,,,,,,,,,,,,,65030,0,b63d9a6a59c92b71ebb27d6dbfb387c70df516f225f067e4dfea40157df365d3,validation_001,1,0,892579701,1,,
32,6.4,B_rear,background_mainline,True,,119.47280638625287,18.028146565841105,,,,,,,,,,,,,,,,,,,,,,65030,0,b63d9a6a59c92b71ebb27d6dbfb387c70df516f225f067e4dfea40157df365d3,validation_001,1,0,892579701,1,,
33,6.6000000000000005,A,ramp,True,False,193.00000000000037,30.0,1,accelerate,2.0,0.0,160.0,20.0,1,0,accelerate-maintain,-0.08866769075393677,0.10347573459148407,-0.03419698029756546,1,0.10347573459148407,-0.03419698029756546,0.13767271488904953,0.19214342534542084,"[true, true, true]",False,False,False,65030,0,b63d9a6a59c92b71ebb27d6dbfb387c70df516f225f067e4dfea40157df365d3,validation_001,1,0,892579701,1,29.810068760524246,
33,6.6000000000000005,B,mainline,True,False,160.0,20.0,0,maintain,0.0,0.0,193.00000000000037,30.0,1,0,accelerate-maintain,-0.03805460035800934,-0.0773482546210289,-0.08233322948217392,0,-0.03805460035800934,-0.0773482546210289,0.03929365426301956,0.04427862912416458,"[true, true, true]",False,False,False,65030,0,b63d9a6a59c92b71ebb27d6dbfb387c70df516f225f067e4dfea40157df365d3,validation_001,1,0,892579701,1,29.810068760524246,
33,6.6000000000000005,B_front,background_mainline,True,,252.0,20.0,,,,,,,,,,,,,,,,,,,,,,65030,0,b63d9a6a59c92b71ebb27d6dbfb387c70df516f225f067e4dfea40157df365d3,validation_001,1,0,892579701,1,,
33,6.6000000000000005,B_rear,background_mainline,True,,123.08024770739308,18.046275310796208,,,,,,,,,,,,,,,,,,,,,,65030,0,b63d9a6a59c92b71ebb27d6dbfb387c70df516f225f067e4dfea40157df365d3,validation_001,1,0,892579701,1,,
34,6.800000000000001,A,ramp,True,False,199.00000000000037,30.0,1,accelerate,2.0,0.0,164.0,20.0,1,0,accelerate-maintain,-0.08773742616176605,0.10234298557043076,-0.03174435347318649,1,0.10234298557043076,-0.03174435347318649,0.13408733904361725,0.1900804117321968,"[true, true, true]",False,False,False,65030,0,b63d9a6a59c92b71ebb27d6dbfb387c70df516f225f067e4dfea40157df365d3,validation_001,1,0,892579701,1,31.810068760524246,
34,6.800000000000001,B,mainline,True,False,164.0,20.0,0,maintain,0.0,0.0,199.00000000000037,30.0,1,0,accelerate-maintain,-0.04059015214443207,-0.07700043171644211,-0.08340178430080414,0,-0.04059015214443207,-0.07700043171644211,0.03641027957201004,0.04281163215637207,"[true, true, true]",False,False,False,65030,0,b63d9a6a59c92b71ebb27d6dbfb387c70df516f225f067e4dfea40157df365d3,validation_001,1,0,892579701,1,31.810068760524246,
34,6.800000000000001,B_front,background_mainline,True,,256.0,20.0,,,,,,,,,,,,,,,,,,,,,,65030,0,b63d9a6a59c92b71ebb27d6dbfb387c70df516f225f067e4dfea40157df365d3,validation_001,1,0,892579701,1,,
34,6.800000000000001,B_rear,background_mainline,True,,126.69131866867659,18.064435646566654,,,,,,,,,,,,,,,,,,,,,,65030,0,b63d9a6a59c92b71ebb27d6dbfb387c70df516f225f067e4dfea40157df365d3,validation_001,1,0,892579701,1,,
35,7.0,A,ramp,True,False,205.00000000000037,30.0,1,accelerate,2.0,0.0,168.0,20.0,1,0,accelerate-maintain,-0.08680742979049683,0.10121012479066849,-0.02929181605577469,1,0.10121012479066849,-0.02929181605577469,0.13050194084644318,0.1880175545811653,"[true, true, true]",False,False,False,65030,0,b63d9a6a59c92b71ebb27d6dbfb387c70df516f225f067e4dfea40157df365d3,validation_001,1,0,892579701,1,33.810068760524246,
35,7.0,B,mainline,True,False,168.0,20.0,0,maintain,0.0,0.0,205.00000000000037,30.0,1,0,accelerate-maintain,-0.04313462972640991,-0.07667531073093414,-0.08448474109172821,0,-0.04313462972640991,-0.07667531073093414,0.03354068100452423,0.0413501113653183,"[true, true, true]",False,False,False,65030,0,b63d9a6a59c92b71ebb27d6dbfb387c70df516f225f067e4dfea40157df365d3,validation_001,1,0,892579701,1,33.810068760524246,
35,7.0,B_front,background_mainline,True,,260.0,0.0,,,,,,,,,,,,,,,,,,,,,,65030,0,b63d9a6a59c92b71ebb27d6dbfb387c70df516f225f067e4dfea40157df365d3,validation_001,1,0,892579701,1,,
35,7.0,B_rear,background_mainline,True,,130.30602112463976,18.082583919530258,,,,,,,,,,,,,,,,,,,,,,65030,0,b63d9a6a59c92b71ebb27d6dbfb387c70df516f225f067e4dfea40157df365d3,validation_001,1,0,892579701,1,,
36,7.2,A,ramp,True,False,211.00000000000037,30.0,1,accelerate,2.0,0.0,172.0,20.0,1,0,accelerate-maintain,-0.07618420571088791,0.11968785524368286,2.8654932975769043e-05,1,0.11968785524368286,2.8654932975769043e-05,0.11965920031070709,0.19587206095457077,"[true, true, true]",False,False,False,65030,0,b63d9a6a59c92b71ebb27d6dbfb387c70df516f225f067e4dfea40157df365d3,validation_001,1,0,892579701,1,35.810068760524246,
36,7.2,B,mainline,True,False,172.0,20.0,0,maintain,0.0,0.0,211.00000000000037,30.0,1,0,accelerate-maintain,-0.050558023154735565,-0.058328110724687576,-0.09191983938217163,0,-0.050558023154735565,-0.058328110724687576,0.007770087569952011,0.041361816227436066,"[true, true, true]",False,False,False,65030,0,b63d9a6a59c92b71ebb27d6dbfb387c70df516f225f067e4dfea40157df365d3,validation_001,1,0,892579701,1,35.810068760524246,
36,7.2,B_front,background_mainline,True,,260.0,0.0,,,,,,,,,,,,,,,,,,,,,,65030,0,b63d9a6a59c92b71ebb27d6dbfb387c70df516f225f067e4dfea40157df365d3,validation_001,1,0,892579701,1,,
36,7.2,B_rear,background_mainline,True,,133.9243488006676,18.100682370870235,,,,,,,,,,,,,,,,,,,,,,65030,0,b63d9a6a59c92b71ebb27d6dbfb387c70df516f225f067e4dfea40157df365d3,validation_001,1,0,892579701,1,,
37,7.4,A,ramp,True,False,217.00000000000037,30.0,1,accelerate,2.0,0.0,176.0,20.0,1,0,accelerate-maintain,-0.07580390572547913,0.11956442147493362,0.002940043807029724,1,0.11956442147493362,0.002940043807029724,0.1166243776679039,0.19536832720041275,"[true, true, true]",False,False,False,65030,0,b63d9a6a59c92b71ebb27d6dbfb387c70df516f225f067e4dfea40157df365d3,validation_001,1,0,892579701,1,37.810068760524246,
37,7.4,B,mainline,True,False,176.0,20.0,0,maintain,0.0,0.0,217.00000000000037,30.0,1,0,accelerate-maintain,-0.0518706813454628,-0.05955808609724045,-0.09232581406831741,0,-0.0518706813454628,-0.05955808609724045,0.007687404751777649,0.040455132722854614,"[true, true, true]",False,False,False,65030,0,b63d9a6a59c92b71ebb27d6dbfb387c70df516f225f067e4dfea40157df365d3,validation_001,1,0,892579701,1,37.810068760524246,
37,7.4,B_front,background_mainline,True,,260.0,0.0,,,,,,,,,,,,,,,,,,,,,,65030,0,b63d9a6a59c92b71ebb27d6dbfb387c70df516f225f067e4dfea40157df365d3,validation_001,1,0,892579701,1,,
37,7.4,B_rear,background_mainline,True,,137.54628839813725,18.118698414171288,,,,,,,,,,,,,,,,,,,,,,65030,0,b63d9a6a59c92b71ebb27d6dbfb387c70df516f225f067e4dfea40157df365d3,validation_001,1,0,892579701,1,,
38,7.6000000000000005,A,ramp,True,False,223.00000000000037,30.0,1,accelerate,2.0,0.0,180.0,20.0,1,0,accelerate-maintain,-0.07534763216972351,0.12003596127033234,0.006018474698066711,1,0.12003596127033234,0.006018474698066711,0.11401748657226562,0.19538359344005585,"[true, true, true]",False,False,False,65030,0,b63d9a6a59c92b71ebb27d6dbfb387c70df516f225f067e4dfea40157df365d3,validation_001,1,0,892579701,1,39.810068760524246,
38,7.6000000000000005,B,mainline,True,False,180.0,20.0,0,maintain,0.0,0.0,223.00000000000037,30.0,1,0,accelerate-maintain,-0.05318314582109451,-0.06078911945223808,-0.09273110330104828,0,-0.05318314582109451,-0.06078911945223808,0.00760597363114357,0.039547957479953766,"[true, true, true]",False,False,False,65030,0,b63d9a6a59c92b71ebb27d6dbfb387c70df516f225f067e4dfea40157df365d3,validation_001,1,0,892579701,1,39.810068760524246,
38,7.6000000000000005,B_front,background_mainline,True,,260.0,0.0,,,,,,,,,,,,,,,,,,,,,,65030,0,b63d9a6a59c92b71ebb27d6dbfb387c70df516f225f067e4dfea40157df365d3,validation_001,1,0,892579701,1,,
38,7.6000000000000005,B_rear,background_mainline,True,,141.17182056465487,18.136604006473355,,,,,,,,,,,,,,,,,,,,,,65030,0,b63d9a6a59c92b71ebb27d6dbfb387c70df516f225f067e4dfea40157df365d3,validation_001,1,0,892579701,1,,
39,7.800000000000001,A,ramp,True,False,229.00000000000037,30.0,1,accelerate,2.0,0.0,184.0,20.0,1,0,accelerate-maintain,-0.0767037495970726,0.11976291239261627,0.007128320634365082,1,0.11976291239261627,0.007128320634365082,0.11263459175825119,0.19646666198968887,"[true, true, true]",False,False,False,65030,0,b63d9a6a59c92b71ebb27d6dbfb387c70df516f225f067e4dfea40157df365d3,validation_001,1,0,892579701,1,41.810068760524246,
39,7.800000000000001,B,mainline,True,False,184.0,20.0,0,maintain,0.0,0.0,229.00000000000037,30.0,1,0,accelerate-maintain,-0.05451400578022003,-0.06259919703006744,-0.0920800119638443,0,-0.05451400578022003,-0.06259919703006744,0.008085191249847412,0.03756600618362427,"[true, true, true]",False,False,False,65030,0,b63d9a6a59c92b71ebb27d6dbfb387c70df516f225f067e4dfea40157df365d3,validation_001,1,0,892579701,1,41.810068760524246,
39,7.800000000000001,B_front,background_mainline,True,,260.0,0.0,,,,,,,,,,,,,,,,,,,,,,65030,0,b63d9a6a59c92b71ebb27d6dbfb387c70df516f225f067e4dfea40157df365d3,validation_001,1,0,892579701,1,,
39,7.800000000000001,B_rear,background_mainline,True,,144.80092074670085,18.154375099388847,,,,,,,,,,,,,,,,,,,,,,65030,0,b63d9a6a59c92b71ebb27d6dbfb387c70df516f225f067e4dfea40157df365d3,validation_001,1,0,892579701,1,,
40,8.0,A,ramp,True,False,235.00000000000037,30.0,1,accelerate,2.0,0.0,188.0,20.0,1,0,accelerate-maintain,-0.07812415808439255,0.11943143606185913,0.008186325430870056,1,0.11943143606185913,0.008186325430870056,0.11124511063098907,0.19755559414625168,"[true, true, true]",False,False,False,65030,0,b63d9a6a59c92b71ebb27d6dbfb387c70df516f225f067e4dfea40157df365d3,validation_001,1,0,892579701,1,43.810068760524246,
40,8.0,B,mainline,True,False,188.0,20.0,0,maintain,0.0,0.0,235.00000000000037,30.0,1,0,accelerate-maintain,-0.0556887611746788,-0.06495392322540283,-0.09154804795980453,0,-0.0556887611746788,-0.06495392322540283,0.00926516205072403,0.03585928678512573,"[true, true, true]",False,False,False,65030,0,b63d9a6a59c92b71ebb27d6dbfb387c70df516f225f067e4dfea40157df365d3,validation_001,1,0,892579701,1,43.810068760524246,
40,8.0,B_front,background_mainline,True,,260.0,0.0,,,,,,,,,,,,,,,,,,,,,,65030,0,b63d9a6a59c92b71ebb27d6dbfb387c70df516f225f067e4dfea40157df365d3,validation_001,1,0,892579701,1,,
40,8.0,B_rear,background_mainline,True,,148.43355993954168,18.171991159044303,,,,,,,,,,,,,,,,,,,,,,65030,0,b63d9a6a59c92b71ebb27d6dbfb387c70df516f225f067e4dfea40157df365d3,validation_001,1,0,892579701,1,,
41,8.200000000000001,A,ramp,True,False,241.00000000000037,30.0,1,accelerate,2.0,0.0,192.0,20.0,1,0,accelerate-maintain,-0.07954501360654831,0.11909957975149155,0.009243853390216827,1,0.11909957975149155,0.009243853390216827,0.10985572636127472,0.19864459335803986,"[true, true, true]",False,False,False,65030,0,b63d9a6a59c92b71ebb27d6dbfb387c70df516f225f067e4dfea40157df365d3,validation_001,1,0,892579701,1,45.810068760524246,
41,8.200000000000001,B,mainline,True,False,192.0,20.0,0,maintain,0.0,0.0,241.00000000000037,30.0,1,0,accelerate-maintain,-0.0570572093129158,-0.06793015450239182,-0.09180200099945068,0,-0.0570572093129158,-0.06793015450239182,0.010872945189476013,0.03474479168653488,"[true, true, true]",False,False,False,65030,0,b63d9a6a59c92b71ebb27d6dbfb387c70df516f225f067e4dfea40157df365d3,validation_001,1,0,892579701,1,45.810068760524246,
41,8.200000000000001,B_front,background_mainline,True,,260.0,0.0,,,,,,,,,,,,,,,,,,,,,,65030,0,b63d9a6a59c92b71ebb27d6dbfb387c70df516f225f067e4dfea40157df365d3,validation_001,1,0,892579701,1,,
41,8.200000000000001,B_rear,background_mainline,True,,152.06970534720125,18.189434745375742,,,,,,,,,,,,,,,,,,,,,,65030,0,b63d9a6a59c92b71ebb27d6dbfb387c70df516f225f067e4dfea40157df365d3,validation_001,1,0,892579701,1,,
42,8.4,A,ramp,True,False,247.00000000000037,30.0,1,accelerate,2.0,0.0,196.0,20.0,1,0,accelerate-maintain,-0.08096626400947571,0.11876735836267471,0.01030091941356659,1,0.11876735836267471,0.01030091941356659,0.10846643894910812,0.19973362237215042,"[true, true, true]",False,False,False,65030,0,b63d9a6a59c92b71ebb27d6dbfb387c70df516f225f067e4dfea40157df365d3,validation_001,1,0,892579701,1,47.810068760524246,
42,8.4,B,mainline,True,False,196.0,20.0,0,maintain,0.0,0.0,247.00000000000037,30.0,1,0,accelerate-maintain,-0.05822499096393585,-0.0708080530166626,-0.092127725481987,0,-0.05822499096393585,-0.0708080530166626,0.012583062052726746,0.03390273451805115,"[true, true, true]",False,False,False,65030,0,b63d9a6a59c92b71ebb27d6dbfb387c70df516f225f067e4dfea40157df365d3,validation_001,1,0,892579701,1,47.810068760524246,
42,8.4,B_front,background_mainline,True,,260.0,0.0,,,,,,,,,,,,,,,,,,,,,,65030,0,b63d9a6a59c92b71ebb27d6dbfb387c70df516f225f067e4dfea40157df365d3,validation_001,1,0,892579701,1,,
42,8.4,B_rear,background_mainline,True,,155.7093209635406,18.206691142764495,,,,,,,,,,,,,,,,,,,,,,65030,0,b63d9a6a59c92b71ebb27d6dbfb387c70df516f225f067e4dfea40157df365d3,validation_001,1,0,892579701,1,,
43,8.6,A,ramp,True,False,253.00000000000037,30.0,1,accelerate,2.0,0.0,200.0,20.0,1,0,accelerate-maintain,-0.0823879987001419,0.11843476444482803,0.011357508599758148,1,0.11843476444482803,0.011357508599758148,0.10707725584506989,0.20082276314496994,"[true, true, true]",False,False,False,65030,0,b63d9a6a59c92b71ebb27d6dbfb387c70df516f225f067e4dfea40157df365d3,validation_001,1,0,892579701,1,49.810068760524246,
43,8.6,B,mainline,True,False,200.0,20.0,0,maintain,0.0,0.0,253.00000000000037,30.0,1,0,accelerate-maintain,-0.05903058499097824,-0.07304683327674866,-0.09267774224281311,0,-0.05903058499097824,-0.07304683327674866,0.014016248285770416,0.03364715725183487,"[true, true, true]",False,False,False,65030,0,b63d9a6a59c92b71ebb27d6dbfb387c70df516f225f067e4dfea40157df365d3,validation_001,1,0,892579701,1,49.810068760524246,
43,8.6,B_front,background_mainline,True,,260.0,0.0,,,,,,,,,,,,,,,,,,,,,,65030,0,b63d9a6a59c92b71ebb27d6dbfb387c70df516f225f067e4dfea40157df365d3,validation_001,1,0,892579701,1,,
43,8.6,B_rear,background_mainline,True,,159.35236808401598,18.223748035207272,,,,,,,,,,,,,,,,,,,,,,65030,0,b63d9a6a59c92b71ebb27d6dbfb387c70df516f225f067e4dfea40157df365d3,validation_001,1,0,892579701,1,,
44,8.8,A,ramp,True,False,259.00000000000034,30.0,1,accelerate,2.0,0.0,204.0,20.0,1,0,accelerate-maintain,-0.08405552804470062,0.11768788844347,0.012783460319042206,1,0.11768788844347,0.012783460319042206,0.1049044281244278,0.20174341648817062,"[true, true, true]",False,False,False,65030,0,b63d9a6a59c92b71ebb27d6dbfb387c70df516f225f067e4dfea40157df365d3,validation_001,1,0,892579701,1,,
44,8.8,B,mainline,True,False,204.0,20.0,0,maintain,0.0,0.0,259.00000000000034,30.0,1,0,accelerate-maintain,-0.05983581393957138,-0.07528646290302277,-0.09322698414325714,0,-0.05983581393957138,-0.07528646290302277,0.015450648963451385,0.03339117020368576,"[true, true, true]",False,False,False,65030,0,b63d9a6a59c92b71ebb27d6dbfb387c70df516f225f067e4dfea40157df365d3,validation_001,1,0,892579701,1,,
44,8.8,B_front,background_mainline,True,,260.0,0.0,,,,,,,,,,,,,,,,,,,,,,65030,0,b63d9a6a59c92b71ebb27d6dbfb387c70df516f225f067e4dfea40157df365d3,validation_001,1,0,892579701,1,,
44,8.8,B_rear,background_mainline,True,,162.99880575642797,18.24059522021853,,,,,,,,,,,,,,,,,,,,,,65030,0,b63d9a6a59c92b71ebb27d6dbfb387c70df516f225f067e4dfea40157df365d3,validation_001,1,0,892579701,1,,
45,9.0,A,ramp,False,True,260.50000000000034,0.0,0,maintain,0.0,0.0,208.0,20.0,0,0,inactive-active,-0.0917666107416153,0.05384845286607742,-0.07318295538425446,1,0.05384845286607742,-0.07318295538425446,0.12703140825033188,0.14561506360769272,"[true, true, true]",False,False,False,65030,0,b63d9a6a59c92b71ebb27d6dbfb387c70df516f225f067e4dfea40157df365d3,validation_001,1,0,892579701,1,,
45,9.0,B,mainline,True,False,208.0,20.0,0,maintain,0.0,0.0,260.50000000000034,0.0,0,0,inactive-active,-0.05668727308511734,-0.09039530158042908,-0.14511270821094513,0,-0.05668727308511734,-0.09039530158042908,0.03370802849531174,0.08842543512582779,"[true, true, true]",False,False,False,65030,0,b63d9a6a59c92b71ebb27d6dbfb387c70df516f225f067e4dfea40157df365d3,validation_001,1,0,892579701,1,,
45,9.0,B_front,background_mainline,True,,260.0,0.0,,,,,,,,,,,,,,,,,,,,,,65030,0,b63d9a6a59c92b71ebb27d6dbfb387c70df516f225f067e4dfea40157df365d3,validation_001,1,0,892579701,1,,
45,9.0,B_rear,background_mainline,True,,166.6485911778998,18.257224356501748,,,,,,,,,,,,,,,,,,,,,,65030,0,b63d9a6a59c92b71ebb27d6dbfb387c70df516f225f067e4dfea40157df365d3,validation_001,1,0,892579701,1,,
46,9.200000000000001,A,ramp,False,True,260.50000000000034,0.0,0,maintain,0.0,0.0,212.0,20.0,0,0,inactive-active,-0.09243662655353546,0.054420359432697296,-0.07337701320648193,1,0.054420359432697296,-0.07337701320648193,0.12779737263917923,0.14685698598623276,"[true, true, true]",False,False,False,65030,0,b63d9a6a59c92b71ebb27d6dbfb387c70df516f225f067e4dfea40157df365d3,validation_001,1,0,892579701,1,,
46,9.200000000000001,B,mainline,True,False,212.0,20.0,0,maintain,0.0,0.0,260.50000000000034,0.0,0,0,inactive-active,-0.057225264608860016,-0.0920402854681015,-0.14597022533416748,0,-0.057225264608860016,-0.0920402854681015,0.034815020859241486,0.08874496072530746,"[true, true, true]",False,False,False,65030,0,b63d9a6a59c92b71ebb27d6dbfb387c70df516f225f067e4dfea40157df365d3,validation_001,1,0,892579701,1,,
46,9.200000000000001,B_front,background_mainline,True,,260.0,0.0,,,,,,,,,,,,,,,,,,,,,,65030,0,b63d9a6a59c92b71ebb27d6dbfb387c70df516f225f067e4dfea40157df365d3,validation_001,1,0,892579701,1,,
46,9.200000000000001,B_rear,background_mainline,True,,170.30168004440205,18.27362874113009,,,,,,,,,,,,,,,,,,,,,,65030,0,b63d9a6a59c92b71ebb27d6dbfb387c70df516f225f067e4dfea40157df365d3,validation_001,1,0,892579701,1,,
47,9.4,A,ramp,False,True,260.50000000000034,0.0,0,maintain,0.0,0.0,216.0,20.0,0,0,inactive-active,-0.09310722351074219,0.054992299526929855,-0.07357102632522583,1,0.054992299526929855,-0.07357102632522583,0.12856332585215569,0.14809952303767204,"[true, true, true]",False,False,False,65030,0,b63d9a6a59c92b71ebb27d6dbfb387c70df516f225f067e4dfea40157df365d3,validation_001,1,0,892579701,1,,
47,9.4,B,mainline,True,False,216.0,20.0,0,maintain,0.0,0.0,260.50000000000034,0.0,0,0,inactive-active,-0.057763420045375824,-0.09368658065795898,-0.14682748913764954,0,-0.057763420045375824,-0.09368658065795898,0.03592316061258316,0.08906406909227371,"[true, true, true]",False,False,False,65030,0,b63d9a6a59c92b71ebb27d6dbfb387c70df516f225f067e4dfea40157df365d3,validation_001,1,0,892579701,1,,
47,9.4,B_front,background_mainline,True,,260.0,0.0,,,,,,,,,,,,,,,,,,,,,,65030,0,b63d9a6a59c92b71ebb27d6dbfb387c70df516f225f067e4dfea40157df365d3,validation_001,1,0,892579701,1,,
47,9.4,B_rear,background_mainline,True,,173.95802685835147,18.289803112569167,,,,,,,,,,,,,,,,,,,,,,65030,0,b63d9a6a59c92b71ebb27d6dbfb387c70df516f225f067e4dfea40157df365d3,validation_001,1,0,892579701,1,,
48,9.600000000000001,A,ramp,False,True,260.50000000000034,0.0,0,maintain,0.0,0.0,220.0,20.0,0,0,inactive-active,-0.09377846866846085,0.05556429550051689,-0.07376499474048615,1,0.05556429550051689,-0.07376499474048615,0.12932929024100304,0.14934276416897774,"[true, true, true]",False,False,False,65030,0,b63d9a6a59c92b71ebb27d6dbfb387c70df516f225f067e4dfea40157df365d3,validation_001,1,0,892579701,1,,
48,9.600000000000001,B,mainline,True,False,220.0,20.0,0,maintain,0.0,0.0,260.50000000000034,0.0,0,0,inactive-active,-0.05830173194408417,-0.09533414989709854,-0.14768454432487488,0,-0.05830173194408417,-0.09533414989709854,0.037032417953014374,0.08938281238079071,"[true, true, true]",False,False,False,65030,0,b63d9a6a59c92b71ebb27d6dbfb387c70df516f225f067e4dfea40157df365d3,validation_001,1,0,892579701,1,,
48,9.600000000000001,B_front,background_mainline,True,,260.0,0.0,,,,,,,,,,,,,,,,,,,,,,65030,0,b63d9a6a59c92b71ebb27d6dbfb387c70df516f225f067e4dfea40157df365d3,validation_001,1,0,892579701,1,,
48,9.600000000000001,B_rear,background_mainline,True,,177.61758519912738,18.3057434763756,,,,,,,,,,,,,,,,,,,,,,65030,0,b63d9a6a59c92b71ebb27d6dbfb387c70df516f225f067e4dfea40157df365d3,validation_001,1,0,892579701,1,,
49,9.8,A,ramp,False,True,260.50000000000034,0.0,0,maintain,0.0,0.0,224.0,20.0,0,0,inactive-active,-0.09445030987262726,0.05613631755113602,-0.07395893335342407,1,0.05613631755113602,-0.07395893335342407,0.1300952509045601,0.15058662742376328,"[true, true, true]",False,False,False,65030,0,b63d9a6a59c92b71ebb27d6dbfb387c70df516f225f067e4dfea40157df365d3,validation_001,1,0,892579701,1,,
49,9.8,B,mainline,True,False,224.0,20.0,0,maintain,0.0,0.0,260.50000000000034,0.0,0,0,inactive-active,-0.05884019285440445,-0.09698298573493958,-0.14854136109352112,0,-0.05884019285440445,-0.09698298573493958,0.038142792880535126,0.08970116823911667,"[true, true, true]",False,False,False,65030,0,b63d9a6a59c92b71ebb27d6dbfb387c70df516f225f067e4dfea40157df365d3,validation_001,1,0,892579701,1,,
49,9.8,B_front,background_mainline,True,,260.0,0.0,,,,,,,,,,,,,,,,,,,,,,65030,0,b63d9a6a59c92b71ebb27d6dbfb387c70df516f225f067e4dfea40157df365d3,validation_001,1,0,892579701,1,,
49,9.8,B_rear,background_mainline,True,,181.2803079607612,18.321446950829756,,,,,,,,,,,,,,,,,,,,,,65030,0,b63d9a6a59c92b71ebb27d6dbfb387c70df516f225f067e4dfea40157df365d3,validation_001,1,0,892579701,1,,
50,10.0,A,ramp,False,True,260.50000000000034,0.0,0,maintain,0.0,0.0,228.0,20.0,0,0,inactive-active,-0.09493555873632431,0.05670977756381035,-0.07433785498142242,1,0.05670977756381035,-0.07433785498142242,0.13104763254523277,0.15164533630013466,"[true, true, true]",False,False,False,65030,0,b63d9a6a59c92b71ebb27d6dbfb387c70df516f225f067e4dfea40157df365d3,validation_001,1,0,892579701,1,,
50,10.0,B,mainline,True,False,228.0,20.0,0,maintain,0.0,0.0,260.50000000000034,0.0,0,0,inactive-active,-0.059441402554512024,-0.098597452044487,-0.14931783080101013,0,-0.059441402554512024,-0.098597452044487,0.039156049489974976,0.08987642824649811,"[true, true, true]",False,False,False,65030,0,b63d9a6a59c92b71ebb27d6dbfb387c70df516f225f067e4dfea40157df365d3,validation_001,1,0,892579701,1,,
50,10.0,B_front,background_mainline,True,,260.0,0.0,,,,,,,,,,,,,,,,,,,,,,65030,0,b63d9a6a59c92b71ebb27d6dbfb387c70df516f225f067e4dfea40157df365d3,validation_001,1,0,892579701,1,,
50,10.0,B_rear,background_mainline,True,,184.94614756054276,18.336911630122625,,,,,,,,,,,,,,,,,,,,,,65030,0,b63d9a6a59c92b71ebb27d6dbfb387c70df516f225f067e4dfea40157df365d3,validation_001,1,0,892579701,1,,
51,10.200000000000001,A,ramp,False,True,260.50000000000034,0.0,0,maintain,0.0,0.0,232.0,20.0,0,0,inactive-active,-0.09546471387147903,0.05752883851528168,-0.07487432658672333,1,0.05752883851528168,-0.07487432658672333,0.132403165102005,0.1529935523867607,"[true, true, true]",False,False,False,65030,0,b63d9a6a59c92b71ebb27d6dbfb387c70df516f225f067e4dfea40157df365d3,validation_001,1,0,892579701,1,,
51,10.200000000000001,B,mainline,True,False,232.0,20.0,0,maintain,0.0,0.0,260.50000000000034,0.0,0,0,inactive-active,-0.0602443665266037,-0.10014929622411728,-0.14982286095619202,0,-0.0602443665266037,-0.10014929622411728,0.03990492969751358,0.08957849442958832,"[true, true, true]",False,False,False,65030,0,b63d9a6a59c92b71ebb27d6dbfb387c70df516f225f067e4dfea40157df365d3,validation_001,1,0,892579701,1,,
51,10.200000000000001,B_front,background_mainline,True,,260.0,0.0,,,,,,,,,,,,,,,,,,,,,,65030,0,b63d9a6a59c92b71ebb27d6dbfb387c70df516f225f067e4dfea40157df365d3,validation_001,1,0,892579701,1,,
51,10.200000000000001,B_rear,background_mainline,True,,188.61505612184212,18.352136463025627,,,,,,,,,,,,,,,,,,,,,,65030,0,b63d9a6a59c92b71ebb27d6dbfb387c70df516f225f067e4dfea40157df365d3,validation_001,1,0,892579701,1,,
52,10.4,A,ramp,False,True,260.50000000000034,0.0,0,maintain,0.0,0.0,236.0,20.0,0,0,inactive-active,-0.09581554681062698,0.05861959606409073,-0.07503287494182587,1,0.05861959606409073,-0.07503287494182587,0.1336524710059166,0.1544351428747177,"[true, true, true]",False,False,False,65030,0,b63d9a6a59c92b71ebb27d6dbfb387c70df516f225f067e4dfea40157df365d3,validation_001,1,0,892579701,1,,
52,10.4,B,mainline,True,False,236.0,20.0,0,maintain,0.0,0.0,260.50000000000034,0.0,0,0,inactive-active,-0.06130267679691315,-0.10165338218212128,-0.14997608959674835,0,-0.06130267679691315,-0.10165338218212128,0.04035070538520813,0.0886734127998352,"[true, true, true]",False,False,False,65030,0,b63d9a6a59c92b71ebb27d6dbfb387c70df516f225f067e4dfea40157df365d3,validation_001,1,0,892579701,1,,
52,10.4,B_front,background_mainline,True,,260.0,0.0,,,,,,,,,,,,,,,,,,,,,,65030,0,b63d9a6a59c92b71ebb27d6dbfb387c70df516f225f067e4dfea40157df365d3,validation_001,1,0,892579701,1,,
52,10.4,B_rear,background_mainline,True,,192.28698563405973,18.367121145236577,,,,,,,,,,,,,,,,,,,,,,65030,0,b63d9a6a59c92b71ebb27d6dbfb387c70df516f225f067e4dfea40157df365d3,validation_001,1,0,892579701,1,,
53,10.600000000000001,A,ramp,False,True,260.50000000000034,0.0,0,maintain,0.0,0.0,240.0,20.0,0,0,inactive-active,-0.09608439356088638,0.06014247238636017,-0.07508717477321625,1,0.06014247238636017,-0.07508717477321625,0.13522964715957642,0.15622686594724655,"[true, true, true]",False,False,False,65030,0,b63d9a6a59c92b71ebb27d6dbfb387c70df516f225f067e4dfea40157df365d3,validation_001,1,0,892579701,1,,
53,10.600000000000001,B,mainline,True,False,240.0,20.0,0,maintain,0.0,0.0,260.50000000000034,0.0,0,0,inactive-active,-0.0623612180352211,-0.10315860062837601,-0.15012893080711365,0,-0.0623612180352211,-0.10315860062837601,0.04079738259315491,0.08776771277189255,"[true, true, true]",False,False,False,65030,0,b63d9a6a59c92b71ebb27d6dbfb387c70df516f225f067e4dfea40157df365d3,validation_001,1,0,892579701,1,,
53,10.600000000000001,B_front,background_mainline,True,,260.0,0.0,,,,,,,,,,,,,,,,,,,,,,65030,0,b63d9a6a59c92b71ebb27d6dbfb387c70df516f225f067e4dfea40157df365d3,validation_001,1,0,892579701,1,,
53,10.600000000000001,B_rear,background_mainline,True,,195.96188809227803,18.381866023822273,,,,,,,,,,,,,,,,,,,,,,65030,0,b63d9a6a59c92b71ebb27d6dbfb387c70df516f225f067e4dfea40157df365d3,validation_001,1,0,892579701,1,,
54,10.8,A,ramp,False,True,260.50000000000034,0.0,0,maintain,0.0,0.0,244.0,20.0,0,0,inactive-active,-0.09635378420352936,0.061665475368499756,-0.0751412957906723,1,0.061665475368499756,-0.0751412957906723,0.13680677115917206,0.1580192595720291,"[true, true, true]",False,False,False,65030,0,b63d9a6a59c92b71ebb27d6dbfb387c70df516f225f067e4dfea40157df365d3,validation_001,1,0,892579701,1,,
54,10.8,B,mainline,True,False,244.0,20.0,0,maintain,0.0,0.0,260.50000000000034,0.0,0,0,inactive-active,-0.06341995298862457,-0.10466497391462326,-0.15028145909309387,0,-0.06341995298862457,-0.10466497391462326,0.04124502092599869,0.0868615061044693,"[true, true, true]",False,False,False,65030,0,b63d9a6a59c92b71ebb27d6dbfb387c70df516f225f067e4dfea40157df365d3,validation_001,1,0,892579701,1,,
54,10.8,B_front,background_mainline,True,,260.0,0.0,,,,,,,,,,,,,,,,,,,,,,65030,0,b63d9a6a59c92b71ebb27d6dbfb387c70df516f225f067e4dfea40157df365d3,validation_001,1,0,892579701,1,,
54,10.8,B_rear,background_mainline,True,,199.63971561889358,18.396372012374062,,,,,,,,,,,,,,,,,,,,,,65030,0,b63d9a6a59c92b71ebb27d6dbfb387c70df516f225f067e4dfea40157df365d3,validation_001,1,0,892579701,1,,
55,11.0,A,ramp,False,True,260.50000000000034,0.0,0,maintain,0.0,0.0,248.0,20.0,0,0,inactive-active,-0.09667098522186279,0.06327536702156067,-0.07513092458248138,1,0.06327536702156067,-0.07513092458248138,0.13840629160404205,0.15994635224342346,"[true, true, true]",False,False,False,65030,0,b63d9a6a59c92b71ebb27d6dbfb387c70df516f225f067e4dfea40157df365d3,validation_001,1,0,892579701,1,,
55,11.0,B,mainline,True,False,248.0,20.0,0,maintain,0.0,0.0,260.50000000000034,0.0,0,0,inactive-active,-0.06447890400886536,-0.10617244243621826,-0.15043365955352783,0,-0.06447890400886536,-0.10617244243621826,0.041693538427352905,0.08595475554466248,"[true, true, true]",False,False,False,65030,0,b63d9a6a59c92b71ebb27d6dbfb387c70df516f225f067e4dfea40157df365d3,validation_001,1,0,892579701,1,,
55,11.0,B_front,background_mainline,True,,260.0,0.0,,,,,,,,,,,,,,,,,,,,,,65030,0,b63d9a6a59c92b71ebb27d6dbfb387c70df516f225f067e4dfea40157df365d3,validation_001,1,0,892579701,1,,
55,11.0,B_rear,background_mainline,True,,203.32042056924757,18.410640515661864,,,,,,,,,,,,,,,,,,,,,,65030,0,b63d9a6a59c92b71ebb27d6dbfb387c70df516f225f067e4dfea40157df365d3,validation_001,1,0,892579701,1,,
56,11.200000000000001,A,ramp,False,True,260.50000000000034,0.0,0,maintain,0.0,0.0,252.0,20.0,0,0,inactive-active,-0.09699746966362,0.0649014562368393,-0.07510845363140106,1,0.0649014562368393,-0.07510845363140106,0.14000990986824036,0.1618989259004593,"[true, true, true]",False,False,False,65030,0,b63d9a6a59c92b71ebb27d6dbfb387c70df516f225f067e4dfea40157df365d3,validation_001,1,0,892579701,1,,
56,11.200000000000001,B,mainline,True,False,252.0,20.0,0,maintain,0.0,0.0,260.50000000000034,0.0,0,0,inactive-active,-0.06546400487422943,-0.10718950629234314,-0.1507837325334549,0,-0.06546400487422943,-0.10718950629234314,0.04172550141811371,0.08531972765922546,"[true, true, true]",False,False,False,65030,0,b63d9a6a59c92b71ebb27d6dbfb387c70df516f225f067e4dfea40157df365d3,validation_001,1,0,892579701,1,,
56,11.200000000000001,B_front,background_mainline,True,,260.0,0.0,,,,,,,,,,,,,,,,,,,,,,65030,0,b63d9a6a59c92b71ebb27d6dbfb387c70df516f225f067e4dfea40157df365d3,validation_001,1,0,892579701,1,,
56,11.200000000000001,B_rear,background_mainline,True,,207.0039556230459,18.4246733627186,,,,,,,,,,,,,,,,,,,,,,65030,0,b63d9a6a59c92b71ebb27d6dbfb387c70df516f225f067e4dfea40157df365d3,validation_001,1,0,892579701,1,,
57,11.4,A,ramp,False,True,260.50000000000034,0.0,0,maintain,0.0,0.0,256.0,20.0,0,0,inactive-active,-0.09732446074485779,0.06652766466140747,-0.07508580386638641,1,0.06652766466140747,-0.07508580386638641,0.14161346852779388,0.16385212540626526,"[true, true, true]",False,True,False,65030,0,b63d9a6a59c92b71ebb27d6dbfb387c70df516f225f067e4dfea40157df365d3,validation_001,1,0,892579701,1,,
57,11.4,B,mainline,True,False,256.0,20.0,0,maintain,0.0,0.0,260.50000000000034,0.0,0,0,inactive-active,-0.06644479930400848,-0.10817790776491165,-0.15114547312259674,0,-0.06644479930400848,-0.10817790776491165,0.04173310846090317,0.08470067381858826,"[true, true, true]",False,True,False,65030,0,b63d9a6a59c92b71ebb27d6dbfb387c70df516f225f067e4dfea40157df365d3,validation_001,1,0,892579701,1,,
57,11.4,B_front,background_mainline,True,,260.0,0.0,,,,,,,,,,,,,,,,,,,,,,65030,0,b63d9a6a59c92b71ebb27d6dbfb387c70df516f225f067e4dfea40157df365d3,validation_001,1,0,892579701,1,,
57,11.4,B_rear,background_mainline,True,,210.69027386315915,18.43847274741438,,,,,,,,,,,,,,,,,,,,,,65030,0,b63d9a6a59c92b71ebb27d6dbfb387c70df516f225f067e4dfea40157df365d3,validation_001,1,0,892579701,1,,
0,0.0,A,mainline,True,False,33.199999999999996,18.0,1,accelerate,0.0,2.0000000000000284,44.8,16.0,1,1,accelerate-accelerate,-0.03624922037124634,0.05436132475733757,-0.0054372623562812805,1,0.05436132475733757,-0.0054372623562812805,0.05979858711361885,0.09061054512858391,"[true, true, true]",False,False,False,65030,0,b63d9a6a59c92b71ebb27d6dbfb387c70df516f225f067e4dfea40157df365d3,validation_002,0,1,1503018159,2,,
0,0.0,B,ramp,True,False,44.8,16.0,1,accelerate,0.0,2.0000000000000284,33.199999999999996,18.0,1,1,accelerate-accelerate,-0.04549175500869751,0.02513779327273369,-0.21913865208625793,1,0.02513779327273369,-0.04549175500869751,0.0706295482814312,0.24427644535899162,"[true, true, true]",False,False,False,65030,0,b63d9a6a59c92b71ebb27d6dbfb387c70df516f225f067e4dfea40157df365d3,validation_002,0,1,1503018159,2,,
0,0.0,B_front,background_mainline,True,,106.0,20.0,,,,,,,,,,,,,,,,,,,,,,65030,0,b63d9a6a59c92b71ebb27d6dbfb387c70df516f225f067e4dfea40157df365d3,validation_002,0,1,1503018159,2,,
0,0.0,B_rear,background_mainline,True,,15.479999999999997,18.799999999999997,,,,,,,,,,,,,,,,,,,,,,65030,0,b63d9a6a59c92b71ebb27d6dbfb387c70df516f225f067e4dfea40157df365d3,validation_002,0,1,1503018159,2,,
1,0.2,A,mainline,True,False,36.839999999999996,18.400000000000006,1,accelerate,2.0,2.0000000000000284,48.04,16.400000000000006,1,1,accelerate-accelerate,-0.03475279361009598,0.054694898426532745,-0.007594868540763855,1,0.054694898426532745,-0.007594868540763855,0.0622897669672966,0.08944769203662872,"[true, true, true]",False,False,False,65030,0,b63d9a6a59c92b71ebb27d6dbfb387c70df516f225f067e4dfea40157df365d3,validation_002,0,1,1503018159,2,,
1,0.2,B,ramp,True,False,48.04,16.400000000000006,1,accelerate,2.0,2.0000000000000284,36.839999999999996,18.400000000000006,1,1,accelerate-accelerate,-0.045791685581207275,0.0281975120306015,-0.2225908637046814,1,0.0281975120306015,-0.045791685581207275,0.07398919761180878,0.2507883757352829,"[true, true, true]",False,False,False,65030,0,b63d9a6a59c92b71ebb27d6dbfb387c70df516f225f067e4dfea40157df365d3,validation_002,0,1,1503018159,2,,
1,0.2,B_front,background_mainline,True,,110.0,20.0,,,,,,,,,,,,,,,,,,,,,,65030,0,b63d9a6a59c92b71ebb27d6dbfb387c70df516f225f067e4dfea40157df365d3,validation_002,0,1,1503018159,2,,
1,0.2,B_rear,background_mainline,True,,19.143925082557182,17.93317851765601,,,,,,,,,,,,,,,,,,,,,,65030,0,b63d9a6a59c92b71ebb27d6dbfb387c70df516f225f067e4dfea40157df365d3,validation_002,0,1,1503018159,2,,
2,0.4,A,mainline,True,False,40.559999999999995,18.80000000000001,1,accelerate,2.0,2.0000000000000284,51.36,16.80000000000001,1,1,accelerate-accelerate,-0.033280350267887115,0.05541101098060608,-0.009133689105510712,1,0.05541101098060608,-0.009133689105510712,0.06454470008611679,0.0886913612484932,"[true, true, true]",False,False,False,65030,0,b63d9a6a59c92b71ebb27d6dbfb387c70df516f225f067e4dfea40157df365d3,validation_002,0,1,1503018159,2,,
2,0.4,B,ramp,True,False,51.36,16.80000000000001,1,accelerate,2.0,2.0000000000000284,40.559999999999995,18.80000000000001,1,1,accelerate-accelerate,-0.04609163850545883,0.03083336353302002,-0.22586259245872498,1,0.03083336353302002,-0.04609163850545883,0.07692500203847885,0.256695955991745,"[true, true, true]",False,False,False,65030,0,b63d9a6a59c92b71ebb27d6dbfb387c70df516f225f067e4dfea40157df365d3,validation_002,0,1,1503018159,2,,
2,0.4,B_front,background_mainline,True,,114.0,20.0,,,,,,,,,,,,,,,,,,,,,,65030,0,b63d9a6a59c92b71ebb27d6dbfb387c70df516f225f067e4dfea40157df365d3,validation_002,0,1,1503018159,2,,
2,0.4,B_rear,background_mainline,True,,22.681678902188935,17.48916056318839,,,,,,,,,,,,,,,,,,,,,,65030,0,b63d9a6a59c92b71ebb27d6dbfb387c70df516f225f067e4dfea40157df365d3,validation_002,0,1,1503018159,2,,
3,0.6000000000000001,A,mainline,True,False,44.36,19.200000000000017,1,accelerate,2.0,2.0000000000000284,54.760000000000005,17.200000000000017,1,1,accelerate-accelerate,-0.031760118901729584,0.056294262409210205,-0.010521680116653442,1,0.056294262409210205,-0.010521680116653442,0.06681594252586365,0.08805438131093979,"[true, true, true]",False,False,False,65030,0,b63d9a6a59c92b71ebb27d6dbfb387c70df516f225f067e4dfea40157df365d3,validation_002,0,1,1503018159,2,,
3,0.6000000000000001,B,ramp,True,False,54.760000000000005,17.200000000000017,1,accelerate,2.0,2.0000000000000284,44.36,19.200000000000017,1,1,accelerate-accelerate,-0.046437740325927734,0.032959818840026855,-0.22852036356925964,1,0.032959818840026855,-0.046437740325927734,0.07939755916595459,0.2614801824092865,"[true, true, true]",False,False,False,65030,0,b63d9a6a59c92b71ebb27d6dbfb387c70df516f225f067e4dfea40157df365d3,validation_002,0,1,1503018159,2,,
3,0.6000000000000001,B_front,background_mainline,True,,118.0,20.0,,,,,,,,,,,,,,,,,,,,,,65030,0,b63d9a6a59c92b71ebb27d6dbfb387c70df516f225f067e4dfea40157df365d3,validation_002,0,1,1503018159,2,,
3,0.6000000000000001,B_rear,background_mainline,True,,26.154340751488505,17.26259959714517,,,,,,,,,,,,,,,,,,,,,,65030,0,b63d9a6a59c92b71ebb27d6dbfb387c70df516f225f067e4dfea40157df365d3,validation_002,0,1,1503018159,2,,
4,0.8,A,mainline,True,False,48.24,19.600000000000023,1,accelerate,2.0,2.0000000000000284,58.24000000000001,17.600000000000023,1,1,accelerate-accelerate,-0.030294455587863922,0.057377275079488754,-0.012185618281364441,1,0.057377275079488754,-0.012185618281364441,0.0695628933608532,0.08767173066735268,"[true, true, true]",False,False,False,65030,0,b63d9a6a59c92b71ebb27d6dbfb387c70df516f225f067e4dfea40157df365d3,validation_002,0,1,1503018159,2,,
4,0.8,B,ramp,True,False,58.24000000000001,17.600000000000023,1,accelerate,2.0,2.0000000000000284,48.24,19.600000000000023,1,1,accelerate-accelerate,-0.04687557369470596,0.0347689688205719,-0.23112069070339203,1,0.0347689688205719,-0.04687557369470596,0.08164454251527786,0.26588965952396393,"[true, true, true]",False,False,False,65030,0,b63d9a6a59c92b71ebb27d6dbfb387c70df516f225f067e4dfea40157df365d3,validation_002,0,1,1503018159,2,,
4,0.8,B_front,background_mainline,True,,122.0,20.0,,,,,,,,,,,,,,,,,,,,,,65030,0,b63d9a6a59c92b71ebb27d6dbfb387c70df516f225f067e4dfea40157df365d3,validation_002,0,1,1503018159,2,,
4,0.8,B_rear,background_mainline,True,,29.595387083201295,17.163273310397567,,,,,,,,,,,,,,,,,,,,,,65030,0,b63d9a6a59c92b71ebb27d6dbfb387c70df516f225f067e4dfea40157df365d3,validation_002,0,1,1503018159,2,,
5,1.0,A,mainline,True,False,52.20000000000001,20.00000000000003,1,accelerate,2.0,2.0000000000000284,61.80000000000001,18.00000000000003,1,1,accelerate-accelerate,-0.029053453356027603,0.05864597111940384,-0.014063477516174316,1,0.05864597111940384,-0.014063477516174316,0.07270944863557816,0.08769942447543144,"[true, true, true]",False,False,False,65030,0,b63d9a6a59c92b71ebb27d6dbfb387c70df516f225f067e4dfea40157df365d3,validation_002,0,1,1503018159,2,,
5,1.0,B,ramp,True,False,61.80000000000001,18.00000000000003,1,accelerate,2.0,2.0000000000000284,52.20000000000001,20.00000000000003,1,1,accelerate-accelerate,-0.04776543378829956,0.03624885529279709,-0.23336467146873474,1,0.03624885529279709,-0.04776543378829956,0.08401428908109665,0.26961352676153183,"[true, true, true]",False,False,False,65030,0,b63d9a6a59c92b71ebb27d6dbfb387c70df516f225f067e4dfea40157df365d3,validation_002,0,1,1503018159,2,,
5,1.0,B_front,background_mainline,True,,126.0,20.0,,,,,,,,,,,,,,,,,,,,,,65030,0,b63d9a6a59c92b71ebb27d6dbfb387c70df516f225f067e4dfea40157df365d3,validation_002,0,1,1503018159,2,,
5,1.0,B_rear,background_mainline,True,,33.02510362919334,17.143813508192984,,,,,,,,,,,,,,,,,,,,,,65030,0,b63d9a6a59c92b71ebb27d6dbfb387c70df516f225f067e4dfea40157df365d3,validation_002,0,1,1503018159,2,,
6,1.2000000000000002,A,mainline,True,False,56.240000000000016,20.400000000000034,1,accelerate,2.0,2.0000000000000284,65.44000000000003,18.400000000000034,1,1,accelerate-accelerate,-0.028042323887348175,0.06003545969724655,-0.0159456804394722,1,0.06003545969724655,-0.0159456804394722,0.07598114013671875,0.08807778358459473,"[true, true, true]",False,False,False,65030,0,b63d9a6a59c92b71ebb27d6dbfb387c70df516f225f067e4dfea40157df365d3,validation_002,0,1,1503018159,2,,
6,1.2000000000000002,B,ramp,True,False,65.44000000000003,18.400000000000034,1,accelerate,2.0,2.0000000000000284,56.240000000000016,20.400000000000034,1,1,accelerate-accelerate,-0.04902423918247223,0.03749610483646393,-0.23508810997009277,1,0.03749610483646393,-0.04902423918247223,0.08652034401893616,0.2725842148065567,"[true, true, true]",False,False,False,65030,0,b63d9a6a59c92b71ebb27d6dbfb387c70df516f225f067e4dfea40157df365d3,validation_002,0,1,1503018159,2,,
6,1.2000000000000002,B_front,background_mainline,True,,130.0,20.0,,,,,,,,,,,,,,,,,,,,,,65030,0,b63d9a6a59c92b71ebb27d6dbfb387c70df516f225f067e4dfea40157df365d3,validation_002,0,1,1503018159,2,,
6,1.2000000000000002,B_rear,background_mainline,True,,36.45647032424563,17.176390907368457,,,,,,,,,,,,,,,,,,,,,,65030,0,b63d9a6a59c92b71ebb27d6dbfb387c70df516f225f067e4dfea40157df365d3,validation_002,0,1,1503018159,2,,
7,1.4000000000000001,A,mainline,True,False,60.36000000000002,20.80000000000004,1,accelerate,2.0,2.0000000000000284,69.16000000000003,18.80000000000004,1,1,accelerate-accelerate,-0.0270184725522995,0.061382293701171875,-0.017660215497016907,1,0.061382293701171875,-0.017660215497016907,0.07904250919818878,0.08840076625347137,"[true, true, true]",False,False,False,65030,0,b63d9a6a59c92b71ebb27d6dbfb387c70df516f225f067e4dfea40157df365d3,validation_002,0,1,1503018159,2,,
7,1.4000000000000001,B,ramp,True,False,69.16000000000003,18.80000000000004,1,accelerate,2.0,2.0000000000000284,60.36000000000002,20.80000000000004,1,1,accelerate-accelerate,-0.05041956156492233,0.038001954555511475,-0.23632372915744781,1,0.038001954555511475,-0.05041956156492233,0.08842151612043381,0.2743256837129593,"[true, true, true]",False,False,False,65030,0,b63d9a6a59c92b71ebb27d6dbfb387c70df516f225f067e4dfea40157df365d3,validation_002,0,1,1503018159,2,,
7,1.4000000000000001,B_front,background_mainline,True,,134.0,20.0,,,,,,,,,,,,,,,,,,,,,,65030,0,b63d9a6a59c92b71ebb27d6dbfb387c70df516f225f067e4dfea40157df365d3,validation_002,0,1,1503018159,2,,
7,1.4000000000000001,B_rear,background_mainline,True,,39.89801000961257,17.24331545433152,,,,,,,,,,,,,,,,,,,,,,65030,0,b63d9a6a59c92b71ebb27d6dbfb387c70df516f225f067e4dfea40157df365d3,validation_002,0,1,1503018159,2,,
8,1.6,A,mainline,True,False,64.56000000000003,21.200000000000045,1,accelerate,2.0,2.0000000000000284,72.96000000000002,19.200000000000045,1,1,accelerate-accelerate,-0.026182975620031357,0.06219752877950668,-0.018575593829154968,1,0.06219752877950668,-0.018575593829154968,0.08077312260866165,0.08838050439953804,"[true, true, true]",False,False,False,65030,0,b63d9a6a59c92b71ebb27d6dbfb387c70df516f225f067e4dfea40157df365d3,validation_002,0,1,1503018159,2,,
8,1.6,B,ramp,True,False,72.96000000000002,19.200000000000045,1,accelerate,2.0,2.0000000000000284,64.56000000000003,21.200000000000045,1,1,accelerate-accelerate,-0.05187946557998657,0.03748450428247452,-0.23571547865867615,1,0.03748450428247452,-0.05187946557998657,0.08936396986246109,0.27319998294115067,"[true, true, true]",False,False,False,65030,0,b63d9a6a59c92b71ebb27d6dbfb387c70df516f225f067e4dfea40157df365d3,validation_002,0,1,1503018159,2,,
8,1.6,B_front,background_mainline,True,,138.0,20.0,,,,,,,,,,,,,,,,,,,,,,65030,0,b63d9a6a59c92b71ebb27d6dbfb387c70df516f225f067e4dfea40157df365d3,validation_002,0,1,1503018159,2,,
8,1.6,B_rear,background_mainline,True,,43.35533093409817,17.33266031689334,,,,,,,,,,,,,,,,,,,,,,65030,0,b63d9a6a59c92b71ebb27d6dbfb387c70df516f225f067e4dfea40157df365d3,validation_002,0,1,1503018159,2,,
9,1.8,A,mainline,True,False,68.84000000000003,21.60000000000005,1,accelerate,2.0,2.0000000000000284,76.84000000000003,19.60000000000005,1,1,accelerate-accelerate,-0.0248478464782238,0.06291281431913376,-0.01920609176158905,1,0.06291281431913376,-0.01920609176158905,0.08211890608072281,0.08776066079735756,"[true, true, true]",False,False,False,65030,0,b63d9a6a59c92b71ebb27d6dbfb387c70df516f225f067e4dfea40157df365d3,validation_002,0,1,1503018159,2,,
9,1.8,B,ramp,True,False,76.84000000000003,19.60000000000005,1,accelerate,2.0,2.0000000000000284,68.84000000000003,21.60000000000005,1,1,accelerate-accelerate,-0.0532512366771698,0.03735268861055374,-0.2342195063829422,1,0.03735268861055374,-0.0532512366771698,0.09060392528772354,0.27157219499349594,"[true, true, true]",False,False,False,65030,0,b63d9a6a59c92b71ebb27d6dbfb387c70df516f225f067e4dfea40157df365d3,validation_002,0,1,1503018159,2,,
9,1.8,B_front,background_mainline,True,,142.0,20.0,,,,,,,,,,,,,,,,,,,,,,65030,0,b63d9a6a59c92b71ebb27d6dbfb387c70df516f225f067e4dfea40157df365d3,validation_002,0,1,1503018159,2,,
9,1.8,B_rear,background_mainline,True,,46.83203229778852,17.436007690892737,,,,,,,,,,,,,,,,,,,,,,65030,0,b63d9a6a59c92b71ebb27d6dbfb387c70df516f225f067e4dfea40157df365d3,validation_002,0,1,1503018159,2,,
10,2.0,A,mainline,True,False,73.20000000000003,22.000000000000057,1,accelerate,2.0,2.0000000000000284,80.80000000000004,20.000000000000057,1,1,accelerate-accelerate,-0.02333841472864151,0.06395222991704941,-0.019307054579257965,1,0.06395222991704941,-0.019307054579257965,0.08325928449630737,0.08729064464569092,"[true, true, true]",False,False,False,65030,0,b63d9a6a59c92b71ebb27d6dbfb387c70df516f225f067e4dfea40157df365d3,validation_002,0,1,1503018159,2,,
10,2.0,B,ramp,True,False,80.80000000000004,20.000000000000057,1,accelerate,2.0,2.0000000000000284,73.20000000000003,22.000000000000057,1,1,accelerate-accelerate,-0.05456911772489548,0.036724336445331573,-0.23250220715999603,1,0.036724336445331573,-0.05456911772489548,0.09129345417022705,0.2692265436053276,"[true, true, true]",False,False,False,65030,0,b63d9a6a59c92b71ebb27d6dbfb387c70df516f225f067e4dfea40157df365d3,validation_002,0,1,1503018159,2,,
10,2.0,B_front,background_mainline,True,,146.0,20.0,,,,,,,,,,,,,,,,,,,,,,65030,0,b63d9a6a59c92b71ebb27d6dbfb387c70df516f225f067e4dfea40157df365d3,validation_002,0,1,1503018159,2,,
10,2.0,B_rear,background_mainline,True,,50.330270131878855,17.547197664126582,,,,,,,,,,,,,,,,,,,,,,65030,0,b63d9a6a59c92b71ebb27d6dbfb387c70df516f225f067e4dfea40157df365d3,validation_002,0,1,1503018159,2,,
11,2.2,A,mainline,True,False,77.64000000000004,22.400000000000063,1,accelerate,2.0,2.0000000000000284,84.84000000000005,20.400000000000063,1,1,accelerate-accelerate,-0.021770887076854706,0.06496338546276093,-0.01906198263168335,1,0.06496338546276093,-0.01906198263168335,0.08402536809444427,0.08673427253961563,"[true, true, true]",False,False,False,65030,0,b63d9a6a59c92b71ebb27d6dbfb387c70df516f225f067e4dfea40157df365d3,validation_002,0,1,1503018159,2,,
11,2.2,B,ramp,True,False,84.84000000000005,20.400000000000063,1,accelerate,2.0,2.0000000000000284,77.64000000000004,22.400000000000063,1,1,accelerate-accelerate,-0.055894263088703156,0.03607872128486633,-0.23074236512184143,1,0.03607872128486633,-0.055894263088703156,0.09197298437356949,0.26682108640670776,"[true, true, true]",False,False,False,65030,0,b63d9a6a59c92b71ebb27d6dbfb387c70df516f225f067e4dfea40157df365d3,validation_002,0,1,1503018159,2,,
11,2.2,B_front,background_mainline,True,,150.0,20.0,,,,,,,,,,,,,,,,,,,,,,65030,0,b63d9a6a59c92b71ebb27d6dbfb387c70df516f225f067e4dfea40157df365d3,validation_002,0,1,1503018159,2,,
11,2.2,B_rear,background_mainline,True,,53.85112960510799,17.66159349317774,,,,,,,,,,,,,,,,,,,,,,65030,0,b63d9a6a59c92b71ebb27d6dbfb387c70df516f225f067e4dfea40157df365d3,validation_002,0,1,1503018159,2,,
12,2.4000000000000004,A,mainline,True,False,82.16000000000005,22.800000000000068,1,accelerate,2.0,2.0000000000000284,88.96000000000006,20.800000000000068,1,1,accelerate-accelerate,-0.02040201425552368,0.06635933369398117,-0.019349701702594757,1,0.06635933369398117,-0.019349701702594757,0.08570903539657593,0.08676134794950485,"[true, true, true]",False,False,False,65030,0,b63d9a6a59c92b71ebb27d6dbfb387c70df516f225f067e4dfea40157df365d3,validation_002,0,1,1503018159,2,,
12,2.4000000000000004,B,ramp,True,False,88.96000000000006,20.800000000000068,1,accelerate,2.0,2.0000000000000284,82.16000000000005,22.800000000000068,1,1,accelerate-accelerate,-0.0572209432721138,0.03541974723339081,-0.22893212735652924,1,0.03541974723339081,-0.0572209432721138,0.09264069050550461,0.26435187458992004,"[true, true, true]",False,False,False,65030,0,b63d9a6a59c92b71ebb27d6dbfb387c70df516f225f067e4dfea40157df365d3,validation_002,0,1,1503018159,2,,
12,2.4000000000000004,B_front,background_mainline,True,,154.0,20.0,,,,,,,,,,,,,,,,,,,,,,65030,0,b63d9a6a59c92b71ebb27d6dbfb387c70df516f225f067e4dfea40157df365d3,validation_002,0,1,1503018159,2,,
12,2.4000000000000004,B_rear,background_mainline,True,,57.39485316200274,17.775061166422145,,,,,,,,,,,,,,,,,,,,,,65030,0,b63d9a6a59c92b71ebb27d6dbfb387c70df516f225f067e4dfea40157df365d3,validation_002,0,1,1503018159,2,,
13,2.6,A,mainline,True,False,86.76000000000006,23.200000000000074,1,accelerate,2.0,2.0000000000000284,93.16000000000008,21.200000000000074,1,1,accelerate-accelerate,-0.019051894545555115,0.06766047328710556,-0.019522368907928467,1,0.06766047328710556,-0.019051894545555115,0.08671236783266068,0.08718284219503403,"[true, true, true]",False,False,False,65030,0,b63d9a6a59c92b71ebb27d6dbfb387c70df516f225f067e4dfea40157df365d3,validation_002,0,1,1503018159,2,,
13,2.6,B,ramp,True,False,93.16000000000008,21.200000000000074,1,accelerate,2.0,2.0000000000000284,86.76000000000006,23.200000000000074,1,1,accelerate-accelerate,-0.05865216255187988,0.034658461809158325,-0.22708100080490112,1,0.034658461809158325,-0.05865216255187988,0.09331062436103821,0.26173946261405945,"[true, true, true]",False,False,False,65030,0,b63d9a6a59c92b71ebb27d6dbfb387c70df516f225f067e4dfea40157df365d3,validation_002,0,1,1503018159,2,,
13,2.6,B_front,background_mainline,True,,158.0,20.0,,,,,,,,,,,,,,,,,,,,,,65030,0,b63d9a6a59c92b71ebb27d6dbfb387c70df516f225f067e4dfea40157df365d3,validation_002,0,1,1503018159,2,,
13,2.6,B_rear,background_mainline,True,,60.960847628265,17.884183906058325,,,,,,,,,,,,,,,,,,,,,,65030,0,b63d9a6a59c92b71ebb27d6dbfb387c70df516f225f067e4dfea40157df365d3,validation_002,0,1,1503018159,2,,
14,2.8000000000000003,A,mainline,True,False,91.44000000000008,23.60000000000008,1,accelerate,2.0,2.0000000000000284,97.4400000000001,21.60000000000008,1,1,accelerate-accelerate,-0.017667286098003387,0.06901014596223831,-0.019678525626659393,1,0.06901014596223831,-0.017667286098003387,0.0866774320602417,0.0886886715888977,"[true, true, true]",False,False,False,65030,0,b63d9a6a59c92b71ebb27d6dbfb387c70df516f225f067e4dfea40157df365d3,validation_002,0,1,1503018159,2,,
14,2.8000000000000003,B,ramp,True,False,97.4400000000001,21.60000000000008,1,accelerate,2.0,2.0000000000000284,91.44000000000008,23.60000000000008,1,1,accelerate-accelerate,-0.0604170560836792,0.033997803926467896,-0.2250620424747467,1,0.033997803926467896,-0.0604170560836792,0.0944148600101471,0.2590598464012146,"[true, true, true]",False,False,False,65030,0,b63d9a6a59c92b71ebb27d6dbfb387c70df516f225f067e4dfea40157df365d3,validation_002,0,1,1503018159,2,,
14,2.8000000000000003,B_front,background_mainline,True,,162.0,20.0,,,,,,,,,,,,,,,,,,,,,,65030,0,b63d9a6a59c92b71ebb27d6dbfb387c70df516f225f067e4dfea40157df365d3,validation_002,0,1,1503018159,2,,
14,2.8000000000000003,B_rear,background_mainline,True,,64.54822207202676,17.98887551763265,,,,,,,,,,,,,,,,,,,,,,65030,0,b63d9a6a59c92b71ebb27d6dbfb387c70df516f225f067e4dfea40157df365d3,validation_002,0,1,1503018159,2,,
15,3.0,A,mainline,True,False,96.2000000000001,24.000000000000085,1,accelerate,2.0,2.0000000000000284,101.80000000000013,22.000000000000085,1,1,accelerate-accelerate,-0.016280464828014374,0.07046563923358917,-0.019775032997131348,1,0.07046563923358917,-0.016280464828014374,0.08674610406160355,0.09024067223072052,"[true, true, true]",False,False,False,65030,0,b63d9a6a59c92b71ebb27d6dbfb387c70df516f225f067e4dfea40157df365d3,validation_002,0,1,1503018159,2,0.13417391494577657,0.06708695747288829
15,3.0,B,ramp,True,False,101.80000000000013,22.000000000000085,1,accelerate,2.0,2.0000000000000284,96.2000000000001,24.000000000000085,1,1,accelerate-accelerate,-0.062401123344898224,0.03327711671590805,-0.22300715744495392,1,0.03327711671590805,-0.062401123344898224,0.09567824006080627,0.25628427416086197,"[true, true, true]",False,False,False,65030,0,b63d9a6a59c92b71ebb27d6dbfb387c70df516f225f067e4dfea40157df365d3,validation_002,0,1,1503018159,2,0.13417391494577657,0.06708695747288829
15,3.0,B_front,background_mainline,True,,166.0,20.0,,,,,,,,,,,,,,,,,,,,,,65030,0,b63d9a6a59c92b71ebb27d6dbfb387c70df516f225f067e4dfea40157df365d3,validation_002,0,1,1503018159,2,,
15,3.0,B_rear,background_mainline,True,,68.1560997964781,18.089232178816264,,,,,,,,,,,,,,,,,,,,,,65030,0,b63d9a6a59c92b71ebb27d6dbfb387c70df516f225f067e4dfea40157df365d3,validation_002,0,1,1503018159,2,,
16,3.2,A,mainline,True,False,101.04000000000012,24.40000000000009,1,accelerate,2.0,2.0000000000000284,106.24000000000015,22.40000000000009,1,1,accelerate-accelerate,-0.015276491641998291,0.07156912982463837,-0.010648250579833984,1,0.07156912982463837,-0.010648250579833984,0.08221738040447235,0.08684562146663666,"[true, true, true]",False,False,False,65030,0,b63d9a6a59c92b71ebb27d6dbfb387c70df516f225f067e4dfea40157df365d3,validation_002,0,1,1503018159,2,-0.30009782346292013,0.0
16,3.2,B,ramp,True,False,106.24000000000015,22.40000000000009,1,accelerate,2.0,2.0000000000000284,101.04000000000012,24.40000000000009,1,1,accelerate-accelerate,-0.06366472691297531,-0.03785702958703041,-0.1867559850215912,1,-0.03785702958703041,-0.06366472691297531,0.0258076973259449,0.14889895543456078,"[true, true, true]",False,False,False,65030,0,b63d9a6a59c92b71ebb27d6dbfb387c70df516f225f067e4dfea40157df365d3,validation_002,0,1,1503018159,2,-0.30009782346292013,0.0
16,3.2,B_front,background_mainline,True,,170.0,20.0,,,,,,,,,,,,,,,,,,,,,,65030,0,b63d9a6a59c92b71ebb27d6dbfb387c70df516f225f067e4dfea40157df365d3,validation_002,0,1,1503018159,2,,
16,3.2,B_rear,background_mainline,True,,71.78362388691994,18.18535542877623,,,,,,,,,,,,,,,,,,,,,,65030,0,b63d9a6a59c92b71ebb27d6dbfb387c70df516f225f067e4dfea40157df365d3,validation_002,0,1,1503018159,2,,
17,3.4000000000000004,A,mainline,True,False,105.96000000000015,24.800000000000097,1,accelerate,2.0,2.0000000000000284,110.76000000000016,22.800000000000097,1,1,accelerate-accelerate,-0.01388007402420044,0.07388845831155777,-0.010732397437095642,1,0.07388845831155777,-0.010732397437095642,0.08462085574865341,0.08776853233575821,"[true, true, true]",True,True,False,65030,0,b63d9a6a59c92b71ebb27d6dbfb387c70df516f225f067e4dfea40157df365d3,validation_002,0,1,1503018159,2,-0.5174998058301696,0.0
17,3.4000000000000004,B,ramp,True,False,110.76000000000016,22.800000000000097,1,accelerate,2.0,2.0000000000000284,105.96000000000015,24.800000000000097,1,1,accelerate-accelerate,-0.06359712779521942,-0.03887587785720825,-0.18444454669952393,1,-0.03887587785720825,-0.06359712779521942,0.02472124993801117,0.14556866884231567,"[true, true, true]",True,True,False,65030,0,b63d9a6a59c92b71ebb27d6dbfb387c70df516f225f067e4dfea40157df365d3,validation_002,0,1,1503018159,2,-0.5174998058301696,0.0
17,3.4000000000000004,B_front,background_mainline,True,,172.0,20.0,,,,,,,,,,,,,,,,,,,,,,65030,0,b63d9a6a59c92b71ebb27d6dbfb387c70df516f225f067e4dfea40157df365d3,validation_002,0,1,1503018159,2,,
17,3.4000000000000004,B_rear,background_mainline,True,,73.60449119281832,18.231862555530824,,,,,,,,,,,,,,,,,,,,,,65030,0,b63d9a6a59c92b71ebb27d6dbfb387c70df516f225f067e4dfea40157df365d3,validation_002,0,1,1503018159,2,,
0,0.0,A,ramp,True,False,44.8,16.0,1,accelerate,0.0,2.0000000000000284,33.199999999999996,18.0,1,0,accelerate-maintain,-0.07785020023584366,0.09072811901569366,-0.03681586682796478,1,0.09072811901569366,-0.03681586682796478,0.12754398584365845,0.16857831925153732,"[true, true, true]",False,False,False,65030,0,b63d9a6a59c92b71ebb27d6dbfb387c70df516f225f067e4dfea40157df365d3,validation_002,1,1,1503018159,3,,
0,0.0,B,mainline,True,False,33.199999999999996,18.0,0,maintain,0.0,0.0,44.8,16.0,1,0,accelerate-maintain,-0.017228923738002777,-0.10055689513683319,-0.09858018159866333,0,-0.017228923738002777,-0.09858018159866333,0.08135125786066055,0.08332797139883041,"[true, true, true]",False,False,False,65030,0,b63d9a6a59c92b71ebb27d6dbfb387c70df516f225f067e4dfea40157df365d3,validation_002,1,1,1503018159,3,,
0,0.0,B_front,background_mainline,True,,106.0,20.0,,,,,,,,,,,,,,,,,,,,,,65030,0,b63d9a6a59c92b71ebb27d6dbfb387c70df516f225f067e4dfea40157df365d3,validation_002,1,1,1503018159,3,,
0,0.0,B_rear,background_mainline,True,,15.479999999999997,18.799999999999997,,,,,,,,,,,,,,,,,,,,,,65030,0,b63d9a6a59c92b71ebb27d6dbfb387c70df516f225f067e4dfea40157df365d3,validation_002,1,1,1503018159,3,,
1,0.2,A,ramp,True,False,48.04,16.400000000000006,1,accelerate,2.0,2.0000000000000284,36.79999999999999,18.0,1,0,accelerate-maintain,-0.07841447740793228,0.09218090027570724,-0.03577260673046112,1,0.09218090027570724,-0.03577260673046112,0.12795350700616837,0.17059537768363953,"[true, true, true]",False,False,False,65030,0,b63d9a6a59c92b71ebb27d6dbfb387c70df516f225f067e4dfea40157df365d3,validation_002,1,1,1503018159,3,,
1,0.2,B,mainline,True,False,36.79999999999999,18.0,0,maintain,0.0,0.0,48.04,16.400000000000006,1,0,accelerate-maintain,-0.01607421785593033,-0.10053197294473648,-0.09928273409605026,0,-0.01607421785593033,-0.09928273409605026,0.08320851624011993,0.08445775508880615,"[true, true, true]",False,False,False,65030,0,b63d9a6a59c92b71ebb27d6dbfb387c70df516f225f067e4dfea40157df365d3,validation_002,1,1,1503018159,3,,
1,0.2,B_front,background_mainline,True,,110.0,20.0,,,,,,,,,,,,,,,,,,,,,,65030,0,b63d9a6a59c92b71ebb27d6dbfb387c70df516f225f067e4dfea40157df365d3,validation_002,1,1,1503018159,3,,
1,0.2,B_rear,background_mainline,True,,19.129573685346635,17.771995497661784,,,,,,,,,,,,,,,,,,,,,,65030,0,b63d9a6a59c92b71ebb27d6dbfb387c70df516f225f067e4dfea40157df365d3,validation_002,1,1,1503018159,3,,
2,0.4,A,ramp,True,False,51.36,16.80000000000001,1,accelerate,2.0,2.0000000000000284,40.399999999999984,18.0,1,0,accelerate-maintain,-0.07876292616128922,0.09354321658611298,-0.03461344540119171,1,0.09354321658611298,-0.03461344540119171,0.1281566619873047,0.1723061427474022,"[true, true, true]",False,False,False,65030,0,b63d9a6a59c92b71ebb27d6dbfb387c70df516f225f067e4dfea40157df365d3,validation_002,1,1,1503018159,3,,
2,0.4,B,mainline,True,False,40.399999999999984,18.0,0,maintain,0.0,0.0,51.36,16.80000000000001,1,0,accelerate-maintain,-0.015432152897119522,-0.10007724910974503,-0.0996042937040329,0,-0.015432152897119522,-0.0996042937040329,0.08417214080691338,0.0846450962126255,"[true, true, true]",False,False,False,65030,0,b63d9a6a59c92b71ebb27d6dbfb387c70df516f225f067e4dfea40157df365d3,validation_002,1,1,1503018159,3,,
2,0.4,B_front,background_mainline,True,,114.0,20.0,,,,,,,,,,,,,,,,,,,,,,65030,0,b63d9a6a59c92b71ebb27d6dbfb387c70df516f225f067e4dfea40157df365d3,validation_002,1,1,1503018159,3,,
2,0.4,B_rear,background_mainline,True,,22.61644601542019,17.14123381240721,,,,,,,,,,,,,,,,,,,,,,65030,0,b63d9a6a59c92b71ebb27d6dbfb387c70df516f225f067e4dfea40157df365d3,validation_002,1,1,1503018159,3,,
3,0.6000000000000001,A,ramp,True,False,54.760000000000005,17.200000000000017,1,accelerate,2.0,2.0000000000000284,43.99999999999998,18.0,1,0,accelerate-maintain,-0.07879096269607544,0.09478478878736496,-0.03368376940488815,1,0.09478478878736496,-0.03368376940488815,0.1284685581922531,0.1735757514834404,"[true, true, true]",False,False,False,65030,0,b63d9a6a59c92b71ebb27d6dbfb387c70df516f225f067e4dfea40157df365d3,validation_002,1,1,1503018159,3,,
3,0.6000000000000001,B,mainline,True,False,43.99999999999998,18.0,0,maintain,0.0,0.0,54.760000000000005,17.200000000000017,1,0,accelerate-maintain,-0.015609003603458405,-0.09900328516960144,-0.09927697479724884,0,-0.015609003603458405,-0.09900328516960144,0.08339428156614304,0.08366797119379044,"[true, true, true]",False,False,False,65030,0,b63d9a6a59c92b71ebb27d6dbfb387c70df516f225f067e4dfea40157df365d3,validation_002,1,1,1503018159,3,,
3,0.6000000000000001,B_front,background_mainline,True,,118.0,20.0,,,,,,,,,,,,,,,,,,,,,,65030,0,b63d9a6a59c92b71ebb27d6dbfb387c70df516f225f067e4dfea40157df365d3,validation_002,1,1,1503018159,3,,
3,0.6000000000000001,B_rear,background_mainline,True,,26.000772264554595,16.72725697787526,,,,,,,,,,,,,,,,,,,,,,65030,0,b63d9a6a59c92b71ebb27d6dbfb387c70df516f225f067e4dfea40157df365d3,validation_002,1,1,1503018159,3,,
4,0.8,A,ramp,True,False,58.24000000000001,17.600000000000023,1,accelerate,2.0,2.0000000000000284,47.59999999999997,18.0,1,0,accelerate-maintain,-0.07864158600568771,0.0959678515791893,-0.03289853781461716,1,0.0959678515791893,-0.03289853781461716,0.12886638939380646,0.17460943758487701,"[true, true, true]",False,False,False,65030,0,b63d9a6a59c92b71ebb27d6dbfb387c70df516f225f067e4dfea40157df365d3,validation_002,1,1,1503018159,3,,
4,0.8,B,mainline,True,False,47.59999999999997,18.0,0,maintain,0.0,0.0,58.24000000000001,17.600000000000023,1,0,accelerate-maintain,-0.016083508729934692,-0.09781453758478165,-0.09893690049648285,0,-0.016083508729934692,-0.09781453758478165,0.08173102885484695,0.08285339176654816,"[true, true, true]",False,False,False,65030,0,b63d9a6a59c92b71ebb27d6dbfb387c70df516f225f067e4dfea40157df365d3,validation_002,1,1,1503018159,3,,
4,0.8,B_front,background_mainline,True,,122.0,20.0,,,,,,,,,,,,,,,,,,,,,,65030,0,b63d9a6a59c92b71ebb27d6dbfb387c70df516f225f067e4dfea40157df365d3,validation_002,1,1,1503018159,3,,
4,0.8,B_rear,background_mainline,True,,29.31613436427365,16.44220835252246,,,,,,,,,,,,,,,,,,,,,,65030,0,b63d9a6a59c92b71ebb27d6dbfb387c70df516f225f067e4dfea40157df365d3,validation_002,1,1,1503018159,3,,
5,1.0,A,ramp,True,False,61.80000000000001,18.00000000000003,1,accelerate,2.0,2.0000000000000284,51.19999999999997,18.0,1,0,accelerate-maintain,-0.07839494198560715,0.09692744165658951,-0.03215712308883667,1,0.09692744165658951,-0.03215712308883667,0.12908456474542618,0.17532238364219666,"[true, true, true]",False,False,False,65030,0,b63d9a6a59c92b71ebb27d6dbfb387c70df516f225f067e4dfea40157df365d3,validation_002,1,1,1503018159,3,,
5,1.0,B,mainline,True,False,51.19999999999997,18.0,0,maintain,0.0,0.0,61.80000000000001,18.00000000000003,1,0,accelerate-maintain,-0.01674865186214447,-0.09674538671970367,-0.09802987426519394,0,-0.01674865186214447,-0.09674538671970367,0.0799967348575592,0.08128122240304947,"[true, true, true]",False,False,False,65030,0,b63d9a6a59c92b71ebb27d6dbfb387c70df516f225f067e4dfea40157df365d3,validation_002,1,1,1503018159,3,,
5,1.0,B_front,background_mainline,True,,126.0,20.0,,,,,,,,,,,,,,,,,,,,,,65030,0,b63d9a6a59c92b71ebb27d6dbfb387c70df516f225f067e4dfea40157df365d3,validation_002,1,1,1503018159,3,,
5,1.0,B_rear,background_mainline,True,,32.58336626968905,16.240755167193395,,,,,,,,,,,,,,,,,,,,,,65030,0,b63d9a6a59c92b71ebb27d6dbfb387c70df516f225f067e4dfea40157df365d3,validation_002,1,1,1503018159,3,,
6,1.2000000000000002,A,ramp,True,False,65.44000000000003,18.400000000000034,1,accelerate,2.0,2.0000000000000284,54.79999999999996,18.0,1,0,accelerate-maintain,-0.07803774625062943,0.09733400493860245,-0.03160225600004196,1,0.09733400493860245,-0.03160225600004196,0.1289362609386444,0.17537175118923187,"[true, true, true]",False,False,False,65030,0,b63d9a6a59c92b71ebb27d6dbfb387c70df516f225f067e4dfea40157df365d3,validation_002,1,1,1503018159,3,,
6,1.2000000000000002,B,mainline,True,False,54.79999999999996,18.0,0,maintain,0.0,0.0,65.44000000000003,18.400000000000034,1,0,accelerate-maintain,-0.017353195697069168,-0.09571906179189682,-0.09657329320907593,0,-0.017353195697069168,-0.09571906179189682,0.07836586609482765,0.07922009751200676,"[true, true, true]",False,False,False,65030,0,b63d9a6a59c92b71ebb27d6dbfb387c70df516f225f067e4dfea40157df365d3,validation_002,1,1,1503018159,3,,
6,1.2000000000000002,B_front,background_mainline,True,,130.0,20.0,,,,,,,,,,,,,,,,,,,,,,65030,0,b63d9a6a59c92b71ebb27d6dbfb387c70df516f225f067e4dfea40157df365d3,validation_002,1,1,1503018159,3,,
6,1.2000000000000002,B_rear,background_mainline,True,,35.816366608375816,16.09674655844228,,,,,,,,,,,,,,,,,,,,,,65030,0,b63d9a6a59c92b71ebb27d6dbfb387c70df516f225f067e4dfea40157df365d3,validation_002,1,1,1503018159,3,,
7,1.4000000000000001,A,ramp,True,False,69.16000000000003,18.80000000000004,1,accelerate,2.0,2.0000000000000284,58.399999999999956,18.0,1,0,accelerate-maintain,-0.07755807042121887,0.09731651842594147,-0.0313640758395195,1,0.09731651842594147,-0.0313640758395195,0.12868059426546097,0.17487458884716034,"[true, true, true]",False,False,False,65030,0,b63d9a6a59c92b71ebb27d6dbfb387c70df516f225f067e4dfea40157df365d3,validation_002,1,1,1503018159,3,,
7,1.4000000000000001,B,mainline,True,False,58.399999999999956,18.0,0,maintain,0.0,0.0,69.16000000000003,18.80000000000004,1,0,accelerate-maintain,-0.018007569015026093,-0.09467990696430206,-0.09507178515195847,0,-0.018007569015026093,-0.09467990696430206,0.07667233794927597,0.07706421613693237,"[true, true, true]",False,False,False,65030,0,b63d9a6a59c92b71ebb27d6dbfb387c70df516f225f067e4dfea40157df365d3,validation_002,1,1,1503018159,3,,
7,1.4000000000000001,B_front,background_mainline,True,,134.0,20.0,,,,,,,,,,,,,,,,,,,,,,65030,0,b63d9a6a59c92b71ebb27d6dbfb387c70df516f225f067e4dfea40157df365d3,validation_002,1,1,1503018159,3,,
7,1.4000000000000001,B_rear,background_mainline,True,,39.024882875751565,15.993885438865842,,,,,,,,,,,,,,,,,,,,,,65030,0,b63d9a6a59c92b71ebb27d6dbfb387c70df516f225f067e4dfea40157df365d3,validation_002,1,1,1503018159,3,,
8,1.6,A,ramp,True,False,72.96000000000002,19.200000000000045,1,accelerate,2.0,2.0000000000000284,61.99999999999995,18.0,1,0,accelerate-maintain,-0.07712513208389282,0.09717586636543274,-0.03132444620132446,1,0.09717586636543274,-0.03132444620132446,0.1285003125667572,0.17430099844932556,"[true, true, true]",False,False,False,65030,0,b63d9a6a59c92b71ebb27d6dbfb387c70df516f225f067e4dfea40157df365d3,validation_002,1,1,1503018159,3,,
8,1.6,B,mainline,True,False,61.99999999999995,18.0,0,maintain,0.0,0.0,72.96000000000002,19.200000000000045,1,0,accelerate-maintain,-0.018637746572494507,-0.0936913937330246,-0.09298723191022873,0,-0.018637746572494507,-0.09298723191022873,0.07434948533773422,0.07505364716053009,"[true, true, true]",False,False,False,65030,0,b63d9a6a59c92b71ebb27d6dbfb387c70df516f225f067e4dfea40157df365d3,validation_002,1,1,1503018159,3,,
8,1.6,B_front,background_mainline,True,,138.0,20.0,,,,,,,,,,,,,,,,,,,,,,65030,0,b63d9a6a59c92b71ebb27d6dbfb387c70df516f225f067e4dfea40157df365d3,validation_002,1,1,1503018159,3,,
8,1.6,B_rear,background_mainline,True,,42.21600386981396,15.921420148717361,,,,,,,,,,,,,,,,,,,,,,65030,0,b63d9a6a59c92b71ebb27d6dbfb387c70df516f225f067e4dfea40157df365d3,validation_002,1,1,1503018159,3,,
9,1.8,A,ramp,True,False,76.84000000000003,19.60000000000005,1,accelerate,2.0,2.0000000000000284,65.59999999999995,18.0,1,0,accelerate-maintain,-0.07673073559999466,0.09693649411201477,-0.031451717019081116,1,0.09693649411201477,-0.031451717019081116,0.1283882111310959,0.17366722971200943,"[true, true, true]",False,False,False,65030,0,b63d9a6a59c92b71ebb27d6dbfb387c70df516f225f067e4dfea40157df365d3,validation_002,1,1,1503018159,3,,
9,1.8,B,mainline,True,False,65.59999999999995,18.0,0,maintain,0.0,0.0,76.84000000000003,19.60000000000005,1,0,accelerate-maintain,-0.01933588832616806,-0.09281839430332184,-0.09058034420013428,0,-0.01933588832616806,-0.09058034420013428,0.07124445587396622,0.07348250597715378,"[true, true, true]",False,False,False,65030,0,b63d9a6a59c92b71ebb27d6dbfb387c70df516f225f067e4dfea40157df365d3,validation_002,1,1,1503018159,3,,
9,1.8,B_front,background_mainline,True,,142.0,20.0,,,,,,,,,,,,,,,,,,,,,,65030,0,b63d9a6a59c92b71ebb27d6dbfb387c70df516f225f067e4dfea40157df365d3,validation_002,1,1,1503018159,3,,
9,1.8,B_rear,background_mainline,True,,45.3950269019129,15.871939617762685,,,,,,,,,,,,,,,,,,,,,,65030,0,b63d9a6a59c92b71ebb27d6dbfb387c70df516f225f067e4dfea40157df365d3,validation_002,1,1,1503018159,3,,
10,2.0,A,ramp,True,False,80.80000000000004,20.000000000000057,1,accelerate,2.0,2.0000000000000284,69.19999999999997,18.0,1,0,accelerate-maintain,-0.07631447911262512,0.09669218212366104,-0.0316309928894043,1,0.09669218212366104,-0.0316309928894043,0.12832317501306534,0.17300666123628616,"[true, true, true]",False,False,False,65030,0,b63d9a6a59c92b71ebb27d6dbfb387c70df516f225f067e4dfea40157df365d3,validation_002,1,1,1503018159,3,,
10,2.0,B,mainline,True,False,69.19999999999997,18.0,0,maintain,0.0,0.0,80.80000000000004,20.000000000000057,1,0,accelerate-maintain,-0.02012357860803604,-0.0921350046992302,-0.08815444260835648,0,-0.02012357860803604,-0.08815444260835648,0.06803086400032043,0.07201142609119415,"[true, true, true]",False,False,False,65030,0,b63d9a6a59c92b71ebb27d6dbfb387c70df516f225f067e4dfea40157df365d3,validation_002,1,1,1503018159,3,,
10,2.0,B_front,background_mainline,True,,146.0,20.0,,,,,,,,,,,,,,,,,,,,,,65030,0,b63d9a6a59c92b71ebb27d6dbfb387c70df516f225f067e4dfea40157df365d3,validation_002,1,1,1503018159,3,,
10,2.0,B_rear,background_mainline,True,,48.56599346607207,15.840154639388395,,,,,,,,,,,,,,,,,,,,,,65030,0,b63d9a6a59c92b71ebb27d6dbfb387c70df516f225f067e4dfea40157df365d3,validation_002,1,1,1503018159,3,,
11,2.2,A,ramp,True,False,84.84000000000005,20.400000000000063,1,accelerate,2.0,2.0000000000000284,72.8,18.0,1,0,accelerate-maintain,-0.07555535435676575,0.09593631327152252,-0.031553566455841064,1,0.09593631327152252,-0.031553566455841064,0.1274898797273636,0.17149166762828827,"[true, true, true]",False,False,False,65030,0,b63d9a6a59c92b71ebb27d6dbfb387c70df516f225f067e4dfea40157df365d3,validation_002,1,1,1503018159,3,,
11,2.2,B,mainline,True,False,72.8,18.0,0,maintain,0.0,0.0,84.84000000000005,20.400000000000063,1,0,accelerate-maintain,-0.021083064377307892,-0.092176154255867,-0.08589762449264526,0,-0.021083064377307892,-0.08589762449264526,0.06481456011533737,0.07109308987855911,"[true, true, true]",False,False,False,65030,0,b63d9a6a59c92b71ebb27d6dbfb387c70df516f225f067e4dfea40157df365d3,validation_002,1,1,1503018159,3,,
11,2.2,B_front,background_mainline,True,,150.0,20.0,,,,,,,,,,,,,,,,,,,,,,65030,0,b63d9a6a59c92b71ebb27d6dbfb387c70df516f225f067e4dfea40157df365d3,validation_002,1,1,1503018159,3,,
11,2.2,B_rear,background_mainline,True,,51.732036438245174,15.822182360409977,,,,,,,,,,,,,,,,,,,,,,65030,0,b63d9a6a59c92b71ebb27d6dbfb387c70df516f225f067e4dfea40157df365d3,validation_002,1,1,1503018159,3,,
12,2.4000000000000004,A,ramp,True,False,88.96000000000006,20.800000000000068,1,accelerate,2.0,2.0000000000000284,76.40000000000002,18.0,1,0,accelerate-maintain,-0.07473669946193695,0.09511750936508179,-0.031464576721191406,1,0.09511750936508179,-0.031464576721191406,0.1265820860862732,0.16985420882701874,"[true, true, true]",False,False,False,65030,0,b63d9a6a59c92b71ebb27d6dbfb387c70df516f225f067e4dfea40157df365d3,validation_002,1,1,1503018159,3,,
12,2.4000000000000004,B,mainline,True,False,76.40000000000002,18.0,0,maintain,0.0,0.0,88.96000000000006,20.800000000000068,1,0,accelerate-maintain,-0.022150807082653046,-0.09268616884946823,-0.08374547958374023,0,-0.022150807082653046,-0.08374547958374023,0.06159467250108719,0.07053536176681519,"[true, true, true]",False,False,False,65030,0,b63d9a6a59c92b71ebb27d6dbfb387c70df516f225f067e4dfea40157df365d3,validation_002,1,1,1503018159,3,,
12,2.4000000000000004,B_front,background_mainline,True,,154.0,20.0,,,,,,,,,,,,,,,,,,,,,,65030,0,b63d9a6a59c92b71ebb27d6dbfb387c70df516f225f067e4dfea40157df365d3,validation_002,1,1,1503018159,3,,
12,2.4000000000000004,B_rear,background_mainline,True,,54.895614077990665,15.815105276009753,,,,,,,,,,,,,,,,,,,,,,65030,0,b63d9a6a59c92b71ebb27d6dbfb387c70df516f225f067e4dfea40157df365d3,validation_002,1,1,1503018159,3,,
13,2.6,A,ramp,True,False,93.16000000000008,21.200000000000074,1,accelerate,2.0,2.0000000000000284,80.00000000000004,18.0,1,0,accelerate-maintain,-0.0739947259426117,0.09414492547512054,-0.03111620992422104,1,0.09414492547512054,-0.03111620992422104,0.12526113539934158,0.16813965141773224,"[true, true, true]",False,False,False,65030,0,b63d9a6a59c92b71ebb27d6dbfb387c70df516f225f067e4dfea40157df365d3,validation_002,1,1,1503018159,3,,
13,2.6,B,mainline,True,False,80.00000000000004,18.0,0,maintain,0.0,0.0,93.16000000000008,21.200000000000074,1,0,accelerate-maintain,-0.023075446486473083,-0.09367451071739197,-0.08142192661762238,0,-0.023075446486473083,-0.08142192661762238,0.05834648013114929,0.07059906423091888,"[true, true, true]",False,False,False,65030,0,b63d9a6a59c92b71ebb27d6dbfb387c70df516f225f067e4dfea40157df365d3,validation_002,1,1,1503018159,3,,
13,2.6,B_front,background_mainline,True,,158.0,20.0,,,,,,,,,,,,,,,,,,,,,,65030,0,b63d9a6a59c92b71ebb27d6dbfb387c70df516f225f067e4dfea40157df365d3,validation_002,1,1,1503018159,3,,
13,2.6,B_rear,background_mainline,True,,58.05867292918479,15.816688273844969,,,,,,,,,,,,,,,,,,,,,,65030,0,b63d9a6a59c92b71ebb27d6dbfb387c70df516f225f067e4dfea40157df365d3,validation_002,1,1,1503018159,3,,
14,2.8000000000000003,A,ramp,True,False,97.4400000000001,21.60000000000008,1,accelerate,2.0,2.0000000000000284,83.60000000000007,18.0,1,0,accelerate-maintain,-0.07314714789390564,0.09311963617801666,-0.030536100268363953,1,0.09311963617801666,-0.030536100268363953,0.12365573644638062,0.1662667840719223,"[true, true, true]",False,False,False,65030,0,b63d9a6a59c92b71ebb27d6dbfb387c70df516f225f067e4dfea40157df365d3,validation_002,1,1,1503018159,3,,
14,2.8000000000000003,B,mainline,True,False,83.60000000000007,18.0,0,maintain,0.0,0.0,97.4400000000001,21.60000000000008,1,0,accelerate-maintain,-0.02399119734764099,-0.09471280872821808,-0.07906986773014069,0,-0.02399119734764099,-0.07906986773014069,0.055078670382499695,0.07072161138057709,"[true, true, true]",False,False,False,65030,0,b63d9a6a59c92b71ebb27d6dbfb387c70df516f225f067e4dfea40157df365d3,validation_002,1,1,1503018159,3,,
14,2.8000000000000003,B_front,background_mainline,True,,162.0,20.0,,,,,,,,,,,,,,,,,,,,,,65030,0,b63d9a6a59c92b71ebb27d6dbfb387c70df516f225f067e4dfea40157df365d3,validation_002,1,1,1503018159,3,,
14,2.8000000000000003,B_rear,background_mainline,True,,61.22276436562234,15.82519083638627,,,,,,,,,,,,,,,,,,,,,,65030,0,b63d9a6a59c92b71ebb27d6dbfb387c70df516f225f067e4dfea40157df365d3,validation_002,1,1,1503018159,3,,
15,3.0,A,ramp,True,False,101.80000000000013,22.000000000000085,1,accelerate,2.0,2.0000000000000284,87.20000000000009,18.0,1,0,accelerate-maintain,-0.07205871492624283,0.09206373244524002,-0.029641613364219666,1,0.09206373244524002,-0.029641613364219666,0.12170534580945969,0.16412244737148285,"[true, true, true]",False,False,False,65030,0,b63d9a6a59c92b71ebb27d6dbfb387c70df516f225f067e4dfea40157df365d3,validation_002,1,1,1503018159,3,10.374173914945786,
15,3.0,B,mainline,True,False,87.20000000000009,18.0,0,maintain,0.0,0.0,101.80000000000013,22.000000000000085,1,0,accelerate-maintain,-0.024890229105949402,-0.09573838114738464,-0.07672128081321716,0,-0.024890229105949402,-0.07672128081321716,0.05183105170726776,0.07084815204143524,"[true, true, true]",False,False,False,65030,0,b63d9a6a59c92b71ebb27d6dbfb387c70df516f225f067e4dfea40157df365d3,validation_002,1,1,1503018159,3,10.374173914945786,
15,3.0,B_front,background_mainline,True,,166.0,20.0,,,,,,,,,,,,,,,,,,,,,,65030,0,b63d9a6a59c92b71ebb27d6dbfb387c70df516f225f067e4dfea40157df365d3,validation_002,1,1,1503018159,3,,
15,3.0,B_rear,background_mainline,True,,64.38912994504042,15.839238737283491,,,,,,,,,,,,,,,,,,,,,,65030,0,b63d9a6a59c92b71ebb27d6dbfb387c70df516f225f067e4dfea40157df365d3,validation_002,1,1,1503018159,3,,
16,3.2,A,ramp,True,False,106.24000000000015,22.40000000000009,1,accelerate,2.0,2.0000000000000284,90.80000000000011,18.0,1,0,accelerate-maintain,-0.12172412872314453,0.09869606792926788,-0.050287388265132904,1,0.09869606792926788,-0.050287388265132904,0.1489834561944008,0.22042019665241241,"[true, true, true]",False,False,False,65030,0,b63d9a6a59c92b71ebb27d6dbfb387c70df516f225f067e4dfea40157df365d3,validation_002,1,1,1503018159,3,11.259902176537096,
16,3.2,B,mainline,True,False,90.80000000000011,18.0,0,maintain,0.0,0.0,106.24000000000015,22.40000000000009,1,0,accelerate-maintain,-0.016426388174295425,-0.07982698082923889,-0.08619798719882965,0,-0.016426388174295425,-0.07982698082923889,0.06340059265494347,0.06977159902453423,"[true, true, true]",False,False,False,65030,0,b63d9a6a59c92b71ebb27d6dbfb387c70df516f225f067e4dfea40157df365d3,validation_002,1,1,1503018159,3,11.259902176537096,
16,3.2,B_front,background_mainline,True,,170.0,20.0,,,,,,,,,,,,,,,,,,,,,,65030,0,b63d9a6a59c92b71ebb27d6dbfb387c70df516f225f067e4dfea40157df365d3,validation_002,1,1,1503018159,3,,
16,3.2,B_rear,background_mainline,True,,67.55876519666103,15.857734154747567,,,,,,,,,,,,,,,,,,,,,,65030,0,b63d9a6a59c92b71ebb27d6dbfb387c70df516f225f067e4dfea40157df365d3,validation_002,1,1,1503018159,3,,
17,3.4000000000000004,A,ramp,True,False,110.76000000000016,22.800000000000097,1,accelerate,2.0,2.0000000000000284,94.40000000000013,18.0,1,0,accelerate-maintain,-0.119456946849823,0.09926903992891312,-0.04894419014453888,1,0.09926903992891312,-0.04894419014453888,0.148213230073452,0.21872598677873611,"[true, true, true]",False,False,False,65030,0,b63d9a6a59c92b71ebb27d6dbfb387c70df516f225f067e4dfea40157df365d3,validation_002,1,1,1503018159,3,12.225960273334223,
17,3.4000000000000004,B,mainline,True,False,94.40000000000013,18.0,0,maintain,0.0,0.0,110.76000000000016,22.800000000000097,1,0,accelerate-maintain,-0.016910895705223083,-0.08129724860191345,-0.08506093919277191,0,-0.016910895705223083,-0.08129724860191345,0.06438635289669037,0.06815004348754883,"[true, true, true]",False,False,False,65030,0,b63d9a6a59c92b71ebb27d6dbfb387c70df516f225f067e4dfea40157df365d3,validation_002,1,1,1503018159,3,12.225960273334223,
17,3.4000000000000004,B_front,background_mainline,True,,174.0,20.0,,,,,,,,,,,,,,,,,,,,,,65030,0,b63d9a6a59c92b71ebb27d6dbfb387c70df516f225f067e4dfea40157df365d3,validation_002,1,1,1503018159,3,,
17,3.4000000000000004,B_rear,background_mainline,True,,70.73246814000836,15.879791296795966,,,,,,,,,,,,,,,,,,,,,,65030,0,b63d9a6a59c92b71ebb27d6dbfb387c70df516f225f067e4dfea40157df365d3,validation_002,1,1,1503018159,3,,
18,3.6,A,ramp,True,False,115.36000000000017,23.200000000000102,1,accelerate,2.0,2.0000000000000284,98.00000000000016,18.0,1,0,accelerate-maintain,-0.11715231835842133,0.09985540807247162,-0.04759611189365387,1,0.09985540807247162,-0.04759611189365387,0.1474515199661255,0.21700772643089294,"[true, true, true]",False,False,False,65030,0,b63d9a6a59c92b71ebb27d6dbfb387c70df516f225f067e4dfea40157df365d3,validation_002,1,1,1503018159,3,13.278213338310948,
18,3.6,B,mainline,True,False,98.00000000000016,18.0,0,maintain,0.0,0.0,115.36000000000017,23.200000000000102,1,0,accelerate-maintain,-0.0176844522356987,-0.08279538154602051,-0.08353601396083832,0,-0.0176844522356987,-0.08279538154602051,0.06511092931032181,0.06585156172513962,"[true, true, true]",False,False,False,65030,0,b63d9a6a59c92b71ebb27d6dbfb387c70df516f225f067e4dfea40157df365d3,validation_002,1,1,1503018159,3,13.278213338310948,
18,3.6,B_front,background_mainline,True,,178.0,20.0,,,,,,,,,,,,,,,,,,,,,,65030,0,b63d9a6a59c92b71ebb27d6dbfb387c70df516f225f067e4dfea40157df365d3,validation_002,1,1,1503018159,3,,
18,3.6,B_rear,background_mainline,True,,73.91087676607343,15.904689390036724,,,,,,,,,,,,,,,,,,,,,,65030,0,b63d9a6a59c92b71ebb27d6dbfb387c70df516f225f067e4dfea40157df365d3,validation_002,1,1,1503018159,3,,
19,3.8000000000000003,A,ramp,True,False,120.04000000000019,23.600000000000108,1,accelerate,2.0,2.0000000000000284,101.60000000000018,18.0,1,0,accelerate-maintain,-0.11482254415750504,0.1004638522863388,-0.046250440180301666,1,0.1004638522863388,-0.046250440180301666,0.14671429246664047,0.21528639644384384,"[true, true, true]",False,False,False,65030,0,b63d9a6a59c92b71ebb27d6dbfb387c70df516f225f067e4dfea40157df365d3,validation_002,1,1,1503018159,3,14.420350628837738,
19,3.8000000000000003,B,mainline,True,False,101.60000000000018,18.0,0,maintain,0.0,0.0,120.04000000000019,23.600000000000108,1,0,accelerate-maintain,-0.01851613074541092,-0.08433959633111954,-0.08191479742527008,0,-0.01851613074541092,-0.08191479742527008,0.06339866667985916,0.06582346558570862,"[true, true, true]",False,False,False,65030,0,b63d9a6a59c92b71ebb27d6dbfb387c70df516f225f067e4dfea40157df365d3,validation_002,1,1,1503018159,3,14.420350628837738,
19,3.8000000000000003,B_front,background_mainline,True,,182.0,20.0,,,,,,,,,,,,,,,,,,,,,,65030,0,b63d9a6a59c92b71ebb27d6dbfb387c70df516f225f067e4dfea40157df365d3,validation_002,1,1,1503018159,3,,
19,3.8000000000000003,B_rear,background_mainline,True,,77.09449839041348,15.93183774645378,,,,,,,,,,,,,,,,,,,,,,65030,0,b63d9a6a59c92b71ebb27d6dbfb387c70df516f225f067e4dfea40157df365d3,validation_002,1,1,1503018159,3,,
20,4.0,A,ramp,True,False,124.80000000000021,24.000000000000114,1,accelerate,2.0,2.0000000000000284,105.2000000000002,18.0,1,0,accelerate-maintain,-0.11247972398996353,0.10110248625278473,-0.04491358995437622,1,0.10110248625278473,-0.04491358995437622,0.14601607620716095,0.21358221024274826,"[true, true, true]",False,False,False,65030,0,b63d9a6a59c92b71ebb27d6dbfb387c70df516f225f067e4dfea40157df365d3,validation_002,1,1,1503018159,3,15.652217632353327,
20,4.0,B,mainline,True,False,105.2000000000002,18.0,0,maintain,0.0,0.0,124.80000000000021,24.000000000000114,1,0,accelerate-maintain,-0.019376814365386963,-0.08593854308128357,-0.08023889362812042,0,-0.019376814365386963,-0.08023889362812042,0.06086207926273346,0.0665617287158966,"[true, true, true]",False,False,False,65030,0,b63d9a6a59c92b71ebb27d6dbfb387c70df516f225f067e4dfea40157df365d3,validation_002,1,1,1503018159,3,15.652217632353327,
20,4.0,B_front,background_mainline,True,,186.0,20.0,,,,,,,,,,,,,,,,,,,,,,65030,0,b63d9a6a59c92b71ebb27d6dbfb387c70df516f225f067e4dfea40157df365d3,validation_002,1,1,1503018159,3,,
20,4.0,B_rear,background_mainline,True,,80.28373292089879,15.960749396746152,,,,,,,,,,,,,,,,,,,,,,65030,0,b63d9a6a59c92b71ebb27d6dbfb387c70df516f225f067e4dfea40157df365d3,validation_002,1,1,1503018159,3,,
21,4.2,A,ramp,True,False,129.64000000000024,24.40000000000012,1,accelerate,2.0,2.0000000000000284,108.80000000000022,18.0,1,0,accelerate-maintain,-0.11013379693031311,0.1017768532037735,-0.043589964509010315,1,0.1017768532037735,-0.043589964509010315,0.1453668177127838,0.2119106501340866,"[true, true, true]",False,False,False,65030,0,b63d9a6a59c92b71ebb27d6dbfb387c70df516f225f067e4dfea40157df365d3,validation_002,1,1,1503018159,3,16.970194947707867,
21,4.2,B,mainline,True,False,108.80000000000022,18.0,0,maintain,0.0,0.0,129.64000000000024,24.40000000000012,1,0,accelerate-maintain,-0.020305730402469635,-0.087408646941185,-0.07862213253974915,0,-0.020305730402469635,-0.07862213253974915,0.05831640213727951,0.06710291653871536,"[true, true, true]",False,False,False,65030,0,b63d9a6a59c92b71ebb27d6dbfb387c70df516f225f067e4dfea40157df365d3,validation_002,1,1,1503018159,3,16.970194947707867,
21,4.2,B_front,background_mainline,True,,190.0,20.0,,,,,,,,,,,,,,,,,,,,,,65030,0,b63d9a6a59c92b71ebb27d6dbfb387c70df516f225f067e4dfea40157df365d3,validation_002,1,1,1503018159,3,,
21,4.2,B_rear,background_mainline,True,,83.47889150109071,15.991020907085488,,,,,,,,,,,,,,,,,,,,,,65030,0,b63d9a6a59c92b71ebb27d6dbfb387c70df516f225f067e4dfea40157df365d3,validation_002,1,1,1503018159,3,,
22,4.4,A,ramp,True,False,134.5600000000003,24.800000000000125,1,accelerate,2.0,2.0000000000000284,112.40000000000025,18.0,1,0,accelerate-maintain,-0.10778846591711044,0.10248814523220062,-0.04228033125400543,1,0.10248814523220062,-0.04228033125400543,0.14476847648620605,0.21027661114931107,"[true, true, true]",False,False,False,65030,0,b63d9a6a59c92b71ebb27d6dbfb387c70df516f225f067e4dfea40157df365d3,validation_002,1,1,1503018159,3,18.370068763480262,
22,4.4,B,mainline,True,False,112.40000000000025,18.0,0,maintain,0.0,0.0,134.5600000000003,24.800000000000125,1,0,accelerate-maintain,-0.02127336710691452,-0.0888957679271698,-0.07697200775146484,0,-0.02127336710691452,-0.07697200775146484,0.055698640644550323,0.06762240082025528,"[true, true, true]",False,False,False,65030,0,b63d9a6a59c92b71ebb27d6dbfb387c70df516f225f067e4dfea40157df365d3,validation_002,1,1,1503018159,3,18.370068763480262,
22,4.4,B_front,background_mainline,True,,194.0,20.0,,,,,,,,,,,,,,,,,,,,,,65030,0,b63d9a6a59c92b71ebb27d6dbfb387c70df516f225f067e4dfea40157df365d3,validation_002,1,1,1503018159,3,,
22,4.4,B_rear,background_mainline,True,,86.68021159183363,16.02231673057788,,,,,,,,,,,,,,,,,,,,,,65030,0,b63d9a6a59c92b71ebb27d6dbfb387c70df516f225f067e4dfea40157df365d3,validation_002,1,1,1503018159,3,,
23,4.6000000000000005,A,ramp,True,False,139.5600000000003,25.20000000000013,1,accelerate,2.0,2.0000000000000284,116.00000000000027,18.0,1,0,accelerate-maintain,-0.1055566668510437,0.10329931974411011,-0.04121878743171692,1,0.10329931974411011,-0.04121878743171692,0.14451810717582703,0.2088559865951538,"[true, true, true]",False,False,False,65030,0,b63d9a6a59c92b71ebb27d6dbfb387c70df516f225f067e4dfea40157df365d3,validation_002,1,1,1503018159,3,19.85006876052391,
23,4.6000000000000005,B,mainline,True,False,116.00000000000027,18.0,0,maintain,0.0,0.0,139.5600000000003,25.20000000000013,1,0,accelerate-maintain,-0.022268250584602356,-0.09043543040752411,-0.0752696692943573,0,-0.022268250584602356,-0.0752696692943573,0.053001418709754944,0.06816717982292175,"[true, true, true]",False,False,False,65030,0,b63d9a6a59c92b71ebb27d6dbfb387c70df516f225f067e4dfea40157df365d3,validation_002,1,1,1503018159,3,19.85006876052391,
23,4.6000000000000005,B_front,background_mainline,True,,198.0,20.0,,,,,,,,,,,,,,,,,,,,,,65030,0,b63d9a6a59c92b71ebb27d6dbfb387c70df516f225f067e4dfea40157df365d3,validation_002,1,1,1503018159,3,,
23,4.6000000000000005,B_rear,background_mainline,True,,89.88786927574063,16.05435693281648,,,,,,,,,,,,,,,,,,,,,,65030,0,b63d9a6a59c92b71ebb27d6dbfb387c70df516f225f067e4dfea40157df365d3,validation_002,1,1,1503018159,3,,
24,4.800000000000001,A,ramp,True,False,144.64000000000033,25.600000000000136,1,accelerate,2.0,2.0000000000000284,119.60000000000029,18.0,1,0,accelerate-maintain,-0.10352914035320282,0.10414998233318329,-0.04072760045528412,1,0.10414998233318329,-0.04072760045528412,0.1448775827884674,0.2076791226863861,"[true, true, true]",False,False,False,65030,0,b63d9a6a59c92b71ebb27d6dbfb387c70df516f225f067e4dfea40157df365d3,validation_002,1,1,1503018159,3,21.410068760523913,
24,4.800000000000001,B,mainline,True,False,119.60000000000029,18.0,0,maintain,0.0,0.0,144.64000000000033,25.600000000000136,1,0,accelerate-maintain,-0.023289844393730164,-0.09057483077049255,-0.07410567253828049,0,-0.023289844393730164,-0.07410567253828049,0.050815828144550323,0.06728498637676239,"[true, true, true]",False,False,False,65030,0,b63d9a6a59c92b71ebb27d6dbfb387c70df516f225f067e4dfea40157df365d3,validation_002,1,1,1503018159,3,21.410068760523913,
24,4.800000000000001,B_front,background_mainline,True,,202.0,20.0,,,,,,,,,,,,,,,,,,,,,,65030,0,b63d9a6a59c92b71ebb27d6dbfb387c70df516f225f067e4dfea40157df365d3,validation_002,1,1,1503018159,3,,
24,4.800000000000001,B_rear,background_mainline,True,,93.10198937214686,16.08690746147873,,,,,,,,,,,,,,,,,,,,,,65030,0,b63d9a6a59c92b71ebb27d6dbfb387c70df516f225f067e4dfea40157df365d3,validation_002,1,1,1503018159,3,,
25,5.0,A,ramp,True,False,149.80000000000035,26.000000000000142,1,accelerate,2.0,2.0000000000000284,123.20000000000032,18.0,1,0,accelerate-maintain,-0.10147072374820709,0.10501131415367126,-0.04024793952703476,1,0.10501131415367126,-0.04024793952703476,0.14525925368070602,0.20648203790187836,"[true, true, true]",False,False,False,65030,0,b63d9a6a59c92b71ebb27d6dbfb387c70df516f225f067e4dfea40157df365d3,validation_002,1,1,1503018159,3,23.0500687605239,
25,5.0,B,mainline,True,False,123.20000000000032,18.0,0,maintain,0.0,0.0,149.80000000000035,26.000000000000142,1,0,accelerate-maintain,-0.02395790070295334,-0.090109683573246,-0.07348856329917908,0,-0.02395790070295334,-0.07348856329917908,0.04953066259622574,0.06615178287029266,"[true, true, true]",False,False,False,65030,0,b63d9a6a59c92b71ebb27d6dbfb387c70df516f225f067e4dfea40157df365d3,validation_002,1,1,1503018159,3,23.0500687605239,
25,5.0,B_front,background_mainline,True,,206.0,20.0,,,,,,,,,,,,,,,,,,,,,,65030,0,b63d9a6a59c92b71ebb27d6dbfb387c70df516f225f067e4dfea40157df365d3,validation_002,1,1,1503018159,3,,
25,5.0,B_rear,background_mainline,True,,96.32265380816358,16.11977235767215,,,,,,,,,,,,,,,,,,,,,,65030,0,b63d9a6a59c92b71ebb27d6dbfb387c70df516f225f067e4dfea40157df365d3,validation_002,1,1,1503018159,3,,
26,5.2,A,ramp,True,False,155.04000000000036,26.400000000000148,1,accelerate,2.0,2.0000000000000284,126.80000000000034,18.0,1,0,accelerate-maintain,-0.09938082098960876,0.10588667541742325,-0.03977483510971069,1,0.10588667541742325,-0.03977483510971069,0.14566151052713394,0.205267496407032,"[true, true, true]",False,False,False,65030,0,b63d9a6a59c92b71ebb27d6dbfb387c70df516f225f067e4dfea40157df365d3,validation_002,1,1,1503018159,3,24.77006876052394,
26,5.2,B,mainline,True,False,126.80000000000034,18.0,0,maintain,0.0,0.0,155.04000000000036,26.400000000000148,1,0,accelerate-maintain,-0.02473551034927368,-0.08964851498603821,-0.07297436892986298,0,-0.02473551034927368,-0.07297436892986298,0.048238858580589294,0.06491300463676453,"[true, true, true]",False,False,False,65030,0,b63d9a6a59c92b71ebb27d6dbfb387c70df516f225f067e4dfea40157df365d3,validation_002,1,1,1503018159,3,24.77006876052394,
26,5.2,B_front,background_mainline,True,,210.0,20.0,,,,,,,,,,,,,,,,,,,,,,65030,0,b63d9a6a59c92b71ebb27d6dbfb387c70df516f225f067e4dfea40157df365d3,validation_002,1,1,1503018159,3,,
26,5.2,B_rear,background_mainline,True,,99.5499085878131,16.152787466124686,,,,,,,,,,,,,,,,,,,,,,65030,0,b63d9a6a59c92b71ebb27d6dbfb387c70df516f225f067e4dfea40157df365d3,validation_002,1,1,1503018159,3,,
27,5.4,A,ramp,True,False,160.3600000000004,26.800000000000153,1,accelerate,2.0,2.0000000000000284,130.40000000000035,18.0,1,0,accelerate-maintain,-0.09725943207740784,0.10677608847618103,-0.0393083319067955,1,0.10677608847618103,-0.0393083319067955,0.14608442038297653,0.20403552055358887,"[true, true, true]",False,False,False,65030,0,b63d9a6a59c92b71ebb27d6dbfb387c70df516f225f067e4dfea40157df365d3,validation_002,1,1,1503018159,3,26.570068760523952,
27,5.4,B,mainline,True,False,130.40000000000035,18.0,0,maintain,0.0,0.0,160.3600000000004,26.800000000000153,1,0,accelerate-maintain,-0.025593101978302002,-0.08920488506555557,-0.07250792533159256,0,-0.025593101978302002,-0.07250792533159256,0.04691482335329056,0.06361178308725357,"[true, true, true]",False,False,False,65030,0,b63d9a6a59c92b71ebb27d6dbfb387c70df516f225f067e4dfea40157df365d3,validation_002,1,1,1503018159,3,26.570068760523952,
27,5.4,B_front,background_mainline,True,,214.0,20.0,,,,,,,,,,,,,,,,,,,,,,65030,0,b63d9a6a59c92b71ebb27d6dbfb387c70df516f225f067e4dfea40157df365d3,validation_002,1,1,1503018159,3,,
27,5.4,B_rear,background_mainline,True,,102.78376962455367,16.18581531448605,,,,,,,,,,,,,,,,,,,,,,65030,0,b63d9a6a59c92b71ebb27d6dbfb387c70df516f225f067e4dfea40157df365d3,validation_002,1,1,1503018159,3,,
28,5.6000000000000005,A,ramp,True,False,165.76000000000045,27.20000000000016,1,accelerate,2.0,2.0000000000000284,134.00000000000037,18.0,1,0,accelerate-maintain,-0.09482033550739288,0.10761479288339615,-0.03801392763853073,1,0.10761479288339615,-0.03801392763853073,0.14562872052192688,0.20243512839078903,"[true, true, true]",False,False,False,65030,0,b63d9a6a59c92b71ebb27d6dbfb387c70df516f225f067e4dfea40157df365d3,validation_002,1,1,1503018159,3,28.450068760523948,
28,5.6000000000000005,B,mainline,True,False,134.00000000000037,18.0,0,maintain,0.0,0.0,165.76000000000045,27.20000000000016,1,0,accelerate-maintain,-0.026646152138710022,-0.08830349147319794,-0.0723474994301796,0,-0.026646152138710022,-0.0723474994301796,0.045701347291469574,0.061657339334487915,"[true, true, true]",False,False,False,65030,0,b63d9a6a59c92b71ebb27d6dbfb387c70df516f225f067e4dfea40157df365d3,validation_002,1,1,1503018159,3,28.450068760523948,
28,5.6000000000000005,B_front,background_mainline,True,,218.0,20.0,,,,,,,,,,,,,,,,,,,,,,65030,0,b63d9a6a59c92b71ebb27d6dbfb387c70df516f225f067e4dfea40157df365d3,validation_002,1,1,1503018159,3,,
28,5.6000000000000005,B_rear,background_mainline,True,,106.02422764510858,16.218740913433734,,,,,,,,,,,,,,,,,,,,,,65030,0,b63d9a6a59c92b71ebb27d6dbfb387c70df516f225f067e4dfea40157df365d3,validation_002,1,1,1503018159,3,,
29,5.800000000000001,A,ramp,True,False,171.24000000000046,27.600000000000165,1,accelerate,2.0,2.0000000000000284,137.6000000000004,18.0,1,0,accelerate-maintain,-0.09219298511743546,0.10894179344177246,-0.035922832787036896,1,0.10894179344177246,-0.035922832787036896,0.14486462622880936,0.20113477855920792,"[true, true, true]",False,False,False,65030,0,b63d9a6a59c92b71ebb27d6dbfb387c70df516f225f067e4dfea40157df365d3,validation_002,1,1,1503018159,3,30.410068760523984,
29,5.800000000000001,B,mainline,True,False,137.6000000000004,18.0,0,maintain,0.0,0.0,171.24000000000046,27.600000000000165,1,0,accelerate-maintain,-0.027724437415599823,-0.0873911902308464,-0.07220405340194702,0,-0.027724437415599823,-0.07220405340194702,0.0444796159863472,0.05966675281524658,"[true, true, true]",False,False,False,65030,0,b63d9a6a59c92b71ebb27d6dbfb387c70df516f225f067e4dfea40157df365d3,validation_002,1,1,1503018159,3,30.410068760523984,
29,5.800000000000001,B_front,background_mainline,True,,222.0,20.0,,,,,,,,,,,,,,,,,,,,,,65030,0,b63d9a6a59c92b71ebb27d6dbfb387c70df516f225f067e4dfea40157df365d3,validation_002,1,1,1503018159,3,,
29,5.800000000000001,B_rear,background_mainline,True,,109.27125232907174,16.251468288591404,,,,,,,,,,,,,,,,,,,,,,65030,0,b63d9a6a59c92b71ebb27d6dbfb387c70df516f225f067e4dfea40157df365d3,validation_002,1,1,1503018159,3,,
30,6.0,A,ramp,True,False,176.80000000000052,28.00000000000017,1,accelerate,2.0,2.0000000000000284,141.20000000000041,18.0,1,0,accelerate-maintain,-0.09091314673423767,0.11043476313352585,-0.03442201763391495,1,0.11043476313352585,-0.03442201763391495,0.1448567807674408,0.20134790986776352,"[true, true, true]",False,False,False,65030,0,b63d9a6a59c92b71ebb27d6dbfb387c70df516f225f067e4dfea40157df365d3,validation_002,1,1,1503018159,3,32.450068760524005,
30,6.0,B,mainline,True,False,141.20000000000041,18.0,0,maintain,0.0,0.0,176.80000000000052,28.00000000000017,1,0,accelerate-maintain,-0.02881559729576111,-0.08649077266454697,-0.07203876972198486,0,-0.02881559729576111,-0.07203876972198486,0.043223172426223755,0.05767517536878586,"[true, true, true]",False,False,False,65030,0,b63d9a6a59c92b71ebb27d6dbfb387c70df516f225f067e4dfea40157df365d3,validation_002,1,1,1503018159,3,32.450068760524005,
30,6.0,B_front,background_mainline,True,,226.0,20.0,,,,,,,,,,,,,,,,,,,,,,65030,0,b63d9a6a59c92b71ebb27d6dbfb387c70df516f225f067e4dfea40157df365d3,validation_002,1,1,1503018159,3,,
30,6.0,B_rear,background_mainline,True,,112.524795815538,16.283917598970564,,,,,,,,,,,,,,,,,,,,,,65030,0,b63d9a6a59c92b71ebb27d6dbfb387c70df516f225f067e4dfea40157df365d3,validation_002,1,1,1503018159,3,,
31,6.2,A,ramp,True,False,182.44000000000057,28.400000000000176,1,accelerate,2.0,2.0000000000000284,144.80000000000044,18.0,1,0,accelerate-maintain,-0.0893697738647461,0.11082768440246582,-0.03240551799535751,1,0.11082768440246582,-0.03240551799535751,0.14323320239782333,0.20019745826721191,"[true, true, true]",False,False,False,65030,0,b63d9a6a59c92b71ebb27d6dbfb387c70df516f225f067e4dfea40157df365d3,validation_002,1,1,1503018159,3,34.57006876052401,
31,6.2,B,mainline,True,False,144.80000000000044,18.0,0,maintain,0.0,0.0,182.44000000000057,28.400000000000176,1,0,accelerate-maintain,-0.03039250522851944,-0.08595563471317291,-0.07260079681873322,0,-0.03039250522851944,-0.07260079681873322,0.042208291590213776,0.05556312948465347,"[true, true, true]",False,False,False,65030,0,b63d9a6a59c92b71ebb27d6dbfb387c70df516f225f067e4dfea40157df365d3,validation_002,1,1,1503018159,3,34.57006876052401,
31,6.2,B_front,background_mainline,True,,230.0,20.0,,,,,,,,,,,,,,,,,,,,,,65030,0,b63d9a6a59c92b71ebb27d6dbfb387c70df516f225f067e4dfea40157df365d3,validation_002,1,1,1503018159,3,,
31,6.2,B_rear,background_mainline,True,,115.78479568235079,16.31602272919417,,,,,,,,,,,,,,,,,,,,,,65030,0,b63d9a6a59c92b71ebb27d6dbfb387c70df516f225f067e4dfea40157df365d3,validation_002,1,1,1503018159,3,,
32,6.4,A,ramp,True,False,188.1600000000006,28.800000000000182,1,accelerate,2.0,2.0000000000000284,148.40000000000046,18.0,1,0,accelerate-maintain,-0.08779294788837433,0.11020052433013916,-0.02993740886449814,1,0.11020052433013916,-0.02993740886449814,0.1401379331946373,0.1979934722185135,"[true, true, true]",False,False,False,65030,0,b63d9a6a59c92b71ebb27d6dbfb387c70df516f225f067e4dfea40157df365d3,validation_002,1,1,1503018159,3,36.770068760524026,
32,6.4,B,mainline,True,False,148.40000000000046,18.0,0,maintain,0.0,0.0,188.1600000000006,28.800000000000182,1,0,accelerate-maintain,-0.032480716705322266,-0.08568135648965836,-0.07388156652450562,0,-0.032480716705322266,-0.07388156652450562,0.04140084981918335,0.05320063978433609,"[true, true, true]",False,False,False,65030,0,b63d9a6a59c92b71ebb27d6dbfb387c70df516f225f067e4dfea40157df365d3,validation_002,1,1,1503018159,3,36.770068760524026,
32,6.4,B_front,background_mainline,True,,234.0,20.0,,,,,,,,,,,,,,,,,,,,,,65030,0,b63d9a6a59c92b71ebb27d6dbfb387c70df516f225f067e4dfea40157df365d3,validation_002,1,1,1503018159,3,,
32,6.4,B_rear,background_mainline,True,,119.05117748356608,16.347729267243828,,,,,,,,,,,,,,,,,,,,,,65030,0,b63d9a6a59c92b71ebb27d6dbfb387c70df516f225f067e4dfea40157df365d3,validation_002,1,1,1503018159,3,,
33,6.6000000000000005,A,ramp,True,False,193.96000000000063,29.200000000000188,1,accelerate,2.0,2.0000000000000284,152.00000000000048,18.0,1,0,accelerate-maintain,-0.08618196845054626,0.10958053916692734,-0.027419835329055786,1,0.10958053916692734,-0.027419835329055786,0.13700037449598312,0.1957625076174736,"[true, true, true]",False,False,False,65030,0,b63d9a6a59c92b71ebb27d6dbfb387c70df516f225f067e4dfea40157df365d3,validation_002,1,1,1503018159,3,39.05006876052403,
33,6.6000000000000005,B,mainline,True,False,152.00000000000048,18.0,0,maintain,0.0,0.0,193.96000000000063,29.200000000000188,1,0,accelerate-maintain,-0.03500043600797653,-0.08556048572063446,-0.0753525048494339,0,-0.03500043600797653,-0.0753525048494339,0.04035206884145737,0.05056004971265793,"[true, true, true]",False,False,False,65030,0,b63d9a6a59c92b71ebb27d6dbfb387c70df516f225f067e4dfea40157df365d3,validation_002,1,1,1503018159,3,39.05006876052403,
33,6.6000000000000005,B_front,background_mainline,True,,238.0,20.0,,,,,,,,,,,,,,,,,,,,,,65030,0,b63d9a6a59c92b71ebb27d6dbfb387c70df516f225f067e4dfea40157df365d3,validation_002,1,1,1503018159,3,,
33,6.6000000000000005,B_rear,background_mainline,True,,122.32385691501807,16.378992798063393,,,,,,,,,,,,,,,,,,,,,,65030,0,b63d9a6a59c92b71ebb27d6dbfb387c70df516f225f067e4dfea40157df365d3,validation_002,1,1,1503018159,3,,
34,6.800000000000001,A,ramp,True,False,199.84000000000066,29.600000000000193,1,accelerate,2.0,1.9999999999960494,155.6000000000005,18.0,1,0,accelerate-maintain,-0.08447546511888504,0.10906268656253815,-0.024804718792438507,1,0.10906268656253815,-0.024804718792438507,0.13386740535497665,0.1935381516814232,"[true, true, true]",False,False,False,65030,0,b63d9a6a59c92b71ebb27d6dbfb387c70df516f225f067e4dfea40157df365d3,validation_002,1,1,1503018159,3,41.41006876052404,
34,6.800000000000001,B,mainline,True,False,155.6000000000005,18.0,0,maintain,0.0,0.0,199.84000000000066,29.600000000000193,1,0,accelerate-maintain,-0.03755350410938263,-0.08548053354024887,-0.07681617885828018,0,-0.03755350410938263,-0.07681617885828018,0.03926267474889755,0.04792702943086624,"[true, true, true]",False,False,False,65030,0,b63d9a6a59c92b71ebb27d6dbfb387c70df516f225f067e4dfea40157df365d3,validation_002,1,1,1503018159,3,41.41006876052404,
34,6.800000000000001,B_front,background_mainline,True,,242.0,20.0,,,,,,,,,,,,,,,,,,,,,,65030,0,b63d9a6a59c92b71ebb27d6dbfb387c70df516f225f067e4dfea40157df365d3,validation_002,1,1,1503018159,3,,
34,6.800000000000001,B_rear,background_mainline,True,,125.60274166542077,16.40977745759455,,,,,,,,,,,,,,,,,,,,,,65030,0,b63d9a6a59c92b71ebb27d6dbfb387c70df516f225f067e4dfea40157df365d3,validation_002,1,1,1503018159,3,,
35,7.0,A,ramp,True,False,205.8000000000007,30.0,1,accelerate,2.0,0.0,159.20000000000053,18.0,1,0,accelerate-maintain,-0.08350442349910736,0.1090814471244812,-0.022549688816070557,1,0.1090814471244812,-0.022549688816070557,0.13163113594055176,0.19258587062358856,"[true, true, true]",False,False,False,65030,0,b63d9a6a59c92b71ebb27d6dbfb387c70df516f225f067e4dfea40157df365d3,validation_002,1,1,1503018159,3,43.81006876052402,
35,7.0,B,mainline,True,False,159.20000000000053,18.0,0,maintain,0.0,0.0,205.8000000000007,30.0,1,0,accelerate-maintain,-0.040060319006443024,-0.08510558307170868,-0.07842494547367096,0,-0.040060319006443024,-0.07842494547367096,0.038364626467227936,0.045045264065265656,"[true, true, true]",False,False,False,65030,0,b63d9a6a59c92b71ebb27d6dbfb387c70df516f225f067e4dfea40157df365d3,validation_002,1,1,1503018159,3,43.81006876052402,
35,7.0,B_front,background_mainline,True,,246.0,20.0,,,,,,,,,,,,,,,,,,,,,,65030,0,b63d9a6a59c92b71ebb27d6dbfb387c70df516f225f067e4dfea40157df365d3,validation_002,1,1,1503018159,3,,
35,7.0,B_rear,background_mainline,True,,128.88773300049877,16.44005470282337,,,,,,,,,,,,,,,,,,,,,,65030,0,b63d9a6a59c92b71ebb27d6dbfb387c70df516f225f067e4dfea40157df365d3,validation_002,1,1,1503018159,3,,
36,7.2,A,ramp,True,False,211.8000000000007,30.0,1,accelerate,2.0,0.0,162.80000000000055,18.0,1,0,accelerate-maintain,-0.08388856053352356,0.1089356392621994,-0.020755596458911896,1,0.1089356392621994,-0.020755596458911896,0.1296912357211113,0.19282419979572296,"[true, true, true]",False,False,False,65030,0,b63d9a6a59c92b71ebb27d6dbfb387c70df516f225f067e4dfea40157df365d3,validation_002,1,1,1503018159,3,46.210068760523995,
36,7.2,B,mainline,True,False,162.80000000000055,18.0,0,maintain,0.0,0.0,211.8000000000007,30.0,1,0,accelerate-maintain,-0.042301245033741,-0.08479604870080948,-0.08022677898406982,0,-0.042301245033741,-0.08022677898406982,0.03792553395032883,0.04249480366706848,"[true, true, true]",False,False,False,65030,0,b63d9a6a59c92b71ebb27d6dbfb387c70df516f225f067e4dfea40157df365d3,validation_002,1,1,1503018159,3,46.210068760523995,
36,7.2,B_front,background_mainline,True,,250.0,20.0,,,,,,,,,,,,,,,,,,,,,,65030,0,b63d9a6a59c92b71ebb27d6dbfb387c70df516f225f067e4dfea40157df365d3,validation_002,1,1,1503018159,3,,
36,7.2,B_rear,background_mainline,True,,132.1787271196465,16.46980226198545,,,,,,,,,,,,,,,,,,,,,,65030,0,b63d9a6a59c92b71ebb27d6dbfb387c70df516f225f067e4dfea40157df365d3,validation_002,1,1,1503018159,3,,
37,7.4,A,ramp,True,False,217.8000000000007,30.0,1,accelerate,2.0,0.0,166.40000000000057,18.0,1,0,accelerate-maintain,-0.08486121892929077,0.10915804654359818,-0.01901078224182129,1,0.10915804654359818,-0.01901078224182129,0.12816882878541946,0.19401926547288895,"[true, true, true]",False,False,False,65030,0,b63d9a6a59c92b71ebb27d6dbfb387c70df516f225f067e4dfea40157df365d3,validation_002,1,1,1503018159,3,48.61006876052397,
37,7.4,B,mainline,True,False,166.40000000000057,18.0,0,maintain,0.0,0.0,217.8000000000007,30.0,1,0,accelerate-maintain,-0.04454205185174942,-0.08448847383260727,-0.08202853798866272,0,-0.04454205185174942,-0.08202853798866272,0.0374864861369133,0.03994642198085785,"[true, true, true]",False,False,False,65030,0,b63d9a6a59c92b71ebb27d6dbfb387c70df516f225f067e4dfea40157df365d3,validation_002,1,1,1503018159,3,48.61006876052397,
37,7.4,B_front,background_mainline,True,,254.0,20.0,,,,,,,,,,,,,,,,,,,,,,65030,0,b63d9a6a59c92b71ebb27d6dbfb387c70df516f225f067e4dfea40157df365d3,validation_002,1,1,1503018159,3,,
37,7.4,B_rear,background_mainline,True,,135.4756163181413,16.499003235800632,,,,,,,,,,,,,,,,,,,,,,65030,0,b63d9a6a59c92b71ebb27d6dbfb387c70df516f225f067e4dfea40157df365d3,validation_002,1,1,1503018159,3,,
38,7.6000000000000005,A,ramp,True,False,223.8000000000007,30.0,1,accelerate,2.0,0.0,170.0000000000006,18.0,1,0,accelerate-maintain,-0.0858759731054306,0.10940622538328171,-0.017269916832447052,1,0.10940622538328171,-0.017269916832447052,0.12667614221572876,0.1952821984887123,"[true, true, true]",False,False,False,65030,0,b63d9a6a59c92b71ebb27d6dbfb387c70df516f225f067e4dfea40157df365d3,validation_002,1,1,1503018159,3,51.01006876052395,
38,7.6000000000000005,B,mainline,True,False,170.0000000000006,18.0,0,maintain,0.0,0.0,223.8000000000007,30.0,1,0,accelerate-maintain,-0.04678267240524292,-0.08418287336826324,-0.08383028209209442,0,-0.04678267240524292,-0.08383028209209442,0.0370476096868515,0.037400200963020325,"[true, true, true]",False,False,False,65030,0,b63d9a6a59c92b71ebb27d6dbfb387c70df516f225f067e4dfea40157df365d3,validation_002,1,1,1503018159,3,51.01006876052395,
38,7.6000000000000005,B_front,background_mainline,True,,258.0,20.0,,,,,,,,,,,,,,,,,,,,,,65030,0,b63d9a6a59c92b71ebb27d6dbfb387c70df516f225f067e4dfea40157df365d3,validation_002,1,1,1503018159,3,,
38,7.6000000000000005,B_rear,background_mainline,True,,138.77828998266133,16.52764532592169,,,,,,,,,,,,,,,,,,,,,,65030,0,b63d9a6a59c92b71ebb27d6dbfb387c70df516f225f067e4dfea40157df365d3,validation_002,1,1,1503018159,3,,
39,7.800000000000001,A,ramp,True,False,229.8000000000007,30.0,1,accelerate,2.0,0.0,173.60000000000062,18.0,1,0,accelerate-maintain,-0.0868922770023346,0.1096564382314682,-0.015487879514694214,1,0.1096564382314682,-0.015487879514694214,0.12514431774616241,0.1965487152338028,"[true, true, true]",False,False,False,65030,0,b63d9a6a59c92b71ebb27d6dbfb387c70df516f225f067e4dfea40157df365d3,validation_002,1,1,1503018159,3,53.41006876052393,
39,7.800000000000001,B,mainline,True,False,173.60000000000062,18.0,0,maintain,0.0,0.0,229.8000000000007,30.0,1,0,accelerate-maintain,-0.04920147359371185,-0.08447130024433136,-0.08575540781021118,0,-0.04920147359371185,-0.08447130024433136,0.03526982665061951,0.03655393421649933,"[true, true, true]",False,False,False,65030,0,b63d9a6a59c92b71ebb27d6dbfb387c70df516f225f067e4dfea40157df365d3,validation_002,1,1,1503018159,3,53.41006876052393,
39,7.800000000000001,B_front,background_mainline,True,,260.0,0.0,,,,,,,,,,,,,,,,,,,,,,65030,0,b63d9a6a59c92b71ebb27d6dbfb387c70df516f225f067e4dfea40157df365d3,validation_002,1,1,1503018159,3,,
39,7.800000000000001,B_rear,background_mainline,True,,142.08663544353325,16.55572017100958,,,,,,,,,,,,,,,,,,,,,,65030,0,b63d9a6a59c92b71ebb27d6dbfb387c70df516f225f067e4dfea40157df365d3,validation_002,1,1,1503018159,3,,
40,8.0,A,ramp,True,False,235.8000000000007,30.0,1,accelerate,2.0,0.0,177.20000000000064,18.0,1,0,accelerate-maintain,-0.08243254572153091,0.12671202421188354,0.015889883041381836,1,0.12671202421188354,0.015889883041381836,0.11082214117050171,0.20914456993341446,"[true, true, true]",False,False,False,65030,0,b63d9a6a59c92b71ebb27d6dbfb387c70df516f225f067e4dfea40157df365d3,validation_002,1,1,1503018159,3,55.810068760523905,
40,8.0,B,mainline,True,False,177.20000000000064,18.0,0,maintain,0.0,0.0,235.8000000000007,30.0,1,0,accelerate-maintain,-0.05394050478935242,-0.07012677192687988,-0.08410762250423431,0,-0.05394050478935242,-0.07012677192687988,0.016186267137527466,0.030167117714881897,"[true, true, true]",False,False,False,65030,0,b63d9a6a59c92b71ebb27d6dbfb387c70df516f225f067e4dfea40157df365d3,validation_002,1,1,1503018159,3,55.810068760523905,
40,8.0,B_front,background_mainline,True,,260.0,0.0,,,,,,,,,,,,,,,,,,,,,,65030,0,b63d9a6a59c92b71ebb27d6dbfb387c70df516f225f067e4dfea40157df365d3,validation_002,1,1,1503018159,3,,
40,8.0,B_rear,background_mainline,True,,145.4005387035678,16.583222774234617,,,,,,,,,,,,,,,,,,,,,,65030,0,b63d9a6a59c92b71ebb27d6dbfb387c70df516f225f067e4dfea40157df365d3,validation_002,1,1,1503018159,3,,
41,8.200000000000001,A,ramp,True,False,241.8000000000007,30.0,1,accelerate,2.0,0.0,180.80000000000067,18.0,1,0,accelerate-maintain,-0.08267664909362793,0.1269262582063675,0.017612110823392868,1,0.1269262582063675,0.017612110823392868,0.10931414738297462,0.20960290729999542,"[true, true, true]",False,False,False,65030,0,b63d9a6a59c92b71ebb27d6dbfb387c70df516f225f067e4dfea40157df365d3,validation_002,1,1,1503018159,3,58.21006876052388,
41,8.200000000000001,B,mainline,True,False,180.80000000000067,18.0,0,maintain,0.0,0.0,241.8000000000007,30.0,1,0,accelerate-maintain,-0.05475848168134689,-0.07201797515153885,-0.08519776165485382,0,-0.05475848168134689,-0.07201797515153885,0.017259493470191956,0.030439279973506927,"[true, true, true]",False,False,False,65030,0,b63d9a6a59c92b71ebb27d6dbfb387c70df516f225f067e4dfea40157df365d3,validation_002,1,1,1503018159,3,58.21006876052388,
41,8.200000000000001,B_front,background_mainline,True,,260.0,0.0,,,,,,,,,,,,,,,,,,,,,,65030,0,b63d9a6a59c92b71ebb27d6dbfb387c70df516f225f067e4dfea40157df365d3,validation_002,1,1,1503018159,3,,
41,8.200000000000001,B_rear,background_mainline,True,,148.71988506038295,16.610151008732874,,,,,,,,,,,,,,,,,,,,,,65030,0,b63d9a6a59c92b71ebb27d6dbfb387c70df516f225f067e4dfea40157df365d3,validation_002,1,1,1503018159,3,,
42,8.4,A,ramp,True,False,247.8000000000007,30.0,1,accelerate,2.0,0.0,184.4000000000007,18.0,1,0,accelerate-maintain,-0.0837453156709671,0.12643161416053772,0.018043968826532364,1,0.12643161416053772,0.018043968826532364,0.10838764533400536,0.21017692983150482,"[true, true, true]",False,False,False,65030,0,b63d9a6a59c92b71ebb27d6dbfb387c70df516f225f067e4dfea40157df365d3,validation_002,1,1,1503018159,3,60.61006876052386,
42,8.4,B,mainline,True,False,184.4000000000007,18.0,0,maintain,0.0,0.0,247.8000000000007,30.0,1,0,accelerate-maintain,-0.05558204650878906,-0.07414353638887405,-0.08617855608463287,0,-0.05558204650878906,-0.07414353638887405,0.01856148988008499,0.03059650957584381,"[true, true, true]",False,False,False,65030,0,b63d9a6a59c92b71ebb27d6dbfb387c70df516f225f067e4dfea40157df365d3,validation_002,1,1,1503018159,3,60.61006876052386,
42,8.4,B_front,background_mainline,True,,260.0,0.0,,,,,,,,,,,,,,,,,,,,,,65030,0,b63d9a6a59c92b71ebb27d6dbfb387c70df516f225f067e4dfea40157df365d3,validation_002,1,1,1503018159,3,,
42,8.4,B_rear,background_mainline,True,,152.04455963664873,16.63650518976056,,,,,,,,,,,,,,,,,,,,,,65030,0,b63d9a6a59c92b71ebb27d6dbfb387c70df516f225f067e4dfea40157df365d3,validation_002,1,1,1503018159,3,,
43,8.6,A,ramp,True,False,253.8000000000007,30.0,1,accelerate,2.0,0.0,188.0000000000007,18.0,1,0,accelerate-maintain,-0.08480086922645569,0.12591373920440674,0.018448352813720703,1,0.12591373920440674,0.018448352813720703,0.10746538639068604,0.21071460843086243,"[true, true, true]",False,False,False,65030,0,b63d9a6a59c92b71ebb27d6dbfb387c70df516f225f067e4dfea40157df365d3,validation_002,1,1,1503018159,3,63.01006876052381,
43,8.6,B,mainline,True,False,188.0000000000007,18.0,0,maintain,0.0,0.0,253.8000000000007,30.0,1,0,accelerate-maintain,-0.056294769048690796,-0.07646176964044571,-0.08698233217000961,0,-0.056294769048690796,-0.07646176964044571,0.020167000591754913,0.030687563121318817,"[true, true, true]",False,False,False,65030,0,b63d9a6a59c92b71ebb27d6dbfb387c70df516f225f067e4dfea40157df365d3,validation_002,1,1,1503018159,3,63.01006876052381,
43,8.6,B_front,background_mainline,True,,260.0,0.0,,,,,,,,,,,,,,,,,,,,,,65030,0,b63d9a6a59c92b71ebb27d6dbfb387c70df516f225f067e4dfea40157df365d3,validation_002,1,1,1503018159,3,,
43,8.6,B_rear,background_mainline,True,,155.37444783062315,16.662287704094734,,,,,,,,,,,,,,,,,,,,,,65030,0,b63d9a6a59c92b71ebb27d6dbfb387c70df516f225f067e4dfea40157df365d3,validation_002,1,1,1503018159,3,,
44,8.8,A,ramp,True,False,259.8000000000007,30.0,1,accelerate,2.0,0.0,191.60000000000073,18.0,1,0,accelerate-maintain,-0.0859067291021347,0.12537556886672974,0.018889248371124268,1,0.12537556886672974,0.018889248371124268,0.10648632049560547,0.21128229796886444,"[true, true, true]",False,False,False,65030,0,b63d9a6a59c92b71ebb27d6dbfb387c70df516f225f067e4dfea40157df365d3,validation_002,1,1,1503018159,3,,
44,8.8,B,mainline,True,False,191.60000000000073,18.0,0,maintain,0.0,0.0,259.8000000000007,30.0,1,0,accelerate-maintain,-0.056859470903873444,-0.07868808507919312,-0.08769485354423523,0,-0.056859470903873444,-0.07868808507919312,0.02182861417531967,0.030835382640361786,"[true, true, true]",False,False,False,65030,0,b63d9a6a59c92b71ebb27d6dbfb387c70df516f225f067e4dfea40157df365d3,validation_002,1,1,1503018159,3,,
44,8.8,B_front,background_mainline,True,,260.0,0.0,,,,,,,,,,,,,,,,,,,,,,65030,0,b63d9a6a59c92b71ebb27d6dbfb387c70df516f225f067e4dfea40157df365d3,validation_002,1,1,1503018159,3,,
44,8.8,B_rear,background_mainline,True,,158.70943569760993,16.68750268870916,,,,,,,,,,,,,,,,,,,,,,65030,0,b63d9a6a59c92b71ebb27d6dbfb387c70df516f225f067e4dfea40157df365d3,validation_002,1,1,1503018159,3,,
45,9.0,A,ramp,False,True,261.3000000000007,0.0,0,maintain,0.0,0.0,195.20000000000076,18.0,0,0,inactive-active,-0.08942591398954391,0.04888664931058884,-0.0669785887002945,1,0.04888664931058884,-0.0669785887002945,0.11586523801088333,0.13831256330013275,"[true, true, true]",False,False,False,65030,0,b63d9a6a59c92b71ebb27d6dbfb387c70df516f225f067e4dfea40157df365d3,validation_002,1,1,1503018159,3,,
45,9.0,B,mainline,True,False,195.20000000000076,18.0,0,maintain,0.0,0.0,261.3000000000007,0.0,0,0,inactive-active,-0.05392135679721832,-0.08345616608858109,-0.1380019187927246,0,-0.05392135679721832,-0.08345616608858109,0.029534809291362762,0.08408056199550629,"[true, true, true]",False,False,False,65030,0,b63d9a6a59c92b71ebb27d6dbfb387c70df516f225f067e4dfea40157df365d3,validation_002,1,1,1503018159,3,,
45,9.0,B_front,background_mainline,True,,260.0,0.0,,,,,,,,,,,,,,,,,,,,,,65030,0,b63d9a6a59c92b71ebb27d6dbfb387c70df516f225f067e4dfea40157df365d3,validation_002,1,1,1503018159,3,,
45,9.0,B_rear,background_mainline,True,,162.04941027150076,16.712155751974723,,,,,,,,,,,,,,,,,,,,,,65030,0,b63d9a6a59c92b71ebb27d6dbfb387c70df516f225f067e4dfea40157df365d3,validation_002,1,1,1503018159,3,,
46,9.200000000000001,A,ramp,False,True,261.3000000000007,0.0,0,maintain,0.0,0.0,198.80000000000078,18.0,0,0,inactive-active,-0.08983296155929565,0.04983456805348396,-0.06702828407287598,1,0.04983456805348396,-0.06702828407287598,0.11686285212635994,0.13966752961277962,"[true, true, true]",False,False,False,65030,0,b63d9a6a59c92b71ebb27d6dbfb387c70df516f225f067e4dfea40157df365d3,validation_002,1,1,1503018159,3,,
46,9.200000000000001,B,mainline,True,False,198.80000000000078,18.0,0,maintain,0.0,0.0,261.3000000000007,0.0,0,0,inactive-active,-0.05444458872079849,-0.08520319312810898,-0.13864769041538239,0,-0.05444458872079849,-0.08520319312810898,0.030758604407310486,0.08420310169458389,"[true, true, true]",False,False,False,65030,0,b63d9a6a59c92b71ebb27d6dbfb387c70df516f225f067e4dfea40157df365d3,validation_002,1,1,1503018159,3,,
46,9.200000000000001,B_front,background_mainline,True,,260.0,0.0,,,,,,,,,,,,,,,,,,,,,,65030,0,b63d9a6a59c92b71ebb27d6dbfb387c70df516f225f067e4dfea40157df365d3,validation_002,1,1,1503018159,3,,
46,9.200000000000001,B_rear,background_mainline,True,,165.3942598343192,16.736253731645288,,,,,,,,,,,,,,,,,,,,,,65030,0,b63d9a6a59c92b71ebb27d6dbfb387c70df516f225f067e4dfea40157df365d3,validation_002,1,1,1503018159,3,,
47,9.4,A,ramp,False,True,261.3000000000007,0.0,0,maintain,0.0,0.0,202.4000000000008,18.0,0,0,inactive-active,-0.09047831594944,0.050382886081933975,-0.06732136011123657,1,0.050382886081933975,-0.06732136011123657,0.11770424619317055,0.14086120203137398,"[true, true, true]",False,False,False,65030,0,b63d9a6a59c92b71ebb27d6dbfb387c70df516f225f067e4dfea40157df365d3,validation_002,1,1,1503018159,3,,
47,9.4,B,mainline,True,False,202.4000000000008,18.0,0,maintain,0.0,0.0,261.3000000000007,0.0,0,0,inactive-active,-0.05504710227251053,-0.08719611167907715,-0.13926216959953308,0,-0.05504710227251053,-0.08719611167907715,0.03214900940656662,0.08421506732702255,"[true, true, true]",False,False,False,65030,0,b63d9a6a59c92b71ebb27d6dbfb387c70df516f225f067e4dfea40157df365d3,validation_002,1,1,1503018159,3,,
47,9.4,B_front,background_mainline,True,,260.0,0.0,,,,,,,,,,,,,,,,,,,,,,65030,0,b63d9a6a59c92b71ebb27d6dbfb387c70df516f225f067e4dfea40157df365d3,validation_002,1,1,1503018159,3,,
47,9.4,B_rear,background_mainline,True,,168.743874140621,16.75980448473187,,,,,,,,,,,,,,,,,,,,,,65030,0,b63d9a6a59c92b71ebb27d6dbfb387c70df516f225f067e4dfea40157df365d3,validation_002,1,1,1503018159,3,,
48,9.600000000000001,A,ramp,False,True,261.3000000000007,0.0,0,maintain,0.0,0.0,206.00000000000082,18.0,0,0,inactive-active,-0.0910758525133133,0.05090725049376488,-0.06751386821269989,1,0.05090725049376488,-0.06751386821269989,0.11842111870646477,0.14198310300707817,"[true, true, true]",False,False,False,65030,0,b63d9a6a59c92b71ebb27d6dbfb387c70df516f225f067e4dfea40157df365d3,validation_002,1,1,1503018159,3,,
48,9.600000000000001,B,mainline,True,False,206.00000000000082,18.0,0,maintain,0.0,0.0,261.3000000000007,0.0,0,0,inactive-active,-0.05564950406551361,-0.08919179439544678,-0.1398763805627823,0,-0.05564950406551361,-0.08919179439544678,0.033542290329933167,0.08422687649726868,"[true, true, true]",False,False,False,65030,0,b63d9a6a59c92b71ebb27d6dbfb387c70df516f225f067e4dfea40157df365d3,validation_002,1,1,1503018159,3,,
48,9.600000000000001,B_front,background_mainline,True,,260.0,0.0,,,,,,,,,,,,,,,,,,,,,,65030,0,b63d9a6a59c92b71ebb27d6dbfb387c70df516f225f067e4dfea40157df365d3,validation_002,1,1,1503018159,3,,
48,9.600000000000001,B_rear,background_mainline,True,,172.09814460269936,16.782816705072406,,,,,,,,,,,,,,,,,,,,,,65030,0,b63d9a6a59c92b71ebb27d6dbfb387c70df516f225f067e4dfea40157df365d3,validation_002,1,1,1503018159,3,,
49,9.8,A,ramp,False,True,261.3000000000007,0.0,0,maintain,0.0,0.0,209.60000000000085,18.0,0,0,inactive-active,-0.09166466444730759,0.05142646282911301,-0.06768558919429779,1,0.05142646282911301,-0.06768558919429779,0.1191120520234108,0.1430911272764206,"[true, true, true]",False,False,False,65030,0,b63d9a6a59c92b71ebb27d6dbfb387c70df516f225f067e4dfea40157df365d3,validation_002,1,1,1503018159,3,,
49,9.8,B,mainline,True,False,209.60000000000085,18.0,0,maintain,0.0,0.0,261.3000000000007,0.0,0,0,inactive-active,-0.05625183880329132,-0.09119012206792831,-0.14049032330513,0,-0.05625183880329132,-0.09119012206792831,0.03493828326463699,0.08423848450183868,"[true, true, true]",False,False,False,65030,0,b63d9a6a59c92b71ebb27d6dbfb387c70df516f225f067e4dfea40157df365d3,validation_002,1,1,1503018159,3,,
49,9.8,B_front,background_mainline,True,,260.0,0.0,,,,,,,,,,,,,,,,,,,,,,65030,0,b63d9a6a59c92b71ebb27d6dbfb387c70df516f225f067e4dfea40157df365d3,validation_002,1,1,1503018159,3,,
49,9.8,B_rear,background_mainline,True,,175.45696444176602,16.805299764995997,,,,,,,,,,,,,,,,,,,,,,65030,0,b63d9a6a59c92b71ebb27d6dbfb387c70df516f225f067e4dfea40157df365d3,validation_002,1,1,1503018159,3,,
50,10.0,A,ramp,False,True,261.3000000000007,0.0,0,maintain,0.0,0.0,213.20000000000087,18.0,0,0,inactive-active,-0.09225495904684067,0.051945462822914124,-0.0678572952747345,1,0.051945462822914124,-0.0678572952747345,0.11980275809764862,0.1442004218697548,"[true, true, true]",False,False,False,65030,0,b63d9a6a59c92b71ebb27d6dbfb387c70df516f225f067e4dfea40157df365d3,validation_002,1,1,1503018159,3,,
50,10.0,B,mainline,True,False,213.20000000000087,18.0,0,maintain,0.0,0.0,261.3000000000007,0.0,0,0,inactive-active,-0.056854091584682465,-0.09319105744361877,-0.14110399782657623,0,-0.056854091584682465,-0.09319105744361877,0.03633696585893631,0.08424990624189377,"[true, true, true]",False,False,False,65030,0,b63d9a6a59c92b71ebb27d6dbfb387c70df516f225f067e4dfea40157df365d3,validation_002,1,1,1503018159,3,,
50,10.0,B_front,background_mainline,True,,260.0,0.0,,,,,,,,,,,,,,,,,,,,,,65030,0,b63d9a6a59c92b71ebb27d6dbfb387c70df516f225f067e4dfea40157df365d3,validation_002,1,1,1503018159,3,,
50,10.0,B_rear,background_mainline,True,,178.82022880960892,16.827263577979718,,,,,,,,,,,,,,,,,,,,,,65030,0,b63d9a6a59c92b71ebb27d6dbfb387c70df516f225f067e4dfea40157df365d3,validation_002,1,1,1503018159,3,,
51,10.200000000000001,A,ramp,False,True,261.3000000000007,0.0,0,maintain,0.0,0.0,216.8000000000009,18.0,0,0,inactive-active,-0.09284672141075134,0.05246421694755554,-0.06802910566329956,1,0.05246421694755554,-0.06802910566329956,0.1204933226108551,0.14531093835830688,"[true, true, true]",False,False,False,65030,0,b63d9a6a59c92b71ebb27d6dbfb387c70df516f225f067e4dfea40157df365d3,validation_002,1,1,1503018159,3,,
51,10.200000000000001,B,mainline,True,False,216.8000000000009,18.0,0,maintain,0.0,0.0,261.3000000000007,0.0,0,0,inactive-active,-0.05740591883659363,-0.09490760415792465,-0.1417960375547409,0,-0.05740591883659363,-0.09490760415792465,0.037501685321331024,0.08439011871814728,"[true, true, true]",False,False,False,65030,0,b63d9a6a59c92b71ebb27d6dbfb387c70df516f225f067e4dfea40157df365d3,validation_002,1,1,1503018159,3,,
51,10.200000000000001,B_front,background_mainline,True,,260.0,0.0,,,,,,,,,,,,,,,,,,,,,,65030,0,b63d9a6a59c92b71ebb27d6dbfb387c70df516f225f067e4dfea40157df365d3,validation_002,1,1,1503018159,3,,
51,10.200000000000001,B_rear,background_mainline,True,,182.18783488465203,16.848718479618825,,,,,,,,,,,,,,,,,,,,,,65030,0,b63d9a6a59c92b71ebb27d6dbfb387c70df516f225f067e4dfea40157df365d3,validation_002,1,1,1503018159,3,,
52,10.4,A,ramp,False,True,261.3000000000007,0.0,0,maintain,0.0,0.0,220.40000000000092,18.0,0,0,inactive-active,-0.0934397354722023,0.0529838465154171,-0.06819562613964081,1,0.0529838465154171,-0.06819562613964081,0.12117947265505791,0.1464235819876194,"[true, true, true]",False,False,False,65030,0,b63d9a6a59c92b71ebb27d6dbfb387c70df516f225f067e4dfea40157df365d3,validation_002,1,1,1503018159,3,,
52,10.4,B,mainline,True,False,220.40000000000092,18.0,0,maintain,0.0,0.0,261.3000000000007,0.0,0,0,inactive-active,-0.05799665302038193,-0.0963701456785202,-0.14244849979877472,0,-0.05799665302038193,-0.0963701456785202,0.038373492658138275,0.08445184677839279,"[true, true, true]",False,False,False,65030,0,b63d9a6a59c92b71ebb27d6dbfb387c70df516f225f067e4dfea40157df365d3,validation_002,1,1,1503018159,3,,
52,10.4,B_front,background_mainline,True,,260.0,0.0,,,,,,,,,,,,,,,,,,,,,,65030,0,b63d9a6a59c92b71ebb27d6dbfb387c70df516f225f067e4dfea40157df365d3,validation_002,1,1,1503018159,3,,
52,10.4,B_rear,background_mainline,True,,185.55968194584187,16.869675124590533,,,,,,,,,,,,,,,,,,,,,,65030,0,b63d9a6a59c92b71ebb27d6dbfb387c70df516f225f067e4dfea40157df365d3,validation_002,1,1,1503018159,3,,
53,10.600000000000001,A,ramp,False,True,261.3000000000007,0.0,0,maintain,0.0,0.0,224.00000000000094,18.0,0,0,inactive-active,-0.09403399378061295,0.053504183888435364,-0.06835795938968658,1,0.053504183888435364,-0.06835795938968658,0.12186214327812195,0.1475381776690483,"[true, true, true]",False,False,False,65030,0,b63d9a6a59c92b71ebb27d6dbfb387c70df516f225f067e4dfea40157df365d3,validation_002,1,1,1503018159,3,,
53,10.600000000000001,B,mainline,True,False,224.00000000000094,18.0,0,maintain,0.0,0.0,261.3000000000007,0.0,0,0,inactive-active,-0.05862964689731598,-0.09781026840209961,-0.1430465430021286,0,-0.05862964689731598,-0.09781026840209961,0.03918062150478363,0.08441689610481262,"[true, true, true]",False,False,False,65030,0,b63d9a6a59c92b71ebb27d6dbfb387c70df516f225f067e4dfea40157df365d3,validation_002,1,1,1503018159,3,,
53,10.600000000000001,B_front,background_mainline,True,,260.0,0.0,,,,,,,,,,,,,,,,,,,,,,65030,0,b63d9a6a59c92b71ebb27d6dbfb387c70df516f225f067e4dfea40157df365d3,validation_002,1,1,1503018159,3,,
53,10.600000000000001,B_rear,background_mainline,True,,188.9356714273542,16.8901443975981,,,,,,,,,,,,,,,,,,,,,,65030,0,b63d9a6a59c92b71ebb27d6dbfb387c70df516f225f067e4dfea40157df365d3,validation_002,1,1,1503018159,3,,
54,10.8,A,ramp,False,True,261.3000000000007,0.0,0,maintain,0.0,0.0,227.60000000000096,18.0,0,0,inactive-active,-0.0946173295378685,0.05404353886842728,-0.06854356825351715,1,0.05404353886842728,-0.06854356825351715,0.12258710712194443,0.14866086840629578,"[true, true, true]",False,False,False,65030,0,b63d9a6a59c92b71ebb27d6dbfb387c70df516f225f067e4dfea40157df365d3,validation_002,1,1,1503018159,3,,
54,10.8,B,mainline,True,False,227.60000000000096,18.0,0,maintain,0.0,0.0,261.3000000000007,0.0,0,0,inactive-active,-0.059262581169605255,-0.09925207495689392,-0.14364439249038696,0,-0.059262581169605255,-0.09925207495689392,0.039989493787288666,0.08438181132078171,"[true, true, true]",False,False,False,65030,0,b63d9a6a59c92b71ebb27d6dbfb387c70df516f225f067e4dfea40157df365d3,validation_002,1,1,1503018159,3,,
54,10.8,B_front,background_mainline,True,,260.0,0.0,,,,,,,,,,,,,,,,,,,,,,65030,0,b63d9a6a59c92b71ebb27d6dbfb387c70df516f225f067e4dfea40157df365d3,validation_002,1,1,1503018159,3,,
54,10.8,B_rear,background_mainline,True,,192.31570695673813,16.9101373365444,,,,,,,,,,,,,,,,,,,,,,65030,0,b63d9a6a59c92b71ebb27d6dbfb387c70df516f225f067e4dfea40157df365d3,validation_002,1,1,1503018159,3,,
55,11.0,A,ramp,False,True,261.3000000000007,0.0,0,maintain,0.0,0.0,231.20000000000098,18.0,0,0,inactive-active,-0.09492769837379456,0.05463853105902672,-0.0689106434583664,1,0.05463853105902672,-0.0689106434583664,0.12354917451739311,0.14956622943282127,"[true, true, true]",False,False,False,65030,0,b63d9a6a59c92b71ebb27d6dbfb387c70df516f225f067e4dfea40157df365d3,validation_002,1,1,1503018159,3,,
55,11.0,B,mainline,True,False,231.20000000000098,18.0,0,maintain,0.0,0.0,261.3000000000007,0.0,0,0,inactive-active,-0.05989542603492737,-0.10069549828767776,-0.14424201846122742,0,-0.05989542603492737,-0.10069549828767776,0.0408000722527504,0.08434659242630005,"[true, true, true]",False,False,False,65030,0,b63d9a6a59c92b71ebb27d6dbfb387c70df516f225f067e4dfea40157df365d3,validation_002,1,1,1503018159,3,,
55,11.0,B_front,background_mainline,True,,260.0,0.0,,,,,,,,,,,,,,,,,,,,,,65030,0,b63d9a6a59c92b71ebb27d6dbfb387c70df516f225f067e4dfea40157df365d3,validation_002,1,1,1503018159,3,,
55,11.0,B_rear,background_mainline,True,,195.69969437878743,16.92966506640942,,,,,,,,,,,,,,,,,,,,,,65030,0,b63d9a6a59c92b71ebb27d6dbfb387c70df516f225f067e4dfea40157df365d3,validation_002,1,1,1503018159,3,,
56,11.200000000000001,A,ramp,False,True,261.3000000000007,0.0,0,maintain,0.0,0.0,234.800000000001,18.0,0,0,inactive-active,-0.09501506388187408,0.05574503168463707,-0.06871019303798676,1,0.05574503168463707,-0.06871019303798676,0.12445522472262383,0.15076009556651115,"[true, true, true]",False,False,False,65030,0,b63d9a6a59c92b71ebb27d6dbfb387c70df516f225f067e4dfea40157df365d3,validation_002,1,1,1503018159,3,,
56,11.200000000000001,B,mainline,True,False,234.800000000001,18.0,0,maintain,0.0,0.0,261.3000000000007,0.0,0,0,inactive-active,-0.060784123837947845,-0.1020914614200592,-0.14448681473731995,0,-0.060784123837947845,-0.1020914614200592,0.04130733758211136,0.0837026908993721,"[true, true, true]",False,False,False,65030,0,b63d9a6a59c92b71ebb27d6dbfb387c70df516f225f067e4dfea40157df365d3,validation_002,1,1,1503018159,3,,
56,11.200000000000001,B_front,background_mainline,True,,260.0,0.0,,,,,,,,,,,,,,,,,,,,,,65030,0,b63d9a6a59c92b71ebb27d6dbfb387c70df516f225f067e4dfea40157df365d3,validation_002,1,1,1503018159,3,,
56,11.200000000000001,B_rear,background_mainline,True,,199.08754176714402,16.94873874250016,,,,,,,,,,,,,,,,,,,,,,65030,0,b63d9a6a59c92b71ebb27d6dbfb387c70df516f225f067e4dfea40157df365d3,validation_002,1,1,1503018159,3,,
57,11.4,A,ramp,False,True,261.3000000000007,0.0,0,maintain,0.0,0.0,238.40000000000103,18.0,0,0,inactive-active,-0.09524787962436676,0.05712101608514786,-0.06875814497470856,1,0.05712101608514786,-0.06875814497470856,0.12587916105985641,0.15236889570951462,"[true, true, true]",False,False,False,65030,0,b63d9a6a59c92b71ebb27d6dbfb387c70df516f225f067e4dfea40157df365d3,validation_002,1,1,1503018159,3,,
57,11.4,B,mainline,True,False,238.40000000000103,18.0,0,maintain,0.0,0.0,261.3000000000007,0.0,0,0,inactive-active,-0.06177058815956116,-0.10347025096416473,-0.144596666097641,0,-0.06177058815956116,-0.10347025096416473,0.04169966280460358,0.08282607793807983,"[true, true, true]",False,False,False,65030,0,b63d9a6a59c92b71ebb27d6dbfb387c70df516f225f067e4dfea40157df365d3,validation_002,1,1,1503018159,3,,
57,11.4,B_front,background_mainline,True,,260.0,0.0,,,,,,,,,,,,,,,,,,,,,,65030,0,b63d9a6a59c92b71ebb27d6dbfb387c70df516f225f067e4dfea40157df365d3,validation_002,1,1,1503018159,3,,
57,11.4,B_rear,background_mainline,True,,202.4791594253893,16.96736950190891,,,,,,,,,,,,,,,,,,,,,,65030,0,b63d9a6a59c92b71ebb27d6dbfb387c70df516f225f067e4dfea40157df365d3,validation_002,1,1,1503018159,3,,
58,11.600000000000001,A,ramp,False,True,261.3000000000007,0.0,0,maintain,0.0,0.0,242.00000000000105,18.0,0,0,inactive-active,-0.09548179060220718,0.058496877551078796,-0.06880585849285126,1,0.058496877551078796,-0.06880585849285126,0.12730273604393005,0.15397866815328598,"[true, true, true]",False,False,False,65030,0,b63d9a6a59c92b71ebb27d6dbfb387c70df516f225f067e4dfea40157df365d3,validation_002,1,1,1503018159,3,,
58,11.600000000000001,B,mainline,True,False,242.00000000000105,18.0,0,maintain,0.0,0.0,261.3000000000007,0.0,0,0,inactive-active,-0.06275700777769089,-0.10485053062438965,-0.14470626413822174,0,-0.06275700777769089,-0.10485053062438965,0.04209352284669876,0.08194925636053085,"[true, true, true]",False,False,False,65030,0,b63d9a6a59c92b71ebb27d6dbfb387c70df516f225f067e4dfea40157df365d3,validation_002,1,1,1503018159,3,,
58,11.600000000000001,B_front,background_mainline,True,,260.0,0.0,,,,,,,,,,,,,,,,,,,,,,65030,0,b63d9a6a59c92b71ebb27d6dbfb387c70df516f225f067e4dfea40157df365d3,validation_002,1,1,1503018159,3,,
58,11.600000000000001,B_rear,background_mainline,True,,205.87445987916095,16.98556842216092,,,,,,,,,,,,,,,,,,,,,,65030,0,b63d9a6a59c92b71ebb27d6dbfb387c70df516f225f067e4dfea40157df365d3,validation_002,1,1,1503018159,3,,
59,11.8,A,ramp,False,True,261.3000000000007,0.0,0,maintain,0.0,0.0,245.60000000000107,18.0,0,0,inactive-active,-0.09571680426597595,0.05987260118126869,-0.06885333359241486,1,0.05987260118126869,-0.06885333359241486,0.12872593477368355,0.15558940544724464,"[true, true, true]",False,False,False,65030,0,b63d9a6a59c92b71ebb27d6dbfb387c70df516f225f067e4dfea40157df365d3,validation_002,1,1,1503018159,3,,
59,11.8,B,mainline,True,False,245.60000000000107,18.0,0,maintain,0.0,0.0,261.3000000000007,0.0,0,0,inactive-active,-0.06374337524175644,-0.10623233020305634,-0.14481565356254578,0,-0.06374337524175644,-0.10623233020305634,0.042488954961299896,0.08107227832078934,"[true, true, true]",False,False,False,65030,0,b63d9a6a59c92b71ebb27d6dbfb387c70df516f225f067e4dfea40157df365d3,validation_002,1,1,1503018159,3,,
59,11.8,B_front,background_mainline,True,,260.0,0.0,,,,,,,,,,,,,,,,,,,,,,65030,0,b63d9a6a59c92b71ebb27d6dbfb387c70df516f225f067e4dfea40157df365d3,validation_002,1,1,1503018159,3,,
59,11.8,B_rear,background_mainline,True,,209.273357860642,17.003346486158325,,,,,,,,,,,,,,,,,,,,,,65030,0,b63d9a6a59c92b71ebb27d6dbfb387c70df516f225f067e4dfea40157df365d3,validation_002,1,1,1503018159,3,,
60,12.0,A,ramp,False,True,261.3000000000007,0.0,0,maintain,0.0,0.0,249.2000000000011,18.0,0,0,inactive-active,-0.0959528312087059,0.061248183250427246,-0.06890057027339935,1,0.061248183250427246,-0.06890057027339935,0.1301487535238266,0.15720101445913315,"[true, true, true]",False,False,False,65030,0,b63d9a6a59c92b71ebb27d6dbfb387c70df516f225f067e4dfea40157df365d3,validation_002,1,1,1503018159,3,,
60,12.0,B,mainline,True,False,249.2000000000011,18.0,0,maintain,0.0,0.0,261.3000000000007,0.0,0,0,inactive-active,-0.06472969055175781,-0.10761552304029465,-0.1449248194694519,0,-0.06472969055175781,-0.10761552304029465,0.042885832488536835,0.08019512891769409,"[true, true, true]",False,False,False,65030,0,b63d9a6a59c92b71ebb27d6dbfb387c70df516f225f067e4dfea40157df365d3,validation_002,1,1,1503018159,3,,
60,12.0,B_front,background_mainline,True,,260.0,0.0,,,,,,,,,,,,,,,,,,,,,,65030,0,b63d9a6a59c92b71ebb27d6dbfb387c70df516f225f067e4dfea40157df365d3,validation_002,1,1,1503018159,3,,
60,12.0,B_rear,background_mainline,True,,212.67577028660125,17.0207145526366,,,,,,,,,,,,,,,,,,,,,,65030,0,b63d9a6a59c92b71ebb27d6dbfb387c70df516f225f067e4dfea40157df365d3,validation_002,1,1,1503018159,3,,
61,12.200000000000001,A,ramp,False,True,261.3000000000007,0.0,0,maintain,0.0,0.0,252.80000000000112,18.0,0,0,inactive-active,-0.0962173119187355,0.06267397850751877,-0.06891030073165894,1,0.06267397850751877,-0.06891030073165894,0.1315842792391777,0.15889129042625427,"[true, true, true]",False,False,False,65030,0,b63d9a6a59c92b71ebb27d6dbfb387c70df516f225f067e4dfea40157df365d3,validation_002,1,1,1503018159,3,,
61,12.200000000000001,B,mainline,True,False,252.80000000000112,18.0,0,maintain,0.0,0.0,261.3000000000007,0.0,0,0,inactive-active,-0.06571599096059799,-0.10900016129016876,-0.14503377676010132,0,-0.06571599096059799,-0.10900016129016876,0.04328417032957077,0.07931778579950333,"[true, true, true]",False,False,False,65030,0,b63d9a6a59c92b71ebb27d6dbfb387c70df516f225f067e4dfea40157df365d3,validation_002,1,1,1503018159,3,,
61,12.200000000000001,B_front,background_mainline,True,,260.0,0.0,,,,,,,,,,,,,,,,,,,,,,65030,0,b63d9a6a59c92b71ebb27d6dbfb387c70df516f225f067e4dfea40157df365d3,validation_002,1,1,1503018159,3,,
61,12.200000000000001,B_rear,background_mainline,True,,216.08161623101762,17.037683331445198,,,,,,,,,,,,,,,,,,,,,,65030,0,b63d9a6a59c92b71ebb27d6dbfb387c70df516f225f067e4dfea40157df365d3,validation_002,1,1,1503018159,3,,
62,12.4,A,ramp,False,True,261.3000000000007,0.0,0,maintain,0.0,0.0,256.4000000000011,18.0,0,0,inactive-active,-0.0965065285563469,0.06414319574832916,-0.06888754665851593,1,0.06414319574832916,-0.06888754665851593,0.1330307424068451,0.16064972430467606,"[true, true, true]",False,True,False,65030,0,b63d9a6a59c92b71ebb27d6dbfb387c70df516f225f067e4dfea40157df365d3,validation_002,1,1,1503018159,3,,
62,12.4,B,mainline,True,False,256.4000000000011,18.0,0,maintain,0.0,0.0,261.3000000000007,0.0,0,0,inactive-active,-0.06653983891010284,-0.11032143235206604,-0.145213782787323,0,-0.06653983891010284,-0.11032143235206604,0.043781593441963196,0.07867394387722015,"[true, true, true]",False,True,False,65030,0,b63d9a6a59c92b71ebb27d6dbfb387c70df516f225f067e4dfea40157df365d3,validation_002,1,1,1503018159,3,,
62,12.4,B_front,background_mainline,True,,260.0,0.0,,,,,,,,,,,,,,,,,,,,,,65030,0,b63d9a6a59c92b71ebb27d6dbfb387c70df516f225f067e4dfea40157df365d3,validation_002,1,1,1503018159,3,,
62,12.4,B_rear,background_mainline,True,,219.4908168931915,17.054263363047262,,,,,,,,,,,,,,,,,,,,,,65030,0,b63d9a6a59c92b71ebb27d6dbfb387c70df516f225f067e4dfea40157df365d3,validation_002,1,1,1503018159,3,,
0,0.0,A,mainline,True,False,28.0,20.0,1,accelerate,0.0,2.0000000000000284,38.4,16.0,1,1,accelerate-accelerate,-0.040500346571207047,0.052740614861249924,-0.011340081691741943,1,0.052740614861249924,-0.011340081691741943,0.06408069655299187,0.09324096143245697,"[true, true, true]",False,False,False,65030,0,b63d9a6a59c92b71ebb27d6dbfb387c70df516f225f067e4dfea40157df365d3,validation_003,0,2,1247356437,4,,
0,0.0,B,ramp,True,False,38.4,16.0,1,accelerate,0.0,2.0000000000000284,28.0,20.0,1,1,accelerate-accelerate,-0.04846375435590744,0.02335255593061447,-0.22229033708572388,1,0.02335255593061447,-0.04846375435590744,0.07181631028652191,0.24564289301633835,"[true, true, true]",False,False,False,65030,0,b63d9a6a59c92b71ebb27d6dbfb387c70df516f225f067e4dfea40157df365d3,validation_003,0,2,1247356437,4,,
0,0.0,B_front,background_mainline,True,,120.0,20.0,,,,,,,,,,,,,,,,,,,,,,65030,0,b63d9a6a59c92b71ebb27d6dbfb387c70df516f225f067e4dfea40157df365d3,validation_003,0,2,1247356437,4,,
0,0.0,B_rear,background_mainline,True,,3.947431380829863,19.510886076666747,,,,,,,,,,,,,,,,,,,,,,65030,0,b63d9a6a59c92b71ebb27d6dbfb387c70df516f225f067e4dfea40157df365d3,validation_003,0,2,1247356437,4,,
1,0.2,A,mainline,True,False,32.04,20.400000000000006,1,accelerate,2.0,2.0000000000000284,41.64,16.400000000000006,1,1,accelerate-accelerate,-0.039254192262887955,0.05372629314661026,-0.012771233916282654,1,0.05372629314661026,-0.012771233916282654,0.06649752706289291,0.09298048540949821,"[true, true, true]",False,False,False,65030,0,b63d9a6a59c92b71ebb27d6dbfb387c70df516f225f067e4dfea40157df365d3,validation_003,0,2,1247356437,4,,
1,0.2,B,ramp,True,False,41.64,16.400000000000006,1,accelerate,2.0,2.0000000000000284,32.04,20.400000000000006,1,1,accelerate-accelerate,-0.048814624547958374,0.025414153933525085,-0.22565004229545593,1,0.025414153933525085,-0.048814624547958374,0.07422877848148346,0.251064196228981,"[true, true, true]",False,False,False,65030,0,b63d9a6a59c92b71ebb27d6dbfb387c70df516f225f067e4dfea40157df365d3,validation_003,0,2,1247356437,4,,
1,0.2,B_front,background_mainline,True,,124.0,20.0,,,,,,,,,,,,,,,,,,,,,,65030,0,b63d9a6a59c92b71ebb27d6dbfb387c70df516f225f067e4dfea40157df365d3,validation_003,0,2,1247356437,4,,
1,0.2,B_rear,background_mainline,True,,7.817030369943869,19.207819996757216,,,,,,,,,,,,,,,,,,,,,,65030,0,b63d9a6a59c92b71ebb27d6dbfb387c70df516f225f067e4dfea40157df365d3,validation_003,0,2,1247356437,4,,
2,0.4,A,mainline,True,False,36.160000000000004,20.80000000000001,1,accelerate,2.0,2.0000000000000284,44.96,16.80000000000001,1,1,accelerate-accelerate,-0.03811249881982803,0.05492013320326805,-0.014439716935157776,1,0.05492013320326805,-0.014439716935157776,0.06935985013842583,0.09303263202309608,"[true, true, true]",False,False,False,65030,0,b63d9a6a59c92b71ebb27d6dbfb387c70df516f225f067e4dfea40157df365d3,validation_003,0,2,1247356437,4,,
2,0.4,B,ramp,True,False,44.96,16.80000000000001,1,accelerate,2.0,2.0000000000000284,36.160000000000004,20.80000000000001,1,1,accelerate-accelerate,-0.049157269299030304,0.027242492884397507,-0.22898469865322113,1,0.027242492884397507,-0.049157269299030304,0.07639976218342781,0.25622719153761864,"[true, true, true]",False,False,False,65030,0,b63d9a6a59c92b71ebb27d6dbfb387c70df516f225f067e4dfea40157df365d3,validation_003,0,2,1247356437,4,,
2,0.4,B_front,background_mainline,True,,128.0,20.0,,,,,,,,,,,,,,,,,,,,,,65030,0,b63d9a6a59c92b71ebb27d6dbfb387c70df516f225f067e4dfea40157df365d3,validation_003,0,2,1247356437,4,,
2,0.4,B_rear,background_mainline,True,,11.638681751220439,19.023670782632877,,,,,,,,,,,,,,,,,,,,,,65030,0,b63d9a6a59c92b71ebb27d6dbfb387c70df516f225f067e4dfea40157df365d3,validation_003,0,2,1247356437,4,,
3,0.6000000000000001,A,mainline,True,False,40.36000000000001,21.200000000000017,1,accelerate,2.0,2.0000000000000284,48.36000000000001,17.200000000000017,1,1,accelerate-accelerate,-0.037137940526008606,0.05631675571203232,-0.016194656491279602,1,0.05631675571203232,-0.016194656491279602,0.07251141220331192,0.09345469623804092,"[true, true, true]",False,False,False,65030,0,b63d9a6a59c92b71ebb27d6dbfb387c70df516f225f067e4dfea40157df365d3,validation_003,0,2,1247356437,4,,
3,0.6000000000000001,B,ramp,True,False,48.36000000000001,17.200000000000017,1,accelerate,2.0,2.0000000000000284,40.36000000000001,21.200000000000017,1,1,accelerate-accelerate,-0.0494815930724144,0.028984032571315765,-0.23213279247283936,1,0.028984032571315765,-0.0494815930724144,0.07846562564373016,0.2611168250441551,"[true, true, true]",False,False,False,65030,0,b63d9a6a59c92b71ebb27d6dbfb387c70df516f225f067e4dfea40157df365d3,validation_003,0,2,1247356437,4,,
3,0.6000000000000001,B_front,background_mainline,True,,132.0,20.0,,,,,,,,,,,,,,,,,,,,,,65030,0,b63d9a6a59c92b71ebb27d6dbfb387c70df516f225f067e4dfea40157df365d3,validation_003,0,2,1247356437,4,,
3,0.6000000000000001,B_rear,background_mainline,True,,15.431954034371113,18.919276915308803,,,,,,,,,,,,,,,,,,,,,,65030,0,b63d9a6a59c92b71ebb27d6dbfb387c70df516f225f067e4dfea40157df365d3,validation_003,0,2,1247356437,4,,
4,0.8,A,mainline,True,False,44.64000000000001,21.600000000000023,1,accelerate,2.0,2.0000000000000284,51.84000000000001,17.600000000000023,1,1,accelerate-accelerate,-0.036265939474105835,0.0578615665435791,-0.018005013465881348,1,0.0578615665435791,-0.018005013465881348,0.07586658000946045,0.09412750601768494,"[true, true, true]",False,False,False,65030,0,b63d9a6a59c92b71ebb27d6dbfb387c70df516f225f067e4dfea40157df365d3,validation_003,0,2,1247356437,4,,
4,0.8,B,ramp,True,False,51.84000000000001,17.600000000000023,1,accelerate,2.0,2.0000000000000284,44.64000000000001,21.600000000000023,1,1,accelerate-accelerate,-0.049870215356349945,0.030697830021381378,-0.23460142314434052,1,0.030697830021381378,-0.049870215356349945,0.08056804537773132,0.2652992531657219,"[true, true, true]",False,False,False,65030,0,b63d9a6a59c92b71ebb27d6dbfb387c70df516f225f067e4dfea40157df365d3,validation_003,0,2,1247356437,4,,
4,0.8,B_front,background_mainline,True,,136.0,20.0,,,,,,,,,,,,,,,,,,,,,,65030,0,b63d9a6a59c92b71ebb27d6dbfb387c70df516f225f067e4dfea40157df365d3,validation_003,0,2,1247356437,4,,
4,0.8,B_rear,background_mainline,True,,19.21015294496658,18.869811826831636,,,,,,,,,,,,,,,,,,,,,,65030,0,b63d9a6a59c92b71ebb27d6dbfb387c70df516f225f067e4dfea40157df365d3,validation_003,0,2,1247356437,4,,
5,1.0,A,mainline,True,False,49.000000000000014,22.00000000000003,1,accelerate,2.0,2.0000000000000284,55.40000000000001,18.00000000000003,1,1,accelerate-accelerate,-0.035365134477615356,0.0594291165471077,-0.019706077873706818,1,0.0594291165471077,-0.019706077873706818,0.07913519442081451,0.09479425102472305,"[true, true, true]",False,False,False,65030,0,b63d9a6a59c92b71ebb27d6dbfb387c70df516f225f067e4dfea40157df365d3,validation_003,0,2,1247356437,4,,
5,1.0,B,ramp,True,False,55.40000000000001,18.00000000000003,1,accelerate,2.0,2.0000000000000284,49.000000000000014,22.00000000000003,1,1,accelerate-accelerate,-0.0502547025680542,0.03236409276723862,-0.2370339334011078,1,0.03236409276723862,-0.0502547025680542,0.08261879533529282,0.2693980261683464,"[true, true, true]",False,False,False,65030,0,b63d9a6a59c92b71ebb27d6dbfb387c70df516f225f067e4dfea40157df365d3,validation_003,0,2,1247356437,4,,
5,1.0,B_front,background_mainline,True,,140.0,20.0,,,,,,,,,,,,,,,,,,,,,,65030,0,b63d9a6a59c92b71ebb27d6dbfb387c70df516f225f067e4dfea40157df365d3,validation_003,0,2,1247356437,4,,
5,1.0,B_rear,background_mainline,True,,22.982495064768763,18.858543950116044,,,,,,,,,,,,,,,,,,,,,,65030,0,b63d9a6a59c92b71ebb27d6dbfb387c70df516f225f067e4dfea40157df365d3,validation_003,0,2,1247356437,4,,
6,1.2000000000000002,A,mainline,True,False,53.44000000000002,22.400000000000034,1,accelerate,2.0,2.0000000000000284,59.04000000000002,18.400000000000034,1,1,accelerate-accelerate,-0.03446347266435623,0.061038538813591,-0.02138473093509674,1,0.061038538813591,-0.02138473093509674,0.08242326974868774,0.09550201147794724,"[true, true, true]",False,False,False,65030,0,b63d9a6a59c92b71ebb27d6dbfb387c70df516f225f067e4dfea40157df365d3,validation_003,0,2,1247356437,4,,
6,1.2000000000000002,B,ramp,True,False,59.04000000000002,18.400000000000034,1,accelerate,2.0,2.0000000000000284,53.44000000000002,22.400000000000034,1,1,accelerate-accelerate,-0.05063150078058243,0.034002818167209625,-0.23946918547153473,1,0.034002818167209625,-0.05063150078058243,0.08463431894779205,0.27347200363874435,"[true, true, true]",False,False,False,65030,0,b63d9a6a59c92b71ebb27d6dbfb387c70df516f225f067e4dfea40157df365d3,validation_003,0,2,1247356437,4,,
6,1.2000000000000002,B_front,background_mainline,True,,144.0,20.0,,,,,,,,,,,,,,,,,,,,,,65030,0,b63d9a6a59c92b71ebb27d6dbfb387c70df516f225f067e4dfea40157df365d3,validation_003,0,2,1247356437,4,,
6,1.2000000000000002,B_rear,background_mainline,True,,26.755377931069873,18.8736575091406,,,,,,,,,,,,,,,,,,,,,,65030,0,b63d9a6a59c92b71ebb27d6dbfb387c70df516f225f067e4dfea40157df365d3,validation_003,0,2,1247356437,4,,
7,1.4000000000000001,A,mainline,True,False,57.96000000000003,22.80000000000004,1,accelerate,2.0,2.0000000000000284,62.760000000000026,18.80000000000004,1,1,accelerate-accelerate,-0.03340565413236618,0.062384359538555145,-0.02276971936225891,1,0.062384359538555145,-0.02276971936225891,0.08515407890081406,0.09579001367092133,"[true, true, true]",False,False,False,65030,0,b63d9a6a59c92b71ebb27d6dbfb387c70df516f225f067e4dfea40157df365d3,validation_003,0,2,1247356437,4,,
7,1.4000000000000001,B,ramp,True,False,62.760000000000026,18.80000000000004,1,accelerate,2.0,2.0000000000000284,57.96000000000003,22.80000000000004,1,1,accelerate-accelerate,-0.05141352117061615,0.03550504148006439,-0.2412782907485962,1,0.03550504148006439,-0.05141352117061615,0.08691856265068054,0.2767833322286606,"[true, true, true]",False,False,False,65030,0,b63d9a6a59c92b71ebb27d6dbfb387c70df516f225f067e4dfea40157df365d3,validation_003,0,2,1247356437,4,,
7,1.4000000000000001,B_front,background_mainline,True,,148.0,20.0,,,,,,,,,,,,,,,,,,,,,,65030,0,b63d9a6a59c92b71ebb27d6dbfb387c70df516f225f067e4dfea40157df365d3,validation_003,0,2,1247356437,4,,
7,1.4000000000000001,B_rear,background_mainline,True,,30.533172569358648,18.906498857181067,,,,,,,,,,,,,,,,,,,,,,65030,0,b63d9a6a59c92b71ebb27d6dbfb387c70df516f225f067e4dfea40157df365d3,validation_003,0,2,1247356437,4,,
8,1.6,A,mainline,True,False,62.56000000000004,23.200000000000045,1,accelerate,2.0,2.0000000000000284,66.56000000000003,19.200000000000045,1,1,accelerate-accelerate,-0.03226955235004425,0.06323282420635223,-0.02334800362586975,1,0.06323282420635223,-0.02334800362586975,0.08658082783222198,0.09550237655639648,"[true, true, true]",False,False,False,65030,0,b63d9a6a59c92b71ebb27d6dbfb387c70df516f225f067e4dfea40157df365d3,validation_003,0,2,1247356437,4,,
8,1.6,B,ramp,True,False,66.56000000000003,19.200000000000045,1,accelerate,2.0,2.0000000000000284,62.56000000000004,23.200000000000045,1,1,accelerate-accelerate,-0.05252767354249954,0.035761572420597076,-0.24159318208694458,1,0.035761572420597076,-0.05252767354249954,0.08828924596309662,0.27735475450754166,"[true, true, true]",False,False,False,65030,0,b63d9a6a59c92b71ebb27d6dbfb387c70df516f225f067e4dfea40157df365d3,validation_003,0,2,1247356437,4,,
8,1.6,B_front,background_mainline,True,,152.0,20.0,,,,,,,,,,,,,,,,,,,,,,65030,0,b63d9a6a59c92b71ebb27d6dbfb387c70df516f225f067e4dfea40157df365d3,validation_003,0,2,1247356437,4,,
8,1.6,B_rear,background_mainline,True,,34.31874502797599,18.95054867326254,,,,,,,,,,,,,,,,,,,,,,65030,0,b63d9a6a59c92b71ebb27d6dbfb387c70df516f225f067e4dfea40157df365d3,validation_003,0,2,1247356437,4,,
9,1.8,A,mainline,True,False,67.24000000000005,23.60000000000005,1,accelerate,2.0,2.0000000000000284,70.44000000000004,19.60000000000005,1,1,accelerate-accelerate,-0.03128264844417572,0.06387650966644287,-0.023651398718357086,1,0.06387650966644287,-0.023651398718357086,0.08752790838479996,0.09515915811061859,"[true, true, true]",False,False,False,65030,0,b63d9a6a59c92b71ebb27d6dbfb387c70df516f225f067e4dfea40157df365d3,validation_003,0,2,1247356437,4,,
9,1.8,B,ramp,True,False,70.44000000000004,19.60000000000005,1,accelerate,2.0,2.0000000000000284,67.24000000000005,23.60000000000005,1,1,accelerate-accelerate,-0.05411273241043091,0.03513679653406143,-0.24063408374786377,1,0.03513679653406143,-0.05411273241043091,0.08924952894449234,0.2757708802819252,"[true, true, true]",False,False,False,65030,0,b63d9a6a59c92b71ebb27d6dbfb387c70df516f225f067e4dfea40157df365d3,validation_003,0,2,1247356437,4,,
9,1.8,B_front,background_mainline,True,,156.0,20.0,,,,,,,,,,,,,,,,,,,,,,65030,0,b63d9a6a59c92b71ebb27d6dbfb387c70df516f225f067e4dfea40157df365d3,validation_003,0,2,1247356437,4,,
9,1.8,B_rear,background_mainline,True,,38.11381551623222,19.000790506822323,,,,,,,,,,,,,,,,,,,,,,65030,0,b63d9a6a59c92b71ebb27d6dbfb387c70df516f225f067e4dfea40157df365d3,validation_003,0,2,1247356437,4,,
10,2.0,A,mainline,True,False,72.00000000000007,24.000000000000057,1,accelerate,2.0,2.0000000000000284,74.40000000000005,20.000000000000057,1,1,accelerate-accelerate,-0.03026464581489563,0.06453634053468704,-0.023929044604301453,1,0.06453634053468704,-0.023929044604301453,0.0884653851389885,0.09480098634958267,"[true, true, true]",False,False,False,65030,0,b63d9a6a59c92b71ebb27d6dbfb387c70df516f225f067e4dfea40157df365d3,validation_003,0,2,1247356437,4,,
10,2.0,B,ramp,True,False,74.40000000000005,20.000000000000057,1,accelerate,2.0,2.0000000000000284,72.00000000000007,24.000000000000057,1,1,accelerate-accelerate,-0.05556581914424896,0.03432049602270126,-0.2390524446964264,1,0.03432049602270126,-0.05556581914424896,0.08988631516695023,0.27337294071912766,"[true, true, true]",False,False,False,65030,0,b63d9a6a59c92b71ebb27d6dbfb387c70df516f225f067e4dfea40157df365d3,validation_003,0,2,1247356437,4,,
10,2.0,B_front,background_mainline,True,,160.0,20.0,,,,,,,,,,,,,,,,,,,,,,65030,0,b63d9a6a59c92b71ebb27d6dbfb387c70df516f225f067e4dfea40157df365d3,validation_003,0,2,1247356437,4,,
10,2.0,B_rear,background_mainline,True,,41.91921327682362,19.053199202095076,,,,,,,,,,,,,,,,,,,,,,65030,0,b63d9a6a59c92b71ebb27d6dbfb387c70df516f225f067e4dfea40157df365d3,validation_003,0,2,1247356437,4,,
11,2.2,A,mainline,True,False,76.84000000000009,24.400000000000063,1,accelerate,2.0,2.0000000000000284,78.44000000000005,20.400000000000063,1,1,accelerate-accelerate,-0.029081914573907852,0.06478161364793777,-0.023641064763069153,1,0.06478161364793777,-0.023641064763069153,0.08842267841100693,0.09386352822184563,"[true, true, true]",False,False,False,65030,0,b63d9a6a59c92b71ebb27d6dbfb387c70df516f225f067e4dfea40157df365d3,validation_003,0,2,1247356437,4,,
11,2.2,B,ramp,True,False,78.44000000000005,20.400000000000063,1,accelerate,2.0,2.0000000000000284,76.84000000000009,24.400000000000063,1,1,accelerate-accelerate,-0.05690668523311615,0.03359885513782501,-0.23703299462795258,1,0.03359885513782501,-0.05690668523311615,0.09050554037094116,0.2706318497657776,"[true, true, true]",False,False,False,65030,0,b63d9a6a59c92b71ebb27d6dbfb387c70df516f225f067e4dfea40157df365d3,validation_003,0,2,1247356437,4,,
11,2.2,B_front,background_mainline,True,,164.0,20.0,,,,,,,,,,,,,,,,,,,,,,65030,0,b63d9a6a59c92b71ebb27d6dbfb387c70df516f225f067e4dfea40157df365d3,validation_003,0,2,1247356437,4,,
11,2.2,B_rear,background_mainline,True,,45.73495283863411,19.10379719537739,,,,,,,,,,,,,,,,,,,,,,65030,0,b63d9a6a59c92b71ebb27d6dbfb387c70df516f225f067e4dfea40157df365d3,validation_003,0,2,1247356437,4,,
12,2.4000000000000004,A,mainline,True,False,81.76000000000009,24.800000000000068,1,accelerate,2.0,2.0000000000000284,82.56000000000007,20.800000000000068,1,1,accelerate-accelerate,-0.02796575054526329,0.06495638936758041,-0.023467734456062317,1,0.06495638936758041,-0.023467734456062317,0.08842412382364273,0.0929221399128437,"[true, true, true]",False,False,False,65030,0,b63d9a6a59c92b71ebb27d6dbfb387c70df516f225f067e4dfea40157df365d3,validation_003,0,2,1247356437,4,,
12,2.4000000000000004,B,ramp,True,False,82.56000000000007,20.800000000000068,1,accelerate,2.0,2.0000000000000284,81.76000000000009,24.800000000000068,1,1,accelerate-accelerate,-0.058240264654159546,0.032863833010196686,-0.23499584197998047,1,0.032863833010196686,-0.058240264654159546,0.09110409766435623,0.26785967499017715,"[true, true, true]",False,False,False,65030,0,b63d9a6a59c92b71ebb27d6dbfb387c70df516f225f067e4dfea40157df365d3,validation_003,0,2,1247356437,4,,
12,2.4000000000000004,B_front,background_mainline,True,,168.0,20.0,,,,,,,,,,,,,,,,,,,,,,65030,0,b63d9a6a59c92b71ebb27d6dbfb387c70df516f225f067e4dfea40157df365d3,validation_003,0,2,1247356437,4,,
12,2.4000000000000004,B_rear,background_mainline,True,,49.56056018634528,19.151893737715636,,,,,,,,,,,,,,,,,,,,,,65030,0,b63d9a6a59c92b71ebb27d6dbfb387c70df516f225f067e4dfea40157df365d3,validation_003,0,2,1247356437,4,,
13,2.6,A,mainline,True,False,86.7600000000001,25.200000000000074,1,accelerate,2.0,2.0000000000000284,86.76000000000009,21.200000000000074,1,1,accelerate-accelerate,-0.02642161399126053,0.06630504876375198,-0.02313801646232605,1,0.06630504876375198,-0.02313801646232605,0.08944306522607803,0.09272666275501251,"[true, true, true]",False,False,False,65030,0,b63d9a6a59c92b71ebb27d6dbfb387c70df516f225f067e4dfea40157df365d3,validation_003,0,2,1247356437,4,,
13,2.6,B,ramp,True,False,86.76000000000009,21.200000000000074,1,accelerate,2.0,2.0000000000000284,86.7600000000001,25.200000000000074,1,1,accelerate-accelerate,-0.05949211120605469,0.03197883069515228,-0.23316293954849243,1,0.03197883069515228,-0.05949211120605469,0.09147094190120697,0.2651417702436447,"[true, true, true]",False,False,False,65030,0,b63d9a6a59c92b71ebb27d6dbfb387c70df516f225f067e4dfea40157df365d3,validation_003,0,2,1247356437,4,,
13,2.6,B_front,background_mainline,True,,172.0,20.0,,,,,,,,,,,,,,,,,,,,,,65030,0,b63d9a6a59c92b71ebb27d6dbfb387c70df516f225f067e4dfea40157df365d3,validation_003,0,2,1247356437,4,,
13,2.6,B_rear,background_mainline,True,,53.39554560018414,19.197594066893107,,,,,,,,,,,,,,,,,,,,,,65030,0,b63d9a6a59c92b71ebb27d6dbfb387c70df516f225f067e4dfea40157df365d3,validation_003,0,2,1247356437,4,,
14,2.8000000000000003,A,mainline,True,False,91.84000000000012,25.60000000000008,1,accelerate,2.0,2.0000000000000284,91.0400000000001,21.60000000000008,1,1,accelerate-accelerate,-0.024794571101665497,0.0678647831082344,-0.022695235908031464,1,0.0678647831082344,-0.022695235908031464,0.09056001901626587,0.0926593542098999,"[true, true, true]",False,False,False,65030,0,b63d9a6a59c92b71ebb27d6dbfb387c70df516f225f067e4dfea40157df365d3,validation_003,0,2,1247356437,4,,
14,2.8000000000000003,B,ramp,True,False,91.0400000000001,21.60000000000008,1,accelerate,2.0,2.0000000000000284,91.84000000000012,25.60000000000008,1,1,accelerate-accelerate,-0.060877203941345215,0.031031638383865356,-0.2312183529138565,1,0.031031638383865356,-0.060877203941345215,0.09190884232521057,0.26224999129772186,"[true, true, true]",False,False,False,65030,0,b63d9a6a59c92b71ebb27d6dbfb387c70df516f225f067e4dfea40157df365d3,validation_003,0,2,1247356437,4,,
14,2.8000000000000003,B_front,background_mainline,True,,176.0,20.0,,,,,,,,,,,,,,,,,,,,,,65030,0,b63d9a6a59c92b71ebb27d6dbfb387c70df516f225f067e4dfea40157df365d3,validation_003,0,2,1247356437,4,,
14,2.8000000000000003,B_rear,background_mainline,True,,57.23944010955154,19.24100043735704,,,,,,,,,,,,,,,,,,,,,,65030,0,b63d9a6a59c92b71ebb27d6dbfb387c70df516f225f067e4dfea40157df365d3,validation_003,0,2,1247356437,4,,
15,3.0,A,mainline,True,False,97.00000000000013,26.000000000000085,1,accelerate,2.0,2.0000000000000284,95.40000000000013,22.000000000000085,1,1,accelerate-accelerate,-0.023468252271413803,0.06986577808856964,-0.021846070885658264,1,0.06986577808856964,-0.021846070885658264,0.0917118489742279,0.09333403035998344,"[true, true, true]",False,False,False,65030,0,b63d9a6a59c92b71ebb27d6dbfb387c70df516f225f067e4dfea40157df365d3,validation_003,0,2,1247356437,4,,
15,3.0,B,ramp,True,False,95.40000000000013,22.000000000000085,1,accelerate,2.0,2.0000000000000284,97.00000000000013,26.000000000000085,1,1,accelerate-accelerate,-0.06256039440631866,0.030232325196266174,-0.22911801934242249,1,0.030232325196266174,-0.06256039440631866,0.09279271960258484,0.25935034453868866,"[true, true, true]",False,False,False,65030,0,b63d9a6a59c92b71ebb27d6dbfb387c70df516f225f067e4dfea40157df365d3,validation_003,0,2,1247356437,4,,
15,3.0,B_front,background_mainline,True,,180.0,20.0,,,,,,,,,,,,,,,,,,,,,,65030,0,b63d9a6a59c92b71ebb27d6dbfb387c70df516f225f067e4dfea40157df365d3,validation_003,0,2,1247356437,4,,
15,3.0,B_rear,background_mainline,True,,61.09179489671632,19.28221212401568,,,,,,,,,,,,,,,,,,,,,,65030,0,b63d9a6a59c92b71ebb27d6dbfb387c70df516f225f067e4dfea40157df365d3,validation_003,0,2,1247356437,4,,
16,3.2,A,mainline,True,False,102.24000000000015,26.40000000000009,1,accelerate,2.0,2.0000000000000284,99.84000000000016,22.40000000000009,1,1,accelerate-accelerate,-0.02210003137588501,0.07193348556756973,-0.02096158266067505,1,0.07193348556756973,-0.02096158266067505,0.09289506822824478,0.09403351694345474,"[true, true, true]",False,False,False,65030,0,b63d9a6a59c92b71ebb27d6dbfb387c70df516f225f067e4dfea40157df365d3,validation_003,0,2,1247356437,4,,
16,3.2,B,ramp,True,False,99.84000000000016,22.40000000000009,1,accelerate,2.0,2.0000000000000284,102.24000000000015,26.40000000000009,1,1,accelerate-accelerate,-0.06423254311084747,0.029421672224998474,-0.22696296870708466,1,0.029421672224998474,-0.06423254311084747,0.09365421533584595,0.25638464093208313,"[true, true, true]",False,False,False,65030,0,b63d9a6a59c92b71ebb27d6dbfb387c70df516f225f067e4dfea40157df365d3,validation_003,0,2,1247356437,4,,
16,3.2,B_front,background_mainline,True,,184.0,20.0,,,,,,,,,,,,,,,,,,,,,,65030,0,b63d9a6a59c92b71ebb27d6dbfb387c70df516f225f067e4dfea40157df365d3,validation_003,0,2,1247356437,4,,
16,3.2,B_rear,background_mainline,True,,64.95218070136413,19.321325426913106,,,,,,,,,,,,,,,,,,,,,,65030,0,b63d9a6a59c92b71ebb27d6dbfb387c70df516f225f067e4dfea40157df365d3,validation_003,0,2,1247356437,4,,
17,3.4000000000000004,A,mainline,True,False,107.56000000000017,26.800000000000097,1,accelerate,2.0,2.0000000000000284,104.36000000000017,22.800000000000097,1,1,accelerate-accelerate,-0.020682483911514282,0.07405394315719604,-0.02004973590373993,1,0.07405394315719604,-0.02004973590373993,0.09410367906093597,0.09473642706871033,"[true, true, true]",True,True,False,65030,0,b63d9a6a59c92b71ebb27d6dbfb387c70df516f225f067e4dfea40157df365d3,validation_003,0,2,1247356437,4,-1.1226036015875849,0.0
17,3.4000000000000004,B,ramp,True,False,104.36000000000017,22.800000000000097,1,accelerate,2.0,2.0000000000000284,107.56000000000017,26.800000000000097,1,1,accelerate-accelerate,-0.0659063309431076,0.02859673649072647,-0.22475488483905792,1,0.02859673649072647,-0.0659063309431076,0.09450306743383408,0.2533516213297844,"[true, true, true]",True,True,False,65030,0,b63d9a6a59c92b71ebb27d6dbfb387c70df516f225f067e4dfea40157df365d3,validation_003,0,2,1247356437,4,-1.1226036015875849,0.0
17,3.4000000000000004,B_front,background_mainline,True,,187.0,20.0,,,,,,,,,,,,,,,,,,,,,,65030,0,b63d9a6a59c92b71ebb27d6dbfb387c70df516f225f067e4dfea40157df365d3,validation_003,0,2,1247356437,4,,
17,3.4000000000000004,B_rear,background_mainline,True,,67.85232373963004,19.34257340649686,,,,,,,,,,,,,,,,,,,,,,65030,0,b63d9a6a59c92b71ebb27d6dbfb387c70df516f225f067e4dfea40157df365d3,validation_003,0,2,1247356437,4,,
0,0.0,A,ramp,True,False,38.4,16.0,1,accelerate,0.0,2.0000000000000284,28.0,20.0,1,0,accelerate-maintain,-0.07834415137767792,0.08911670744419098,-0.04203324019908905,1,0.08911670744419098,-0.04203324019908905,0.13114994764328003,0.1674608588218689,"[true, true, true]",False,False,False,65030,0,b63d9a6a59c92b71ebb27d6dbfb387c70df516f225f067e4dfea40157df365d3,validation_003,1,2,1247356437,5,,
0,0.0,B,mainline,True,False,28.0,20.0,0,maintain,0.0,0.0,38.4,16.0,1,0,accelerate-maintain,-0.014302965253591537,-0.11316391825675964,-0.09896676242351532,0,-0.014302965253591537,-0.09896676242351532,0.08466379716992378,0.0988609530031681,"[true, true, true]",False,False,False,65030,0,b63d9a6a59c92b71ebb27d6dbfb387c70df516f225f067e4dfea40157df365d3,validation_003,1,2,1247356437,5,,
0,0.0,B_front,background_mainline,True,,120.0,20.0,,,,,,,,,,,,,,,,,,,,,,65030,0,b63d9a6a59c92b71ebb27d6dbfb387c70df516f225f067e4dfea40157df365d3,validation_003,1,2,1247356437,5,,
0,0.0,B_rear,background_mainline,True,,3.945792890543582,19.483844969091912,,,,,,,,,,,,,,,,,,,,,,65030,0,b63d9a6a59c92b71ebb27d6dbfb387c70df516f225f067e4dfea40157df365d3,validation_003,1,2,1247356437,5,,
1,0.2,A,ramp,True,False,41.64,16.400000000000006,1,accelerate,2.0,2.0000000000000284,32.0,20.0,1,0,accelerate-maintain,-0.07832950353622437,0.09048540890216827,-0.04085707664489746,1,0.09048540890216827,-0.04085707664489746,0.13134248554706573,0.16881491243839264,"[true, true, true]",False,False,False,65030,0,b63d9a6a59c92b71ebb27d6dbfb387c70df516f225f067e4dfea40157df365d3,validation_003,1,2,1247356437,5,,
1,0.2,B,mainline,True,False,32.0,20.0,0,maintain,0.0,0.0,41.64,16.400000000000006,1,0,accelerate-maintain,-0.014263942837715149,-0.11182717233896255,-0.09903550893068314,0,-0.014263942837715149,-0.09903550893068314,0.08477156609296799,0.0975632295012474,"[true, true, true]",False,False,False,65030,0,b63d9a6a59c92b71ebb27d6dbfb387c70df516f225f067e4dfea40157df365d3,validation_003,1,2,1247356437,5,,
1,0.2,B_front,background_mainline,True,,124.0,20.0,,,,,,,,,,,,,,,,,,,,,,65030,0,b63d9a6a59c92b71ebb27d6dbfb387c70df516f225f067e4dfea40157df365d3,validation_003,1,2,1247356437,5,,
1,0.2,B_rear,background_mainline,True,,7.802789976125999,19.103228823167687,,,,,,,,,,,,,,,,,,,,,,65030,0,b63d9a6a59c92b71ebb27d6dbfb387c70df516f225f067e4dfea40157df365d3,validation_003,1,2,1247356437,5,,
2,0.4,A,ramp,True,False,44.96,16.80000000000001,1,accelerate,2.0,2.0000000000000284,36.0,20.0,1,0,accelerate-maintain,-0.07821936160326004,0.09186025708913803,-0.039788998663425446,1,0.09186025708913803,-0.039788998663425446,0.13164925575256348,0.17007961869239807,"[true, true, true]",False,False,False,65030,0,b63d9a6a59c92b71ebb27d6dbfb387c70df516f225f067e4dfea40157df365d3,validation_003,1,2,1247356437,5,,
2,0.4,B,mainline,True,False,36.0,20.0,0,maintain,0.0,0.0,44.96,16.80000000000001,1,0,accelerate-maintain,-0.014759652316570282,-0.1101117804646492,-0.0986151173710823,0,-0.014759652316570282,-0.0986151173710823,0.08385546505451202,0.09535212814807892,"[true, true, true]",False,False,False,65030,0,b63d9a6a59c92b71ebb27d6dbfb387c70df516f225f067e4dfea40157df365d3,validation_003,1,2,1247356437,5,,
2,0.4,B_front,background_mainline,True,,128.0,20.0,,,,,,,,,,,,,,,,,,,,,,65030,0,b63d9a6a59c92b71ebb27d6dbfb387c70df516f225f067e4dfea40157df365d3,validation_003,1,2,1247356437,5,,
2,0.4,B_rear,background_mainline,True,,11.593368401039545,18.814498512244633,,,,,,,,,,,,,,,,,,,,,,65030,0,b63d9a6a59c92b71ebb27d6dbfb387c70df516f225f067e4dfea40157df365d3,validation_003,1,2,1247356437,5,,
3,0.6000000000000001,A,ramp,True,False,48.36000000000001,17.200000000000017,1,accelerate,2.0,2.0000000000000284,40.0,20.0,1,0,accelerate-maintain,-0.07804299890995026,0.09324434399604797,-0.03880785405635834,1,0.09324434399604797,-0.03880785405635834,0.1320521980524063,0.17128734290599823,"[true, true, true]",False,False,False,65030,0,b63d9a6a59c92b71ebb27d6dbfb387c70df516f225f067e4dfea40157df365d3,validation_003,1,2,1247356437,5,,
3,0.6000000000000001,B,mainline,True,False,40.0,20.0,0,maintain,0.0,0.0,48.36000000000001,17.200000000000017,1,0,accelerate-maintain,-0.015360429883003235,-0.10841558128595352,-0.09806562960147858,0,-0.015360429883003235,-0.09806562960147858,0.08270519971847534,0.09305515140295029,"[true, true, true]",False,False,False,65030,0,b63d9a6a59c92b71ebb27d6dbfb387c70df516f225f067e4dfea40157df365d3,validation_003,1,2,1247356437,5,,
3,0.6000000000000001,B_front,background_mainline,True,,132.0,20.0,,,,,,,,,,,,,,,,,,,,,,65030,0,b63d9a6a59c92b71ebb27d6dbfb387c70df516f225f067e4dfea40157df365d3,validation_003,1,2,1247356437,5,,
3,0.6000000000000001,B_rear,background_mainline,True,,15.333070330500611,18.591211668736282,,,,,,,,,,,,,,,,,,,,,,65030,0,b63d9a6a59c92b71ebb27d6dbfb387c70df516f225f067e4dfea40157df365d3,validation_003,1,2,1247356437,5,,
4,0.8,A,ramp,True,False,51.84000000000001,17.600000000000023,1,accelerate,2.0,2.0000000000000284,44.0,20.0,1,0,accelerate-maintain,-0.07781824469566345,0.09463953971862793,-0.0379008948802948,1,0.09463953971862793,-0.0379008948802948,0.13254043459892273,0.17245778441429138,"[true, true, true]",False,False,False,65030,0,b63d9a6a59c92b71ebb27d6dbfb387c70df516f225f067e4dfea40157df365d3,validation_003,1,2,1247356437,5,,
4,0.8,B,mainline,True,False,44.0,20.0,0,maintain,0.0,0.0,51.84000000000001,17.600000000000023,1,0,accelerate-maintain,-0.016008123755455017,-0.10664927214384079,-0.09731739014387131,0,-0.016008123755455017,-0.09731739014387131,0.08130926638841629,0.09064114838838577,"[true, true, true]",False,False,False,65030,0,b63d9a6a59c92b71ebb27d6dbfb387c70df516f225f067e4dfea40157df365d3,validation_003,1,2,1247356437,5,,
4,0.8,B_front,background_mainline,True,,136.0,20.0,,,,,,,,,,,,,,,,,,,,,,65030,0,b63d9a6a59c92b71ebb27d6dbfb387c70df516f225f067e4dfea40157df365d3,validation_003,1,2,1247356437,5,,
4,0.8,B_rear,background_mainline,True,,19.03316593289923,18.4162696490176,,,,,,,,,,,,,,,,,,,,,,65030,0,b63d9a6a59c92b71ebb27d6dbfb387c70df516f225f067e4dfea40157df365d3,validation_003,1,2,1247356437,5,,
5,1.0,A,ramp,True,False,55.40000000000001,18.00000000000003,1,accelerate,2.0,2.0000000000000284,48.0,20.0,1,0,accelerate-maintain,-0.07747039943933487,0.09571363776922226,-0.037362195551395416,1,0.09571363776922226,-0.037362195551395416,0.13307583332061768,0.17318403720855713,"[true, true, true]",False,False,False,65030,0,b63d9a6a59c92b71ebb27d6dbfb387c70df516f225f067e4dfea40157df365d3,validation_003,1,2,1247356437,5,,
5,1.0,B,mainline,True,False,48.0,20.0,0,maintain,0.0,0.0,55.40000000000001,18.00000000000003,1,0,accelerate-maintain,-0.016705889254808426,-0.10487706959247589,-0.09646645188331604,0,-0.016705889254808426,-0.09646645188331604,0.07976056262850761,0.08817118033766747,"[true, true, true]",False,False,False,65030,0,b63d9a6a59c92b71ebb27d6dbfb387c70df516f225f067e4dfea40157df365d3,validation_003,1,2,1247356437,5,,
5,1.0,B_front,background_mainline,True,,140.0,20.0,,,,,,,,,,,,,,,,,,,,,,65030,0,b63d9a6a59c92b71ebb27d6dbfb387c70df516f225f067e4dfea40157df365d3,validation_003,1,2,1247356437,5,,
5,1.0,B_rear,background_mainline,True,,22.702096516872903,18.278056734572637,,,,,,,,,,,,,,,,,,,,,,65030,0,b63d9a6a59c92b71ebb27d6dbfb387c70df516f225f067e4dfea40157df365d3,validation_003,1,2,1247356437,5,,
6,1.2000000000000002,A,ramp,True,False,59.04000000000002,18.400000000000034,1,accelerate,2.0,2.0000000000000284,52.0,20.0,1,0,accelerate-maintain,-0.0769132524728775,0.09679828584194183,-0.036819055676460266,1,0.09679828584194183,-0.036819055676460266,0.1336173415184021,0.17371153831481934,"[true, true, true]",False,False,False,65030,0,b63d9a6a59c92b71ebb27d6dbfb387c70df516f225f067e4dfea40157df365d3,validation_003,1,2,1247356437,5,,
6,1.2000000000000002,B,mainline,True,False,52.0,20.0,0,maintain,0.0,0.0,59.04000000000002,18.400000000000034,1,0,accelerate-maintain,-0.01744304597377777,-0.10310456156730652,-0.09553360939025879,0,-0.01744304597377777,-0.09553360939025879,0.07809056341648102,0.08566151559352875,"[true, true, true]",False,False,False,65030,0,b63d9a6a59c92b71ebb27d6dbfb387c70df516f225f067e4dfea40157df365d3,validation_003,1,2,1247356437,5,,
6,1.2000000000000002,B_front,background_mainline,True,,144.0,20.0,,,,,,,,,,,,,,,,,,,,,,65030,0,b63d9a6a59c92b71ebb27d6dbfb387c70df516f225f067e4dfea40157df365d3,validation_003,1,2,1247356437,5,,
6,1.2000000000000002,B_rear,background_mainline,True,,26.346345420577936,18.168371143538728,,,,,,,,,,,,,,,,,,,,,,65030,0,b63d9a6a59c92b71ebb27d6dbfb387c70df516f225f067e4dfea40157df365d3,validation_003,1,2,1247356437,5,,
7,1.4000000000000001,A,ramp,True,False,62.760000000000026,18.80000000000004,1,accelerate,2.0,2.0000000000000284,56.0,20.0,1,0,accelerate-maintain,-0.07626554369926453,0.09782793372869492,-0.036052852869033813,1,0.09782793372869492,-0.036052852869033813,0.13388078659772873,0.17409347742795944,"[true, true, true]",False,False,False,65030,0,b63d9a6a59c92b71ebb27d6dbfb387c70df516f225f067e4dfea40157df365d3,validation_003,1,2,1247356437,5,,
7,1.4000000000000001,B,mainline,True,False,56.0,20.0,0,maintain,0.0,0.0,62.760000000000026,18.80000000000004,1,0,accelerate-maintain,-0.018334105610847473,-0.101504847407341,-0.09381604194641113,0,-0.018334105610847473,-0.09381604194641113,0.07548193633556366,0.08317074179649353,"[true, true, true]",False,False,False,65030,0,b63d9a6a59c92b71ebb27d6dbfb387c70df516f225f067e4dfea40157df365d3,validation_003,1,2,1247356437,5,,
7,1.4000000000000001,B_front,background_mainline,True,,148.0,20.0,,,,,,,,,,,,,,,,,,,,,,65030,0,b63d9a6a59c92b71ebb27d6dbfb387c70df516f225f067e4dfea40157df365d3,validation_003,1,2,1247356437,5,,
7,1.4000000000000001,B_rear,background_mainline,True,,29.97099247115752,18.081238737388432,,,,,,,,,,,,,,,,,,,,,,65030,0,b63d9a6a59c92b71ebb27d6dbfb387c70df516f225f067e4dfea40157df365d3,validation_003,1,2,1247356437,5,,
8,1.6,A,ramp,True,False,66.56000000000003,19.200000000000045,1,accelerate,2.0,2.0000000000000284,60.0,20.0,1,0,accelerate-maintain,-0.07560806721448898,0.09806636720895767,-0.03550219535827637,1,0.09806636720895767,-0.03550219535827637,0.13356856256723404,0.17367443442344666,"[true, true, true]",False,False,False,65030,0,b63d9a6a59c92b71ebb27d6dbfb387c70df516f225f067e4dfea40157df365d3,validation_003,1,2,1247356437,5,,
8,1.6,B,mainline,True,False,60.0,20.0,0,maintain,0.0,0.0,66.56000000000003,19.200000000000045,1,0,accelerate-maintain,-0.01948300004005432,-0.10022178292274475,-0.0918876975774765,0,-0.01948300004005432,-0.0918876975774765,0.07240469753742218,0.08073878288269043,"[true, true, true]",False,False,False,65030,0,b63d9a6a59c92b71ebb27d6dbfb387c70df516f225f067e4dfea40157df365d3,validation_003,1,2,1247356437,5,,
8,1.6,B_front,background_mainline,True,,152.0,20.0,,,,,,,,,,,,,,,,,,,,,,65030,0,b63d9a6a59c92b71ebb27d6dbfb387c70df516f225f067e4dfea40157df365d3,validation_003,1,2,1247356437,5,,
8,1.6,B_rear,background_mainline,True,,33.58008240344489,18.012195307757786,,,,,,,,,,,,,,,,,,,,,,65030,0,b63d9a6a59c92b71ebb27d6dbfb387c70df516f225f067e4dfea40157df365d3,validation_003,1,2,1247356437,5,,
9,1.8,A,ramp,True,False,70.44000000000004,19.60000000000005,1,accelerate,2.0,2.0000000000000284,64.0,20.0,1,0,accelerate-maintain,-0.07506195455789566,0.09789642691612244,-0.03552841395139694,1,0.09789642691612244,-0.03552841395139694,0.13342484086751938,0.1729583814740181,"[true, true, true]",False,False,False,65030,0,b63d9a6a59c92b71ebb27d6dbfb387c70df516f225f067e4dfea40157df365d3,validation_003,1,2,1247356437,5,,
9,1.8,B,mainline,True,False,64.0,20.0,0,maintain,0.0,0.0,70.44000000000004,19.60000000000005,1,0,accelerate-maintain,-0.020463421940803528,-0.09894151985645294,-0.08932329714298248,0,-0.020463421940803528,-0.08932329714298248,0.06885987520217896,0.07847809791564941,"[true, true, true]",False,False,False,65030,0,b63d9a6a59c92b71ebb27d6dbfb387c70df516f225f067e4dfea40157df365d3,validation_003,1,2,1247356437,5,,
9,1.8,B_front,background_mainline,True,,156.0,20.0,,,,,,,,,,,,,,,,,,,,,,65030,0,b63d9a6a59c92b71ebb27d6dbfb387c70df516f225f067e4dfea40157df365d3,validation_003,1,2,1247356437,5,,
9,1.8,B_rear,background_mainline,True,,37.176878382210035,17.957832915032608,,,,,,,,,,,,,,,,,,,,,,65030,0,b63d9a6a59c92b71ebb27d6dbfb387c70df516f225f067e4dfea40157df365d3,validation_003,1,2,1247356437,5,,
10,2.0,A,ramp,True,False,74.40000000000005,20.000000000000057,1,accelerate,2.0,2.0000000000000284,68.0,20.0,1,0,accelerate-maintain,-0.07435804605484009,0.09754575043916702,-0.03542906045913696,1,0.09754575043916702,-0.03542906045913696,0.13297481089830399,0.1719037964940071,"[true, true, true]",False,False,False,65030,0,b63d9a6a59c92b71ebb27d6dbfb387c70df516f225f067e4dfea40157df365d3,validation_003,1,2,1247356437,5,,
10,2.0,B,mainline,True,False,68.0,20.0,0,maintain,0.0,0.0,74.40000000000005,20.000000000000057,1,0,accelerate-maintain,-0.02138005942106247,-0.0979573205113411,-0.08715404570102692,0,-0.02138005942106247,-0.08715404570102692,0.06577398627996445,0.07657726109027863,"[true, true, true]",False,False,False,65030,0,b63d9a6a59c92b71ebb27d6dbfb387c70df516f225f067e4dfea40157df365d3,validation_003,1,2,1247356437,5,,
10,2.0,B_front,background_mainline,True,,160.0,20.0,,,,,,,,,,,,,,,,,,,,,,65030,0,b63d9a6a59c92b71ebb27d6dbfb387c70df516f225f067e4dfea40157df365d3,validation_003,1,2,1247356437,5,,
10,2.0,B_rear,background_mainline,True,,40.7640416374725,17.91550248138286,,,,,,,,,,,,,,,,,,,,,,65030,0,b63d9a6a59c92b71ebb27d6dbfb387c70df516f225f067e4dfea40157df365d3,validation_003,1,2,1247356437,5,,
11,2.2,A,ramp,True,False,78.44000000000005,20.400000000000063,1,accelerate,2.0,2.0000000000000284,72.0,20.0,1,0,accelerate-maintain,-0.07345978915691376,0.09695123136043549,-0.03516779839992523,1,0.09695123136043549,-0.03516779839992523,0.13211902976036072,0.17041102051734924,"[true, true, true]",False,False,False,65030,0,b63d9a6a59c92b71ebb27d6dbfb387c70df516f225f067e4dfea40157df365d3,validation_003,1,2,1247356437,5,,
11,2.2,B,mainline,True,False,72.0,20.0,0,maintain,0.0,0.0,78.44000000000005,20.400000000000063,1,0,accelerate-maintain,-0.02230776846408844,-0.09697523713111877,-0.08493444323539734,0,-0.02230776846408844,-0.08493444323539734,0.0626266747713089,0.07466746866703033,"[true, true, true]",False,False,False,65030,0,b63d9a6a59c92b71ebb27d6dbfb387c70df516f225f067e4dfea40157df365d3,validation_003,1,2,1247356437,5,,
11,2.2,B_front,background_mainline,True,,164.0,20.0,,,,,,,,,,,,,,,,,,,,,,65030,0,b63d9a6a59c92b71ebb27d6dbfb387c70df516f225f067e4dfea40157df365d3,validation_003,1,2,1247356437,5,,
11,2.2,B_rear,background_mainline,True,,44.34376194699707,17.883112703357657,,,,,,,,,,,,,,,,,,,,,,65030,0,b63d9a6a59c92b71ebb27d6dbfb387c70df516f225f067e4dfea40157df365d3,validation_003,1,2,1247356437,5,,
12,2.4000000000000004,A,ramp,True,False,82.56000000000007,20.800000000000068,1,accelerate,2.0,2.0000000000000284,76.0,20.0,1,0,accelerate-maintain,-0.07254134118556976,0.09638219326734543,-0.03491149842739105,1,0.09638219326734543,-0.03491149842739105,0.13129369169473648,0.1689235344529152,"[true, true, true]",False,False,False,65030,0,b63d9a6a59c92b71ebb27d6dbfb387c70df516f225f067e4dfea40157df365d3,validation_003,1,2,1247356437,5,,
12,2.4000000000000004,B,mainline,True,False,76.0,20.0,0,maintain,0.0,0.0,82.56000000000007,20.800000000000068,1,0,accelerate-maintain,-0.023261621594429016,-0.0959828794002533,-0.08272211253643036,0,-0.023261621594429016,-0.08272211253643036,0.05946049094200134,0.07272125780582428,"[true, true, true]",False,False,False,65030,0,b63d9a6a59c92b71ebb27d6dbfb387c70df516f225f067e4dfea40157df365d3,validation_003,1,2,1247356437,5,,
12,2.4000000000000004,B_front,background_mainline,True,,168.0,20.0,,,,,,,,,,,,,,,,,,,,,,65030,0,b63d9a6a59c92b71ebb27d6dbfb387c70df516f225f067e4dfea40157df365d3,validation_003,1,2,1247356437,5,,
12,2.4000000000000004,B_rear,background_mainline,True,,47.91785446244585,17.858990433126642,,,,,,,,,,,,,,,,,,,,,,65030,0,b63d9a6a59c92b71ebb27d6dbfb387c70df516f225f067e4dfea40157df365d3,validation_003,1,2,1247356437,5,,
13,2.6,A,ramp,True,False,86.76000000000009,21.200000000000074,1,accelerate,2.0,2.0000000000000284,80.0,20.0,1,0,accelerate-maintain,-0.07169084250926971,0.0957615002989769,-0.034684523940086365,1,0.0957615002989769,-0.034684523940086365,0.13044602423906326,0.1674523428082466,"[true, true, true]",False,False,False,65030,0,b63d9a6a59c92b71ebb27d6dbfb387c70df516f225f067e4dfea40157df365d3,validation_003,1,2,1247356437,5,,
13,2.6,B,mainline,True,False,80.0,20.0,0,maintain,0.0,0.0,86.76000000000009,21.200000000000074,1,0,accelerate-maintain,-0.024418659508228302,-0.09482856094837189,-0.08110081404447556,0,-0.024418659508228302,-0.08110081404447556,0.05668215453624725,0.07040990144014359,"[true, true, true]",False,False,False,65030,0,b63d9a6a59c92b71ebb27d6dbfb387c70df516f225f067e4dfea40157df365d3,validation_003,1,2,1247356437,5,,
13,2.6,B_front,background_mainline,True,,172.0,20.0,,,,,,,,,,,,,,,,,,,,,,65030,0,b63d9a6a59c92b71ebb27d6dbfb387c70df516f225f067e4dfea40157df365d3,validation_003,1,2,1247356437,5,,
13,2.6,B_rear,background_mainline,True,,51.487832908435976,17.84178147527624,,,,,,,,,,,,,,,,,,,,,,65030,0,b63d9a6a59c92b71ebb27d6dbfb387c70df516f225f067e4dfea40157df365d3,validation_003,1,2,1247356437,5,,
14,2.8000000000000003,A,ramp,True,False,91.0400000000001,21.60000000000008,1,accelerate,2.0,2.0000000000000284,84.0,20.0,1,0,accelerate-maintain,-0.07113263010978699,0.0949091762304306,-0.0345483124256134,1,0.0949091762304306,-0.0345483124256134,0.129457488656044,0.1660418063402176,"[true, true, true]",False,False,False,65030,0,b63d9a6a59c92b71ebb27d6dbfb387c70df516f225f067e4dfea40157df365d3,validation_003,1,2,1247356437,5,,
14,2.8000000000000003,B,mainline,True,False,84.0,20.0,0,maintain,0.0,0.0,91.0400000000001,21.60000000000008,1,0,accelerate-maintain,-0.025787830352783203,-0.09444572031497955,-0.07983072102069855,0,-0.025787830352783203,-0.07983072102069855,0.054042890667915344,0.06865788996219635,"[true, true, true]",False,False,False,65030,0,b63d9a6a59c92b71ebb27d6dbfb387c70df516f225f067e4dfea40157df365d3,validation_003,1,2,1247356437,5,,
14,2.8000000000000003,B_front,background_mainline,True,,176.0,20.0,,,,,,,,,,,,,,,,,,,,,,65030,0,b63d9a6a59c92b71ebb27d6dbfb387c70df516f225f067e4dfea40157df365d3,validation_003,1,2,1247356437,5,,
14,2.8000000000000003,B_rear,background_mainline,True,,55.05496583010487,17.830378655921983,,,,,,,,,,,,,,,,,,,,,,65030,0,b63d9a6a59c92b71ebb27d6dbfb387c70df516f225f067e4dfea40157df365d3,validation_003,1,2,1247356437,5,,
15,3.0,A,ramp,True,False,95.40000000000013,22.000000000000085,1,accelerate,2.0,2.0000000000000284,88.0,20.0,1,0,accelerate-maintain,-0.07028790563344955,0.09407135844230652,-0.0339743047952652,1,0.09407135844230652,-0.0339743047952652,0.12804566323757172,0.16435926407575607,"[true, true, true]",False,False,False,65030,0,b63d9a6a59c92b71ebb27d6dbfb387c70df516f225f067e4dfea40157df365d3,validation_003,1,2,1247356437,5,,
15,3.0,B,mainline,True,False,88.0,20.0,0,maintain,0.0,0.0,95.40000000000013,22.000000000000085,1,0,accelerate-maintain,-0.02727605402469635,-0.09449761360883713,-0.07875622808933258,0,-0.02727605402469635,-0.07875622808933258,0.05148017406463623,0.06722155958414078,"[true, true, true]",False,False,False,65030,0,b63d9a6a59c92b71ebb27d6dbfb387c70df516f225f067e4dfea40157df365d3,validation_003,1,2,1247356437,5,,
15,3.0,B_front,background_mainline,True,,180.0,20.0,,,,,,,,,,,,,,,,,,,,,,65030,0,b63d9a6a59c92b71ebb27d6dbfb387c70df516f225f067e4dfea40157df365d3,validation_003,1,2,1247356437,5,,
15,3.0,B_rear,background_mainline,True,,58.62032044288004,17.82386872025833,,,,,,,,,,,,,,,,,,,,,,65030,0,b63d9a6a59c92b71ebb27d6dbfb387c70df516f225f067e4dfea40157df365d3,validation_003,1,2,1247356437,5,,
16,3.2,A,ramp,True,False,99.84000000000016,22.40000000000009,1,accelerate,2.0,2.0000000000000284,92.0,20.0,1,0,accelerate-maintain,-0.06933043897151947,0.093171626329422,-0.03283759206533432,1,0.093171626329422,-0.03283759206533432,0.12600921839475632,0.16250206530094147,"[true, true, true]",False,False,False,65030,0,b63d9a6a59c92b71ebb27d6dbfb387c70df516f225f067e4dfea40157df365d3,validation_003,1,2,1247356437,5,,
16,3.2,B,mainline,True,False,92.0,20.0,0,maintain,0.0,0.0,99.84000000000016,22.40000000000009,1,0,accelerate-maintain,-0.028880998492240906,-0.09470665454864502,-0.0778471827507019,0,-0.028880998492240906,-0.0778471827507019,0.048966184258461,0.06582565605640411,"[true, true, true]",False,False,False,65030,0,b63d9a6a59c92b71ebb27d6dbfb387c70df516f225f067e4dfea40157df365d3,validation_003,1,2,1247356437,5,,
16,3.2,B_front,background_mainline,True,,184.0,20.0,,,,,,,,,,,,,,,,,,,,,,65030,0,b63d9a6a59c92b71ebb27d6dbfb387c70df516f225f067e4dfea40157df365d3,validation_003,1,2,1247356437,5,,
16,3.2,B_rear,background_mainline,True,,62.18479725868787,17.82149249512178,,,,,,,,,,,,,,,,,,,,,,65030,0,b63d9a6a59c92b71ebb27d6dbfb387c70df516f225f067e4dfea40157df365d3,validation_003,1,2,1247356437,5,,
17,3.4000000000000004,A,ramp,True,False,104.36000000000017,22.800000000000097,1,accelerate,2.0,2.0000000000000284,96.0,20.0,1,0,accelerate-maintain,-0.06847125291824341,0.09235884994268417,-0.031959474086761475,1,0.09235884994268417,-0.031959474086761475,0.12431832402944565,0.16083010286092758,"[true, true, true]",False,False,False,65030,0,b63d9a6a59c92b71ebb27d6dbfb387c70df516f225f067e4dfea40157df365d3,validation_003,1,2,1247356437,5,3.873782465714754,
17,3.4000000000000004,B,mainline,True,False,96.0,20.0,0,maintain,0.0,0.0,104.36000000000017,22.800000000000097,1,0,accelerate-maintain,-0.030619971454143524,-0.09509672224521637,-0.07712683081626892,0,-0.030619971454143524,-0.07712683081626892,0.0465068593621254,0.06447675079107285,"[true, true, true]",False,False,False,65030,0,b63d9a6a59c92b71ebb27d6dbfb387c70df516f225f067e4dfea40157df365d3,validation_003,1,2,1247356437,5,3.873782465714754,
17,3.4000000000000004,B_front,background_mainline,True,,188.0,20.0,,,,,,,,,,,,,,,,,,,,,,65030,0,b63d9a6a59c92b71ebb27d6dbfb387c70df516f225f067e4dfea40157df365d3,validation_003,1,2,1247356437,5,,
17,3.4000000000000004,B_rear,background_mainline,True,,65.74915774430865,17.82261456794975,,,,,,,,,,,,,,,,,,,,,,65030,0,b63d9a6a59c92b71ebb27d6dbfb387c70df516f225f067e4dfea40157df365d3,validation_003,1,2,1247356437,5,,
18,3.6,A,ramp,True,False,108.96000000000018,23.200000000000102,1,accelerate,2.0,2.0000000000000284,100.0,20.0,1,0,accelerate-maintain,-0.12565383315086365,0.09216320514678955,-0.05379800498485565,1,0.09216320514678955,-0.05379800498485565,0.1459612101316452,0.2178170382976532,"[true, true, true]",False,False,False,65030,0,b63d9a6a59c92b71ebb27d6dbfb387c70df516f225f067e4dfea40157df365d3,validation_003,1,2,1247356437,5,4.518149393753859,
18,3.6,B,mainline,True,False,100.0,20.0,0,maintain,0.0,0.0,108.96000000000018,23.200000000000102,1,0,accelerate-maintain,-0.017834797501564026,-0.07909192144870758,-0.0881720557808876,0,-0.017834797501564026,-0.07909192144870758,0.061257123947143555,0.07033725827932358,"[true, true, true]",False,False,False,65030,0,b63d9a6a59c92b71ebb27d6dbfb387c70df516f225f067e4dfea40157df365d3,validation_003,1,2,1247356437,5,4.518149393753859,
18,3.6,B_front,background_mainline,True,,192.0,20.0,,,,,,,,,,,,,,,,,,,,,,65030,0,b63d9a6a59c92b71ebb27d6dbfb387c70df516f225f067e4dfea40157df365d3,validation_003,1,2,1247356437,5,,
18,3.6,B_rear,background_mainline,True,,69.31404664279964,17.82669990521531,,,,,,,,,,,,,,,,,,,,,,65030,0,b63d9a6a59c92b71ebb27d6dbfb387c70df516f225f067e4dfea40157df365d3,validation_003,1,2,1247356437,5,,
19,3.8000000000000003,A,ramp,True,False,113.6400000000002,23.600000000000108,1,accelerate,2.0,2.0000000000000284,104.0,20.0,1,0,accelerate-maintain,-0.12322716414928436,0.09267809987068176,-0.052193909883499146,1,0.09267809987068176,-0.052193909883499146,0.1448720097541809,0.21590526401996613,"[true, true, true]",False,False,False,65030,0,b63d9a6a59c92b71ebb27d6dbfb387c70df516f225f067e4dfea40157df365d3,validation_003,1,2,1247356437,5,5.246878161498273,
19,3.8000000000000003,B,mainline,True,False,104.0,20.0,0,maintain,0.0,0.0,113.6400000000002,23.600000000000108,1,0,accelerate-maintain,-0.018621191382408142,-0.08031509816646576,-0.08681865781545639,0,-0.018621191382408142,-0.08031509816646576,0.06169390678405762,0.06819746643304825,"[true, true, true]",False,False,False,65030,0,b63d9a6a59c92b71ebb27d6dbfb387c70df516f225f067e4dfea40157df365d3,validation_003,1,2,1247356437,5,5.246878161498273,
19,3.8000000000000003,B_front,background_mainline,True,,196.0,20.0,,,,,,,,,,,,,,,,,,,,,,65030,0,b63d9a6a59c92b71ebb27d6dbfb387c70df516f225f067e4dfea40157df365d3,validation_003,1,2,1247356437,5,,
19,3.8000000000000003,B_rear,background_mainline,True,,72.88001015572469,17.833295606636447,,,,,,,,,,,,,,,,,,,,,,65030,0,b63d9a6a59c92b71ebb27d6dbfb387c70df516f225f067e4dfea40157df365d3,validation_003,1,2,1247356437,5,,
20,4.0,A,ramp,True,False,118.40000000000022,24.000000000000114,1,accelerate,2.0,2.0000000000000284,108.0,20.0,1,0,accelerate-maintain,-0.12071254104375839,0.09320042282342911,-0.05067671090364456,1,0.09320042282342911,-0.05067671090364456,0.14387713372707367,0.2139129638671875,"[true, true, true]",False,False,False,65030,0,b63d9a6a59c92b71ebb27d6dbfb387c70df516f225f067e4dfea40157df365d3,validation_003,1,2,1247356437,5,6.065010408115995,
20,4.0,B,mainline,True,False,108.0,20.0,0,maintain,0.0,0.0,118.40000000000022,24.000000000000114,1,0,accelerate-maintain,-0.019429773092269897,-0.08158944547176361,-0.08541862666606903,0,-0.019429773092269897,-0.08158944547176361,0.06215967237949371,0.06598885357379913,"[true, true, true]",False,False,False,65030,0,b63d9a6a59c92b71ebb27d6dbfb387c70df516f225f067e4dfea40157df365d3,validation_003,1,2,1247356437,5,6.065010408115995,
20,4.0,B_front,background_mainline,True,,200.0,20.0,,,,,,,,,,,,,,,,,,,,,,65030,0,b63d9a6a59c92b71ebb27d6dbfb387c70df516f225f067e4dfea40157df365d3,validation_003,1,2,1247356437,5,,
20,4.0,B_rear,background_mainline,True,,76.44751087836282,17.842016511867854,,,,,,,,,,,,,,,,,,,,,,65030,0,b63d9a6a59c92b71ebb27d6dbfb387c70df516f225f067e4dfea40157df365d3,validation_003,1,2,1247356437,5,,
21,4.2,A,ramp,True,False,123.24000000000024,24.40000000000012,1,accelerate,2.0,2.0000000000000284,112.0,20.0,1,0,accelerate-maintain,-0.11842451989650726,0.0938897505402565,-0.04964682459831238,1,0.0938897505402565,-0.04964682459831238,0.14353657513856888,0.21231427043676376,"[true, true, true]",False,False,False,65030,0,b63d9a6a59c92b71ebb27d6dbfb387c70df516f225f067e4dfea40157df365d3,validation_003,1,2,1247356437,5,6.973831535029191,
21,4.2,B,mainline,True,False,112.0,20.0,0,maintain,0.0,0.0,123.24000000000024,24.40000000000012,1,0,accelerate-maintain,-0.020265929400920868,-0.08291822671890259,-0.08396558463573456,0,-0.020265929400920868,-0.08291822671890259,0.06265229731798172,0.06369965523481369,"[true, true, true]",False,False,False,65030,0,b63d9a6a59c92b71ebb27d6dbfb387c70df516f225f067e4dfea40157df365d3,validation_003,1,2,1247356437,5,6.973831535029191,
21,4.2,B_front,background_mainline,True,,204.0,20.0,,,,,,,,,,,,,,,,,,,,,,65030,0,b63d9a6a59c92b71ebb27d6dbfb387c70df516f225f067e4dfea40157df365d3,validation_003,1,2,1247356437,5,,
21,4.2,B_rear,background_mainline,True,,80.01694016111935,17.852533732949322,,,,,,,,,,,,,,,,,,,,,,65030,0,b63d9a6a59c92b71ebb27d6dbfb387c70df516f225f067e4dfea40157df365d3,validation_003,1,2,1247356437,5,,
22,4.4,A,ramp,True,False,128.16000000000025,24.800000000000125,1,accelerate,2.0,2.0000000000000284,116.0,20.0,1,0,accelerate-maintain,-0.11622431874275208,0.09466736018657684,-0.048812851309776306,1,0.09466736018657684,-0.048812851309776306,0.14348021149635315,0.21089167892932892,"[true, true, true]",False,False,False,65030,0,b63d9a6a59c92b71ebb27d6dbfb387c70df516f225f067e4dfea40157df365d3,validation_003,1,2,1247356437,5,7.970420718597552,
22,4.4,B,mainline,True,False,116.0,20.0,0,maintain,0.0,0.0,128.16000000000025,24.800000000000125,1,0,accelerate-maintain,-0.021133415400981903,-0.08430267125368118,-0.08245531469583511,0,-0.021133415400981903,-0.08245531469583511,0.06132189929485321,0.06316925585269928,"[true, true, true]",False,False,False,65030,0,b63d9a6a59c92b71ebb27d6dbfb387c70df516f225f067e4dfea40157df365d3,validation_003,1,2,1247356437,5,7.970420718597552,
22,4.4,B_front,background_mainline,True,,208.0,20.0,,,,,,,,,,,,,,,,,,,,,,65030,0,b63d9a6a59c92b71ebb27d6dbfb387c70df516f225f067e4dfea40157df365d3,validation_003,1,2,1247356437,5,,
22,4.4,B_rear,background_mainline,True,,83.58862841121896,17.864565434093915,,,,,,,,,,,,,,,,,,,,,,65030,0,b63d9a6a59c92b71ebb27d6dbfb387c70df516f225f067e4dfea40157df365d3,validation_003,1,2,1247356437,5,,
23,4.6000000000000005,A,ramp,True,False,133.16000000000025,25.20000000000013,1,accelerate,2.0,2.0000000000000284,120.0,20.0,1,0,accelerate-maintain,-0.11402987688779831,0.09548553079366684,-0.04800189286470413,1,0.09548553079366684,-0.04800189286470413,0.14348742365837097,0.20951540768146515,"[true, true, true]",False,False,False,65030,0,b63d9a6a59c92b71ebb27d6dbfb387c70df516f225f067e4dfea40157df365d3,validation_003,1,2,1247356437,5,9.050069540233096,
23,4.6000000000000005,B,mainline,True,False,120.0,20.0,0,maintain,0.0,0.0,133.16000000000025,25.20000000000013,1,0,accelerate-maintain,-0.022388726472854614,-0.0857614204287529,-0.08111229538917542,0,-0.022388726472854614,-0.08111229538917542,0.0587235689163208,0.06337269395589828,"[true, true, true]",False,False,False,65030,0,b63d9a6a59c92b71ebb27d6dbfb387c70df516f225f067e4dfea40157df365d3,validation_003,1,2,1247356437,5,9.050069540233096,
23,4.6000000000000005,B_front,background_mainline,True,,212.0,20.0,,,,,,,,,,,,,,,,,,,,,,65030,0,b63d9a6a59c92b71ebb27d6dbfb387c70df516f225f067e4dfea40157df365d3,validation_003,1,2,1247356437,5,,
23,4.6000000000000005,B_rear,background_mainline,True,,87.16285373155758,17.87786935591039,,,,,,,,,,,,,,,,,,,,,,65030,0,b63d9a6a59c92b71ebb27d6dbfb387c70df516f225f067e4dfea40157df365d3,validation_003,1,2,1247356437,5,,
24,4.800000000000001,A,ramp,True,False,138.2400000000003,25.600000000000136,1,accelerate,2.0,2.0000000000000284,124.0,20.0,1,0,accelerate-maintain,-0.1118369922041893,0.09634039551019669,-0.047210901975631714,1,0.09634039551019669,-0.047210901975631714,0.1435512974858284,0.208177387714386,"[true, true, true]",False,False,False,65030,0,b63d9a6a59c92b71ebb27d6dbfb387c70df516f225f067e4dfea40157df365d3,validation_003,1,2,1247356437,5,10.210068760524194,
24,4.800000000000001,B,mainline,True,False,124.0,20.0,0,maintain,0.0,0.0,138.2400000000003,25.600000000000136,1,0,accelerate-maintain,-0.024038925766944885,-0.08523987978696823,-0.08057141304016113,0,-0.024038925766944885,-0.08057141304016113,0.05653248727321625,0.061200954020023346,"[true, true, true]",False,False,False,65030,0,b63d9a6a59c92b71ebb27d6dbfb387c70df516f225f067e4dfea40157df365d3,validation_003,1,2,1247356437,5,10.210068760524194,
24,4.800000000000001,B_front,background_mainline,True,,216.0,20.0,,,,,,,,,,,,,,,,,,,,,,65030,0,b63d9a6a59c92b71ebb27d6dbfb387c70df516f225f067e4dfea40157df365d3,validation_003,1,2,1247356437,5,,
24,4.800000000000001,B_rear,background_mainline,True,,90.73984920622536,17.892236706917014,,,,,,,,,,,,,,,,,,,,,,65030,0,b63d9a6a59c92b71ebb27d6dbfb387c70df516f225f067e4dfea40157df365d3,validation_003,1,2,1247356437,5,,
25,5.0,A,ramp,True,False,143.40000000000032,26.000000000000142,1,accelerate,2.0,2.0000000000000284,128.0,20.0,1,0,accelerate-maintain,-0.10962901264429092,0.09720341116189957,-0.04645445942878723,1,0.09720341116189957,-0.04645445942878723,0.1436578705906868,0.2068324238061905,"[true, true, true]",False,False,False,65030,0,b63d9a6a59c92b71ebb27d6dbfb387c70df516f225f067e4dfea40157df365d3,validation_003,1,2,1247356437,5,11.450068760524204,
25,5.0,B,mainline,True,False,128.0,20.0,0,maintain,0.0,0.0,143.40000000000032,26.000000000000142,1,0,accelerate-maintain,-0.025267332792282104,-0.08447876572608948,-0.0804186537861824,0,-0.025267332792282104,-0.0804186537861824,0.0551513209939003,0.05921143293380737,"[true, true, true]",False,False,False,65030,0,b63d9a6a59c92b71ebb27d6dbfb387c70df516f225f067e4dfea40157df365d3,validation_003,1,2,1247356437,5,11.450068760524204,
25,5.0,B_front,background_mainline,True,,220.0,20.0,,,,,,,,,,,,,,,,,,,,,,65030,0,b63d9a6a59c92b71ebb27d6dbfb387c70df516f225f067e4dfea40157df365d3,validation_003,1,2,1247356437,5,,
25,5.0,B_rear,background_mainline,True,,94.31980907635864,17.907487136463416,,,,,,,,,,,,,,,,,,,,,,65030,0,b63d9a6a59c92b71ebb27d6dbfb387c70df516f225f067e4dfea40157df365d3,validation_003,1,2,1247356437,5,,
26,5.2,A,ramp,True,False,148.64000000000033,26.400000000000148,1,accelerate,2.0,2.0000000000000284,132.0,20.0,1,0,accelerate-maintain,-0.10740916430950165,0.09798666089773178,-0.04584920406341553,1,0.09798666089773178,-0.04584920406341553,0.1438358649611473,0.20539582520723343,"[true, true, true]",False,False,False,65030,0,b63d9a6a59c92b71ebb27d6dbfb387c70df516f225f067e4dfea40157df365d3,validation_003,1,2,1247356437,5,12.770068760524254,
26,5.2,B,mainline,True,False,132.0,20.0,0,maintain,0.0,0.0,148.64000000000033,26.400000000000148,1,0,accelerate-maintain,-0.0261886864900589,-0.08340737223625183,-0.08055519312620163,0,-0.0261886864900589,-0.08055519312620163,0.05436650663614273,0.05721868574619293,"[true, true, true]",False,False,False,65030,0,b63d9a6a59c92b71ebb27d6dbfb387c70df516f225f067e4dfea40157df365d3,validation_003,1,2,1247356437,5,12.770068760524254,
26,5.2,B_front,background_mainline,True,,224.0,20.0,,,,,,,,,,,,,,,,,,,,,,65030,0,b63d9a6a59c92b71ebb27d6dbfb387c70df516f225f067e4dfea40157df365d3,validation_003,1,2,1247356437,5,,
26,5.2,B_rear,background_mainline,True,,97.90289399981832,17.92346457017777,,,,,,,,,,,,,,,,,,,,,,65030,0,b63d9a6a59c92b71ebb27d6dbfb387c70df516f225f067e4dfea40157df365d3,validation_003,1,2,1247356437,5,,
27,5.4,A,ramp,True,False,153.96000000000038,26.800000000000153,1,accelerate,2.0,2.0000000000000284,136.0,20.0,1,0,accelerate-maintain,-0.10515737533569336,0.09878400713205338,-0.045250244438648224,1,0.09878400713205338,-0.045250244438648224,0.1440342515707016,0.20394138246774673,"[true, true, true]",False,False,False,65030,0,b63d9a6a59c92b71ebb27d6dbfb387c70df516f225f067e4dfea40157df365d3,validation_003,1,2,1247356437,5,14.170068760524288,
27,5.4,B,mainline,True,False,136.0,20.0,0,maintain,0.0,0.0,153.96000000000038,26.800000000000153,1,0,accelerate-maintain,-0.027267418801784515,-0.08236077427864075,-0.08074504882097244,0,-0.027267418801784515,-0.08074504882097244,0.05347763001918793,0.05509335547685623,"[true, true, true]",False,False,False,65030,0,b63d9a6a59c92b71ebb27d6dbfb387c70df516f225f067e4dfea40157df365d3,validation_003,1,2,1247356437,5,14.170068760524288,
27,5.4,B_front,background_mainline,True,,228.0,20.0,,,,,,,,,,,,,,,,,,,,,,65030,0,b63d9a6a59c92b71ebb27d6dbfb387c70df516f225f067e4dfea40157df365d3,validation_003,1,2,1247356437,5,,
27,5.4,B_rear,background_mainline,True,,101.48923554961637,17.9400337387839,,,,,,,,,,,,,,,,,,,,,,65030,0,b63d9a6a59c92b71ebb27d6dbfb387c70df516f225f067e4dfea40157df365d3,validation_003,1,2,1247356437,5,,
28,5.6000000000000005,A,ramp,True,False,159.3600000000004,27.20000000000016,1,accelerate,2.0,2.0000000000000284,140.0,20.0,1,0,accelerate-maintain,-0.10287368297576904,0.09959538280963898,-0.044657692313194275,1,0.09959538280963898,-0.044657692313194275,0.14425307512283325,0.20246906578540802,"[true, true, true]",False,False,False,65030,0,b63d9a6a59c92b71ebb27d6dbfb387c70df516f225f067e4dfea40157df365d3,validation_003,1,2,1247356437,5,15.650068760524306,
28,5.6000000000000005,B,mainline,True,False,140.0,20.0,0,maintain,0.0,0.0,159.3600000000004,27.20000000000016,1,0,accelerate-maintain,-0.028488703072071075,-0.08135120570659637,-0.08100374788045883,0,-0.028488703072071075,-0.08100374788045883,0.052515044808387756,0.0528625026345253,"[true, true, true]",False,False,False,65030,0,b63d9a6a59c92b71ebb27d6dbfb387c70df516f225f067e4dfea40157df365d3,validation_003,1,2,1247356437,5,15.650068760524306,
28,5.6000000000000005,B_front,background_mainline,True,,232.0,20.0,,,,,,,,,,,,,,,,,,,,,,65030,0,b63d9a6a59c92b71ebb27d6dbfb387c70df516f225f067e4dfea40157df365d3,validation_003,1,2,1247356437,5,,
28,5.6000000000000005,B_rear,background_mainline,True,,105.07894007607332,17.957077268416217,,,,,,,,,,,,,,,,,,,,,,65030,0,b63d9a6a59c92b71ebb27d6dbfb387c70df516f225f067e4dfea40157df365d3,validation_003,1,2,1247356437,5,,
29,5.800000000000001,A,ramp,True,False,164.84000000000043,27.600000000000165,1,accelerate,2.0,2.0000000000000284,144.0,20.0,1,0,accelerate-maintain,-0.10004390776157379,0.10096478462219238,-0.04341264069080353,1,0.10096478462219238,-0.04341264069080353,0.1443774253129959,0.20100869238376617,"[true, true, true]",False,False,False,65030,0,b63d9a6a59c92b71ebb27d6dbfb387c70df516f225f067e4dfea40157df365d3,validation_003,1,2,1247356437,5,17.210068760524365,
29,5.800000000000001,B,mainline,True,False,144.0,20.0,0,maintain,0.0,0.0,164.84000000000043,27.600000000000165,1,0,accelerate-maintain,-0.029661037027835846,-0.08000282943248749,-0.08098950982093811,0,-0.029661037027835846,-0.08000282943248749,0.05034179240465164,0.051328472793102264,"[true, true, true]",False,False,False,65030,0,b63d9a6a59c92b71ebb27d6dbfb387c70df516f225f067e4dfea40157df365d3,validation_003,1,2,1247356437,5,17.210068760524365,
29,5.800000000000001,B_front,background_mainline,True,,236.0,20.0,,,,,,,,,,,,,,,,,,,,,,65030,0,b63d9a6a59c92b71ebb27d6dbfb387c70df516f225f067e4dfea40157df365d3,validation_003,1,2,1247356437,5,,
29,5.800000000000001,B_rear,background_mainline,True,,108.67209203425807,17.974493228779863,,,,,,,,,,,,,,,,,,,,,,65030,0,b63d9a6a59c92b71ebb27d6dbfb387c70df516f225f067e4dfea40157df365d3,validation_003,1,2,1247356437,5,,
30,6.0,A,ramp,True,False,170.4000000000005,28.00000000000017,1,accelerate,2.0,2.0000000000000284,148.0,20.0,1,0,accelerate-maintain,-0.09740722179412842,0.10263299942016602,-0.0421658456325531,1,0.10263299942016602,-0.0421658456325531,0.14479884505271912,0.20004022121429443,"[true, true, true]",False,False,False,65030,0,b63d9a6a59c92b71ebb27d6dbfb387c70df516f225f067e4dfea40157df365d3,validation_003,1,2,1247356437,5,18.850068760524408,
30,6.0,B,mainline,True,False,148.0,20.0,0,maintain,0.0,0.0,170.4000000000005,28.00000000000017,1,0,accelerate-maintain,-0.030836649239063263,-0.07867328077554703,-0.0809396281838417,0,-0.030836649239063263,-0.07867328077554703,0.047836631536483765,0.05010297894477844,"[true, true, true]",False,False,False,65030,0,b63d9a6a59c92b71ebb27d6dbfb387c70df516f225f067e4dfea40157df365d3,validation_003,1,2,1247356437,5,18.850068760524408,
30,6.0,B_front,background_mainline,True,,240.0,20.0,,,,,,,,,,,,,,,,,,,,,,65030,0,b63d9a6a59c92b71ebb27d6dbfb387c70df516f225f067e4dfea40157df365d3,validation_003,1,2,1247356437,5,,
30,6.0,B_rear,background_mainline,True,,112.26875685977498,17.992193057053324,,,,,,,,,,,,,,,,,,,,,,65030,0,b63d9a6a59c92b71ebb27d6dbfb387c70df516f225f067e4dfea40157df365d3,validation_003,1,2,1247356437,5,,
31,6.2,A,ramp,True,False,176.04000000000053,28.400000000000176,1,accelerate,2.0,2.0000000000000284,152.0,20.0,1,0,accelerate-maintain,-0.09598787873983383,0.1038612350821495,-0.04155494272708893,1,0.1038612350821495,-0.04155494272708893,0.14541617780923843,0.19984911382198334,"[true, true, true]",False,False,False,65030,0,b63d9a6a59c92b71ebb27d6dbfb387c70df516f225f067e4dfea40157df365d3,validation_003,1,2,1247356437,5,20.570068760524435,
31,6.2,B,mainline,True,False,152.0,20.0,0,maintain,0.0,0.0,176.04000000000053,28.400000000000176,1,0,accelerate-maintain,-0.032126255333423615,-0.07744147628545761,-0.08109626173973083,0,-0.032126255333423615,-0.07744147628545761,0.045315220952034,0.04897000640630722,"[true, true, true]",False,False,False,65030,0,b63d9a6a59c92b71ebb27d6dbfb387c70df516f225f067e4dfea40157df365d3,validation_003,1,2,1247356437,5,20.570068760524435,
31,6.2,B_front,background_mainline,True,,244.0,20.0,,,,,,,,,,,,,,,,,,,,,,65030,0,b63d9a6a59c92b71ebb27d6dbfb387c70df516f225f067e4dfea40157df365d3,validation_003,1,2,1247356437,5,,
31,6.2,B_rear,background_mainline,True,,115.86898346126853,18.010099792025652,,,,,,,,,,,,,,,,,,,,,,65030,0,b63d9a6a59c92b71ebb27d6dbfb387c70df516f225f067e4dfea40157df365d3,validation_003,1,2,1247356437,5,,
32,6.4,A,ramp,True,False,181.76000000000056,28.800000000000182,1,accelerate,2.0,2.0000000000000284,156.0,20.0,1,0,accelerate-maintain,-0.09414947032928467,0.10387074202299118,-0.039860308170318604,1,0.10387074202299118,-0.039860308170318604,0.14373105019330978,0.19802021235227585,"[true, true, true]",False,False,False,65030,0,b63d9a6a59c92b71ebb27d6dbfb387c70df516f225f067e4dfea40157df365d3,validation_003,1,2,1247356437,5,22.370068760524475,
32,6.4,B,mainline,True,False,156.0,20.0,0,maintain,0.0,0.0,181.76000000000056,28.800000000000182,1,0,accelerate-maintain,-0.03428217023611069,-0.07649193704128265,-0.08209787309169769,0,-0.03428217023611069,-0.07649193704128265,0.04220976680517197,0.047815702855587006,"[true, true, true]",False,False,False,65030,0,b63d9a6a59c92b71ebb27d6dbfb387c70df516f225f067e4dfea40157df365d3,validation_003,1,2,1247356437,5,22.370068760524475,
32,6.4,B_front,background_mainline,True,,248.0,20.0,,,,,,,,,,,,,,,,,,,,,,65030,0,b63d9a6a59c92b71ebb27d6dbfb387c70df516f225f067e4dfea40157df365d3,validation_003,1,2,1247356437,5,,
32,6.4,B_rear,background_mainline,True,,119.47280638625287,18.028146565841105,,,,,,,,,,,,,,,,,,,,,,65030,0,b63d9a6a59c92b71ebb27d6dbfb387c70df516f225f067e4dfea40157df365d3,validation_003,1,2,1247356437,5,,
33,6.6000000000000005,A,ramp,True,False,187.5600000000006,29.200000000000188,1,accelerate,2.0,2.0000000000000284,160.0,20.0,1,0,accelerate-maintain,-0.09239188581705093,0.10289794206619263,-0.03757756948471069,1,0.10289794206619263,-0.03757756948471069,0.14047551155090332,0.19528982788324356,"[true, true, true]",False,False,False,65030,0,b63d9a6a59c92b71ebb27d6dbfb387c70df516f225f067e4dfea40157df365d3,validation_003,1,2,1247356437,5,24.2500687605245,
33,6.6000000000000005,B,mainline,True,False,160.0,20.0,0,maintain,0.0,0.0,187.5600000000006,29.200000000000188,1,0,accelerate-maintain,-0.03673717379570007,-0.07585853338241577,-0.08314479887485504,0,-0.03673717379570007,-0.07585853338241577,0.0391213595867157,0.04640762507915497,"[true, true, true]",False,False,False,65030,0,b63d9a6a59c92b71ebb27d6dbfb387c70df516f225f067e4dfea40157df365d3,validation_003,1,2,1247356437,5,24.2500687605245,
33,6.6000000000000005,B_front,background_mainline,True,,252.0,20.0,,,,,,,,,,,,,,,,,,,,,,65030,0,b63d9a6a59c92b71ebb27d6dbfb387c70df516f225f067e4dfea40157df365d3,validation_003,1,2,1247356437,5,,
33,6.6000000000000005,B_rear,background_mainline,True,,123.08024770739308,18.046275310796208,,,,,,,,,,,,,,,,,,,,,,65030,0,b63d9a6a59c92b71ebb27d6dbfb387c70df516f225f067e4dfea40157df365d3,validation_003,1,2,1247356437,5,,
34,6.800000000000001,A,ramp,True,False,193.44000000000062,29.600000000000193,1,accelerate,2.0,1.9999999999960494,164.0,20.0,1,0,accelerate-maintain,-0.09054037928581238,0.10215291380882263,-0.03503958880901337,1,0.10215291380882263,-0.03503958880901337,0.137192502617836,0.192693293094635,"[true, true, true]",False,False,False,65030,0,b63d9a6a59c92b71ebb27d6dbfb387c70df516f225f067e4dfea40157df365d3,validation_003,1,2,1247356437,5,26.210068760524535,
34,6.800000000000001,B,mainline,True,False,164.0,20.0,0,maintain,0.0,0.0,193.44000000000062,29.600000000000193,1,0,accelerate-maintain,-0.03916960954666138,-0.07513829320669174,-0.0840320736169815,0,-0.03916960954666138,-0.07513829320669174,0.035968683660030365,0.04486246407032013,"[true, true, true]",False,False,False,65030,0,b63d9a6a59c92b71ebb27d6dbfb387c70df516f225f067e4dfea40157df365d3,validation_003,1,2,1247356437,5,26.210068760524535,
34,6.800000000000001,B_front,background_mainline,True,,256.0,20.0,,,,,,,,,,,,,,,,,,,,,,65030,0,b63d9a6a59c92b71ebb27d6dbfb387c70df516f225f067e4dfea40157df365d3,validation_003,1,2,1247356437,5,,
34,6.800000000000001,B_rear,background_mainline,True,,126.69131866867659,18.064435646566654,,,,,,,,,,,,,,,,,,,,,,65030,0,b63d9a6a59c92b71ebb27d6dbfb387c70df516f225f067e4dfea40157df365d3,validation_003,1,2,1247356437,5,,
35,7.0,A,ramp,True,False,199.40000000000066,30.0,1,accelerate,2.0,0.0,168.0,20.0,1,0,accelerate-maintain,-0.08848117291927338,0.10167436301708221,-0.03247731924057007,1,0.10167436301708221,-0.03247731924057007,0.13415168225765228,0.1901555359363556,"[true, true, true]",False,False,False,65030,0,b63d9a6a59c92b71ebb27d6dbfb387c70df516f225f067e4dfea40157df365d3,validation_003,1,2,1247356437,5,28.210068760524535,
35,7.0,B,mainline,True,False,168.0,20.0,0,maintain,0.0,0.0,199.40000000000066,30.0,1,0,accelerate-maintain,-0.041656576097011566,-0.07428422570228577,-0.08501796424388885,0,-0.041656576097011566,-0.07428422570228577,0.0326276496052742,0.04336138814687729,"[true, true, true]",False,False,False,65030,0,b63d9a6a59c92b71ebb27d6dbfb387c70df516f225f067e4dfea40157df365d3,validation_003,1,2,1247356437,5,28.210068760524535,
35,7.0,B_front,background_mainline,True,,260.0,0.0,,,,,,,,,,,,,,,,,,,,,,65030,0,b63d9a6a59c92b71ebb27d6dbfb387c70df516f225f067e4dfea40157df365d3,validation_003,1,2,1247356437,5,,
35,7.0,B_rear,background_mainline,True,,130.30602112463976,18.082583919530258,,,,,,,,,,,,,,,,,,,,,,65030,0,b63d9a6a59c92b71ebb27d6dbfb387c70df516f225f067e4dfea40157df365d3,validation_003,1,2,1247356437,5,,
36,7.2,A,ramp,True,False,205.40000000000066,30.0,1,accelerate,2.0,0.0,172.0,20.0,1,0,accelerate-maintain,-0.07423470169305801,0.11992762982845306,-0.0016676336526870728,1,0.11992762982845306,-0.0016676336526870728,0.12159526348114014,0.19416233152151108,"[true, true, true]",False,False,False,65030,0,b63d9a6a59c92b71ebb27d6dbfb387c70df516f225f067e4dfea40157df365d3,validation_003,1,2,1247356437,5,30.210068760524535,
36,7.2,B,mainline,True,False,172.0,20.0,0,maintain,0.0,0.0,205.40000000000066,30.0,1,0,accelerate-maintain,-0.04928787052631378,-0.05578615888953209,-0.09328808635473251,0,-0.04928787052631378,-0.05578615888953209,0.0064982883632183075,0.04400021582841873,"[true, true, true]",False,False,False,65030,0,b63d9a6a59c92b71ebb27d6dbfb387c70df516f225f067e4dfea40157df365d3,validation_003,1,2,1247356437,5,30.210068760524535,
36,7.2,B_front,background_mainline,True,,260.0,0.0,,,,,,,,,,,,,,,,,,,,,,65030,0,b63d9a6a59c92b71ebb27d6dbfb387c70df516f225f067e4dfea40157df365d3,validation_003,1,2,1247356437,5,,
36,7.2,B_rear,background_mainline,True,,133.9243488006676,18.100682370870235,,,,,,,,,,,,,,,,,,,,,,65030,0,b63d9a6a59c92b71ebb27d6dbfb387c70df516f225f067e4dfea40157df365d3,validation_003,1,2,1247356437,5,,
37,7.4,A,ramp,True,False,211.40000000000066,30.0,1,accelerate,2.0,0.0,176.0,20.0,1,0,accelerate-maintain,-0.07385440170764923,0.11980419605970383,0.0012437701225280762,1,0.11980419605970383,0.0012437701225280762,0.11856042593717575,0.19365859776735306,"[true, true, true]",False,False,False,65030,0,b63d9a6a59c92b71ebb27d6dbfb387c70df516f225f067e4dfea40157df365d3,validation_003,1,2,1247356437,5,32.210068760524535,
37,7.4,B,mainline,True,False,176.0,20.0,0,maintain,0.0,0.0,211.40000000000066,30.0,1,0,accelerate-maintain,-0.05067919194698334,-0.05696338415145874,-0.09379154443740845,0,-0.05067919194698334,-0.05696338415145874,0.006284192204475403,0.04311235249042511,"[true, true, true]",False,False,False,65030,0,b63d9a6a59c92b71ebb27d6dbfb387c70df516f225f067e4dfea40157df365d3,validation_003,1,2,1247356437,5,32.210068760524535,
37,7.4,B_front,background_mainline,True,,260.0,0.0,,,,,,,,,,,,,,,,,,,,,,65030,0,b63d9a6a59c92b71ebb27d6dbfb387c70df516f225f067e4dfea40157df365d3,validation_003,1,2,1247356437,5,,
37,7.4,B_rear,background_mainline,True,,137.54628839813725,18.118698414171288,,,,,,,,,,,,,,,,,,,,,,65030,0,b63d9a6a59c92b71ebb27d6dbfb387c70df516f225f067e4dfea40157df365d3,validation_003,1,2,1247356437,5,,
38,7.6000000000000005,A,ramp,True,False,217.40000000000066,30.0,1,accelerate,2.0,0.0,180.0,20.0,1,0,accelerate-maintain,-0.07347448915243149,0.11968031525611877,0.004154786467552185,1,0.11968031525611877,0.004154786467552185,0.11552552878856659,0.19315480440855026,"[true, true, true]",False,False,False,65030,0,b63d9a6a59c92b71ebb27d6dbfb387c70df516f225f067e4dfea40157df365d3,validation_003,1,2,1247356437,5,34.210068760524535,
38,7.6000000000000005,B,mainline,True,False,180.0,20.0,0,maintain,0.0,0.0,217.40000000000066,30.0,1,0,accelerate-maintain,-0.05207032710313797,-0.05814165621995926,-0.09429432451725006,0,-0.05207032710313797,-0.05814165621995926,0.006071329116821289,0.04222399741411209,"[true, true, true]",False,False,False,65030,0,b63d9a6a59c92b71ebb27d6dbfb387c70df516f225f067e4dfea40157df365d3,validation_003,1,2,1247356437,5,34.210068760524535,
38,7.6000000000000005,B_front,background_mainline,True,,260.0,0.0,,,,,,,,,,,,,,,,,,,,,,65030,0,b63d9a6a59c92b71ebb27d6dbfb387c70df516f225f067e4dfea40157df365d3,validation_003,1,2,1247356437,5,,
38,7.6000000000000005,B_rear,background_mainline,True,,141.17182056465487,18.136604006473355,,,,,,,,,,,,,,,,,,,,,,65030,0,b63d9a6a59c92b71ebb27d6dbfb387c70df516f225f067e4dfea40157df365d3,validation_003,1,2,1247356437,5,,
39,7.800000000000001,A,ramp,True,False,223.40000000000066,30.0,1,accelerate,2.0,0.0,184.0,20.0,1,0,accelerate-maintain,-0.07456473261117935,0.11875665187835693,0.004958726465702057,1,0.11875665187835693,0.004958726465702057,0.11379792541265488,0.19332138448953629,"[true, true, true]",False,False,False,65030,0,b63d9a6a59c92b71ebb27d6dbfb387c70df516f225f067e4dfea40157df365d3,validation_003,1,2,1247356437,5,36.210068760524535,
39,7.800000000000001,B,mainline,True,False,184.0,20.0,0,maintain,0.0,0.0,223.40000000000066,30.0,1,0,accelerate-maintain,-0.05349993705749512,-0.059748560190200806,-0.09378667920827866,0,-0.05349993705749512,-0.059748560190200806,0.0062486231327056885,0.04028674215078354,"[true, true, true]",False,False,False,65030,0,b63d9a6a59c92b71ebb27d6dbfb387c70df516f225f067e4dfea40157df365d3,validation_003,1,2,1247356437,5,36.210068760524535,
39,7.800000000000001,B_front,background_mainline,True,,260.0,0.0,,,,,,,,,,,,,,,,,,,,,,65030,0,b63d9a6a59c92b71ebb27d6dbfb387c70df516f225f067e4dfea40157df365d3,validation_003,1,2,1247356437,5,,
39,7.800000000000001,B_rear,background_mainline,True,,144.80092074670085,18.154375099388847,,,,,,,,,,,,,,,,,,,,,,65030,0,b63d9a6a59c92b71ebb27d6dbfb387c70df516f225f067e4dfea40157df365d3,validation_003,1,2,1247356437,5,,
40,8.0,A,ramp,True,False,229.40000000000066,30.0,1,accelerate,2.0,0.0,188.0,20.0,1,0,accelerate-maintain,-0.07599329948425293,0.11843202263116837,0.006020583212375641,1,0.11843202263116837,0.006020583212375641,0.11241143941879272,0.1944253221154213,"[true, true, true]",False,False,False,65030,0,b63d9a6a59c92b71ebb27d6dbfb387c70df516f225f067e4dfea40157df365d3,validation_003,1,2,1247356437,5,38.210068760524535,
40,8.0,B,mainline,True,False,188.0,20.0,0,maintain,0.0,0.0,229.40000000000066,30.0,1,0,accelerate-maintain,-0.05480799078941345,-0.06200658157467842,-0.09330695867538452,0,-0.05480799078941345,-0.06200658157467842,0.007198590785264969,0.03849896788597107,"[true, true, true]",False,False,False,65030,0,b63d9a6a59c92b71ebb27d6dbfb387c70df516f225f067e4dfea40157df365d3,validation_003,1,2,1247356437,5,38.210068760524535,
40,8.0,B_front,background_mainline,True,,260.0,0.0,,,,,,,,,,,,,,,,,,,,,,65030,0,b63d9a6a59c92b71ebb27d6dbfb387c70df516f225f067e4dfea40157df365d3,validation_003,1,2,1247356437,5,,
40,8.0,B_rear,background_mainline,True,,148.43355993954168,18.171991159044303,,,,,,,,,,,,,,,,,,,,,,65030,0,b63d9a6a59c92b71ebb27d6dbfb387c70df516f225f067e4dfea40157df365d3,validation_003,1,2,1247356437,5,,
41,8.200000000000001,A,ramp,True,False,235.40000000000066,30.0,1,accelerate,2.0,0.0,192.0,20.0,1,0,accelerate-maintain,-0.0774141252040863,0.11810021102428436,0.0070781409740448,1,0.11810021102428436,0.0070781409740448,0.11102207005023956,0.19551433622837067,"[true, true, true]",False,False,False,65030,0,b63d9a6a59c92b71ebb27d6dbfb387c70df516f225f067e4dfea40157df365d3,validation_003,1,2,1247356437,5,40.210068760524535,
41,8.200000000000001,B,mainline,True,False,192.0,20.0,0,maintain,0.0,0.0,235.40000000000066,30.0,1,0,accelerate-maintain,-0.05605340003967285,-0.06437689065933228,-0.09288974851369858,0,-0.05605340003967285,-0.06437689065933228,0.008323490619659424,0.036836348474025726,"[true, true, true]",False,False,False,65030,0,b63d9a6a59c92b71ebb27d6dbfb387c70df516f225f067e4dfea40157df365d3,validation_003,1,2,1247356437,5,40.210068760524535,
41,8.200000000000001,B_front,background_mainline,True,,260.0,0.0,,,,,,,,,,,,,,,,,,,,,,65030,0,b63d9a6a59c92b71ebb27d6dbfb387c70df516f225f067e4dfea40157df365d3,validation_003,1,2,1247356437,5,,
41,8.200000000000001,B_rear,background_mainline,True,,152.06970534720125,18.189434745375742,,,,,,,,,,,,,,,,,,,,,,65030,0,b63d9a6a59c92b71ebb27d6dbfb387c70df516f225f067e4dfea40157df365d3,validation_003,1,2,1247356437,5,,
42,8.4,A,ramp,True,False,241.40000000000066,30.0,1,accelerate,2.0,0.0,196.0,20.0,1,0,accelerate-maintain,-0.0788353979587555,0.11776799708604813,0.008135192096233368,1,0.11776799708604813,0.008135192096233368,0.10963280498981476,0.19660339504480362,"[true, true, true]",False,False,False,65030,0,b63d9a6a59c92b71ebb27d6dbfb387c70df516f225f067e4dfea40157df365d3,validation_003,1,2,1247356437,5,42.210068760524535,
42,8.4,B,mainline,True,False,196.0,20.0,0,maintain,0.0,0.0,241.40000000000066,30.0,1,0,accelerate-maintain,-0.057173967361450195,-0.06682609021663666,-0.09268394112586975,0,-0.057173967361450195,-0.06682609021663666,0.009652122855186462,0.035509973764419556,"[true, true, true]",False,False,False,65030,0,b63d9a6a59c92b71ebb27d6dbfb387c70df516f225f067e4dfea40157df365d3,validation_003,1,2,1247356437,5,42.210068760524535,
42,8.4,B_front,background_mainline,True,,260.0,0.0,,,,,,,,,,,,,,,,,,,,,,65030,0,b63d9a6a59c92b71ebb27d6dbfb387c70df516f225f067e4dfea40157df365d3,validation_003,1,2,1247356437,5,,
42,8.4,B_rear,background_mainline,True,,155.7093209635406,18.206691142764495,,,,,,,,,,,,,,,,,,,,,,65030,0,b63d9a6a59c92b71ebb27d6dbfb387c70df516f225f067e4dfea40157df365d3,validation_003,1,2,1247356437,5,,
43,8.6,A,ramp,True,False,247.40000000000066,30.0,1,accelerate,2.0,0.0,200.0,20.0,1,0,accelerate-maintain,-0.0802571028470993,0.11743536591529846,0.009191758930683136,1,0.11743536591529846,0.009191758930683136,0.10824360698461533,0.19769246876239777,"[true, true, true]",False,False,False,65030,0,b63d9a6a59c92b71ebb27d6dbfb387c70df516f225f067e4dfea40157df365d3,validation_003,1,2,1247356437,5,44.210068760524535,
43,8.6,B,mainline,True,False,200.0,20.0,0,maintain,0.0,0.0,247.40000000000066,30.0,1,0,accelerate-maintain,-0.05835651606321335,-0.06973148882389069,-0.09299948811531067,0,-0.05835651606321335,-0.06973148882389069,0.011374972760677338,0.03464297205209732,"[true, true, true]",False,False,False,65030,0,b63d9a6a59c92b71ebb27d6dbfb387c70df516f225f067e4dfea40157df365d3,validation_003,1,2,1247356437,5,44.210068760524535,
43,8.6,B_front,background_mainline,True,,260.0,0.0,,,,,,,,,,,,,,,,,,,,,,65030,0,b63d9a6a59c92b71ebb27d6dbfb387c70df516f225f067e4dfea40157df365d3,validation_003,1,2,1247356437,5,,
43,8.6,B_rear,background_mainline,True,,159.35236808401598,18.223748035207272,,,,,,,,,,,,,,,,,,,,,,65030,0,b63d9a6a59c92b71ebb27d6dbfb387c70df516f225f067e4dfea40157df365d3,validation_003,1,2,1247356437,5,,
44,8.8,A,ramp,True,False,253.40000000000066,30.0,1,accelerate,2.0,0.0,204.0,20.0,1,0,accelerate-maintain,-0.08167926222085953,0.11710239946842194,0.010247852653265,1,0.11710239946842194,0.010247852653265,0.10685454681515694,0.19878166168928146,"[true, true, true]",False,False,False,65030,0,b63d9a6a59c92b71ebb27d6dbfb387c70df516f225f067e4dfea40157df365d3,validation_003,1,2,1247356437,5,46.210068760524564,
44,8.8,B,mainline,True,False,204.0,20.0,0,maintain,0.0,0.0,253.40000000000066,30.0,1,0,accelerate-maintain,-0.059396952390670776,-0.07238709926605225,-0.0934024453163147,0,-0.059396952390670776,-0.07238709926605225,0.01299014687538147,0.03400549292564392,"[true, true, true]",False,False,False,65030,0,b63d9a6a59c92b71ebb27d6dbfb387c70df516f225f067e4dfea40157df365d3,validation_003,1,2,1247356437,5,46.210068760524564,
44,8.8,B_front,background_mainline,True,,260.0,0.0,,,,,,,,,,,,,,,,,,,,,,65030,0,b63d9a6a59c92b71ebb27d6dbfb387c70df516f225f067e4dfea40157df365d3,validation_003,1,2,1247356437,5,,
44,8.8,B_rear,background_mainline,True,,162.99880575642797,18.24059522021853,,,,,,,,,,,,,,,,,,,,,,65030,0,b63d9a6a59c92b71ebb27d6dbfb387c70df516f225f067e4dfea40157df365d3,validation_003,1,2,1247356437,5,,
45,9.0,A,ramp,True,False,259.40000000000066,30.0,1,accelerate,2.0,0.0,208.0,20.0,1,0,accelerate-maintain,-0.08335624635219574,0.11633992195129395,0.011686909943819046,1,0.11633992195129395,0.011686909943819046,0.1046530120074749,0.19969616830348969,"[true, true, true]",False,False,False,65030,0,b63d9a6a59c92b71ebb27d6dbfb387c70df516f225f067e4dfea40157df365d3,validation_003,1,2,1247356437,5,,
45,9.0,B,mainline,True,False,208.0,20.0,0,maintain,0.0,0.0,259.40000000000066,30.0,1,0,accelerate-maintain,-0.060201846063137054,-0.07462756335735321,-0.09395091235637665,0,-0.060201846063137054,-0.07462756335735321,0.014425717294216156,0.033749066293239594,"[true, true, true]",False,False,False,65030,0,b63d9a6a59c92b71ebb27d6dbfb387c70df516f225f067e4dfea40157df365d3,validation_003,1,2,1247356437,5,,
45,9.0,B_front,background_mainline,True,,260.0,0.0,,,,,,,,,,,,,,,,,,,,,,65030,0,b63d9a6a59c92b71ebb27d6dbfb387c70df516f225f067e4dfea40157df365d3,validation_003,1,2,1247356437,5,,
45,9.0,B_rear,background_mainline,True,,166.6485911778998,18.257224356501748,,,,,,,,,,,,,,,,,,,,,,65030,0,b63d9a6a59c92b71ebb27d6dbfb387c70df516f225f067e4dfea40157df365d3,validation_003,1,2,1247356437,5,,
46,9.200000000000001,A,ramp,False,True,260.90000000000066,0.0,0,maintain,0.0,0.0,212.0,20.0,0,0,inactive-active,-0.09242402017116547,0.05433822050690651,-0.07338128983974457,1,0.05433822050690651,-0.07338128983974457,0.12771951034665108,0.14676224067807198,"[true, true, true]",False,False,False,65030,0,b63d9a6a59c92b71ebb27d6dbfb387c70df516f225f067e4dfea40157df365d3,validation_003,1,2,1247356437,5,,
46,9.200000000000001,B,mainline,True,False,212.0,20.0,0,maintain,0.0,0.0,260.90000000000066,0.0,0,0,inactive-active,-0.05729261040687561,-0.09197323769330978,-0.14585524797439575,0,-0.05729261040687561,-0.09197323769330978,0.034680627286434174,0.08856263756752014,"[true, true, true]",False,False,False,65030,0,b63d9a6a59c92b71ebb27d6dbfb387c70df516f225f067e4dfea40157df365d3,validation_003,1,2,1247356437,5,,
46,9.200000000000001,B_front,background_mainline,True,,260.0,0.0,,,,,,,,,,,,,,,,,,,,,,65030,0,b63d9a6a59c92b71ebb27d6dbfb387c70df516f225f067e4dfea40157df365d3,validation_003,1,2,1247356437,5,,
46,9.200000000000001,B_rear,background_mainline,True,,170.30168004440205,18.27362874113009,,,,,,,,,,,,,,,,,,,,,,65030,0,b63d9a6a59c92b71ebb27d6dbfb387c70df516f225f067e4dfea40157df365d3,validation_003,1,2,1247356437,5,,
47,9.4,A,ramp,False,True,260.90000000000066,0.0,0,maintain,0.0,0.0,216.0,20.0,0,0,inactive-active,-0.09309463202953339,0.05491015687584877,-0.07357530295848846,1,0.05491015687584877,-0.07357530295848846,0.12848545983433723,0.14800478890538216,"[true, true, true]",False,False,False,65030,0,b63d9a6a59c92b71ebb27d6dbfb387c70df516f225f067e4dfea40157df365d3,validation_003,1,2,1247356437,5,,
47,9.4,B,mainline,True,False,216.0,20.0,0,maintain,0.0,0.0,260.90000000000066,0.0,0,0,inactive-active,-0.05783078074455261,-0.09361952543258667,-0.1467125117778778,0,-0.05783078074455261,-0.09361952543258667,0.03578874468803406,0.0888817310333252,"[true, true, true]",False,False,False,65030,0,b63d9a6a59c92b71ebb27d6dbfb387c70df516f225f067e4dfea40157df365d3,validation_003,1,2,1247356437,5,,
47,9.4,B_front,background_mainline,True,,260.0,0.0,,,,,,,,,,,,,,,,,,,,,,65030,0,b63d9a6a59c92b71ebb27d6dbfb387c70df516f225f067e4dfea40157df365d3,validation_003,1,2,1247356437,5,,
47,9.4,B_rear,background_mainline,True,,173.95802685835147,18.289803112569167,,,,,,,,,,,,,,,,,,,,,,65030,0,b63d9a6a59c92b71ebb27d6dbfb387c70df516f225f067e4dfea40157df365d3,validation_003,1,2,1247356437,5,,
48,9.600000000000001,A,ramp,False,True,260.90000000000066,0.0,0,maintain,0.0,0.0,220.0,20.0,0,0,inactive-active,-0.09376586973667145,0.05548214539885521,-0.07376925647258759,1,0.05548214539885521,-0.07376925647258759,0.1292514018714428,0.14924801513552666,"[true, true, true]",False,False,False,65030,0,b63d9a6a59c92b71ebb27d6dbfb387c70df516f225f067e4dfea40157df365d3,validation_003,1,2,1247356437,5,,
48,9.600000000000001,B,mainline,True,False,220.0,20.0,0,maintain,0.0,0.0,260.90000000000066,0.0,0,0,inactive-active,-0.05836910009384155,-0.09526710212230682,-0.14756952226161957,0,-0.05836910009384155,-0.09526710212230682,0.03689800202846527,0.08920042216777802,"[true, true, true]",False,False,False,65030,0,b63d9a6a59c92b71ebb27d6dbfb387c70df516f225f067e4dfea40157df365d3,validation_003,1,2,1247356437,5,,
48,9.600000000000001,B_front,background_mainline,True,,260.0,0.0,,,,,,,,,,,,,,,,,,,,,,65030,0,b63d9a6a59c92b71ebb27d6dbfb387c70df516f225f067e4dfea40157df365d3,validation_003,1,2,1247356437,5,,
48,9.600000000000001,B_rear,background_mainline,True,,177.61758519912738,18.3057434763756,,,,,,,,,,,,,,,,,,,,,,65030,0,b63d9a6a59c92b71ebb27d6dbfb387c70df516f225f067e4dfea40157df365d3,validation_003,1,2,1247356437,5,,
49,9.8,A,ramp,False,True,260.90000000000066,0.0,0,maintain,0.0,0.0,224.0,20.0,0,0,inactive-active,-0.09443770349025726,0.05605417862534523,-0.0739632099866867,1,0.05605417862534523,-0.0739632099866867,0.13001738861203194,0.1504918821156025,"[true, true, true]",False,False,False,65030,0,b63d9a6a59c92b71ebb27d6dbfb387c70df516f225f067e4dfea40157df365d3,validation_003,1,2,1247356437,5,,
49,9.8,B,mainline,True,False,224.0,20.0,0,maintain,0.0,0.0,260.90000000000066,0.0,0,0,inactive-active,-0.058907561004161835,-0.09691594541072845,-0.1484263688325882,0,-0.058907561004161835,-0.09691594541072845,0.03800838440656662,0.08951880782842636,"[true, true, true]",False,False,False,65030,0,b63d9a6a59c92b71ebb27d6dbfb387c70df516f225f067e4dfea40157df365d3,validation_003,1,2,1247356437,5,,
49,9.8,B_front,background_mainline,True,,260.0,0.0,,,,,,,,,,,,,,,,,,,,,,65030,0,b63d9a6a59c92b71ebb27d6dbfb387c70df516f225f067e4dfea40157df365d3,validation_003,1,2,1247356437,5,,
49,9.8,B_rear,background_mainline,True,,181.2803079607612,18.321446950829756,,,,,,,,,,,,,,,,,,,,,,65030,0,b63d9a6a59c92b71ebb27d6dbfb387c70df516f225f067e4dfea40157df365d3,validation_003,1,2,1247356437,5,,
50,10.0,A,ramp,False,True,260.90000000000066,0.0,0,maintain,0.0,0.0,228.0,20.0,0,0,inactive-active,-0.09493931382894516,0.05662468820810318,-0.07431590557098389,1,0.05662468820810318,-0.07431590557098389,0.13094059377908707,0.15156400203704834,"[true, true, true]",False,False,False,65030,0,b63d9a6a59c92b71ebb27d6dbfb387c70df516f225f067e4dfea40157df365d3,validation_003,1,2,1247356437,5,,
50,10.0,B,mainline,True,False,228.0,20.0,0,maintain,0.0,0.0,260.90000000000066,0.0,0,0,inactive-active,-0.05948857218027115,-0.09854190051555634,-0.14922869205474854,0,-0.05948857218027115,-0.09854190051555634,0.03905332833528519,0.08974011987447739,"[true, true, true]",False,False,False,65030,0,b63d9a6a59c92b71ebb27d6dbfb387c70df516f225f067e4dfea40157df365d3,validation_003,1,2,1247356437,5,,
50,10.0,B_front,background_mainline,True,,260.0,0.0,,,,,,,,,,,,,,,,,,,,,,65030,0,b63d9a6a59c92b71ebb27d6dbfb387c70df516f225f067e4dfea40157df365d3,validation_003,1,2,1247356437,5,,
50,10.0,B_rear,background_mainline,True,,184.94614756054276,18.336911630122625,,,,,,,,,,,,,,,,,,,,,,65030,0,b63d9a6a59c92b71ebb27d6dbfb387c70df516f225f067e4dfea40157df365d3,validation_003,1,2,1247356437,5,,
51,10.200000000000001,A,ramp,False,True,260.90000000000066,0.0,0,maintain,0.0,0.0,232.0,20.0,0,0,inactive-active,-0.09547867625951767,0.05743429437279701,-0.07487945258617401,1,0.05743429437279701,-0.07487945258617401,0.13231374695897102,0.15291297063231468,"[true, true, true]",False,False,False,65030,0,b63d9a6a59c92b71ebb27d6dbfb387c70df516f225f067e4dfea40157df365d3,validation_003,1,2,1247356437,5,,
51,10.200000000000001,B,mainline,True,False,232.0,20.0,0,maintain,0.0,0.0,260.90000000000066,0.0,0,0,inactive-active,-0.06027413159608841,-0.10009706765413284,-0.14975771307945251,0,-0.06027413159608841,-0.10009706765413284,0.039822936058044434,0.0894835814833641,"[true, true, true]",False,False,False,65030,0,b63d9a6a59c92b71ebb27d6dbfb387c70df516f225f067e4dfea40157df365d3,validation_003,1,2,1247356437,5,,
51,10.200000000000001,B_front,background_mainline,True,,260.0,0.0,,,,,,,,,,,,,,,,,,,,,,65030,0,b63d9a6a59c92b71ebb27d6dbfb387c70df516f225f067e4dfea40157df365d3,validation_003,1,2,1247356437,5,,
51,10.200000000000001,B_rear,background_mainline,True,,188.61505612184212,18.352136463025627,,,,,,,,,,,,,,,,,,,,,,65030,0,b63d9a6a59c92b71ebb27d6dbfb387c70df516f225f067e4dfea40157df365d3,validation_003,1,2,1247356437,5,,
52,10.4,A,ramp,False,True,260.90000000000066,0.0,0,maintain,0.0,0.0,236.0,20.0,0,0,inactive-active,-0.09583504498004913,0.05849996209144592,-0.07504163682460785,1,0.05849996209144592,-0.07504163682460785,0.13354159891605377,0.15433500707149506,"[true, true, true]",False,False,False,65030,0,b63d9a6a59c92b71ebb27d6dbfb387c70df516f225f067e4dfea40157df365d3,validation_003,1,2,1247356437,5,,
52,10.4,B,mainline,True,False,236.0,20.0,0,maintain,0.0,0.0,260.90000000000066,0.0,0,0,inactive-active,-0.061332449316978455,-0.10160116851329803,-0.14991091191768646,0,-0.061332449316978455,-0.10160116851329803,0.04026871919631958,0.08857846260070801,"[true, true, true]",False,False,False,65030,0,b63d9a6a59c92b71ebb27d6dbfb387c70df516f225f067e4dfea40157df365d3,validation_003,1,2,1247356437,5,,
52,10.4,B_front,background_mainline,True,,260.0,0.0,,,,,,,,,,,,,,,,,,,,,,65030,0,b63d9a6a59c92b71ebb27d6dbfb387c70df516f225f067e4dfea40157df365d3,validation_003,1,2,1247356437,5,,
52,10.4,B_rear,background_mainline,True,,192.28698563405973,18.367121145236577,,,,,,,,,,,,,,,,,,,,,,65030,0,b63d9a6a59c92b71ebb27d6dbfb387c70df516f225f067e4dfea40157df365d3,validation_003,1,2,1247356437,5,,
53,10.600000000000001,A,ramp,False,True,260.90000000000066,0.0,0,maintain,0.0,0.0,240.0,20.0,0,0,inactive-active,-0.09610389173030853,0.06002287566661835,-0.07509593665599823,1,0.06002287566661835,-0.07509593665599823,0.13511881232261658,0.15612676739692688,"[true, true, true]",False,False,False,65030,0,b63d9a6a59c92b71ebb27d6dbfb387c70df516f225f067e4dfea40157df365d3,validation_003,1,2,1247356437,5,,
53,10.600000000000001,B,mainline,True,False,240.0,20.0,0,maintain,0.0,0.0,260.90000000000066,0.0,0,0,inactive-active,-0.062390975654125214,-0.10310637950897217,-0.15006378293037415,0,-0.062390975654125214,-0.10310637950897217,0.040715403854846954,0.08767280727624893,"[true, true, true]",False,False,False,65030,0,b63d9a6a59c92b71ebb27d6dbfb387c70df516f225f067e4dfea40157df365d3,validation_003,1,2,1247356437,5,,
53,10.600000000000001,B_front,background_mainline,True,,260.0,0.0,,,,,,,,,,,,,,,,,,,,,,65030,0,b63d9a6a59c92b71ebb27d6dbfb387c70df516f225f067e4dfea40157df365d3,validation_003,1,2,1247356437,5,,
53,10.600000000000001,B_rear,background_mainline,True,,195.96188809227803,18.381866023822273,,,,,,,,,,,,,,,,,,,,,,65030,0,b63d9a6a59c92b71ebb27d6dbfb387c70df516f225f067e4dfea40157df365d3,validation_003,1,2,1247356437,5,,
54,10.8,A,ramp,False,True,260.90000000000066,0.0,0,maintain,0.0,0.0,244.0,20.0,0,0,inactive-active,-0.09637326002120972,0.06154584884643555,-0.0751500278711319,1,0.06154584884643555,-0.0751500278711319,0.13669587671756744,0.15791910886764526,"[true, true, true]",False,False,False,65030,0,b63d9a6a59c92b71ebb27d6dbfb387c70df516f225f067e4dfea40157df365d3,validation_003,1,2,1247356437,5,,
54,10.8,B,mainline,True,False,244.0,20.0,0,maintain,0.0,0.0,260.90000000000066,0.0,0,0,inactive-active,-0.06344971060752869,-0.10461276769638062,-0.15021631121635437,0,-0.06344971060752869,-0.10461276769638062,0.04116305708885193,0.08676660060882568,"[true, true, true]",False,False,False,65030,0,b63d9a6a59c92b71ebb27d6dbfb387c70df516f225f067e4dfea40157df365d3,validation_003,1,2,1247356437,5,,
54,10.8,B_front,background_mainline,True,,260.0,0.0,,,,,,,,,,,,,,,,,,,,,,65030,0,b63d9a6a59c92b71ebb27d6dbfb387c70df516f225f067e4dfea40157df365d3,validation_003,1,2,1247356437,5,,
54,10.8,B_rear,background_mainline,True,,199.63971561889358,18.396372012374062,,,,,,,,,,,,,,,,,,,,,,65030,0,b63d9a6a59c92b71ebb27d6dbfb387c70df516f225f067e4dfea40157df365d3,validation_003,1,2,1247356437,5,,
55,11.0,A,ramp,False,True,260.90000000000066,0.0,0,maintain,0.0,0.0,248.0,20.0,0,0,inactive-active,-0.09668047726154327,0.06313739717006683,-0.07515326142311096,1,0.06313739717006683,-0.07515326142311096,0.1382906585931778,0.1598178744316101,"[true, true, true]",False,False,False,65030,0,b63d9a6a59c92b71ebb27d6dbfb387c70df516f225f067e4dfea40157df365d3,validation_003,1,2,1247356437,5,,
55,11.0,B,mainline,True,False,248.0,20.0,0,maintain,0.0,0.0,260.90000000000066,0.0,0,0,inactive-active,-0.06450864672660828,-0.10612022876739502,-0.15036849677562714,0,-0.06450864672660828,-0.10612022876739502,0.04161158204078674,0.08585985004901886,"[true, true, true]",False,False,False,65030,0,b63d9a6a59c92b71ebb27d6dbfb387c70df516f225f067e4dfea40157df365d3,validation_003,1,2,1247356437,5,,
55,11.0,B_front,background_mainline,True,,260.0,0.0,,,,,,,,,,,,,,,,,,,,,,65030,0,b63d9a6a59c92b71ebb27d6dbfb387c70df516f225f067e4dfea40157df365d3,validation_003,1,2,1247356437,5,,
55,11.0,B_rear,background_mainline,True,,203.32042056924757,18.410640515661864,,,,,,,,,,,,,,,,,,,,,,65030,0,b63d9a6a59c92b71ebb27d6dbfb387c70df516f225f067e4dfea40157df365d3,validation_003,1,2,1247356437,5,,
56,11.200000000000001,A,ramp,False,True,260.90000000000066,0.0,0,maintain,0.0,0.0,252.0,20.0,0,0,inactive-active,-0.09700697660446167,0.06476350873708725,-0.07513079047203064,1,0.06476350873708725,-0.07513079047203064,0.1398942992091179,0.16177048534154892,"[true, true, true]",False,False,False,65030,0,b63d9a6a59c92b71ebb27d6dbfb387c70df516f225f067e4dfea40157df365d3,validation_003,1,2,1247356437,5,,
56,11.200000000000001,B,mainline,True,False,252.0,20.0,0,maintain,0.0,0.0,260.90000000000066,0.0,0,0,inactive-active,-0.06549966335296631,-0.1071765273809433,-0.15070274472236633,0,-0.06549966335296631,-0.1071765273809433,0.04167686402797699,0.08520308136940002,"[true, true, true]",False,False,False,65030,0,b63d9a6a59c92b71ebb27d6dbfb387c70df516f225f067e4dfea40157df365d3,validation_003,1,2,1247356437,5,,
56,11.200000000000001,B_front,background_mainline,True,,260.0,0.0,,,,,,,,,,,,,,,,,,,,,,65030,0,b63d9a6a59c92b71ebb27d6dbfb387c70df516f225f067e4dfea40157df365d3,validation_003,1,2,1247356437,5,,
56,11.200000000000001,B_rear,background_mainline,True,,207.0039556230459,18.4246733627186,,,,,,,,,,,,,,,,,,,,,,65030,0,b63d9a6a59c92b71ebb27d6dbfb387c70df516f225f067e4dfea40157df365d3,validation_003,1,2,1247356437,5,,
57,11.4,A,ramp,False,True,260.90000000000066,0.0,0,maintain,0.0,0.0,256.0,20.0,0,0,inactive-active,-0.09733397513628006,0.06638971716165543,-0.0751081258058548,1,0.06638971716165543,-0.0751081258058548,0.14149784296751022,0.16372369229793549,"[true, true, true]",False,True,False,65030,0,b63d9a6a59c92b71ebb27d6dbfb387c70df516f225f067e4dfea40157df365d3,validation_003,1,2,1247356437,5,,
57,11.4,B,mainline,True,False,256.0,20.0,0,maintain,0.0,0.0,260.90000000000066,0.0,0,0,inactive-active,-0.06648047268390656,-0.10816492140293121,-0.15106451511383057,0,-0.06648047268390656,-0.10816492140293121,0.04168444871902466,0.08458404242992401,"[true, true, true]",False,True,False,65030,0,b63d9a6a59c92b71ebb27d6dbfb387c70df516f225f067e4dfea40157df365d3,validation_003,1,2,1247356437,5,,
57,11.4,B_front,background_mainline,True,,260.0,0.0,,,,,,,,,,,,,,,,,,,,,,65030,0,b63d9a6a59c92b71ebb27d6dbfb387c70df516f225f067e4dfea40157df365d3,validation_003,1,2,1247356437,5,,
57,11.4,B_rear,background_mainline,True,,210.69027386315915,18.43847274741438,,,,,,,,,,,,,,,,,,,,,,65030,0,b63d9a6a59c92b71ebb27d6dbfb387c70df516f225f067e4dfea40157df365d3,validation_003,1,2,1247356437,5,,
0,0.0,A,mainline,True,False,33.199999999999996,18.0,1,accelerate,0.0,2.0000000000000284,23.999999999999993,20.0,1,1,accelerate-accelerate,-0.04231518507003784,0.06001191586256027,-0.015407368540763855,1,0.06001191586256027,-0.015407368540763855,0.07541928440332413,0.10232710093259811,"[true, true, true]",False,False,False,65030,0,b63d9a6a59c92b71ebb27d6dbfb387c70df516f225f067e4dfea40157df365d3,validation_004,0,3,1546715325,6,,
0,0.0,B,ramp,True,False,23.999999999999993,20.0,1,accelerate,0.0,2.0000000000000284,33.199999999999996,18.0,1,1,accelerate-accelerate,-0.05197146534919739,0.02415696531534195,-0.21315816044807434,1,0.02415696531534195,-0.05197146534919739,0.07612843066453934,0.2373151257634163,"[true, true, true]",False,False,False,65030,0,b63d9a6a59c92b71ebb27d6dbfb387c70df516f225f067e4dfea40157df365d3,validation_004,0,3,1546715325,6,,
0,0.0,B_front,background_mainline,True,,111.0,20.0,,,,,,,,,,,,,,,,,,,,,,65030,0,b63d9a6a59c92b71ebb27d6dbfb387c70df516f225f067e4dfea40157df365d3,validation_004,0,3,1546715325,6,,
0,0.0,B_rear,background_mainline,True,,3.9342545904102417,19.38133309996254,,,,,,,,,,,,,,,,,,,,,,65030,0,b63d9a6a59c92b71ebb27d6dbfb387c70df516f225f067e4dfea40157df365d3,validation_004,0,3,1546715325,6,,
1,0.2,A,mainline,True,False,36.839999999999996,18.400000000000006,1,accelerate,2.0,2.0000000000000284,28.039999999999996,20.400000000000006,1,1,accelerate-accelerate,-0.040836453437805176,0.061056122183799744,-0.01674462854862213,1,0.061056122183799744,-0.01674462854862213,0.07780075073242188,0.10189257562160492,"[true, true, true]",False,False,False,65030,0,b63d9a6a59c92b71ebb27d6dbfb387c70df516f225f067e4dfea40157df365d3,validation_004,0,3,1546715325,6,,
1,0.2,B,ramp,True,False,28.039999999999996,20.400000000000006,1,accelerate,2.0,2.0000000000000284,36.839999999999996,18.400000000000006,1,1,accelerate-accelerate,-0.05233270674943924,0.02547634020447731,-0.21525299549102783,1,0.02547634020447731,-0.05233270674943924,0.07780904695391655,0.24072933569550514,"[true, true, true]",False,False,False,65030,0,b63d9a6a59c92b71ebb27d6dbfb387c70df516f225f067e4dfea40157df365d3,validation_004,0,3,1546715325,6,,
1,0.2,B_front,background_mainline,True,,115.0,20.0,,,,,,,,,,,,,,,,,,,,,,65030,0,b63d9a6a59c92b71ebb27d6dbfb387c70df516f225f067e4dfea40157df365d3,validation_004,0,3,1546715325,6,,
1,0.2,B_rear,background_mainline,True,,7.766318313217796,18.964682814870834,,,,,,,,,,,,,,,,,,,,,,65030,0,b63d9a6a59c92b71ebb27d6dbfb387c70df516f225f067e4dfea40157df365d3,validation_004,0,3,1546715325,6,,
2,0.4,A,mainline,True,False,40.559999999999995,18.80000000000001,1,accelerate,2.0,2.0000000000000284,32.16,20.80000000000001,1,1,accelerate-accelerate,-0.03930103778839111,0.06217985600233078,-0.018182270228862762,1,0.06217985600233078,-0.018182270228862762,0.08036212623119354,0.1014808937907219,"[true, true, true]",False,False,False,65030,0,b63d9a6a59c92b71ebb27d6dbfb387c70df516f225f067e4dfea40157df365d3,validation_004,0,3,1546715325,6,,
2,0.4,B,ramp,True,False,32.16,20.80000000000001,1,accelerate,2.0,2.0000000000000284,40.559999999999995,18.80000000000001,1,1,accelerate-accelerate,-0.05288364738225937,0.026409942656755447,-0.21726740896701813,1,0.026409942656755447,-0.05288364738225937,0.07929359003901482,0.24367735162377357,"[true, true, true]",False,False,False,65030,0,b63d9a6a59c92b71ebb27d6dbfb387c70df516f225f067e4dfea40157df365d3,validation_004,0,3,1546715325,6,,
2,0.4,B_front,background_mainline,True,,119.0,20.0,,,,,,,,,,,,,,,,,,,,,,65030,0,b63d9a6a59c92b71ebb27d6dbfb387c70df516f225f067e4dfea40157df365d3,validation_004,0,3,1546715325,6,,
2,0.4,B_rear,background_mainline,True,,11.529421751951958,18.68394874595693,,,,,,,,,,,,,,,,,,,,,,65030,0,b63d9a6a59c92b71ebb27d6dbfb387c70df516f225f067e4dfea40157df365d3,validation_004,0,3,1546715325,6,,
3,0.6000000000000001,A,mainline,True,False,44.36,19.200000000000017,1,accelerate,2.0,2.0000000000000284,36.36,21.200000000000017,1,1,accelerate-accelerate,-0.03783806413412094,0.06346799433231354,-0.019803136587142944,1,0.06346799433231354,-0.019803136587142944,0.08327113091945648,0.10130605846643448,"[true, true, true]",False,False,False,65030,0,b63d9a6a59c92b71ebb27d6dbfb387c70df516f225f067e4dfea40157df365d3,validation_004,0,3,1546715325,6,,
3,0.6000000000000001,B,ramp,True,False,36.36,21.200000000000017,1,accelerate,2.0,2.0000000000000284,44.36,19.200000000000017,1,1,accelerate-accelerate,-0.05351196229457855,0.02804899588227272,-0.22027064859867096,1,0.02804899588227272,-0.05351196229457855,0.08156095817685127,0.24831964448094368,"[true, true, true]",False,False,False,65030,0,b63d9a6a59c92b71ebb27d6dbfb387c70df516f225f067e4dfea40157df365d3,validation_004,0,3,1546715325,6,,
3,0.6000000000000001,B_front,background_mainline,True,,123.0,20.0,,,,,,,,,,,,,,,,,,,,,,65030,0,b63d9a6a59c92b71ebb27d6dbfb387c70df516f225f067e4dfea40157df365d3,validation_004,0,3,1546715325,6,,
3,0.6000000000000001,B_rear,background_mainline,True,,15.246471417219777,18.499225824185057,,,,,,,,,,,,,,,,,,,,,,65030,0,b63d9a6a59c92b71ebb27d6dbfb387c70df516f225f067e4dfea40157df365d3,validation_004,0,3,1546715325,6,,
4,0.8,A,mainline,True,False,48.24,19.600000000000023,1,accelerate,2.0,2.0000000000000284,40.64,21.600000000000023,1,1,accelerate-accelerate,-0.03659699857234955,0.06481239944696426,-0.021303385496139526,1,0.06481239944696426,-0.021303385496139526,0.08611578494310379,0.10140939801931381,"[true, true, true]",False,False,False,65030,0,b63d9a6a59c92b71ebb27d6dbfb387c70df516f225f067e4dfea40157df365d3,validation_004,0,3,1546715325,6,,
4,0.8,B,ramp,True,False,40.64,21.600000000000023,1,accelerate,2.0,2.0000000000000284,48.24,19.600000000000023,1,1,accelerate-accelerate,-0.054145053029060364,0.029620252549648285,-0.22325649857521057,1,0.029620252549648285,-0.054145053029060364,0.08376530557870865,0.25287675112485886,"[true, true, true]",False,False,False,65030,0,b63d9a6a59c92b71ebb27d6dbfb387c70df516f225f067e4dfea40157df365d3,validation_004,0,3,1546715325,6,,
4,0.8,B_front,background_mainline,True,,127.0,20.0,,,,,,,,,,,,,,,,,,,,,,65030,0,b63d9a6a59c92b71ebb27d6dbfb387c70df516f225f067e4dfea40157df365d3,validation_004,0,3,1546715325,6,,
4,0.8,B_rear,background_mainline,True,,18.933910392541794,18.384528316678555,,,,,,,,,,,,,,,,,,,,,,65030,0,b63d9a6a59c92b71ebb27d6dbfb387c70df516f225f067e4dfea40157df365d3,validation_004,0,3,1546715325,6,,
5,1.0,A,mainline,True,False,52.20000000000001,20.00000000000003,1,accelerate,2.0,2.0000000000000284,45.00000000000001,22.00000000000003,1,1,accelerate-accelerate,-0.0356159433722496,0.06616319715976715,-0.022841915488243103,1,0.06616319715976715,-0.022841915488243103,0.08900511264801025,0.10177914053201675,"[true, true, true]",False,False,False,65030,0,b63d9a6a59c92b71ebb27d6dbfb387c70df516f225f067e4dfea40157df365d3,validation_004,0,3,1546715325,6,,
5,1.0,B,ramp,True,False,45.00000000000001,22.00000000000003,1,accelerate,2.0,2.0000000000000284,52.20000000000001,20.00000000000003,1,1,accelerate-accelerate,-0.05477885156869888,0.031134329736232758,-0.22621983289718628,1,0.031134329736232758,-0.05477885156869888,0.08591318130493164,0.25735416263341904,"[true, true, true]",False,False,False,65030,0,b63d9a6a59c92b71ebb27d6dbfb387c70df516f225f067e4dfea40157df365d3,validation_004,0,3,1546715325,6,,
5,1.0,B_front,background_mainline,True,,131.0,20.0,,,,,,,,,,,,,,,,,,,,,,65030,0,b63d9a6a59c92b71ebb27d6dbfb387c70df516f225f067e4dfea40157df365d3,validation_004,0,3,1546715325,6,,
5,1.0,B_rear,background_mainline,True,,22.603855496625233,18.321942941539884,,,,,,,,,,,,,,,,,,,,,,65030,0,b63d9a6a59c92b71ebb27d6dbfb387c70df516f225f067e4dfea40157df365d3,validation_004,0,3,1546715325,6,,
6,1.2000000000000002,A,mainline,True,False,56.240000000000016,20.400000000000034,1,accelerate,2.0,2.0000000000000284,49.44000000000001,22.400000000000034,1,1,accelerate-accelerate,-0.034742534160614014,0.06762472540140152,-0.0244562029838562,1,0.06762472540140152,-0.0244562029838562,0.09208092838525772,0.10236725956201553,"[true, true, true]",False,False,False,65030,0,b63d9a6a59c92b71ebb27d6dbfb387c70df516f225f067e4dfea40157df365d3,validation_004,0,3,1546715325,6,,
6,1.2000000000000002,B,ramp,True,False,49.44000000000001,22.400000000000034,1,accelerate,2.0,2.0000000000000284,56.240000000000016,20.400000000000034,1,1,accelerate-accelerate,-0.05524212121963501,0.03219559043645859,-0.22873930633068085,1,0.03219559043645859,-0.05524212121963501,0.0874377116560936,0.26093489676713943,"[true, true, true]",False,False,False,65030,0,b63d9a6a59c92b71ebb27d6dbfb387c70df516f225f067e4dfea40157df365d3,validation_004,0,3,1546715325,6,,
6,1.2000000000000002,B_front,background_mainline,True,,135.0,20.0,,,,,,,,,,,,,,,,,,,,,,65030,0,b63d9a6a59c92b71ebb27d6dbfb387c70df516f225f067e4dfea40157df365d3,validation_004,0,3,1546715325,6,,
6,1.2000000000000002,B_rear,background_mainline,True,,26.265376161978914,18.298559523160986,,,,,,,,,,,,,,,,,,,,,,65030,0,b63d9a6a59c92b71ebb27d6dbfb387c70df516f225f067e4dfea40157df365d3,validation_004,0,3,1546715325,6,,
7,1.4000000000000001,A,mainline,True,False,60.36000000000002,20.80000000000004,1,accelerate,2.0,2.0000000000000284,53.96000000000002,22.80000000000004,1,1,accelerate-accelerate,-0.03406818211078644,0.06900662183761597,-0.02631448209285736,1,0.06900662183761597,-0.02631448209285736,0.09532110393047333,0.1030748039484024,"[true, true, true]",False,False,False,65030,0,b63d9a6a59c92b71ebb27d6dbfb387c70df516f225f067e4dfea40157df365d3,validation_004,0,3,1546715325,6,,
7,1.4000000000000001,B,ramp,True,False,53.96000000000002,22.80000000000004,1,accelerate,2.0,2.0000000000000284,60.36000000000002,20.80000000000004,1,1,accelerate-accelerate,-0.0556832030415535,0.03310200572013855,-0.2310493141412735,1,0.03310200572013855,-0.0556832030415535,0.08878520876169205,0.26415131986141205,"[true, true, true]",False,False,False,65030,0,b63d9a6a59c92b71ebb27d6dbfb387c70df516f225f067e4dfea40157df365d3,validation_004,0,3,1546715325,6,,
7,1.4000000000000001,B_front,background_mainline,True,,139.0,20.0,,,,,,,,,,,,,,,,,,,,,,65030,0,b63d9a6a59c92b71ebb27d6dbfb387c70df516f225f067e4dfea40157df365d3,validation_004,0,3,1546715325,6,,
7,1.4000000000000001,B_rear,background_mainline,True,,29.925307083739465,18.304736239275304,,,,,,,,,,,,,,,,,,,,,,65030,0,b63d9a6a59c92b71ebb27d6dbfb387c70df516f225f067e4dfea40157df365d3,validation_004,0,3,1546715325,6,,
8,1.6,A,mainline,True,False,64.56000000000003,21.200000000000045,1,accelerate,2.0,2.0000000000000284,58.56000000000003,23.200000000000045,1,1,accelerate-accelerate,-0.03278509899973869,0.06962185353040695,-0.027007371187210083,1,0.06962185353040695,-0.027007371187210083,0.09662922471761703,0.10240695253014565,"[true, true, true]",False,False,False,65030,0,b63d9a6a59c92b71ebb27d6dbfb387c70df516f225f067e4dfea40157df365d3,validation_004,0,3,1546715325,6,,
8,1.6,B,ramp,True,False,58.56000000000003,23.200000000000045,1,accelerate,2.0,2.0000000000000284,64.56000000000003,21.200000000000045,1,1,accelerate-accelerate,-0.05614301562309265,0.03290214389562607,-0.23173479735851288,1,0.03290214389562607,-0.05614301562309265,0.08904515951871872,0.26463694125413895,"[true, true, true]",False,False,False,65030,0,b63d9a6a59c92b71ebb27d6dbfb387c70df516f225f067e4dfea40157df365d3,validation_004,0,3,1546715325,6,,
8,1.6,B_front,background_mainline,True,,143.0,20.0,,,,,,,,,,,,,,,,,,,,,,65030,0,b63d9a6a59c92b71ebb27d6dbfb387c70df516f225f067e4dfea40157df365d3,validation_004,0,3,1546715325,6,,
8,1.6,B_rear,background_mainline,True,,33.5887901313371,18.33306066912237,,,,,,,,,,,,,,,,,,,,,,65030,0,b63d9a6a59c92b71ebb27d6dbfb387c70df516f225f067e4dfea40157df365d3,validation_004,0,3,1546715325,6,,
9,1.8,A,mainline,True,False,68.84000000000003,21.60000000000005,1,accelerate,2.0,2.0000000000000284,63.24000000000004,23.60000000000005,1,1,accelerate-accelerate,-0.03132094070315361,0.07008327543735504,-0.027859196066856384,1,0.07008327543735504,-0.027859196066856384,0.09794247150421143,0.10140421614050865,"[true, true, true]",False,False,False,65030,0,b63d9a6a59c92b71ebb27d6dbfb387c70df516f225f067e4dfea40157df365d3,validation_004,0,3,1546715325,6,,
9,1.8,B,ramp,True,False,63.24000000000004,23.60000000000005,1,accelerate,2.0,2.0000000000000284,68.84000000000003,21.60000000000005,1,1,accelerate-accelerate,-0.05701899528503418,0.032641179859638214,-0.23124471306800842,1,0.032641179859638214,-0.05701899528503418,0.0896601751446724,0.26388589292764664,"[true, true, true]",False,False,False,65030,0,b63d9a6a59c92b71ebb27d6dbfb387c70df516f225f067e4dfea40157df365d3,validation_004,0,3,1546715325,6,,
9,1.8,B_front,background_mainline,True,,147.0,20.0,,,,,,,,,,,,,,,,,,,,,,65030,0,b63d9a6a59c92b71ebb27d6dbfb387c70df516f225f067e4dfea40157df365d3,validation_004,0,3,1546715325,6,,
9,1.8,B_rear,background_mainline,True,,37.25965053193343,18.377698001469497,,,,,,,,,,,,,,,,,,,,,,65030,0,b63d9a6a59c92b71ebb27d6dbfb387c70df516f225f067e4dfea40157df365d3,validation_004,0,3,1546715325,6,,
10,2.0,A,mainline,True,False,73.20000000000003,22.000000000000057,1,accelerate,2.0,2.0000000000000284,68.00000000000006,24.000000000000057,1,1,accelerate-accelerate,-0.02975216880440712,0.07046385109424591,-0.02878536283969879,1,0.07046385109424591,-0.02878536283969879,0.0992492139339447,0.10021601989865303,"[true, true, true]",False,False,False,65030,0,b63d9a6a59c92b71ebb27d6dbfb387c70df516f225f067e4dfea40157df365d3,validation_004,0,3,1546715325,6,,
10,2.0,B,ramp,True,False,68.00000000000006,24.000000000000057,1,accelerate,2.0,2.0000000000000284,73.20000000000003,22.000000000000057,1,1,accelerate-accelerate,-0.058108508586883545,0.03241635859012604,-0.2299981564283371,1,0.03241635859012604,-0.058108508586883545,0.09052486717700958,0.26241451501846313,"[true, true, true]",False,False,False,65030,0,b63d9a6a59c92b71ebb27d6dbfb387c70df516f225f067e4dfea40157df365d3,validation_004,0,3,1546715325,6,,
10,2.0,B_front,background_mainline,True,,151.0,20.0,,,,,,,,,,,,,,,,,,,,,,65030,0,b63d9a6a59c92b71ebb27d6dbfb387c70df516f225f067e4dfea40157df365d3,validation_004,0,3,1546715325,6,,
10,2.0,B_rear,background_mainline,True,,40.94066721449904,18.433966480376387,,,,,,,,,,,,,,,,,,,,,,65030,0,b63d9a6a59c92b71ebb27d6dbfb387c70df516f225f067e4dfea40157df365d3,validation_004,0,3,1546715325,6,,
11,2.2,A,mainline,True,False,77.64000000000004,22.400000000000063,1,accelerate,2.0,2.0000000000000284,72.84000000000006,24.400000000000063,1,1,accelerate-accelerate,-0.028024181723594666,0.07072970271110535,-0.029123559594154358,1,0.07072970271110535,-0.028024181723594666,0.09875388443470001,0.0998532623052597,"[true, true, true]",False,False,False,65030,0,b63d9a6a59c92b71ebb27d6dbfb387c70df516f225f067e4dfea40157df365d3,validation_004,0,3,1546715325,6,,
11,2.2,B,ramp,True,False,72.84000000000006,24.400000000000063,1,accelerate,2.0,2.0000000000000284,77.64000000000004,22.400000000000063,1,1,accelerate-accelerate,-0.05957578122615814,0.03224598616361618,-0.22820883989334106,1,0.03224598616361618,-0.05957578122615814,0.09182176738977432,0.26045482605695724,"[true, true, true]",False,False,False,65030,0,b63d9a6a59c92b71ebb27d6dbfb387c70df516f225f067e4dfea40157df365d3,validation_004,0,3,1546715325,6,,
11,2.2,B_front,background_mainline,True,,155.0,20.0,,,,,,,,,,,,,,,,,,,,,,65030,0,b63d9a6a59c92b71ebb27d6dbfb387c70df516f225f067e4dfea40157df365d3,validation_004,0,3,1546715325,6,,
11,2.2,B_rear,background_mainline,True,,44.63377320359045,18.498052313086387,,,,,,,,,,,,,,,,,,,,,,65030,0,b63d9a6a59c92b71ebb27d6dbfb387c70df516f225f067e4dfea40157df365d3,validation_004,0,3,1546715325,6,,
12,2.4000000000000004,A,mainline,True,False,82.16000000000005,22.800000000000068,1,accelerate,2.0,2.0000000000000284,77.76000000000006,24.800000000000068,1,1,accelerate-accelerate,-0.02622273936867714,0.07095422595739365,-0.029206231236457825,1,0.07095422595739365,-0.02622273936867714,0.09717696532607079,0.10016045719385147,"[true, true, true]",False,False,False,65030,0,b63d9a6a59c92b71ebb27d6dbfb387c70df516f225f067e4dfea40157df365d3,validation_004,0,3,1546715325,6,,
12,2.4000000000000004,B,ramp,True,False,77.76000000000006,24.800000000000068,1,accelerate,2.0,2.0000000000000284,82.16000000000005,22.800000000000068,1,1,accelerate-accelerate,-0.0609704926609993,0.031923502683639526,-0.22641143202781677,1,0.031923502683639526,-0.0609704926609993,0.09289399534463882,0.2583349347114563,"[true, true, true]",False,False,False,65030,0,b63d9a6a59c92b71ebb27d6dbfb387c70df516f225f067e4dfea40157df365d3,validation_004,0,3,1546715325,6,,
12,2.4000000000000004,B_front,background_mainline,True,,159.0,20.0,,,,,,,,,,,,,,,,,,,,,,65030,0,b63d9a6a59c92b71ebb27d6dbfb387c70df516f225f067e4dfea40157df365d3,validation_004,0,3,1546715325,6,,
12,2.4000000000000004,B_rear,background_mainline,True,,48.34020848161932,18.566813454478382,,,,,,,,,,,,,,,,,,,,,,65030,0,b63d9a6a59c92b71ebb27d6dbfb387c70df516f225f067e4dfea40157df365d3,validation_004,0,3,1546715325,6,,
13,2.6,A,mainline,True,False,86.76000000000006,23.200000000000074,1,accelerate,2.0,2.0000000000000284,82.76000000000008,25.200000000000074,1,1,accelerate-accelerate,-0.024290867149829865,0.07150065153837204,-0.029535040259361267,1,0.07150065153837204,-0.024290867149829865,0.0957915186882019,0.1010356917977333,"[true, true, true]",False,False,False,65030,0,b63d9a6a59c92b71ebb27d6dbfb387c70df516f225f067e4dfea40157df365d3,validation_004,0,3,1546715325,6,,
13,2.6,B,ramp,True,False,82.76000000000008,25.200000000000074,1,accelerate,2.0,2.0000000000000284,86.76000000000006,23.200000000000074,1,1,accelerate-accelerate,-0.062342241406440735,0.031538158655166626,-0.22458486258983612,1,0.031538158655166626,-0.062342241406440735,0.09388040006160736,0.25612302124500275,"[true, true, true]",False,False,False,65030,0,b63d9a6a59c92b71ebb27d6dbfb387c70df516f225f067e4dfea40157df365d3,validation_004,0,3,1546715325,6,,
13,2.6,B_front,background_mainline,True,,163.0,20.0,,,,,,,,,,,,,,,,,,,,,,65030,0,b63d9a6a59c92b71ebb27d6dbfb387c70df516f225f067e4dfea40157df365d3,validation_004,0,3,1546715325,6,,
13,2.6,B_rear,background_mainline,True,,52.06063982211705,18.6376418492147,,,,,,,,,,,,,,,,,,,,,,65030,0,b63d9a6a59c92b71ebb27d6dbfb387c70df516f225f067e4dfea40157df365d3,validation_004,0,3,1546715325,6,,
14,2.8000000000000003,A,mainline,True,False,91.44000000000008,23.60000000000008,1,accelerate,2.0,2.0000000000000284,87.84000000000009,25.60000000000008,1,1,accelerate-accelerate,-0.02233603596687317,0.07234048843383789,-0.03001844882965088,1,0.07234048843383789,-0.02233603596687317,0.09467652440071106,0.10235893726348877,"[true, true, true]",False,False,False,65030,0,b63d9a6a59c92b71ebb27d6dbfb387c70df516f225f067e4dfea40157df365d3,validation_004,0,3,1546715325,6,,
14,2.8000000000000003,B,ramp,True,False,87.84000000000009,25.60000000000008,1,accelerate,2.0,2.0000000000000284,91.44000000000008,23.60000000000008,1,1,accelerate-accelerate,-0.06371498852968216,0.031141631305217743,-0.2227087914943695,1,0.031141631305217743,-0.06371498852968216,0.0948566198348999,0.25385042279958725,"[true, true, true]",False,False,False,65030,0,b63d9a6a59c92b71ebb27d6dbfb387c70df516f225f067e4dfea40157df365d3,validation_004,0,3,1546715325,6,,
14,2.8000000000000003,B_front,background_mainline,True,,167.0,20.0,,,,,,,,,,,,,,,,,,,,,,65030,0,b63d9a6a59c92b71ebb27d6dbfb387c70df516f225f067e4dfea40157df365d3,validation_004,0,3,1546715325,6,,
14,2.8000000000000003,B_rear,background_mainline,True,,55.795256831531404,18.708348326014217,,,,,,,,,,,,,,,,,,,,,,65030,0,b63d9a6a59c92b71ebb27d6dbfb387c70df516f225f067e4dfea40157df365d3,validation_004,0,3,1546715325,6,,
15,3.0,A,mainline,True,False,96.2000000000001,24.000000000000085,1,accelerate,2.0,2.0000000000000284,93.0000000000001,26.000000000000085,1,1,accelerate-accelerate,-0.020376846194267273,0.07357517629861832,-0.030418135225772858,1,0.07357517629861832,-0.020376846194267273,0.09395202249288559,0.10399331152439117,"[true, true, true]",False,False,False,65030,0,b63d9a6a59c92b71ebb27d6dbfb387c70df516f225f067e4dfea40157df365d3,validation_004,0,3,1546715325,6,,
15,3.0,B,ramp,True,False,93.0000000000001,26.000000000000085,1,accelerate,2.0,2.0000000000000284,96.2000000000001,24.000000000000085,1,1,accelerate-accelerate,-0.06508097797632217,0.03073309361934662,-0.22077113389968872,1,0.03073309361934662,-0.06508097797632217,0.09581407159566879,0.25150422751903534,"[true, true, true]",False,False,False,65030,0,b63d9a6a59c92b71ebb27d6dbfb387c70df516f225f067e4dfea40157df365d3,validation_004,0,3,1546715325,6,,
15,3.0,B_front,background_mainline,True,,171.0,20.0,,,,,,,,,,,,,,,,,,,,,,65030,0,b63d9a6a59c92b71ebb27d6dbfb387c70df516f225f067e4dfea40157df365d3,validation_004,0,3,1546715325,6,,
15,3.0,B_rear,background_mainline,True,,59.54378864889049,18.77645077129647,,,,,,,,,,,,,,,,,,,,,,65030,0,b63d9a6a59c92b71ebb27d6dbfb387c70df516f225f067e4dfea40157df365d3,validation_004,0,3,1546715325,6,,
16,3.2,A,mainline,True,False,101.04000000000012,24.40000000000009,1,accelerate,2.0,2.0000000000000284,98.24000000000012,26.40000000000009,1,1,accelerate-accelerate,-0.018715567886829376,0.07582122832536697,-0.03046581894159317,1,0.07582122832536697,-0.018715567886829376,0.09453679621219635,0.10628704726696014,"[true, true, true]",False,False,False,65030,0,b63d9a6a59c92b71ebb27d6dbfb387c70df516f225f067e4dfea40157df365d3,validation_004,0,3,1546715325,6,,
16,3.2,B,ramp,True,False,98.24000000000012,26.40000000000009,1,accelerate,2.0,2.0000000000000284,101.04000000000012,24.40000000000009,1,1,accelerate-accelerate,-0.06643705815076828,0.03031383454799652,-0.21876512467861176,1,0.03031383454799652,-0.06643705815076828,0.0967508926987648,0.24907895922660828,"[true, true, true]",False,False,False,65030,0,b63d9a6a59c92b71ebb27d6dbfb387c70df516f225f067e4dfea40157df365d3,validation_004,0,3,1546715325,6,,
16,3.2,B_front,background_mainline,True,,175.0,20.0,,,,,,,,,,,,,,,,,,,,,,65030,0,b63d9a6a59c92b71ebb27d6dbfb387c70df516f225f067e4dfea40157df365d3,validation_004,0,3,1546715325,6,,
16,3.2,B_rear,background_mainline,True,,63.305613057469195,18.841293788398996,,,,,,,,,,,,,,,,,,,,,,65030,0,b63d9a6a59c92b71ebb27d6dbfb387c70df516f225f067e4dfea40157df365d3,validation_004,0,3,1546715325,6,,
17,3.4000000000000004,A,mainline,True,False,105.96000000000015,24.800000000000097,1,accelerate,2.0,2.0000000000000284,103.56000000000014,26.800000000000097,1,1,accelerate-accelerate,-0.017615139484405518,0.07847036421298981,-0.029890276491642,1,0.07847036421298981,-0.017615139484405518,0.09608550369739532,0.1083606407046318,"[true, true, true]",True,True,False,65030,0,b63d9a6a59c92b71ebb27d6dbfb387c70df516f225f067e4dfea40157df365d3,validation_004,0,3,1546715325,6,-2.9137824657145615,0.0
17,3.4000000000000004,B,ramp,True,False,103.56000000000014,26.800000000000097,1,accelerate,2.0,2.0000000000000284,105.96000000000015,24.800000000000097,1,1,accelerate-accelerate,-0.06804001331329346,0.02971356362104416,-0.21664470434188843,1,0.02971356362104416,-0.06804001331329346,0.09775357693433762,0.2463582679629326,"[true, true, true]",True,True,False,65030,0,b63d9a6a59c92b71ebb27d6dbfb387c70df516f225f067e4dfea40157df365d3,validation_004,0,3,1546715325,6,-2.9137824657145615,0.0
17,3.4000000000000004,B_front,background_mainline,True,,179.0,20.0,,,,,,,,,,,,,,,,,,,,,,65030,0,b63d9a6a59c92b71ebb27d6dbfb387c70df516f225f067e4dfea40157df365d3,validation_004,0,3,1546715325,6,,
17,3.4000000000000004,B_rear,background_mainline,True,,67.08008801952089,18.902950563921102,,,,,,,,,,,,,,,,,,,,,,65030,0,b63d9a6a59c92b71ebb27d6dbfb387c70df516f225f067e4dfea40157df365d3,validation_004,0,3,1546715325,6,,
0,0.0,A,ramp,True,False,23.999999999999993,20.0,1,accelerate,0.0,2.0000000000000284,33.199999999999996,18.0,1,0,accelerate-maintain,-0.07922079414129257,0.09083593636751175,-0.022891290485858917,1,0.09083593636751175,-0.022891290485858917,0.11372722685337067,0.17005673050880432,"[true, true, true]",False,False,False,65030,0,b63d9a6a59c92b71ebb27d6dbfb387c70df516f225f067e4dfea40157df365d3,validation_004,1,3,1546715325,7,,
0,0.0,B,mainline,True,False,33.199999999999996,18.0,0,maintain,0.0,0.0,23.999999999999993,20.0,1,0,accelerate-maintain,-0.01791790872812271,-0.09421603381633759,-0.10127506405115128,0,-0.01791790872812271,-0.09421603381633759,0.07629812508821487,0.08335715532302856,"[true, true, true]",False,False,False,65030,0,b63d9a6a59c92b71ebb27d6dbfb387c70df516f225f067e4dfea40157df365d3,validation_004,1,3,1546715325,7,,
0,0.0,B_front,background_mainline,True,,111.0,20.0,,,,,,,,,,,,,,,,,,,,,,65030,0,b63d9a6a59c92b71ebb27d6dbfb387c70df516f225f067e4dfea40157df365d3,validation_004,1,3,1546715325,7,,
0,0.0,B_rear,background_mainline,True,,3.932745251620073,19.35630798792448,,,,,,,,,,,,,,,,,,,,,,65030,0,b63d9a6a59c92b71ebb27d6dbfb387c70df516f225f067e4dfea40157df365d3,validation_004,1,3,1546715325,7,,
1,0.2,A,ramp,True,False,28.039999999999996,20.400000000000006,1,accelerate,2.0,2.0000000000000284,36.79999999999999,18.0,1,0,accelerate-maintain,-0.07928525656461716,0.09156890958547592,-0.022870026528835297,1,0.09156890958547592,-0.022870026528835297,0.11443893611431122,0.17085416615009308,"[true, true, true]",False,False,False,65030,0,b63d9a6a59c92b71ebb27d6dbfb387c70df516f225f067e4dfea40157df365d3,validation_004,1,3,1546715325,7,,
1,0.2,B,mainline,True,False,36.79999999999999,18.0,0,maintain,0.0,0.0,28.039999999999996,20.400000000000006,1,0,accelerate-maintain,-0.018209487199783325,-0.09288010746240616,-0.1011163517832756,0,-0.018209487199783325,-0.09288010746240616,0.07467062026262283,0.08290686458349228,"[true, true, true]",False,False,False,65030,0,b63d9a6a59c92b71ebb27d6dbfb387c70df516f225f067e4dfea40157df365d3,validation_004,1,3,1546715325,7,,
1,0.2,B_front,background_mainline,True,,115.0,20.0,,,,,,,,,,,,,,,,,,,,,,65030,0,b63d9a6a59c92b71ebb27d6dbfb387c70df516f225f067e4dfea40157df365d3,validation_004,1,3,1546715325,7,,
1,0.2,B_rear,background_mainline,True,,7.752976952248728,18.86562430146012,,,,,,,,,,,,,,,,,,,,,,65030,0,b63d9a6a59c92b71ebb27d6dbfb387c70df516f225f067e4dfea40157df365d3,validation_004,1,3,1546715325,7,,
2,0.4,A,ramp,True,False,32.16,20.80000000000001,1,accelerate,2.0,2.0000000000000284,40.399999999999984,18.0,1,0,accelerate-maintain,-0.07922324538230896,0.09239435195922852,-0.022794410586357117,1,0.09239435195922852,-0.022794410586357117,0.11518876254558563,0.17161759734153748,"[true, true, true]",False,False,False,65030,0,b63d9a6a59c92b71ebb27d6dbfb387c70df516f225f067e4dfea40157df365d3,validation_004,1,3,1546715325,7,,
2,0.4,B,mainline,True,False,40.399999999999984,18.0,0,maintain,0.0,0.0,32.16,20.80000000000001,1,0,accelerate-maintain,-0.01864192634820938,-0.09152945876121521,-0.10080510377883911,0,-0.01864192634820938,-0.09152945876121521,0.07288753241300583,0.08216317743062973,"[true, true, true]",False,False,False,65030,0,b63d9a6a59c92b71ebb27d6dbfb387c70df516f225f067e4dfea40157df365d3,validation_004,1,3,1546715325,7,,
2,0.4,B_front,background_mainline,True,,119.0,20.0,,,,,,,,,,,,,,,,,,,,,,65030,0,b63d9a6a59c92b71ebb27d6dbfb387c70df516f225f067e4dfea40157df365d3,validation_004,1,3,1546715325,7,,
2,0.4,B_rear,background_mainline,True,,11.486290769757828,18.481554790268444,,,,,,,,,,,,,,,,,,,,,,65030,0,b63d9a6a59c92b71ebb27d6dbfb387c70df516f225f067e4dfea40157df365d3,validation_004,1,3,1546715325,7,,
3,0.6000000000000001,A,ramp,True,False,36.36,21.200000000000017,1,accelerate,2.0,2.0000000000000284,43.99999999999998,18.0,1,0,accelerate-maintain,-0.07907429337501526,0.0933443009853363,-0.02270008623600006,1,0.0933443009853363,-0.02270008623600006,0.11604438722133636,0.17241859436035156,"[true, true, true]",False,False,False,65030,0,b63d9a6a59c92b71ebb27d6dbfb387c70df516f225f067e4dfea40157df365d3,validation_004,1,3,1546715325,7,,
3,0.6000000000000001,B,mainline,True,False,43.99999999999998,18.0,0,maintain,0.0,0.0,36.36,21.200000000000017,1,0,accelerate-maintain,-0.019171319901943207,-0.09017138183116913,-0.10038460046052933,0,-0.019171319901943207,-0.09017138183116913,0.07100006192922592,0.08121328055858612,"[true, true, true]",False,False,False,65030,0,b63d9a6a59c92b71ebb27d6dbfb387c70df516f225f067e4dfea40157df365d3,validation_004,1,3,1546715325,7,,
3,0.6000000000000001,B_front,background_mainline,True,,123.0,20.0,,,,,,,,,,,,,,,,,,,,,,65030,0,b63d9a6a59c92b71ebb27d6dbfb387c70df516f225f067e4dfea40157df365d3,validation_004,1,3,1546715325,7,,
3,0.6000000000000001,B_rear,background_mainline,True,,15.150923365429692,18.1752119055271,,,,,,,,,,,,,,,,,,,,,,65030,0,b63d9a6a59c92b71ebb27d6dbfb387c70df516f225f067e4dfea40157df365d3,validation_004,1,3,1546715325,7,,
4,0.8,A,ramp,True,False,40.64,21.600000000000023,1,accelerate,2.0,2.0000000000000284,47.59999999999997,18.0,1,0,accelerate-maintain,-0.07883939146995544,0.0945901870727539,-0.022539377212524414,1,0.0945901870727539,-0.022539377212524414,0.11712956428527832,0.17342957854270935,"[true, true, true]",False,False,False,65030,0,b63d9a6a59c92b71ebb27d6dbfb387c70df516f225f067e4dfea40157df365d3,validation_004,1,3,1546715325,7,,
4,0.8,B,mainline,True,False,47.59999999999997,18.0,0,maintain,0.0,0.0,40.64,21.600000000000023,1,0,accelerate-maintain,-0.019770435988903046,-0.08881086111068726,-0.0998811274766922,0,-0.019770435988903046,-0.08881086111068726,0.06904042512178421,0.08011069148778915,"[true, true, true]",False,False,False,65030,0,b63d9a6a59c92b71ebb27d6dbfb387c70df516f225f067e4dfea40157df365d3,validation_004,1,3,1546715325,7,,
4,0.8,B_front,background_mainline,True,,127.0,20.0,,,,,,,,,,,,,,,,,,,,,,65030,0,b63d9a6a59c92b71ebb27d6dbfb387c70df516f225f067e4dfea40157df365d3,validation_004,1,3,1546715325,7,,
4,0.8,B_rear,background_mainline,True,,18.760393719335195,17.927484681843783,,,,,,,,,,,,,,,,,,,,,,65030,0,b63d9a6a59c92b71ebb27d6dbfb387c70df516f225f067e4dfea40157df365d3,validation_004,1,3,1546715325,7,,
5,1.0,A,ramp,True,False,45.00000000000001,22.00000000000003,1,accelerate,2.0,2.0000000000000284,51.19999999999997,18.0,1,0,accelerate-maintain,-0.0785408467054367,0.09586429595947266,-0.02231694757938385,1,0.09586429595947266,-0.02231694757938385,0.1181812435388565,0.17440514266490936,"[true, true, true]",False,False,False,65030,0,b63d9a6a59c92b71ebb27d6dbfb387c70df516f225f067e4dfea40157df365d3,validation_004,1,3,1546715325,7,,
5,1.0,B,mainline,True,False,51.19999999999997,18.0,0,maintain,0.0,0.0,45.00000000000001,22.00000000000003,1,0,accelerate-maintain,-0.020420067012310028,-0.08749817311763763,-0.09933079034090042,0,-0.020420067012310028,-0.08749817311763763,0.0670781061053276,0.0789107233285904,"[true, true, true]",False,False,False,65030,0,b63d9a6a59c92b71ebb27d6dbfb387c70df516f225f067e4dfea40157df365d3,validation_004,1,3,1546715325,7,,
5,1.0,B_front,background_mainline,True,,131.0,20.0,,,,,,,,,,,,,,,,,,,,,,65030,0,b63d9a6a59c92b71ebb27d6dbfb387c70df516f225f067e4dfea40157df365d3,validation_004,1,3,1546715325,7,,
5,1.0,B_rear,background_mainline,True,,22.32502929443066,17.725131914242084,,,,,,,,,,,,,,,,,,,,,,65030,0,b63d9a6a59c92b71ebb27d6dbfb387c70df516f225f067e4dfea40157df365d3,validation_004,1,3,1546715325,7,,
6,1.2000000000000002,A,ramp,True,False,49.44000000000001,22.400000000000034,1,accelerate,2.0,2.0000000000000284,54.79999999999996,18.0,1,0,accelerate-maintain,-0.07818998396396637,0.09708336740732193,-0.022163420915603638,1,0.09708336740732193,-0.022163420915603638,0.11924678832292557,0.1752733513712883,"[true, true, true]",False,False,False,65030,0,b63d9a6a59c92b71ebb27d6dbfb387c70df516f225f067e4dfea40157df365d3,validation_004,1,3,1546715325,7,,
6,1.2000000000000002,B,mainline,True,False,54.79999999999996,18.0,0,maintain,0.0,0.0,49.44000000000001,22.400000000000034,1,0,accelerate-maintain,-0.02105041593313217,-0.08690407872200012,-0.0987095981836319,0,-0.02105041593313217,-0.08690407872200012,0.06585366278886795,0.07765918225049973,"[true, true, true]",False,False,False,65030,0,b63d9a6a59c92b71ebb27d6dbfb387c70df516f225f067e4dfea40157df365d3,validation_004,1,3,1546715325,7,,
6,1.2000000000000002,B_front,background_mainline,True,,135.0,20.0,,,,,,,,,,,,,,,,,,,,,,65030,0,b63d9a6a59c92b71ebb27d6dbfb387c70df516f225f067e4dfea40157df365d3,validation_004,1,3,1546715325,7,,
6,1.2000000000000002,B_rear,background_mainline,True,,25.852906884067007,17.55863891631729,,,,,,,,,,,,,,,,,,,,,,65030,0,b63d9a6a59c92b71ebb27d6dbfb387c70df516f225f067e4dfea40157df365d3,validation_004,1,3,1546715325,7,,
7,1.4000000000000001,A,ramp,True,False,53.96000000000002,22.80000000000004,1,accelerate,2.0,2.0000000000000284,58.399999999999956,18.0,1,0,accelerate-maintain,-0.07766090333461761,0.09749805927276611,-0.022536762058734894,1,0.09749805927276611,-0.022536762058734894,0.12003482133150101,0.17515896260738373,"[true, true, true]",False,False,False,65030,0,b63d9a6a59c92b71ebb27d6dbfb387c70df516f225f067e4dfea40157df365d3,validation_004,1,3,1546715325,7,,
7,1.4000000000000001,B,mainline,True,False,58.399999999999956,18.0,0,maintain,0.0,0.0,53.96000000000002,22.80000000000004,1,0,accelerate-maintain,-0.021604761481285095,-0.08654218912124634,-0.0979832112789154,0,-0.021604761481285095,-0.08654218912124634,0.06493742763996124,0.07637844979763031,"[true, true, true]",False,False,False,65030,0,b63d9a6a59c92b71ebb27d6dbfb387c70df516f225f067e4dfea40157df365d3,validation_004,1,3,1546715325,7,,
7,1.4000000000000001,B_front,background_mainline,True,,139.0,20.0,,,,,,,,,,,,,,,,,,,,,,65030,0,b63d9a6a59c92b71ebb27d6dbfb387c70df516f225f067e4dfea40157df365d3,validation_004,1,3,1546715325,7,,
7,1.4000000000000001,B_rear,background_mainline,True,,29.350462706592197,17.420964417721255,,,,,,,,,,,,,,,,,,,,,,65030,0,b63d9a6a59c92b71ebb27d6dbfb387c70df516f225f067e4dfea40157df365d3,validation_004,1,3,1546715325,7,,
8,1.6,A,ramp,True,False,58.56000000000003,23.200000000000045,1,accelerate,2.0,2.0000000000000284,61.99999999999995,18.0,1,0,accelerate-maintain,-0.07717432081699371,0.09772132337093353,-0.023210644721984863,1,0.09772132337093353,-0.023210644721984863,0.1209319680929184,0.17489564418792725,"[true, true, true]",False,False,False,65030,0,b63d9a6a59c92b71ebb27d6dbfb387c70df516f225f067e4dfea40157df365d3,validation_004,1,3,1546715325,7,,
8,1.6,B,mainline,True,False,61.99999999999995,18.0,0,maintain,0.0,0.0,58.56000000000003,23.200000000000045,1,0,accelerate-maintain,-0.022076748311519623,-0.08655942976474762,-0.0963841900229454,0,-0.022076748311519623,-0.08655942976474762,0.064482681453228,0.07430744171142578,"[true, true, true]",False,False,False,65030,0,b63d9a6a59c92b71ebb27d6dbfb387c70df516f225f067e4dfea40157df365d3,validation_004,1,3,1546715325,7,,
8,1.6,B_front,background_mainline,True,,143.0,20.0,,,,,,,,,,,,,,,,,,,,,,65030,0,b63d9a6a59c92b71ebb27d6dbfb387c70df516f225f067e4dfea40157df365d3,validation_004,1,3,1546715325,7,,
8,1.6,B_rear,background_mainline,True,,32.822904436623794,17.30676952260519,,,,,,,,,,,,,,,,,,,,,,65030,0,b63d9a6a59c92b71ebb27d6dbfb387c70df516f225f067e4dfea40157df365d3,validation_004,1,3,1546715325,7,,
9,1.8,A,ramp,True,False,63.24000000000004,23.60000000000005,1,accelerate,2.0,2.0000000000000284,65.59999999999995,18.0,1,0,accelerate-maintain,-0.07678823918104172,0.09772434830665588,-0.023696355521678925,1,0.09772434830665588,-0.023696355521678925,0.12142070382833481,0.1745125874876976,"[true, true, true]",False,False,False,65030,0,b63d9a6a59c92b71ebb27d6dbfb387c70df516f225f067e4dfea40157df365d3,validation_004,1,3,1546715325,7,,
9,1.8,B,mainline,True,False,65.59999999999995,18.0,0,maintain,0.0,0.0,63.24000000000004,23.60000000000005,1,0,accelerate-maintain,-0.02283141016960144,-0.08645209670066833,-0.09312352538108826,0,-0.02283141016960144,-0.08645209670066833,0.0636206865310669,0.07029211521148682,"[true, true, true]",False,False,False,65030,0,b63d9a6a59c92b71ebb27d6dbfb387c70df516f225f067e4dfea40157df365d3,validation_004,1,3,1546715325,7,,
9,1.8,B_front,background_mainline,True,,147.0,20.0,,,,,,,,,,,,,,,,,,,,,,65030,0,b63d9a6a59c92b71ebb27d6dbfb387c70df516f225f067e4dfea40157df365d3,validation_004,1,3,1546715325,7,,
9,1.8,B_rear,background_mainline,True,,36.27449893701419,17.21192297712559,,,,,,,,,,,,,,,,,,,,,,65030,0,b63d9a6a59c92b71ebb27d6dbfb387c70df516f225f067e4dfea40157df365d3,validation_004,1,3,1546715325,7,,
10,2.0,A,ramp,True,False,68.00000000000006,24.000000000000057,1,accelerate,2.0,2.0000000000000284,69.19999999999997,18.0,1,0,accelerate-maintain,-0.07597498595714569,0.09742666035890579,-0.023624606430530548,1,0.09742666035890579,-0.023624606430530548,0.12105126678943634,0.17340164631605148,"[true, true, true]",False,False,False,65030,0,b63d9a6a59c92b71ebb27d6dbfb387c70df516f225f067e4dfea40157df365d3,validation_004,1,3,1546715325,7,,
10,2.0,B,mainline,True,False,69.19999999999997,18.0,0,maintain,0.0,0.0,68.00000000000006,24.000000000000057,1,0,accelerate-maintain,-0.023705042898654938,-0.08616459369659424,-0.0893174558877945,0,-0.023705042898654938,-0.08616459369659424,0.0624595507979393,0.06561241298913956,"[true, true, true]",False,False,False,65030,0,b63d9a6a59c92b71ebb27d6dbfb387c70df516f225f067e4dfea40157df365d3,validation_004,1,3,1546715325,7,,
10,2.0,B_front,background_mainline,True,,151.0,20.0,,,,,,,,,,,,,,,,,,,,,,65030,0,b63d9a6a59c92b71ebb27d6dbfb387c70df516f225f067e4dfea40157df365d3,validation_004,1,3,1546715325,7,,
10,2.0,B_rear,background_mainline,True,,39.70877890068834,17.133172401806515,,,,,,,,,,,,,,,,,,,,,,65030,0,b63d9a6a59c92b71ebb27d6dbfb387c70df516f225f067e4dfea40157df365d3,validation_004,1,3,1546715325,7,,
11,2.2,A,ramp,True,False,72.84000000000006,24.400000000000063,1,accelerate,2.0,2.0000000000000284,72.8,18.0,1,0,accelerate-maintain,-0.07520987093448639,0.09701576083898544,-0.023543260991573334,1,0.09701576083898544,-0.023543260991573334,0.12055902183055878,0.17222563177347183,"[true, true, true]",False,False,False,65030,0,b63d9a6a59c92b71ebb27d6dbfb387c70df516f225f067e4dfea40157df365d3,validation_004,1,3,1546715325,7,,
11,2.2,B,mainline,True,False,72.8,18.0,0,maintain,0.0,0.0,72.84000000000006,24.400000000000063,1,0,accelerate-maintain,-0.024416424334049225,-0.08692453056573868,-0.08640176802873611,0,-0.024416424334049225,-0.08640176802873611,0.06198534369468689,0.06250810623168945,"[true, true, true]",False,False,False,65030,0,b63d9a6a59c92b71ebb27d6dbfb387c70df516f225f067e4dfea40157df365d3,validation_004,1,3,1546715325,7,,
11,2.2,B_front,background_mainline,True,,155.0,20.0,,,,,,,,,,,,,,,,,,,,,,65030,0,b63d9a6a59c92b71ebb27d6dbfb387c70df516f225f067e4dfea40157df365d3,validation_004,1,3,1546715325,7,,
11,2.2,B_rear,background_mainline,True,,43.1286948368277,17.06791920721872,,,,,,,,,,,,,,,,,,,,,,65030,0,b63d9a6a59c92b71ebb27d6dbfb387c70df516f225f067e4dfea40157df365d3,validation_004,1,3,1546715325,7,,
12,2.4000000000000004,A,ramp,True,False,77.76000000000006,24.800000000000068,1,accelerate,2.0,2.0000000000000284,76.40000000000002,18.0,1,0,accelerate-maintain,-0.07470102608203888,0.09642978757619858,-0.023541823029518127,1,0.09642978757619858,-0.023541823029518127,0.1199716106057167,0.17113081365823746,"[true, true, true]",False,False,False,65030,0,b63d9a6a59c92b71ebb27d6dbfb387c70df516f225f067e4dfea40157df365d3,validation_004,1,3,1546715325,7,,
12,2.4000000000000004,B,mainline,True,False,76.40000000000002,18.0,0,maintain,0.0,0.0,77.76000000000006,24.800000000000068,1,0,accelerate-maintain,-0.025244414806365967,-0.08820044249296188,-0.08359716832637787,0,-0.025244414806365967,-0.08359716832637787,0.0583527535200119,0.06295602768659592,"[true, true, true]",False,False,False,65030,0,b63d9a6a59c92b71ebb27d6dbfb387c70df516f225f067e4dfea40157df365d3,validation_004,1,3,1546715325,7,,
12,2.4000000000000004,B_front,background_mainline,True,,159.0,20.0,,,,,,,,,,,,,,,,,,,,,,65030,0,b63d9a6a59c92b71ebb27d6dbfb387c70df516f225f067e4dfea40157df365d3,validation_004,1,3,1546715325,7,,
12,2.4000000000000004,B_rear,background_mainline,True,,46.53672917763603,17.014060490985948,,,,,,,,,,,,,,,,,,,,,,65030,0,b63d9a6a59c92b71ebb27d6dbfb387c70df516f225f067e4dfea40157df365d3,validation_004,1,3,1546715325,7,,
13,2.6,A,ramp,True,False,82.76000000000008,25.200000000000074,1,accelerate,2.0,2.0000000000000284,80.00000000000004,18.0,1,0,accelerate-maintain,-0.07417207956314087,0.09586913138628006,-0.023545250296592712,1,0.09586913138628006,-0.023545250296592712,0.11941438168287277,0.17004121094942093,"[true, true, true]",False,False,False,65030,0,b63d9a6a59c92b71ebb27d6dbfb387c70df516f225f067e4dfea40157df365d3,validation_004,1,3,1546715325,7,,
13,2.6,B,mainline,True,False,80.00000000000004,18.0,0,maintain,0.0,0.0,82.76000000000008,25.200000000000074,1,0,accelerate-maintain,-0.026081636548042297,-0.08949775993824005,-0.08075572550296783,0,-0.026081636548042297,-0.08075572550296783,0.05467408895492554,0.06341612339019775,"[true, true, true]",False,False,False,65030,0,b63d9a6a59c92b71ebb27d6dbfb387c70df516f225f067e4dfea40157df365d3,validation_004,1,3,1546715325,7,,
13,2.6,B_front,background_mainline,True,,163.0,20.0,,,,,,,,,,,,,,,,,,,,,,65030,0,b63d9a6a59c92b71ebb27d6dbfb387c70df516f225f067e4dfea40157df365d3,validation_004,1,3,1546715325,7,,
13,2.6,B_rear,background_mainline,True,,49.93498349222574,16.969875475656906,,,,,,,,,,,,,,,,,,,,,,65030,0,b63d9a6a59c92b71ebb27d6dbfb387c70df516f225f067e4dfea40157df365d3,validation_004,1,3,1546715325,7,,
14,2.8000000000000003,A,ramp,True,False,87.84000000000009,25.60000000000008,1,accelerate,2.0,2.0000000000000284,83.60000000000007,18.0,1,0,accelerate-maintain,-0.0736086443066597,0.09532444924116135,-0.023550033569335938,1,0.09532444924116135,-0.023550033569335938,0.11887448281049728,0.16893309354782104,"[true, true, true]",False,False,False,65030,0,b63d9a6a59c92b71ebb27d6dbfb387c70df516f225f067e4dfea40157df365d3,validation_004,1,3,1546715325,7,,
14,2.8000000000000003,B,mainline,True,False,83.60000000000007,18.0,0,maintain,0.0,0.0,87.84000000000009,25.60000000000008,1,0,accelerate-maintain,-0.02685808390378952,-0.09073576331138611,-0.07782430201768875,0,-0.02685808390378952,-0.07782430201768875,0.05096621811389923,0.06387767940759659,"[true, true, true]",False,False,False,65030,0,b63d9a6a59c92b71ebb27d6dbfb387c70df516f225f067e4dfea40157df365d3,validation_004,1,3,1546715325,7,,
14,2.8000000000000003,B_front,background_mainline,True,,167.0,20.0,,,,,,,,,,,,,,,,,,,,,,65030,0,b63d9a6a59c92b71ebb27d6dbfb387c70df516f225f067e4dfea40157df365d3,validation_004,1,3,1546715325,7,,
14,2.8000000000000003,B_rear,background_mainline,True,,53.325246201137034,16.933942321873428,,,,,,,,,,,,,,,,,,,,,,65030,0,b63d9a6a59c92b71ebb27d6dbfb387c70df516f225f067e4dfea40157df365d3,validation_004,1,3,1546715325,7,,
15,3.0,A,ramp,True,False,93.0000000000001,26.000000000000085,1,accelerate,2.0,2.0000000000000284,87.20000000000009,18.0,1,0,accelerate-maintain,-0.07311604171991348,0.09494028985500336,-0.023699700832366943,1,0.09494028985500336,-0.023699700832366943,0.1186399906873703,0.16805633157491684,"[true, true, true]",False,False,False,65030,0,b63d9a6a59c92b71ebb27d6dbfb387c70df516f225f067e4dfea40157df365d3,validation_004,1,3,1546715325,7,,
15,3.0,B,mainline,True,False,87.20000000000009,18.0,0,maintain,0.0,0.0,93.0000000000001,26.000000000000085,1,0,accelerate-maintain,-0.027610167860984802,-0.09197039157152176,-0.07486063241958618,0,-0.027610167860984802,-0.07486063241958618,0.04725046455860138,0.06436022371053696,"[true, true, true]",False,False,False,65030,0,b63d9a6a59c92b71ebb27d6dbfb387c70df516f225f067e4dfea40157df365d3,validation_004,1,3,1546715325,7,,
15,3.0,B_front,background_mainline,True,,171.0,20.0,,,,,,,,,,,,,,,,,,,,,,65030,0,b63d9a6a59c92b71ebb27d6dbfb387c70df516f225f067e4dfea40157df365d3,validation_004,1,3,1546715325,7,,
15,3.0,B_rear,background_mainline,True,,56.70904588706388,16.905076121742994,,,,,,,,,,,,,,,,,,,,,,65030,0,b63d9a6a59c92b71ebb27d6dbfb387c70df516f225f067e4dfea40157df365d3,validation_004,1,3,1546715325,7,,
16,3.2,A,ramp,True,False,98.24000000000012,26.40000000000009,1,accelerate,2.0,2.0000000000000284,90.80000000000011,18.0,1,0,accelerate-maintain,-0.07239322364330292,0.09471718966960907,-0.023474164307117462,1,0.09471718966960907,-0.023474164307117462,0.11819135397672653,0.167110413312912,"[true, true, true]",False,False,False,65030,0,b63d9a6a59c92b71ebb27d6dbfb387c70df516f225f067e4dfea40157df365d3,validation_004,1,3,1546715325,7,,
16,3.2,B,mainline,True,False,90.80000000000011,18.0,0,maintain,0.0,0.0,98.24000000000012,26.40000000000009,1,0,accelerate-maintain,-0.028391405940055847,-0.09310278296470642,-0.07202748954296112,0,-0.028391405940055847,-0.07202748954296112,0.04363608360290527,0.06471137702465057,"[true, true, true]",False,False,False,65030,0,b63d9a6a59c92b71ebb27d6dbfb387c70df516f225f067e4dfea40157df365d3,validation_004,1,3,1546715325,7,,
16,3.2,B_front,background_mainline,True,,175.0,20.0,,,,,,,,,,,,,,,,,,,,,,65030,0,b63d9a6a59c92b71ebb27d6dbfb387c70df516f225f067e4dfea40157df365d3,validation_004,1,3,1546715325,7,,
16,3.2,B_rear,background_mainline,True,,60.087693788368185,16.882281954980733,,,,,,,,,,,,,,,,,,,,,,65030,0,b63d9a6a59c92b71ebb27d6dbfb387c70df516f225f067e4dfea40157df365d3,validation_004,1,3,1546715325,7,,
17,3.4000000000000004,A,ramp,True,False,103.56000000000014,26.800000000000097,1,accelerate,2.0,2.0000000000000284,94.40000000000013,18.0,1,0,accelerate-maintain,-0.07137328386306763,0.09391467273235321,-0.02263275533914566,1,0.09391467273235321,-0.02263275533914566,0.11654742807149887,0.16528795659542084,"[true, true, true]",False,False,False,65030,0,b63d9a6a59c92b71ebb27d6dbfb387c70df516f225f067e4dfea40157df365d3,validation_004,1,3,1546715325,7,5.873782465714584,
17,3.4000000000000004,B,mainline,True,False,94.40000000000013,18.0,0,maintain,0.0,0.0,103.56000000000014,26.800000000000097,1,0,accelerate-maintain,-0.02925121784210205,-0.09414040297269821,-0.06947995722293854,0,-0.02925121784210205,-0.06947995722293854,0.04022873938083649,0.06488918513059616,"[true, true, true]",False,False,False,65030,0,b63d9a6a59c92b71ebb27d6dbfb387c70df516f225f067e4dfea40157df365d3,validation_004,1,3,1546715325,7,5.873782465714584,
17,3.4000000000000004,B_front,background_mainline,True,,179.0,20.0,,,,,,,,,,,,,,,,,,,,,,65030,0,b63d9a6a59c92b71ebb27d6dbfb387c70df516f225f067e4dfea40157df365d3,validation_004,1,3,1546715325,7,,
17,3.4000000000000004,B_rear,background_mainline,True,,63.46231804762397,16.864718847887687,,,,,,,,,,,,,,,,,,,,,,65030,0,b63d9a6a59c92b71ebb27d6dbfb387c70df516f225f067e4dfea40157df365d3,validation_004,1,3,1546715325,7,,
18,3.6,A,ramp,True,False,108.96000000000016,27.200000000000102,1,accelerate,2.0,2.0000000000000284,98.00000000000016,18.0,1,0,accelerate-maintain,-0.11226493120193481,0.1069706380367279,-0.044423967599868774,1,0.1069706380367279,-0.044423967599868774,0.15139460563659668,0.21923556923866272,"[true, true, true]",False,False,False,65030,0,b63d9a6a59c92b71ebb27d6dbfb387c70df516f225f067e4dfea40157df365d3,validation_004,1,3,1546715325,7,7.712378739642119,
18,3.6,B,mainline,True,False,98.00000000000016,18.0,0,maintain,0.0,0.0,108.96000000000016,27.200000000000102,1,0,accelerate-maintain,-0.01961728185415268,-0.06910648196935654,-0.08592108637094498,0,-0.01961728185415268,-0.06910648196935654,0.04948920011520386,0.0663038045167923,"[true, true, true]",False,False,False,65030,0,b63d9a6a59c92b71ebb27d6dbfb387c70df516f225f067e4dfea40157df365d3,validation_004,1,3,1546715325,7,7.712378739642119,
18,3.6,B_front,background_mainline,True,,183.0,20.0,,,,,,,,,,,,,,,,,,,,,,65030,0,b63d9a6a59c92b71ebb27d6dbfb387c70df516f225f067e4dfea40157df365d3,validation_004,1,3,1546715325,7,,
18,3.6,B_rear,background_mainline,True,,66.83389159124647,16.851671750408023,,,,,,,,,,,,,,,,,,,,,,65030,0,b63d9a6a59c92b71ebb27d6dbfb387c70df516f225f067e4dfea40157df365d3,validation_004,1,3,1546715325,7,,
19,3.8000000000000003,A,ramp,True,False,114.4400000000002,27.600000000000108,1,accelerate,2.0,2.0000000000000284,101.60000000000018,18.0,1,0,accelerate-maintain,-0.10957860946655273,0.10768876224756241,-0.04307533800601959,1,0.10768876224756241,-0.04307533800601959,0.150764100253582,0.21726737171411514,"[true, true, true]",False,False,False,65030,0,b63d9a6a59c92b71ebb27d6dbfb387c70df516f225f067e4dfea40157df365d3,validation_004,1,3,1546715325,7,9.638409733564885,
19,3.8000000000000003,B,mainline,True,False,101.60000000000018,18.0,0,maintain,0.0,0.0,114.4400000000002,27.600000000000108,1,0,accelerate-maintain,-0.020234227180480957,-0.07130058109760284,-0.08439728617668152,0,-0.020234227180480957,-0.07130058109760284,0.05106635391712189,0.06416305899620056,"[true, true, true]",False,False,False,65030,0,b63d9a6a59c92b71ebb27d6dbfb387c70df516f225f067e4dfea40157df365d3,validation_004,1,3,1546715325,7,9.638409733564885,
19,3.8000000000000003,B_front,background_mainline,True,,187.0,20.0,,,,,,,,,,,,,,,,,,,,,,65030,0,b63d9a6a59c92b71ebb27d6dbfb387c70df516f225f067e4dfea40157df365d3,validation_004,1,3,1546715325,7,,
19,3.8000000000000003,B_rear,background_mainline,True,,70.20325502942514,16.842529495198526,,,,,,,,,,,,,,,,,,,,,,65030,0,b63d9a6a59c92b71ebb27d6dbfb387c70df516f225f067e4dfea40157df365d3,validation_004,1,3,1546715325,7,,
20,4.0,A,ramp,True,False,120.00000000000023,28.000000000000114,1,accelerate,2.0,2.0000000000000284,105.2000000000002,18.0,1,0,accelerate-maintain,-0.10686831176280975,0.10843081027269363,-0.04172959923744202,1,0.10843081027269363,-0.04172959923744202,0.15016040951013565,0.2152991220355034,"[true, true, true]",False,False,False,65030,0,b63d9a6a59c92b71ebb27d6dbfb387c70df516f225f067e4dfea40157df365d3,validation_004,1,3,1546715325,7,11.658295555519672,
20,4.0,B,mainline,True,False,105.2000000000002,18.0,0,maintain,0.0,0.0,120.00000000000023,28.000000000000114,1,0,accelerate-maintain,-0.021220281720161438,-0.07347014546394348,-0.08234292268753052,0,-0.021220281720161438,-0.07347014546394348,0.05224986374378204,0.06112264096736908,"[true, true, true]",False,False,False,65030,0,b63d9a6a59c92b71ebb27d6dbfb387c70df516f225f067e4dfea40157df365d3,validation_004,1,3,1546715325,7,11.658295555519672,
20,4.0,B_front,background_mainline,True,,191.0,20.0,,,,,,,,,,,,,,,,,,,,,,65030,0,b63d9a6a59c92b71ebb27d6dbfb387c70df516f225f067e4dfea40157df365d3,validation_004,1,3,1546715325,7,,
20,4.0,B_rear,background_mainline,True,,73.57113561934932,16.836767278514408,,,,,,,,,,,,,,,,,,,,,,65030,0,b63d9a6a59c92b71ebb27d6dbfb387c70df516f225f067e4dfea40157df365d3,validation_004,1,3,1546715325,7,,
21,4.2,A,ramp,True,False,125.64000000000024,28.40000000000012,1,accelerate,2.0,2.0000000000000284,108.80000000000022,18.0,1,0,accelerate-maintain,-0.10415381193161011,0.10921012610197067,-0.04039708524942398,1,0.10921012610197067,-0.04039708524942398,0.14960721135139465,0.21336393803358078,"[true, true, true]",False,False,False,65030,0,b63d9a6a59c92b71ebb27d6dbfb387c70df516f225f067e4dfea40157df365d3,validation_004,1,3,1546715325,7,13.771053136180214,
21,4.2,B,mainline,True,False,108.80000000000022,18.0,0,maintain,0.0,0.0,125.64000000000024,28.40000000000012,1,0,accelerate-maintain,-0.022284142673015594,-0.07564473897218704,-0.0802554339170456,0,-0.022284142673015594,-0.07564473897218704,0.05336059629917145,0.05797129124403,"[true, true, true]",False,False,False,65030,0,b63d9a6a59c92b71ebb27d6dbfb387c70df516f225f067e4dfea40157df365d3,validation_004,1,3,1546715325,7,13.771053136180214,
21,4.2,B_front,background_mainline,True,,195.0,20.0,,,,,,,,,,,,,,,,,,,,,,65030,0,b63d9a6a59c92b71ebb27d6dbfb387c70df516f225f067e4dfea40157df365d3,validation_004,1,3,1546715325,7,,
21,4.2,B_rear,background_mainline,True,,76.93816308468433,16.833932600374073,,,,,,,,,,,,,,,,,,,,,,65030,0,b63d9a6a59c92b71ebb27d6dbfb387c70df516f225f067e4dfea40157df365d3,validation_004,1,3,1546715325,7,,
22,4.4,A,ramp,True,False,131.36000000000024,28.800000000000125,1,accelerate,2.0,2.0000000000000284,112.40000000000025,18.0,1,0,accelerate-maintain,-0.10144971311092377,0.11003490537405014,-0.0390838161110878,1,0.11003490537405014,-0.0390838161110878,0.14911872148513794,0.2114846184849739,"[true, true, true]",False,False,False,65030,0,b63d9a6a59c92b71ebb27d6dbfb387c70df516f225f067e4dfea40157df365d3,validation_004,1,3,1546715325,7,15.970075399161928,
22,4.4,B,mainline,True,False,112.40000000000025,18.0,0,maintain,0.0,0.0,131.36000000000024,28.800000000000125,1,0,accelerate-maintain,-0.0234450101852417,-0.07753534615039825,-0.07843859493732452,0,-0.0234450101852417,-0.07753534615039825,0.054090335965156555,0.054993584752082825,"[true, true, true]",False,False,False,65030,0,b63d9a6a59c92b71ebb27d6dbfb387c70df516f225f067e4dfea40157df365d3,validation_004,1,3,1546715325,7,15.970075399161928,
22,4.4,B_front,background_mainline,True,,199.0,20.0,,,,,,,,,,,,,,,,,,,,,,65030,0,b63d9a6a59c92b71ebb27d6dbfb387c70df516f225f067e4dfea40157df365d3,validation_004,1,3,1546715325,7,,
22,4.4,B_rear,background_mainline,True,,80.3048829011575,16.833633880479457,,,,,,,,,,,,,,,,,,,,,,65030,0,b63d9a6a59c92b71ebb27d6dbfb387c70df516f225f067e4dfea40157df365d3,validation_004,1,3,1546715325,7,,
23,4.6000000000000005,A,ramp,True,False,137.16000000000028,29.20000000000013,1,accelerate,2.0,2.0000000000000284,116.00000000000027,18.0,1,0,accelerate-maintain,-0.09884229302406311,0.11095239222049713,-0.037957340478897095,1,0.11095239222049713,-0.037957340478897095,0.14890973269939423,0.20979468524456024,"[true, true, true]",False,False,False,65030,0,b63d9a6a59c92b71ebb27d6dbfb387c70df516f225f067e4dfea40157df365d3,validation_004,1,3,1546715325,7,18.250068760523888,
23,4.6000000000000005,B,mainline,True,False,116.00000000000027,18.0,0,maintain,0.0,0.0,137.16000000000028,29.20000000000013,1,0,accelerate-maintain,-0.02426879107952118,-0.079082190990448,-0.07693056762218475,0,-0.02426879107952118,-0.07693056762218475,0.052661776542663574,0.05481339991092682,"[true, true, true]",False,False,False,65030,0,b63d9a6a59c92b71ebb27d6dbfb387c70df516f225f067e4dfea40157df365d3,validation_004,1,3,1546715325,7,18.250068760523888,
23,4.6000000000000005,B_front,background_mainline,True,,203.0,20.0,,,,,,,,,,,,,,,,,,,,,,65030,0,b63d9a6a59c92b71ebb27d6dbfb387c70df516f225f067e4dfea40157df365d3,validation_004,1,3,1546715325,7,,
23,4.6000000000000005,B_rear,background_mainline,True,,83.67176752230348,16.83553116501458,,,,,,,,,,,,,,,,,,,,,,65030,0,b63d9a6a59c92b71ebb27d6dbfb387c70df516f225f067e4dfea40157df365d3,validation_004,1,3,1546715325,7,,
24,4.800000000000001,A,ramp,True,False,143.0400000000003,29.600000000000136,1,accelerate,2.0,1.9999999999971863,119.60000000000029,18.0,1,0,accelerate-maintain,-0.09650721400976181,0.11200018972158432,-0.03746041655540466,1,0.11200018972158432,-0.03746041655540466,0.14946060627698898,0.20850740373134613,"[true, true, true]",False,False,False,65030,0,b63d9a6a59c92b71ebb27d6dbfb387c70df516f225f067e4dfea40157df365d3,validation_004,1,3,1546715325,7,20.6100687605239,
24,4.800000000000001,B,mainline,True,False,119.60000000000029,18.0,0,maintain,0.0,0.0,143.0400000000003,29.600000000000136,1,0,accelerate-maintain,-0.025103561580181122,-0.08065861463546753,-0.07537481933832169,0,-0.025103561580181122,-0.07537481933832169,0.050271257758140564,0.05555505305528641,"[true, true, true]",False,False,False,65030,0,b63d9a6a59c92b71ebb27d6dbfb387c70df516f225f067e4dfea40157df365d3,validation_004,1,3,1546715325,7,20.6100687605239,
24,4.800000000000001,B_front,background_mainline,True,,207.0,20.0,,,,,,,,,,,,,,,,,,,,,,65030,0,b63d9a6a59c92b71ebb27d6dbfb387c70df516f225f067e4dfea40157df365d3,validation_004,1,3,1546715325,7,,
24,4.800000000000001,B_rear,background_mainline,True,,87.03922591749159,16.839328482780196,,,,,,,,,,,,,,,,,,,,,,65030,0,b63d9a6a59c92b71ebb27d6dbfb387c70df516f225f067e4dfea40157df365d3,validation_004,1,3,1546715325,7,,
25,5.0,A,ramp,True,False,149.00000000000034,30.0,1,accelerate,2.0,0.0,123.20000000000032,18.0,1,0,accelerate-maintain,-0.0940062403678894,0.11297783255577087,-0.03711438179016113,1,0.11297783255577087,-0.03711438179016113,0.150092214345932,0.20698407292366028,"[true, true, true]",False,False,False,65030,0,b63d9a6a59c92b71ebb27d6dbfb387c70df516f225f067e4dfea40157df365d3,validation_004,1,3,1546715325,7,23.01006876052388,
25,5.0,B,mainline,True,False,123.20000000000032,18.0,0,maintain,0.0,0.0,149.00000000000034,30.0,1,0,accelerate-maintain,-0.026096783578395844,-0.0802052691578865,-0.07461865246295929,0,-0.026096783578395844,-0.07461865246295929,0.048521868884563446,0.05410848557949066,"[true, true, true]",False,False,False,65030,0,b63d9a6a59c92b71ebb27d6dbfb387c70df516f225f067e4dfea40157df365d3,validation_004,1,3,1546715325,7,23.01006876052388,
25,5.0,B_front,background_mainline,True,,211.0,20.0,,,,,,,,,,,,,,,,,,,,,,65030,0,b63d9a6a59c92b71ebb27d6dbfb387c70df516f225f067e4dfea40157df365d3,validation_004,1,3,1546715325,7,,
25,5.0,B_rear,background_mainline,True,,90.40761171702307,16.844767513833286,,,,,,,,,,,,,,,,,,,,,,65030,0,b63d9a6a59c92b71ebb27d6dbfb387c70df516f225f067e4dfea40157df365d3,validation_004,1,3,1546715325,7,,
26,5.2,A,ramp,True,False,155.00000000000034,30.0,1,accelerate,2.0,0.0,126.80000000000034,18.0,1,0,accelerate-maintain,-0.09250390529632568,0.1130775734782219,-0.03721015155315399,1,0.1130775734782219,-0.03721015155315399,0.15028772503137589,0.20558147877454758,"[true, true, true]",False,False,False,65030,0,b63d9a6a59c92b71ebb27d6dbfb387c70df516f225f067e4dfea40157df365d3,validation_004,1,3,1546715325,7,25.41006876052387,
26,5.2,B,mainline,True,False,126.80000000000034,18.0,0,maintain,0.0,0.0,155.00000000000034,30.0,1,0,accelerate-maintain,-0.02707059681415558,-0.08021697402000427,-0.07423047721385956,0,-0.02707059681415558,-0.07423047721385956,0.04715988039970398,0.053146377205848694,"[true, true, true]",False,False,False,65030,0,b63d9a6a59c92b71ebb27d6dbfb387c70df516f225f067e4dfea40157df365d3,validation_004,1,3,1546715325,7,25.41006876052387,
26,5.2,B_front,background_mainline,True,,215.0,20.0,,,,,,,,,,,,,,,,,,,,,,65030,0,b63d9a6a59c92b71ebb27d6dbfb387c70df516f225f067e4dfea40157df365d3,validation_004,1,3,1546715325,7,,
26,5.2,B_rear,background_mainline,True,,93.77723019981612,16.851622311173156,,,,,,,,,,,,,,,,,,,,,,65030,0,b63d9a6a59c92b71ebb27d6dbfb387c70df516f225f067e4dfea40157df365d3,validation_004,1,3,1546715325,7,,
27,5.4,A,ramp,True,False,161.00000000000034,30.0,1,accelerate,2.0,0.0,130.40000000000035,18.0,1,0,accelerate-maintain,-0.09070051461458206,0.11379628628492355,-0.036568596959114075,1,0.11379628628492355,-0.036568596959114075,0.15036488324403763,0.20449680089950562,"[true, true, true]",False,False,False,65030,0,b63d9a6a59c92b71ebb27d6dbfb387c70df516f225f067e4dfea40157df365d3,validation_004,1,3,1546715325,7,27.810068760523848,
27,5.4,B,mainline,True,False,130.40000000000035,18.0,0,maintain,0.0,0.0,161.00000000000034,30.0,1,0,accelerate-maintain,-0.02804531157016754,-0.08022715151309967,-0.07383951544761658,0,-0.02804531157016754,-0.07383951544761658,0.045794203877449036,0.05218183994293213,"[true, true, true]",False,False,False,65030,0,b63d9a6a59c92b71ebb27d6dbfb387c70df516f225f067e4dfea40157df365d3,validation_004,1,3,1546715325,7,27.810068760523848,
27,5.4,B_front,background_mainline,True,,219.0,20.0,,,,,,,,,,,,,,,,,,,,,,65030,0,b63d9a6a59c92b71ebb27d6dbfb387c70df516f225f067e4dfea40157df365d3,validation_004,1,3,1546715325,7,,
27,5.4,B_rear,background_mainline,True,,97.14834431334106,16.85969487379847,,,,,,,,,,,,,,,,,,,,,,65030,0,b63d9a6a59c92b71ebb27d6dbfb387c70df516f225f067e4dfea40157df365d3,validation_004,1,3,1546715325,7,,
28,5.6000000000000005,A,ramp,True,False,167.00000000000034,30.0,1,accelerate,2.0,0.0,134.00000000000037,18.0,1,0,accelerate-maintain,-0.08943255245685577,0.11498430371284485,-0.0361134335398674,1,0.11498430371284485,-0.0361134335398674,0.15109773725271225,0.20441685616970062,"[true, true, true]",False,False,False,65030,0,b63d9a6a59c92b71ebb27d6dbfb387c70df516f225f067e4dfea40157df365d3,validation_004,1,3,1546715325,7,30.210068760523825,
28,5.6000000000000005,B,mainline,True,False,134.00000000000037,18.0,0,maintain,0.0,0.0,167.00000000000034,30.0,1,0,accelerate-maintain,-0.02902078628540039,-0.08023618161678314,-0.07344603538513184,0,-0.02902078628540039,-0.07344603538513184,0.044425249099731445,0.05121539533138275,"[true, true, true]",False,False,False,65030,0,b63d9a6a59c92b71ebb27d6dbfb387c70df516f225f067e4dfea40157df365d3,validation_004,1,3,1546715325,7,30.210068760523825,
28,5.6000000000000005,B_front,background_mainline,True,,223.0,20.0,,,,,,,,,,,,,,,,,,,,,,65030,0,b63d9a6a59c92b71ebb27d6dbfb387c70df516f225f067e4dfea40157df365d3,validation_004,1,3,1546715325,7,,
28,5.6000000000000005,B_rear,background_mainline,True,,100.52117987968016,16.86881141303932,,,,,,,,,,,,,,,,,,,,,,65030,0,b63d9a6a59c92b71ebb27d6dbfb387c70df516f225f067e4dfea40157df365d3,validation_004,1,3,1546715325,7,,
29,5.800000000000001,A,ramp,True,False,173.00000000000034,30.0,1,accelerate,2.0,0.0,137.6000000000004,18.0,1,0,accelerate-maintain,-0.08830638974905014,0.11512616276741028,-0.03447581082582474,1,0.11512616276741028,-0.03447581082582474,0.14960197359323502,0.20343255251646042,"[true, true, true]",False,False,False,65030,0,b63d9a6a59c92b71ebb27d6dbfb387c70df516f225f067e4dfea40157df365d3,validation_004,1,3,1546715325,7,32.6100687605238,
29,5.800000000000001,B,mainline,True,False,137.6000000000004,18.0,0,maintain,0.0,0.0,173.00000000000034,30.0,1,0,accelerate-maintain,-0.029996931552886963,-0.08024439960718155,-0.07305029779672623,0,-0.029996931552886963,-0.07305029779672623,0.043053366243839264,0.050247468054294586,"[true, true, true]",False,False,False,65030,0,b63d9a6a59c92b71ebb27d6dbfb387c70df516f225f067e4dfea40157df365d3,validation_004,1,3,1546715325,7,32.6100687605238,
29,5.800000000000001,B_front,background_mainline,True,,227.0,20.0,,,,,,,,,,,,,,,,,,,,,,65030,0,b63d9a6a59c92b71ebb27d6dbfb387c70df516f225f067e4dfea40157df365d3,validation_004,1,3,1546715325,7,,
29,5.800000000000001,B_rear,background_mainline,True,,103.89593011342292,16.87881918724137,,,,,,,,,,,,,,,,,,,,,,65030,0,b63d9a6a59c92b71ebb27d6dbfb387c70df516f225f067e4dfea40157df365d3,validation_004,1,3,1546715325,7,,
30,6.0,A,ramp,True,False,179.00000000000034,30.0,1,accelerate,2.0,0.0,141.20000000000041,18.0,1,0,accelerate-maintain,-0.08697967231273651,0.11495507508516312,-0.03263445943593979,1,0.11495507508516312,-0.03263445943593979,0.1475895345211029,0.20193474739789963,"[true, true, true]",False,False,False,65030,0,b63d9a6a59c92b71ebb27d6dbfb387c70df516f225f067e4dfea40157df365d3,validation_004,1,3,1546715325,7,35.01006876052378,
30,6.0,B,mainline,True,False,141.20000000000041,18.0,0,maintain,0.0,0.0,179.00000000000034,30.0,1,0,accelerate-maintain,-0.031003132462501526,-0.08030232787132263,-0.07281370460987091,0,-0.031003132462501526,-0.07281370460987091,0.041810572147369385,0.049299195408821106,"[true, true, true]",False,False,False,65030,0,b63d9a6a59c92b71ebb27d6dbfb387c70df516f225f067e4dfea40157df365d3,validation_004,1,3,1546715325,7,35.01006876052378,
30,6.0,B_front,background_mainline,True,,231.0,20.0,,,,,,,,,,,,,,,,,,,,,,65030,0,b63d9a6a59c92b71ebb27d6dbfb387c70df516f225f067e4dfea40157df365d3,validation_004,1,3,1546715325,7,,
30,6.0,B_rear,background_mainline,True,,107.27275955477367,16.889583805349144,,,,,,,,,,,,,,,,,,,,,,65030,0,b63d9a6a59c92b71ebb27d6dbfb387c70df516f225f067e4dfea40157df365d3,validation_004,1,3,1546715325,7,,
31,6.2,A,ramp,True,False,185.00000000000034,30.0,1,accelerate,2.0,0.0,144.80000000000044,18.0,1,0,accelerate-maintain,-0.08621902763843536,0.11384543031454086,-0.030420884490013123,1,0.11384543031454086,-0.030420884490013123,0.14426631480455399,0.20006445795297623,"[true, true, true]",False,False,False,65030,0,b63d9a6a59c92b71ebb27d6dbfb387c70df516f225f067e4dfea40157df365d3,validation_004,1,3,1546715325,7,37.41006876052376,
31,6.2,B,mainline,True,False,144.80000000000044,18.0,0,maintain,0.0,0.0,185.00000000000034,30.0,1,0,accelerate-maintain,-0.03292913734912872,-0.08125625550746918,-0.07356659322977066,0,-0.03292913734912872,-0.07356659322977066,0.04063745588064194,0.048327118158340454,"[true, true, true]",False,False,False,65030,0,b63d9a6a59c92b71ebb27d6dbfb387c70df516f225f067e4dfea40157df365d3,validation_004,1,3,1546715325,7,37.41006876052376,
31,6.2,B_front,background_mainline,True,,235.0,20.0,,,,,,,,,,,,,,,,,,,,,,65030,0,b63d9a6a59c92b71ebb27d6dbfb387c70df516f225f067e4dfea40157df365d3,validation_004,1,3,1546715325,7,,
31,6.2,B_rear,background_mainline,True,,110.65180750340711,16.900986919650837,,,,,,,,,,,,,,,,,,,,,,65030,0,b63d9a6a59c92b71ebb27d6dbfb387c70df516f225f067e4dfea40157df365d3,validation_004,1,3,1546715325,7,,
32,6.4,A,ramp,True,False,191.00000000000034,30.0,1,accelerate,2.0,0.0,148.40000000000046,18.0,1,0,accelerate-maintain,-0.08557144552469254,0.11254805326461792,-0.028132520616054535,1,0.11254805326461792,-0.028132520616054535,0.14068057388067245,0.19811949878931046,"[true, true, true]",False,False,False,65030,0,b63d9a6a59c92b71ebb27d6dbfb387c70df516f225f067e4dfea40157df365d3,validation_004,1,3,1546715325,7,39.810068760523734,
32,6.4,B,mainline,True,False,148.40000000000046,18.0,0,maintain,0.0,0.0,191.00000000000034,30.0,1,0,accelerate-maintain,-0.03500930219888687,-0.08239953219890594,-0.0744464248418808,0,-0.03500930219888687,-0.0744464248418808,0.03943712264299393,0.047390230000019073,"[true, true, true]",False,False,False,65030,0,b63d9a6a59c92b71ebb27d6dbfb387c70df516f225f067e4dfea40157df365d3,validation_004,1,3,1546715325,7,39.810068760523734,
32,6.4,B_front,background_mainline,True,,239.0,20.0,,,,,,,,,,,,,,,,,,,,,,65030,0,b63d9a6a59c92b71ebb27d6dbfb387c70df516f225f067e4dfea40157df365d3,validation_004,1,3,1546715325,7,,
32,6.4,B_rear,background_mainline,True,,114.03319102425576,16.91292424332463,,,,,,,,,,,,,,,,,,,,,,65030,0,b63d9a6a59c92b71ebb27d6dbfb387c70df516f225f067e4dfea40157df365d3,validation_004,1,3,1546715325,7,,
33,6.6000000000000005,A,ramp,True,False,197.00000000000034,30.0,1,accelerate,2.0,0.0,152.00000000000048,18.0,1,0,accelerate-maintain,-0.08492379635572433,0.11125057935714722,-0.025843806564807892,1,0.11125057935714722,-0.025843806564807892,0.1370943859219551,0.19617437571287155,"[true, true, true]",False,False,False,65030,0,b63d9a6a59c92b71ebb27d6dbfb387c70df516f225f067e4dfea40157df365d3,validation_004,1,3,1546715325,7,42.21006876052371,
33,6.6000000000000005,B,mainline,True,False,152.00000000000048,18.0,0,maintain,0.0,0.0,197.00000000000034,30.0,1,0,accelerate-maintain,-0.03738241642713547,-0.08338472992181778,-0.07554541528224945,0,-0.03738241642713547,-0.07554541528224945,0.03816299885511398,0.04600231349468231,"[true, true, true]",False,False,False,65030,0,b63d9a6a59c92b71ebb27d6dbfb387c70df516f225f067e4dfea40157df365d3,validation_004,1,3,1546715325,7,42.21006876052371,
33,6.6000000000000005,B_front,background_mainline,True,,243.0,20.0,,,,,,,,,,,,,,,,,,,,,,65030,0,b63d9a6a59c92b71ebb27d6dbfb387c70df516f225f067e4dfea40157df365d3,validation_004,1,3,1546715325,7,,
33,6.6000000000000005,B_rear,background_mainline,True,,117.41700758479497,16.925303840508274,,,,,,,,,,,,,,,,,,,,,,65030,0,b63d9a6a59c92b71ebb27d6dbfb387c70df516f225f067e4dfea40157df365d3,validation_004,1,3,1546715325,7,,
34,6.800000000000001,A,ramp,True,False,203.00000000000034,30.0,1,accelerate,2.0,0.0,155.6000000000005,18.0,1,0,accelerate-maintain,-0.0843464732170105,0.11001159250736237,-0.023591145873069763,1,0.11001159250736237,-0.023591145873069763,0.13360273838043213,0.19435806572437286,"[true, true, true]",False,False,False,65030,0,b63d9a6a59c92b71ebb27d6dbfb387c70df516f225f067e4dfea40157df365d3,validation_004,1,3,1546715325,7,44.61006876052369,
34,6.800000000000001,B,mainline,True,False,155.6000000000005,18.0,0,maintain,0.0,0.0,203.00000000000034,30.0,1,0,accelerate-maintain,-0.039654023945331573,-0.08390970528125763,-0.07704032212495804,0,-0.039654023945331573,-0.07704032212495804,0.037386298179626465,0.044255681335926056,"[true, true, true]",False,False,False,65030,0,b63d9a6a59c92b71ebb27d6dbfb387c70df516f225f067e4dfea40157df365d3,validation_004,1,3,1546715325,7,44.61006876052369,
34,6.800000000000001,B_front,background_mainline,True,,247.0,20.0,,,,,,,,,,,,,,,,,,,,,,65030,0,b63d9a6a59c92b71ebb27d6dbfb387c70df516f225f067e4dfea40157df365d3,validation_004,1,3,1546715325,7,,
34,6.800000000000001,B_rear,background_mainline,True,,120.80333737392519,16.938044646170653,,,,,,,,,,,,,,,,,,,,,,65030,0,b63d9a6a59c92b71ebb27d6dbfb387c70df516f225f067e4dfea40157df365d3,validation_004,1,3,1546715325,7,,
35,7.0,A,ramp,True,False,209.00000000000034,30.0,1,accelerate,2.0,0.0,159.20000000000053,18.0,1,0,accelerate-maintain,-0.08476772904396057,0.10983513295650482,-0.021827399730682373,1,0.10983513295650482,-0.021827399730682373,0.1316625326871872,0.1946028620004654,"[true, true, true]",False,False,False,65030,0,b63d9a6a59c92b71ebb27d6dbfb387c70df516f225f067e4dfea40157df365d3,validation_004,1,3,1546715325,7,47.010068760523666,
35,7.0,B,mainline,True,False,159.20000000000053,18.0,0,maintain,0.0,0.0,209.00000000000034,30.0,1,0,accelerate-maintain,-0.041957609355449677,-0.08408255875110626,-0.07866361737251282,0,-0.041957609355449677,-0.07866361737251282,0.03670600801706314,0.042124949395656586,"[true, true, true]",False,False,False,65030,0,b63d9a6a59c92b71ebb27d6dbfb387c70df516f225f067e4dfea40157df365d3,validation_004,1,3,1546715325,7,47.010068760523666,
35,7.0,B_front,background_mainline,True,,251.0,20.0,,,,,,,,,,,,,,,,,,,,,,65030,0,b63d9a6a59c92b71ebb27d6dbfb387c70df516f225f067e4dfea40157df365d3,validation_004,1,3,1546715325,7,,
35,7.0,B_rear,background_mainline,True,,124.19224534479467,16.95107518067329,,,,,,,,,,,,,,,,,,,,,,65030,0,b63d9a6a59c92b71ebb27d6dbfb387c70df516f225f067e4dfea40157df365d3,validation_004,1,3,1546715325,7,,
36,7.2,A,ramp,True,False,215.00000000000034,30.0,1,accelerate,2.0,0.0,162.80000000000055,18.0,1,0,accelerate-maintain,-0.08517026156187057,0.10968756675720215,-0.02004878968000412,1,0.10968756675720215,-0.02004878968000412,0.12973635643720627,0.19485782831907272,"[true, true, true]",False,False,False,65030,0,b63d9a6a59c92b71ebb27d6dbfb387c70df516f225f067e4dfea40157df365d3,validation_004,1,3,1546715325,7,49.41006876052364,
36,7.2,B,mainline,True,False,162.80000000000055,18.0,0,maintain,0.0,0.0,215.00000000000034,30.0,1,0,accelerate-maintain,-0.04418802261352539,-0.08381614834070206,-0.08047724515199661,0,-0.04418802261352539,-0.08047724515199661,0.03628922253847122,0.039628125727176666,"[true, true, true]",False,False,False,65030,0,b63d9a6a59c92b71ebb27d6dbfb387c70df516f225f067e4dfea40157df365d3,validation_004,1,3,1546715325,7,49.41006876052364,
36,7.2,B_front,background_mainline,True,,255.0,20.0,,,,,,,,,,,,,,,,,,,,,,65030,0,b63d9a6a59c92b71ebb27d6dbfb387c70df516f225f067e4dfea40157df365d3,validation_004,1,3,1546715325,7,,
36,7.2,B_rear,background_mainline,True,,127.58378301751388,16.964332430006166,,,,,,,,,,,,,,,,,,,,,,65030,0,b63d9a6a59c92b71ebb27d6dbfb387c70df516f225f067e4dfea40157df365d3,validation_004,1,3,1546715325,7,,
37,7.4,A,ramp,True,False,221.00000000000034,30.0,1,accelerate,2.0,0.0,166.40000000000057,18.0,1,0,accelerate-maintain,-0.08575490862131119,0.10965397953987122,-0.01828518509864807,1,0.10965397953987122,-0.01828518509864807,0.1279391646385193,0.1954088881611824,"[true, true, true]",False,False,False,65030,0,b63d9a6a59c92b71ebb27d6dbfb387c70df516f225f067e4dfea40157df365d3,validation_004,1,3,1546715325,7,51.81006876052362,
37,7.4,B,mainline,True,False,166.40000000000057,18.0,0,maintain,0.0,0.0,221.00000000000034,30.0,1,0,accelerate-maintain,-0.04641885310411453,-0.08355005830526352,-0.08229013532400131,0,-0.04641885310411453,-0.08229013532400131,0.03587128221988678,0.03713120520114899,"[true, true, true]",False,False,False,65030,0,b63d9a6a59c92b71ebb27d6dbfb387c70df516f225f067e4dfea40157df365d3,validation_004,1,3,1546715325,7,51.81006876052362,
37,7.4,B_front,background_mainline,True,,259.0,20.0,,,,,,,,,,,,,,,,,,,,,,65030,0,b63d9a6a59c92b71ebb27d6dbfb387c70df516f225f067e4dfea40157df365d3,validation_004,1,3,1546715325,7,,
37,7.4,B_rear,background_mainline,True,,130.97799007241736,16.977760867594707,,,,,,,,,,,,,,,,,,,,,,65030,0,b63d9a6a59c92b71ebb27d6dbfb387c70df516f225f067e4dfea40157df365d3,validation_004,1,3,1546715325,7,,
38,7.6000000000000005,A,ramp,True,False,227.00000000000034,30.0,1,accelerate,2.0,0.0,170.0000000000006,18.0,1,0,accelerate-maintain,-0.08679664880037308,0.10990675538778305,-0.016559362411499023,1,0.10990675538778305,-0.016559362411499023,0.12646611779928207,0.19670340418815613,"[true, true, true]",False,False,False,65030,0,b63d9a6a59c92b71ebb27d6dbfb387c70df516f225f067e4dfea40157df365d3,validation_004,1,3,1546715325,7,54.2100687605236,
38,7.6000000000000005,B,mainline,True,False,170.0000000000006,18.0,0,maintain,0.0,0.0,227.00000000000034,30.0,1,0,accelerate-maintain,-0.04865001142024994,-0.08328443765640259,-0.08410234749317169,0,-0.04865001142024994,-0.08328443765640259,0.03463442623615265,0.03545233607292175,"[true, true, true]",False,False,False,65030,0,b63d9a6a59c92b71ebb27d6dbfb387c70df516f225f067e4dfea40157df365d3,validation_004,1,3,1546715325,7,54.2100687605236,
38,7.6000000000000005,B_front,background_mainline,True,,260.0,0.0,,,,,,,,,,,,,,,,,,,,,,65030,0,b63d9a6a59c92b71ebb27d6dbfb387c70df516f225f067e4dfea40157df365d3,validation_004,1,3,1546715325,7,,
38,7.6000000000000005,B_rear,background_mainline,True,,134.37489576011913,16.991311597556493,,,,,,,,,,,,,,,,,,,,,,65030,0,b63d9a6a59c92b71ebb27d6dbfb387c70df516f225f067e4dfea40157df365d3,validation_004,1,3,1546715325,7,,
39,7.800000000000001,A,ramp,True,False,233.00000000000034,30.0,1,accelerate,2.0,0.0,173.60000000000062,18.0,1,0,accelerate-maintain,-0.08326319605112076,0.12651270627975464,0.013987619429826736,1,0.12651270627975464,0.013987619429826736,0.1125250868499279,0.2097759023308754,"[true, true, true]",False,False,False,65030,0,b63d9a6a59c92b71ebb27d6dbfb387c70df516f225f067e4dfea40157df365d3,validation_004,1,3,1546715325,7,56.610068760523575,
39,7.800000000000001,B,mainline,True,False,173.60000000000062,18.0,0,maintain,0.0,0.0,233.00000000000034,30.0,1,0,accelerate-maintain,-0.05431261658668518,-0.06828983128070831,-0.0834498330950737,0,-0.05431261658668518,-0.06828983128070831,0.013977214694023132,0.02913721650838852,"[true, true, true]",False,False,False,65030,0,b63d9a6a59c92b71ebb27d6dbfb387c70df516f225f067e4dfea40157df365d3,validation_004,1,3,1546715325,7,56.610068760523575,
39,7.800000000000001,B_front,background_mainline,True,,260.0,0.0,,,,,,,,,,,,,,,,,,,,,,65030,0,b63d9a6a59c92b71ebb27d6dbfb387c70df516f225f067e4dfea40157df365d3,validation_004,1,3,1546715325,7,,
39,7.800000000000001,B_rear,background_mainline,True,,137.77452015091802,17.00494160253047,,,,,,,,,,,,,,,,,,,,,,65030,0,b63d9a6a59c92b71ebb27d6dbfb387c70df516f225f067e4dfea40157df365d3,validation_004,1,3,1546715325,7,,
40,8.0,A,ramp,True,False,239.00000000000034,30.0,1,accelerate,2.0,0.0,177.20000000000064,18.0,1,0,accelerate-maintain,-0.08283313363790512,0.12698747217655182,0.016206949949264526,1,0.12698747217655182,0.016206949949264526,0.11078052222728729,0.20982060581445694,"[true, true, true]",False,False,False,65030,0,b63d9a6a59c92b71ebb27d6dbfb387c70df516f225f067e4dfea40157df365d3,validation_004,1,3,1546715325,7,59.01006876052355,
40,8.0,B,mainline,True,False,177.20000000000064,18.0,0,maintain,0.0,0.0,239.00000000000034,30.0,1,0,accelerate-maintain,-0.05521058291196823,-0.07067568600177765,-0.08482513576745987,0,-0.05521058291196823,-0.07067568600177765,0.015465103089809418,0.029614552855491638,"[true, true, true]",False,False,False,65030,0,b63d9a6a59c92b71ebb27d6dbfb387c70df516f225f067e4dfea40157df365d3,validation_004,1,3,1546715325,7,59.01006876052355,
40,8.0,B_front,background_mainline,True,,260.0,0.0,,,,,,,,,,,,,,,,,,,,,,65030,0,b63d9a6a59c92b71ebb27d6dbfb387c70df516f225f067e4dfea40157df365d3,validation_004,1,3,1546715325,7,,
40,8.0,B_rear,background_mainline,True,,141.17687524300825,17.018613081858554,,,,,,,,,,,,,,,,,,,,,,65030,0,b63d9a6a59c92b71ebb27d6dbfb387c70df516f225f067e4dfea40157df365d3,validation_004,1,3,1546715325,7,,
41,8.200000000000001,A,ramp,True,False,245.00000000000034,30.0,1,accelerate,2.0,0.0,180.80000000000067,18.0,1,0,accelerate-maintain,-0.08276034891605377,0.12719294428825378,0.017857488244771957,1,0.12719294428825378,0.017857488244771957,0.10933545604348183,0.20995329320430756,"[true, true, true]",False,False,False,65030,0,b63d9a6a59c92b71ebb27d6dbfb387c70df516f225f067e4dfea40157df365d3,validation_004,1,3,1546715325,7,61.41006876052353,
41,8.200000000000001,B,mainline,True,False,180.80000000000067,18.0,0,maintain,0.0,0.0,245.00000000000034,30.0,1,0,accelerate-maintain,-0.05596267431974411,-0.07250650227069855,-0.0863243043422699,0,-0.05596267431974411,-0.07250650227069855,0.016543827950954437,0.030361630022525787,"[true, true, true]",False,False,False,65030,0,b63d9a6a59c92b71ebb27d6dbfb387c70df516f225f067e4dfea40157df365d3,validation_004,1,3,1546715325,7,61.41006876052353,
41,8.200000000000001,B_front,background_mainline,True,,260.0,0.0,,,,,,,,,,,,,,,,,,,,,,65030,0,b63d9a6a59c92b71ebb27d6dbfb387c70df516f225f067e4dfea40157df365d3,validation_004,1,3,1546715325,7,,
41,8.200000000000001,B_rear,background_mainline,True,,144.5819659463308,17.03229286808696,,,,,,,,,,,,,,,,,,,,,,65030,0,b63d9a6a59c92b71ebb27d6dbfb387c70df516f225f067e4dfea40157df365d3,validation_004,1,3,1546715325,7,,
42,8.4,A,ramp,True,False,251.00000000000034,30.0,1,accelerate,2.0,0.0,184.4000000000007,18.0,1,0,accelerate-maintain,-0.08383266627788544,0.12666885554790497,0.01824939250946045,1,0.12666885554790497,0.01824939250946045,0.10841946303844452,0.2105015218257904,"[true, true, true]",False,False,False,65030,0,b63d9a6a59c92b71ebb27d6dbfb387c70df516f225f067e4dfea40157df365d3,validation_004,1,3,1546715325,7,63.810068760523535,
42,8.4,B,mainline,True,False,184.4000000000007,18.0,0,maintain,0.0,0.0,251.00000000000034,30.0,1,0,accelerate-maintain,-0.05668221414089203,-0.07461386919021606,-0.08731241524219513,0,-0.05668221414089203,-0.07461386919021606,0.017931655049324036,0.0306302011013031,"[true, true, true]",False,False,False,65030,0,b63d9a6a59c92b71ebb27d6dbfb387c70df516f225f067e4dfea40157df365d3,validation_004,1,3,1546715325,7,63.810068760523535,
42,8.4,B_front,background_mainline,True,,260.0,0.0,,,,,,,,,,,,,,,,,,,,,,65030,0,b63d9a6a59c92b71ebb27d6dbfb387c70df516f225f067e4dfea40157df365d3,validation_004,1,3,1546715325,7,,
42,8.4,B_rear,background_mainline,True,,147.98979095668216,17.04595191156349,,,,,,,,,,,,,,,,,,,,,,65030,0,b63d9a6a59c92b71ebb27d6dbfb387c70df516f225f067e4dfea40157df365d3,validation_004,1,3,1546715325,7,,
43,8.6,A,ramp,True,False,257.00000000000034,30.0,1,accelerate,2.0,0.0,188.0000000000007,18.0,1,0,accelerate-maintain,-0.0849052369594574,0.12614458799362183,0.018641140311956406,1,0.12614458799362183,0.018641140311956406,0.10750344768166542,0.21104982495307922,"[true, true, true]",False,False,False,65030,0,b63d9a6a59c92b71ebb27d6dbfb387c70df516f225f067e4dfea40157df365d3,validation_004,1,3,1546715325,7,,
43,8.6,B,mainline,True,False,188.0000000000007,18.0,0,maintain,0.0,0.0,257.00000000000034,30.0,1,0,accelerate-maintain,-0.057179681956768036,-0.07665150612592697,-0.08811263740062714,0,-0.057179681956768036,-0.07665150612592697,0.019471824169158936,0.0309329554438591,"[true, true, true]",False,False,False,65030,0,b63d9a6a59c92b71ebb27d6dbfb387c70df516f225f067e4dfea40157df365d3,validation_004,1,3,1546715325,7,,
43,8.6,B_front,background_mainline,True,,260.0,0.0,,,,,,,,,,,,,,,,,,,,,,65030,0,b63d9a6a59c92b71ebb27d6dbfb387c70df516f225f067e4dfea40157df365d3,validation_004,1,3,1546715325,7,,
43,8.6,B_rear,background_mainline,True,,151.4003435328059,17.059564824410366,,,,,,,,,,,,,,,,,,,,,,65030,0,b63d9a6a59c92b71ebb27d6dbfb387c70df516f225f067e4dfea40157df365d3,validation_004,1,3,1546715325,7,,
44,8.8,A,ramp,False,True,261.50000000000034,0.0,0,maintain,0.0,0.0,191.60000000000073,18.0,0,0,inactive-active,-0.08803270012140274,0.04772849380970001,-0.06709009408950806,1,0.04772849380970001,-0.06709009408950806,0.11481858789920807,0.13576119393110275,"[true, true, true]",False,False,False,65030,0,b63d9a6a59c92b71ebb27d6dbfb387c70df516f225f067e4dfea40157df365d3,validation_004,1,3,1546715325,7,,
44,8.8,B,mainline,True,False,191.60000000000073,18.0,0,maintain,0.0,0.0,261.50000000000034,0.0,0,0,inactive-active,-0.05351266264915466,-0.07988013327121735,-0.13754715025424957,0,-0.05351266264915466,-0.07988013327121735,0.026367470622062683,0.08403448760509491,"[true, true, true]",False,False,False,65030,0,b63d9a6a59c92b71ebb27d6dbfb387c70df516f225f067e4dfea40157df365d3,validation_004,1,3,1546715325,7,,
44,8.8,B_front,background_mainline,True,,260.0,0.0,,,,,,,,,,,,,,,,,,,,,,65030,0,b63d9a6a59c92b71ebb27d6dbfb387c70df516f225f067e4dfea40157df365d3,validation_004,1,3,1546715325,7,,
44,8.8,B_rear,background_mainline,True,,154.81361218757743,17.073109476406508,,,,,,,,,,,,,,,,,,,,,,65030,0,b63d9a6a59c92b71ebb27d6dbfb387c70df516f225f067e4dfea40157df365d3,validation_004,1,3,1546715325,7,,
45,9.0,A,ramp,False,True,261.50000000000034,0.0,0,maintain,0.0,0.0,195.20000000000076,18.0,0,0,inactive-active,-0.08841007947921753,0.04877186194062233,-0.06708061695098877,1,0.04877186194062233,-0.06708061695098877,0.1158524788916111,0.13718194141983986,"[true, true, true]",False,False,False,65030,0,b63d9a6a59c92b71ebb27d6dbfb387c70df516f225f067e4dfea40157df365d3,validation_004,1,3,1546715325,7,,
45,9.0,B,mainline,True,False,195.20000000000076,18.0,0,maintain,0.0,0.0,261.50000000000034,0.0,0,0,inactive-active,-0.05398601293563843,-0.08153963088989258,-0.13820841908454895,0,-0.05398601293563843,-0.08153963088989258,0.02755361795425415,0.08422240614891052,"[true, true, true]",False,False,False,65030,0,b63d9a6a59c92b71ebb27d6dbfb387c70df516f225f067e4dfea40157df365d3,validation_004,1,3,1546715325,7,,
45,9.0,B_front,background_mainline,True,,260.0,0.0,,,,,,,,,,,,,,,,,,,,,,65030,0,b63d9a6a59c92b71ebb27d6dbfb387c70df516f225f067e4dfea40157df365d3,validation_004,1,3,1546715325,7,,
45,9.0,B_rear,background_mainline,True,,158.22958130300782,17.086566636364815,,,,,,,,,,,,,,,,,,,,,,65030,0,b63d9a6a59c92b71ebb27d6dbfb387c70df516f225f067e4dfea40157df365d3,validation_004,1,3,1546715325,7,,
46,9.200000000000001,A,ramp,False,True,261.50000000000034,0.0,0,maintain,0.0,0.0,198.80000000000078,18.0,0,0,inactive-active,-0.08878788352012634,0.04981519654393196,-0.0670710951089859,1,0.04981519654393196,-0.0670710951089859,0.11688629165291786,0.1386030800640583,"[true, true, true]",False,False,False,65030,0,b63d9a6a59c92b71ebb27d6dbfb387c70df516f225f067e4dfea40157df365d3,validation_004,1,3,1546715325,7,,
46,9.200000000000001,B,mainline,True,False,198.80000000000078,18.0,0,maintain,0.0,0.0,261.50000000000034,0.0,0,0,inactive-active,-0.05445970594882965,-0.08320026844739914,-0.13886933028697968,0,-0.05445970594882965,-0.08320026844739914,0.02874056249856949,0.08440962433815002,"[true, true, true]",False,False,False,65030,0,b63d9a6a59c92b71ebb27d6dbfb387c70df516f225f067e4dfea40157df365d3,validation_004,1,3,1546715325,7,,
46,9.200000000000001,B_front,background_mainline,True,,260.0,0.0,,,,,,,,,,,,,,,,,,,,,,65030,0,b63d9a6a59c92b71ebb27d6dbfb387c70df516f225f067e4dfea40157df365d3,validation_004,1,3,1546715325,7,,
46,9.200000000000001,B_rear,background_mainline,True,,161.64823167759974,17.099919653474828,,,,,,,,,,,,,,,,,,,,,,65030,0,b63d9a6a59c92b71ebb27d6dbfb387c70df516f225f067e4dfea40157df365d3,validation_004,1,3,1546715325,7,,
47,9.4,A,ramp,False,True,261.50000000000034,0.0,0,maintain,0.0,0.0,202.4000000000008,18.0,0,0,inactive-active,-0.0893772765994072,0.05050229653716087,-0.06727853417396545,1,0.05050229653716087,-0.06727853417396545,0.11778083071112633,0.13987957313656807,"[true, true, true]",False,False,False,65030,0,b63d9a6a59c92b71ebb27d6dbfb387c70df516f225f067e4dfea40157df365d3,validation_004,1,3,1546715325,7,,
47,9.4,B,mainline,True,False,202.4000000000008,18.0,0,maintain,0.0,0.0,261.50000000000034,0.0,0,0,inactive-active,-0.05500667542219162,-0.08508563041687012,-0.13950137794017792,0,-0.05500667542219162,-0.08508563041687012,0.030078954994678497,0.0844947025179863,"[true, true, true]",False,False,False,65030,0,b63d9a6a59c92b71ebb27d6dbfb387c70df516f225f067e4dfea40157df365d3,validation_004,1,3,1546715325,7,,
47,9.4,B_front,background_mainline,True,,260.0,0.0,,,,,,,,,,,,,,,,,,,,,,65030,0,b63d9a6a59c92b71ebb27d6dbfb387c70df516f225f067e4dfea40157df365d3,validation_004,1,3,1546715325,7,,
47,9.4,B_rear,background_mainline,True,,165.06954101355976,17.11315417382894,,,,,,,,,,,,,,,,,,,,,,65030,0,b63d9a6a59c92b71ebb27d6dbfb387c70df516f225f067e4dfea40157df365d3,validation_004,1,3,1546715325,7,,
48,9.600000000000001,A,ramp,False,True,261.50000000000034,0.0,0,maintain,0.0,0.0,206.00000000000082,18.0,0,0,inactive-active,-0.09001225233078003,0.05102808400988579,-0.06749264895915985,1,0.05102808400988579,-0.06749264895915985,0.11852073296904564,0.14104033634066582,"[true, true, true]",False,False,False,65030,0,b63d9a6a59c92b71ebb27d6dbfb387c70df516f225f067e4dfea40157df365d3,validation_004,1,3,1546715325,7,,
48,9.600000000000001,B,mainline,True,False,206.00000000000082,18.0,0,maintain,0.0,0.0,261.50000000000034,0.0,0,0,inactive-active,-0.05560377240180969,-0.08712485432624817,-0.14011362195014954,0,-0.05560377240180969,-0.08712485432624817,0.03152108192443848,0.08450984954833984,"[true, true, true]",False,False,False,65030,0,b63d9a6a59c92b71ebb27d6dbfb387c70df516f225f067e4dfea40157df365d3,validation_004,1,3,1546715325,7,,
48,9.600000000000001,B_front,background_mainline,True,,260.0,0.0,,,,,,,,,,,,,,,,,,,,,,65030,0,b63d9a6a59c92b71ebb27d6dbfb387c70df516f225f067e4dfea40157df365d3,validation_004,1,3,1546715325,7,,
48,9.600000000000001,B_rear,background_mainline,True,,168.4934843504798,17.12625788798437,,,,,,,,,,,,,,,,,,,,,,65030,0,b63d9a6a59c92b71ebb27d6dbfb387c70df516f225f067e4dfea40157df365d3,validation_004,1,3,1546715325,7,,
49,9.8,A,ramp,False,True,261.50000000000034,0.0,0,maintain,0.0,0.0,209.60000000000085,18.0,0,0,inactive-active,-0.0906272679567337,0.05154392868280411,-0.06766511499881744,1,0.05154392868280411,-0.06766511499881744,0.11920904368162155,0.1421711966395378,"[true, true, true]",False,False,False,65030,0,b63d9a6a59c92b71ebb27d6dbfb387c70df516f225f067e4dfea40157df365d3,validation_004,1,3,1546715325,7,,
49,9.8,B,mainline,True,False,209.60000000000085,18.0,0,maintain,0.0,0.0,261.50000000000034,0.0,0,0,inactive-active,-0.05620113015174866,-0.08916540443897247,-0.1407255232334137,0,-0.05620113015174866,-0.08916540443897247,0.032964274287223816,0.08452439308166504,"[true, true, true]",False,False,False,65030,0,b63d9a6a59c92b71ebb27d6dbfb387c70df516f225f067e4dfea40157df365d3,validation_004,1,3,1546715325,7,,
49,9.8,B_front,background_mainline,True,,260.0,0.0,,,,,,,,,,,,,,,,,,,,,,65030,0,b63d9a6a59c92b71ebb27d6dbfb387c70df516f225f067e4dfea40157df365d3,validation_004,1,3,1546715325,7,,
49,9.8,B_rear,background_mainline,True,,171.92003445132633,17.139220305953124,,,,,,,,,,,,,,,,,,,,,,65030,0,b63d9a6a59c92b71ebb27d6dbfb387c70df516f225f067e4dfea40157df365d3,validation_004,1,3,1546715325,7,,
50,10.0,A,ramp,False,True,261.50000000000034,0.0,0,maintain,0.0,0.0,213.20000000000087,18.0,0,0,inactive-active,-0.09124286472797394,0.05205962061882019,-0.06783756613731384,1,0.05205962061882019,-0.06783756613731384,0.11989718675613403,0.14330248534679413,"[true, true, true]",False,False,False,65030,0,b63d9a6a59c92b71ebb27d6dbfb387c70df516f225f067e4dfea40157df365d3,validation_004,1,3,1546715325,7,,
50,10.0,B,mainline,True,False,213.20000000000087,18.0,0,maintain,0.0,0.0,261.50000000000034,0.0,0,0,inactive-active,-0.05679880827665329,-0.09120724350214005,-0.1413370966911316,0,-0.05679880827665329,-0.09120724350214005,0.034408435225486755,0.0845382884144783,"[true, true, true]",False,False,False,65030,0,b63d9a6a59c92b71ebb27d6dbfb387c70df516f225f067e4dfea40157df365d3,validation_004,1,3,1546715325,7,,
50,10.0,B_front,background_mainline,True,,260.0,0.0,,,,,,,,,,,,,,,,,,,,,,65030,0,b63d9a6a59c92b71ebb27d6dbfb387c70df516f225f067e4dfea40157df365d3,validation_004,1,3,1546715325,7,,
50,10.0,B_rear,background_mainline,True,,175.34916214590152,17.152032556473113,,,,,,,,,,,,,,,,,,,,,,65030,0,b63d9a6a59c92b71ebb27d6dbfb387c70df516f225f067e4dfea40157df365d3,validation_004,1,3,1546715325,7,,
51,10.200000000000001,A,ramp,False,True,261.50000000000034,0.0,0,maintain,0.0,0.0,216.8000000000009,18.0,0,0,inactive-active,-0.09185893833637238,0.05257590860128403,-0.06800654530525208,1,0.05257590860128403,-0.06800654530525208,0.1205824539065361,0.1444348469376564,"[true, true, true]",False,False,False,65030,0,b63d9a6a59c92b71ebb27d6dbfb387c70df516f225f067e4dfea40157df365d3,validation_004,1,3,1546715325,7,,
51,10.200000000000001,B,mainline,True,False,216.8000000000009,18.0,0,maintain,0.0,0.0,261.50000000000034,0.0,0,0,inactive-active,-0.057396695017814636,-0.0932503491640091,-0.1419483870267868,0,-0.057396695017814636,-0.0932503491640091,0.03585365414619446,0.08455169200897217,"[true, true, true]",False,False,False,65030,0,b63d9a6a59c92b71ebb27d6dbfb387c70df516f225f067e4dfea40157df365d3,validation_004,1,3,1546715325,7,,
51,10.200000000000001,B_front,background_mainline,True,,260.0,0.0,,,,,,,,,,,,,,,,,,,,,,65030,0,b63d9a6a59c92b71ebb27d6dbfb387c70df516f225f067e4dfea40157df365d3,validation_004,1,3,1546715325,7,,
51,10.200000000000001,B_rear,background_mainline,True,,178.780836636352,17.16468720780903,,,,,,,,,,,,,,,,,,,,,,65030,0,b63d9a6a59c92b71ebb27d6dbfb387c70df516f225f067e4dfea40157df365d3,validation_004,1,3,1546715325,7,,
52,10.4,A,ramp,False,True,261.50000000000034,0.0,0,maintain,0.0,0.0,220.40000000000092,18.0,0,0,inactive-active,-0.09247535467147827,0.05309329554438591,-0.06816965341567993,1,0.05309329554438591,-0.06816965341567993,0.12126294896006584,0.14556865021586418,"[true, true, true]",False,False,False,65030,0,b63d9a6a59c92b71ebb27d6dbfb387c70df516f225f067e4dfea40157df365d3,validation_004,1,3,1546715325,7,,
52,10.4,B,mainline,True,False,220.40000000000092,18.0,0,maintain,0.0,0.0,261.50000000000034,0.0,0,0,inactive-active,-0.057942382991313934,-0.09499573707580566,-0.14264130592346191,0,-0.057942382991313934,-0.09499573707580566,0.03705335408449173,0.08469892293214798,"[true, true, true]",False,False,False,65030,0,b63d9a6a59c92b71ebb27d6dbfb387c70df516f225f067e4dfea40157df365d3,validation_004,1,3,1546715325,7,,
52,10.4,B_front,background_mainline,True,,260.0,0.0,,,,,,,,,,,,,,,,,,,,,,65030,0,b63d9a6a59c92b71ebb27d6dbfb387c70df516f225f067e4dfea40157df365d3,validation_004,1,3,1546715325,7,,
52,10.4,B_rear,background_mainline,True,,182.21502576878464,17.17717810767142,,,,,,,,,,,,,,,,,,,,,,65030,0,b63d9a6a59c92b71ebb27d6dbfb387c70df516f225f067e4dfea40157df365d3,validation_004,1,3,1546715325,7,,
53,10.600000000000001,A,ramp,False,True,261.50000000000034,0.0,0,maintain,0.0,0.0,224.00000000000094,18.0,0,0,inactive-active,-0.09309235960245132,0.053610533475875854,-0.06833283603191376,1,0.053610533475875854,-0.06833283603191376,0.12194336950778961,0.14670289307832718,"[true, true, true]",False,False,False,65030,0,b63d9a6a59c92b71ebb27d6dbfb387c70df516f225f067e4dfea40157df365d3,validation_004,1,3,1546715325,7,,
53,10.600000000000001,B,mainline,True,False,224.00000000000094,18.0,0,maintain,0.0,0.0,261.50000000000034,0.0,0,0,inactive-active,-0.05853297561407089,-0.09648376703262329,-0.14328722655773163,0,-0.05853297561407089,-0.09648376703262329,0.0379507914185524,0.08475425094366074,"[true, true, true]",False,False,False,65030,0,b63d9a6a59c92b71ebb27d6dbfb387c70df516f225f067e4dfea40157df365d3,validation_004,1,3,1546715325,7,,
53,10.600000000000001,B_front,background_mainline,True,,260.0,0.0,,,,,,,,,,,,,,,,,,,,,,65030,0,b63d9a6a59c92b71ebb27d6dbfb387c70df516f225f067e4dfea40157df365d3,validation_004,1,3,1546715325,7,,
53,10.600000000000001,B_rear,background_mainline,True,,185.65169627459724,17.189500240135434,,,,,,,,,,,,,,,,,,,,,,65030,0,b63d9a6a59c92b71ebb27d6dbfb387c70df516f225f067e4dfea40157df365d3,validation_004,1,3,1546715325,7,,
54,10.8,A,ramp,False,True,261.50000000000034,0.0,0,maintain,0.0,0.0,227.60000000000096,18.0,0,0,inactive-active,-0.09370020031929016,0.05414295941591263,-0.06851446628570557,1,0.05414295941591263,-0.06851446628570557,0.1226574257016182,0.1478431597352028,"[true, true, true]",False,False,False,65030,0,b63d9a6a59c92b71ebb27d6dbfb387c70df516f225f067e4dfea40157df365d3,validation_004,1,3,1546715325,7,,
54,10.8,B,mainline,True,False,227.60000000000096,18.0,0,maintain,0.0,0.0,261.50000000000034,0.0,0,0,inactive-active,-0.059162646532058716,-0.09795062243938446,-0.14388316869735718,0,-0.059162646532058716,-0.09795062243938446,0.038787975907325745,0.08472052216529846,"[true, true, true]",False,False,False,65030,0,b63d9a6a59c92b71ebb27d6dbfb387c70df516f225f067e4dfea40157df365d3,validation_004,1,3,1546715325,7,,
54,10.8,B_front,background_mainline,True,,260.0,0.0,,,,,,,,,,,,,,,,,,,,,,65030,0,b63d9a6a59c92b71ebb27d6dbfb387c70df516f225f067e4dfea40157df365d3,validation_004,1,3,1546715325,7,,
54,10.8,B_rear,background_mainline,True,,189.09081398473376,17.201649597694573,,,,,,,,,,,,,,,,,,,,,,65030,0,b63d9a6a59c92b71ebb27d6dbfb387c70df516f225f067e4dfea40157df365d3,validation_004,1,3,1546715325,7,,
55,11.0,A,ramp,False,True,261.50000000000034,0.0,0,maintain,0.0,0.0,231.20000000000098,18.0,0,0,inactive-active,-0.09408502280712128,0.054744597524404526,-0.06886549293994904,1,0.054744597524404526,-0.06886549293994904,0.12361009046435356,0.1488296203315258,"[true, true, true]",False,False,False,65030,0,b63d9a6a59c92b71ebb27d6dbfb387c70df516f225f067e4dfea40157df365d3,validation_004,1,3,1546715325,7,,
55,11.0,B,mainline,True,False,231.20000000000098,18.0,0,maintain,0.0,0.0,261.50000000000034,0.0,0,0,inactive-active,-0.059792496263980865,-0.09941840916872025,-0.14447881281375885,0,-0.059792496263980865,-0.09941840916872025,0.03962591290473938,0.08468631654977798,"[true, true, true]",False,False,False,65030,0,b63d9a6a59c92b71ebb27d6dbfb387c70df516f225f067e4dfea40157df365d3,validation_004,1,3,1546715325,7,,
55,11.0,B_front,background_mainline,True,,260.0,0.0,,,,,,,,,,,,,,,,,,,,,,65030,0,b63d9a6a59c92b71ebb27d6dbfb387c70df516f225f067e4dfea40157df365d3,validation_004,1,3,1546715325,7,,
55,11.0,B_rear,background_mainline,True,,192.53234401972352,17.213623066804566,,,,,,,,,,,,,,,,,,,,,,65030,0,b63d9a6a59c92b71ebb27d6dbfb387c70df516f225f067e4dfea40157df365d3,validation_004,1,3,1546715325,7,,
56,11.200000000000001,A,ramp,False,True,261.50000000000034,0.0,0,maintain,0.0,0.0,234.800000000001,18.0,0,0,inactive-active,-0.09427997469902039,0.05577168986201286,-0.0688997358083725,1,0.05577168986201286,-0.0688997358083725,0.12467142567038536,0.15005166456103325,"[true, true, true]",False,False,False,65030,0,b63d9a6a59c92b71ebb27d6dbfb387c70df516f225f067e4dfea40157df365d3,validation_004,1,3,1546715325,7,,
56,11.200000000000001,B,mainline,True,False,234.800000000001,18.0,0,maintain,0.0,0.0,261.50000000000034,0.0,0,0,inactive-active,-0.06063947081565857,-0.10084550827741623,-0.14477533102035522,0,-0.06063947081565857,-0.10084550827741623,0.04020603746175766,0.08413586020469666,"[true, true, true]",False,False,False,65030,0,b63d9a6a59c92b71ebb27d6dbfb387c70df516f225f067e4dfea40157df365d3,validation_004,1,3,1546715325,7,,
56,11.200000000000001,B_front,background_mainline,True,,260.0,0.0,,,,,,,,,,,,,,,,,,,,,,65030,0,b63d9a6a59c92b71ebb27d6dbfb387c70df516f225f067e4dfea40157df365d3,validation_004,1,3,1546715325,7,,
56,11.200000000000001,B_rear,background_mainline,True,,195.97625095805415,17.225418325463988,,,,,,,,,,,,,,,,,,,,,,65030,0,b63d9a6a59c92b71ebb27d6dbfb387c70df516f225f067e4dfea40157df365d3,validation_004,1,3,1546715325,7,,
57,11.4,A,ramp,False,True,261.50000000000034,0.0,0,maintain,0.0,0.0,238.40000000000103,18.0,0,0,inactive-active,-0.09453039616346359,0.05714549496769905,-0.06894364953041077,1,0.05714549496769905,-0.06894364953041077,0.12608914449810982,0.15167589113116264,"[true, true, true]",False,False,False,65030,0,b63d9a6a59c92b71ebb27d6dbfb387c70df516f225f067e4dfea40157df365d3,validation_004,1,3,1546715325,7,,
57,11.4,B,mainline,True,False,238.40000000000103,18.0,0,maintain,0.0,0.0,261.50000000000034,0.0,0,0,inactive-active,-0.06162364035844803,-0.10224723815917969,-0.14488281309604645,0,-0.06162364035844803,-0.10224723815917969,0.04062359780073166,0.08325917273759842,"[true, true, true]",False,False,False,65030,0,b63d9a6a59c92b71ebb27d6dbfb387c70df516f225f067e4dfea40157df365d3,validation_004,1,3,1546715325,7,,
57,11.4,B_front,background_mainline,True,,260.0,0.0,,,,,,,,,,,,,,,,,,,,,,65030,0,b63d9a6a59c92b71ebb27d6dbfb387c70df516f225f067e4dfea40157df365d3,validation_004,1,3,1546715325,7,,
57,11.4,B_rear,background_mainline,True,,199.42249898515445,17.237033751545138,,,,,,,,,,,,,,,,,,,,,,65030,0,b63d9a6a59c92b71ebb27d6dbfb387c70df516f225f067e4dfea40157df365d3,validation_004,1,3,1546715325,7,,
58,11.600000000000001,A,ramp,False,True,261.50000000000034,0.0,0,maintain,0.0,0.0,242.00000000000105,18.0,0,0,inactive-active,-0.09478132426738739,0.05851929634809494,-0.06898744404315948,1,0.05851929634809494,-0.06898744404315948,0.12750674039125443,0.15330062061548233,"[true, true, true]",False,False,False,65030,0,b63d9a6a59c92b71ebb27d6dbfb387c70df516f225f067e4dfea40157df365d3,validation_004,1,3,1546715325,7,,
58,11.600000000000001,B,mainline,True,False,242.00000000000105,18.0,0,maintain,0.0,0.0,261.50000000000034,0.0,0,0,inactive-active,-0.06260799616575241,-0.10364986956119537,-0.14499004185199738,0,-0.06260799616575241,-0.10364986956119537,0.04104187339544296,0.08238204568624496,"[true, true, true]",False,False,False,65030,0,b63d9a6a59c92b71ebb27d6dbfb387c70df516f225f067e4dfea40157df365d3,validation_004,1,3,1546715325,7,,
58,11.600000000000001,B_front,background_mainline,True,,260.0,0.0,,,,,,,,,,,,,,,,,,,,,,65030,0,b63d9a6a59c92b71ebb27d6dbfb387c70df516f225f067e4dfea40157df365d3,validation_004,1,3,1546715325,7,,
58,11.600000000000001,B_rear,background_mainline,True,,202.8710520250214,17.248468340734554,,,,,,,,,,,,,,,,,,,,,,65030,0,b63d9a6a59c92b71ebb27d6dbfb387c70df516f225f067e4dfea40157df365d3,validation_004,1,3,1546715325,7,,
59,11.8,A,ramp,False,True,261.50000000000034,0.0,0,maintain,0.0,0.0,245.60000000000107,18.0,0,0,inactive-active,-0.09503275901079178,0.05989297479391098,-0.06903110444545746,1,0.05989297479391098,-0.06903110444545746,0.12892407923936844,0.15492573380470276,"[true, true, true]",False,False,False,65030,0,b63d9a6a59c92b71ebb27d6dbfb387c70df516f225f067e4dfea40157df365d3,validation_004,1,3,1546715325,7,,
59,11.8,B,mainline,True,False,245.60000000000107,18.0,0,maintain,0.0,0.0,261.50000000000034,0.0,0,0,inactive-active,-0.06359253823757172,-0.1050533652305603,-0.14509695768356323,0,-0.06359253823757172,-0.1050533652305603,0.041460826992988586,0.08150441944599152,"[true, true, true]",False,False,False,65030,0,b63d9a6a59c92b71ebb27d6dbfb387c70df516f225f067e4dfea40157df365d3,validation_004,1,3,1546715325,7,,
59,11.8,B_front,background_mainline,True,,260.0,0.0,,,,,,,,,,,,,,,,,,,,,,65030,0,b63d9a6a59c92b71ebb27d6dbfb387c70df516f225f067e4dfea40157df365d3,validation_004,1,3,1546715325,7,,
59,11.8,B_rear,background_mainline,True,,206.3218738563098,17.259721633070413,,,,,,,,,,,,,,,,,,,,,,65030,0,b63d9a6a59c92b71ebb27d6dbfb387c70df516f225f067e4dfea40157df365d3,validation_004,1,3,1546715325,7,,
60,12.0,A,ramp,False,True,261.50000000000034,0.0,0,maintain,0.0,0.0,249.2000000000011,18.0,0,0,inactive-active,-0.09528470039367676,0.06126660853624344,-0.06907463073730469,1,0.06126660853624344,-0.06907463073730469,0.13034123927354813,0.1565513089299202,"[true, true, true]",False,False,False,65030,0,b63d9a6a59c92b71ebb27d6dbfb387c70df516f225f067e4dfea40157df365d3,validation_004,1,3,1546715325,7,,
60,12.0,B,mainline,True,False,249.2000000000011,18.0,0,maintain,0.0,0.0,261.50000000000034,0.0,0,0,inactive-active,-0.06457721441984177,-0.10645772516727448,-0.14520364999771118,0,-0.06457721441984177,-0.10645772516727448,0.04188051074743271,0.08062643557786942,"[true, true, true]",False,False,False,65030,0,b63d9a6a59c92b71ebb27d6dbfb387c70df516f225f067e4dfea40157df365d3,validation_004,1,3,1546715325,7,,
60,12.0,B_front,background_mainline,True,,260.0,0.0,,,,,,,,,,,,,,,,,,,,,,65030,0,b63d9a6a59c92b71ebb27d6dbfb387c70df516f225f067e4dfea40157df365d3,validation_004,1,3,1546715325,7,,
60,12.0,B_rear,background_mainline,True,,209.77492821451204,17.270793647176266,,,,,,,,,,,,,,,,,,,,,,65030,0,b63d9a6a59c92b71ebb27d6dbfb387c70df516f225f067e4dfea40157df365d3,validation_004,1,3,1546715325,7,,
61,12.200000000000001,A,ramp,False,True,261.50000000000034,0.0,0,maintain,0.0,0.0,252.80000000000112,18.0,0,0,inactive-active,-0.09555619210004807,0.0626750960946083,-0.06909216940402985,1,0.0626750960946083,-0.06909216940402985,0.13176726549863815,0.15823128819465637,"[true, true, true]",False,False,False,65030,0,b63d9a6a59c92b71ebb27d6dbfb387c70df516f225f067e4dfea40157df365d3,validation_004,1,3,1546715325,7,,
61,12.200000000000001,B,mainline,True,False,252.80000000000112,18.0,0,maintain,0.0,0.0,261.50000000000034,0.0,0,0,inactive-active,-0.06556207686662674,-0.1078629195690155,-0.14531007409095764,0,-0.06556207686662674,-0.1078629195690155,0.04230084270238876,0.0797479972243309,"[true, true, true]",False,False,False,65030,0,b63d9a6a59c92b71ebb27d6dbfb387c70df516f225f067e4dfea40157df365d3,validation_004,1,3,1546715325,7,,
61,12.200000000000001,B_front,background_mainline,True,,260.0,0.0,,,,,,,,,,,,,,,,,,,,,,65030,0,b63d9a6a59c92b71ebb27d6dbfb387c70df516f225f067e4dfea40157df365d3,validation_004,1,3,1546715325,7,,
61,12.200000000000001,B_rear,background_mainline,True,,213.23017888168636,17.28168482138943,,,,,,,,,,,,,,,,,,,,,,65030,0,b63d9a6a59c92b71ebb27d6dbfb387c70df516f225f067e4dfea40157df365d3,validation_004,1,3,1546715325,7,,
62,12.4,A,ramp,False,True,261.50000000000034,0.0,0,maintain,0.0,0.0,256.4000000000011,18.0,0,0,inactive-active,-0.09586026519536972,0.06414242833852768,-0.06906600296497345,1,0.06414242833852768,-0.06906600296497345,0.13320843130350113,0.1600026935338974,"[true, true, true]",False,True,False,65030,0,b63d9a6a59c92b71ebb27d6dbfb387c70df516f225f067e4dfea40157df365d3,validation_004,1,3,1546715325,7,,
62,12.4,B,mainline,True,False,256.4000000000011,18.0,0,maintain,0.0,0.0,261.50000000000034,0.0,0,0,inactive-active,-0.06636698544025421,-0.10919716209173203,-0.14549526572227478,0,-0.06636698544025421,-0.10919716209173203,0.042830176651477814,0.07912828028202057,"[true, true, true]",False,True,False,65030,0,b63d9a6a59c92b71ebb27d6dbfb387c70df516f225f067e4dfea40157df365d3,validation_004,1,3,1546715325,7,,
62,12.4,B_front,background_mainline,True,,260.0,0.0,,,,,,,,,,,,,,,,,,,,,,65030,0,b63d9a6a59c92b71ebb27d6dbfb387c70df516f225f067e4dfea40157df365d3,validation_004,1,3,1546715325,7,,
62,12.4,B_rear,background_mainline,True,,216.6875897650389,17.292395961069303,,,,,,,,,,,,,,,,,,,,,,65030,0,b63d9a6a59c92b71ebb27d6dbfb387c70df516f225f067e4dfea40157df365d3,validation_004,1,3,1546715325,7,,
0,0.0,A,mainline,True,False,38.4,16.0,1,accelerate,0.0,2.0000000000000284,32.0,20.0,1,1,accelerate-accelerate,-0.04340307414531708,0.06207417696714401,-0.01544325053691864,1,0.06207417696714401,-0.01544325053691864,0.07751742750406265,0.10547725111246109,"[true, true, true]",False,False,False,65030,0,b63d9a6a59c92b71ebb27d6dbfb387c70df516f225f067e4dfea40157df365d3,validation_005,0,4,1020641448,8,,
0,0.0,B,ramp,True,False,32.0,20.0,1,accelerate,0.0,2.0000000000000284,38.4,16.0,1,1,accelerate-accelerate,-0.05082353949546814,0.025800399482250214,-0.21212339401245117,1,0.025800399482250214,-0.05082353949546814,0.07662393897771835,0.23792379349470139,"[true, true, true]",False,False,False,65030,0,b63d9a6a59c92b71ebb27d6dbfb387c70df516f225f067e4dfea40157df365d3,validation_005,0,4,1020641448,8,,
0,0.0,B_front,background_mainline,True,,106.0,20.0,,,,,,,,,,,,,,,,,,,,,,65030,0,b63d9a6a59c92b71ebb27d6dbfb387c70df516f225f067e4dfea40157df365d3,validation_005,0,4,1020641448,8,,
0,0.0,B_rear,background_mainline,True,,16.68,18.799999999999997,,,,,,,,,,,,,,,,,,,,,,65030,0,b63d9a6a59c92b71ebb27d6dbfb387c70df516f225f067e4dfea40157df365d3,validation_005,0,4,1020641448,8,,
1,0.2,A,mainline,True,False,41.64,16.400000000000006,1,accelerate,2.0,2.0000000000000284,36.04,20.400000000000006,1,1,accelerate-accelerate,-0.04196924716234207,0.06323347985744476,-0.01703004539012909,1,0.06323347985744476,-0.01703004539012909,0.08026352524757385,0.10520272701978683,"[true, true, true]",False,False,False,65030,0,b63d9a6a59c92b71ebb27d6dbfb387c70df516f225f067e4dfea40157df365d3,validation_005,0,4,1020641448,8,,
1,0.2,B,ramp,True,False,36.04,20.400000000000006,1,accelerate,2.0,2.0000000000000284,41.64,16.400000000000006,1,1,accelerate-accelerate,-0.05123039335012436,0.02740958333015442,-0.21441292762756348,1,0.02740958333015442,-0.05123039335012436,0.07863997668027878,0.2418225109577179,"[true, true, true]",False,False,False,65030,0,b63d9a6a59c92b71ebb27d6dbfb387c70df516f225f067e4dfea40157df365d3,validation_005,0,4,1020641448,8,,
1,0.2,B_front,background_mainline,True,,110.0,20.0,,,,,,,,,,,,,,,,,,,,,,65030,0,b63d9a6a59c92b71ebb27d6dbfb387c70df516f225f067e4dfea40157df365d3,validation_005,0,4,1020641448,8,,
1,0.2,B_rear,background_mainline,True,,20.326898670375794,17.741310740199733,,,,,,,,,,,,,,,,,,,,,,65030,0,b63d9a6a59c92b71ebb27d6dbfb387c70df516f225f067e4dfea40157df365d3,validation_005,0,4,1020641448,8,,
2,0.4,A,mainline,True,False,44.96,16.80000000000001,1,accelerate,2.0,2.0000000000000284,40.160000000000004,20.80000000000001,1,1,accelerate-accelerate,-0.040726833045482635,0.06461161375045776,-0.018647201359272003,1,0.06461161375045776,-0.018647201359272003,0.08325881510972977,0.1053384467959404,"[true, true, true]",False,False,False,65030,0,b63d9a6a59c92b71ebb27d6dbfb387c70df516f225f067e4dfea40157df365d3,validation_005,0,4,1020641448,8,,
2,0.4,B,ramp,True,False,40.160000000000004,20.80000000000001,1,accelerate,2.0,2.0000000000000284,44.96,16.80000000000001,1,1,accelerate-accelerate,-0.05163852870464325,0.02892163395881653,-0.21667775511741638,1,0.02892163395881653,-0.05163852870464325,0.08056016266345978,0.2455993890762329,"[true, true, true]",False,False,False,65030,0,b63d9a6a59c92b71ebb27d6dbfb387c70df516f225f067e4dfea40157df365d3,validation_005,0,4,1020641448,8,,
2,0.4,B_front,background_mainline,True,,114.0,20.0,,,,,,,,,,,,,,,,,,,,,,65030,0,b63d9a6a59c92b71ebb27d6dbfb387c70df516f225f067e4dfea40157df365d3,validation_005,0,4,1020641448,8,,
2,0.4,B_rear,background_mainline,True,,23.80747592558751,17.116337320058005,,,,,,,,,,,,,,,,,,,,,,65030,0,b63d9a6a59c92b71ebb27d6dbfb387c70df516f225f067e4dfea40157df365d3,validation_005,0,4,1020641448,8,,
3,0.6000000000000001,A,mainline,True,False,48.36000000000001,17.200000000000017,1,accelerate,2.0,2.0000000000000284,44.36000000000001,21.200000000000017,1,1,accelerate-accelerate,-0.03981960564851761,0.0656900703907013,-0.019976265728473663,1,0.0656900703907013,-0.019976265728473663,0.08566633611917496,0.1055096760392189,"[true, true, true]",False,False,False,65030,0,b63d9a6a59c92b71ebb27d6dbfb387c70df516f225f067e4dfea40157df365d3,validation_005,0,4,1020641448,8,,
3,0.6000000000000001,B,ramp,True,False,44.36000000000001,21.200000000000017,1,accelerate,2.0,2.0000000000000284,48.36000000000001,17.200000000000017,1,1,accelerate-accelerate,-0.05211475491523743,0.03028489649295807,-0.21906447410583496,1,0.03028489649295807,-0.05211475491523743,0.0823996514081955,0.24934937059879303,"[true, true, true]",False,False,False,65030,0,b63d9a6a59c92b71ebb27d6dbfb387c70df516f225f067e4dfea40157df365d3,validation_005,0,4,1020641448,8,,
3,0.6000000000000001,B_front,background_mainline,True,,118.0,20.0,,,,,,,,,,,,,,,,,,,,,,65030,0,b63d9a6a59c92b71ebb27d6dbfb387c70df516f225f067e4dfea40157df365d3,validation_005,0,4,1020641448,8,,
3,0.6000000000000001,B_rear,background_mainline,True,,27.190902038994782,16.748457881739547,,,,,,,,,,,,,,,,,,,,,,65030,0,b63d9a6a59c92b71ebb27d6dbfb387c70df516f225f067e4dfea40157df365d3,validation_005,0,4,1020641448,8,,
4,0.8,A,mainline,True,False,51.84000000000001,17.600000000000023,1,accelerate,2.0,2.0000000000000284,48.64000000000001,21.600000000000023,1,1,accelerate-accelerate,-0.038798801600933075,0.06675129383802414,-0.021240830421447754,1,0.06675129383802414,-0.021240830421447754,0.0879921242594719,0.10555009543895721,"[true, true, true]",False,False,False,65030,0,b63d9a6a59c92b71ebb27d6dbfb387c70df516f225f067e4dfea40157df365d3,validation_005,0,4,1020641448,8,,
4,0.8,B,ramp,True,False,48.64000000000001,21.600000000000023,1,accelerate,2.0,2.0000000000000284,51.84000000000001,17.600000000000023,1,1,accelerate-accelerate,-0.05252513289451599,0.03174245357513428,-0.22183454036712646,1,0.03174245357513428,-0.05252513289451599,0.08426758646965027,0.25357699394226074,"[true, true, true]",False,False,False,65030,0,b63d9a6a59c92b71ebb27d6dbfb387c70df516f225f067e4dfea40157df365d3,validation_005,0,4,1020641448,8,,
4,0.8,B_front,background_mainline,True,,122.0,20.0,,,,,,,,,,,,,,,,,,,,,,65030,0,b63d9a6a59c92b71ebb27d6dbfb387c70df516f225f067e4dfea40157df365d3,validation_005,0,4,1020641448,8,,
4,0.8,B_rear,background_mainline,True,,30.51762899635805,16.53846553538073,,,,,,,,,,,,,,,,,,,,,,65030,0,b63d9a6a59c92b71ebb27d6dbfb387c70df516f225f067e4dfea40157df365d3,validation_005,0,4,1020641448,8,,
5,1.0,A,mainline,True,False,55.40000000000001,18.00000000000003,1,accelerate,2.0,2.0000000000000284,53.000000000000014,22.00000000000003,1,1,accelerate-accelerate,-0.037710271775722504,0.06785725802183151,-0.022621825337409973,1,0.06785725802183151,-0.022621825337409973,0.09047908335924149,0.10556752979755402,"[true, true, true]",False,False,False,65030,0,b63d9a6a59c92b71ebb27d6dbfb387c70df516f225f067e4dfea40157df365d3,validation_005,0,4,1020641448,8,,
5,1.0,B,ramp,True,False,53.000000000000014,22.00000000000003,1,accelerate,2.0,2.0000000000000284,55.40000000000001,18.00000000000003,1,1,accelerate-accelerate,-0.05288451910018921,0.03292138874530792,-0.22439290583133698,1,0.03292138874530792,-0.05288451910018921,0.08580590784549713,0.2573142945766449,"[true, true, true]",False,False,False,65030,0,b63d9a6a59c92b71ebb27d6dbfb387c70df516f225f067e4dfea40157df365d3,validation_005,0,4,1020641448,8,,
5,1.0,B_front,background_mainline,True,,126.0,20.0,,,,,,,,,,,,,,,,,,,,,,65030,0,b63d9a6a59c92b71ebb27d6dbfb387c70df516f225f067e4dfea40157df365d3,validation_005,0,4,1020641448,8,,
5,1.0,B_rear,background_mainline,True,,33.813423036146546,16.43284706680312,,,,,,,,,,,,,,,,,,,,,,65030,0,b63d9a6a59c92b71ebb27d6dbfb387c70df516f225f067e4dfea40157df365d3,validation_005,0,4,1020641448,8,,
6,1.2000000000000002,A,mainline,True,False,59.04000000000002,18.400000000000034,1,accelerate,2.0,2.0000000000000284,57.44000000000002,22.400000000000034,1,1,accelerate-accelerate,-0.03664211183786392,0.06906718015670776,-0.024315521121025085,1,0.06906718015670776,-0.024315521121025085,0.09338270127773285,0.10570929199457169,"[true, true, true]",False,False,False,65030,0,b63d9a6a59c92b71ebb27d6dbfb387c70df516f225f067e4dfea40157df365d3,validation_005,0,4,1020641448,8,,
6,1.2000000000000002,B,ramp,True,False,57.44000000000002,22.400000000000034,1,accelerate,2.0,2.0000000000000284,59.04000000000002,18.400000000000034,1,1,accelerate-accelerate,-0.0531763955950737,0.03399638831615448,-0.22694343328475952,1,0.03399638831615448,-0.0531763955950737,0.08717278391122818,0.260939821600914,"[true, true, true]",False,False,False,65030,0,b63d9a6a59c92b71ebb27d6dbfb387c70df516f225f067e4dfea40157df365d3,validation_005,0,4,1020641448,8,,
6,1.2000000000000002,B_front,background_mainline,True,,130.0,20.0,,,,,,,,,,,,,,,,,,,,,,65030,0,b63d9a6a59c92b71ebb27d6dbfb387c70df516f225f067e4dfea40157df365d3,validation_005,0,4,1020641448,8,,
6,1.2000000000000002,B_rear,background_mainline,True,,37.09571158590538,16.399458953205198,,,,,,,,,,,,,,,,,,,,,,65030,0,b63d9a6a59c92b71ebb27d6dbfb387c70df516f225f067e4dfea40157df365d3,validation_005,0,4,1020641448,8,,
7,1.4000000000000001,A,mainline,True,False,62.760000000000026,18.80000000000004,1,accelerate,2.0,2.0000000000000284,61.96000000000003,22.80000000000004,1,1,accelerate-accelerate,-0.035008274018764496,0.07003816962242126,-0.025429129600524902,1,0.07003816962242126,-0.025429129600524902,0.09546729922294617,0.10504644364118576,"[true, true, true]",False,False,False,65030,0,b63d9a6a59c92b71ebb27d6dbfb387c70df516f225f067e4dfea40157df365d3,validation_005,0,4,1020641448,8,,
7,1.4000000000000001,B,ramp,True,False,61.96000000000003,22.80000000000004,1,accelerate,2.0,2.0000000000000284,62.760000000000026,18.80000000000004,1,1,accelerate-accelerate,-0.053771838545799255,0.034260086715221405,-0.22749319672584534,1,0.034260086715221405,-0.053771838545799255,0.08803192526102066,0.26175328344106674,"[true, true, true]",False,False,False,65030,0,b63d9a6a59c92b71ebb27d6dbfb387c70df516f225f067e4dfea40157df365d3,validation_005,0,4,1020641448,8,,
7,1.4000000000000001,B_front,background_mainline,True,,134.0,20.0,,,,,,,,,,,,,,,,,,,,,,65030,0,b63d9a6a59c92b71ebb27d6dbfb387c70df516f225f067e4dfea40157df365d3,validation_005,0,4,1020641448,8,,
7,1.4000000000000001,B_rear,background_mainline,True,,40.376727734652135,16.417475034220853,,,,,,,,,,,,,,,,,,,,,,65030,0,b63d9a6a59c92b71ebb27d6dbfb387c70df516f225f067e4dfea40157df365d3,validation_005,0,4,1020641448,8,,
8,1.6,A,mainline,True,False,66.56000000000003,19.200000000000045,1,accelerate,2.0,2.0000000000000284,66.56000000000004,23.200000000000045,1,1,accelerate-accelerate,-0.033144719898700714,0.07042227685451508,-0.026891544461250305,1,0.07042227685451508,-0.026891544461250305,0.09731382131576538,0.10356699675321579,"[true, true, true]",False,False,False,65030,0,b63d9a6a59c92b71ebb27d6dbfb387c70df516f225f067e4dfea40157df365d3,validation_005,0,4,1020641448,8,,
8,1.6,B,ramp,True,False,66.56000000000004,23.200000000000045,1,accelerate,2.0,2.0000000000000284,66.56000000000003,19.200000000000045,1,1,accelerate-accelerate,-0.05482184886932373,0.03422435373067856,-0.2265758216381073,1,0.03422435373067856,-0.05482184886932373,0.08904620260000229,0.26080017536878586,"[true, true, true]",False,False,False,65030,0,b63d9a6a59c92b71ebb27d6dbfb387c70df516f225f067e4dfea40157df365d3,validation_005,0,4,1020641448,8,,
8,1.6,B_front,background_mainline,True,,138.0,20.0,,,,,,,,,,,,,,,,,,,,,,65030,0,b63d9a6a59c92b71ebb27d6dbfb387c70df516f225f067e4dfea40157df365d3,validation_005,0,4,1020641448,8,,
8,1.6,B_rear,background_mainline,True,,43.66524588410587,16.47261599654257,,,,,,,,,,,,,,,,,,,,,,65030,0,b63d9a6a59c92b71ebb27d6dbfb387c70df516f225f067e4dfea40157df365d3,validation_005,0,4,1020641448,8,,
9,1.8,A,mainline,True,False,70.44000000000004,19.60000000000005,1,accelerate,2.0,2.0000000000000284,71.24000000000007,23.60000000000005,1,1,accelerate-accelerate,-0.03148824721574783,0.07078704982995987,-0.028111949563026428,1,0.07078704982995987,-0.028111949563026428,0.0988989993929863,0.1022752970457077,"[true, true, true]",False,False,False,65030,0,b63d9a6a59c92b71ebb27d6dbfb387c70df516f225f067e4dfea40157df365d3,validation_005,0,4,1020641448,8,,
9,1.8,B,ramp,True,False,71.24000000000007,23.60000000000005,1,accelerate,2.0,2.0000000000000284,70.44000000000004,19.60000000000005,1,1,accelerate-accelerate,-0.05610071122646332,0.03418006747961044,-0.22534850239753723,1,0.03418006747961044,-0.05610071122646332,0.09028077870607376,0.2595285698771477,"[true, true, true]",False,False,False,65030,0,b63d9a6a59c92b71ebb27d6dbfb387c70df516f225f067e4dfea40157df365d3,validation_005,0,4,1020641448,8,,
9,1.8,B_front,background_mainline,True,,142.0,20.0,,,,,,,,,,,,,,,,,,,,,,65030,0,b63d9a6a59c92b71ebb27d6dbfb387c70df516f225f067e4dfea40157df365d3,validation_005,0,4,1020641448,8,,
9,1.8,B_rear,background_mainline,True,,46.96761769867371,16.554649130041685,,,,,,,,,,,,,,,,,,,,,,65030,0,b63d9a6a59c92b71ebb27d6dbfb387c70df516f225f067e4dfea40157df365d3,validation_005,0,4,1020641448,8,,
10,2.0,A,mainline,True,False,74.40000000000005,20.000000000000057,1,accelerate,2.0,2.0000000000000284,76.00000000000009,24.000000000000057,1,1,accelerate-accelerate,-0.02998826652765274,0.07130803912878036,-0.029216863214969635,1,0.07130803912878036,-0.029216863214969635,0.10052490234375,0.1012963056564331,"[true, true, true]",False,False,False,65030,0,b63d9a6a59c92b71ebb27d6dbfb387c70df516f225f067e4dfea40157df365d3,validation_005,0,4,1020641448,8,,
10,2.0,B,ramp,True,False,76.00000000000009,24.000000000000057,1,accelerate,2.0,2.0000000000000284,74.40000000000005,20.000000000000057,1,1,accelerate-accelerate,-0.05758177489042282,0.03413458168506622,-0.22383852303028107,1,0.03413458168506622,-0.05758177489042282,0.09171635657548904,0.2579731047153473,"[true, true, true]",False,False,False,65030,0,b63d9a6a59c92b71ebb27d6dbfb387c70df516f225f067e4dfea40157df365d3,validation_005,0,4,1020641448,8,,
10,2.0,B_front,background_mainline,True,,146.0,20.0,,,,,,,,,,,,,,,,,,,,,,65030,0,b63d9a6a59c92b71ebb27d6dbfb387c70df516f225f067e4dfea40157df365d3,validation_005,0,4,1020641448,8,,
10,2.0,B_rear,background_mainline,True,,50.28842839064999,16.655976071095466,,,,,,,,,,,,,,,,,,,,,,65030,0,b63d9a6a59c92b71ebb27d6dbfb387c70df516f225f067e4dfea40157df365d3,validation_005,0,4,1020641448,8,,
11,2.2,A,mainline,True,False,78.44000000000005,20.400000000000063,1,accelerate,2.0,2.0000000000000284,80.84000000000009,24.400000000000063,1,1,accelerate-accelerate,-0.028390586376190186,0.07184354960918427,-0.029715292155742645,1,0.07184354960918427,-0.028390586376190186,0.10023413598537445,0.10155884176492691,"[true, true, true]",False,False,False,65030,0,b63d9a6a59c92b71ebb27d6dbfb387c70df516f225f067e4dfea40157df365d3,validation_005,0,4,1020641448,8,,
11,2.2,B,ramp,True,False,80.84000000000009,24.400000000000063,1,accelerate,2.0,2.0000000000000284,78.44000000000005,20.400000000000063,1,1,accelerate-accelerate,-0.059050045907497406,0.034076444804668427,-0.22230264544487,1,0.034076444804668427,-0.059050045907497406,0.09312649071216583,0.2563790902495384,"[true, true, true]",False,False,False,65030,0,b63d9a6a59c92b71ebb27d6dbfb387c70df516f225f067e4dfea40157df365d3,validation_005,0,4,1020641448,8,,
11,2.2,B_front,background_mainline,True,,150.0,20.0,,,,,,,,,,,,,,,,,,,,,,65030,0,b63d9a6a59c92b71ebb27d6dbfb387c70df516f225f067e4dfea40157df365d3,validation_005,0,4,1020641448,8,,
11,2.2,B_rear,background_mainline,True,,53.630932636531,16.770787339569573,,,,,,,,,,,,,,,,,,,,,,65030,0,b63d9a6a59c92b71ebb27d6dbfb387c70df516f225f067e4dfea40157df365d3,validation_005,0,4,1020641448,8,,
12,2.4000000000000004,A,mainline,True,False,82.56000000000007,20.800000000000068,1,accelerate,2.0,2.0000000000000284,85.76000000000009,24.800000000000068,1,1,accelerate-accelerate,-0.02683737501502037,0.07236029207706451,-0.030127115547657013,1,0.07236029207706451,-0.02683737501502037,0.09919766709208488,0.10248740762472153,"[true, true, true]",False,False,False,65030,0,b63d9a6a59c92b71ebb27d6dbfb387c70df516f225f067e4dfea40157df365d3,validation_005,0,4,1020641448,8,,
12,2.4000000000000004,B,ramp,True,False,85.76000000000009,24.800000000000068,1,accelerate,2.0,2.0000000000000284,82.56000000000007,20.800000000000068,1,1,accelerate-accelerate,-0.06051923334598541,0.03400382399559021,-0.2207273542881012,1,0.03400382399559021,-0.06051923334598541,0.09452305734157562,0.2547311782836914,"[true, true, true]",False,False,False,65030,0,b63d9a6a59c92b71ebb27d6dbfb387c70df516f225f067e4dfea40157df365d3,validation_005,0,4,1020641448,8,,
12,2.4000000000000004,B_front,background_mainline,True,,154.0,20.0,,,,,,,,,,,,,,,,,,,,,,65030,0,b63d9a6a59c92b71ebb27d6dbfb387c70df516f225f067e4dfea40157df365d3,validation_005,0,4,1020641448,8,,
12,2.4000000000000004,B_rear,background_mainline,True,,56.997355679020956,16.894532441055816,,,,,,,,,,,,,,,,,,,,,,65030,0,b63d9a6a59c92b71ebb27d6dbfb387c70df516f225f067e4dfea40157df365d3,validation_005,0,4,1020641448,8,,
13,2.6,A,mainline,True,False,86.76000000000009,21.200000000000074,1,accelerate,2.0,2.0000000000000284,90.7600000000001,25.200000000000074,1,1,accelerate-accelerate,-0.024702340364456177,0.07266099750995636,-0.030859529972076416,1,0.07266099750995636,-0.024702340364456177,0.09736333787441254,0.10352052748203278,"[true, true, true]",False,False,False,65030,0,b63d9a6a59c92b71ebb27d6dbfb387c70df516f225f067e4dfea40157df365d3,validation_005,0,4,1020641448,8,,
13,2.6,B,ramp,True,False,90.7600000000001,25.200000000000074,1,accelerate,2.0,2.0000000000000284,86.76000000000009,21.200000000000074,1,1,accelerate-accelerate,-0.062089383602142334,0.03382124751806259,-0.21911215782165527,1,0.03382124751806259,-0.062089383602142334,0.09591063112020493,0.25293340533971786,"[true, true, true]",False,False,False,65030,0,b63d9a6a59c92b71ebb27d6dbfb387c70df516f225f067e4dfea40157df365d3,validation_005,0,4,1020641448,8,,
13,2.6,B_front,background_mainline,True,,158.0,20.0,,,,,,,,,,,,,,,,,,,,,,65030,0,b63d9a6a59c92b71ebb27d6dbfb387c70df516f225f067e4dfea40157df365d3,validation_005,0,4,1020641448,8,,
13,2.6,B_rear,background_mainline,True,,60.389108459168156,17.023575462876362,,,,,,,,,,,,,,,,,,,,,,65030,0,b63d9a6a59c92b71ebb27d6dbfb387c70df516f225f067e4dfea40157df365d3,validation_005,0,4,1020641448,8,,
14,2.8000000000000003,A,mainline,True,False,91.0400000000001,21.60000000000008,1,accelerate,2.0,2.0000000000000284,95.84000000000012,25.60000000000008,1,1,accelerate-accelerate,-0.022476978600025177,0.07366930693387985,-0.031524479389190674,1,0.07366930693387985,-0.022476978600025177,0.09614628553390503,0.10519378632307053,"[true, true, true]",False,False,False,65030,0,b63d9a6a59c92b71ebb27d6dbfb387c70df516f225f067e4dfea40157df365d3,validation_005,0,4,1020641448,8,,
14,2.8000000000000003,B,ramp,True,False,95.84000000000012,25.60000000000008,1,accelerate,2.0,2.0000000000000284,91.0400000000001,21.60000000000008,1,1,accelerate-accelerate,-0.06372906267642975,0.033555641770362854,-0.21744368970394135,1,0.033555641770362854,-0.06372906267642975,0.0972847044467926,0.2509993314743042,"[true, true, true]",False,False,False,65030,0,b63d9a6a59c92b71ebb27d6dbfb387c70df516f225f067e4dfea40157df365d3,validation_005,0,4,1020641448,8,,
14,2.8000000000000003,B_front,background_mainline,True,,162.0,20.0,,,,,,,,,,,,,,,,,,,,,,65030,0,b63d9a6a59c92b71ebb27d6dbfb387c70df516f225f067e4dfea40157df365d3,validation_005,0,4,1020641448,8,,
14,2.8000000000000003,B_rear,background_mainline,True,,63.806946100034594,17.15496473255312,,,,,,,,,,,,,,,,,,,,,,65030,0,b63d9a6a59c92b71ebb27d6dbfb387c70df516f225f067e4dfea40157df365d3,validation_005,0,4,1020641448,8,,
15,3.0,A,mainline,True,False,95.40000000000013,22.000000000000085,1,accelerate,2.0,2.0000000000000284,101.00000000000013,26.000000000000085,1,1,accelerate-accelerate,-0.020124390721321106,0.07544752210378647,-0.03178597241640091,1,0.07544752210378647,-0.020124390721321106,0.09557191282510757,0.10723349452018738,"[true, true, true]",False,False,False,65030,0,b63d9a6a59c92b71ebb27d6dbfb387c70df516f225f067e4dfea40157df365d3,validation_005,0,4,1020641448,8,1.3341739149457368,
15,3.0,B,ramp,True,False,101.00000000000013,26.000000000000085,1,accelerate,2.0,2.0000000000000284,95.40000000000013,22.000000000000085,1,1,accelerate-accelerate,-0.06537100672721863,0.033080026507377625,-0.21573571860790253,1,0.033080026507377625,-0.06537100672721863,0.09845103323459625,0.24881574511528015,"[true, true, true]",False,False,False,65030,0,b63d9a6a59c92b71ebb27d6dbfb387c70df516f225f067e4dfea40157df365d3,validation_005,0,4,1020641448,8,1.3341739149457368,
15,3.0,B_front,background_mainline,True,,166.0,20.0,,,,,,,,,,,,,,,,,,,,,,65030,0,b63d9a6a59c92b71ebb27d6dbfb387c70df516f225f067e4dfea40157df365d3,validation_005,0,4,1020641448,8,,
15,3.0,B_rear,background_mainline,True,,67.25108809396221,17.286275304254556,,,,,,,,,,,,,,,,,,,,,,65030,0,b63d9a6a59c92b71ebb27d6dbfb387c70df516f225f067e4dfea40157df365d3,validation_005,0,4,1020641448,8,,
16,3.2,A,mainline,True,False,99.84000000000016,22.40000000000009,1,accelerate,2.0,2.0000000000000284,106.24000000000015,26.40000000000009,1,1,accelerate-accelerate,-0.02845929190516472,0.08148905634880066,-0.024509266018867493,1,0.08148905634880066,-0.024509266018867493,0.10599832236766815,0.10994834825396538,"[true, true, true]",False,False,False,65030,0,b63d9a6a59c92b71ebb27d6dbfb387c70df516f225f067e4dfea40157df365d3,validation_005,0,4,1020641448,8,2.0937561449612616,
16,3.2,B,ramp,True,False,106.24000000000015,26.40000000000009,1,accelerate,2.0,2.0000000000000284,99.84000000000016,22.40000000000009,1,1,accelerate-accelerate,-0.06068649888038635,-0.045162856578826904,-0.1798183172941208,1,-0.045162856578826904,-0.06068649888038635,0.015523642301559448,0.13465546071529388,"[true, true, true]",False,False,False,65030,0,b63d9a6a59c92b71ebb27d6dbfb387c70df516f225f067e4dfea40157df365d3,validation_005,0,4,1020641448,8,2.0937561449612616,
16,3.2,B_front,background_mainline,True,,170.0,20.0,,,,,,,,,,,,,,,,,,,,,,65030,0,b63d9a6a59c92b71ebb27d6dbfb387c70df516f225f067e4dfea40157df365d3,validation_005,0,4,1020641448,8,,
16,3.2,B_rear,background_mainline,True,,70.72130032253038,17.415215772804387,,,,,,,,,,,,,,,,,,,,,,65030,0,b63d9a6a59c92b71ebb27d6dbfb387c70df516f225f067e4dfea40157df365d3,validation_005,0,4,1020641448,8,,
17,3.4000000000000004,A,mainline,True,False,104.36000000000017,22.800000000000097,1,accelerate,2.0,2.0000000000000284,111.56000000000017,26.800000000000097,1,1,accelerate-accelerate,-0.027185458689928055,0.08273433148860931,-0.02577127516269684,1,0.08273433148860931,-0.02577127516269684,0.10850560665130615,0.10991979017853737,"[true, true, true]",False,False,False,65030,0,b63d9a6a59c92b71ebb27d6dbfb387c70df516f225f067e4dfea40157df365d3,validation_005,0,4,1020641448,8,2.855467555817114,
17,3.4000000000000004,B,ramp,True,False,111.56000000000017,26.800000000000097,1,accelerate,2.0,2.0000000000000284,104.36000000000017,22.800000000000097,1,1,accelerate-accelerate,-0.0618789866566658,-0.046415891498327255,-0.1786813586950302,1,-0.046415891498327255,-0.0618789866566658,0.015463095158338547,0.13226546719670296,"[true, true, true]",False,False,False,65030,0,b63d9a6a59c92b71ebb27d6dbfb387c70df516f225f067e4dfea40157df365d3,validation_005,0,4,1020641448,8,2.855467555817114,
17,3.4000000000000004,B_front,background_mainline,True,,174.0,20.0,,,,,,,,,,,,,,,,,,,,,,65030,0,b63d9a6a59c92b71ebb27d6dbfb387c70df516f225f067e4dfea40157df365d3,validation_005,0,4,1020641448,8,,
17,3.4000000000000004,B_rear,background_mainline,True,,74.2168430801404,17.53944960545924,,,,,,,,,,,,,,,,,,,,,,65030,0,b63d9a6a59c92b71ebb27d6dbfb387c70df516f225f067e4dfea40157df365d3,validation_005,0,4,1020641448,8,,
18,3.6,A,mainline,True,False,108.96000000000018,23.200000000000102,1,accelerate,2.0,2.0000000000000284,116.96000000000019,27.200000000000102,1,1,accelerate-accelerate,-0.02591801807284355,0.08390610665082932,-0.02705584466457367,1,0.08390610665082932,-0.02591801807284355,0.10982412472367287,0.11096195131540298,"[true, true, true]",False,False,False,65030,0,b63d9a6a59c92b71ebb27d6dbfb387c70df516f225f067e4dfea40157df365d3,validation_005,0,4,1020641448,8,3.627845262100678,
18,3.6,B,ramp,True,False,116.96000000000019,27.200000000000102,1,accelerate,2.0,2.0000000000000284,108.96000000000018,23.200000000000102,1,1,accelerate-accelerate,-0.06289315223693848,-0.04747024178504944,-0.1773553192615509,1,-0.04747024178504944,-0.06289315223693848,0.015422910451889038,0.12988507747650146,"[true, true, true]",False,False,False,65030,0,b63d9a6a59c92b71ebb27d6dbfb387c70df516f225f067e4dfea40157df365d3,validation_005,0,4,1020641448,8,3.627845262100678,
18,3.6,B_front,background_mainline,True,,178.0,20.0,,,,,,,,,,,,,,,,,,,,,,65030,0,b63d9a6a59c92b71ebb27d6dbfb387c70df516f225f067e4dfea40157df365d3,validation_005,0,4,1020641448,8,,
18,3.6,B_rear,background_mainline,True,,77.73674768124033,17.65884754100106,,,,,,,,,,,,,,,,,,,,,,65030,0,b63d9a6a59c92b71ebb27d6dbfb387c70df516f225f067e4dfea40157df365d3,validation_005,0,4,1020641448,8,,
19,3.8000000000000003,A,mainline,True,False,113.6400000000002,23.600000000000108,1,accelerate,2.0,2.0000000000000284,122.44000000000023,27.600000000000108,1,1,accelerate-accelerate,-0.024642646312713623,0.0851266160607338,-0.028455711901187897,1,0.0851266160607338,-0.024642646312713623,0.10976926237344742,0.11358232796192169,"[true, true, true]",False,False,False,65030,0,b63d9a6a59c92b71ebb27d6dbfb387c70df516f225f067e4dfea40157df365d3,validation_005,0,4,1020641448,8,4.414046424607207,
19,3.8000000000000003,B,ramp,True,False,122.44000000000023,27.600000000000108,1,accelerate,2.0,2.0000000000000284,113.6400000000002,23.600000000000108,1,1,accelerate-accelerate,-0.06345899403095245,-0.048715099692344666,-0.1758841574192047,1,-0.048715099692344666,-0.06345899403095245,0.014743894338607788,0.12716905772686005,"[true, true, true]",False,False,False,65030,0,b63d9a6a59c92b71ebb27d6dbfb387c70df516f225f067e4dfea40157df365d3,validation_005,0,4,1020641448,8,4.414046424607207,
19,3.8000000000000003,B_front,background_mainline,True,,182.0,20.0,,,,,,,,,,,,,,,,,,,,,,65030,0,b63d9a6a59c92b71ebb27d6dbfb387c70df516f225f067e4dfea40157df365d3,validation_005,0,4,1020641448,8,,
19,3.8000000000000003,B_rear,background_mainline,True,,81.28005573294233,17.773498574932667,,,,,,,,,,,,,,,,,,,,,,65030,0,b63d9a6a59c92b71ebb27d6dbfb387c70df516f225f067e4dfea40157df365d3,validation_005,0,4,1020641448,8,,
20,4.0,A,mainline,True,False,118.40000000000022,24.000000000000114,1,accelerate,2.0,2.0000000000000284,128.00000000000026,28.000000000000114,1,1,accelerate-accelerate,-0.0236036516726017,0.0865895226597786,-0.030444294214248657,1,0.0865895226597786,-0.0236036516726017,0.1101931743323803,0.11703381687402725,"[true, true, true]",False,False,False,65030,0,b63d9a6a59c92b71ebb27d6dbfb387c70df516f225f067e4dfea40157df365d3,validation_005,0,4,1020641448,8,5.210323212667163,
20,4.0,B,ramp,True,False,128.00000000000026,28.000000000000114,1,accelerate,2.0,2.0000000000000284,118.40000000000022,24.000000000000114,1,1,accelerate-accelerate,-0.06341272592544556,-0.05022471398115158,-0.17423151433467865,1,-0.05022471398115158,-0.06341272592544556,0.013188011944293976,0.12400680035352707,"[true, true, true]",False,False,False,65030,0,b63d9a6a59c92b71ebb27d6dbfb387c70df516f225f067e4dfea40157df365d3,validation_005,0,4,1020641448,8,5.210323212667163,
20,4.0,B_front,background_mainline,True,,186.0,20.0,,,,,,,,,,,,,,,,,,,,,,65030,0,b63d9a6a59c92b71ebb27d6dbfb387c70df516f225f067e4dfea40157df365d3,validation_005,0,4,1020641448,8,,
20,4.0,B_rear,background_mainline,True,,84.84582734048132,17.883498582036047,,,,,,,,,,,,,,,,,,,,,,65030,0,b63d9a6a59c92b71ebb27d6dbfb387c70df516f225f067e4dfea40157df365d3,validation_005,0,4,1020641448,8,,
21,4.2,A,mainline,True,False,123.24000000000024,24.40000000000012,1,accelerate,2.0,2.0000000000000284,133.64000000000027,28.40000000000012,1,1,accelerate-accelerate,-0.022585690021514893,0.0880647674202919,-0.03241172432899475,1,0.0880647674202919,-0.022585690021514893,0.1106504574418068,0.12047649174928665,"[true, true, true]",False,False,False,65030,0,b63d9a6a59c92b71ebb27d6dbfb387c70df516f225f067e4dfea40157df365d3,validation_005,0,4,1020641448,8,6.01006877212933,
21,4.2,B,ramp,True,False,133.64000000000027,28.40000000000012,1,accelerate,2.0,2.0000000000000284,123.24000000000024,24.40000000000012,1,1,accelerate-accelerate,-0.06345745921134949,-0.05172593891620636,-0.17279449105262756,1,-0.05172593891620636,-0.06345745921134949,0.011731520295143127,0.1210685521364212,"[true, true, true]",False,False,False,65030,0,b63d9a6a59c92b71ebb27d6dbfb387c70df516f225f067e4dfea40157df365d3,validation_005,0,4,1020641448,8,6.01006877212933,
21,4.2,B_front,background_mainline,True,,190.0,20.0,,,,,,,,,,,,,,,,,,,,,,65030,0,b63d9a6a59c92b71ebb27d6dbfb387c70df516f225f067e4dfea40157df365d3,validation_005,0,4,1020641448,8,,
21,4.2,B_rear,background_mainline,True,,88.43314241149324,17.988949598289697,,,,,,,,,,,,,,,,,,,,,,65030,0,b63d9a6a59c92b71ebb27d6dbfb387c70df516f225f067e4dfea40157df365d3,validation_005,0,4,1020641448,8,,
22,4.4,A,mainline,True,False,128.16000000000025,24.800000000000125,1,accelerate,2.0,2.0000000000000284,139.3600000000003,28.800000000000125,1,1,accelerate-accelerate,-0.021583974361419678,0.0895548164844513,-0.034361228346824646,1,0.0895548164844513,-0.021583974361419678,0.11113879084587097,0.12391604483127594,"[true, true, true]",False,False,False,65030,0,b63d9a6a59c92b71ebb27d6dbfb387c70df516f225f067e4dfea40157df365d3,validation_005,0,4,1020641448,8,6.810068760523961,
22,4.4,B,ramp,True,False,139.3600000000003,28.800000000000125,1,accelerate,2.0,2.0000000000000284,128.16000000000025,24.800000000000125,1,1,accelerate-accelerate,-0.06342342495918274,-0.05287330597639084,-0.17262309789657593,1,-0.05287330597639084,-0.06342342495918274,0.0105501189827919,0.11974979192018509,"[true, true, true]",False,False,False,65030,0,b63d9a6a59c92b71ebb27d6dbfb387c70df516f225f067e4dfea40157df365d3,validation_005,0,4,1020641448,8,6.810068760523961,
22,4.4,B_front,background_mainline,True,,194.0,20.0,,,,,,,,,,,,,,,,,,,,,,65030,0,b63d9a6a59c92b71ebb27d6dbfb387c70df516f225f067e4dfea40157df365d3,validation_005,0,4,1020641448,8,,
22,4.4,B_rear,background_mainline,True,,92.04110181554303,18.089959092984433,,,,,,,,,,,,,,,,,,,,,,65030,0,b63d9a6a59c92b71ebb27d6dbfb387c70df516f225f067e4dfea40157df365d3,validation_005,0,4,1020641448,8,,
23,4.6000000000000005,A,mainline,True,False,133.16000000000025,25.20000000000013,1,accelerate,2.0,2.0000000000000284,145.16000000000034,29.20000000000013,1,1,accelerate-accelerate,-0.020756393671035767,0.0910491943359375,-0.03616070747375488,1,0.0910491943359375,-0.020756393671035767,0.11180558800697327,0.12720990180969238,"[true, true, true]",False,False,False,65030,0,b63d9a6a59c92b71ebb27d6dbfb387c70df516f225f067e4dfea40157df365d3,validation_005,0,4,1020641448,8,7.610068760523944,
23,4.6000000000000005,B,ramp,True,False,145.16000000000034,29.20000000000013,1,accelerate,2.0,2.0000000000000284,133.16000000000025,25.20000000000013,1,1,accelerate-accelerate,-0.06336205452680588,-0.052989616990089417,-0.17349746823310852,1,-0.052989616990089417,-0.06336205452680588,0.010372437536716461,0.1205078512430191,"[true, true, true]",False,False,False,65030,0,b63d9a6a59c92b71ebb27d6dbfb387c70df516f225f067e4dfea40157df365d3,validation_005,0,4,1020641448,8,7.610068760523944,
23,4.6000000000000005,B_front,background_mainline,True,,198.0,20.0,,,,,,,,,,,,,,,,,,,,,,65030,0,b63d9a6a59c92b71ebb27d6dbfb387c70df516f225f067e4dfea40157df365d3,validation_005,0,4,1020641448,8,,
23,4.6000000000000005,B_rear,background_mainline,True,,95.66882839789851,18.186639240479703,,,,,,,,,,,,,,,,,,,,,,65030,0,b63d9a6a59c92b71ebb27d6dbfb387c70df516f225f067e4dfea40157df365d3,validation_005,0,4,1020641448,8,,
24,4.800000000000001,A,mainline,True,False,138.2400000000003,25.600000000000136,1,accelerate,2.0,2.0000000000000284,151.04000000000036,29.600000000000136,1,1,accelerate-accelerate,-0.020823054015636444,0.09329342842102051,-0.03705473244190216,1,0.09329342842102051,-0.020823054015636444,0.11411648243665695,0.13034816086292267,"[true, true, true]",False,False,False,65030,0,b63d9a6a59c92b71ebb27d6dbfb387c70df516f225f067e4dfea40157df365d3,validation_005,0,4,1020641448,8,8.410068760523956,
24,4.800000000000001,B,ramp,True,False,151.04000000000036,29.600000000000136,1,accelerate,2.0,1.9999999999971863,138.2400000000003,25.600000000000136,1,1,accelerate-accelerate,-0.06387695670127869,-0.05136572942137718,-0.17550289630889893,1,-0.05136572942137718,-0.06387695670127869,0.012511227279901505,0.12413716688752174,"[true, true, true]",False,False,False,65030,0,b63d9a6a59c92b71ebb27d6dbfb387c70df516f225f067e4dfea40157df365d3,validation_005,0,4,1020641448,8,8.410068760523956,
24,4.800000000000001,B_front,background_mainline,True,,202.0,20.0,,,,,,,,,,,,,,,,,,,,,,65030,0,b63d9a6a59c92b71ebb27d6dbfb387c70df516f225f067e4dfea40157df365d3,validation_005,0,4,1020641448,8,,
24,4.800000000000001,B_rear,background_mainline,True,,99.3154678483532,18.27910620021165,,,,,,,,,,,,,,,,,,,,,,65030,0,b63d9a6a59c92b71ebb27d6dbfb387c70df516f225f067e4dfea40157df365d3,validation_005,0,4,1020641448,8,,
25,5.0,A,mainline,True,False,143.40000000000032,26.000000000000142,1,accelerate,2.0,2.0000000000000284,157.0000000000004,30.0,1,1,accelerate-accelerate,-0.02123808115720749,0.09642663598060608,-0.03771495074033737,1,0.09642663598060608,-0.02123808115720749,0.11766471713781357,0.13414158672094345,"[true, true, true]",False,False,False,65030,0,b63d9a6a59c92b71ebb27d6dbfb387c70df516f225f067e4dfea40157df365d3,validation_005,0,4,1020641448,8,9.170068760523947,
25,5.0,B,ramp,True,False,157.0000000000004,30.0,1,accelerate,2.0,0.0,143.40000000000032,26.000000000000142,1,1,accelerate-accelerate,-0.06438534706830978,-0.049708131700754166,-0.17751722037792206,1,-0.049708131700754166,-0.06438534706830978,0.014677215367555618,0.1278090886771679,"[true, true, true]",False,False,False,65030,0,b63d9a6a59c92b71ebb27d6dbfb387c70df516f225f067e4dfea40157df365d3,validation_005,0,4,1020641448,8,9.170068760523947,
25,5.0,B_front,background_mainline,True,,206.0,20.0,,,,,,,,,,,,,,,,,,,,,,65030,0,b63d9a6a59c92b71ebb27d6dbfb387c70df516f225f067e4dfea40157df365d3,validation_005,0,4,1020641448,8,,
25,5.0,B_rear,background_mainline,True,,102.98018942753102,18.36747941262588,,,,,,,,,,,,,,,,,,,,,,65030,0,b63d9a6a59c92b71ebb27d6dbfb387c70df516f225f067e4dfea40157df365d3,validation_005,0,4,1020641448,8,,
26,5.2,A,mainline,True,False,148.64000000000033,26.400000000000148,1,accelerate,2.0,2.0000000000000284,163.0000000000004,30.0,1,1,accelerate-accelerate,-0.019908085465431213,0.09850160777568817,-0.03708292543888092,1,0.09850160777568817,-0.019908085465431213,0.11840969324111938,0.1355845332145691,"[true, true, true]",False,False,False,65030,0,b63d9a6a59c92b71ebb27d6dbfb387c70df516f225f067e4dfea40157df365d3,validation_005,0,4,1020641448,8,9.850068760523897,
26,5.2,B,ramp,True,False,163.0000000000004,30.0,1,accelerate,2.0,0.0,148.64000000000033,26.400000000000148,1,1,accelerate-accelerate,-0.06510987877845764,-0.04752208665013313,-0.17912721633911133,1,-0.04752208665013313,-0.06510987877845764,0.01758779212832451,0.1316051296889782,"[true, true, true]",False,False,False,65030,0,b63d9a6a59c92b71ebb27d6dbfb387c70df516f225f067e4dfea40157df365d3,validation_005,0,4,1020641448,8,9.850068760523897,
26,5.2,B_front,background_mainline,True,,210.0,20.0,,,,,,,,,,,,,,,,,,,,,,65030,0,b63d9a6a59c92b71ebb27d6dbfb387c70df516f225f067e4dfea40157df365d3,validation_005,0,4,1020641448,8,,
26,5.2,B_rear,background_mainline,True,,106.66218655454105,18.45188091770634,,,,,,,,,,,,,,,,,,,,,,65030,0,b63d9a6a59c92b71ebb27d6dbfb387c70df516f225f067e4dfea40157df365d3,validation_005,0,4,1020641448,8,,
27,5.4,A,mainline,True,False,153.96000000000038,26.800000000000153,1,accelerate,2.0,2.0000000000000284,169.0000000000004,30.0,1,1,accelerate-accelerate,-0.018317006528377533,0.10056860744953156,-0.03667137771844864,1,0.10056860744953156,-0.018317006528377533,0.11888561397790909,0.1372399851679802,"[true, true, true]",False,False,False,65030,0,b63d9a6a59c92b71ebb27d6dbfb387c70df516f225f067e4dfea40157df365d3,validation_005,0,4,1020641448,8,10.450068760523862,
27,5.4,B,ramp,True,False,169.0000000000004,30.0,1,accelerate,2.0,0.0,153.96000000000038,26.800000000000153,1,1,accelerate-accelerate,-0.06585700809955597,-0.045229721814394,-0.18077999353408813,1,-0.045229721814394,-0.06585700809955597,0.020627286285161972,0.13555027171969414,"[true, true, true]",False,False,False,65030,0,b63d9a6a59c92b71ebb27d6dbfb387c70df516f225f067e4dfea40157df365d3,validation_005,0,4,1020641448,8,10.450068760523862,
27,5.4,B_front,background_mainline,True,,214.0,20.0,,,,,,,,,,,,,,,,,,,,,,65030,0,b63d9a6a59c92b71ebb27d6dbfb387c70df516f225f067e4dfea40157df365d3,validation_005,0,4,1020641448,8,,
27,5.4,B_rear,background_mainline,True,,110.36067726108176,18.532434701744865,,,,,,,,,,,,,,,,,,,,,,65030,0,b63d9a6a59c92b71ebb27d6dbfb387c70df516f225f067e4dfea40157df365d3,validation_005,0,4,1020641448,8,,
28,5.6000000000000005,A,mainline,True,False,159.3600000000004,27.20000000000016,1,accelerate,2.0,2.0000000000000284,175.0000000000004,30.0,1,1,accelerate-accelerate,-0.016602709889411926,0.10235930979251862,-0.035847872495651245,1,0.10235930979251862,-0.016602709889411926,0.11896201968193054,0.13820718228816986,"[true, true, true]",False,False,False,65030,0,b63d9a6a59c92b71ebb27d6dbfb387c70df516f225f067e4dfea40157df365d3,validation_005,0,4,1020641448,8,10.970068760523844,
28,5.6000000000000005,B,ramp,True,False,175.0000000000004,30.0,1,accelerate,2.0,0.0,159.3600000000004,27.20000000000016,1,1,accelerate-accelerate,-0.06804684549570084,-0.04360099136829376,-0.18167215585708618,1,-0.04360099136829376,-0.06804684549570084,0.024445854127407074,0.13807116448879242,"[true, true, true]",False,False,False,65030,0,b63d9a6a59c92b71ebb27d6dbfb387c70df516f225f067e4dfea40157df365d3,validation_005,0,4,1020641448,8,10.970068760523844,
28,5.6000000000000005,B_front,background_mainline,True,,218.0,20.0,,,,,,,,,,,,,,,,,,,,,,65030,0,b63d9a6a59c92b71ebb27d6dbfb387c70df516f225f067e4dfea40157df365d3,validation_005,0,4,1020641448,8,,
28,5.6000000000000005,B_rear,background_mainline,True,,114.07490451812139,18.609266076976155,,,,,,,,,,,,,,,,,,,,,,65030,0,b63d9a6a59c92b71ebb27d6dbfb387c70df516f225f067e4dfea40157df365d3,validation_005,0,4,1020641448,8,,
29,5.800000000000001,A,mainline,True,False,164.84000000000043,27.600000000000165,1,accelerate,2.0,2.0000000000000284,181.0000000000004,30.0,1,1,accelerate-accelerate,-0.015147559344768524,0.10417214035987854,-0.035155147314071655,1,0.10417214035987854,-0.015147559344768524,0.11931969970464706,0.1393272876739502,"[true, true, true]",False,False,False,65030,0,b63d9a6a59c92b71ebb27d6dbfb387c70df516f225f067e4dfea40157df365d3,validation_005,0,4,1020641448,8,11.410068760523785,
29,5.800000000000001,B,ramp,True,False,181.0000000000004,30.0,1,accelerate,2.0,0.0,164.84000000000043,27.600000000000165,1,1,accelerate-accelerate,-0.070348359644413,-0.04258197918534279,-0.18210116028785706,1,-0.04258197918534279,-0.070348359644413,0.027766380459070206,0.13951918110251427,"[true, true, true]",False,False,False,65030,0,b63d9a6a59c92b71ebb27d6dbfb387c70df516f225f067e4dfea40157df365d3,validation_005,0,4,1020641448,8,11.410068760523785,
29,5.800000000000001,B_front,background_mainline,True,,222.0,20.0,,,,,,,,,,,,,,,,,,,,,,65030,0,b63d9a6a59c92b71ebb27d6dbfb387c70df516f225f067e4dfea40157df365d3,validation_005,0,4,1020641448,8,,
29,5.800000000000001,B_rear,background_mainline,True,,117.8041364421063,18.68250109771693,,,,,,,,,,,,,,,,,,,,,,65030,0,b63d9a6a59c92b71ebb27d6dbfb387c70df516f225f067e4dfea40157df365d3,validation_005,0,4,1020641448,8,,
30,6.0,A,mainline,True,False,170.4000000000005,28.00000000000017,1,accelerate,2.0,2.0000000000000284,187.0000000000004,30.0,1,1,accelerate-accelerate,-0.015365853905677795,0.10628882795572281,-0.035877250134944916,1,0.10628882795572281,-0.015365853905677795,0.1216546818614006,0.14216607809066772,"[true, true, true]",False,False,False,65030,0,b63d9a6a59c92b71ebb27d6dbfb387c70df516f225f067e4dfea40157df365d3,validation_005,0,4,1020641448,8,11.770068760523742,
30,6.0,B,ramp,True,False,187.0000000000004,30.0,1,accelerate,2.0,0.0,170.4000000000005,28.00000000000017,1,1,accelerate-accelerate,-0.07303184270858765,-0.042494792491197586,-0.18270941078662872,1,-0.042494792491197586,-0.07303184270858765,0.03053705021739006,0.14021461829543114,"[true, true, true]",False,False,False,65030,0,b63d9a6a59c92b71ebb27d6dbfb387c70df516f225f067e4dfea40157df365d3,validation_005,0,4,1020641448,8,11.770068760523742,
30,6.0,B_front,background_mainline,True,,226.0,20.0,,,,,,,,,,,,,,,,,,,,,,65030,0,b63d9a6a59c92b71ebb27d6dbfb387c70df516f225f067e4dfea40157df365d3,validation_005,0,4,1020641448,8,,
30,6.0,B_rear,background_mainline,True,,121.54766638828298,18.75226601571573,,,,,,,,,,,,,,,,,,,,,,65030,0,b63d9a6a59c92b71ebb27d6dbfb387c70df516f225f067e4dfea40157df365d3,validation_005,0,4,1020641448,8,,
31,6.2,A,mainline,True,False,176.04000000000053,28.400000000000176,1,accelerate,2.0,2.0000000000000284,193.0000000000004,30.0,1,1,accelerate-accelerate,-0.015236876904964447,0.10844682902097702,-0.03708861768245697,1,0.10844682902097702,-0.015236876904964447,0.12368370592594147,0.145535446703434,"[true, true, true]",False,False,False,65030,0,b63d9a6a59c92b71ebb27d6dbfb387c70df516f225f067e4dfea40157df365d3,validation_005,0,4,1020641448,8,12.050068760523715,
31,6.2,B,ramp,True,False,193.0000000000004,30.0,1,accelerate,2.0,0.0,176.04000000000053,28.400000000000176,1,1,accelerate-accelerate,-0.0757538378238678,-0.04241759702563286,-0.18328788876533508,1,-0.04241759702563286,-0.0757538378238678,0.03333624079823494,0.14087029173970222,"[true, true, true]",False,False,False,65030,0,b63d9a6a59c92b71ebb27d6dbfb387c70df516f225f067e4dfea40157df365d3,validation_005,0,4,1020641448,8,12.050068760523715,
31,6.2,B_front,background_mainline,True,,230.0,20.0,,,,,,,,,,,,,,,,,,,,,,65030,0,b63d9a6a59c92b71ebb27d6dbfb387c70df516f225f067e4dfea40157df365d3,validation_005,0,4,1020641448,8,,
31,6.2,B_rear,background_mainline,True,,125.30481293917283,18.818686776556984,,,,,,,,,,,,,,,,,,,,,,65030,0,b63d9a6a59c92b71ebb27d6dbfb387c70df516f225f067e4dfea40157df365d3,validation_005,0,4,1020641448,8,,
32,6.4,A,mainline,True,False,181.76000000000056,28.800000000000182,1,accelerate,2.0,2.0000000000000284,199.0000000000004,30.0,1,1,accelerate-accelerate,-0.015257187187671661,0.11075548082590103,-0.03778914362192154,1,0.11075548082590103,-0.015257187187671661,0.1260126680135727,0.14854462444782257,"[true, true, true]",False,False,False,65030,0,b63d9a6a59c92b71ebb27d6dbfb387c70df516f225f067e4dfea40157df365d3,validation_005,0,4,1020641448,8,12.250068760523675,
32,6.4,B,ramp,True,False,199.0000000000004,30.0,1,accelerate,2.0,0.0,181.76000000000056,28.800000000000182,1,1,accelerate-accelerate,-0.07820236682891846,-0.042541466653347015,-0.1834915727376938,1,-0.042541466653347015,-0.07820236682891846,0.03566090017557144,0.14095010608434677,"[true, true, true]",False,False,False,65030,0,b63d9a6a59c92b71ebb27d6dbfb387c70df516f225f067e4dfea40157df365d3,validation_005,0,4,1020641448,8,12.250068760523675,
32,6.4,B_front,background_mainline,True,,234.0,20.0,,,,,,,,,,,,,,,,,,,,,,65030,0,b63d9a6a59c92b71ebb27d6dbfb387c70df516f225f067e4dfea40157df365d3,validation_005,0,4,1020641448,8,,
32,6.4,B_rear,background_mainline,True,,129.07491979652852,18.88188855817962,,,,,,,,,,,,,,,,,,,,,,65030,0,b63d9a6a59c92b71ebb27d6dbfb387c70df516f225f067e4dfea40157df365d3,validation_005,0,4,1020641448,8,,
33,6.6000000000000005,A,mainline,True,False,187.5600000000006,29.200000000000188,1,accelerate,2.0,2.0000000000000284,205.0000000000004,30.0,1,1,accelerate-accelerate,-0.01614408940076828,0.11186172068119049,-0.03733218461275101,1,0.11186172068119049,-0.01614408940076828,0.12800581008195877,0.1491939052939415,"[true, true, true]",False,False,False,65030,0,b63d9a6a59c92b71ebb27d6dbfb387c70df516f225f067e4dfea40157df365d3,validation_005,0,4,1020641448,8,12.370068760523651,
33,6.6000000000000005,B,ramp,True,False,205.0000000000004,30.0,1,accelerate,2.0,0.0,187.5600000000006,29.200000000000188,1,1,accelerate-accelerate,-0.0801112949848175,-0.043786197900772095,-0.18253421783447266,1,-0.043786197900772095,-0.0801112949848175,0.03632509708404541,0.13874801993370056,"[true, true, true]",False,False,False,65030,0,b63d9a6a59c92b71ebb27d6dbfb387c70df516f225f067e4dfea40157df365d3,validation_005,0,4,1020641448,8,12.370068760523651,
33,6.6000000000000005,B_front,background_mainline,True,,238.0,20.0,,,,,,,,,,,,,,,,,,,,,,65030,0,b63d9a6a59c92b71ebb27d6dbfb387c70df516f225f067e4dfea40157df365d3,validation_005,0,4,1020641448,8,,
33,6.6000000000000005,B_rear,background_mainline,True,,132.857355585241,18.9419953518728,,,,,,,,,,,,,,,,,,,,,,65030,0,b63d9a6a59c92b71ebb27d6dbfb387c70df516f225f067e4dfea40157df365d3,validation_005,0,4,1020641448,8,,
34,6.800000000000001,A,mainline,True,False,193.44000000000062,29.600000000000193,1,accelerate,2.0,1.9999999999960494,211.0000000000004,30.0,1,1,accelerate-accelerate,-0.017063766717910767,0.11297247558832169,-0.0368318110704422,1,0.11297247558832169,-0.017063766717910767,0.13003624230623245,0.14980428665876389,"[true, true, true]",False,False,False,65030,0,b63d9a6a59c92b71ebb27d6dbfb387c70df516f225f067e4dfea40157df365d3,validation_005,0,4,1020641448,8,12.410068760523615,
34,6.800000000000001,B,ramp,True,False,211.0000000000004,30.0,1,accelerate,2.0,0.0,193.44000000000062,29.600000000000193,1,1,accelerate-accelerate,-0.0819612592458725,-0.0457121841609478,-0.18092294037342072,1,-0.0457121841609478,-0.0819612592458725,0.0362490750849247,0.13521075621247292,"[true, true, true]",False,False,False,65030,0,b63d9a6a59c92b71ebb27d6dbfb387c70df516f225f067e4dfea40157df365d3,validation_005,0,4,1020641448,8,12.410068760523615,
34,6.800000000000001,B_front,background_mainline,True,,242.0,20.0,,,,,,,,,,,,,,,,,,,,,,65030,0,b63d9a6a59c92b71ebb27d6dbfb387c70df516f225f067e4dfea40157df365d3,validation_005,0,4,1020641448,8,,
34,6.800000000000001,B_rear,background_mainline,True,,136.6515135776771,18.999129585502153,,,,,,,,,,,,,,,,,,,,,,65030,0,b63d9a6a59c92b71ebb27d6dbfb387c70df516f225f067e4dfea40157df365d3,validation_005,0,4,1020641448,8,,
35,7.0,A,mainline,True,False,199.40000000000066,30.0,1,accelerate,2.0,0.0,217.0000000000004,30.0,1,1,accelerate-accelerate,-0.01801411807537079,0.11409090459346771,-0.03628815710544586,1,0.11409090459346771,-0.01801411807537079,0.1321050226688385,0.15037906169891357,"[true, true, true]",False,False,False,65030,0,b63d9a6a59c92b71ebb27d6dbfb387c70df516f225f067e4dfea40157df365d3,validation_005,0,4,1020641448,8,12.410068760523615,
35,7.0,B,ramp,True,False,217.0000000000004,30.0,1,accelerate,2.0,0.0,199.40000000000066,30.0,1,1,accelerate-accelerate,-0.08345678448677063,-0.04841844365000725,-0.17875529825687408,1,-0.04841844365000725,-0.08345678448677063,0.03503834083676338,0.13033685460686684,"[true, true, true]",False,False,False,65030,0,b63d9a6a59c92b71ebb27d6dbfb387c70df516f225f067e4dfea40157df365d3,validation_005,0,4,1020641448,8,12.410068760523615,
35,7.0,B_front,background_mainline,True,,246.0,20.0,,,,,,,,,,,,,,,,,,,,,,65030,0,b63d9a6a59c92b71ebb27d6dbfb387c70df516f225f067e4dfea40157df365d3,validation_005,0,4,1020641448,8,,
35,7.0,B_rear,background_mainline,True,,140.45681134207936,19.05341168737776,,,,,,,,,,,,,,,,,,,,,,65030,0,b63d9a6a59c92b71ebb27d6dbfb387c70df516f225f067e4dfea40157df365d3,validation_005,0,4,1020641448,8,,
36,7.2,A,mainline,True,False,205.40000000000066,30.0,1,accelerate,2.0,0.0,223.0000000000004,30.0,1,1,accelerate-accelerate,-0.019746527075767517,0.11472032964229584,-0.0364634245634079,1,0.11472032964229584,-0.019746527075767517,0.13446685671806335,0.15118375420570374,"[true, true, true]",False,False,False,65030,0,b63d9a6a59c92b71ebb27d6dbfb387c70df516f225f067e4dfea40157df365d3,validation_005,0,4,1020641448,8,12.410068760523615,
36,7.2,B,ramp,True,False,223.0000000000004,30.0,1,accelerate,2.0,0.0,205.40000000000066,30.0,1,1,accelerate-accelerate,-0.08479467034339905,-0.051162052899599075,-0.17639267444610596,1,-0.051162052899599075,-0.08479467034339905,0.03363261744379997,0.12523062154650688,"[true, true, true]",False,False,False,65030,0,b63d9a6a59c92b71ebb27d6dbfb387c70df516f225f067e4dfea40157df365d3,validation_005,0,4,1020641448,8,12.410068760523615,
36,7.2,B_front,background_mainline,True,,250.0,20.0,,,,,,,,,,,,,,,,,,,,,,65030,0,b63d9a6a59c92b71ebb27d6dbfb387c70df516f225f067e4dfea40157df365d3,validation_005,0,4,1020641448,8,,
36,7.2,B_rear,background_mainline,True,,144.2726902664068,19.10495938018207,,,,,,,,,,,,,,,,,,,,,,65030,0,b63d9a6a59c92b71ebb27d6dbfb387c70df516f225f067e4dfea40157df365d3,validation_005,0,4,1020641448,8,,
37,7.4,A,mainline,True,False,211.40000000000066,30.0,1,accelerate,2.0,0.0,229.0000000000004,30.0,1,1,accelerate-accelerate,-0.021481625735759735,0.11535368859767914,-0.03664107620716095,1,0.11535368859767914,-0.021481625735759735,0.13683531433343887,0.1519947648048401,"[true, true, true]",False,False,False,65030,0,b63d9a6a59c92b71ebb27d6dbfb387c70df516f225f067e4dfea40157df365d3,validation_005,0,4,1020641448,8,12.410068760523615,
37,7.4,B,ramp,True,False,229.0000000000004,30.0,1,accelerate,2.0,0.0,211.40000000000066,30.0,1,1,accelerate-accelerate,-0.0860423892736435,-0.053637973964214325,-0.17371676862239838,1,-0.053637973964214325,-0.0860423892736435,0.03240441530942917,0.12007879465818405,"[true, true, true]",False,False,False,65030,0,b63d9a6a59c92b71ebb27d6dbfb387c70df516f225f067e4dfea40157df365d3,validation_005,0,4,1020641448,8,12.410068760523615,
37,7.4,B_front,background_mainline,True,,254.0,20.0,,,,,,,,,,,,,,,,,,,,,,65030,0,b63d9a6a59c92b71ebb27d6dbfb387c70df516f225f067e4dfea40157df365d3,validation_005,0,4,1020641448,8,,
37,7.4,B_rear,background_mainline,True,,148.09861503683192,19.153887984483923,,,,,,,,,,,,,,,,,,,,,,65030,0,b63d9a6a59c92b71ebb27d6dbfb387c70df516f225f067e4dfea40157df365d3,validation_005,0,4,1020641448,8,,
38,7.6000000000000005,A,mainline,True,False,217.40000000000066,30.0,1,accelerate,2.0,0.0,235.0000000000004,30.0,1,1,accelerate-accelerate,-0.023219317197799683,0.11599086225032806,-0.036821022629737854,1,0.11599086225032806,-0.023219317197799683,0.13921017944812775,0.15281188488006592,"[true, true, true]",False,False,False,65030,0,b63d9a6a59c92b71ebb27d6dbfb387c70df516f225f067e4dfea40157df365d3,validation_005,0,4,1020641448,8,12.410068760523615,
38,7.6000000000000005,B,ramp,True,False,235.0000000000004,30.0,1,accelerate,2.0,0.0,217.40000000000066,30.0,1,1,accelerate-accelerate,-0.08727289736270905,-0.056056614965200424,-0.1711542308330536,1,-0.056056614965200424,-0.08727289736270905,0.03121628239750862,0.11509761586785316,"[true, true, true]",False,False,False,65030,0,b63d9a6a59c92b71ebb27d6dbfb387c70df516f225f067e4dfea40157df365d3,validation_005,0,4,1020641448,8,12.410068760523615,
38,7.6000000000000005,B_front,background_mainline,True,,258.0,20.0,,,,,,,,,,,,,,,,,,,,,,65030,0,b63d9a6a59c92b71ebb27d6dbfb387c70df516f225f067e4dfea40157df365d3,validation_005,0,4,1020641448,8,,
38,7.6000000000000005,B_rear,background_mainline,True,,151.93407316401752,19.200310382250755,,,,,,,,,,,,,,,,,,,,,,65030,0,b63d9a6a59c92b71ebb27d6dbfb387c70df516f225f067e4dfea40157df365d3,validation_005,0,4,1020641448,8,,
39,7.800000000000001,A,mainline,True,False,223.40000000000066,30.0,1,accelerate,2.0,0.0,241.0000000000004,30.0,1,1,accelerate-accelerate,-0.02495940774679184,0.11663162708282471,-0.03700317442417145,1,0.11663162708282471,-0.02495940774679184,0.14159103482961655,0.15363480150699615,"[true, true, true]",False,False,False,65030,0,b63d9a6a59c92b71ebb27d6dbfb387c70df516f225f067e4dfea40157df365d3,validation_005,0,4,1020641448,8,12.410068760523615,
39,7.800000000000001,B,ramp,True,False,241.0000000000004,30.0,1,accelerate,2.0,0.0,223.40000000000066,30.0,1,1,accelerate-accelerate,-0.08848285675048828,-0.05840594694018364,-0.16872891783714294,1,-0.05840594694018364,-0.08848285675048828,0.03007690981030464,0.1103229708969593,"[true, true, true]",False,False,False,65030,0,b63d9a6a59c92b71ebb27d6dbfb387c70df516f225f067e4dfea40157df365d3,validation_005,0,4,1020641448,8,12.410068760523615,
39,7.800000000000001,B_front,background_mainline,True,,260.0,0.0,,,,,,,,,,,,,,,,,,,,,,65030,0,b63d9a6a59c92b71ebb27d6dbfb387c70df516f225f067e4dfea40157df365d3,validation_005,0,4,1020641448,8,,
39,7.800000000000001,B_rear,background_mainline,True,,155.7785744700481,19.244336771195282,,,,,,,,,,,,,,,,,,,,,,65030,0,b63d9a6a59c92b71ebb27d6dbfb387c70df516f225f067e4dfea40157df365d3,validation_005,0,4,1020641448,8,,
40,8.0,A,mainline,True,False,229.40000000000066,30.0,1,accelerate,2.0,0.0,247.0000000000004,30.0,1,1,accelerate-accelerate,-0.030589036643505096,0.1203211173415184,-0.055524393916130066,1,0.1203211173415184,-0.030589036643505096,0.1509101539850235,0.17584551125764847,"[true, true, true]",False,False,False,65030,0,b63d9a6a59c92b71ebb27d6dbfb387c70df516f225f067e4dfea40157df365d3,validation_005,0,4,1020641448,8,12.410068760523615,
40,8.0,B,ramp,True,False,247.0000000000004,30.0,1,accelerate,2.0,0.0,229.40000000000066,30.0,1,1,accelerate-accelerate,-0.09530265629291534,-0.02252914011478424,-0.19476377964019775,1,-0.02252914011478424,-0.09530265629291534,0.0727735161781311,0.1722346395254135,"[true, true, true]",False,False,False,65030,0,b63d9a6a59c92b71ebb27d6dbfb387c70df516f225f067e4dfea40157df365d3,validation_005,0,4,1020641448,8,12.410068760523615,
40,8.0,B_front,background_mainline,True,,260.0,0.0,,,,,,,,,,,,,,,,,,,,,,65030,0,b63d9a6a59c92b71ebb27d6dbfb387c70df516f225f067e4dfea40157df365d3,validation_005,0,4,1020641448,8,,
40,8.0,B_rear,background_mainline,True,,159.63165053102503,19.286074466110474,,,,,,,,,,,,,,,,,,,,,,65030,0,b63d9a6a59c92b71ebb27d6dbfb387c70df516f225f067e4dfea40157df365d3,validation_005,0,4,1020641448,8,,
41,8.200000000000001,A,mainline,True,False,235.40000000000066,30.0,1,accelerate,2.0,0.0,253.0000000000004,30.0,1,1,accelerate-accelerate,-0.03141586109995842,0.12150389701128006,-0.055261895060539246,1,0.12150389701128006,-0.03141586109995842,0.15291975811123848,0.1767657920718193,"[true, true, true]",False,False,False,65030,0,b63d9a6a59c92b71ebb27d6dbfb387c70df516f225f067e4dfea40157df365d3,validation_005,0,4,1020641448,8,12.410068760523586,
41,8.200000000000001,B,ramp,True,False,253.0000000000004,30.0,1,accelerate,2.0,0.0,235.40000000000066,30.0,1,1,accelerate-accelerate,-0.09705781936645508,-0.025471534579992294,-0.19415231049060822,1,-0.025471534579992294,-0.09705781936645508,0.07158628478646278,0.16868077591061592,"[true, true, true]",False,False,False,65030,0,b63d9a6a59c92b71ebb27d6dbfb387c70df516f225f067e4dfea40157df365d3,validation_005,0,4,1020641448,8,12.410068760523586,
41,8.200000000000001,B_front,background_mainline,True,,260.0,0.0,,,,,,,,,,,,,,,,,,,,,,65030,0,b63d9a6a59c92b71ebb27d6dbfb387c70df516f225f067e4dfea40157df365d3,validation_005,0,4,1020641448,8,,
41,8.200000000000001,B_rear,background_mainline,True,,163.49285408414227,19.325627741521977,,,,,,,,,,,,,,,,,,,,,,65030,0,b63d9a6a59c92b71ebb27d6dbfb387c70df516f225f067e4dfea40157df365d3,validation_005,0,4,1020641448,8,,
42,8.4,A,mainline,True,False,241.40000000000066,30.0,1,accelerate,2.0,0.0,259.0000000000004,30.0,1,1,accelerate-accelerate,-0.032275278121232986,0.12281423807144165,-0.05531199276447296,1,0.12281423807144165,-0.032275278121232986,0.15508951619267464,0.1781262308359146,"[true, true, true]",False,False,False,65030,0,b63d9a6a59c92b71ebb27d6dbfb387c70df516f225f067e4dfea40157df365d3,validation_005,0,4,1020641448,8,,
42,8.4,B,ramp,True,False,259.0000000000004,30.0,1,accelerate,2.0,0.0,241.40000000000066,30.0,1,1,accelerate-accelerate,-0.09809455275535583,-0.02745874598622322,-0.19344134628772736,1,-0.02745874598622322,-0.09809455275535583,0.07063580676913261,0.16598260030150414,"[true, true, true]",False,False,False,65030,0,b63d9a6a59c92b71ebb27d6dbfb387c70df516f225f067e4dfea40157df365d3,validation_005,0,4,1020641448,8,,
42,8.4,B_front,background_mainline,True,,260.0,0.0,,,,,,,,,,,,,,,,,,,,,,65030,0,b63d9a6a59c92b71ebb27d6dbfb387c70df516f225f067e4dfea40157df365d3,validation_005,0,4,1020641448,8,,
42,8.4,B_rear,background_mainline,True,,167.36175840700733,19.363097710774515,,,,,,,,,,,,,,,,,,,,,,65030,0,b63d9a6a59c92b71ebb27d6dbfb387c70df516f225f067e4dfea40157df365d3,validation_005,0,4,1020641448,8,,
43,8.6,A,mainline,True,False,247.40000000000066,30.0,1,accelerate,2.0,0.0,260.5000000000004,0.0,1,0,active-inactive,-0.04573604464530945,0.11330703645944595,0.04505243897438049,1,0.11330703645944595,0.04505243897438049,0.06825459748506546,0.1590430811047554,"[true, true, true]",False,False,False,65030,0,b63d9a6a59c92b71ebb27d6dbfb387c70df516f225f067e4dfea40157df365d3,validation_005,0,4,1020641448,8,,
43,8.6,B,ramp,False,True,260.5000000000004,0.0,0,maintain,0.0,0.0,247.40000000000066,30.0,1,0,active-inactive,-0.04886598885059357,-0.021930884569883347,-0.16868580877780914,1,-0.021930884569883347,-0.04886598885059357,0.02693510428071022,0.1467549242079258,"[true, true, true]",False,False,False,65030,0,b63d9a6a59c92b71ebb27d6dbfb387c70df516f225f067e4dfea40157df365d3,validation_005,0,4,1020641448,8,,
43,8.6,B_front,background_mainline,True,,260.0,0.0,,,,,,,,,,,,,,,,,,,,,,65030,0,b63d9a6a59c92b71ebb27d6dbfb387c70df516f225f067e4dfea40157df365d3,validation_005,0,4,1020641448,8,,
43,8.6,B_rear,background_mainline,True,,171.23795667605782,19.39858223727524,,,,,,,,,,,,,,,,,,,,,,65030,0,b63d9a6a59c92b71ebb27d6dbfb387c70df516f225f067e4dfea40157df365d3,validation_005,0,4,1020641448,8,,
44,8.8,A,mainline,True,False,253.40000000000066,30.0,1,accelerate,2.0,0.0,260.5000000000004,0.0,1,0,active-inactive,-0.046867646276950836,0.11116467416286469,0.04582691192626953,1,0.11116467416286469,0.04582691192626953,0.06533776223659515,0.15803232043981552,"[true, true, true]",False,False,False,65030,0,b63d9a6a59c92b71ebb27d6dbfb387c70df516f225f067e4dfea40157df365d3,validation_005,0,4,1020641448,8,,
44,8.8,B,ramp,False,True,260.5000000000004,0.0,0,maintain,0.0,0.0,253.40000000000066,30.0,1,0,active-inactive,-0.04911129176616669,-0.024931084364652634,-0.16719426214694977,1,-0.024931084364652634,-0.04911129176616669,0.024180207401514053,0.14226317778229713,"[true, true, true]",False,False,False,65030,0,b63d9a6a59c92b71ebb27d6dbfb387c70df516f225f067e4dfea40157df365d3,validation_005,0,4,1020641448,8,,
44,8.8,B_front,background_mainline,True,,260.0,0.0,,,,,,,,,,,,,,,,,,,,,,65030,0,b63d9a6a59c92b71ebb27d6dbfb387c70df516f225f067e4dfea40157df365d3,validation_005,0,4,1020641448,8,,
44,8.8,B_rear,background_mainline,True,,175.12106131011902,19.43217587409963,,,,,,,,,,,,,,,,,,,,,,65030,0,b63d9a6a59c92b71ebb27d6dbfb387c70df516f225f067e4dfea40157df365d3,validation_005,0,4,1020641448,8,,
45,9.0,A,mainline,True,False,259.40000000000066,30.0,1,accelerate,2.0,0.0,260.5000000000004,0.0,1,0,active-inactive,-0.048495568335056305,0.11007553339004517,0.04647221788764,1,0.11007553339004517,0.04647221788764,0.06360331550240517,0.15857110172510147,"[true, true, true]",False,True,False,65030,0,b63d9a6a59c92b71ebb27d6dbfb387c70df516f225f067e4dfea40157df365d3,validation_005,0,4,1020641448,8,,
45,9.0,B,ramp,False,True,260.5000000000004,0.0,0,maintain,0.0,0.0,259.40000000000066,30.0,1,0,active-inactive,-0.04957997053861618,-0.027961306273937225,-0.16602803766727448,1,-0.027961306273937225,-0.04957997053861618,0.021618664264678955,0.13806673139333725,"[true, true, true]",False,True,False,65030,0,b63d9a6a59c92b71ebb27d6dbfb387c70df516f225f067e4dfea40157df365d3,validation_005,0,4,1020641448,8,,
45,9.0,B_front,background_mainline,True,,260.0,0.0,,,,,,,,,,,,,,,,,,,,,,65030,0,b63d9a6a59c92b71ebb27d6dbfb387c70df516f225f067e4dfea40157df365d3,validation_005,0,4,1020641448,8,,
45,9.0,B_rear,background_mainline,True,,179.01071374473787,19.46410736290525,,,,,,,,,,,,,,,,,,,,,,65030,0,b63d9a6a59c92b71ebb27d6dbfb387c70df516f225f067e4dfea40157df365d3,validation_005,0,4,1020641448,8,,
0,0.0,A,ramp,True,False,32.0,20.0,1,accelerate,0.0,2.0000000000000284,38.4,16.0,1,0,accelerate-maintain,-0.0787406861782074,0.09335007518529892,-0.016140051186084747,1,0.09335007518529892,-0.016140051186084747,0.10949012637138367,0.17209076136350632,"[true, true, true]",False,False,False,65030,0,b63d9a6a59c92b71ebb27d6dbfb387c70df516f225f067e4dfea40157df365d3,validation_005,1,4,1020641448,9,,
0,0.0,B,mainline,True,False,38.4,16.0,0,maintain,0.0,0.0,32.0,20.0,1,0,accelerate-maintain,-0.017895713448524475,-0.08658307790756226,-0.10039722174406052,0,-0.017895713448524475,-0.08658307790756226,0.06868736445903778,0.08250150829553604,"[true, true, true]",False,False,False,65030,0,b63d9a6a59c92b71ebb27d6dbfb387c70df516f225f067e4dfea40157df365d3,validation_005,1,4,1020641448,9,,
0,0.0,B_front,background_mainline,True,,106.0,20.0,,,,,,,,,,,,,,,,,,,,,,65030,0,b63d9a6a59c92b71ebb27d6dbfb387c70df516f225f067e4dfea40157df365d3,validation_005,1,4,1020641448,9,,
0,0.0,B_rear,background_mainline,True,,16.68,18.799999999999997,,,,,,,,,,,,,,,,,,,,,,65030,0,b63d9a6a59c92b71ebb27d6dbfb387c70df516f225f067e4dfea40157df365d3,validation_005,1,4,1020641448,9,,
1,0.2,A,ramp,True,False,36.04,20.400000000000006,1,accelerate,2.0,2.0000000000000284,41.59999999999999,16.0,1,0,accelerate-maintain,-0.07933956384658813,0.09394291043281555,-0.016484558582305908,1,0.09394291043281555,-0.016484558582305908,0.11042746901512146,0.1732824742794037,"[true, true, true]",False,False,False,65030,0,b63d9a6a59c92b71ebb27d6dbfb387c70df516f225f067e4dfea40157df365d3,validation_005,1,4,1020641448,9,,
1,0.2,B,mainline,True,False,41.59999999999999,16.0,0,maintain,0.0,0.0,36.04,20.400000000000006,1,0,accelerate-maintain,-0.017599530518054962,-0.08581246435642242,-0.0999457836151123,0,-0.017599530518054962,-0.08581246435642242,0.06821293383836746,0.08234625309705734,"[true, true, true]",False,False,False,65030,0,b63d9a6a59c92b71ebb27d6dbfb387c70df516f225f067e4dfea40157df365d3,validation_005,1,4,1020641448,9,,
1,0.2,B_front,background_mainline,True,,110.0,20.0,,,,,,,,,,,,,,,,,,,,,,65030,0,b63d9a6a59c92b71ebb27d6dbfb387c70df516f225f067e4dfea40157df365d3,validation_005,1,4,1020641448,9,,
1,0.2,B_rear,background_mainline,True,,20.32084991092236,17.633996436894353,,,,,,,,,,,,,,,,,,,,,,65030,0,b63d9a6a59c92b71ebb27d6dbfb387c70df516f225f067e4dfea40157df365d3,validation_005,1,4,1020641448,9,,
2,0.4,A,ramp,True,False,40.160000000000004,20.80000000000001,1,accelerate,2.0,2.0000000000000284,44.799999999999976,16.0,1,0,accelerate-maintain,-0.07989345490932465,0.09457748383283615,-0.016833223402500153,1,0.09457748383283615,-0.016833223402500153,0.1114107072353363,0.1744709387421608,"[true, true, true]",False,False,False,65030,0,b63d9a6a59c92b71ebb27d6dbfb387c70df516f225f067e4dfea40157df365d3,validation_005,1,4,1020641448,9,,
2,0.4,B,mainline,True,False,44.799999999999976,16.0,0,maintain,0.0,0.0,40.160000000000004,20.80000000000001,1,0,accelerate-maintain,-0.017331425100564957,-0.08504420518875122,-0.10017602145671844,0,-0.017331425100564957,-0.08504420518875122,0.06771278008818626,0.08284459635615349,"[true, true, true]",False,False,False,65030,0,b63d9a6a59c92b71ebb27d6dbfb387c70df516f225f067e4dfea40157df365d3,validation_005,1,4,1020641448,9,,
2,0.4,B_front,background_mainline,True,,114.0,20.0,,,,,,,,,,,,,,,,,,,,,,65030,0,b63d9a6a59c92b71ebb27d6dbfb387c70df516f225f067e4dfea40157df365d3,validation_005,1,4,1020641448,9,,
2,0.4,B_rear,background_mainline,True,,23.76055685764985,16.815144009073002,,,,,,,,,,,,,,,,,,,,,,65030,0,b63d9a6a59c92b71ebb27d6dbfb387c70df516f225f067e4dfea40157df365d3,validation_005,1,4,1020641448,9,,
3,0.6000000000000001,A,ramp,True,False,44.36000000000001,21.200000000000017,1,accelerate,2.0,2.0000000000000284,47.999999999999964,16.0,1,0,accelerate-maintain,-0.08018171042203903,0.09578271210193634,-0.017136216163635254,1,0.09578271210193634,-0.017136216163635254,0.1129189282655716,0.17596442252397537,"[true, true, true]",False,False,False,65030,0,b63d9a6a59c92b71ebb27d6dbfb387c70df516f225f067e4dfea40157df365d3,validation_005,1,4,1020641448,9,,
3,0.6000000000000001,B,mainline,True,False,47.999999999999964,16.0,0,maintain,0.0,0.0,44.36000000000001,21.200000000000017,1,0,accelerate-maintain,-0.01739005744457245,-0.08457053452730179,-0.10004782676696777,0,-0.01739005744457245,-0.08457053452730179,0.06718047708272934,0.08265776932239532,"[true, true, true]",False,False,False,65030,0,b63d9a6a59c92b71ebb27d6dbfb387c70df516f225f067e4dfea40157df365d3,validation_005,1,4,1020641448,9,,
3,0.6000000000000001,B_front,background_mainline,True,,118.0,20.0,,,,,,,,,,,,,,,,,,,,,,65030,0,b63d9a6a59c92b71ebb27d6dbfb387c70df516f225f067e4dfea40157df365d3,validation_005,1,4,1020641448,9,,
3,0.6000000000000001,B_rear,background_mainline,True,,27.064354151939316,16.253204911824554,,,,,,,,,,,,,,,,,,,,,,65030,0,b63d9a6a59c92b71ebb27d6dbfb387c70df516f225f067e4dfea40157df365d3,validation_005,1,4,1020641448,9,,
4,0.8,A,ramp,True,False,48.64000000000001,21.600000000000023,1,accelerate,2.0,2.0000000000000284,51.19999999999995,16.0,1,0,accelerate-maintain,-0.08021718263626099,0.09708713740110397,-0.01716586947441101,1,0.09708713740110397,-0.01716586947441101,0.11425300687551498,0.17730432003736496,"[true, true, true]",False,False,False,65030,0,b63d9a6a59c92b71ebb27d6dbfb387c70df516f225f067e4dfea40157df365d3,validation_005,1,4,1020641448,9,,
4,0.8,B,mainline,True,False,51.19999999999995,16.0,0,maintain,0.0,0.0,48.64000000000001,21.600000000000023,1,0,accelerate-maintain,-0.01771644502878189,-0.08439294993877411,-0.09963233768939972,0,-0.01771644502878189,-0.08439294993877411,0.06667650490999222,0.08191589266061783,"[true, true, true]",False,False,False,65030,0,b63d9a6a59c92b71ebb27d6dbfb387c70df516f225f067e4dfea40157df365d3,validation_005,1,4,1020641448,9,,
4,0.8,B_front,background_mainline,True,,122.0,20.0,,,,,,,,,,,,,,,,,,,,,,65030,0,b63d9a6a59c92b71ebb27d6dbfb387c70df516f225f067e4dfea40157df365d3,validation_005,1,4,1020641448,9,,
4,0.8,B_rear,background_mainline,True,,30.272542440013506,15.848224001625413,,,,,,,,,,,,,,,,,,,,,,65030,0,b63d9a6a59c92b71ebb27d6dbfb387c70df516f225f067e4dfea40157df365d3,validation_005,1,4,1020641448,9,,
5,1.0,A,ramp,True,False,53.000000000000014,22.00000000000003,1,accelerate,2.0,2.0000000000000284,54.39999999999994,16.0,1,0,accelerate-maintain,-0.07998758554458618,0.0977327972650528,-0.017515309154987335,1,0.0977327972650528,-0.017515309154987335,0.11524810642004013,0.17772038280963898,"[true, true, true]",False,False,False,65030,0,b63d9a6a59c92b71ebb27d6dbfb387c70df516f225f067e4dfea40157df365d3,validation_005,1,4,1020641448,9,,
5,1.0,B,mainline,True,False,54.39999999999994,16.0,0,maintain,0.0,0.0,53.000000000000014,22.00000000000003,1,0,accelerate-maintain,-0.018148794770240784,-0.08423253893852234,-0.09906084090471268,0,-0.018148794770240784,-0.08423253893852234,0.06608374416828156,0.0809120461344719,"[true, true, true]",False,False,False,65030,0,b63d9a6a59c92b71ebb27d6dbfb387c70df516f225f067e4dfea40157df365d3,validation_005,1,4,1020641448,9,,
5,1.0,B_front,background_mainline,True,,126.0,20.0,,,,,,,,,,,,,,,,,,,,,,65030,0,b63d9a6a59c92b71ebb27d6dbfb387c70df516f225f067e4dfea40157df365d3,validation_005,1,4,1020641448,9,,
5,1.0,B_rear,background_mainline,True,,33.410763451653374,15.547406498688567,,,,,,,,,,,,,,,,,,,,,,65030,0,b63d9a6a59c92b71ebb27d6dbfb387c70df516f225f067e4dfea40157df365d3,validation_005,1,4,1020641448,9,,
6,1.2000000000000002,A,ramp,True,False,57.44000000000002,22.400000000000034,1,accelerate,2.0,2.0000000000000284,57.59999999999993,16.0,1,0,accelerate-maintain,-0.07963471114635468,0.09817343205213547,-0.018018655478954315,1,0.09817343205213547,-0.018018655478954315,0.11619208753108978,0.17780814319849014,"[true, true, true]",False,False,False,65030,0,b63d9a6a59c92b71ebb27d6dbfb387c70df516f225f067e4dfea40157df365d3,validation_005,1,4,1020641448,9,,
6,1.2000000000000002,B,mainline,True,False,57.59999999999993,16.0,0,maintain,0.0,0.0,57.44000000000002,22.400000000000034,1,0,accelerate-maintain,-0.018625199794769287,-0.08409850299358368,-0.09831994026899338,0,-0.018625199794769287,-0.08409850299358368,0.06547330319881439,0.07969474047422409,"[true, true, true]",False,False,False,65030,0,b63d9a6a59c92b71ebb27d6dbfb387c70df516f225f067e4dfea40157df365d3,validation_005,1,4,1020641448,9,,
6,1.2000000000000002,B_front,background_mainline,True,,130.0,20.0,,,,,,,,,,,,,,,,,,,,,,65030,0,b63d9a6a59c92b71ebb27d6dbfb387c70df516f225f067e4dfea40157df365d3,validation_005,1,4,1020641448,9,,
6,1.2000000000000002,B_rear,background_mainline,True,,36.49650908699333,15.319697024324133,,,,,,,,,,,,,,,,,,,,,,65030,0,b63d9a6a59c92b71ebb27d6dbfb387c70df516f225f067e4dfea40157df365d3,validation_005,1,4,1020641448,9,,
7,1.4000000000000001,A,ramp,True,False,61.96000000000003,22.80000000000004,1,accelerate,2.0,2.0000000000000284,60.79999999999992,16.0,1,0,accelerate-maintain,-0.07929354906082153,0.09853450953960419,-0.018384285271167755,1,0.09853450953960419,-0.018384285271167755,0.11691879481077194,0.17782805860042572,"[true, true, true]",False,False,False,65030,0,b63d9a6a59c92b71ebb27d6dbfb387c70df516f225f067e4dfea40157df365d3,validation_005,1,4,1020641448,9,,
7,1.4000000000000001,B,mainline,True,False,60.79999999999992,16.0,0,maintain,0.0,0.0,61.96000000000003,22.80000000000004,1,0,accelerate-maintain,-0.019221879541873932,-0.08391445130109787,-0.09637527167797089,0,-0.019221879541873932,-0.08391445130109787,0.06469257175922394,0.07715339213609695,"[true, true, true]",False,False,False,65030,0,b63d9a6a59c92b71ebb27d6dbfb387c70df516f225f067e4dfea40157df365d3,validation_005,1,4,1020641448,9,,
7,1.4000000000000001,B_front,background_mainline,True,,134.0,20.0,,,,,,,,,,,,,,,,,,,,,,65030,0,b63d9a6a59c92b71ebb27d6dbfb387c70df516f225f067e4dfea40157df365d3,validation_005,1,4,1020641448,9,,
7,1.4000000000000001,B_rear,background_mainline,True,,39.54230198562867,15.14540608994518,,,,,,,,,,,,,,,,,,,,,,65030,0,b63d9a6a59c92b71ebb27d6dbfb387c70df516f225f067e4dfea40157df365d3,validation_005,1,4,1020641448,9,,
8,1.6,A,ramp,True,False,66.56000000000004,23.200000000000045,1,accelerate,2.0,2.0000000000000284,63.99999999999991,16.0,1,0,accelerate-maintain,-0.07905389368534088,0.09860258549451828,-0.018695995211601257,1,0.09860258549451828,-0.018695995211601257,0.11729858070611954,0.17765647917985916,"[true, true, true]",False,False,False,65030,0,b63d9a6a59c92b71ebb27d6dbfb387c70df516f225f067e4dfea40157df365d3,validation_005,1,4,1020641448,9,,
8,1.6,B,mainline,True,False,63.99999999999991,16.0,0,maintain,0.0,0.0,66.56000000000004,23.200000000000045,1,0,accelerate-maintain,-0.020202800631523132,-0.08422504365444183,-0.09282100200653076,0,-0.020202800631523132,-0.08422504365444183,0.0640222430229187,0.07261820137500763,"[true, true, true]",False,False,False,65030,0,b63d9a6a59c92b71ebb27d6dbfb387c70df516f225f067e4dfea40157df365d3,validation_005,1,4,1020641448,9,,
8,1.6,B_front,background_mainline,True,,138.0,20.0,,,,,,,,,,,,,,,,,,,,,,65030,0,b63d9a6a59c92b71ebb27d6dbfb387c70df516f225f067e4dfea40157df365d3,validation_005,1,4,1020641448,9,,
8,1.6,B_rear,background_mainline,True,,42.55742906219087,15.011339484868996,,,,,,,,,,,,,,,,,,,,,,65030,0,b63d9a6a59c92b71ebb27d6dbfb387c70df516f225f067e4dfea40157df365d3,validation_005,1,4,1020641448,9,,
9,1.8,A,ramp,True,False,71.24000000000007,23.60000000000005,1,accelerate,2.0,2.0000000000000284,67.1999999999999,16.0,1,0,accelerate-maintain,-0.07874568551778793,0.09864541888237,-0.018970534205436707,1,0.09864541888237,-0.018970534205436707,0.1176159530878067,0.17739110440015793,"[true, true, true]",False,False,False,65030,0,b63d9a6a59c92b71ebb27d6dbfb387c70df516f225f067e4dfea40157df365d3,validation_005,1,4,1020641448,9,,
9,1.8,B,mainline,True,False,67.1999999999999,16.0,0,maintain,0.0,0.0,71.24000000000007,23.60000000000005,1,0,accelerate-maintain,-0.02110806107521057,-0.08552391827106476,-0.09000037610530853,0,-0.02110806107521057,-0.08552391827106476,0.06441585719585419,0.06889231503009796,"[true, true, true]",False,False,False,65030,0,b63d9a6a59c92b71ebb27d6dbfb387c70df516f225f067e4dfea40157df365d3,validation_005,1,4,1020641448,9,,
9,1.8,B_front,background_mainline,True,,142.0,20.0,,,,,,,,,,,,,,,,,,,,,,65030,0,b63d9a6a59c92b71ebb27d6dbfb387c70df516f225f067e4dfea40157df365d3,validation_005,1,4,1020641448,9,,
9,1.8,B_rear,background_mainline,True,,45.54896375678824,14.908270389754659,,,,,,,,,,,,,,,,,,,,,,65030,0,b63d9a6a59c92b71ebb27d6dbfb387c70df516f225f067e4dfea40157df365d3,validation_005,1,4,1020641448,9,,
10,2.0,A,ramp,True,False,76.00000000000009,24.000000000000057,1,accelerate,2.0,2.0000000000000284,70.39999999999989,16.0,1,0,accelerate-maintain,-0.07809692621231079,0.09813300520181656,-0.018911808729171753,1,0.09813300520181656,-0.018911808729171753,0.11704481393098831,0.17622993141412735,"[true, true, true]",False,False,False,65030,0,b63d9a6a59c92b71ebb27d6dbfb387c70df516f225f067e4dfea40157df365d3,validation_005,1,4,1020641448,9,,
10,2.0,B,mainline,True,False,70.39999999999989,16.0,0,maintain,0.0,0.0,76.00000000000009,24.000000000000057,1,0,accelerate-maintain,-0.02194836735725403,-0.08689425140619278,-0.08730573952198029,0,-0.02194836735725403,-0.08689425140619278,0.06494588404893875,0.06535737216472626,"[true, true, true]",False,False,False,65030,0,b63d9a6a59c92b71ebb27d6dbfb387c70df516f225f067e4dfea40157df365d3,validation_005,1,4,1020641448,9,,
10,2.0,B_front,background_mainline,True,,146.0,20.0,,,,,,,,,,,,,,,,,,,,,,65030,0,b63d9a6a59c92b71ebb27d6dbfb387c70df516f225f067e4dfea40157df365d3,validation_005,1,4,1020641448,9,,
10,2.0,B_rear,background_mainline,True,,48.52240598957687,14.829524320238427,,,,,,,,,,,,,,,,,,,,,,65030,0,b63d9a6a59c92b71ebb27d6dbfb387c70df516f225f067e4dfea40157df365d3,validation_005,1,4,1020641448,9,,
11,2.2,A,ramp,True,False,80.84000000000009,24.400000000000063,1,accelerate,2.0,2.0000000000000284,73.59999999999988,16.0,1,0,accelerate-maintain,-0.07766614854335785,0.09760059416294098,-0.0189378559589386,1,0.09760059416294098,-0.0189378559589386,0.11653845012187958,0.17526674270629883,"[true, true, true]",False,False,False,65030,0,b63d9a6a59c92b71ebb27d6dbfb387c70df516f225f067e4dfea40157df365d3,validation_005,1,4,1020641448,9,,
11,2.2,B,mainline,True,False,73.59999999999988,16.0,0,maintain,0.0,0.0,80.84000000000009,24.400000000000063,1,0,accelerate-maintain,-0.022803835570812225,-0.0882854014635086,-0.08454938232898712,0,-0.022803835570812225,-0.08454938232898712,0.061745546758174896,0.06548156589269638,"[true, true, true]",False,False,False,65030,0,b63d9a6a59c92b71ebb27d6dbfb387c70df516f225f067e4dfea40157df365d3,validation_005,1,4,1020641448,9,,
11,2.2,B_front,background_mainline,True,,150.0,20.0,,,,,,,,,,,,,,,,,,,,,,65030,0,b63d9a6a59c92b71ebb27d6dbfb387c70df516f225f067e4dfea40157df365d3,validation_005,1,4,1020641448,9,,
11,2.2,B_rear,background_mainline,True,,51.482102116434845,14.77013860856792,,,,,,,,,,,,,,,,,,,,,,65030,0,b63d9a6a59c92b71ebb27d6dbfb387c70df516f225f067e4dfea40157df365d3,validation_005,1,4,1020641448,9,,
12,2.4000000000000004,A,ramp,True,False,85.76000000000009,24.800000000000068,1,accelerate,2.0,2.0000000000000284,76.79999999999987,16.0,1,0,accelerate-maintain,-0.07716387510299683,0.0967659205198288,-0.019397281110286713,1,0.0967659205198288,-0.019397281110286713,0.11616320163011551,0.17392979562282562,"[true, true, true]",False,False,False,65030,0,b63d9a6a59c92b71ebb27d6dbfb387c70df516f225f067e4dfea40157df365d3,validation_005,1,4,1020641448,9,,
12,2.4000000000000004,B,mainline,True,False,76.79999999999987,16.0,0,maintain,0.0,0.0,85.76000000000009,24.800000000000068,1,0,accelerate-maintain,-0.02362009882926941,-0.08971677720546722,-0.08161776512861252,0,-0.02362009882926941,-0.08161776512861252,0.05799766629934311,0.06609667837619781,"[true, true, true]",False,False,False,65030,0,b63d9a6a59c92b71ebb27d6dbfb387c70df516f225f067e4dfea40157df365d3,validation_005,1,4,1020641448,9,,
12,2.4000000000000004,B_front,background_mainline,True,,154.0,20.0,,,,,,,,,,,,,,,,,,,,,,65030,0,b63d9a6a59c92b71ebb27d6dbfb387c70df516f225f067e4dfea40157df365d3,validation_005,1,4,1020641448,9,,
12,2.4000000000000004,B_rear,background_mainline,True,,54.43153124120051,14.72633866941052,,,,,,,,,,,,,,,,,,,,,,65030,0,b63d9a6a59c92b71ebb27d6dbfb387c70df516f225f067e4dfea40157df365d3,validation_005,1,4,1020641448,9,,
13,2.6,A,ramp,True,False,90.7600000000001,25.200000000000074,1,accelerate,2.0,2.0000000000000284,79.99999999999986,16.0,1,0,accelerate-maintain,-0.07659389078617096,0.09577628970146179,-0.020067855715751648,1,0.09577628970146179,-0.020067855715751648,0.11584414541721344,0.17237018048763275,"[true, true, true]",False,False,False,65030,0,b63d9a6a59c92b71ebb27d6dbfb387c70df516f225f067e4dfea40157df365d3,validation_005,1,4,1020641448,9,,
13,2.6,B,mainline,True,False,79.99999999999986,16.0,0,maintain,0.0,0.0,90.7600000000001,25.200000000000074,1,0,accelerate-maintain,-0.024431750178337097,-0.0911620557308197,-0.07864972949028015,0,-0.024431750178337097,-0.07864972949028015,0.054217979311943054,0.0667303055524826,"[true, true, true]",False,False,False,65030,0,b63d9a6a59c92b71ebb27d6dbfb387c70df516f225f067e4dfea40157df365d3,validation_005,1,4,1020641448,9,,
13,2.6,B_front,background_mainline,True,,158.0,20.0,,,,,,,,,,,,,,,,,,,,,,65030,0,b63d9a6a59c92b71ebb27d6dbfb387c70df516f225f067e4dfea40157df365d3,validation_005,1,4,1020641448,9,,
13,2.6,B_rear,background_mainline,True,,57.37350668656598,14.695198500098094,,,,,,,,,,,,,,,,,,,,,,65030,0,b63d9a6a59c92b71ebb27d6dbfb387c70df516f225f067e4dfea40157df365d3,validation_005,1,4,1020641448,9,,
14,2.8000000000000003,A,ramp,True,False,95.84000000000012,25.60000000000008,1,accelerate,2.0,2.0000000000000284,83.19999999999985,16.0,1,0,accelerate-maintain,-0.07603345811367035,0.09480845928192139,-0.02056751400232315,1,0.09480845928192139,-0.02056751400232315,0.11537597328424454,0.17084191739559174,"[true, true, true]",False,False,False,65030,0,b63d9a6a59c92b71ebb27d6dbfb387c70df516f225f067e4dfea40157df365d3,validation_005,1,4,1020641448,9,,
14,2.8000000000000003,B,mainline,True,False,83.19999999999985,16.0,0,maintain,0.0,0.0,95.84000000000012,25.60000000000008,1,0,accelerate-maintain,-0.0252305269241333,-0.09261740744113922,-0.07565319538116455,0,-0.0252305269241333,-0.07565319538116455,0.05042266845703125,0.06738688051700592,"[true, true, true]",False,False,False,65030,0,b63d9a6a59c92b71ebb27d6dbfb387c70df516f225f067e4dfea40157df365d3,validation_005,1,4,1020641448,9,,
14,2.8000000000000003,B_front,background_mainline,True,,162.0,20.0,,,,,,,,,,,,,,,,,,,,,,65030,0,b63d9a6a59c92b71ebb27d6dbfb387c70df516f225f067e4dfea40157df365d3,validation_005,1,4,1020641448,9,,
14,2.8000000000000003,B_rear,background_mainline,True,,60.31032159540981,14.674413169185362,,,,,,,,,,,,,,,,,,,,,,65030,0,b63d9a6a59c92b71ebb27d6dbfb387c70df516f225f067e4dfea40157df365d3,validation_005,1,4,1020641448,9,,
15,3.0,A,ramp,True,False,101.00000000000013,26.000000000000085,1,accelerate,2.0,2.0000000000000284,86.39999999999984,16.0,1,0,accelerate-maintain,-0.07504013180732727,0.0937323346734047,-0.02029724419116974,1,0.0937323346734047,-0.02029724419116974,0.11402957886457443,0.16877246648073196,"[true, true, true]",False,False,False,65030,0,b63d9a6a59c92b71ebb27d6dbfb387c70df516f225f067e4dfea40157df365d3,validation_005,1,4,1020641448,9,11.574173914946073,
15,3.0,B,mainline,True,False,86.39999999999984,16.0,0,maintain,0.0,0.0,101.00000000000013,26.000000000000085,1,0,accelerate-maintain,-0.026014938950538635,-0.09408200532197952,-0.07263129204511642,0,-0.026014938950538635,-0.07263129204511642,0.04661635309457779,0.06806706637144089,"[true, true, true]",False,False,False,65030,0,b63d9a6a59c92b71ebb27d6dbfb387c70df516f225f067e4dfea40157df365d3,validation_005,1,4,1020641448,9,11.574173914946073,
15,3.0,B_front,background_mainline,True,,166.0,20.0,,,,,,,,,,,,,,,,,,,,,,65030,0,b63d9a6a59c92b71ebb27d6dbfb387c70df516f225f067e4dfea40157df365d3,validation_005,1,4,1020641448,9,,
15,3.0,B_rear,background_mainline,True,,63.24385658297747,14.662141962490464,,,,,,,,,,,,,,,,,,,,,,65030,0,b63d9a6a59c92b71ebb27d6dbfb387c70df516f225f067e4dfea40157df365d3,validation_005,1,4,1020641448,9,,
16,3.2,A,ramp,True,False,106.24000000000015,26.40000000000009,1,accelerate,2.0,2.0000000000000284,89.59999999999982,16.0,1,0,accelerate-maintain,-0.1130865290760994,0.11310974508523941,-0.042660102248191833,1,0.11310974508523941,-0.042660102248191833,0.15576984733343124,0.2261962741613388,"[true, true, true]",False,False,False,65030,0,b63d9a6a59c92b71ebb27d6dbfb387c70df516f225f067e4dfea40157df365d3,validation_005,1,4,1020641448,9,13.65375614496162,
16,3.2,B,mainline,True,False,89.59999999999982,16.0,0,maintain,0.0,0.0,106.24000000000015,26.40000000000009,1,0,accelerate-maintain,-0.018968835473060608,-0.06994317471981049,-0.08473189920186996,0,-0.018968835473060608,-0.06994317471981049,0.05097433924674988,0.06576306372880936,"[true, true, true]",False,False,False,65030,0,b63d9a6a59c92b71ebb27d6dbfb387c70df516f225f067e4dfea40157df365d3,validation_005,1,4,1020641448,9,13.65375614496162,
16,3.2,B_front,background_mainline,True,,170.0,20.0,,,,,,,,,,,,,,,,,,,,,,65030,0,b63d9a6a59c92b71ebb27d6dbfb387c70df516f225f067e4dfea40157df365d3,validation_005,1,4,1020641448,9,,
16,3.2,B_rear,background_mainline,True,,66.17566091720816,14.656897553351971,,,,,,,,,,,,,,,,,,,,,,65030,0,b63d9a6a59c92b71ebb27d6dbfb387c70df516f225f067e4dfea40157df365d3,validation_005,1,4,1020641448,9,,
17,3.4000000000000004,A,ramp,True,False,111.56000000000017,26.800000000000097,1,accelerate,2.0,2.0000000000000284,92.79999999999981,16.0,1,0,accelerate-maintain,-0.11061808466911316,0.11389865726232529,-0.04149316996335983,1,0.11389865726232529,-0.04149316996335983,0.15539182722568512,0.22451674193143845,"[true, true, true]",False,False,False,65030,0,b63d9a6a59c92b71ebb27d6dbfb387c70df516f225f067e4dfea40157df365d3,validation_005,1,4,1020641448,9,15.815467555817492,
17,3.4000000000000004,B,mainline,True,False,92.79999999999981,16.0,0,maintain,0.0,0.0,111.56000000000017,26.800000000000097,1,0,accelerate-maintain,-0.01938033103942871,-0.0718921571969986,-0.0831214040517807,0,-0.01938033103942871,-0.0718921571969986,0.052511826157569885,0.06374107301235199,"[true, true, true]",False,False,False,65030,0,b63d9a6a59c92b71ebb27d6dbfb387c70df516f225f067e4dfea40157df365d3,validation_005,1,4,1020641448,9,15.815467555817492,
17,3.4000000000000004,B_front,background_mainline,True,,174.0,20.0,,,,,,,,,,,,,,,,,,,,,,65030,0,b63d9a6a59c92b71ebb27d6dbfb387c70df516f225f067e4dfea40157df365d3,validation_005,1,4,1020641448,9,,
17,3.4000000000000004,B_rear,background_mainline,True,,69.10701480119897,14.657465990696096,,,,,,,,,,,,,,,,,,,,,,65030,0,b63d9a6a59c92b71ebb27d6dbfb387c70df516f225f067e4dfea40157df365d3,validation_005,1,4,1020641448,9,,
18,3.6,A,ramp,True,False,116.96000000000019,27.200000000000102,1,accelerate,2.0,2.0000000000000284,95.9999999999998,16.0,1,0,accelerate-maintain,-0.10811404883861542,0.1147034540772438,-0.040321335196495056,1,0.1147034540772438,-0.040321335196495056,0.15502478927373886,0.22281750291585922,"[true, true, true]",False,False,False,65030,0,b63d9a6a59c92b71ebb27d6dbfb387c70df516f225f067e4dfea40157df365d3,validation_005,1,4,1020641448,9,18.067845262101088,
18,3.6,B,mainline,True,False,95.9999999999998,16.0,0,maintain,0.0,0.0,116.96000000000019,27.200000000000102,1,0,accelerate-maintain,-0.020188458263874054,-0.07404714822769165,-0.08136601746082306,0,-0.020188458263874054,-0.07404714822769165,0.053858689963817596,0.061177559196949005,"[true, true, true]",False,False,False,65030,0,b63d9a6a59c92b71ebb27d6dbfb387c70df516f225f067e4dfea40157df365d3,validation_005,1,4,1020641448,9,18.067845262101088,
18,3.6,B_front,background_mainline,True,,178.0,20.0,,,,,,,,,,,,,,,,,,,,,,65030,0,b63d9a6a59c92b71ebb27d6dbfb387c70df516f225f067e4dfea40157df365d3,validation_005,1,4,1020641448,9,,
18,3.6,B_rear,background_mainline,True,,72.03897788770404,14.662847827311545,,,,,,,,,,,,,,,,,,,,,,65030,0,b63d9a6a59c92b71ebb27d6dbfb387c70df516f225f067e4dfea40157df365d3,validation_005,1,4,1020641448,9,,
19,3.8000000000000003,A,ramp,True,False,122.44000000000023,27.600000000000108,1,accelerate,2.0,2.0000000000000284,99.19999999999979,16.0,1,0,accelerate-maintain,-0.10559387505054474,0.11553781479597092,-0.03915567696094513,1,0.11553781479597092,-0.03915567696094513,0.15469349175691605,0.22113168984651566,"[true, true, true]",False,False,False,65030,0,b63d9a6a59c92b71ebb27d6dbfb387c70df516f225f067e4dfea40157df365d3,validation_005,1,4,1020641448,9,20.414046424607648,
19,3.8000000000000003,B,mainline,True,False,99.19999999999979,16.0,0,maintain,0.0,0.0,122.44000000000023,27.600000000000108,1,0,accelerate-maintain,-0.021360628306865692,-0.07611307501792908,-0.07933728396892548,0,-0.021360628306865692,-0.07611307501792908,0.054752446711063385,0.057976655662059784,"[true, true, true]",False,False,False,65030,0,b63d9a6a59c92b71ebb27d6dbfb387c70df516f225f067e4dfea40157df365d3,validation_005,1,4,1020641448,9,20.414046424607648,
19,3.8000000000000003,B_front,background_mainline,True,,182.0,20.0,,,,,,,,,,,,,,,,,,,,,,65030,0,b63d9a6a59c92b71ebb27d6dbfb387c70df516f225f067e4dfea40157df365d3,validation_005,1,4,1020641448,9,,
19,3.8000000000000003,B_rear,background_mainline,True,,74.97242758050754,14.672214062655758,,,,,,,,,,,,,,,,,,,,,,65030,0,b63d9a6a59c92b71ebb27d6dbfb387c70df516f225f067e4dfea40157df365d3,validation_005,1,4,1020641448,9,,
20,4.0,A,ramp,True,False,128.00000000000026,28.000000000000114,1,accelerate,2.0,2.0000000000000284,102.39999999999978,16.0,1,0,accelerate-maintain,-0.10307496786117554,0.11641260981559753,-0.03800492733716965,1,0.11641260981559753,-0.03800492733716965,0.15441753715276718,0.21948757767677307,"[true, true, true]",False,False,False,65030,0,b63d9a6a59c92b71ebb27d6dbfb387c70df516f225f067e4dfea40157df365d3,validation_005,1,4,1020641448,9,22.850323212667632,
20,4.0,B,mainline,True,False,102.39999999999978,16.0,0,maintain,0.0,0.0,128.00000000000026,28.000000000000114,1,0,accelerate-maintain,-0.02257135510444641,-0.07821370661258698,-0.07723906636238098,0,-0.02257135510444641,-0.07723906636238098,0.05466771125793457,0.055642351508140564,"[true, true, true]",False,False,False,65030,0,b63d9a6a59c92b71ebb27d6dbfb387c70df516f225f067e4dfea40157df365d3,validation_005,1,4,1020641448,9,22.850323212667632,
20,4.0,B_front,background_mainline,True,,186.0,20.0,,,,,,,,,,,,,,,,,,,,,,65030,0,b63d9a6a59c92b71ebb27d6dbfb387c70df516f225f067e4dfea40157df365d3,validation_005,1,4,1020641448,9,,
20,4.0,B_rear,background_mainline,True,,77.90808963648631,14.68487266671984,,,,,,,,,,,,,,,,,,,,,,65030,0,b63d9a6a59c92b71ebb27d6dbfb387c70df516f225f067e4dfea40157df365d3,validation_005,1,4,1020641448,9,,
21,4.2,A,ramp,True,False,133.64000000000027,28.40000000000012,1,accelerate,2.0,2.0000000000000284,105.59999999999977,16.0,1,0,accelerate-maintain,-0.10056707262992859,0.1173323318362236,-0.036872491240501404,1,0.1173323318362236,-0.036872491240501404,0.154204823076725,0.2178994044661522,"[true, true, true]",False,False,False,65030,0,b63d9a6a59c92b71ebb27d6dbfb387c70df516f225f067e4dfea40157df365d3,validation_005,1,4,1020641448,9,25.370068772129827,
21,4.2,B,mainline,True,False,105.59999999999977,16.0,0,maintain,0.0,0.0,133.64000000000027,28.40000000000012,1,0,accelerate-maintain,-0.023171402513980865,-0.07965832948684692,-0.07576541602611542,0,-0.023171402513980865,-0.07576541602611542,0.05259401351213455,0.05648692697286606,"[true, true, true]",False,False,False,65030,0,b63d9a6a59c92b71ebb27d6dbfb387c70df516f225f067e4dfea40157df365d3,validation_005,1,4,1020641448,9,25.370068772129827,
21,4.2,B_front,background_mainline,True,,190.0,20.0,,,,,,,,,,,,,,,,,,,,,,65030,0,b63d9a6a59c92b71ebb27d6dbfb387c70df516f225f067e4dfea40157df365d3,validation_005,1,4,1020641448,9,,
21,4.2,B_rear,background_mainline,True,,80.84656287852293,14.700242791499189,,,,,,,,,,,,,,,,,,,,,,65030,0,b63d9a6a59c92b71ebb27d6dbfb387c70df516f225f067e4dfea40157df365d3,validation_005,1,4,1020641448,9,,
22,4.4,A,ramp,True,False,139.3600000000003,28.800000000000125,1,accelerate,2.0,2.0000000000000284,108.79999999999976,16.0,1,0,accelerate-maintain,-0.09806297719478607,0.11829065531492233,-0.035753846168518066,1,0.11829065531492233,-0.035753846168518066,0.1540445014834404,0.2163536325097084,"[true, true, true]",False,False,False,65030,0,b63d9a6a59c92b71ebb27d6dbfb387c70df516f225f067e4dfea40157df365d3,validation_005,1,4,1020641448,9,27.97006876052447,
22,4.4,B,mainline,True,False,108.79999999999976,16.0,0,maintain,0.0,0.0,139.3600000000003,28.800000000000125,1,0,accelerate-maintain,-0.023708917200565338,-0.08103415369987488,-0.07433092594146729,0,-0.023708917200565338,-0.07433092594146729,0.05062200874090195,0.05732523649930954,"[true, true, true]",False,False,False,65030,0,b63d9a6a59c92b71ebb27d6dbfb387c70df516f225f067e4dfea40157df365d3,validation_005,1,4,1020641448,9,27.97006876052447,
22,4.4,B_front,background_mainline,True,,194.0,20.0,,,,,,,,,,,,,,,,,,,,,,65030,0,b63d9a6a59c92b71ebb27d6dbfb387c70df516f225f067e4dfea40157df365d3,validation_005,1,4,1020641448,9,,
22,4.4,B_rear,background_mainline,True,,83.78833934418984,14.717834654839969,,,,,,,,,,,,,,,,,,,,,,65030,0,b63d9a6a59c92b71ebb27d6dbfb387c70df516f225f067e4dfea40157df365d3,validation_005,1,4,1020641448,9,,
23,4.6000000000000005,A,ramp,True,False,145.16000000000034,29.20000000000013,1,accelerate,2.0,2.0000000000000284,111.99999999999974,16.0,1,0,accelerate-maintain,-0.0952516719698906,0.11937146633863449,-0.034547656774520874,1,0.11937146633863449,-0.034547656774520874,0.15391912311315536,0.21462313830852509,"[true, true, true]",False,False,False,65030,0,b63d9a6a59c92b71ebb27d6dbfb387c70df516f225f067e4dfea40157df365d3,validation_005,1,4,1020641448,9,30.650068760524505,
23,4.6000000000000005,B,mainline,True,False,111.99999999999974,16.0,0,maintain,0.0,0.0,145.16000000000034,29.20000000000013,1,0,accelerate-maintain,-0.024591967463493347,-0.08261571824550629,-0.07269825041294098,0,-0.024591967463493347,-0.07269825041294098,0.04810628294944763,0.05802375078201294,"[true, true, true]",False,False,False,65030,0,b63d9a6a59c92b71ebb27d6dbfb387c70df516f225f067e4dfea40157df365d3,validation_005,1,4,1020641448,9,30.650068760524505,
23,4.6000000000000005,B_front,background_mainline,True,,198.0,20.0,,,,,,,,,,,,,,,,,,,,,,65030,0,b63d9a6a59c92b71ebb27d6dbfb387c70df516f225f067e4dfea40157df365d3,validation_005,1,4,1020641448,9,,
23,4.6000000000000005,B_rear,background_mainline,True,,86.73382085442388,14.737233669004388,,,,,,,,,,,,,,,,,,,,,,65030,0,b63d9a6a59c92b71ebb27d6dbfb387c70df516f225f067e4dfea40157df365d3,validation_005,1,4,1020641448,9,,
24,4.800000000000001,A,ramp,True,False,151.04000000000036,29.600000000000136,1,accelerate,2.0,1.9999999999971863,115.19999999999973,16.0,1,0,accelerate-maintain,-0.0925968810915947,0.12069302052259445,-0.033273033797740936,1,0.12069302052259445,-0.033273033797740936,0.1539660543203354,0.21328990161418915,"[true, true, true]",False,False,False,65030,0,b63d9a6a59c92b71ebb27d6dbfb387c70df516f225f067e4dfea40157df365d3,validation_005,1,4,1020641448,9,33.41006876052455,
24,4.800000000000001,B,mainline,True,False,115.19999999999973,16.0,0,maintain,0.0,0.0,151.04000000000036,29.600000000000136,1,0,accelerate-maintain,-0.025486081838607788,-0.08423895388841629,-0.07102695107460022,0,-0.025486081838607788,-0.07102695107460022,0.04554086923599243,0.0587528720498085,"[true, true, true]",False,False,False,65030,0,b63d9a6a59c92b71ebb27d6dbfb387c70df516f225f067e4dfea40157df365d3,validation_005,1,4,1020641448,9,33.41006876052455,
24,4.800000000000001,B_front,background_mainline,True,,202.0,20.0,,,,,,,,,,,,,,,,,,,,,,65030,0,b63d9a6a59c92b71ebb27d6dbfb387c70df516f225f067e4dfea40157df365d3,validation_005,1,4,1020641448,9,,
24,4.800000000000001,B_rear,background_mainline,True,,89.68333274326632,14.758087786803967,,,,,,,,,,,,,,,,,,,,,,65030,0,b63d9a6a59c92b71ebb27d6dbfb387c70df516f225f067e4dfea40157df365d3,validation_005,1,4,1020641448,9,,
25,5.0,A,ramp,True,False,157.0000000000004,30.0,1,accelerate,2.0,0.0,118.39999999999972,16.0,1,0,accelerate-maintain,-0.09006386250257492,0.12212477624416351,-0.03229251503944397,1,0.12212477624416351,-0.03229251503944397,0.15441729128360748,0.21218863874673843,"[true, true, true]",False,False,False,65030,0,b63d9a6a59c92b71ebb27d6dbfb387c70df516f225f067e4dfea40157df365d3,validation_005,1,4,1020641448,9,36.210068760524564,
25,5.0,B,mainline,True,False,118.39999999999972,16.0,0,maintain,0.0,0.0,157.0000000000004,30.0,1,0,accelerate-maintain,-0.02650836855173111,-0.08381977677345276,-0.07006697356700897,0,-0.02650836855173111,-0.07006697356700897,0.04355860501527786,0.05731140822172165,"[true, true, true]",False,False,False,65030,0,b63d9a6a59c92b71ebb27d6dbfb387c70df516f225f067e4dfea40157df365d3,validation_005,1,4,1020641448,9,36.210068760524564,
25,5.0,B_front,background_mainline,True,,206.0,20.0,,,,,,,,,,,,,,,,,,,,,,65030,0,b63d9a6a59c92b71ebb27d6dbfb387c70df516f225f067e4dfea40157df365d3,validation_005,1,4,1020641448,9,,
25,5.0,B_rear,background_mainline,True,,92.63713531362761,14.780097315800283,,,,,,,,,,,,,,,,,,,,,,65030,0,b63d9a6a59c92b71ebb27d6dbfb387c70df516f225f067e4dfea40157df365d3,validation_005,1,4,1020641448,9,,
26,5.2,A,ramp,True,False,163.0000000000004,30.0,1,accelerate,2.0,0.0,121.59999999999971,16.0,1,0,accelerate-maintain,-0.08862775564193726,0.12273837625980377,-0.031211555004119873,1,0.12273837625980377,-0.031211555004119873,0.15394993126392365,0.21136613190174103,"[true, true, true]",False,False,False,65030,0,b63d9a6a59c92b71ebb27d6dbfb387c70df516f225f067e4dfea40157df365d3,validation_005,1,4,1020641448,9,39.010068760524575,
26,5.2,B,mainline,True,False,121.59999999999971,16.0,0,maintain,0.0,0.0,163.0000000000004,30.0,1,0,accelerate-maintain,-0.027384281158447266,-0.08416903018951416,-0.06903254985809326,0,-0.027384281158447266,-0.06903254985809326,0.041648268699645996,0.056784749031066895,"[true, true, true]",False,False,False,65030,0,b63d9a6a59c92b71ebb27d6dbfb387c70df516f225f067e4dfea40157df365d3,validation_005,1,4,1020641448,9,39.010068760524575,
26,5.2,B_front,background_mainline,True,,210.0,20.0,,,,,,,,,,,,,,,,,,,,,,65030,0,b63d9a6a59c92b71ebb27d6dbfb387c70df516f225f067e4dfea40157df365d3,validation_005,1,4,1020641448,9,,
26,5.2,B_rear,background_mainline,True,,95.59543345473061,14.803006646542665,,,,,,,,,,,,,,,,,,,,,,65030,0,b63d9a6a59c92b71ebb27d6dbfb387c70df516f225f067e4dfea40157df365d3,validation_005,1,4,1020641448,9,,
27,5.4,A,ramp,True,False,169.0000000000004,30.0,1,accelerate,2.0,0.0,124.7999999999997,16.0,1,0,accelerate-maintain,-0.08750967681407928,0.12385964393615723,-0.03004925698041916,1,0.12385964393615723,-0.03004925698041916,0.15390890091657639,0.2113693207502365,"[true, true, true]",False,False,False,65030,0,b63d9a6a59c92b71ebb27d6dbfb387c70df516f225f067e4dfea40157df365d3,validation_005,1,4,1020641448,9,41.81006876052459,
27,5.4,B,mainline,True,False,124.7999999999997,16.0,0,maintain,0.0,0.0,169.0000000000004,30.0,1,0,accelerate-maintain,-0.028436578810214996,-0.08493989706039429,-0.06829434633255005,0,-0.028436578810214996,-0.06829434633255005,0.03985776752233505,0.05650331825017929,"[true, true, true]",False,False,False,65030,0,b63d9a6a59c92b71ebb27d6dbfb387c70df516f225f067e4dfea40157df365d3,validation_005,1,4,1020641448,9,41.81006876052459,
27,5.4,B_front,background_mainline,True,,214.0,20.0,,,,,,,,,,,,,,,,,,,,,,65030,0,b63d9a6a59c92b71ebb27d6dbfb387c70df516f225f067e4dfea40157df365d3,validation_005,1,4,1020641448,9,,
27,5.4,B_rear,background_mainline,True,,98.55838476075411,14.826597480382203,,,,,,,,,,,,,,,,,,,,,,65030,0,b63d9a6a59c92b71ebb27d6dbfb387c70df516f225f067e4dfea40157df365d3,validation_005,1,4,1020641448,9,,
28,5.6000000000000005,A,ramp,True,False,175.0000000000004,30.0,1,accelerate,2.0,0.0,127.99999999999969,16.0,1,0,accelerate-maintain,-0.08626009523868561,0.12383642792701721,-0.0282142236828804,1,0.12383642792701721,-0.0282142236828804,0.1520506516098976,0.21009652316570282,"[true, true, true]",False,False,False,65030,0,b63d9a6a59c92b71ebb27d6dbfb387c70df516f225f067e4dfea40157df365d3,validation_005,1,4,1020641448,9,44.61006876052454,
28,5.6000000000000005,B,mainline,True,False,127.99999999999969,16.0,0,maintain,0.0,0.0,175.0000000000004,30.0,1,0,accelerate-maintain,-0.02961423248052597,-0.0860106348991394,-0.06776624917984009,0,-0.02961423248052597,-0.06776624917984009,0.03815201669931412,0.056396402418613434,"[true, true, true]",False,False,False,65030,0,b63d9a6a59c92b71ebb27d6dbfb387c70df516f225f067e4dfea40157df365d3,validation_005,1,4,1020641448,9,44.61006876052454,
28,5.6000000000000005,B_front,background_mainline,True,,218.0,20.0,,,,,,,,,,,,,,,,,,,,,,65030,0,b63d9a6a59c92b71ebb27d6dbfb387c70df516f225f067e4dfea40157df365d3,validation_005,1,4,1020641448,9,,
28,5.6000000000000005,B_rear,background_mainline,True,,101.52610641790288,14.850683243359098,,,,,,,,,,,,,,,,,,,,,,65030,0,b63d9a6a59c92b71ebb27d6dbfb387c70df516f225f067e4dfea40157df365d3,validation_005,1,4,1020641448,9,,
29,5.800000000000001,A,ramp,True,False,181.0000000000004,30.0,1,accelerate,2.0,0.0,131.19999999999973,16.0,1,0,accelerate-maintain,-0.08511359244585037,0.12360912561416626,-0.026294611394405365,1,0.12360912561416626,-0.026294611394405365,0.14990373700857162,0.20872271806001663,"[true, true, true]",False,False,False,65030,0,b63d9a6a59c92b71ebb27d6dbfb387c70df516f225f067e4dfea40157df365d3,validation_005,1,4,1020641448,9,47.410068760524496,
29,5.800000000000001,B,mainline,True,False,131.19999999999973,16.0,0,maintain,0.0,0.0,181.0000000000004,30.0,1,0,accelerate-maintain,-0.030878618359565735,-0.08724579215049744,-0.06726765632629395,0,-0.030878618359565735,-0.06726765632629395,0.03638903796672821,0.0563671737909317,"[true, true, true]",False,False,False,65030,0,b63d9a6a59c92b71ebb27d6dbfb387c70df516f225f067e4dfea40157df365d3,validation_005,1,4,1020641448,9,47.410068760524496,
29,5.800000000000001,B_front,background_mainline,True,,222.0,20.0,,,,,,,,,,,,,,,,,,,,,,65030,0,b63d9a6a59c92b71ebb27d6dbfb387c70df516f225f067e4dfea40157df365d3,validation_005,1,4,1020641448,9,,
29,5.800000000000001,B_rear,background_mainline,True,,104.49868107217276,14.875104446568573,,,,,,,,,,,,,,,,,,,,,,65030,0,b63d9a6a59c92b71ebb27d6dbfb387c70df516f225f067e4dfea40157df365d3,validation_005,1,4,1020641448,9,,
30,6.0,A,ramp,True,False,187.0000000000004,30.0,1,accelerate,2.0,0.0,134.39999999999978,16.0,1,0,accelerate-maintain,-0.08455164730548859,0.12239475548267365,-0.024089902639389038,1,0.12239475548267365,-0.024089902639389038,0.14648465812206268,0.20694640278816223,"[true, true, true]",False,False,False,65030,0,b63d9a6a59c92b71ebb27d6dbfb387c70df516f225f067e4dfea40157df365d3,validation_005,1,4,1020641448,9,50.21006876052445,
30,6.0,B,mainline,True,False,134.39999999999978,16.0,0,maintain,0.0,0.0,187.0000000000004,30.0,1,0,accelerate-maintain,-0.03249520808458328,-0.08897878229618073,-0.06690442562103271,0,-0.03249520808458328,-0.06690442562103271,0.03440921753644943,0.05648357421159744,"[true, true, true]",False,False,False,65030,0,b63d9a6a59c92b71ebb27d6dbfb387c70df516f225f067e4dfea40157df365d3,validation_005,1,4,1020641448,9,50.21006876052445,
30,6.0,B_front,background_mainline,True,,226.0,20.0,,,,,,,,,,,,,,,,,,,,,,65030,0,b63d9a6a59c92b71ebb27d6dbfb387c70df516f225f067e4dfea40157df365d3,validation_005,1,4,1020641448,9,,
30,6.0,B_rear,background_mainline,True,,107.4761618478841,14.89972480812078,,,,,,,,,,,,,,,,,,,,,,65030,0,b63d9a6a59c92b71ebb27d6dbfb387c70df516f225f067e4dfea40157df365d3,validation_005,1,4,1020641448,9,,
31,6.2,A,ramp,True,False,193.0000000000004,30.0,1,accelerate,2.0,0.0,137.59999999999982,16.0,1,0,accelerate-maintain,-0.08404093980789185,0.12104353308677673,-0.022130005061626434,1,0.12104353308677673,-0.022130005061626434,0.14317353814840317,0.20508447289466858,"[true, true, true]",False,False,False,65030,0,b63d9a6a59c92b71ebb27d6dbfb387c70df516f225f067e4dfea40157df365d3,validation_005,1,4,1020641448,9,53.010068760524405,
31,6.2,B,mainline,True,False,137.59999999999982,16.0,0,maintain,0.0,0.0,193.0000000000004,30.0,1,0,accelerate-maintain,-0.03459060192108154,-0.09033620357513428,-0.06752171367406845,0,-0.03459060192108154,-0.06752171367406845,0.03293111175298691,0.055745601654052734,"[true, true, true]",False,False,False,65030,0,b63d9a6a59c92b71ebb27d6dbfb387c70df516f225f067e4dfea40157df365d3,validation_005,1,4,1020641448,9,53.010068760524405,
31,6.2,B_front,background_mainline,True,,230.0,20.0,,,,,,,,,,,,,,,,,,,,,,65030,0,b63d9a6a59c92b71ebb27d6dbfb387c70df516f225f067e4dfea40157df365d3,validation_005,1,4,1020641448,9,,
31,6.2,B_rear,background_mainline,True,,110.45857665435368,14.924427992730175,,,,,,,,,,,,,,,,,,,,,,65030,0,b63d9a6a59c92b71ebb27d6dbfb387c70df516f225f067e4dfea40157df365d3,validation_005,1,4,1020641448,9,,
32,6.4,A,ramp,True,False,199.0000000000004,30.0,1,accelerate,2.0,0.0,140.79999999999987,16.0,1,0,accelerate-maintain,-0.08361401408910751,0.11976169794797897,-0.02021307498216629,1,0.11976169794797897,-0.02021307498216629,0.13997477293014526,0.2033757120370865,"[true, true, true]",False,False,False,65030,0,b63d9a6a59c92b71ebb27d6dbfb387c70df516f225f067e4dfea40157df365d3,validation_005,1,4,1020641448,9,55.81006876052436,
32,6.4,B,mainline,True,False,140.79999999999987,16.0,0,maintain,0.0,0.0,199.0000000000004,30.0,1,0,accelerate-maintain,-0.03690014034509659,-0.09128148853778839,-0.06844986975193024,0,-0.03690014034509659,-0.06844986975193024,0.03154972940683365,0.0543813481926918,"[true, true, true]",False,False,False,65030,0,b63d9a6a59c92b71ebb27d6dbfb387c70df516f225f067e4dfea40157df365d3,validation_005,1,4,1020641448,9,55.81006876052436,
32,6.4,B_front,background_mainline,True,,234.0,20.0,,,,,,,,,,,,,,,,,,,,,,65030,0,b63d9a6a59c92b71ebb27d6dbfb387c70df516f225f067e4dfea40157df365d3,validation_005,1,4,1020641448,9,,
32,6.4,B_rear,background_mainline,True,,113.44593189250566,14.949114855872248,,,,,,,,,,,,,,,,,,,,,,65030,0,b63d9a6a59c92b71ebb27d6dbfb387c70df516f225f067e4dfea40157df365d3,validation_005,1,4,1020641448,9,,
33,6.6000000000000005,A,ramp,True,False,205.0000000000004,30.0,1,accelerate,2.0,0.0,143.99999999999991,16.0,1,0,accelerate-maintain,-0.08429825305938721,0.11940398067235947,-0.018869169056415558,1,0.11940398067235947,-0.018869169056415558,0.13827314972877502,0.20370223373174667,"[true, true, true]",False,False,False,65030,0,b63d9a6a59c92b71ebb27d6dbfb387c70df516f225f067e4dfea40157df365d3,validation_005,1,4,1020641448,9,58.610068760524314,
33,6.6000000000000005,B,mainline,True,False,143.99999999999991,16.0,0,maintain,0.0,0.0,205.0000000000004,30.0,1,0,accelerate-maintain,-0.0392996221780777,-0.09170526266098022,-0.06963102519512177,0,-0.0392996221780777,-0.06963102519512177,0.030331403017044067,0.05240564048290253,"[true, true, true]",False,False,False,65030,0,b63d9a6a59c92b71ebb27d6dbfb387c70df516f225f067e4dfea40157df365d3,validation_005,1,4,1020641448,9,58.610068760524314,
33,6.6000000000000005,B_front,background_mainline,True,,238.0,20.0,,,,,,,,,,,,,,,,,,,,,,65030,0,b63d9a6a59c92b71ebb27d6dbfb387c70df516f225f067e4dfea40157df365d3,validation_005,1,4,1020641448,9,,
33,6.6000000000000005,B_rear,background_mainline,True,,116.43821565306325,14.973701102995264,,,,,,,,,,,,,,,,,,,,,,65030,0,b63d9a6a59c92b71ebb27d6dbfb387c70df516f225f067e4dfea40157df365d3,validation_005,1,4,1020641448,9,,
34,6.800000000000001,A,ramp,True,False,211.0000000000004,30.0,1,accelerate,2.0,0.0,147.19999999999996,16.0,1,0,accelerate-maintain,-0.0849718451499939,0.11907399445772171,-0.017329782247543335,1,0.11907399445772171,-0.017329782247543335,0.13640377670526505,0.2040458396077156,"[true, true, true]",False,False,False,65030,0,b63d9a6a59c92b71ebb27d6dbfb387c70df516f225f067e4dfea40157df365d3,validation_005,1,4,1020641448,9,61.41006876052427,
34,6.800000000000001,B,mainline,True,False,147.19999999999996,16.0,0,maintain,0.0,0.0,211.0000000000004,30.0,1,0,accelerate-maintain,-0.04163047671318054,-0.09184889495372772,-0.07105252146720886,0,-0.04163047671318054,-0.07105252146720886,0.02942204475402832,0.05021841824054718,"[true, true, true]",False,False,False,65030,0,b63d9a6a59c92b71ebb27d6dbfb387c70df516f225f067e4dfea40157df365d3,validation_005,1,4,1020641448,9,61.41006876052427,
34,6.800000000000001,B_front,background_mainline,True,,242.0,20.0,,,,,,,,,,,,,,,,,,,,,,65030,0,b63d9a6a59c92b71ebb27d6dbfb387c70df516f225f067e4dfea40157df365d3,validation_005,1,4,1020641448,9,,
34,6.800000000000001,B_rear,background_mainline,True,,119.43540048194315,14.998115292374626,,,,,,,,,,,,,,,,,,,,,,65030,0,b63d9a6a59c92b71ebb27d6dbfb387c70df516f225f067e4dfea40157df365d3,validation_005,1,4,1020641448,9,,
35,7.0,A,ramp,True,False,217.0000000000004,30.0,1,accelerate,2.0,0.0,150.4,16.0,1,0,accelerate-maintain,-0.08563020825386047,0.11878334730863571,-0.0155133455991745,1,0.11878334730863571,-0.0155133455991745,0.1342966929078102,0.20441355556249619,"[true, true, true]",False,False,False,65030,0,b63d9a6a59c92b71ebb27d6dbfb387c70df516f225f067e4dfea40157df365d3,validation_005,1,4,1020641448,9,64.21006876052422,
35,7.0,B,mainline,True,False,150.4,16.0,0,maintain,0.0,0.0,217.0000000000004,30.0,1,0,accelerate-maintain,-0.04389782249927521,-0.09173397719860077,-0.07269605994224548,0,-0.04389782249927521,-0.07269605994224548,0.028798237442970276,0.04783615469932556,"[true, true, true]",False,False,False,65030,0,b63d9a6a59c92b71ebb27d6dbfb387c70df516f225f067e4dfea40157df365d3,validation_005,1,4,1020641448,9,64.21006876052422,
35,7.0,B_front,background_mainline,True,,246.0,20.0,,,,,,,,,,,,,,,,,,,,,,65030,0,b63d9a6a59c92b71ebb27d6dbfb387c70df516f225f067e4dfea40157df365d3,validation_005,1,4,1020641448,9,,
35,7.0,B_rear,background_mainline,True,,122.43744577564956,15.022297124221161,,,,,,,,,,,,,,,,,,,,,,65030,0,b63d9a6a59c92b71ebb27d6dbfb387c70df516f225f067e4dfea40157df365d3,validation_005,1,4,1020641448,9,,
36,7.2,A,ramp,True,False,223.0000000000004,30.0,1,accelerate,2.0,0.0,153.60000000000005,16.0,1,0,accelerate-maintain,-0.08668360114097595,0.11876922845840454,-0.013720259070396423,1,0.11876922845840454,-0.013720259070396423,0.13248948752880096,0.2054528295993805,"[true, true, true]",False,False,False,65030,0,b63d9a6a59c92b71ebb27d6dbfb387c70df516f225f067e4dfea40157df365d3,validation_005,1,4,1020641448,9,67.01006876052418,
36,7.2,B,mainline,True,False,153.60000000000005,16.0,0,maintain,0.0,0.0,223.0000000000004,30.0,1,0,accelerate-maintain,-0.04616520553827286,-0.09162038564682007,-0.07433927804231644,0,-0.04616520553827286,-0.07433927804231644,0.02817407250404358,0.04545518010854721,"[true, true, true]",False,False,False,65030,0,b63d9a6a59c92b71ebb27d6dbfb387c70df516f225f067e4dfea40157df365d3,validation_005,1,4,1020641448,9,67.01006876052418,
36,7.2,B_front,background_mainline,True,,250.0,20.0,,,,,,,,,,,,,,,,,,,,,,65030,0,b63d9a6a59c92b71ebb27d6dbfb387c70df516f225f067e4dfea40157df365d3,validation_005,1,4,1020641448,9,,
36,7.2,B_rear,background_mainline,True,,125.44429985912409,15.04619596960372,,,,,,,,,,,,,,,,,,,,,,65030,0,b63d9a6a59c92b71ebb27d6dbfb387c70df516f225f067e4dfea40157df365d3,validation_005,1,4,1020641448,9,,
37,7.4,A,ramp,True,False,229.0000000000004,30.0,1,accelerate,2.0,0.0,156.8000000000001,16.0,1,0,accelerate-maintain,-0.08791132271289825,0.11887690424919128,-0.011937469244003296,1,0.11887690424919128,-0.011937469244003296,0.13081437349319458,0.20678822696208954,"[true, true, true]",False,False,False,65030,0,b63d9a6a59c92b71ebb27d6dbfb387c70df516f225f067e4dfea40157df365d3,validation_005,1,4,1020641448,9,69.81006876052413,
37,7.4,B,mainline,True,False,156.8000000000001,16.0,0,maintain,0.0,0.0,229.0000000000004,30.0,1,0,accelerate-maintain,-0.04849003255367279,-0.09168440848588943,-0.07595979422330856,0,-0.04849003255367279,-0.07595979422330856,0.027469761669635773,0.043194375932216644,"[true, true, true]",False,False,False,65030,0,b63d9a6a59c92b71ebb27d6dbfb387c70df516f225f067e4dfea40157df365d3,validation_005,1,4,1020641448,9,69.81006876052413,
37,7.4,B_front,background_mainline,True,,254.0,20.0,,,,,,,,,,,,,,,,,,,,,,65030,0,b63d9a6a59c92b71ebb27d6dbfb387c70df516f225f067e4dfea40157df365d3,validation_005,1,4,1020641448,9,,
37,7.4,B_rear,background_mainline,True,,128.45590179011162,15.069769601356915,,,,,,,,,,,,,,,,,,,,,,65030,0,b63d9a6a59c92b71ebb27d6dbfb387c70df516f225f067e4dfea40157df365d3,validation_005,1,4,1020641448,9,,
38,7.6000000000000005,A,ramp,True,False,235.0000000000004,30.0,1,accelerate,2.0,0.0,160.00000000000014,16.0,1,0,accelerate-maintain,-0.08913986384868622,0.11898469179868698,-0.01015482097864151,1,0.11898469179868698,-0.01015482097864151,0.1291395127773285,0.2081245556473732,"[true, true, true]",False,False,False,65030,0,b63d9a6a59c92b71ebb27d6dbfb387c70df516f225f067e4dfea40157df365d3,validation_005,1,4,1020641448,9,72.61006876052409,
38,7.6000000000000005,B,mainline,True,False,160.00000000000014,16.0,0,maintain,0.0,0.0,235.0000000000004,30.0,1,0,accelerate-maintain,-0.050665684044361115,-0.091832734644413,-0.07773379236459732,0,-0.050665684044361115,-0.07773379236459732,0.027068108320236206,0.04116705060005188,"[true, true, true]",False,False,False,65030,0,b63d9a6a59c92b71ebb27d6dbfb387c70df516f225f067e4dfea40157df365d3,validation_005,1,4,1020641448,9,72.61006876052409,
38,7.6000000000000005,B_front,background_mainline,True,,258.0,20.0,,,,,,,,,,,,,,,,,,,,,,65030,0,b63d9a6a59c92b71ebb27d6dbfb387c70df516f225f067e4dfea40157df365d3,validation_005,1,4,1020641448,9,,
38,7.6000000000000005,B_rear,background_mainline,True,,131.47218292724423,15.092983095963737,,,,,,,,,,,,,,,,,,,,,,65030,0,b63d9a6a59c92b71ebb27d6dbfb387c70df516f225f067e4dfea40157df365d3,validation_005,1,4,1020641448,9,,
39,7.800000000000001,A,ramp,True,False,241.0000000000004,30.0,1,accelerate,2.0,0.0,163.2000000000002,16.0,1,0,accelerate-maintain,-0.09035202860832214,0.11911927163600922,-0.008358776569366455,1,0.11911927163600922,-0.008358776569366455,0.12747804820537567,0.20947130024433136,"[true, true, true]",False,False,False,65030,0,b63d9a6a59c92b71ebb27d6dbfb387c70df516f225f067e4dfea40157df365d3,validation_005,1,4,1020641448,9,75.41006876052404,
39,7.800000000000001,B,mainline,True,False,163.2000000000002,16.0,0,maintain,0.0,0.0,241.0000000000004,30.0,1,0,accelerate-maintain,-0.05287626385688782,-0.09200937300920486,-0.07950443029403687,0,-0.05287626385688782,-0.07950443029403687,0.026628166437149048,0.03913310915231705,"[true, true, true]",False,False,False,65030,0,b63d9a6a59c92b71ebb27d6dbfb387c70df516f225f067e4dfea40157df365d3,validation_005,1,4,1020641448,9,75.41006876052404,
39,7.800000000000001,B_front,background_mainline,True,,260.0,0.0,,,,,,,,,,,,,,,,,,,,,,65030,0,b63d9a6a59c92b71ebb27d6dbfb387c70df516f225f067e4dfea40157df365d3,validation_005,1,4,1020641448,9,,
39,7.800000000000001,B_rear,background_mainline,True,,134.493068293404,15.115807880838776,,,,,,,,,,,,,,,,,,,,,,65030,0,b63d9a6a59c92b71ebb27d6dbfb387c70df516f225f067e4dfea40157df365d3,validation_005,1,4,1020641448,9,,
40,8.0,A,ramp,True,False,247.0000000000004,30.0,1,accelerate,2.0,0.0,166.40000000000023,16.0,1,0,accelerate-maintain,-0.08999887853860855,0.12971144914627075,0.01162169873714447,1,0.12971144914627075,0.01162169873714447,0.11808975040912628,0.2197103276848793,"[true, true, true]",False,False,False,65030,0,b63d9a6a59c92b71ebb27d6dbfb387c70df516f225f067e4dfea40157df365d3,validation_005,1,4,1020641448,9,78.210068760524,
40,8.0,B,mainline,True,False,166.40000000000023,16.0,0,maintain,0.0,0.0,247.0000000000004,30.0,1,0,accelerate-maintain,-0.05334804207086563,-0.08157947659492493,-0.0766255259513855,0,-0.05334804207086563,-0.0766255259513855,0.023277483880519867,0.028231434524059296,"[true, true, true]",False,False,False,65030,0,b63d9a6a59c92b71ebb27d6dbfb387c70df516f225f067e4dfea40157df365d3,validation_005,1,4,1020641448,9,78.210068760524,
40,8.0,B_front,background_mainline,True,,260.0,0.0,,,,,,,,,,,,,,,,,,,,,,65030,0,b63d9a6a59c92b71ebb27d6dbfb387c70df516f225f067e4dfea40157df365d3,validation_005,1,4,1020641448,9,,
40,8.0,B_rear,background_mainline,True,,137.5184777612636,15.138220905798965,,,,,,,,,,,,,,,,,,,,,,65030,0,b63d9a6a59c92b71ebb27d6dbfb387c70df516f225f067e4dfea40157df365d3,validation_005,1,4,1020641448,9,,
41,8.200000000000001,A,ramp,True,False,253.0000000000004,30.0,1,accelerate,2.0,0.0,169.60000000000028,16.0,1,0,accelerate-maintain,-0.08991288393735886,0.13015206158161163,0.013855032622814178,1,0.13015206158161163,0.013855032622814178,0.11629702895879745,0.2200649455189705,"[true, true, true]",False,False,False,65030,0,b63d9a6a59c92b71ebb27d6dbfb387c70df516f225f067e4dfea40157df365d3,validation_005,1,4,1020641448,9,81.01006876052392,
41,8.200000000000001,B,mainline,True,False,169.60000000000028,16.0,0,maintain,0.0,0.0,253.0000000000004,30.0,1,0,accelerate-maintain,-0.05410399287939072,-0.08334782719612122,-0.07794587314128876,0,-0.05410399287939072,-0.07794587314128876,0.02384188026189804,0.0292438343167305,"[true, true, true]",False,False,False,65030,0,b63d9a6a59c92b71ebb27d6dbfb387c70df516f225f067e4dfea40157df365d3,validation_005,1,4,1020641448,9,81.01006876052392,
41,8.200000000000001,B_front,background_mainline,True,,260.0,0.0,,,,,,,,,,,,,,,,,,,,,,65030,0,b63d9a6a59c92b71ebb27d6dbfb387c70df516f225f067e4dfea40157df365d3,validation_005,1,4,1020641448,9,,
41,8.200000000000001,B_rear,background_mainline,True,,140.54832708402242,15.160203921029645,,,,,,,,,,,,,,,,,,,,,,65030,0,b63d9a6a59c92b71ebb27d6dbfb387c70df516f225f067e4dfea40157df365d3,validation_005,1,4,1020641448,9,,
42,8.4,A,ramp,True,False,259.0000000000004,30.0,1,accelerate,2.0,0.0,172.80000000000032,16.0,1,0,accelerate-maintain,-0.08982740342617035,0.1305924654006958,0.016087975353002548,1,0.1305924654006958,0.016087975353002548,0.11450449004769325,0.22041986882686615,"[true, true, true]",False,False,False,65030,0,b63d9a6a59c92b71ebb27d6dbfb387c70df516f225f067e4dfea40157df365d3,validation_005,1,4,1020641448,9,,
42,8.4,B,mainline,True,False,172.80000000000032,16.0,0,maintain,0.0,0.0,259.0000000000004,30.0,1,0,accelerate-maintain,-0.05485324561595917,-0.0851203203201294,-0.0792505294084549,0,-0.05485324561595917,-0.0792505294084549,0.024397283792495728,0.030267074704170227,"[true, true, true]",False,False,False,65030,0,b63d9a6a59c92b71ebb27d6dbfb387c70df516f225f067e4dfea40157df365d3,validation_005,1,4,1020641448,9,,
42,8.4,B_front,background_mainline,True,,260.0,0.0,,,,,,,,,,,,,,,,,,,,,,65030,0,b63d9a6a59c92b71ebb27d6dbfb387c70df516f225f067e4dfea40157df365d3,validation_005,1,4,1020641448,9,,
42,8.4,B_rear,background_mainline,True,,143.5825287911146,15.18174284671272,,,,,,,,,,,,,,,,,,,,,,65030,0,b63d9a6a59c92b71ebb27d6dbfb387c70df516f225f067e4dfea40157df365d3,validation_005,1,4,1020641448,9,,
43,8.6,A,ramp,False,True,260.5000000000004,0.0,0,maintain,0.0,0.0,176.00000000000037,16.0,0,0,inactive-active,-0.0868270993232727,0.039143599569797516,-0.06361885368824005,1,0.039143599569797516,-0.06361885368824005,0.10276245325803757,0.12597069889307022,"[true, true, true]",False,False,False,65030,0,b63d9a6a59c92b71ebb27d6dbfb387c70df516f225f067e4dfea40157df365d3,validation_005,1,4,1020641448,9,,
43,8.6,B,mainline,True,False,176.00000000000037,16.0,0,maintain,0.0,0.0,260.5000000000004,0.0,0,0,inactive-active,-0.047859616577625275,-0.07102019339799881,-0.1294141411781311,0,-0.047859616577625275,-0.07102019339799881,0.023160576820373535,0.08155452460050583,"[true, true, true]",False,False,False,65030,0,b63d9a6a59c92b71ebb27d6dbfb387c70df516f225f067e4dfea40157df365d3,validation_005,1,4,1020641448,9,,
43,8.6,B_front,background_mainline,True,,260.0,0.0,,,,,,,,,,,,,,,,,,,,,,65030,0,b63d9a6a59c92b71ebb27d6dbfb387c70df516f225f067e4dfea40157df365d3,validation_005,1,4,1020641448,9,,
43,8.6,B_rear,background_mainline,True,,146.62099296593846,15.202827221818913,,,,,,,,,,,,,,,,,,,,,,65030,0,b63d9a6a59c92b71ebb27d6dbfb387c70df516f225f067e4dfea40157df365d3,validation_005,1,4,1020641448,9,,
44,8.8,A,ramp,False,True,260.5000000000004,0.0,0,maintain,0.0,0.0,179.20000000000041,16.0,0,0,inactive-active,-0.08668945729732513,0.04043485224246979,-0.06240125000476837,1,0.04043485224246979,-0.06240125000476837,0.10283610224723816,0.12712430953979492,"[true, true, true]",False,False,False,65030,0,b63d9a6a59c92b71ebb27d6dbfb387c70df516f225f067e4dfea40157df365d3,validation_005,1,4,1020641448,9,,
44,8.8,B,mainline,True,False,179.20000000000041,16.0,0,maintain,0.0,0.0,260.5000000000004,0.0,0,0,inactive-active,-0.049037665128707886,-0.07293712347745895,-0.1303405612707138,0,-0.049037665128707886,-0.07293712347745895,0.023899458348751068,0.08130289614200592,"[true, true, true]",False,False,False,65030,0,b63d9a6a59c92b71ebb27d6dbfb387c70df516f225f067e4dfea40157df365d3,validation_005,1,4,1020641448,9,,
44,8.8,B_front,background_mainline,True,,260.0,0.0,,,,,,,,,,,,,,,,,,,,,,65030,0,b63d9a6a59c92b71ebb27d6dbfb387c70df516f225f067e4dfea40157df365d3,validation_005,1,4,1020641448,9,,
44,8.8,B_rear,background_mainline,True,,149.66362792035437,15.223449721483936,,,,,,,,,,,,,,,,,,,,,,65030,0,b63d9a6a59c92b71ebb27d6dbfb387c70df516f225f067e4dfea40157df365d3,validation_005,1,4,1020641448,9,,
45,9.0,A,ramp,False,True,260.5000000000004,0.0,0,maintain,0.0,0.0,182.40000000000046,16.0,0,0,inactive-active,-0.08712028712034225,0.04138188809156418,-0.062108114361763,1,0.04138188809156418,-0.062108114361763,0.10349000245332718,0.12850217521190643,"[true, true, true]",False,False,False,65030,0,b63d9a6a59c92b71ebb27d6dbfb387c70df516f225f067e4dfea40157df365d3,validation_005,1,4,1020641448,9,,
45,9.0,B,mainline,True,False,182.40000000000046,16.0,0,maintain,0.0,0.0,260.5000000000004,0.0,0,0,inactive-active,-0.05002126842737198,-0.07529255747795105,-0.13149414956569672,0,-0.05002126842737198,-0.07529255747795105,0.02527128905057907,0.08147288113832474,"[true, true, true]",False,False,False,65030,0,b63d9a6a59c92b71ebb27d6dbfb387c70df516f225f067e4dfea40157df365d3,validation_005,1,4,1020641448,9,,
45,9.0,B_front,background_mainline,True,,260.0,0.0,,,,,,,,,,,,,,,,,,,,,,65030,0,b63d9a6a59c92b71ebb27d6dbfb387c70df516f225f067e4dfea40157df365d3,validation_005,1,4,1020641448,9,,
45,9.0,B_rear,background_mainline,True,,152.71034077874685,15.243605733971995,,,,,,,,,,,,,,,,,,,,,,65030,0,b63d9a6a59c92b71ebb27d6dbfb387c70df516f225f067e4dfea40157df365d3,validation_005,1,4,1020641448,9,,
46,9.200000000000001,A,ramp,False,True,260.5000000000004,0.0,0,maintain,0.0,0.0,185.6000000000005,16.0,0,0,inactive-active,-0.08774130046367645,0.04221424087882042,-0.06212310492992401,1,0.04221424087882042,-0.06212310492992401,0.10433734580874443,0.12995554134249687,"[true, true, true]",False,False,False,65030,0,b63d9a6a59c92b71ebb27d6dbfb387c70df516f225f067e4dfea40157df365d3,validation_005,1,4,1020641448,9,,
46,9.200000000000001,B,mainline,True,False,185.6000000000005,16.0,0,maintain,0.0,0.0,260.5000000000004,0.0,0,0,inactive-active,-0.050703682005405426,-0.07692959159612656,-0.13248367607593536,0,-0.050703682005405426,-0.07692959159612656,0.02622590959072113,0.08177999407052994,"[true, true, true]",False,False,False,65030,0,b63d9a6a59c92b71ebb27d6dbfb387c70df516f225f067e4dfea40157df365d3,validation_005,1,4,1020641448,9,,
46,9.200000000000001,B_front,background_mainline,True,,260.0,0.0,,,,,,,,,,,,,,,,,,,,,,65030,0,b63d9a6a59c92b71ebb27d6dbfb387c70df516f225f067e4dfea40157df365d3,validation_005,1,4,1020641448,9,,
46,9.200000000000001,B_rear,background_mainline,True,,155.7610379827802,15.263292989544492,,,,,,,,,,,,,,,,,,,,,,65030,0,b63d9a6a59c92b71ebb27d6dbfb387c70df516f225f067e4dfea40157df365d3,validation_005,1,4,1020641448,9,,
47,9.4,A,ramp,False,True,260.5000000000004,0.0,0,maintain,0.0,0.0,188.80000000000055,16.0,0,0,inactive-active,-0.08833326399326324,0.042982928454875946,-0.06203077733516693,1,0.042982928454875946,-0.06203077733516693,0.10501370579004288,0.1313161924481392,"[true, true, true]",False,False,False,65030,0,b63d9a6a59c92b71ebb27d6dbfb387c70df516f225f067e4dfea40157df365d3,validation_005,1,4,1020641448,9,,
47,9.4,B,mainline,True,False,188.80000000000055,16.0,0,maintain,0.0,0.0,260.5000000000004,0.0,0,0,inactive-active,-0.05119584500789642,-0.07842189818620682,-0.13315817713737488,0,-0.05119584500789642,-0.07842189818620682,0.027226053178310394,0.08196233212947845,"[true, true, true]",False,False,False,65030,0,b63d9a6a59c92b71ebb27d6dbfb387c70df516f225f067e4dfea40157df365d3,validation_005,1,4,1020641448,9,,
47,9.4,B_front,background_mainline,True,,260.0,0.0,,,,,,,,,,,,,,,,,,,,,,65030,0,b63d9a6a59c92b71ebb27d6dbfb387c70df516f225f067e4dfea40157df365d3,validation_005,1,4,1020641448,9,,
47,9.4,B_rear,background_mainline,True,,158.81562572655554,15.28251123464823,,,,,,,,,,,,,,,,,,,,,,65030,0,b63d9a6a59c92b71ebb27d6dbfb387c70df516f225f067e4dfea40157df365d3,validation_005,1,4,1020641448,9,,
48,9.600000000000001,A,ramp,False,True,260.5000000000004,0.0,0,maintain,0.0,0.0,192.0000000000006,16.0,0,0,inactive-active,-0.08866563439369202,0.043926287442445755,-0.06200963258743286,1,0.043926287442445755,-0.06200963258743286,0.10593592002987862,0.13259192183613777,"[true, true, true]",False,False,False,65030,0,b63d9a6a59c92b71ebb27d6dbfb387c70df516f225f067e4dfea40157df365d3,validation_005,1,4,1020641448,9,,
48,9.600000000000001,B,mainline,True,False,192.0000000000006,16.0,0,maintain,0.0,0.0,260.5000000000004,0.0,0,0,inactive-active,-0.0516354963183403,-0.07989762723445892,-0.13373437523841858,0,-0.0516354963183403,-0.07989762723445892,0.028262130916118622,0.08209887892007828,"[true, true, true]",False,False,False,65030,0,b63d9a6a59c92b71ebb27d6dbfb387c70df516f225f067e4dfea40157df365d3,validation_005,1,4,1020641448,9,,
48,9.600000000000001,B_front,background_mainline,True,,260.0,0.0,,,,,,,,,,,,,,,,,,,,,,65030,0,b63d9a6a59c92b71ebb27d6dbfb387c70df516f225f067e4dfea40157df365d3,validation_005,1,4,1020641448,9,,
48,9.600000000000001,B_rear,background_mainline,True,,161.87401033065248,15.301261945756476,,,,,,,,,,,,,,,,,,,,,,65030,0,b63d9a6a59c92b71ebb27d6dbfb387c70df516f225f067e4dfea40157df365d3,validation_005,1,4,1020641448,9,,
49,9.8,A,ramp,False,True,260.5000000000004,0.0,0,maintain,0.0,0.0,195.20000000000064,16.0,0,0,inactive-active,-0.08899915218353271,0.04486965015530586,-0.061988428235054016,1,0.04486965015530586,-0.061988428235054016,0.10685807839035988,0.13386880233883858,"[true, true, true]",False,False,False,65030,0,b63d9a6a59c92b71ebb27d6dbfb387c70df516f225f067e4dfea40157df365d3,validation_005,1,4,1020641448,9,,
49,9.8,B,mainline,True,False,195.20000000000064,16.0,0,maintain,0.0,0.0,260.5000000000004,0.0,0,0,inactive-active,-0.05210176110267639,-0.08145760744810104,-0.13429990410804749,0,-0.05210176110267639,-0.08145760744810104,0.029355846345424652,0.0821981430053711,"[true, true, true]",False,False,False,65030,0,b63d9a6a59c92b71ebb27d6dbfb387c70df516f225f067e4dfea40157df365d3,validation_005,1,4,1020641448,9,,
49,9.8,B_front,background_mainline,True,,260.0,0.0,,,,,,,,,,,,,,,,,,,,,,65030,0,b63d9a6a59c92b71ebb27d6dbfb387c70df516f225f067e4dfea40157df365d3,validation_005,1,4,1020641448,9,,
49,9.8,B_rear,background_mainline,True,,164.9360985624864,15.319548077970309,,,,,,,,,,,,,,,,,,,,,,65030,0,b63d9a6a59c92b71ebb27d6dbfb387c70df516f225f067e4dfea40157df365d3,validation_005,1,4,1020641448,9,,
50,10.0,A,ramp,False,True,260.5000000000004,0.0,0,maintain,0.0,0.0,198.4000000000007,16.0,0,0,inactive-active,-0.08933383226394653,0.04581303894519806,-0.06196717917919159,1,0.04581303894519806,-0.06196717917919159,0.10778021812438965,0.1351468712091446,"[true, true, true]",False,False,False,65030,0,b63d9a6a59c92b71ebb27d6dbfb387c70df516f225f067e4dfea40157df365d3,validation_005,1,4,1020641448,9,,
50,10.0,B,mainline,True,False,198.4000000000007,16.0,0,maintain,0.0,0.0,260.5000000000004,0.0,0,0,inactive-active,-0.05264998972415924,-0.08327130973339081,-0.1348332017660141,0,-0.05264998972415924,-0.08327130973339081,0.030621320009231567,0.08218321204185486,"[true, true, true]",False,False,False,65030,0,b63d9a6a59c92b71ebb27d6dbfb387c70df516f225f067e4dfea40157df365d3,validation_005,1,4,1020641448,9,,
50,10.0,B_front,background_mainline,True,,260.0,0.0,,,,,,,,,,,,,,,,,,,,,,65030,0,b63d9a6a59c92b71ebb27d6dbfb387c70df516f225f067e4dfea40157df365d3,validation_005,1,4,1020641448,9,,
50,10.0,B_rear,background_mainline,True,,168.0017979094996,15.337373844142279,,,,,,,,,,,,,,,,,,,,,,65030,0,b63d9a6a59c92b71ebb27d6dbfb387c70df516f225f067e4dfea40157df365d3,validation_005,1,4,1020641448,9,,
51,10.200000000000001,A,ramp,False,True,260.5000000000004,0.0,0,maintain,0.0,0.0,201.60000000000073,16.0,0,0,inactive-active,-0.08987299352884293,0.046478983014822006,-0.062110260128974915,1,0.046478983014822006,-0.062110260128974915,0.10858924314379692,0.13635197654366493,"[true, true, true]",False,False,False,65030,0,b63d9a6a59c92b71ebb27d6dbfb387c70df516f225f067e4dfea40157df365d3,validation_005,1,4,1020641448,9,,
51,10.200000000000001,B,mainline,True,False,201.60000000000073,16.0,0,maintain,0.0,0.0,260.5000000000004,0.0,0,0,inactive-active,-0.053198084235191345,-0.08508716523647308,-0.13536635041236877,0,-0.053198084235191345,-0.08508716523647308,0.03188908100128174,0.08216826617717743,"[true, true, true]",False,False,False,65030,0,b63d9a6a59c92b71ebb27d6dbfb387c70df516f225f067e4dfea40157df365d3,validation_005,1,4,1020641448,9,,
51,10.200000000000001,B_front,background_mainline,True,,260.0,0.0,,,,,,,,,,,,,,,,,,,,,,65030,0,b63d9a6a59c92b71ebb27d6dbfb387c70df516f225f067e4dfea40157df365d3,validation_005,1,4,1020641448,9,,
51,10.200000000000001,B_rear,background_mainline,True,,171.07101681091515,15.35474452084075,,,,,,,,,,,,,,,,,,,,,,65030,0,b63d9a6a59c92b71ebb27d6dbfb387c70df516f225f067e4dfea40157df365d3,validation_005,1,4,1020641448,9,,
52,10.4,A,ramp,False,True,260.5000000000004,0.0,0,maintain,0.0,0.0,204.80000000000078,16.0,0,0,inactive-active,-0.09049209952354431,0.04703744500875473,-0.06231696903705597,1,0.04703744500875473,-0.06231696903705597,0.1093544140458107,0.13752954453229904,"[true, true, true]",False,False,False,65030,0,b63d9a6a59c92b71ebb27d6dbfb387c70df516f225f067e4dfea40157df365d3,validation_005,1,4,1020641448,9,,
52,10.4,B,mainline,True,False,204.80000000000078,16.0,0,maintain,0.0,0.0,260.5000000000004,0.0,0,0,inactive-active,-0.05374598503112793,-0.0869051069021225,-0.13589933514595032,0,-0.05374598503112793,-0.0869051069021225,0.03315912187099457,0.08215335011482239,"[true, true, true]",False,False,False,65030,0,b63d9a6a59c92b71ebb27d6dbfb387c70df516f225f067e4dfea40157df365d3,validation_005,1,4,1020641448,9,,
52,10.4,B_front,background_mainline,True,,260.0,0.0,,,,,,,,,,,,,,,,,,,,,,65030,0,b63d9a6a59c92b71ebb27d6dbfb387c70df516f225f067e4dfea40157df365d3,validation_005,1,4,1020641448,9,,
52,10.4,B_rear,background_mainline,True,,174.14366485309327,15.3716662779476,,,,,,,,,,,,,,,,,,,,,,65030,0,b63d9a6a59c92b71ebb27d6dbfb387c70df516f225f067e4dfea40157df365d3,validation_005,1,4,1020641448,9,,
53,10.600000000000001,A,ramp,False,True,260.5000000000004,0.0,0,maintain,0.0,0.0,208.00000000000082,16.0,0,0,inactive-active,-0.09110687673091888,0.04758874326944351,-0.06251652538776398,1,0.04758874326944351,-0.06251652538776398,0.11010526865720749,0.1386956200003624,"[true, true, true]",False,False,False,65030,0,b63d9a6a59c92b71ebb27d6dbfb387c70df516f225f067e4dfea40157df365d3,validation_005,1,4,1020641448,9,,
53,10.600000000000001,B,mainline,True,False,208.00000000000082,16.0,0,maintain,0.0,0.0,260.5000000000004,0.0,0,0,inactive-active,-0.05429374426603317,-0.08872504532337189,-0.13643217086791992,0,-0.05429374426603317,-0.08872504532337189,0.034431301057338715,0.08213842660188675,"[true, true, true]",False,False,False,65030,0,b63d9a6a59c92b71ebb27d6dbfb387c70df516f225f067e4dfea40157df365d3,validation_005,1,4,1020641448,9,,
53,10.600000000000001,B_front,background_mainline,True,,260.0,0.0,,,,,,,,,,,,,,,,,,,,,,65030,0,b63d9a6a59c92b71ebb27d6dbfb387c70df516f225f067e4dfea40157df365d3,validation_005,1,4,1020641448,9,,
53,10.600000000000001,B_rear,background_mainline,True,,177.21965293293178,15.388146029088315,,,,,,,,,,,,,,,,,,,,,,65030,0,b63d9a6a59c92b71ebb27d6dbfb387c70df516f225f067e4dfea40157df365d3,validation_005,1,4,1020641448,9,,
54,10.8,A,ramp,False,True,260.5000000000004,0.0,0,maintain,0.0,0.0,211.20000000000087,16.0,0,0,inactive-active,-0.09172104299068451,0.04813756048679352,-0.06271377205848694,1,0.04813756048679352,-0.06271377205848694,0.11085133254528046,0.13985860347747803,"[true, true, true]",False,False,False,65030,0,b63d9a6a59c92b71ebb27d6dbfb387c70df516f225f067e4dfea40157df365d3,validation_005,1,4,1020641448,9,,
54,10.8,B,mainline,True,False,211.20000000000087,16.0,0,maintain,0.0,0.0,260.5000000000004,0.0,0,0,inactive-active,-0.054841332137584686,-0.09054699540138245,-0.13696487247943878,0,-0.054841332137584686,-0.09054699540138245,0.03570566326379776,0.0821235403418541,"[true, true, true]",False,False,False,65030,0,b63d9a6a59c92b71ebb27d6dbfb387c70df516f225f067e4dfea40157df365d3,validation_005,1,4,1020641448,9,,
54,10.8,B_front,background_mainline,True,,260.0,0.0,,,,,,,,,,,,,,,,,,,,,,65030,0,b63d9a6a59c92b71ebb27d6dbfb387c70df516f225f067e4dfea40157df365d3,validation_005,1,4,1020641448,9,,
54,10.8,B_rear,background_mainline,True,,180.29889339322634,15.404191300442623,,,,,,,,,,,,,,,,,,,,,,65030,0,b63d9a6a59c92b71ebb27d6dbfb387c70df516f225f067e4dfea40157df365d3,validation_005,1,4,1020641448,9,,
55,11.0,A,ramp,False,True,260.5000000000004,0.0,0,maintain,0.0,0.0,214.40000000000092,16.0,0,0,inactive-active,-0.09231536835432053,0.048676151782274246,-0.06286831200122833,1,0.048676151782274246,-0.06286831200122833,0.11154446378350258,0.14099152013659477,"[true, true, true]",False,False,False,65030,0,b63d9a6a59c92b71ebb27d6dbfb387c70df516f225f067e4dfea40157df365d3,validation_005,1,4,1020641448,9,,
55,11.0,B,mainline,True,False,214.40000000000092,16.0,0,maintain,0.0,0.0,260.5000000000004,0.0,0,0,inactive-active,-0.055476948618888855,-0.09232062846422195,-0.1373845636844635,0,-0.055476948618888855,-0.09232062846422195,0.0368436798453331,0.08190761506557465,"[true, true, true]",False,False,False,65030,0,b63d9a6a59c92b71ebb27d6dbfb387c70df516f225f067e4dfea40157df365d3,validation_005,1,4,1020641448,9,,
55,11.0,B_front,background_mainline,True,,260.0,0.0,,,,,,,,,,,,,,,,,,,,,,65030,0,b63d9a6a59c92b71ebb27d6dbfb387c70df516f225f067e4dfea40157df365d3,validation_005,1,4,1020641448,9,,
55,11.0,B_rear,background_mainline,True,,183.381300133447,15.419810115785,,,,,,,,,,,,,,,,,,,,,,65030,0,b63d9a6a59c92b71ebb27d6dbfb387c70df516f225f067e4dfea40157df365d3,validation_005,1,4,1020641448,9,,
56,11.200000000000001,A,ramp,False,True,260.5000000000004,0.0,0,maintain,0.0,0.0,217.60000000000096,16.0,0,0,inactive-active,-0.0928729847073555,0.049215711653232574,-0.06298287212848663,1,0.049215711653232574,-0.06298287212848663,0.11219858378171921,0.14208869636058807,"[true, true, true]",False,False,False,65030,0,b63d9a6a59c92b71ebb27d6dbfb387c70df516f225f067e4dfea40157df365d3,validation_005,1,4,1020641448,9,,
56,11.200000000000001,B,mainline,True,False,217.60000000000096,16.0,0,maintain,0.0,0.0,260.5000000000004,0.0,0,0,inactive-active,-0.05613250285387039,-0.09408476203680038,-0.13777844607830048,0,-0.05613250285387039,-0.09408476203680038,0.03795225918292999,0.08164594322443008,"[true, true, true]",False,False,False,65030,0,b63d9a6a59c92b71ebb27d6dbfb387c70df516f225f067e4dfea40157df365d3,validation_005,1,4,1020641448,9,,
56,11.200000000000001,B_front,background_mainline,True,,260.0,0.0,,,,,,,,,,,,,,,,,,,,,,65030,0,b63d9a6a59c92b71ebb27d6dbfb387c70df516f225f067e4dfea40157df365d3,validation_005,1,4,1020641448,9,,
56,11.200000000000001,B_rear,background_mainline,True,,186.46678869898503,15.435010895864904,,,,,,,,,,,,,,,,,,,,,,65030,0,b63d9a6a59c92b71ebb27d6dbfb387c70df516f225f067e4dfea40157df365d3,validation_005,1,4,1020641448,9,,
57,11.4,A,ramp,False,True,260.5000000000004,0.0,0,maintain,0.0,0.0,220.800000000001,16.0,0,0,inactive-active,-0.09337591379880905,0.04984237998723984,-0.06320275366306305,1,0.04984237998723984,-0.06320275366306305,0.11304513365030289,0.1432182937860489,"[true, true, true]",False,False,False,65030,0,b63d9a6a59c92b71ebb27d6dbfb387c70df516f225f067e4dfea40157df365d3,validation_005,1,4,1020641448,9,,
57,11.4,B,mainline,True,False,220.800000000001,16.0,0,maintain,0.0,0.0,260.5000000000004,0.0,0,0,inactive-active,-0.05678795278072357,-0.09585066884756088,-0.13817209005355835,0,-0.05678795278072357,-0.09585066884756088,0.03906271606683731,0.08138413727283478,"[true, true, true]",False,False,False,65030,0,b63d9a6a59c92b71ebb27d6dbfb387c70df516f225f067e4dfea40157df365d3,validation_005,1,4,1020641448,9,,
57,11.4,B_front,background_mainline,True,,260.0,0.0,,,,,,,,,,,,,,,,,,,,,,65030,0,b63d9a6a59c92b71ebb27d6dbfb387c70df516f225f067e4dfea40157df365d3,validation_005,1,4,1020641448,9,,
57,11.4,B_rear,background_mainline,True,,189.55527635156713,15.44980237046278,,,,,,,,,,,,,,,,,,,,,,65030,0,b63d9a6a59c92b71ebb27d6dbfb387c70df516f225f067e4dfea40157df365d3,validation_005,1,4,1020641448,9,,
58,11.600000000000001,A,ramp,False,True,260.5000000000004,0.0,0,maintain,0.0,0.0,224.00000000000105,16.0,0,0,inactive-active,-0.09387999027967453,0.05046886205673218,-0.06342266499996185,1,0.05046886205673218,-0.06342266499996185,0.11389152705669403,0.1443488523364067,"[true, true, true]",False,False,False,65030,0,b63d9a6a59c92b71ebb27d6dbfb387c70df516f225f067e4dfea40157df365d3,validation_005,1,4,1020641448,9,,
58,11.600000000000001,B,mainline,True,False,224.00000000000105,16.0,0,maintain,0.0,0.0,260.5000000000004,0.0,0,0,inactive-active,-0.05742087960243225,-0.09749045968055725,-0.13860057294368744,0,-0.05742087960243225,-0.09749045968055725,0.040069580078125,0.08117969334125519,"[true, true, true]",False,False,False,65030,0,b63d9a6a59c92b71ebb27d6dbfb387c70df516f225f067e4dfea40157df365d3,validation_005,1,4,1020641448,9,,
58,11.600000000000001,B_front,background_mainline,True,,260.0,0.0,,,,,,,,,,,,,,,,,,,,,,65030,0,b63d9a6a59c92b71ebb27d6dbfb387c70df516f225f067e4dfea40157df365d3,validation_005,1,4,1020641448,9,,
58,11.600000000000001,B_rear,background_mainline,True,,192.6466821232238,15.464193501654686,,,,,,,,,,,,,,,,,,,,,,65030,0,b63d9a6a59c92b71ebb27d6dbfb387c70df516f225f067e4dfea40157df365d3,validation_005,1,4,1020641448,9,,
59,11.8,A,ramp,False,True,260.5000000000004,0.0,0,maintain,0.0,0.0,227.2000000000011,16.0,0,0,inactive-active,-0.09438073635101318,0.051108814775943756,-0.06362803280353546,1,0.051108814775943756,-0.06362803280353546,0.11473684757947922,0.14548955112695694,"[true, true, true]",False,False,False,65030,0,b63d9a6a59c92b71ebb27d6dbfb387c70df516f225f067e4dfea40157df365d3,validation_005,1,4,1020641448,9,,
59,11.8,B,mainline,True,False,227.2000000000011,16.0,0,maintain,0.0,0.0,260.5000000000004,0.0,0,0,inactive-active,-0.05799628794193268,-0.09880459308624268,-0.1391185224056244,0,-0.05799628794193268,-0.09880459308624268,0.04080830514431,0.08112223446369171,"[true, true, true]",False,False,False,65030,0,b63d9a6a59c92b71ebb27d6dbfb387c70df516f225f067e4dfea40157df365d3,validation_005,1,4,1020641448,9,,
59,11.8,B_front,background_mainline,True,,260.0,0.0,,,,,,,,,,,,,,,,,,,,,,65030,0,b63d9a6a59c92b71ebb27d6dbfb387c70df516f225f067e4dfea40157df365d3,validation_005,1,4,1020641448,9,,
59,11.8,B_rear,background_mainline,True,,195.7409268559205,15.478193416990187,,,,,,,,,,,,,,,,,,,,,,65030,0,b63d9a6a59c92b71ebb27d6dbfb387c70df516f225f067e4dfea40157df365d3,validation_005,1,4,1020641448,9,,
60,12.0,A,ramp,False,True,260.5000000000004,0.0,0,maintain,0.0,0.0,230.40000000000114,16.0,0,0,inactive-active,-0.0947762131690979,0.05207623913884163,-0.06348182260990143,1,0.05207623913884163,-0.06348182260990143,0.11555806174874306,0.14685245230793953,"[true, true, true]",False,False,False,65030,0,b63d9a6a59c92b71ebb27d6dbfb387c70df516f225f067e4dfea40157df365d3,validation_005,1,4,1020641448,9,,
60,12.0,B,mainline,True,False,230.40000000000114,16.0,0,maintain,0.0,0.0,260.5000000000004,0.0,0,0,inactive-active,-0.05857153236865997,-0.10011990368366241,-0.13963638246059418,0,-0.05857153236865997,-0.10011990368366241,0.04154837131500244,0.0810648500919342,"[true, true, true]",False,False,False,65030,0,b63d9a6a59c92b71ebb27d6dbfb387c70df516f225f067e4dfea40157df365d3,validation_005,1,4,1020641448,9,,
60,12.0,B_front,background_mainline,True,,260.0,0.0,,,,,,,,,,,,,,,,,,,,,,65030,0,b63d9a6a59c92b71ebb27d6dbfb387c70df516f225f067e4dfea40157df365d3,validation_005,1,4,1020641448,9,,
60,12.0,B_rear,background_mainline,True,,198.8379332287184,15.49181135143844,,,,,,,,,,,,,,,,,,,,,,65030,0,b63d9a6a59c92b71ebb27d6dbfb387c70df516f225f067e4dfea40157df365d3,validation_005,1,4,1020641448,9,,
61,12.200000000000001,A,ramp,False,True,260.5000000000004,0.0,0,maintain,0.0,0.0,233.6000000000012,16.0,0,0,inactive-active,-0.09501008689403534,0.05300073325634003,-0.0633949339389801,1,0.05300073325634003,-0.0633949339389801,0.11639566719532013,0.14801082015037537,"[true, true, true]",False,False,False,65030,0,b63d9a6a59c92b71ebb27d6dbfb387c70df516f225f067e4dfea40157df365d3,validation_005,1,4,1020641448,9,,
61,12.200000000000001,B,mainline,True,False,233.6000000000012,16.0,0,maintain,0.0,0.0,260.5000000000004,0.0,0,0,inactive-active,-0.059146612882614136,-0.10143635421991348,-0.140154168009758,0,-0.059146612882614136,-0.10143635421991348,0.04228974133729935,0.08100755512714386,"[true, true, true]",False,False,False,65030,0,b63d9a6a59c92b71ebb27d6dbfb387c70df516f225f067e4dfea40157df365d3,validation_005,1,4,1020641448,9,,
61,12.200000000000001,B_front,background_mainline,True,,260.0,0.0,,,,,,,,,,,,,,,,,,,,,,65030,0,b63d9a6a59c92b71ebb27d6dbfb387c70df516f225f067e4dfea40157df365d3,validation_005,1,4,1020641448,9,,
61,12.200000000000001,B_rear,background_mainline,True,,201.93762577411448,15.505056597089151,,,,,,,,,,,,,,,,,,,,,,65030,0,b63d9a6a59c92b71ebb27d6dbfb387c70df516f225f067e4dfea40157df365d3,validation_005,1,4,1020641448,9,,
62,12.4,A,ramp,False,True,260.5000000000004,0.0,0,maintain,0.0,0.0,236.80000000000123,16.0,0,0,inactive-active,-0.09506558626890182,0.05393742024898529,-0.06314133107662201,1,0.05393742024898529,-0.06314133107662201,0.1170787513256073,0.14900300651788712,"[true, true, true]",False,False,False,65030,0,b63d9a6a59c92b71ebb27d6dbfb387c70df516f225f067e4dfea40157df365d3,validation_005,1,4,1020641448,9,,
62,12.4,B,mainline,True,False,236.80000000000123,16.0,0,maintain,0.0,0.0,260.5000000000004,0.0,0,0,inactive-active,-0.06000058352947235,-0.10270044207572937,-0.14028742909431458,0,-0.06000058352947235,-0.10270044207572937,0.04269985854625702,0.08028684556484222,"[true, true, true]",False,False,False,65030,0,b63d9a6a59c92b71ebb27d6dbfb387c70df516f225f067e4dfea40157df365d3,validation_005,1,4,1020641448,9,,
62,12.4,B_front,background_mainline,True,,260.0,0.0,,,,,,,,,,,,,,,,,,,,,,65030,0,b63d9a6a59c92b71ebb27d6dbfb387c70df516f225f067e4dfea40157df365d3,validation_005,1,4,1020641448,9,,
62,12.4,B_rear,background_mainline,True,,205.03993088502074,15.517938459710882,,,,,,,,,,,,,,,,,,,,,,65030,0,b63d9a6a59c92b71ebb27d6dbfb387c70df516f225f067e4dfea40157df365d3,validation_005,1,4,1020641448,9,,
63,12.600000000000001,A,ramp,False,True,260.5000000000004,0.0,0,maintain,0.0,0.0,240.00000000000128,16.0,0,0,inactive-active,-0.09504158794879913,0.05494866147637367,-0.06267482042312622,1,0.05494866147637367,-0.06267482042312622,0.1176234818994999,0.1499902494251728,"[true, true, true]",False,False,False,65030,0,b63d9a6a59c92b71ebb27d6dbfb387c70df516f225f067e4dfea40157df365d3,validation_005,1,4,1020641448,9,,
63,12.600000000000001,B,mainline,True,False,240.00000000000128,16.0,0,maintain,0.0,0.0,260.5000000000004,0.0,0,0,inactive-active,-0.06085198372602463,-0.1039428561925888,-0.14038705825805664,0,-0.06085198372602463,-0.1039428561925888,0.04309087246656418,0.07953507453203201,"[true, true, true]",False,False,False,65030,0,b63d9a6a59c92b71ebb27d6dbfb387c70df516f225f067e4dfea40157df365d3,validation_005,1,4,1020641448,9,,
63,12.600000000000001,B_front,background_mainline,True,,260.0,0.0,,,,,,,,,,,,,,,,,,,,,,65030,0,b63d9a6a59c92b71ebb27d6dbfb387c70df516f225f067e4dfea40157df365d3,validation_005,1,4,1020641448,9,,
63,12.600000000000001,B_rear,background_mainline,True,,208.14477681367316,15.530466221371075,,,,,,,,,,,,,,,,,,,,,,65030,0,b63d9a6a59c92b71ebb27d6dbfb387c70df516f225f067e4dfea40157df365d3,validation_005,1,4,1020641448,9,,
64,12.8,A,ramp,False,True,260.5000000000004,0.0,0,maintain,0.0,0.0,243.20000000000132,16.0,0,0,inactive-active,-0.09525622427463531,0.05616253986954689,-0.06269796192646027,1,0.05616253986954689,-0.06269796192646027,0.11886050179600716,0.1514187641441822,"[true, true, true]",False,False,False,65030,0,b63d9a6a59c92b71ebb27d6dbfb387c70df516f225f067e4dfea40157df365d3,validation_005,1,4,1020641448,9,,
64,12.8,B,mainline,True,False,243.20000000000132,16.0,0,maintain,0.0,0.0,260.5000000000004,0.0,0,0,inactive-active,-0.061542809009552,-0.105122409760952,-0.14055699110031128,0,-0.061542809009552,-0.105122409760952,0.043579600751399994,0.07901418209075928,"[true, true, true]",False,False,False,65030,0,b63d9a6a59c92b71ebb27d6dbfb387c70df516f225f067e4dfea40157df365d3,validation_005,1,4,1020641448,9,,
64,12.8,B_front,background_mainline,True,,260.0,0.0,,,,,,,,,,,,,,,,,,,,,,65030,0,b63d9a6a59c92b71ebb27d6dbfb387c70df516f225f067e4dfea40157df365d3,validation_005,1,4,1020641448,9,,
64,12.8,B_rear,background_mainline,True,,211.25209366361037,15.542649108412071,,,,,,,,,,,,,,,,,,,,,,65030,0,b63d9a6a59c92b71ebb27d6dbfb387c70df516f225f067e4dfea40157df365d3,validation_005,1,4,1020641448,9,,
65,13.0,A,ramp,False,True,260.5000000000004,0.0,0,maintain,0.0,0.0,246.40000000000137,16.0,0,0,inactive-active,-0.09547924250364304,0.057382792234420776,-0.06273655593395233,1,0.057382792234420776,-0.06273655593395233,0.12011934816837311,0.1528620347380638,"[true, true, true]",False,False,False,65030,0,b63d9a6a59c92b71ebb27d6dbfb387c70df516f225f067e4dfea40157df365d3,validation_005,1,4,1020641448,9,,
65,13.0,B,mainline,True,False,246.40000000000137,16.0,0,maintain,0.0,0.0,260.5000000000004,0.0,0,0,inactive-active,-0.06223350763320923,-0.10630298405885696,-0.14072683453559875,0,-0.06223350763320923,-0.10630298405885696,0.044069476425647736,0.07849332690238953,"[true, true, true]",False,False,False,65030,0,b63d9a6a59c92b71ebb27d6dbfb387c70df516f225f067e4dfea40157df365d3,validation_005,1,4,1020641448,9,,
65,13.0,B_front,background_mainline,True,,260.0,0.0,,,,,,,,,,,,,,,,,,,,,,65030,0,b63d9a6a59c92b71ebb27d6dbfb387c70df516f225f067e4dfea40157df365d3,validation_005,1,4,1020641448,9,,
65,13.0,B_rear,background_mainline,True,,214.36181337572992,15.554496264156752,,,,,,,,,,,,,,,,,,,,,,65030,0,b63d9a6a59c92b71ebb27d6dbfb387c70df516f225f067e4dfea40157df365d3,validation_005,1,4,1020641448,9,,
66,13.200000000000001,A,ramp,False,True,260.5000000000004,0.0,0,maintain,0.0,0.0,249.60000000000142,16.0,0,0,inactive-active,-0.09570304304361343,0.05860292166471481,-0.06277494132518768,1,0.05860292166471481,-0.06277494132518768,0.1213778629899025,0.15430596470832825,"[true, true, true]",False,False,False,65030,0,b63d9a6a59c92b71ebb27d6dbfb387c70df516f225f067e4dfea40157df365d3,validation_005,1,4,1020641448,9,,
66,13.200000000000001,B,mainline,True,False,249.60000000000142,16.0,0,maintain,0.0,0.0,260.5000000000004,0.0,0,0,inactive-active,-0.06292828917503357,-0.10750901699066162,-0.14088702201843262,0,-0.06292828917503357,-0.10750901699066162,0.04458072781562805,0.07795873284339905,"[true, true, true]",False,False,False,65030,0,b63d9a6a59c92b71ebb27d6dbfb387c70df516f225f067e4dfea40157df365d3,validation_005,1,4,1020641448,9,,
66,13.200000000000001,B_front,background_mainline,True,,260.0,0.0,,,,,,,,,,,,,,,,,,,,,,65030,0,b63d9a6a59c92b71ebb27d6dbfb387c70df516f225f067e4dfea40157df365d3,validation_005,1,4,1020641448,9,,
66,13.200000000000001,B_rear,background_mainline,True,,217.47386970931106,15.566016725787634,,,,,,,,,,,,,,,,,,,,,,65030,0,b63d9a6a59c92b71ebb27d6dbfb387c70df516f225f067e4dfea40157df365d3,validation_005,1,4,1020641448,9,,
67,13.4,A,ramp,False,True,260.5000000000004,0.0,0,maintain,0.0,0.0,252.80000000000146,16.0,0,0,inactive-active,-0.09592762589454651,0.05982298403978348,-0.0628131628036499,1,0.05982298403978348,-0.0628131628036499,0.12263614684343338,0.15575060993433,"[true, true, true]",False,False,False,65030,0,b63d9a6a59c92b71ebb27d6dbfb387c70df516f225f067e4dfea40157df365d3,validation_005,1,4,1020641448,9,,
67,13.4,B,mainline,True,False,252.80000000000146,16.0,0,maintain,0.0,0.0,260.5000000000004,0.0,0,0,inactive-active,-0.06367102265357971,-0.10899345576763153,-0.14093825221061707,0,-0.06367102265357971,-0.10899345576763153,0.04532243311405182,0.07726722955703735,"[true, true, true]",False,False,False,65030,0,b63d9a6a59c92b71ebb27d6dbfb387c70df516f225f067e4dfea40157df365d3,validation_005,1,4,1020641448,9,,
67,13.4,B_front,background_mainline,True,,260.0,0.0,,,,,,,,,,,,,,,,,,,,,,65030,0,b63d9a6a59c92b71ebb27d6dbfb387c70df516f225f067e4dfea40157df365d3,validation_005,1,4,1020641448,9,,
67,13.4,B_rear,background_mainline,True,,220.58819821878868,15.577219404905494,,,,,,,,,,,,,,,,,,,,,,65030,0,b63d9a6a59c92b71ebb27d6dbfb387c70df516f225f067e4dfea40157df365d3,validation_005,1,4,1020641448,9,,
68,13.600000000000001,A,ramp,False,True,260.5000000000004,0.0,0,maintain,0.0,0.0,256.0000000000015,16.0,0,0,inactive-active,-0.09613274782896042,0.061054475605487823,-0.06284254789352417,1,0.061054475605487823,-0.06284254789352417,0.123897023499012,0.15718722343444824,"[true, true, true]",False,False,False,65030,0,b63d9a6a59c92b71ebb27d6dbfb387c70df516f225f067e4dfea40157df365d3,validation_005,1,4,1020641448,9,,
68,13.600000000000001,B,mainline,True,False,256.0000000000015,16.0,0,maintain,0.0,0.0,260.5000000000004,0.0,0,0,inactive-active,-0.06441359966993332,-0.1104787290096283,-0.14098942279815674,0,-0.06441359966993332,-0.1104787290096283,0.04606512933969498,0.07657582312822342,"[true, true, true]",False,False,False,65030,0,b63d9a6a59c92b71ebb27d6dbfb387c70df516f225f067e4dfea40157df365d3,validation_005,1,4,1020641448,9,,
68,13.600000000000001,B_front,background_mainline,True,,260.0,0.0,,,,,,,,,,,,,,,,,,,,,,65030,0,b63d9a6a59c92b71ebb27d6dbfb387c70df516f225f067e4dfea40157df365d3,validation_005,1,4,1020641448,9,,
68,13.600000000000001,B_rear,background_mainline,True,,223.70473622696932,15.588113071328578,,,,,,,,,,,,,,,,,,,,,,65030,0,b63d9a6a59c92b71ebb27d6dbfb387c70df516f225f067e4dfea40157df365d3,validation_005,1,4,1020641448,9,,
69,13.8,A,ramp,False,True,260.5000000000004,0.0,0,maintain,0.0,0.0,259.2000000000015,16.0,0,0,inactive-active,-0.09635266661643982,0.06235369294881821,-0.06282146275043488,1,0.06235369294881821,-0.06282146275043488,0.12517515569925308,0.15870635956525803,"[true, true, true]",False,True,False,65030,0,b63d9a6a59c92b71ebb27d6dbfb387c70df516f225f067e4dfea40157df365d3,validation_005,1,4,1020641448,9,,
69,13.8,B,mainline,True,False,259.2000000000015,16.0,0,maintain,0.0,0.0,260.5000000000004,0.0,0,0,inactive-active,-0.06515605747699738,-0.11196493357419968,-0.14104054868221283,0,-0.06515605747699738,-0.11196493357419968,0.0468088760972023,0.07588449120521545,"[true, true, true]",False,True,False,65030,0,b63d9a6a59c92b71ebb27d6dbfb387c70df516f225f067e4dfea40157df365d3,validation_005,1,4,1020641448,9,,
69,13.8,B_front,background_mainline,True,,260.0,0.0,,,,,,,,,,,,,,,,,,,,,,65030,0,b63d9a6a59c92b71ebb27d6dbfb387c70df516f225f067e4dfea40157df365d3,validation_005,1,4,1020641448,9,,
69,13.8,B_rear,background_mainline,True,,226.8334283916639,15.731688243182012,,,,,,,,,,,,,,,,,,,,,,65030,0,b63d9a6a59c92b71ebb27d6dbfb387c70df516f225f067e4dfea40157df365d3,validation_005,1,4,1020641448,9,,
0,0.0,A,mainline,True,False,38.4,16.0,1,accelerate,0.0,2.0000000000000284,33.199999999999996,18.0,1,1,accelerate-accelerate,-0.04132726415991783,0.05759813264012337,-0.011577427387237549,1,0.05759813264012337,-0.011577427387237549,0.06917556002736092,0.0989253968000412,"[true, true, true]",False,False,False,65030,0,b63d9a6a59c92b71ebb27d6dbfb387c70df516f225f067e4dfea40157df365d3,validation_006,0,5,169573068,10,,
0,0.0,B,ramp,True,False,33.199999999999996,18.0,1,accelerate,0.0,2.0000000000000284,38.4,16.0,1,1,accelerate-accelerate,-0.0489547997713089,0.025051020085811615,-0.21189521253108978,1,0.025051020085811615,-0.0489547997713089,0.07400581985712051,0.2369462326169014,"[true, true, true]",False,False,False,65030,0,b63d9a6a59c92b71ebb27d6dbfb387c70df516f225f067e4dfea40157df365d3,validation_006,0,5,169573068,10,,
0,0.0,B_front,background_mainline,True,,106.0,20.0,,,,,,,,,,,,,,,,,,,,,,65030,0,b63d9a6a59c92b71ebb27d6dbfb387c70df516f225f067e4dfea40157df365d3,validation_006,0,5,169573068,10,,
0,0.0,B_rear,background_mainline,True,,17.879999999999995,18.799999999999997,,,,,,,,,,,,,,,,,,,,,,65030,0,b63d9a6a59c92b71ebb27d6dbfb387c70df516f225f067e4dfea40157df365d3,validation_006,0,5,169573068,10,,
1,0.2,A,mainline,True,False,41.64,16.400000000000006,1,accelerate,2.0,2.0000000000000284,36.839999999999996,18.400000000000006,1,1,accelerate-accelerate,-0.04061628133058548,0.05873379856348038,-0.012979194521903992,1,0.05873379856348038,-0.012979194521903992,0.07171299308538437,0.09935007989406586,"[true, true, true]",False,False,False,65030,0,b63d9a6a59c92b71ebb27d6dbfb387c70df516f225f067e4dfea40157df365d3,validation_006,0,5,169573068,10,,
1,0.2,B,ramp,True,False,36.839999999999996,18.400000000000006,1,accelerate,2.0,2.0000000000000284,41.64,16.400000000000006,1,1,accelerate-accelerate,-0.04923202842473984,0.027118228375911713,-0.2140670269727707,1,0.027118228375911713,-0.04923202842473984,0.07635025680065155,0.2411852553486824,"[true, true, true]",False,False,False,65030,0,b63d9a6a59c92b71ebb27d6dbfb387c70df516f225f067e4dfea40157df365d3,validation_006,0,5,169573068,10,,
1,0.2,B_front,background_mainline,True,,110.0,20.0,,,,,,,,,,,,,,,,,,,,,,65030,0,b63d9a6a59c92b71ebb27d6dbfb387c70df516f225f067e4dfea40157df365d3,validation_006,0,5,169573068,10,,
1,0.2,B_rear,background_mainline,True,,21.52244354043992,17.669704777095415,,,,,,,,,,,,,,,,,,,,,,65030,0,b63d9a6a59c92b71ebb27d6dbfb387c70df516f225f067e4dfea40157df365d3,validation_006,0,5,169573068,10,,
2,0.4,A,mainline,True,False,44.96,16.80000000000001,1,accelerate,2.0,2.0000000000000284,40.559999999999995,18.80000000000001,1,1,accelerate-accelerate,-0.03941608965396881,0.05997072160243988,-0.014594480395317078,1,0.05997072160243988,-0.014594480395317078,0.07456520199775696,0.09938681125640869,"[true, true, true]",False,False,False,65030,0,b63d9a6a59c92b71ebb27d6dbfb387c70df516f225f067e4dfea40157df365d3,validation_006,0,5,169573068,10,,
2,0.4,B,ramp,True,False,40.559999999999995,18.80000000000001,1,accelerate,2.0,2.0000000000000284,44.96,16.80000000000001,1,1,accelerate-accelerate,-0.04969409108161926,0.028560444712638855,-0.2162081003189087,1,0.028560444712638855,-0.04969409108161926,0.07825453579425812,0.24476854503154755,"[true, true, true]",False,False,False,65030,0,b63d9a6a59c92b71ebb27d6dbfb387c70df516f225f067e4dfea40157df365d3,validation_006,0,5,169573068,10,,
2,0.4,B_front,background_mainline,True,,114.0,20.0,,,,,,,,,,,,,,,,,,,,,,65030,0,b63d9a6a59c92b71ebb27d6dbfb387c70df516f225f067e4dfea40157df365d3,validation_006,0,5,169573068,10,,
2,0.4,B_rear,background_mainline,True,,24.9817013939688,16.98390291489613,,,,,,,,,,,,,,,,,,,,,,65030,0,b63d9a6a59c92b71ebb27d6dbfb387c70df516f225f067e4dfea40157df365d3,validation_006,0,5,169573068,10,,
3,0.6000000000000001,A,mainline,True,False,48.36000000000001,17.200000000000017,1,accelerate,2.0,2.0000000000000284,44.36,19.200000000000017,1,1,accelerate-accelerate,-0.03806139528751373,0.06098470091819763,-0.01598191261291504,1,0.06098470091819763,-0.01598191261291504,0.07696661353111267,0.09904609620571136,"[true, true, true]",False,False,False,65030,0,b63d9a6a59c92b71ebb27d6dbfb387c70df516f225f067e4dfea40157df365d3,validation_006,0,5,169573068,10,,
3,0.6000000000000001,B,ramp,True,False,44.36,19.200000000000017,1,accelerate,2.0,2.0000000000000284,48.36000000000001,17.200000000000017,1,1,accelerate-accelerate,-0.05026233196258545,0.0302906334400177,-0.2190309464931488,1,0.0302906334400177,-0.05026233196258545,0.08055296540260315,0.2493215799331665,"[true, true, true]",False,False,False,65030,0,b63d9a6a59c92b71ebb27d6dbfb387c70df516f225f067e4dfea40157df365d3,validation_006,0,5,169573068,10,,
3,0.6000000000000001,B_front,background_mainline,True,,118.0,20.0,,,,,,,,,,,,,,,,,,,,,,65030,0,b63d9a6a59c92b71ebb27d6dbfb387c70df516f225f067e4dfea40157df365d3,validation_006,0,5,169573068,10,,
3,0.6000000000000001,B_rear,background_mainline,True,,28.336046962193265,16.593760541743595,,,,,,,,,,,,,,,,,,,,,,65030,0,b63d9a6a59c92b71ebb27d6dbfb387c70df516f225f067e4dfea40157df365d3,validation_006,0,5,169573068,10,,
4,0.8,A,mainline,True,False,51.84000000000001,17.600000000000023,1,accelerate,2.0,2.0000000000000284,48.24,19.600000000000023,1,1,accelerate-accelerate,-0.036881256848573685,0.06211917847394943,-0.01738552749156952,1,0.06211917847394943,-0.01738552749156952,0.07950470596551895,0.09900043532252312,"[true, true, true]",False,False,False,65030,0,b63d9a6a59c92b71ebb27d6dbfb387c70df516f225f067e4dfea40157df365d3,validation_006,0,5,169573068,10,,
4,0.8,B,ramp,True,False,48.24,19.600000000000023,1,accelerate,2.0,2.0000000000000284,51.84000000000001,17.600000000000023,1,1,accelerate-accelerate,-0.050857968628406525,0.03193437308073044,-0.2219681739807129,1,0.03193437308073044,-0.050857968628406525,0.08279234170913696,0.25390254706144333,"[true, true, true]",False,False,False,65030,0,b63d9a6a59c92b71ebb27d6dbfb387c70df516f225f067e4dfea40157df365d3,validation_006,0,5,169573068,10,,
4,0.8,B_front,background_mainline,True,,122.0,20.0,,,,,,,,,,,,,,,,,,,,,,65030,0,b63d9a6a59c92b71ebb27d6dbfb387c70df516f225f067e4dfea40157df365d3,validation_006,0,5,169573068,10,,
4,0.8,B_rear,background_mainline,True,,31.63107637246718,16.37785549798686,,,,,,,,,,,,,,,,,,,,,,65030,0,b63d9a6a59c92b71ebb27d6dbfb387c70df516f225f067e4dfea40157df365d3,validation_006,0,5,169573068,10,,
5,1.0,A,mainline,True,False,55.40000000000001,18.00000000000003,1,accelerate,2.0,2.0000000000000284,52.20000000000001,20.00000000000003,1,1,accelerate-accelerate,-0.03595583140850067,0.06329366564750671,-0.019170530140399933,1,0.06329366564750671,-0.019170530140399933,0.08246419578790665,0.09924949705600739,"[true, true, true]",False,False,False,65030,0,b63d9a6a59c92b71ebb27d6dbfb387c70df516f225f067e4dfea40157df365d3,validation_006,0,5,169573068,10,,
5,1.0,B,ramp,True,False,52.20000000000001,20.00000000000003,1,accelerate,2.0,2.0000000000000284,55.40000000000001,18.00000000000003,1,1,accelerate-accelerate,-0.051284730434417725,0.032960839569568634,-0.22434775531291962,1,0.032960839569568634,-0.051284730434417725,0.08424557000398636,0.25730859488248825,"[true, true, true]",False,False,False,65030,0,b63d9a6a59c92b71ebb27d6dbfb387c70df516f225f067e4dfea40157df365d3,validation_006,0,5,169573068,10,,
5,1.0,B_front,background_mainline,True,,126.0,20.0,,,,,,,,,,,,,,,,,,,,,,65030,0,b63d9a6a59c92b71ebb27d6dbfb387c70df516f225f067e4dfea40157df365d3,validation_006,0,5,169573068,10,,
5,1.0,B_rear,background_mainline,True,,34.89483863238944,16.27393685678799,,,,,,,,,,,,,,,,,,,,,,65030,0,b63d9a6a59c92b71ebb27d6dbfb387c70df516f225f067e4dfea40157df365d3,validation_006,0,5,169573068,10,,
6,1.2000000000000002,A,mainline,True,False,59.04000000000002,18.400000000000034,1,accelerate,2.0,2.0000000000000284,56.240000000000016,20.400000000000034,1,1,accelerate-accelerate,-0.03503810241818428,0.06446980684995651,-0.020928487181663513,1,0.06446980684995651,-0.020928487181663513,0.08539829403162003,0.09950790926814079,"[true, true, true]",False,False,False,65030,0,b63d9a6a59c92b71ebb27d6dbfb387c70df516f225f067e4dfea40157df365d3,validation_006,0,5,169573068,10,,
6,1.2000000000000002,B,ramp,True,False,56.240000000000016,20.400000000000034,1,accelerate,2.0,2.0000000000000284,59.04000000000002,18.400000000000034,1,1,accelerate-accelerate,-0.05173027515411377,0.03391464799642563,-0.2267087996006012,1,0.03391464799642563,-0.05173027515411377,0.0856449231505394,0.2606234475970268,"[true, true, true]",False,False,False,65030,0,b63d9a6a59c92b71ebb27d6dbfb387c70df516f225f067e4dfea40157df365d3,validation_006,0,5,169573068,10,,
6,1.2000000000000002,B_front,background_mainline,True,,130.0,20.0,,,,,,,,,,,,,,,,,,,,,,65030,0,b63d9a6a59c92b71ebb27d6dbfb387c70df516f225f067e4dfea40157df365d3,validation_006,0,5,169573068,10,,
6,1.2000000000000002,B_rear,background_mainline,True,,38.1458412766044,16.245887026076062,,,,,,,,,,,,,,,,,,,,,,65030,0,b63d9a6a59c92b71ebb27d6dbfb387c70df516f225f067e4dfea40157df365d3,validation_006,0,5,169573068,10,,
7,1.4000000000000001,A,mainline,True,False,62.760000000000026,18.80000000000004,1,accelerate,2.0,2.0000000000000284,60.36000000000002,20.80000000000004,1,1,accelerate-accelerate,-0.033902958035469055,0.06556752324104309,-0.022604770958423615,1,0.06556752324104309,-0.022604770958423615,0.0881722941994667,0.09947048127651215,"[true, true, true]",False,False,False,65030,0,b63d9a6a59c92b71ebb27d6dbfb387c70df516f225f067e4dfea40157df365d3,validation_006,0,5,169573068,10,,
7,1.4000000000000001,B,ramp,True,False,60.36000000000002,20.80000000000004,1,accelerate,2.0,2.0000000000000284,62.760000000000026,18.80000000000004,1,1,accelerate-accelerate,-0.05227894335985184,0.03438038378953934,-0.22798500955104828,1,0.03438038378953934,-0.05227894335985184,0.08665932714939117,0.2623653933405876,"[true, true, true]",False,False,False,65030,0,b63d9a6a59c92b71ebb27d6dbfb387c70df516f225f067e4dfea40157df365d3,validation_006,0,5,169573068,10,,
7,1.4000000000000001,B_front,background_mainline,True,,134.0,20.0,,,,,,,,,,,,,,,,,,,,,,65030,0,b63d9a6a59c92b71ebb27d6dbfb387c70df516f225f067e4dfea40157df365d3,validation_006,0,5,169573068,10,,
7,1.4000000000000001,B_rear,background_mainline,True,,41.396826770072224,16.270899589228403,,,,,,,,,,,,,,,,,,,,,,65030,0,b63d9a6a59c92b71ebb27d6dbfb387c70df516f225f067e4dfea40157df365d3,validation_006,0,5,169573068,10,,
8,1.6,A,mainline,True,False,66.56000000000003,19.200000000000045,1,accelerate,2.0,2.0000000000000284,64.56000000000003,21.200000000000045,1,1,accelerate-accelerate,-0.032673366367816925,0.06692159920930862,-0.023566588759422302,1,0.06692159920930862,-0.023566588759422302,0.09048818796873093,0.09959496557712555,"[true, true, true]",False,False,False,65030,0,b63d9a6a59c92b71ebb27d6dbfb387c70df516f225f067e4dfea40157df365d3,validation_006,0,5,169573068,10,,
8,1.6,B,ramp,True,False,64.56000000000003,21.200000000000045,1,accelerate,2.0,2.0000000000000284,66.56000000000003,19.200000000000045,1,1,accelerate-accelerate,-0.053414419293403625,0.03409989923238754,-0.22739504277706146,1,0.03409989923238754,-0.053414419293403625,0.08751431852579117,0.261494942009449,"[true, true, true]",False,False,False,65030,0,b63d9a6a59c92b71ebb27d6dbfb387c70df516f225f067e4dfea40157df365d3,validation_006,0,5,169573068,10,,
8,1.6,B_front,background_mainline,True,,138.0,20.0,,,,,,,,,,,,,,,,,,,,,,65030,0,b63d9a6a59c92b71ebb27d6dbfb387c70df516f225f067e4dfea40157df365d3,validation_006,0,5,169573068,10,,
8,1.6,B_rear,background_mainline,True,,44.656786625242404,16.33365013223749,,,,,,,,,,,,,,,,,,,,,,65030,0,b63d9a6a59c92b71ebb27d6dbfb387c70df516f225f067e4dfea40157df365d3,validation_006,0,5,169573068,10,,
9,1.8,A,mainline,True,False,70.44000000000004,19.60000000000005,1,accelerate,2.0,2.0000000000000284,68.84000000000003,21.60000000000005,1,1,accelerate-accelerate,-0.031401172280311584,0.06828692555427551,-0.02452661842107773,1,0.06828692555427551,-0.02452661842107773,0.09281354397535324,0.0996880978345871,"[true, true, true]",False,False,False,65030,0,b63d9a6a59c92b71ebb27d6dbfb387c70df516f225f067e4dfea40157df365d3,validation_006,0,5,169573068,10,,
9,1.8,B,ramp,True,False,68.84000000000003,21.60000000000005,1,accelerate,2.0,2.0000000000000284,70.44000000000004,19.60000000000005,1,1,accelerate-accelerate,-0.05446106195449829,0.03389352560043335,-0.22640639543533325,1,0.03389352560043335,-0.05446106195449829,0.08835458755493164,0.2602999210357666,"[true, true, true]",False,False,False,65030,0,b63d9a6a59c92b71ebb27d6dbfb387c70df516f225f067e4dfea40157df365d3,validation_006,0,5,169573068,10,,
9,1.8,B_front,background_mainline,True,,142.0,20.0,,,,,,,,,,,,,,,,,,,,,,65030,0,b63d9a6a59c92b71ebb27d6dbfb387c70df516f225f067e4dfea40157df365d3,validation_006,0,5,169573068,10,,
9,1.8,B_rear,background_mainline,True,,47.932132863328135,16.42333613030724,,,,,,,,,,,,,,,,,,,,,,65030,0,b63d9a6a59c92b71ebb27d6dbfb387c70df516f225f067e4dfea40157df365d3,validation_006,0,5,169573068,10,,
10,2.0,A,mainline,True,False,74.40000000000005,20.000000000000057,1,accelerate,2.0,2.0000000000000284,73.20000000000003,22.000000000000057,1,1,accelerate-accelerate,-0.02997594326734543,0.06922636181116104,-0.025333844125270844,1,0.06922636181116104,-0.025333844125270844,0.09456020593643188,0.09920230507850647,"[true, true, true]",False,False,False,65030,0,b63d9a6a59c92b71ebb27d6dbfb387c70df516f225f067e4dfea40157df365d3,validation_006,0,5,169573068,10,,
10,2.0,B,ramp,True,False,73.20000000000003,22.000000000000057,1,accelerate,2.0,2.0000000000000284,74.40000000000005,20.000000000000057,1,1,accelerate-accelerate,-0.05581289529800415,0.033709652721881866,-0.22498679161071777,1,0.033709652721881866,-0.05581289529800415,0.08952254801988602,0.25869644433259964,"[true, true, true]",False,False,False,65030,0,b63d9a6a59c92b71ebb27d6dbfb387c70df516f225f067e4dfea40157df365d3,validation_006,0,5,169573068,10,,
10,2.0,B_front,background_mainline,True,,146.0,20.0,,,,,,,,,,,,,,,,,,,,,,65030,0,b63d9a6a59c92b71ebb27d6dbfb387c70df516f225f067e4dfea40157df365d3,validation_006,0,5,169573068,10,,
10,2.0,B_rear,background_mainline,True,,51.22742504354376,16.532045308922942,,,,,,,,,,,,,,,,,,,,,,65030,0,b63d9a6a59c92b71ebb27d6dbfb387c70df516f225f067e4dfea40157df365d3,validation_006,0,5,169573068,10,,
11,2.2,A,mainline,True,False,78.44000000000005,20.400000000000063,1,accelerate,2.0,2.0000000000000284,77.64000000000004,22.400000000000063,1,1,accelerate-accelerate,-0.02850649505853653,0.06956885010004044,-0.02590067684650421,1,0.06956885010004044,-0.02590067684650421,0.09546952694654465,0.09807534515857697,"[true, true, true]",False,False,False,65030,0,b63d9a6a59c92b71ebb27d6dbfb387c70df516f225f067e4dfea40157df365d3,validation_006,0,5,169573068,10,,
11,2.2,B,ramp,True,False,77.64000000000004,22.400000000000063,1,accelerate,2.0,2.0000000000000284,78.44000000000005,20.400000000000063,1,1,accelerate-accelerate,-0.05724170804023743,0.03351343423128128,-0.22344452142715454,1,0.03351343423128128,-0.05724170804023743,0.09075514227151871,0.2569579556584358,"[true, true, true]",False,False,False,65030,0,b63d9a6a59c92b71ebb27d6dbfb387c70df516f225f067e4dfea40157df365d3,validation_006,0,5,169573068,10,,
11,2.2,B_front,background_mainline,True,,150.0,20.0,,,,,,,,,,,,,,,,,,,,,,65030,0,b63d9a6a59c92b71ebb27d6dbfb387c70df516f225f067e4dfea40157df365d3,validation_006,0,5,169573068,10,,
11,2.2,B_rear,background_mainline,True,,54.54584501863739,16.653797889681243,,,,,,,,,,,,,,,,,,,,,,65030,0,b63d9a6a59c92b71ebb27d6dbfb387c70df516f225f067e4dfea40157df365d3,validation_006,0,5,169573068,10,,
12,2.4000000000000004,A,mainline,True,False,82.56000000000007,20.800000000000068,1,accelerate,2.0,2.0000000000000284,82.16000000000005,22.800000000000068,1,1,accelerate-accelerate,-0.027077864855527878,0.06972889602184296,-0.026224277913570404,1,0.06972889602184296,-0.026224277913570404,0.09595317393541336,0.09680676087737083,"[true, true, true]",False,False,False,65030,0,b63d9a6a59c92b71ebb27d6dbfb387c70df516f225f067e4dfea40157df365d3,validation_006,0,5,169573068,10,,
12,2.4000000000000004,B,ramp,True,False,82.16000000000005,22.800000000000068,1,accelerate,2.0,2.0000000000000284,82.56000000000007,20.800000000000068,1,1,accelerate-accelerate,-0.0586341992020607,0.03321535140275955,-0.2218811810016632,1,0.03321535140275955,-0.0586341992020607,0.09184955060482025,0.25509653240442276,"[true, true, true]",False,False,False,65030,0,b63d9a6a59c92b71ebb27d6dbfb387c70df516f225f067e4dfea40157df365d3,validation_006,0,5,169573068,10,,
12,2.4000000000000004,B_front,background_mainline,True,,154.0,20.0,,,,,,,,,,,,,,,,,,,,,,65030,0,b63d9a6a59c92b71ebb27d6dbfb387c70df516f225f067e4dfea40157df365d3,validation_006,0,5,169573068,10,,
12,2.4000000000000004,B_rear,background_mainline,True,,57.88952013902734,16.783956071887,,,,,,,,,,,,,,,,,,,,,,65030,0,b63d9a6a59c92b71ebb27d6dbfb387c70df516f225f067e4dfea40157df365d3,validation_006,0,5,169573068,10,,
13,2.6,A,mainline,True,False,86.76000000000009,21.200000000000074,1,accelerate,2.0,2.0000000000000284,86.76000000000006,23.200000000000074,1,1,accelerate-accelerate,-0.025823421776294708,0.07031261175870895,-0.026513293385505676,1,0.07031261175870895,-0.025823421776294708,0.09613603353500366,0.09682590514421463,"[true, true, true]",False,False,False,65030,0,b63d9a6a59c92b71ebb27d6dbfb387c70df516f225f067e4dfea40157df365d3,validation_006,0,5,169573068,10,,
13,2.6,B,ramp,True,False,86.76000000000006,23.200000000000074,1,accelerate,2.0,2.0000000000000284,86.76000000000009,21.200000000000074,1,1,accelerate-accelerate,-0.05996891111135483,0.03279203921556473,-0.22029627859592438,1,0.03279203921556473,-0.05996891111135483,0.09276095032691956,0.2530883178114891,"[true, true, true]",False,False,False,65030,0,b63d9a6a59c92b71ebb27d6dbfb387c70df516f225f067e4dfea40157df365d3,validation_006,0,5,169573068,10,,
13,2.6,B_front,background_mainline,True,,158.0,20.0,,,,,,,,,,,,,,,,,,,,,,65030,0,b63d9a6a59c92b71ebb27d6dbfb387c70df516f225f067e4dfea40157df365d3,validation_006,0,5,169573068,10,,
13,2.6,B_rear,background_mainline,True,,61.25975128177445,16.91884557461851,,,,,,,,,,,,,,,,,,,,,,65030,0,b63d9a6a59c92b71ebb27d6dbfb387c70df516f225f067e4dfea40157df365d3,validation_006,0,5,169573068,10,,
14,2.8000000000000003,A,mainline,True,False,91.0400000000001,21.60000000000008,1,accelerate,2.0,2.0000000000000284,91.44000000000008,23.60000000000008,1,1,accelerate-accelerate,-0.023970112204551697,0.07133258879184723,-0.027111120522022247,1,0.07133258879184723,-0.023970112204551697,0.09530270099639893,0.09844370931386948,"[true, true, true]",False,False,False,65030,0,b63d9a6a59c92b71ebb27d6dbfb387c70df516f225f067e4dfea40157df365d3,validation_006,0,5,169573068,10,,
14,2.8000000000000003,B,ramp,True,False,91.44000000000008,23.60000000000008,1,accelerate,2.0,2.0000000000000284,91.0400000000001,21.60000000000008,1,1,accelerate-accelerate,-0.06132893264293671,0.03232806921005249,-0.2186591923236847,1,0.03232806921005249,-0.06132893264293671,0.0936570018529892,0.2509872615337372,"[true, true, true]",False,False,False,65030,0,b63d9a6a59c92b71ebb27d6dbfb387c70df516f225f067e4dfea40157df365d3,validation_006,0,5,169573068,10,,
14,2.8000000000000003,B_front,background_mainline,True,,162.0,20.0,,,,,,,,,,,,,,,,,,,,,,65030,0,b63d9a6a59c92b71ebb27d6dbfb387c70df516f225f067e4dfea40157df365d3,validation_006,0,5,169573068,10,,
14,2.8000000000000003,B_rear,background_mainline,True,,64.65717898935686,17.055505612306277,,,,,,,,,,,,,,,,,,,,,,65030,0,b63d9a6a59c92b71ebb27d6dbfb387c70df516f225f067e4dfea40157df365d3,validation_006,0,5,169573068,10,,
15,3.0,A,mainline,True,False,95.40000000000013,22.000000000000085,1,accelerate,2.0,2.0000000000000284,96.2000000000001,24.000000000000085,1,1,accelerate-accelerate,-0.022059284150600433,0.0726461187005043,-0.027669794857501984,1,0.0726461187005043,-0.022059284150600433,0.09470540285110474,0.10031591355800629,"[true, true, true]",False,False,False,65030,0,b63d9a6a59c92b71ebb27d6dbfb387c70df516f225f067e4dfea40157df365d3,validation_006,0,5,169573068,10,,
15,3.0,B,ramp,True,False,96.2000000000001,24.000000000000085,1,accelerate,2.0,2.0000000000000284,95.40000000000013,22.000000000000085,1,1,accelerate-accelerate,-0.06291574239730835,0.03168497979640961,-0.21693071722984314,1,0.03168497979640961,-0.06291574239730835,0.09460072219371796,0.24861569702625275,"[true, true, true]",False,False,False,65030,0,b63d9a6a59c92b71ebb27d6dbfb387c70df516f225f067e4dfea40157df365d3,validation_006,0,5,169573068,10,,
15,3.0,B_front,background_mainline,True,,166.0,20.0,,,,,,,,,,,,,,,,,,,,,,65030,0,b63d9a6a59c92b71ebb27d6dbfb387c70df516f225f067e4dfea40157df365d3,validation_006,0,5,169573068,10,,
15,3.0,B_rear,background_mainline,True,,68.08190825478044,17.191519792081806,,,,,,,,,,,,,,,,,,,,,,65030,0,b63d9a6a59c92b71ebb27d6dbfb387c70df516f225f067e4dfea40157df365d3,validation_006,0,5,169573068,10,,
16,3.2,A,mainline,True,False,99.84000000000016,22.40000000000009,1,accelerate,2.0,2.0000000000000284,101.04000000000012,24.40000000000009,1,1,accelerate-accelerate,-0.02030009776353836,0.07460938394069672,-0.028015166521072388,1,0.07460938394069672,-0.02030009776353836,0.09490948170423508,0.1026245504617691,"[true, true, true]",False,False,False,65030,0,b63d9a6a59c92b71ebb27d6dbfb387c70df516f225f067e4dfea40157df365d3,validation_006,0,5,169573068,10,,
16,3.2,B,ramp,True,False,101.04000000000012,24.40000000000009,1,accelerate,2.0,2.0000000000000284,99.84000000000016,22.40000000000009,1,1,accelerate-accelerate,-0.0645519495010376,0.03099929541349411,-0.21511439979076385,1,0.03099929541349411,-0.0645519495010376,0.09555124491453171,0.24611369520425797,"[true, true, true]",False,False,False,65030,0,b63d9a6a59c92b71ebb27d6dbfb387c70df516f225f067e4dfea40157df365d3,validation_006,0,5,169573068,10,,
16,3.2,B_front,background_mainline,True,,170.0,20.0,,,,,,,,,,,,,,,,,,,,,,65030,0,b63d9a6a59c92b71ebb27d6dbfb387c70df516f225f067e4dfea40157df365d3,validation_006,0,5,169573068,10,,
16,3.2,B_rear,background_mainline,True,,71.53355720577372,17.32418899833565,,,,,,,,,,,,,,,,,,,,,,65030,0,b63d9a6a59c92b71ebb27d6dbfb387c70df516f225f067e4dfea40157df365d3,validation_006,0,5,169573068,10,,
17,3.4000000000000004,A,mainline,True,False,104.36000000000017,22.800000000000097,1,accelerate,2.0,2.0000000000000284,105.96000000000015,24.800000000000097,1,1,accelerate-accelerate,-0.018722951412200928,0.07659754902124405,-0.02816671133041382,1,0.07659754902124405,-0.018722951412200928,0.09532050043344498,0.10476426035165787,"[true, true, true]",True,True,False,65030,0,b63d9a6a59c92b71ebb27d6dbfb387c70df516f225f067e4dfea40157df365d3,validation_006,0,5,169573068,10,-3.1919356250257778,0.0
17,3.4000000000000004,B,ramp,True,False,105.96000000000015,24.800000000000097,1,accelerate,2.0,2.0000000000000284,104.36000000000017,22.800000000000097,1,1,accelerate-accelerate,-0.06633260846138,0.03037486970424652,-0.21318870782852173,1,0.03037486970424652,-0.06633260846138,0.09670747816562653,0.24356357753276825,"[true, true, true]",True,True,False,65030,0,b63d9a6a59c92b71ebb27d6dbfb387c70df516f225f067e4dfea40157df365d3,validation_006,0,5,169573068,10,-3.1919356250257778,0.0
17,3.4000000000000004,B_front,background_mainline,True,,173.0,20.0,,,,,,,,,,,,,,,,,,,,,,65030,0,b63d9a6a59c92b71ebb27d6dbfb387c70df516f225f067e4dfea40157df365d3,validation_006,0,5,169573068,10,,
17,3.4000000000000004,B_rear,background_mainline,True,,74.13943451436906,17.420430422694476,,,,,,,,,,,,,,,,,,,,,,65030,0,b63d9a6a59c92b71ebb27d6dbfb387c70df516f225f067e4dfea40157df365d3,validation_006,0,5,169573068,10,,
0,0.0,A,ramp,True,False,33.199999999999996,18.0,1,accelerate,0.0,2.0000000000000284,38.4,16.0,1,0,accelerate-maintain,-0.07808554172515869,0.09075258672237396,-0.019092202186584473,1,0.09075258672237396,-0.019092202186584473,0.10984478890895844,0.16883812844753265,"[true, true, true]",False,False,False,65030,0,b63d9a6a59c92b71ebb27d6dbfb387c70df516f225f067e4dfea40157df365d3,validation_006,1,5,169573068,11,,
0,0.0,B,mainline,True,False,38.4,16.0,0,maintain,0.0,0.0,33.199999999999996,18.0,1,0,accelerate-maintain,-0.018708720803260803,-0.08761866390705109,-0.10106858611106873,0,-0.018708720803260803,-0.08761866390705109,0.06890994310379028,0.08235986530780792,"[true, true, true]",False,False,False,65030,0,b63d9a6a59c92b71ebb27d6dbfb387c70df516f225f067e4dfea40157df365d3,validation_006,1,5,169573068,11,,
0,0.0,B_front,background_mainline,True,,106.0,20.0,,,,,,,,,,,,,,,,,,,,,,65030,0,b63d9a6a59c92b71ebb27d6dbfb387c70df516f225f067e4dfea40157df365d3,validation_006,1,5,169573068,11,,
0,0.0,B_rear,background_mainline,True,,17.879999999999995,18.799999999999997,,,,,,,,,,,,,,,,,,,,,,65030,0,b63d9a6a59c92b71ebb27d6dbfb387c70df516f225f067e4dfea40157df365d3,validation_006,1,5,169573068,11,,
1,0.2,A,ramp,True,False,36.839999999999996,18.400000000000006,1,accelerate,2.0,2.0000000000000284,41.59999999999999,16.0,1,0,accelerate-maintain,-0.0787096619606018,0.09140085428953171,-0.019147872924804688,1,0.09140085428953171,-0.019147872924804688,0.1105487272143364,0.17011051625013351,"[true, true, true]",False,False,False,65030,0,b63d9a6a59c92b71ebb27d6dbfb387c70df516f225f067e4dfea40157df365d3,validation_006,1,5,169573068,11,,
1,0.2,B,mainline,True,False,41.59999999999999,16.0,0,maintain,0.0,0.0,36.839999999999996,18.400000000000006,1,0,accelerate-maintain,-0.01783769577741623,-0.08735805749893188,-0.10142704844474792,0,-0.01783769577741623,-0.08735805749893188,0.06952036172151566,0.0835893526673317,"[true, true, true]",False,False,False,65030,0,b63d9a6a59c92b71ebb27d6dbfb387c70df516f225f067e4dfea40157df365d3,validation_006,1,5,169573068,11,,
1,0.2,B_front,background_mainline,True,,110.0,20.0,,,,,,,,,,,,,,,,,,,,,,65030,0,b63d9a6a59c92b71ebb27d6dbfb387c70df516f225f067e4dfea40157df365d3,validation_006,1,5,169573068,11,,
1,0.2,B_rear,background_mainline,True,,21.519999999999996,17.599999999999994,,,,,,,,,,,,,,,,,,,,,,65030,0,b63d9a6a59c92b71ebb27d6dbfb387c70df516f225f067e4dfea40157df365d3,validation_006,1,5,169573068,11,,
2,0.4,A,ramp,True,False,40.559999999999995,18.80000000000001,1,accelerate,2.0,2.0000000000000284,44.799999999999976,16.0,1,0,accelerate-maintain,-0.07931718975305557,0.09244658797979355,-0.019563540816307068,1,0.09244658797979355,-0.019563540816307068,0.11201012879610062,0.17176377773284912,"[true, true, true]",False,False,False,65030,0,b63d9a6a59c92b71ebb27d6dbfb387c70df516f225f067e4dfea40157df365d3,validation_006,1,5,169573068,11,,
2,0.4,B,mainline,True,False,44.799999999999976,16.0,0,maintain,0.0,0.0,40.559999999999995,18.80000000000001,1,0,accelerate-maintain,-0.017273016273975372,-0.08675751090049744,-0.10163958370685577,0,-0.017273016273975372,-0.08675751090049744,0.06948449462652206,0.0843665674328804,"[true, true, true]",False,False,False,65030,0,b63d9a6a59c92b71ebb27d6dbfb387c70df516f225f067e4dfea40157df365d3,validation_006,1,5,169573068,11,,
2,0.4,B_front,background_mainline,True,,114.0,20.0,,,,,,,,,,,,,,,,,,,,,,65030,0,b63d9a6a59c92b71ebb27d6dbfb387c70df516f225f067e4dfea40157df365d3,validation_006,1,5,169573068,11,,
2,0.4,B_rear,background_mainline,True,,24.94217641286115,16.686516521410333,,,,,,,,,,,,,,,,,,,,,,65030,0,b63d9a6a59c92b71ebb27d6dbfb387c70df516f225f067e4dfea40157df365d3,validation_006,1,5,169573068,11,,
3,0.6000000000000001,A,ramp,True,False,44.36,19.200000000000017,1,accelerate,2.0,2.0000000000000284,47.999999999999964,16.0,1,0,accelerate-maintain,-0.0796322226524353,0.09351474046707153,-0.019642390310764313,1,0.09351474046707153,-0.019642390310764313,0.11315713077783585,0.17314696311950684,"[true, true, true]",False,False,False,65030,0,b63d9a6a59c92b71ebb27d6dbfb387c70df516f225f067e4dfea40157df365d3,validation_006,1,5,169573068,11,,
3,0.6000000000000001,B,mainline,True,False,47.999999999999964,16.0,0,maintain,0.0,0.0,44.36,19.200000000000017,1,0,accelerate-maintain,-0.017086919397115707,-0.08637242019176483,-0.10159838199615479,0,-0.017086919397115707,-0.08637242019176483,0.06928550079464912,0.08451146259903908,"[true, true, true]",False,False,False,65030,0,b63d9a6a59c92b71ebb27d6dbfb387c70df516f225f067e4dfea40157df365d3,validation_006,1,5,169573068,11,,
3,0.6000000000000001,B_front,background_mainline,True,,118.0,20.0,,,,,,,,,,,,,,,,,,,,,,65030,0,b63d9a6a59c92b71ebb27d6dbfb387c70df516f225f067e4dfea40157df365d3,validation_006,1,5,169573068,11,,
3,0.6000000000000001,B_rear,background_mainline,True,,28.21562841445792,16.08352846628833,,,,,,,,,,,,,,,,,,,,,,65030,0,b63d9a6a59c92b71ebb27d6dbfb387c70df516f225f067e4dfea40157df365d3,validation_006,1,5,169573068,11,,
4,0.8,A,ramp,True,False,48.24,19.600000000000023,1,accelerate,2.0,2.0000000000000284,51.19999999999995,16.0,1,0,accelerate-maintain,-0.07967246323823929,0.09463214129209518,-0.019486956298351288,1,0.09463214129209518,-0.019486956298351288,0.11411909759044647,0.17430460453033447,"[true, true, true]",False,False,False,65030,0,b63d9a6a59c92b71ebb27d6dbfb387c70df516f225f067e4dfea40157df365d3,validation_006,1,5,169573068,11,,
4,0.8,B,mainline,True,False,51.19999999999995,16.0,0,maintain,0.0,0.0,48.24,19.600000000000023,1,0,accelerate-maintain,-0.01729847863316536,-0.08619092404842377,-0.10126128792762756,0,-0.01729847863316536,-0.08619092404842377,0.06889244541525841,0.0839628092944622,"[true, true, true]",False,False,False,65030,0,b63d9a6a59c92b71ebb27d6dbfb387c70df516f225f067e4dfea40157df365d3,validation_006,1,5,169573068,11,,
4,0.8,B_front,background_mainline,True,,122.0,20.0,,,,,,,,,,,,,,,,,,,,,,65030,0,b63d9a6a59c92b71ebb27d6dbfb387c70df516f225f067e4dfea40157df365d3,validation_006,1,5,169573068,11,,
4,0.8,B_rear,background_mainline,True,,31.387858188138374,15.660749407338313,,,,,,,,,,,,,,,,,,,,,,65030,0,b63d9a6a59c92b71ebb27d6dbfb387c70df516f225f067e4dfea40157df365d3,validation_006,1,5,169573068,11,,
5,1.0,A,ramp,True,False,52.20000000000001,20.00000000000003,1,accelerate,2.0,2.0000000000000284,54.39999999999994,16.0,1,0,accelerate-maintain,-0.07958056777715683,0.09581529349088669,-0.019311897456645966,1,0.09581529349088669,-0.019311897456645966,0.11512719094753265,0.17539586126804352,"[true, true, true]",False,False,False,65030,0,b63d9a6a59c92b71ebb27d6dbfb387c70df516f225f067e4dfea40157df365d3,validation_006,1,5,169573068,11,,
5,1.0,B,mainline,True,False,54.39999999999994,16.0,0,maintain,0.0,0.0,52.20000000000001,20.00000000000003,1,0,accelerate-maintain,-0.017691418528556824,-0.08597439527511597,-0.10077229142189026,0,-0.017691418528556824,-0.08597439527511597,0.06828297674655914,0.08308087289333344,"[true, true, true]",False,False,False,65030,0,b63d9a6a59c92b71ebb27d6dbfb387c70df516f225f067e4dfea40157df365d3,validation_006,1,5,169573068,11,,
5,1.0,B_front,background_mainline,True,,126.0,20.0,,,,,,,,,,,,,,,,,,,,,,65030,0,b63d9a6a59c92b71ebb27d6dbfb387c70df516f225f067e4dfea40157df365d3,validation_006,1,5,169573068,11,,
5,1.0,B_rear,background_mainline,True,,34.48782309875748,15.353579330192815,,,,,,,,,,,,,,,,,,,,,,65030,0,b63d9a6a59c92b71ebb27d6dbfb387c70df516f225f067e4dfea40157df365d3,validation_006,1,5,169573068,11,,
6,1.2000000000000002,A,ramp,True,False,56.240000000000016,20.400000000000034,1,accelerate,2.0,2.0000000000000284,57.59999999999993,16.0,1,0,accelerate-maintain,-0.07930846512317657,0.09652021527290344,-0.01945599913597107,1,0.09652021527290344,-0.01945599913597107,0.11597621440887451,0.17582868039608002,"[true, true, true]",False,False,False,65030,0,b63d9a6a59c92b71ebb27d6dbfb387c70df516f225f067e4dfea40157df365d3,validation_006,1,5,169573068,11,,
6,1.2000000000000002,B,mainline,True,False,57.59999999999993,16.0,0,maintain,0.0,0.0,56.240000000000016,20.400000000000034,1,0,accelerate-maintain,-0.01815822720527649,-0.08575595915317535,-0.10007147490978241,0,-0.01815822720527649,-0.08575595915317535,0.06759773194789886,0.08191324770450592,"[true, true, true]",False,False,False,65030,0,b63d9a6a59c92b71ebb27d6dbfb387c70df516f225f067e4dfea40157df365d3,validation_006,1,5,169573068,11,,
6,1.2000000000000002,B_front,background_mainline,True,,130.0,20.0,,,,,,,,,,,,,,,,,,,,,,65030,0,b63d9a6a59c92b71ebb27d6dbfb387c70df516f225f067e4dfea40157df365d3,validation_006,1,5,169573068,11,,
6,1.2000000000000002,B_rear,background_mainline,True,,37.53470614414331,15.125585128608417,,,,,,,,,,,,,,,,,,,,,,65030,0,b63d9a6a59c92b71ebb27d6dbfb387c70df516f225f067e4dfea40157df365d3,validation_006,1,5,169573068,11,,
7,1.4000000000000001,A,ramp,True,False,60.36000000000002,20.80000000000004,1,accelerate,2.0,2.0000000000000284,60.79999999999992,16.0,1,0,accelerate-maintain,-0.07894217222929001,0.09681161493062973,-0.019915848970413208,1,0.09681161493062973,-0.019915848970413208,0.11672746390104294,0.17575378715991974,"[true, true, true]",False,False,False,65030,0,b63d9a6a59c92b71ebb27d6dbfb387c70df516f225f067e4dfea40157df365d3,validation_006,1,5,169573068,11,,
7,1.4000000000000001,B,mainline,True,False,60.79999999999992,16.0,0,maintain,0.0,0.0,60.36000000000002,20.80000000000004,1,0,accelerate-maintain,-0.018681876361370087,-0.08563550561666489,-0.09883913397789001,0,-0.018681876361370087,-0.08563550561666489,0.0669536292552948,0.08015725761651993,"[true, true, true]",False,False,False,65030,0,b63d9a6a59c92b71ebb27d6dbfb387c70df516f225f067e4dfea40157df365d3,validation_006,1,5,169573068,11,,
7,1.4000000000000001,B_front,background_mainline,True,,134.0,20.0,,,,,,,,,,,,,,,,,,,,,,65030,0,b63d9a6a59c92b71ebb27d6dbfb387c70df516f225f067e4dfea40157df365d3,validation_006,1,5,169573068,11,,
7,1.4000000000000001,B_rear,background_mainline,True,,40.541944875874314,14.95436040254882,,,,,,,,,,,,,,,,,,,,,,65030,0,b63d9a6a59c92b71ebb27d6dbfb387c70df516f225f067e4dfea40157df365d3,validation_006,1,5,169573068,11,,
8,1.6,A,ramp,True,False,64.56000000000003,21.200000000000045,1,accelerate,2.0,2.0000000000000284,63.99999999999991,16.0,1,0,accelerate-maintain,-0.07870174944400787,0.09678316861391068,-0.020149946212768555,1,0.09678316861391068,-0.020149946212768555,0.11693311482667923,0.17548491805791855,"[true, true, true]",False,False,False,65030,0,b63d9a6a59c92b71ebb27d6dbfb387c70df516f225f067e4dfea40157df365d3,validation_006,1,5,169573068,11,,
8,1.6,B,mainline,True,False,63.99999999999991,16.0,0,maintain,0.0,0.0,64.56000000000003,21.200000000000045,1,0,accelerate-maintain,-0.019531771540641785,-0.08546595275402069,-0.09531930088996887,0,-0.019531771540641785,-0.08546595275402069,0.0659341812133789,0.07578752934932709,"[true, true, true]",False,False,False,65030,0,b63d9a6a59c92b71ebb27d6dbfb387c70df516f225f067e4dfea40157df365d3,validation_006,1,5,169573068,11,,
8,1.6,B_front,background_mainline,True,,138.0,20.0,,,,,,,,,,,,,,,,,,,,,,65030,0,b63d9a6a59c92b71ebb27d6dbfb387c70df516f225f067e4dfea40157df365d3,validation_006,1,5,169573068,11,,
8,1.6,B_rear,background_mainline,True,,43.51933555755461,14.825235468744333,,,,,,,,,,,,,,,,,,,,,,65030,0,b63d9a6a59c92b71ebb27d6dbfb387c70df516f225f067e4dfea40157df365d3,validation_006,1,5,169573068,11,,
9,1.8,A,ramp,True,False,68.84000000000003,21.60000000000005,1,accelerate,2.0,2.0000000000000284,67.1999999999999,16.0,1,0,accelerate-maintain,-0.07843105494976044,0.09679208695888519,-0.020384125411510468,1,0.09679208695888519,-0.020384125411510468,0.11717621237039566,0.17522314190864563,"[true, true, true]",False,False,False,65030,0,b63d9a6a59c92b71ebb27d6dbfb387c70df516f225f067e4dfea40157df365d3,validation_006,1,5,169573068,11,,
9,1.8,B,mainline,True,False,67.1999999999999,16.0,0,maintain,0.0,0.0,68.84000000000003,21.60000000000005,1,0,accelerate-maintain,-0.02009797841310501,-0.08548961579799652,-0.09240172058343887,0,-0.02009797841310501,-0.08548961579799652,0.06539163738489151,0.07230374217033386,"[true, true, true]",False,False,False,65030,0,b63d9a6a59c92b71ebb27d6dbfb387c70df516f225f067e4dfea40157df365d3,validation_006,1,5,169573068,11,,
9,1.8,B_front,background_mainline,True,,142.0,20.0,,,,,,,,,,,,,,,,,,,,,,65030,0,b63d9a6a59c92b71ebb27d6dbfb387c70df516f225f067e4dfea40157df365d3,validation_006,1,5,169573068,11,,
9,1.8,B_rear,background_mainline,True,,46.474235282017354,14.728139503250018,,,,,,,,,,,,,,,,,,,,,,65030,0,b63d9a6a59c92b71ebb27d6dbfb387c70df516f225f067e4dfea40157df365d3,validation_006,1,5,169573068,11,,
10,2.0,A,ramp,True,False,73.20000000000003,22.000000000000057,1,accelerate,2.0,2.0000000000000284,70.39999999999989,16.0,1,0,accelerate-maintain,-0.07813720405101776,0.0968342050909996,-0.02062208205461502,1,0.0968342050909996,-0.02062208205461502,0.11745628714561462,0.17497140914201736,"[true, true, true]",False,False,False,65030,0,b63d9a6a59c92b71ebb27d6dbfb387c70df516f225f067e4dfea40157df365d3,validation_006,1,5,169573068,11,,
10,2.0,B,mainline,True,False,70.39999999999989,16.0,0,maintain,0.0,0.0,73.20000000000003,22.000000000000057,1,0,accelerate-maintain,-0.020902179181575775,-0.08655697107315063,-0.08985515683889389,0,-0.020902179181575775,-0.08655697107315063,0.06565479189157486,0.06895297765731812,"[true, true, true]",False,False,False,65030,0,b63d9a6a59c92b71ebb27d6dbfb387c70df516f225f067e4dfea40157df365d3,validation_006,1,5,169573068,11,,
10,2.0,B_front,background_mainline,True,,146.0,20.0,,,,,,,,,,,,,,,,,,,,,,65030,0,b63d9a6a59c92b71ebb27d6dbfb387c70df516f225f067e4dfea40157df365d3,validation_006,1,5,169573068,11,,
10,2.0,B_rear,background_mainline,True,,49.41229619819735,14.655896799996471,,,,,,,,,,,,,,,,,,,,,,65030,0,b63d9a6a59c92b71ebb27d6dbfb387c70df516f225f067e4dfea40157df365d3,validation_006,1,5,169573068,11,,
11,2.2,A,ramp,True,False,77.64000000000004,22.400000000000063,1,accelerate,2.0,2.0000000000000284,73.59999999999988,16.0,1,0,accelerate-maintain,-0.07782518863677979,0.09690649807453156,-0.020866386592388153,1,0.09690649807453156,-0.020866386592388153,0.11777288466691971,0.17473168671131134,"[true, true, true]",False,False,False,65030,0,b63d9a6a59c92b71ebb27d6dbfb387c70df516f225f067e4dfea40157df365d3,validation_006,1,5,169573068,11,,
11,2.2,B,mainline,True,False,73.59999999999988,16.0,0,maintain,0.0,0.0,77.64000000000004,22.400000000000063,1,0,accelerate-maintain,-0.0217551589012146,-0.08766686171293259,-0.08736597001552582,0,-0.0217551589012146,-0.08736597001552582,0.06561081111431122,0.06591170281171799,"[true, true, true]",False,False,False,65030,0,b63d9a6a59c92b71ebb27d6dbfb387c70df516f225f067e4dfea40157df365d3,validation_006,1,5,169573068,11,,
11,2.2,B_front,background_mainline,True,,150.0,20.0,,,,,,,,,,,,,,,,,,,,,,65030,0,b63d9a6a59c92b71ebb27d6dbfb387c70df516f225f067e4dfea40157df365d3,validation_006,1,5,169573068,11,,
11,2.2,B_rear,background_mainline,True,,52.33793785091527,14.603239149251383,,,,,,,,,,,,,,,,,,,,,,65030,0,b63d9a6a59c92b71ebb27d6dbfb387c70df516f225f067e4dfea40157df365d3,validation_006,1,5,169573068,11,,
12,2.4000000000000004,A,ramp,True,False,82.16000000000005,22.800000000000068,1,accelerate,2.0,2.0000000000000284,76.79999999999987,16.0,1,0,accelerate-maintain,-0.07733967900276184,0.09636855125427246,-0.02082855999469757,1,0.09636855125427246,-0.02082855999469757,0.11719711124897003,0.1737082302570343,"[true, true, true]",False,False,False,65030,0,b63d9a6a59c92b71ebb27d6dbfb387c70df516f225f067e4dfea40157df365d3,validation_006,1,5,169573068,11,,
12,2.4000000000000004,B,mainline,True,False,76.79999999999987,16.0,0,maintain,0.0,0.0,82.16000000000005,22.800000000000068,1,0,accelerate-maintain,-0.022635042667388916,-0.08880309760570526,-0.0848299115896225,0,-0.022635042667388916,-0.0848299115896225,0.06219486892223358,0.06616805493831635,"[true, true, true]",False,False,False,65030,0,b63d9a6a59c92b71ebb27d6dbfb387c70df516f225f067e4dfea40157df365d3,validation_006,1,5,169573068,11,,
12,2.4000000000000004,B_front,background_mainline,True,,154.0,20.0,,,,,,,,,,,,,,,,,,,,,,65030,0,b63d9a6a59c92b71ebb27d6dbfb387c70df516f225f067e4dfea40157df365d3,validation_006,1,5,169573068,11,,
12,2.4000000000000004,B_rear,background_mainline,True,,55.25466395655898,14.566202649506472,,,,,,,,,,,,,,,,,,,,,,65030,0,b63d9a6a59c92b71ebb27d6dbfb387c70df516f225f067e4dfea40157df365d3,validation_006,1,5,169573068,11,,
13,2.6,A,ramp,True,False,86.76000000000006,23.200000000000074,1,accelerate,2.0,2.0000000000000284,79.99999999999986,16.0,1,0,accelerate-maintain,-0.07705676555633545,0.09603779017925262,-0.021015264093875885,1,0.09603779017925262,-0.021015264093875885,0.11705305427312851,0.17309455573558807,"[true, true, true]",False,False,False,65030,0,b63d9a6a59c92b71ebb27d6dbfb387c70df516f225f067e4dfea40157df365d3,validation_006,1,5,169573068,11,,
13,2.6,B,mainline,True,False,79.99999999999986,16.0,0,maintain,0.0,0.0,86.76000000000006,23.200000000000074,1,0,accelerate-maintain,-0.023530662059783936,-0.08996137976646423,-0.08225619047880173,0,-0.023530662059783936,-0.08225619047880173,0.05872552841901779,0.0664307177066803,"[true, true, true]",False,False,False,65030,0,b63d9a6a59c92b71ebb27d6dbfb387c70df516f225f067e4dfea40157df365d3,validation_006,1,5,169573068,11,,
13,2.6,B_front,background_mainline,True,,158.0,20.0,,,,,,,,,,,,,,,,,,,,,,65030,0,b63d9a6a59c92b71ebb27d6dbfb387c70df516f225f067e4dfea40157df365d3,validation_006,1,5,169573068,11,,
13,2.6,B_rear,background_mainline,True,,58.165282238811564,14.541743230830718,,,,,,,,,,,,,,,,,,,,,,65030,0,b63d9a6a59c92b71ebb27d6dbfb387c70df516f225f067e4dfea40157df365d3,validation_006,1,5,169573068,11,,
14,2.8000000000000003,A,ramp,True,False,91.44000000000008,23.60000000000008,1,accelerate,2.0,2.0000000000000284,83.19999999999985,16.0,1,0,accelerate-maintain,-0.0766737163066864,0.09530934691429138,-0.021740153431892395,1,0.09530934691429138,-0.021740153431892395,0.11704950034618378,0.17198306322097778,"[true, true, true]",False,False,False,65030,0,b63d9a6a59c92b71ebb27d6dbfb387c70df516f225f067e4dfea40157df365d3,validation_006,1,5,169573068,11,,
14,2.8000000000000003,B,mainline,True,False,83.19999999999985,16.0,0,maintain,0.0,0.0,91.44000000000008,23.60000000000008,1,0,accelerate-maintain,-0.024426326155662537,-0.09113526344299316,-0.07965108752250671,0,-0.024426326155662537,-0.07965108752250671,0.05522476136684418,0.06670893728733063,"[true, true, true]",False,False,False,65030,0,b63d9a6a59c92b71ebb27d6dbfb387c70df516f225f067e4dfea40157df365d3,validation_006,1,5,169573068,11,,
14,2.8000000000000003,B_front,background_mainline,True,,162.0,20.0,,,,,,,,,,,,,,,,,,,,,,65030,0,b63d9a6a59c92b71ebb27d6dbfb387c70df516f225f067e4dfea40157df365d3,validation_006,1,5,169573068,11,,
14,2.8000000000000003,B_rear,background_mainline,True,,61.072061422989094,14.52748268554673,,,,,,,,,,,,,,,,,,,,,,65030,0,b63d9a6a59c92b71ebb27d6dbfb387c70df516f225f067e4dfea40157df365d3,validation_006,1,5,169573068,11,,
15,3.0,A,ramp,True,False,96.2000000000001,24.000000000000085,1,accelerate,2.0,2.0000000000000284,86.39999999999984,16.0,1,0,accelerate-maintain,-0.07608935981988907,0.0943908840417862,-0.02195841073989868,1,0.0943908840417862,-0.02195841073989868,0.11634929478168488,0.17048024386167526,"[true, true, true]",False,False,False,65030,0,b63d9a6a59c92b71ebb27d6dbfb387c70df516f225f067e4dfea40157df365d3,validation_006,1,5,169573068,11,,
15,3.0,B,mainline,True,False,86.39999999999984,16.0,0,maintain,0.0,0.0,96.2000000000001,24.000000000000085,1,0,accelerate-maintain,-0.02525748312473297,-0.09234494715929031,-0.07687308639287949,0,-0.02525748312473297,-0.07687308639287949,0.051615603268146515,0.06708746403455734,"[true, true, true]",False,False,False,65030,0,b63d9a6a59c92b71ebb27d6dbfb387c70df516f225f067e4dfea40157df365d3,validation_006,1,5,169573068,11,,
15,3.0,B_front,background_mainline,True,,166.0,20.0,,,,,,,,,,,,,,,,,,,,,,65030,0,b63d9a6a59c92b71ebb27d6dbfb387c70df516f225f067e4dfea40157df365d3,validation_006,1,5,169573068,11,,
15,3.0,B_rear,background_mainline,True,,63.97684611865208,14.521535746312706,,,,,,,,,,,,,,,,,,,,,,65030,0,b63d9a6a59c92b71ebb27d6dbfb387c70df516f225f067e4dfea40157df365d3,validation_006,1,5,169573068,11,,
16,3.2,A,ramp,True,False,101.04000000000012,24.40000000000009,1,accelerate,2.0,2.0000000000000284,89.59999999999982,16.0,1,0,accelerate-maintain,-0.07508072257041931,0.09340406954288483,-0.021488122642040253,1,0.09340406954288483,-0.021488122642040253,0.11489219218492508,0.16848479211330414,"[true, true, true]",False,False,False,65030,0,b63d9a6a59c92b71ebb27d6dbfb387c70df516f225f067e4dfea40157df365d3,validation_006,1,5,169573068,11,,
16,3.2,B,mainline,True,False,89.59999999999982,16.0,0,maintain,0.0,0.0,101.04000000000012,24.40000000000009,1,0,accelerate-maintain,-0.026078328490257263,-0.0935654565691948,-0.0740700215101242,0,-0.026078328490257263,-0.0740700215101242,0.04799169301986694,0.06748712807893753,"[true, true, true]",False,False,False,65030,0,b63d9a6a59c92b71ebb27d6dbfb387c70df516f225f067e4dfea40157df365d3,validation_006,1,5,169573068,11,,
16,3.2,B_front,background_mainline,True,,170.0,20.0,,,,,,,,,,,,,,,,,,,,,,65030,0,b63d9a6a59c92b71ebb27d6dbfb387c70df516f225f067e4dfea40157df365d3,validation_006,1,5,169573068,11,,
16,3.2,B_rear,background_mainline,True,,66.88114267066567,14.522389234585514,,,,,,,,,,,,,,,,,,,,,,65030,0,b63d9a6a59c92b71ebb27d6dbfb387c70df516f225f067e4dfea40157df365d3,validation_006,1,5,169573068,11,,
17,3.4000000000000004,A,ramp,True,False,105.96000000000015,24.800000000000097,1,accelerate,2.0,2.0000000000000284,92.79999999999981,16.0,1,0,accelerate-maintain,-0.07401548326015472,0.09237164258956909,-0.02103284001350403,1,0.09237164258956909,-0.02103284001350403,0.11340448260307312,0.16638712584972382,"[true, true, true]",False,False,False,65030,0,b63d9a6a59c92b71ebb27d6dbfb387c70df516f225f067e4dfea40157df365d3,validation_006,1,5,169573068,11,9.85836168054064,
17,3.4000000000000004,B,mainline,True,False,92.79999999999981,16.0,0,maintain,0.0,0.0,105.96000000000015,24.800000000000097,1,0,accelerate-maintain,-0.026892028748989105,-0.09479983896017075,-0.07124004513025284,0,-0.026892028748989105,-0.07124004513025284,0.04434801638126373,0.06790781021118164,"[true, true, true]",False,False,False,65030,0,b63d9a6a59c92b71ebb27d6dbfb387c70df516f225f067e4dfea40157df365d3,validation_006,1,5,169573068,11,9.85836168054064,
17,3.4000000000000004,B_front,background_mainline,True,,174.0,20.0,,,,,,,,,,,,,,,,,,,,,,65030,0,b63d9a6a59c92b71ebb27d6dbfb387c70df516f225f067e4dfea40157df365d3,validation_006,1,5,169573068,11,,
17,3.4000000000000004,B_rear,background_mainline,True,,69.78618449895114,14.52881565614234,,,,,,,,,,,,,,,,,,,,,,65030,0,b63d9a6a59c92b71ebb27d6dbfb387c70df516f225f067e4dfea40157df365d3,validation_006,1,5,169573068,11,,
18,3.6,A,ramp,True,False,110.96000000000018,25.200000000000102,1,accelerate,2.0,2.0000000000000284,95.9999999999998,16.0,1,0,accelerate-maintain,-0.11584695428609848,0.1097196489572525,-0.04243960976600647,1,0.1097196489572525,-0.04243960976600647,0.15215925872325897,0.22556660324335098,"[true, true, true]",False,False,False,65030,0,b63d9a6a59c92b71ebb27d6dbfb387c70df516f225f067e4dfea40157df365d3,validation_006,1,5,169573068,11,11.701388943753216,
18,3.6,B,mainline,True,False,95.9999999999998,16.0,0,maintain,0.0,0.0,110.96000000000018,25.200000000000102,1,0,accelerate-maintain,-0.01825249195098877,-0.07403210550546646,-0.08431101590394974,0,-0.01825249195098877,-0.07403210550546646,0.05577961355447769,0.06605852395296097,"[true, true, true]",False,False,False,65030,0,b63d9a6a59c92b71ebb27d6dbfb387c70df516f225f067e4dfea40157df365d3,validation_006,1,5,169573068,11,11.701388943753216,
18,3.6,B_front,background_mainline,True,,178.0,20.0,,,,,,,,,,,,,,,,,,,,,,65030,0,b63d9a6a59c92b71ebb27d6dbfb387c70df516f225f067e4dfea40157df365d3,validation_006,1,5,169573068,11,,
18,3.6,B_rear,background_mainline,True,,72.69298263187875,14.539810173889702,,,,,,,,,,,,,,,,,,,,,,65030,0,b63d9a6a59c92b71ebb27d6dbfb387c70df516f225f067e4dfea40157df365d3,validation_006,1,5,169573068,11,,
19,3.8000000000000003,A,ramp,True,False,116.04000000000019,25.600000000000108,1,accelerate,2.0,2.0000000000000284,99.19999999999979,16.0,1,0,accelerate-maintain,-0.11348370462656021,0.11047356575727463,-0.04126725345849991,1,0.11047356575727463,-0.04126725345849991,0.15174081921577454,0.22395727038383484,"[true, true, true]",False,False,False,65030,0,b63d9a6a59c92b71ebb27d6dbfb387c70df516f225f067e4dfea40157df365d3,validation_006,1,5,169573068,11,13.632852614015519,
19,3.8000000000000003,B,mainline,True,False,99.19999999999979,16.0,0,maintain,0.0,0.0,116.04000000000019,25.600000000000108,1,0,accelerate-maintain,-0.01896599680185318,-0.07600134611129761,-0.08277101814746857,0,-0.01896599680185318,-0.07600134611129761,0.05703534930944443,0.06380502134561539,"[true, true, true]",False,False,False,65030,0,b63d9a6a59c92b71ebb27d6dbfb387c70df516f225f067e4dfea40157df365d3,validation_006,1,5,169573068,11,13.632852614015519,
19,3.8000000000000003,B_front,background_mainline,True,,182.0,20.0,,,,,,,,,,,,,,,,,,,,,,65030,0,b63d9a6a59c92b71ebb27d6dbfb387c70df516f225f067e4dfea40157df365d3,validation_006,1,5,169573068,11,,
19,3.8000000000000003,B_rear,background_mainline,True,,75.6023653464126,14.554543806054147,,,,,,,,,,,,,,,,,,,,,,65030,0,b63d9a6a59c92b71ebb27d6dbfb387c70df516f225f067e4dfea40157df365d3,validation_006,1,5,169573068,11,,
20,4.0,A,ramp,True,False,121.2000000000002,26.000000000000114,1,accelerate,2.0,2.0000000000000284,102.39999999999978,16.0,1,0,accelerate-maintain,-0.11109958589076996,0.11125318706035614,-0.04009919613599777,1,0.11125318706035614,-0.04009919613599777,0.1513523831963539,0.2223527729511261,"[true, true, true]",False,False,False,65030,0,b63d9a6a59c92b71ebb27d6dbfb387c70df516f225f067e4dfea40157df365d3,validation_006,1,5,169573068,11,15.656614904510747,
20,4.0,B,mainline,True,False,102.39999999999978,16.0,0,maintain,0.0,0.0,121.2000000000002,26.000000000000114,1,0,accelerate-maintain,-0.019964322447776794,-0.07797352224588394,-0.08082324266433716,0,-0.019964322447776794,-0.07797352224588394,0.05800919979810715,0.060858920216560364,"[true, true, true]",False,False,False,65030,0,b63d9a6a59c92b71ebb27d6dbfb387c70df516f225f067e4dfea40157df365d3,validation_006,1,5,169573068,11,15.656614904510747,
20,4.0,B_front,background_mainline,True,,186.0,20.0,,,,,,,,,,,,,,,,,,,,,,65030,0,b63d9a6a59c92b71ebb27d6dbfb387c70df516f225f067e4dfea40157df365d3,validation_006,1,5,169573068,11,,
20,4.0,B_rear,background_mainline,True,,78.51500965688284,14.572328113016988,,,,,,,,,,,,,,,,,,,,,,65030,0,b63d9a6a59c92b71ebb27d6dbfb387c70df516f225f067e4dfea40157df365d3,validation_006,1,5,169573068,11,,
21,4.2,A,ramp,True,False,126.44000000000023,26.40000000000012,1,accelerate,2.0,2.0000000000000284,105.59999999999977,16.0,1,0,accelerate-maintain,-0.10871011018753052,0.11206851899623871,-0.038943395018577576,1,0.11206851899623871,-0.038943395018577576,0.15101191401481628,0.22077862918376923,"[true, true, true]",False,False,False,65030,0,b63d9a6a59c92b71ebb27d6dbfb387c70df516f225f067e4dfea40157df365d3,validation_006,1,5,169573068,11,17.770869239935024,
21,4.2,B,mainline,True,False,105.59999999999977,16.0,0,maintain,0.0,0.0,126.44000000000023,26.40000000000012,1,0,accelerate-maintain,-0.021107196807861328,-0.08002039045095444,-0.07895460724830627,0,-0.021107196807861328,-0.07895460724830627,0.057847410440444946,0.05891319364309311,"[true, true, true]",False,False,False,65030,0,b63d9a6a59c92b71ebb27d6dbfb387c70df516f225f067e4dfea40157df365d3,validation_006,1,5,169573068,11,17.770869239935024,
21,4.2,B_front,background_mainline,True,,190.0,20.0,,,,,,,,,,,,,,,,,,,,,,65030,0,b63d9a6a59c92b71ebb27d6dbfb387c70df516f225f067e4dfea40157df365d3,validation_006,1,5,169573068,11,,
21,4.2,B_rear,background_mainline,True,,81.43146661044756,14.59258816574488,,,,,,,,,,,,,,,,,,,,,,65030,0,b63d9a6a59c92b71ebb27d6dbfb387c70df516f225f067e4dfea40157df365d3,validation_006,1,5,169573068,11,,
22,4.4,A,ramp,True,False,131.76000000000025,26.800000000000125,1,accelerate,2.0,2.0000000000000284,108.79999999999976,16.0,1,0,accelerate-maintain,-0.10632596164941788,0.1129252091050148,-0.03780411183834076,1,0.1129252091050148,-0.03780411183834076,0.15072932094335556,0.21925117075443268,"[true, true, true]",False,False,False,65030,0,b63d9a6a59c92b71ebb27d6dbfb387c70df516f225f067e4dfea40157df365d3,validation_006,1,5,169573068,11,19.970075399162454,
22,4.4,B,mainline,True,False,108.79999999999976,16.0,0,maintain,0.0,0.0,131.76000000000025,26.800000000000125,1,0,accelerate-maintain,-0.022298172116279602,-0.08204156160354614,-0.07700029015541077,0,-0.022298172116279602,-0.07700029015541077,0.054702118039131165,0.05974338948726654,"[true, true, true]",False,False,False,65030,0,b63d9a6a59c92b71ebb27d6dbfb387c70df516f225f067e4dfea40157df365d3,validation_006,1,5,169573068,11,19.970075399162454,
22,4.4,B_front,background_mainline,True,,194.0,20.0,,,,,,,,,,,,,,,,,,,,,,65030,0,b63d9a6a59c92b71ebb27d6dbfb387c70df516f225f067e4dfea40157df365d3,validation_006,1,5,169573068,11,,
22,4.4,B_rear,background_mainline,True,,84.35218181165142,14.614841581230868,,,,,,,,,,,,,,,,,,,,,,65030,0,b63d9a6a59c92b71ebb27d6dbfb387c70df516f225f067e4dfea40157df365d3,validation_006,1,5,169573068,11,,
23,4.6000000000000005,A,ramp,True,False,137.16000000000028,27.20000000000013,1,accelerate,2.0,2.0000000000000284,111.99999999999974,16.0,1,0,accelerate-maintain,-0.1039467304944992,0.11382126808166504,-0.03667992353439331,1,0.11382126808166504,-0.03667992353439331,0.15050119161605835,0.21776799857616425,"[true, true, true]",False,False,False,65030,0,b63d9a6a59c92b71ebb27d6dbfb387c70df516f225f067e4dfea40157df365d3,validation_006,1,5,169573068,11,22.250068760524442,
23,4.6000000000000005,B,mainline,True,False,111.99999999999974,16.0,0,maintain,0.0,0.0,137.16000000000028,27.20000000000013,1,0,accelerate-maintain,-0.022859424352645874,-0.08331695199012756,-0.07562362402677536,0,-0.022859424352645874,-0.07562362402677536,0.052764199674129486,0.06045752763748169,"[true, true, true]",False,False,False,65030,0,b63d9a6a59c92b71ebb27d6dbfb387c70df516f225f067e4dfea40157df365d3,validation_006,1,5,169573068,11,22.250068760524442,
23,4.6000000000000005,B_front,background_mainline,True,,198.0,20.0,,,,,,,,,,,,,,,,,,,,,,65030,0,b63d9a6a59c92b71ebb27d6dbfb387c70df516f225f067e4dfea40157df365d3,validation_006,1,5,169573068,11,,
23,4.6000000000000005,B_rear,background_mainline,True,,87.27751222547084,14.638682068298735,,,,,,,,,,,,,,,,,,,,,,65030,0,b63d9a6a59c92b71ebb27d6dbfb387c70df516f225f067e4dfea40157df365d3,validation_006,1,5,169573068,11,,
24,4.800000000000001,A,ramp,True,False,142.6400000000003,27.600000000000136,1,accelerate,2.0,2.0000000000000284,115.19999999999973,16.0,1,0,accelerate-maintain,-0.10155293345451355,0.11474384367465973,-0.03556188941001892,1,0.11474384367465973,-0.03556188941001892,0.15030573308467865,0.21629677712917328,"[true, true, true]",False,False,False,65030,0,b63d9a6a59c92b71ebb27d6dbfb387c70df516f225f067e4dfea40157df365d3,validation_006,1,5,169573068,11,24.610068760524484,
24,4.800000000000001,B,mainline,True,False,115.19999999999973,16.0,0,maintain,0.0,0.0,142.6400000000003,27.600000000000136,1,0,accelerate-maintain,-0.023595161736011505,-0.08466356247663498,-0.07417452335357666,0,-0.023595161736011505,-0.07417452335357666,0.050579361617565155,0.061068400740623474,"[true, true, true]",False,False,False,65030,0,b63d9a6a59c92b71ebb27d6dbfb387c70df516f225f067e4dfea40157df365d3,validation_006,1,5,169573068,11,24.610068760524484,
24,4.800000000000001,B_front,background_mainline,True,,202.0,20.0,,,,,,,,,,,,,,,,,,,,,,65030,0,b63d9a6a59c92b71ebb27d6dbfb387c70df516f225f067e4dfea40157df365d3,validation_006,1,5,169573068,11,,
24,4.800000000000001,B_rear,background_mainline,True,,90.20774004402725,14.663766371842824,,,,,,,,,,,,,,,,,,,,,,65030,0,b63d9a6a59c92b71ebb27d6dbfb387c70df516f225f067e4dfea40157df365d3,validation_006,1,5,169573068,11,,
25,5.0,A,ramp,True,False,148.20000000000033,28.000000000000142,1,accelerate,2.0,2.0000000000000284,118.39999999999972,16.0,1,0,accelerate-maintain,-0.09916326403617859,0.11560288071632385,-0.03461752086877823,1,0.11560288071632385,-0.03461752086877823,0.15022040158510208,0.21476614475250244,"[true, true, true]",False,False,False,65030,0,b63d9a6a59c92b71ebb27d6dbfb387c70df516f225f067e4dfea40157df365d3,validation_006,1,5,169573068,11,27.05006876052451,
25,5.0,B,mainline,True,False,118.39999999999972,16.0,0,maintain,0.0,0.0,148.20000000000033,28.000000000000142,1,0,accelerate-maintain,-0.02447126805782318,-0.08579343557357788,-0.07274875044822693,0,-0.02447126805782318,-0.07274875044822693,0.04827748239040375,0.0613221675157547,"[true, true, true]",False,False,False,65030,0,b63d9a6a59c92b71ebb27d6dbfb387c70df516f225f067e4dfea40157df365d3,validation_006,1,5,169573068,11,27.05006876052451,
25,5.0,B_front,background_mainline,True,,206.0,20.0,,,,,,,,,,,,,,,,,,,,,,65030,0,b63d9a6a59c92b71ebb27d6dbfb387c70df516f225f067e4dfea40157df365d3,validation_006,1,5,169573068,11,,
25,5.0,B_rear,background_mainline,True,,93.14308421210073,14.689803809505246,,,,,,,,,,,,,,,,,,,,,,65030,0,b63d9a6a59c92b71ebb27d6dbfb387c70df516f225f067e4dfea40157df365d3,validation_006,1,5,169573068,11,,
26,5.2,A,ramp,True,False,153.84000000000034,28.400000000000148,1,accelerate,2.0,2.0000000000000284,121.59999999999971,16.0,1,0,accelerate-maintain,-0.09649351984262466,0.1165028065443039,-0.03374898433685303,1,0.1165028065443039,-0.03374898433685303,0.15025179088115692,0.21299632638692856,"[true, true, true]",False,False,False,65030,0,b63d9a6a59c92b71ebb27d6dbfb387c70df516f225f067e4dfea40157df365d3,validation_006,1,5,169573068,11,29.57006876052455,
26,5.2,B,mainline,True,False,121.59999999999971,16.0,0,maintain,0.0,0.0,153.84000000000034,28.400000000000148,1,0,accelerate-maintain,-0.02545403689146042,-0.08525882661342621,-0.0718993991613388,0,-0.02545403689146042,-0.0718993991613388,0.04644536226987839,0.05980478972196579,"[true, true, true]",False,False,False,65030,0,b63d9a6a59c92b71ebb27d6dbfb387c70df516f225f067e4dfea40157df365d3,validation_006,1,5,169573068,11,29.57006876052455,
26,5.2,B_front,background_mainline,True,,210.0,20.0,,,,,,,,,,,,,,,,,,,,,,65030,0,b63d9a6a59c92b71ebb27d6dbfb387c70df516f225f067e4dfea40157df365d3,validation_006,1,5,169573068,11,,
26,5.2,B_rear,background_mainline,True,,96.08371006792893,14.716547808640964,,,,,,,,,,,,,,,,,,,,,,65030,0,b63d9a6a59c92b71ebb27d6dbfb387c70df516f225f067e4dfea40157df365d3,validation_006,1,5,169573068,11,,
27,5.4,A,ramp,True,False,159.56000000000037,28.800000000000153,1,accelerate,2.0,2.0000000000000284,124.7999999999997,16.0,1,0,accelerate-maintain,-0.09426970034837723,0.11799164116382599,-0.033218130469322205,1,0.11799164116382599,-0.033218130469322205,0.1512097716331482,0.21226134151220322,"[true, true, true]",False,False,False,65030,0,b63d9a6a59c92b71ebb27d6dbfb387c70df516f225f067e4dfea40157df365d3,validation_006,1,5,169573068,11,32.1700687605246,
27,5.4,B,mainline,True,False,124.7999999999997,16.0,0,maintain,0.0,0.0,159.56000000000037,28.800000000000153,1,0,accelerate-maintain,-0.026448450982570648,-0.08474493771791458,-0.07102107256650925,0,-0.026448450982570648,-0.07102107256650925,0.0445726215839386,0.05829648673534393,"[true, true, true]",False,False,False,65030,0,b63d9a6a59c92b71ebb27d6dbfb387c70df516f225f067e4dfea40157df365d3,validation_006,1,5,169573068,11,32.1700687605246,
27,5.4,B_front,background_mainline,True,,214.0,20.0,,,,,,,,,,,,,,,,,,,,,,65030,0,b63d9a6a59c92b71ebb27d6dbfb387c70df516f225f067e4dfea40157df365d3,validation_006,1,5,169573068,11,,
27,5.4,B_rear,background_mainline,True,,99.02973745331064,14.743789003107178,,,,,,,,,,,,,,,,,,,,,,65030,0,b63d9a6a59c92b71ebb27d6dbfb387c70df516f225f067e4dfea40157df365d3,validation_006,1,5,169573068,11,,
28,5.6000000000000005,A,ramp,True,False,165.3600000000004,29.20000000000016,1,accelerate,2.0,2.0000000000000284,127.99999999999969,16.0,1,0,accelerate-maintain,-0.09215317666530609,0.1195080354809761,-0.03208345174789429,1,0.1195080354809761,-0.03208345174789429,0.1515914872288704,0.2116612121462822,"[true, true, true]",False,False,False,65030,0,b63d9a6a59c92b71ebb27d6dbfb387c70df516f225f067e4dfea40157df365d3,validation_006,1,5,169573068,11,34.85006876052458,
28,5.6000000000000005,B,mainline,True,False,127.99999999999969,16.0,0,maintain,0.0,0.0,165.3600000000004,29.20000000000016,1,0,accelerate-maintain,-0.027454346418380737,-0.08425208926200867,-0.07011407613754272,0,-0.027454346418380737,-0.07011407613754272,0.04265972971916199,0.05679774284362793,"[true, true, true]",False,False,False,65030,0,b63d9a6a59c92b71ebb27d6dbfb387c70df516f225f067e4dfea40157df365d3,validation_006,1,5,169573068,11,34.85006876052458,
28,5.6000000000000005,B_front,background_mainline,True,,218.0,20.0,,,,,,,,,,,,,,,,,,,,,,65030,0,b63d9a6a59c92b71ebb27d6dbfb387c70df516f225f067e4dfea40157df365d3,validation_006,1,5,169573068,11,,
28,5.6000000000000005,B_rear,background_mainline,True,,101.98124757039561,14.771349558462134,,,,,,,,,,,,,,,,,,,,,,65030,0,b63d9a6a59c92b71ebb27d6dbfb387c70df516f225f067e4dfea40157df365d3,validation_006,1,5,169573068,11,,
29,5.800000000000001,A,ramp,True,False,171.24000000000044,29.600000000000165,1,accelerate,2.0,1.9999999999966178,131.19999999999973,16.0,1,0,accelerate-maintain,-0.09013643115758896,0.12148363143205643,-0.030795976519584656,1,0.12148363143205643,-0.030795976519584656,0.15227960795164108,0.21162006258964539,"[true, true, true]",False,False,False,65030,0,b63d9a6a59c92b71ebb27d6dbfb387c70df516f225f067e4dfea40157df365d3,validation_006,1,5,169573068,11,37.61006876052457,
29,5.800000000000001,B,mainline,True,False,131.19999999999973,16.0,0,maintain,0.0,0.0,171.24000000000044,29.600000000000165,1,0,accelerate-maintain,-0.028555870056152344,-0.08398273587226868,-0.06932178884744644,0,-0.028555870056152344,-0.06932178884744644,0.0407659187912941,0.05542686581611633,"[true, true, true]",False,False,False,65030,0,b63d9a6a59c92b71ebb27d6dbfb387c70df516f225f067e4dfea40157df365d3,validation_006,1,5,169573068,11,37.61006876052457,
29,5.800000000000001,B_front,background_mainline,True,,222.0,20.0,,,,,,,,,,,,,,,,,,,,,,65030,0,b63d9a6a59c92b71ebb27d6dbfb387c70df516f225f067e4dfea40157df365d3,validation_006,1,5,169573068,11,,
29,5.800000000000001,B_rear,background_mainline,True,,104.93828880458211,14.799078473532498,,,,,,,,,,,,,,,,,,,,,,65030,0,b63d9a6a59c92b71ebb27d6dbfb387c70df516f225f067e4dfea40157df365d3,validation_006,1,5,169573068,11,,
30,6.0,A,ramp,True,False,177.20000000000047,30.0,1,accelerate,2.0,0.0,134.39999999999978,16.0,1,0,accelerate-maintain,-0.08805683255195618,0.1227954626083374,-0.029079772531986237,1,0.1227954626083374,-0.029079772531986237,0.15187523514032364,0.21085229516029358,"[true, true, true]",False,False,False,65030,0,b63d9a6a59c92b71ebb27d6dbfb387c70df516f225f067e4dfea40157df365d3,validation_006,1,5,169573068,11,40.410068760524524,
30,6.0,B,mainline,True,False,134.39999999999978,16.0,0,maintain,0.0,0.0,177.20000000000047,30.0,1,0,accelerate-maintain,-0.029957570135593414,-0.08442845195531845,-0.06899219006299973,0,-0.029957570135593414,-0.06899219006299973,0.03903461992740631,0.05447088181972504,"[true, true, true]",False,False,False,65030,0,b63d9a6a59c92b71ebb27d6dbfb387c70df516f225f067e4dfea40157df365d3,validation_006,1,5,169573068,11,40.410068760524524,
30,6.0,B_front,background_mainline,True,,226.0,20.0,,,,,,,,,,,,,,,,,,,,,,65030,0,b63d9a6a59c92b71ebb27d6dbfb387c70df516f225f067e4dfea40157df365d3,validation_006,1,5,169573068,11,,
30,6.0,B_rear,background_mainline,True,,107.9008816886539,14.826847664749868,,,,,,,,,,,,,,,,,,,,,,65030,0,b63d9a6a59c92b71ebb27d6dbfb387c70df516f225f067e4dfea40157df365d3,validation_006,1,5,169573068,11,,
31,6.2,A,ramp,True,False,183.20000000000047,30.0,1,accelerate,2.0,0.0,137.59999999999982,16.0,1,0,accelerate-maintain,-0.08715689182281494,0.12215537577867508,-0.02699364721775055,1,0.12215537577867508,-0.02699364721775055,0.14914902299642563,0.20931226760149002,"[true, true, true]",False,False,False,65030,0,b63d9a6a59c92b71ebb27d6dbfb387c70df516f225f067e4dfea40157df365d3,validation_006,1,5,169573068,11,43.21006876052448,
31,6.2,B,mainline,True,False,137.59999999999982,16.0,0,maintain,0.0,0.0,183.20000000000047,30.0,1,0,accelerate-maintain,-0.031455084681510925,-0.0857371836900711,-0.06878581643104553,0,-0.031455084681510925,-0.06878581643104553,0.03733073174953461,0.05428209900856018,"[true, true, true]",False,False,False,65030,0,b63d9a6a59c92b71ebb27d6dbfb387c70df516f225f067e4dfea40157df365d3,validation_006,1,5,169573068,11,43.21006876052448,
31,6.2,B_front,background_mainline,True,,230.0,20.0,,,,,,,,,,,,,,,,,,,,,,65030,0,b63d9a6a59c92b71ebb27d6dbfb387c70df516f225f067e4dfea40157df365d3,validation_006,1,5,169573068,11,,
31,6.2,B_rear,background_mainline,True,,110.86902314911428,14.854548683147843,,,,,,,,,,,,,,,,,,,,,,65030,0,b63d9a6a59c92b71ebb27d6dbfb387c70df516f225f067e4dfea40157df365d3,validation_006,1,5,169573068,11,,
32,6.4,A,ramp,True,False,189.20000000000047,30.0,1,accelerate,2.0,0.0,140.79999999999987,16.0,1,0,accelerate-maintain,-0.08657461404800415,0.12098958343267441,-0.024699516594409943,1,0.12098958343267441,-0.024699516594409943,0.14568910002708435,0.20756419748067856,"[true, true, true]",False,False,False,65030,0,b63d9a6a59c92b71ebb27d6dbfb387c70df516f225f067e4dfea40157df365d3,validation_006,1,5,169573068,11,46.01006876052443,
32,6.4,B,mainline,True,False,140.79999999999987,16.0,0,maintain,0.0,0.0,189.20000000000047,30.0,1,0,accelerate-maintain,-0.033451251685619354,-0.08704481273889542,-0.06930428743362427,0,-0.033451251685619354,-0.06930428743362427,0.03585303574800491,0.05359356105327606,"[true, true, true]",False,False,False,65030,0,b63d9a6a59c92b71ebb27d6dbfb387c70df516f225f067e4dfea40157df365d3,validation_006,1,5,169573068,11,46.01006876052443,
32,6.4,B_front,background_mainline,True,,234.0,20.0,,,,,,,,,,,,,,,,,,,,,,65030,0,b63d9a6a59c92b71ebb27d6dbfb387c70df516f225f067e4dfea40157df365d3,validation_006,1,5,169573068,11,,
32,6.4,B_rear,background_mainline,True,,113.84269014906539,14.882089946600015,,,,,,,,,,,,,,,,,,,,,,65030,0,b63d9a6a59c92b71ebb27d6dbfb387c70df516f225f067e4dfea40157df365d3,validation_006,1,5,169573068,11,,
33,6.6000000000000005,A,ramp,True,False,195.20000000000047,30.0,1,accelerate,2.0,0.0,143.99999999999991,16.0,1,0,accelerate-maintain,-0.08599293977022171,0.11982358992099762,-0.022405728697776794,1,0.11982358992099762,-0.022405728697776794,0.14222931861877441,0.20581652969121933,"[true, true, true]",False,False,False,65030,0,b63d9a6a59c92b71ebb27d6dbfb387c70df516f225f067e4dfea40157df365d3,validation_006,1,5,169573068,11,48.81006876052439,
33,6.6000000000000005,B,mainline,True,False,143.99999999999991,16.0,0,maintain,0.0,0.0,195.20000000000047,30.0,1,0,accelerate-maintain,-0.03564618527889252,-0.08833852410316467,-0.07004058361053467,0,-0.03564618527889252,-0.07004058361053467,0.03439439833164215,0.052692338824272156,"[true, true, true]",False,False,False,65030,0,b63d9a6a59c92b71ebb27d6dbfb387c70df516f225f067e4dfea40157df365d3,validation_006,1,5,169573068,11,48.81006876052439,
33,6.6000000000000005,B_front,background_mainline,True,,238.0,20.0,,,,,,,,,,,,,,,,,,,,,,65030,0,b63d9a6a59c92b71ebb27d6dbfb387c70df516f225f067e4dfea40157df365d3,validation_006,1,5,169573068,11,,
33,6.6000000000000005,B_rear,background_mainline,True,,116.82184282108153,14.90939439467972,,,,,,,,,,,,,,,,,,,,,,65030,0,b63d9a6a59c92b71ebb27d6dbfb387c70df516f225f067e4dfea40157df365d3,validation_006,1,5,169573068,11,,
34,6.800000000000001,A,ramp,True,False,201.20000000000047,30.0,1,accelerate,2.0,0.0,147.19999999999996,16.0,1,0,accelerate-maintain,-0.08541189134120941,0.11865747720003128,-0.020112238824367523,1,0.11865747720003128,-0.020112238824367523,0.1387697160243988,0.2040693685412407,"[true, true, true]",False,False,False,65030,0,b63d9a6a59c92b71ebb27d6dbfb387c70df516f225f067e4dfea40157df365d3,validation_006,1,5,169573068,11,51.61006876052434,
34,6.800000000000001,B,mainline,True,False,147.19999999999996,16.0,0,maintain,0.0,0.0,201.20000000000047,30.0,1,0,accelerate-maintain,-0.03810741752386093,-0.08960296213626862,-0.07087331265211105,0,-0.03810741752386093,-0.07087331265211105,0.03276589512825012,0.051495544612407684,"[true, true, true]",False,False,False,65030,0,b63d9a6a59c92b71ebb27d6dbfb387c70df516f225f067e4dfea40157df365d3,validation_006,1,5,169573068,11,51.61006876052434,
34,6.800000000000001,B_front,background_mainline,True,,242.0,20.0,,,,,,,,,,,,,,,,,,,,,,65030,0,b63d9a6a59c92b71ebb27d6dbfb387c70df516f225f067e4dfea40157df365d3,validation_006,1,5,169573068,11,,
34,6.800000000000001,B_rear,background_mainline,True,,119.80642716697861,14.936397492503845,,,,,,,,,,,,,,,,,,,,,,65030,0,b63d9a6a59c92b71ebb27d6dbfb387c70df516f225f067e4dfea40157df365d3,validation_006,1,5,169573068,11,,
35,7.0,A,ramp,True,False,207.20000000000047,30.0,1,accelerate,2.0,0.0,150.4,16.0,1,0,accelerate-maintain,-0.08558342605829239,0.11811680346727371,-0.018207073211669922,1,0.11811680346727371,-0.018207073211669922,0.13632387667894363,0.2037002295255661,"[true, true, true]",False,False,False,65030,0,b63d9a6a59c92b71ebb27d6dbfb387c70df516f225f067e4dfea40157df365d3,validation_006,1,5,169573068,11,54.4100687605243,
35,7.0,B,mainline,True,False,150.4,16.0,0,maintain,0.0,0.0,207.20000000000047,30.0,1,0,accelerate-maintain,-0.04039202630519867,-0.08967721462249756,-0.07243107259273529,0,-0.04039202630519867,-0.07243107259273529,0.03203904628753662,0.04928518831729889,"[true, true, true]",False,False,False,65030,0,b63d9a6a59c92b71ebb27d6dbfb387c70df516f225f067e4dfea40157df365d3,validation_006,1,5,169573068,11,54.4100687605243,
35,7.0,B_front,background_mainline,True,,246.0,20.0,,,,,,,,,,,,,,,,,,,,,,65030,0,b63d9a6a59c92b71ebb27d6dbfb387c70df516f225f067e4dfea40157df365d3,validation_006,1,5,169573068,11,,
35,7.0,B_rear,background_mainline,True,,122.79637738817613,14.963045524572104,,,,,,,,,,,,,,,,,,,,,,65030,0,b63d9a6a59c92b71ebb27d6dbfb387c70df516f225f067e4dfea40157df365d3,validation_006,1,5,169573068,11,,
36,7.2,A,ramp,True,False,213.20000000000047,30.0,1,accelerate,2.0,0.0,153.60000000000005,16.0,1,0,accelerate-maintain,-0.0862596333026886,0.11777763813734055,-0.016828075051307678,1,0.11777763813734055,-0.016828075051307678,0.13460571318864822,0.20403727144002914,"[true, true, true]",False,False,False,65030,0,b63d9a6a59c92b71ebb27d6dbfb387c70df516f225f067e4dfea40157df365d3,validation_006,1,5,169573068,11,57.21006876052425,
36,7.2,B,mainline,True,False,153.60000000000005,16.0,0,maintain,0.0,0.0,213.20000000000047,30.0,1,0,accelerate-maintain,-0.042661361396312714,-0.08955822885036469,-0.07407207041978836,0,-0.042661361396312714,-0.07407207041978836,0.03141070902347565,0.04689686745405197,"[true, true, true]",False,False,False,65030,0,b63d9a6a59c92b71ebb27d6dbfb387c70df516f225f067e4dfea40157df365d3,validation_006,1,5,169573068,11,57.21006876052425,
36,7.2,B_front,background_mainline,True,,250.0,20.0,,,,,,,,,,,,,,,,,,,,,,65030,0,b63d9a6a59c92b71ebb27d6dbfb387c70df516f225f067e4dfea40157df365d3,validation_006,1,5,169573068,11,,
36,7.2,B_rear,background_mainline,True,,125.79161789973524,14.989294131007846,,,,,,,,,,,,,,,,,,,,,,65030,0,b63d9a6a59c92b71ebb27d6dbfb387c70df516f225f067e4dfea40157df365d3,validation_006,1,5,169573068,11,,
37,7.4,A,ramp,True,False,219.20000000000047,30.0,1,accelerate,2.0,0.0,156.8000000000001,16.0,1,0,accelerate-maintain,-0.08718176186084747,0.11764196306467056,-0.01519407331943512,1,0.11764196306467056,-0.01519407331943512,0.13283603638410568,0.20482372492551804,"[true, true, true]",False,False,False,65030,0,b63d9a6a59c92b71ebb27d6dbfb387c70df516f225f067e4dfea40157df365d3,validation_006,1,5,169573068,11,60.010068760524206,
37,7.4,B,mainline,True,False,156.8000000000001,16.0,0,maintain,0.0,0.0,219.20000000000047,30.0,1,0,accelerate-maintain,-0.04493054747581482,-0.08944085240364075,-0.07571294903755188,0,-0.04493054747581482,-0.07571294903755188,0.03078240156173706,0.04451030492782593,"[true, true, true]",False,False,False,65030,0,b63d9a6a59c92b71ebb27d6dbfb387c70df516f225f067e4dfea40157df365d3,validation_006,1,5,169573068,11,60.010068760524206,
37,7.4,B_front,background_mainline,True,,254.0,20.0,,,,,,,,,,,,,,,,,,,,,,65030,0,b63d9a6a59c92b71ebb27d6dbfb387c70df516f225f067e4dfea40157df365d3,validation_006,1,5,169573068,11,,
37,7.4,B_rear,background_mainline,True,,128.79206507256285,15.015107047536471,,,,,,,,,,,,,,,,,,,,,,65030,0,b63d9a6a59c92b71ebb27d6dbfb387c70df516f225f067e4dfea40157df365d3,validation_006,1,5,169573068,11,,
38,7.6000000000000005,A,ramp,True,False,225.20000000000047,30.0,1,accelerate,2.0,0.0,160.00000000000014,16.0,1,0,accelerate-maintain,-0.08840009570121765,0.11775916069746017,-0.013405203819274902,1,0.11775916069746017,-0.013405203819274902,0.13116436451673508,0.20615925639867783,"[true, true, true]",False,False,False,65030,0,b63d9a6a59c92b71ebb27d6dbfb387c70df516f225f067e4dfea40157df365d3,validation_006,1,5,169573068,11,62.81006876052416,
38,7.6000000000000005,B,mainline,True,False,160.00000000000014,16.0,0,maintain,0.0,0.0,225.20000000000047,30.0,1,0,accelerate-maintain,-0.04719953238964081,-0.08932510763406754,-0.07735377550125122,0,-0.04719953238964081,-0.07735377550125122,0.030154243111610413,0.04212557524442673,"[true, true, true]",False,False,False,65030,0,b63d9a6a59c92b71ebb27d6dbfb387c70df516f225f067e4dfea40157df365d3,validation_006,1,5,169573068,11,62.81006876052416,
38,7.6000000000000005,B_front,background_mainline,True,,258.0,20.0,,,,,,,,,,,,,,,,,,,,,,65030,0,b63d9a6a59c92b71ebb27d6dbfb387c70df516f225f067e4dfea40157df365d3,validation_006,1,5,169573068,11,,
38,7.6000000000000005,B_rear,background_mainline,True,,131.79762874127022,15.040455017586249,,,,,,,,,,,,,,,,,,,,,,65030,0,b63d9a6a59c92b71ebb27d6dbfb387c70df516f225f067e4dfea40157df365d3,validation_006,1,5,169573068,11,,
39,7.800000000000001,A,ramp,True,False,231.20000000000047,30.0,1,accelerate,2.0,0.0,163.2000000000002,16.0,1,0,accelerate-maintain,-0.08957179635763168,0.11795029044151306,-0.011579178273677826,1,0.11795029044151306,-0.011579178273677826,0.1295294687151909,0.20752208679914474,"[true, true, true]",False,False,False,65030,0,b63d9a6a59c92b71ebb27d6dbfb387c70df516f225f067e4dfea40157df365d3,validation_006,1,5,169573068,11,65.61006876052411,
39,7.800000000000001,B,mainline,True,False,163.2000000000002,16.0,0,maintain,0.0,0.0,231.20000000000047,30.0,1,0,accelerate-maintain,-0.049468301236629486,-0.08921102434396744,-0.07899464666843414,0,-0.049468301236629486,-0.07899464666843414,0.029526345431804657,0.03974272310733795,"[true, true, true]",False,False,False,65030,0,b63d9a6a59c92b71ebb27d6dbfb387c70df516f225f067e4dfea40157df365d3,validation_006,1,5,169573068,11,65.61006876052411,
39,7.800000000000001,B_front,background_mainline,True,,260.0,0.0,,,,,,,,,,,,,,,,,,,,,,65030,0,b63d9a6a59c92b71ebb27d6dbfb387c70df516f225f067e4dfea40157df365d3,validation_006,1,5,169573068,11,,
39,7.800000000000001,B_rear,background_mainline,True,,134.80821350943145,15.065314850498313,,,,,,,,,,,,,,,,,,,,,,65030,0,b63d9a6a59c92b71ebb27d6dbfb387c70df516f225f067e4dfea40157df365d3,validation_006,1,5,169573068,11,,
40,8.0,A,ramp,True,False,237.20000000000047,30.0,1,accelerate,2.0,0.0,166.40000000000023,16.0,1,0,accelerate-maintain,-0.08742367476224899,0.12993574142456055,0.011982642114162445,1,0.12993574142456055,0.011982642114162445,0.1179530993103981,0.21735941618680954,"[true, true, true]",False,False,False,65030,0,b63d9a6a59c92b71ebb27d6dbfb387c70df516f225f067e4dfea40157df365d3,validation_006,1,5,169573068,11,68.41006876052407,
40,8.0,B,mainline,True,False,166.40000000000023,16.0,0,maintain,0.0,0.0,237.20000000000047,30.0,1,0,accelerate-maintain,-0.05249467492103577,-0.07593046128749847,-0.0763968974351883,0,-0.05249467492103577,-0.07593046128749847,0.023435786366462708,0.023902222514152527,"[true, true, true]",False,False,False,65030,0,b63d9a6a59c92b71ebb27d6dbfb387c70df516f225f067e4dfea40157df365d3,validation_006,1,5,169573068,11,68.41006876052407,
40,8.0,B_front,background_mainline,True,,260.0,0.0,,,,,,,,,,,,,,,,,,,,,,65030,0,b63d9a6a59c92b71ebb27d6dbfb387c70df516f225f067e4dfea40157df365d3,validation_006,1,5,169573068,11,,
40,8.0,B_rear,background_mainline,True,,137.8237198792475,15.089668604314367,,,,,,,,,,,,,,,,,,,,,,65030,0,b63d9a6a59c92b71ebb27d6dbfb387c70df516f225f067e4dfea40157df365d3,validation_006,1,5,169573068,11,,
41,8.200000000000001,A,ramp,True,False,243.20000000000047,30.0,1,accelerate,2.0,0.0,169.60000000000028,16.0,1,0,accelerate-maintain,-0.08714038878679276,0.13035881519317627,0.013774625957012177,1,0.13035881519317627,0.013774625957012177,0.11658418923616409,0.21749920397996902,"[true, true, true]",False,False,False,65030,0,b63d9a6a59c92b71ebb27d6dbfb387c70df516f225f067e4dfea40157df365d3,validation_006,1,5,169573068,11,71.21006876052402,
41,8.200000000000001,B,mainline,True,False,169.60000000000028,16.0,0,maintain,0.0,0.0,243.20000000000047,30.0,1,0,accelerate-maintain,-0.0532778799533844,-0.07770930230617523,-0.07784219086170197,0,-0.0532778799533844,-0.07770930230617523,0.024431422352790833,0.024564310908317566,"[true, true, true]",False,False,False,65030,0,b63d9a6a59c92b71ebb27d6dbfb387c70df516f225f067e4dfea40157df365d3,validation_006,1,5,169573068,11,71.21006876052402,
41,8.200000000000001,B_front,background_mainline,True,,260.0,0.0,,,,,,,,,,,,,,,,,,,,,,65030,0,b63d9a6a59c92b71ebb27d6dbfb387c70df516f225f067e4dfea40157df365d3,validation_006,1,5,169573068,11,,
41,8.200000000000001,B_rear,background_mainline,True,,140.84404522868897,15.113502875218948,,,,,,,,,,,,,,,,,,,,,,65030,0,b63d9a6a59c92b71ebb27d6dbfb387c70df516f225f067e4dfea40157df365d3,validation_006,1,5,169573068,11,,
42,8.4,A,ramp,True,False,249.20000000000047,30.0,1,accelerate,2.0,0.0,172.80000000000032,16.0,1,0,accelerate-maintain,-0.08699601143598557,0.13079413771629333,0.015878967940807343,1,0.13079413771629333,0.015878967940807343,0.11491516977548599,0.2177901491522789,"[true, true, true]",False,False,False,65030,0,b63d9a6a59c92b71ebb27d6dbfb387c70df516f225f067e4dfea40157df365d3,validation_006,1,5,169573068,11,74.01006876052398,
42,8.4,B,mainline,True,False,172.80000000000032,16.0,0,maintain,0.0,0.0,249.20000000000047,30.0,1,0,accelerate-maintain,-0.05400993674993515,-0.07951163500547409,-0.07915636897087097,0,-0.05400993674993515,-0.07915636897087097,0.02514643222093582,0.02550169825553894,"[true, true, true]",False,False,False,65030,0,b63d9a6a59c92b71ebb27d6dbfb387c70df516f225f067e4dfea40157df365d3,validation_006,1,5,169573068,11,74.01006876052398,
42,8.4,B_front,background_mainline,True,,260.0,0.0,,,,,,,,,,,,,,,,,,,,,,65030,0,b63d9a6a59c92b71ebb27d6dbfb387c70df516f225f067e4dfea40157df365d3,validation_006,1,5,169573068,11,,
42,8.4,B_rear,background_mainline,True,,143.86908465590682,15.13680817863609,,,,,,,,,,,,,,,,,,,,,,65030,0,b63d9a6a59c92b71ebb27d6dbfb387c70df516f225f067e4dfea40157df365d3,validation_006,1,5,169573068,11,,
43,8.6,A,ramp,True,False,255.20000000000047,30.0,1,accelerate,2.0,0.0,176.00000000000037,16.0,1,0,accelerate-maintain,-0.08690953254699707,0.13123446702957153,0.01811245083808899,1,0.13123446702957153,0.01811245083808899,0.11312201619148254,0.2181439995765686,"[true, true, true]",False,False,False,65030,0,b63d9a6a59c92b71ebb27d6dbfb387c70df516f225f067e4dfea40157df365d3,validation_006,1,5,169573068,11,,
43,8.6,B,mainline,True,False,176.00000000000037,16.0,0,maintain,0.0,0.0,255.20000000000047,30.0,1,0,accelerate-maintain,-0.05474080890417099,-0.08131584525108337,-0.08046972006559372,0,-0.05474080890417099,-0.08046972006559372,0.02572891116142273,0.026575036346912384,"[true, true, true]",False,False,False,65030,0,b63d9a6a59c92b71ebb27d6dbfb387c70df516f225f067e4dfea40157df365d3,validation_006,1,5,169573068,11,,
43,8.6,B_front,background_mainline,True,,260.0,0.0,,,,,,,,,,,,,,,,,,,,,,65030,0,b63d9a6a59c92b71ebb27d6dbfb387c70df516f225f067e4dfea40157df365d3,validation_006,1,5,169573068,11,,
43,8.6,B_rear,background_mainline,True,,146.89873170794712,15.159578409362194,,,,,,,,,,,,,,,,,,,,,,65030,0,b63d9a6a59c92b71ebb27d6dbfb387c70df516f225f067e4dfea40157df365d3,validation_006,1,5,169573068,11,,
44,8.8,A,ramp,False,True,261.2000000000005,0.0,0,maintain,0.0,0.0,179.20000000000041,16.0,0,0,inactive-active,-0.08680186420679092,0.04022962599992752,-0.062469080090522766,1,0.04022962599992752,-0.062469080090522766,0.10269870609045029,0.12703149020671844,"[true, true, true]",False,False,False,65030,0,b63d9a6a59c92b71ebb27d6dbfb387c70df516f225f067e4dfea40157df365d3,validation_006,1,5,169573068,11,,
44,8.8,B,mainline,True,False,179.20000000000041,16.0,0,maintain,0.0,0.0,261.2000000000005,0.0,0,0,inactive-active,-0.049084097146987915,-0.07287824898958206,-0.13012343645095825,0,-0.049084097146987915,-0.07287824898958206,0.023794151842594147,0.08103933930397034,"[true, true, true]",False,False,False,65030,0,b63d9a6a59c92b71ebb27d6dbfb387c70df516f225f067e4dfea40157df365d3,validation_006,1,5,169573068,11,,
44,8.8,B_front,background_mainline,True,,260.0,0.0,,,,,,,,,,,,,,,,,,,,,,65030,0,b63d9a6a59c92b71ebb27d6dbfb387c70df516f225f067e4dfea40157df365d3,validation_006,1,5,169573068,11,,
44,8.8,B_rear,background_mainline,True,,149.93287900848247,15.181810370069078,,,,,,,,,,,,,,,,,,,,,,65030,0,b63d9a6a59c92b71ebb27d6dbfb387c70df516f225f067e4dfea40157df365d3,validation_006,1,5,169573068,11,,
45,9.0,A,ramp,False,True,261.2000000000005,0.0,0,maintain,0.0,0.0,182.40000000000046,16.0,0,0,inactive-active,-0.08722956478595734,0.04117625951766968,-0.06217603385448456,1,0.04117625951766968,-0.06217603385448456,0.10335229337215424,0.12840582430362701,"[true, true, true]",False,False,False,65030,0,b63d9a6a59c92b71ebb27d6dbfb387c70df516f225f067e4dfea40157df365d3,validation_006,1,5,169573068,11,,
45,9.0,B,mainline,True,False,182.40000000000046,16.0,0,maintain,0.0,0.0,261.2000000000005,0.0,0,0,inactive-active,-0.0500844344496727,-0.07523398101329803,-0.1312888264656067,0,-0.0500844344496727,-0.07523398101329803,0.025149546563625336,0.08120439201593399,"[true, true, true]",False,False,False,65030,0,b63d9a6a59c92b71ebb27d6dbfb387c70df516f225f067e4dfea40157df365d3,validation_006,1,5,169573068,11,,
45,9.0,B_front,background_mainline,True,,260.0,0.0,,,,,,,,,,,,,,,,,,,,,,65030,0,b63d9a6a59c92b71ebb27d6dbfb387c70df516f225f067e4dfea40157df365d3,validation_006,1,5,169573068,11,,
45,9.0,B_rear,background_mainline,True,,152.97141879730586,15.203503359120063,,,,,,,,,,,,,,,,,,,,,,65030,0,b63d9a6a59c92b71ebb27d6dbfb387c70df516f225f067e4dfea40157df365d3,validation_006,1,5,169573068,11,,
46,9.200000000000001,A,ramp,False,True,261.2000000000005,0.0,0,maintain,0.0,0.0,185.6000000000005,16.0,0,0,inactive-active,-0.08785076439380646,0.042000506073236465,-0.06218254566192627,1,0.042000506073236465,-0.06218254566192627,0.10418305173516273,0.12985127046704292,"[true, true, true]",False,False,False,65030,0,b63d9a6a59c92b71ebb27d6dbfb387c70df516f225f067e4dfea40157df365d3,validation_006,1,5,169573068,11,,
46,9.200000000000001,B,mainline,True,False,185.6000000000005,16.0,0,maintain,0.0,0.0,261.2000000000005,0.0,0,0,inactive-active,-0.05078887939453125,-0.0769326314330101,-0.13228560984134674,0,-0.05078887939453125,-0.0769326314330101,0.02614375203847885,0.08149673044681549,"[true, true, true]",False,False,False,65030,0,b63d9a6a59c92b71ebb27d6dbfb387c70df516f225f067e4dfea40157df365d3,validation_006,1,5,169573068,11,,
46,9.200000000000001,B_front,background_mainline,True,,260.0,0.0,,,,,,,,,,,,,,,,,,,,,,65030,0,b63d9a6a59c92b71ebb27d6dbfb387c70df516f225f067e4dfea40157df365d3,validation_006,1,5,169573068,11,,
46,9.200000000000001,B_rear,background_mainline,True,,156.01424339265782,15.224658809975038,,,,,,,,,,,,,,,,,,,,,,65030,0,b63d9a6a59c92b71ebb27d6dbfb387c70df516f225f067e4dfea40157df365d3,validation_006,1,5,169573068,11,,
47,9.4,A,ramp,False,True,261.2000000000005,0.0,0,maintain,0.0,0.0,188.80000000000055,16.0,0,0,inactive-active,-0.08851858973503113,0.042712945491075516,-0.062064483761787415,1,0.042712945491075516,-0.062064483761787415,0.10477742925286293,0.13123153522610664,"[true, true, true]",False,False,False,65030,0,b63d9a6a59c92b71ebb27d6dbfb387c70df516f225f067e4dfea40157df365d3,validation_006,1,5,169573068,11,,
47,9.4,B,mainline,True,False,188.80000000000055,16.0,0,maintain,0.0,0.0,261.2000000000005,0.0,0,0,inactive-active,-0.0512852743268013,-0.07842141389846802,-0.13296501338481903,0,-0.0512852743268013,-0.07842141389846802,0.027136139571666718,0.08167973905801773,"[true, true, true]",False,False,False,65030,0,b63d9a6a59c92b71ebb27d6dbfb387c70df516f225f067e4dfea40157df365d3,validation_006,1,5,169573068,11,,
47,9.4,B_front,background_mainline,True,,260.0,0.0,,,,,,,,,,,,,,,,,,,,,,65030,0,b63d9a6a59c92b71ebb27d6dbfb387c70df516f225f067e4dfea40157df365d3,validation_006,1,5,169573068,11,,
47,9.4,B_rear,background_mainline,True,,159.0612455860281,15.245279975570705,,,,,,,,,,,,,,,,,,,,,,65030,0,b63d9a6a59c92b71ebb27d6dbfb387c70df516f225f067e4dfea40157df365d3,validation_006,1,5,169573068,11,,
48,9.600000000000001,A,ramp,False,True,261.2000000000005,0.0,0,maintain,0.0,0.0,192.0000000000006,16.0,0,0,inactive-active,-0.08884792774915695,0.04365618899464607,-0.06204350292682648,1,0.04365618899464607,-0.06204350292682648,0.10569969192147255,0.13250411674380302,"[true, true, true]",False,False,False,65030,0,b63d9a6a59c92b71ebb27d6dbfb387c70df516f225f067e4dfea40157df365d3,validation_006,1,5,169573068,11,,
48,9.600000000000001,B,mainline,True,False,192.0000000000006,16.0,0,maintain,0.0,0.0,261.2000000000005,0.0,0,0,inactive-active,-0.051726341247558594,-0.07989282160997391,-0.13354097306728363,0,-0.051726341247558594,-0.07989282160997391,0.028166480362415314,0.08181463181972504,"[true, true, true]",False,False,False,65030,0,b63d9a6a59c92b71ebb27d6dbfb387c70df516f225f067e4dfea40157df365d3,validation_006,1,5,169573068,11,,
48,9.600000000000001,B_front,background_mainline,True,,260.0,0.0,,,,,,,,,,,,,,,,,,,,,,65030,0,b63d9a6a59c92b71ebb27d6dbfb387c70df516f225f067e4dfea40157df365d3,validation_006,1,5,169573068,11,,
48,9.600000000000001,B_rear,background_mainline,True,,162.11231897784427,15.265371651991549,,,,,,,,,,,,,,,,,,,,,,65030,0,b63d9a6a59c92b71ebb27d6dbfb387c70df516f225f067e4dfea40157df365d3,validation_006,1,5,169573068,11,,
49,9.8,A,ramp,False,True,261.2000000000005,0.0,0,maintain,0.0,0.0,195.20000000000064,16.0,0,0,inactive-active,-0.08917851746082306,0.044599421322345734,-0.06202249228954315,1,0.044599421322345734,-0.06202249228954315,0.10662191361188889,0.1337779387831688,"[true, true, true]",False,False,False,65030,0,b63d9a6a59c92b71ebb27d6dbfb387c70df516f225f067e4dfea40157df365d3,validation_006,1,5,169573068,11,,
49,9.8,B,mainline,True,False,195.20000000000064,16.0,0,maintain,0.0,0.0,261.2000000000005,0.0,0,0,inactive-active,-0.05218973010778427,-0.08143578469753265,-0.13410794734954834,0,-0.05218973010778427,-0.08143578469753265,0.029246054589748383,0.08191821724176407,"[true, true, true]",False,False,False,65030,0,b63d9a6a59c92b71ebb27d6dbfb387c70df516f225f067e4dfea40157df365d3,validation_006,1,5,169573068,11,,
49,9.8,B_front,background_mainline,True,,260.0,0.0,,,,,,,,,,,,,,,,,,,,,,65030,0,b63d9a6a59c92b71ebb27d6dbfb387c70df516f225f067e4dfea40157df365d3,validation_006,1,5,169573068,11,,
49,9.8,B_rear,background_mainline,True,,165.1673582614051,15.284939936528737,,,,,,,,,,,,,,,,,,,,,,65030,0,b63d9a6a59c92b71ebb27d6dbfb387c70df516f225f067e4dfea40157df365d3,validation_006,1,5,169573068,11,,
50,10.0,A,ramp,False,True,261.2000000000005,0.0,0,maintain,0.0,0.0,198.4000000000007,16.0,0,0,inactive-active,-0.08951037377119064,0.04554266482591629,-0.062001392245292664,1,0.04554266482591629,-0.062001392245292664,0.10754405707120895,0.13505303859710693,"[true, true, true]",False,False,False,65030,0,b63d9a6a59c92b71ebb27d6dbfb387c70df516f225f067e4dfea40157df365d3,validation_006,1,5,169573068,11,,
50,10.0,B,mainline,True,False,198.4000000000007,16.0,0,maintain,0.0,0.0,261.2000000000005,0.0,0,0,inactive-active,-0.05273903161287308,-0.08324488997459412,-0.1346411406993866,0,-0.05273903161287308,-0.08324488997459412,0.03050585836172104,0.08190210908651352,"[true, true, true]",False,False,False,65030,0,b63d9a6a59c92b71ebb27d6dbfb387c70df516f225f067e4dfea40157df365d3,validation_006,1,5,169573068,11,,
50,10.0,B_front,background_mainline,True,,260.0,0.0,,,,,,,,,,,,,,,,,,,,,,65030,0,b63d9a6a59c92b71ebb27d6dbfb387c70df516f225f067e4dfea40157df365d3,validation_006,1,5,169573068,11,,
50,10.0,B_rear,background_mainline,True,,168.22625946150126,15.303992015884539,,,,,,,,,,,,,,,,,,,,,,65030,0,b63d9a6a59c92b71ebb27d6dbfb387c70df516f225f067e4dfea40157df365d3,validation_006,1,5,169573068,11,,
51,10.200000000000001,A,ramp,False,True,261.2000000000005,0.0,0,maintain,0.0,0.0,201.60000000000073,16.0,0,0,inactive-active,-0.09001124650239944,0.04625709727406502,-0.062115803360939026,1,0.04625709727406502,-0.062115803360939026,0.10837290063500404,0.13626834377646446,"[true, true, true]",False,False,False,65030,0,b63d9a6a59c92b71ebb27d6dbfb387c70df516f225f067e4dfea40157df365d3,validation_006,1,5,169573068,11,,
51,10.200000000000001,B,mainline,True,False,201.60000000000073,16.0,0,maintain,0.0,0.0,261.2000000000005,0.0,0,0,inactive-active,-0.05328809469938278,-0.08505631238222122,-0.1351742148399353,0,-0.05328809469938278,-0.08505631238222122,0.03176821768283844,0.08188612014055252,"[true, true, true]",False,False,False,65030,0,b63d9a6a59c92b71ebb27d6dbfb387c70df516f225f067e4dfea40157df365d3,validation_006,1,5,169573068,11,,
51,10.200000000000001,B_front,background_mainline,True,,260.0,0.0,,,,,,,,,,,,,,,,,,,,,,65030,0,b63d9a6a59c92b71ebb27d6dbfb387c70df516f225f067e4dfea40157df365d3,validation_006,1,5,169573068,11,,
51,10.200000000000001,B_rear,background_mainline,True,,171.2889201333773,15.322535980840403,,,,,,,,,,,,,,,,,,,,,,65030,0,b63d9a6a59c92b71ebb27d6dbfb387c70df516f225f067e4dfea40157df365d3,validation_006,1,5,169573068,11,,
52,10.4,A,ramp,False,True,261.2000000000005,0.0,0,maintain,0.0,0.0,204.80000000000078,16.0,0,0,inactive-active,-0.09062743186950684,0.0468159057199955,-0.06232239305973053,1,0.0468159057199955,-0.06232239305973053,0.10913829877972603,0.13744333758950233,"[true, true, true]",False,False,False,65030,0,b63d9a6a59c92b71ebb27d6dbfb387c70df516f225f067e4dfea40157df365d3,validation_006,1,5,169573068,11,,
52,10.4,B,mainline,True,False,204.80000000000078,16.0,0,maintain,0.0,0.0,261.2000000000005,0.0,0,0,inactive-active,-0.05383695662021637,-0.08686995506286621,-0.13570711016654968,0,-0.05383695662021637,-0.08686995506286621,0.03303299844264984,0.08187015354633331,"[true, true, true]",False,False,False,65030,0,b63d9a6a59c92b71ebb27d6dbfb387c70df516f225f067e4dfea40157df365d3,validation_006,1,5,169573068,11,,
52,10.4,B_front,background_mainline,True,,260.0,0.0,,,,,,,,,,,,,,,,,,,,,,65030,0,b63d9a6a59c92b71ebb27d6dbfb387c70df516f225f067e4dfea40157df365d3,validation_006,1,5,169573068,11,,
52,10.4,B_rear,background_mainline,True,,174.35523952699975,15.340580664184394,,,,,,,,,,,,,,,,,,,,,,65030,0,b63d9a6a59c92b71ebb27d6dbfb387c70df516f225f067e4dfea40157df365d3,validation_006,1,5,169573068,11,,
53,10.600000000000001,A,ramp,False,True,261.2000000000005,0.0,0,maintain,0.0,0.0,208.00000000000082,16.0,0,0,inactive-active,-0.09123995900154114,0.04736819863319397,-0.06252254545688629,1,0.04736819863319397,-0.06252254545688629,0.10989074409008026,0.1386081576347351,"[true, true, true]",False,False,False,65030,0,b63d9a6a59c92b71ebb27d6dbfb387c70df516f225f067e4dfea40157df365d3,validation_006,1,5,169573068,11,,
53,10.600000000000001,B,mainline,True,False,208.00000000000082,16.0,0,maintain,0.0,0.0,261.2000000000005,0.0,0,0,inactive-active,-0.05438560992479324,-0.08868582546710968,-0.1362399160861969,0,-0.05438560992479324,-0.08868582546710968,0.03430021554231644,0.08185430616140366,"[true, true, true]",False,False,False,65030,0,b63d9a6a59c92b71ebb27d6dbfb387c70df516f225f067e4dfea40157df365d3,validation_006,1,5,169573068,11,,
53,10.600000000000001,B_front,background_mainline,True,,260.0,0.0,,,,,,,,,,,,,,,,,,,,,,65030,0,b63d9a6a59c92b71ebb27d6dbfb387c70df516f225f067e4dfea40157df365d3,validation_006,1,5,169573068,11,,
53,10.600000000000001,B_rear,background_mainline,True,,177.42511872099786,15.35813549910244,,,,,,,,,,,,,,,,,,,,,,65030,0,b63d9a6a59c92b71ebb27d6dbfb387c70df516f225f067e4dfea40157df365d3,validation_006,1,5,169573068,11,,
54,10.8,A,ramp,False,True,261.2000000000005,0.0,0,maintain,0.0,0.0,211.20000000000087,16.0,0,0,inactive-active,-0.09185142815113068,0.047917306423187256,-0.06271964311599731,1,0.047917306423187256,-0.06271964311599731,0.11063694953918457,0.13976873457431793,"[true, true, true]",False,False,False,65030,0,b63d9a6a59c92b71ebb27d6dbfb387c70df516f225f067e4dfea40157df365d3,validation_006,1,5,169573068,11,,
54,10.8,B,mainline,True,False,211.20000000000087,16.0,0,maintain,0.0,0.0,261.2000000000005,0.0,0,0,inactive-active,-0.05493403226137161,-0.09050378203392029,-0.13677257299423218,0,-0.05493403226137161,-0.09050378203392029,0.035569749772548676,0.08183854073286057,"[true, true, true]",False,False,False,65030,0,b63d9a6a59c92b71ebb27d6dbfb387c70df516f225f067e4dfea40157df365d3,validation_006,1,5,169573068,11,,
54,10.8,B_front,background_mainline,True,,260.0,0.0,,,,,,,,,,,,,,,,,,,,,,65030,0,b63d9a6a59c92b71ebb27d6dbfb387c70df516f225f067e4dfea40157df365d3,validation_006,1,5,169573068,11,,
54,10.8,B_rear,background_mainline,True,,180.4984607301201,15.375210395588775,,,,,,,,,,,,,,,,,,,,,,65030,0,b63d9a6a59c92b71ebb27d6dbfb387c70df516f225f067e4dfea40157df365d3,validation_006,1,5,169573068,11,,
55,11.0,A,ramp,False,True,261.2000000000005,0.0,0,maintain,0.0,0.0,214.40000000000092,16.0,0,0,inactive-active,-0.09245169907808304,0.04846023768186569,-0.06289137899875641,1,0.04846023768186569,-0.06289137899875641,0.1113516166806221,0.14091193675994873,"[true, true, true]",False,False,False,65030,0,b63d9a6a59c92b71ebb27d6dbfb387c70df516f225f067e4dfea40157df365d3,validation_006,1,5,169573068,11,,
55,11.0,B,mainline,True,False,214.40000000000092,16.0,0,maintain,0.0,0.0,261.2000000000005,0.0,0,0,inactive-active,-0.055541232228279114,-0.09229026734828949,-0.13722963631153107,0,-0.055541232228279114,-0.09229026734828949,0.036749035120010376,0.08168840408325195,"[true, true, true]",False,False,False,65030,0,b63d9a6a59c92b71ebb27d6dbfb387c70df516f225f067e4dfea40157df365d3,validation_006,1,5,169573068,11,,
55,11.0,B_front,background_mainline,True,,260.0,0.0,,,,,,,,,,,,,,,,,,,,,,65030,0,b63d9a6a59c92b71ebb27d6dbfb387c70df516f225f067e4dfea40157df365d3,validation_006,1,5,169573068,11,,
55,11.0,B_rear,background_mainline,True,,183.57517058959195,15.391815632733461,,,,,,,,,,,,,,,,,,,,,,65030,0,b63d9a6a59c92b71ebb27d6dbfb387c70df516f225f067e4dfea40157df365d3,validation_006,1,5,169573068,11,,
56,11.200000000000001,A,ramp,False,True,261.2000000000005,0.0,0,maintain,0.0,0.0,217.60000000000096,16.0,0,0,inactive-active,-0.09300968050956726,0.04899562895298004,-0.06300045549869537,1,0.04899562895298004,-0.06300045549869537,0.11199608445167542,0.1420053094625473,"[true, true, true]",False,False,False,65030,0,b63d9a6a59c92b71ebb27d6dbfb387c70df516f225f067e4dfea40157df365d3,validation_006,1,5,169573068,11,,
56,11.200000000000001,B,mainline,True,False,217.60000000000096,16.0,0,maintain,0.0,0.0,261.2000000000005,0.0,0,0,inactive-active,-0.05619735270738602,-0.0940508246421814,-0.13762371242046356,0,-0.05619735270738602,-0.0940508246421814,0.03785347193479538,0.08142635971307755,"[true, true, true]",False,False,False,65030,0,b63d9a6a59c92b71ebb27d6dbfb387c70df516f225f067e4dfea40157df365d3,validation_006,1,5,169573068,11,,
56,11.200000000000001,B_front,background_mainline,True,,260.0,0.0,,,,,,,,,,,,,,,,,,,,,,65030,0,b63d9a6a59c92b71ebb27d6dbfb387c70df516f225f067e4dfea40157df365d3,validation_006,1,5,169573068,11,,
56,11.200000000000001,B_rear,background_mainline,True,,186.65515541935838,15.407961765006437,,,,,,,,,,,,,,,,,,,,,,65030,0,b63d9a6a59c92b71ebb27d6dbfb387c70df516f225f067e4dfea40157df365d3,validation_006,1,5,169573068,11,,
57,11.4,A,ramp,False,True,261.2000000000005,0.0,0,maintain,0.0,0.0,220.800000000001,16.0,0,0,inactive-active,-0.09351027011871338,0.04962259903550148,-0.06322027742862701,1,0.04962259903550148,-0.06322027742862701,0.1128428764641285,0.14313286915421486,"[true, true, true]",False,False,False,65030,0,b63d9a6a59c92b71ebb27d6dbfb387c70df516f225f067e4dfea40157df365d3,validation_006,1,5,169573068,11,,
57,11.4,B,mainline,True,False,220.800000000001,16.0,0,maintain,0.0,0.0,261.2000000000005,0.0,0,0,inactive-active,-0.056853339076042175,-0.09581328928470612,-0.13801757991313934,0,-0.056853339076042175,-0.09581328928470612,0.03895995020866394,0.08116424083709717,"[true, true, true]",False,False,False,65030,0,b63d9a6a59c92b71ebb27d6dbfb387c70df516f225f067e4dfea40157df365d3,validation_006,1,5,169573068,11,,
57,11.4,B_front,background_mainline,True,,260.0,0.0,,,,,,,,,,,,,,,,,,,,,,65030,0,b63d9a6a59c92b71ebb27d6dbfb387c70df516f225f067e4dfea40157df365d3,validation_006,1,5,169573068,11,,
57,11.4,B_rear,background_mainline,True,,189.73832447084143,15.423659540884405,,,,,,,,,,,,,,,,,,,,,,65030,0,b63d9a6a59c92b71ebb27d6dbfb387c70df516f225f067e4dfea40157df365d3,validation_006,1,5,169573068,11,,
58,11.600000000000001,A,ramp,False,True,261.2000000000005,0.0,0,maintain,0.0,0.0,224.00000000000105,16.0,0,0,inactive-active,-0.09401203691959381,0.05024939030408859,-0.06344015896320343,1,0.05024939030408859,-0.06344015896320343,0.11368954926729202,0.1442614272236824,"[true, true, true]",False,False,False,65030,0,b63d9a6a59c92b71ebb27d6dbfb387c70df516f225f067e4dfea40157df365d3,validation_006,1,5,169573068,11,,
58,11.600000000000001,B,mainline,True,False,224.00000000000105,16.0,0,maintain,0.0,0.0,261.2000000000005,0.0,0,0,inactive-active,-0.057490274310112,-0.09746969491243362,-0.1384407877922058,0,-0.057490274310112,-0.09746969491243362,0.039979420602321625,0.08095051348209381,"[true, true, true]",False,False,False,65030,0,b63d9a6a59c92b71ebb27d6dbfb387c70df516f225f067e4dfea40157df365d3,validation_006,1,5,169573068,11,,
58,11.600000000000001,B_front,background_mainline,True,,260.0,0.0,,,,,,,,,,,,,,,,,,,,,,65030,0,b63d9a6a59c92b71ebb27d6dbfb387c70df516f225f067e4dfea40157df365d3,validation_006,1,5,169573068,11,,
58,11.600000000000001,B_rear,background_mainline,True,,192.8245891585334,15.438919832364254,,,,,,,,,,,,,,,,,,,,,,65030,0,b63d9a6a59c92b71ebb27d6dbfb387c70df516f225f067e4dfea40157df365d3,validation_006,1,5,169573068,11,,
59,11.8,A,ramp,False,True,261.2000000000005,0.0,0,maintain,0.0,0.0,227.2000000000011,16.0,0,0,inactive-active,-0.09451495856046677,0.05087602138519287,-0.06366004049777985,1,0.05087602138519287,-0.06366004049777985,0.11453606188297272,0.14539097994565964,"[true, true, true]",False,False,False,65030,0,b63d9a6a59c92b71ebb27d6dbfb387c70df516f225f067e4dfea40157df365d3,validation_006,1,5,169573068,11,,
59,11.8,B,mainline,True,False,227.2000000000011,16.0,0,maintain,0.0,0.0,261.2000000000005,0.0,0,0,inactive-active,-0.058066338300704956,-0.09878160804510117,-0.1389586627483368,0,-0.058066338300704956,-0.09878160804510117,0.04071526974439621,0.08089232444763184,"[true, true, true]",False,False,False,65030,0,b63d9a6a59c92b71ebb27d6dbfb387c70df516f225f067e4dfea40157df365d3,validation_006,1,5,169573068,11,,
59,11.8,B_front,background_mainline,True,,260.0,0.0,,,,,,,,,,,,,,,,,,,,,,65030,0,b63d9a6a59c92b71ebb27d6dbfb387c70df516f225f067e4dfea40157df365d3,validation_006,1,5,169573068,11,,
59,11.8,B_rear,background_mainline,True,,195.91386307847168,15.453753574078766,,,,,,,,,,,,,,,,,,,,,,65030,0,b63d9a6a59c92b71ebb27d6dbfb387c70df516f225f067e4dfea40157df365d3,validation_006,1,5,169573068,11,,
60,12.0,A,ramp,False,True,261.2000000000005,0.0,0,maintain,0.0,0.0,230.40000000000114,16.0,0,0,inactive-active,-0.0949123427271843,0.051831457763910294,-0.06352697312831879,1,0.051831457763910294,-0.06352697312831879,0.11535843089222908,0.1467438004910946,"[true, true, true]",False,False,False,65030,0,b63d9a6a59c92b71ebb27d6dbfb387c70df516f225f067e4dfea40157df365d3,validation_006,1,5,169573068,11,,
60,12.0,B,mainline,True,False,230.40000000000114,16.0,0,maintain,0.0,0.0,261.2000000000005,0.0,0,0,inactive-active,-0.058642223477363586,-0.1000947654247284,-0.1394764482975006,0,-0.058642223477363586,-0.1000947654247284,0.04145254194736481,0.08083422482013702,"[true, true, true]",False,False,False,65030,0,b63d9a6a59c92b71ebb27d6dbfb387c70df516f225f067e4dfea40157df365d3,validation_006,1,5,169573068,11,,
60,12.0,B_front,background_mainline,True,,260.0,0.0,,,,,,,,,,,,,,,,,,,,,,65030,0,b63d9a6a59c92b71ebb27d6dbfb387c70df516f225f067e4dfea40157df365d3,validation_006,1,5,169573068,11,,
60,12.0,B_rear,background_mainline,True,,199.0060620154001,15.468171710880918,,,,,,,,,,,,,,,,,,,,,,65030,0,b63d9a6a59c92b71ebb27d6dbfb387c70df516f225f067e4dfea40157df365d3,validation_006,1,5,169573068,11,,
61,12.200000000000001,A,ramp,False,True,261.2000000000005,0.0,0,maintain,0.0,0.0,233.6000000000012,16.0,0,0,inactive-active,-0.0951775535941124,0.052745405584573746,-0.06344078481197357,1,0.052745405584573746,-0.06344078481197357,0.11618619039654732,0.14792295917868614,"[true, true, true]",False,False,False,65030,0,b63d9a6a59c92b71ebb27d6dbfb387c70df516f225f067e4dfea40157df365d3,validation_006,1,5,169573068,11,,
61,12.200000000000001,B,mainline,True,False,233.6000000000012,16.0,0,maintain,0.0,0.0,261.2000000000005,0.0,0,0,inactive-active,-0.05921788513660431,-0.10140913724899292,-0.13999421894550323,0,-0.05921788513660431,-0.10140913724899292,0.04219125211238861,0.08077633380889893,"[true, true, true]",False,False,False,65030,0,b63d9a6a59c92b71ebb27d6dbfb387c70df516f225f067e4dfea40157df365d3,validation_006,1,5,169573068,11,,
61,12.200000000000001,B_front,background_mainline,True,,260.0,0.0,,,,,,,,,,,,,,,,,,,,,,65030,0,b63d9a6a59c92b71ebb27d6dbfb387c70df516f225f067e4dfea40157df365d3,validation_006,1,5,169573068,11,,
61,12.200000000000001,B_rear,background_mainline,True,,202.10110394020873,15.482185152894932,,,,,,,,,,,,,,,,,,,,,,65030,0,b63d9a6a59c92b71ebb27d6dbfb387c70df516f225f067e4dfea40157df365d3,validation_006,1,5,169573068,11,,
62,12.4,A,ramp,False,True,261.2000000000005,0.0,0,maintain,0.0,0.0,236.80000000000123,16.0,0,0,inactive-active,-0.09524247795343399,0.053671639412641525,-0.06321732699871063,1,0.053671639412641525,-0.06321732699871063,0.11688896641135216,0.14891411736607552,"[true, true, true]",False,False,False,65030,0,b63d9a6a59c92b71ebb27d6dbfb387c70df516f225f067e4dfea40157df365d3,validation_006,1,5,169573068,11,,
62,12.4,B,mainline,True,False,236.80000000000123,16.0,0,maintain,0.0,0.0,261.2000000000005,0.0,0,0,inactive-active,-0.060042254626750946,-0.10267700254917145,-0.14016900956630707,0,-0.060042254626750946,-0.10267700254917145,0.0426347479224205,0.08012675493955612,"[true, true, true]",False,False,False,65030,0,b63d9a6a59c92b71ebb27d6dbfb387c70df516f225f067e4dfea40157df365d3,validation_006,1,5,169573068,11,,
62,12.4,B_front,background_mainline,True,,260.0,0.0,,,,,,,,,,,,,,,,,,,,,,65030,0,b63d9a6a59c92b71ebb27d6dbfb387c70df516f225f067e4dfea40157df365d3,validation_006,1,5,169573068,11,,
62,12.4,B_rear,background_mainline,True,,205.19890899905496,15.495804737147965,,,,,,,,,,,,,,,,,,,,,,65030,0,b63d9a6a59c92b71ebb27d6dbfb387c70df516f225f067e4dfea40157df365d3,validation_006,1,5,169573068,11,,
63,12.600000000000001,A,ramp,False,True,261.2000000000005,0.0,0,maintain,0.0,0.0,240.00000000000128,16.0,0,0,inactive-active,-0.09521667659282684,0.05468297749757767,-0.0627509206533432,1,0.05468297749757767,-0.0627509206533432,0.11743389815092087,0.1498996540904045,"[true, true, true]",False,False,False,65030,0,b63d9a6a59c92b71ebb27d6dbfb387c70df516f225f067e4dfea40157df365d3,validation_006,1,5,169573068,11,,
63,12.600000000000001,B,mainline,True,False,240.00000000000128,16.0,0,maintain,0.0,0.0,261.2000000000005,0.0,0,0,inactive-active,-0.06093345582485199,-0.1039331927895546,-0.14025133848190308,0,-0.06093345582485199,-0.1039331927895546,0.042999736964702606,0.07931788265705109,"[true, true, true]",False,False,False,65030,0,b63d9a6a59c92b71ebb27d6dbfb387c70df516f225f067e4dfea40157df365d3,validation_006,1,5,169573068,11,,
63,12.600000000000001,B_front,background_mainline,True,,260.0,0.0,,,,,,,,,,,,,,,,,,,,,,65030,0,b63d9a6a59c92b71ebb27d6dbfb387c70df516f225f067e4dfea40157df365d3,validation_006,1,5,169573068,11,,
63,12.600000000000001,B_rear,background_mainline,True,,208.29939949540187,15.50904119499832,,,,,,,,,,,,,,,,,,,,,,65030,0,b63d9a6a59c92b71ebb27d6dbfb387c70df516f225f067e4dfea40157df365d3,validation_006,1,5,169573068,11,,
64,12.8,A,ramp,False,True,261.2000000000005,0.0,0,maintain,0.0,0.0,243.20000000000132,16.0,0,0,inactive-active,-0.09539976716041565,0.055871542543172836,-0.06271287798881531,1,0.055871542543172836,-0.06271287798881531,0.11858442053198814,0.15127130970358849,"[true, true, true]",False,False,False,65030,0,b63d9a6a59c92b71ebb27d6dbfb387c70df516f225f067e4dfea40157df365d3,validation_006,1,5,169573068,11,,
64,12.8,B,mainline,True,False,243.20000000000132,16.0,0,maintain,0.0,0.0,261.2000000000005,0.0,0,0,inactive-active,-0.061631955206394196,-0.10511370003223419,-0.14041809737682343,0,-0.061631955206394196,-0.10511370003223419,0.043481744825839996,0.07878614217042923,"[true, true, true]",False,False,False,65030,0,b63d9a6a59c92b71ebb27d6dbfb387c70df516f225f067e4dfea40157df365d3,validation_006,1,5,169573068,11,,
64,12.8,B_front,background_mainline,True,,260.0,0.0,,,,,,,,,,,,,,,,,,,,,,65030,0,b63d9a6a59c92b71ebb27d6dbfb387c70df516f225f067e4dfea40157df365d3,validation_006,1,5,169573068,11,,
64,12.8,B_rear,background_mainline,True,,211.40249986606284,15.52190512466564,,,,,,,,,,,,,,,,,,,,,,65030,0,b63d9a6a59c92b71ebb27d6dbfb387c70df516f225f067e4dfea40157df365d3,validation_006,1,5,169573068,11,,
65,13.0,A,ramp,False,True,261.2000000000005,0.0,0,maintain,0.0,0.0,246.40000000000137,16.0,0,0,inactive-active,-0.09562121331691742,0.05709196627140045,-0.06275179982185364,1,0.05709196627140045,-0.06275179982185364,0.11984376609325409,0.15271317958831787,"[true, true, true]",False,False,False,65030,0,b63d9a6a59c92b71ebb27d6dbfb387c70df516f225f067e4dfea40157df365d3,validation_006,1,5,169573068,11,,
65,13.0,B,mainline,True,False,246.40000000000137,16.0,0,maintain,0.0,0.0,261.2000000000005,0.0,0,0,inactive-active,-0.062323130667209625,-0.10629244148731232,-0.1405879408121109,0,-0.062323130667209625,-0.10629244148731232,0.04396931082010269,0.07826481014490128,"[true, true, true]",False,False,False,65030,0,b63d9a6a59c92b71ebb27d6dbfb387c70df516f225f067e4dfea40157df365d3,validation_006,1,5,169573068,11,,
65,13.0,B_front,background_mainline,True,,260.0,0.0,,,,,,,,,,,,,,,,,,,,,,65030,0,b63d9a6a59c92b71ebb27d6dbfb387c70df516f225f067e4dfea40157df365d3,validation_006,1,5,169573068,11,,
65,13.0,B_rear,background_mainline,True,,214.50813665220983,15.534406968247932,,,,,,,,,,,,,,,,,,,,,,65030,0,b63d9a6a59c92b71ebb27d6dbfb387c70df516f225f067e4dfea40157df365d3,validation_006,1,5,169573068,11,,
66,13.200000000000001,A,ramp,False,True,261.2000000000005,0.0,0,maintain,0.0,0.0,249.60000000000142,16.0,0,0,inactive-active,-0.09584353864192963,0.05831228196620941,-0.06279054284095764,1,0.05831228196620941,-0.06279054284095764,0.12110282480716705,0.15415582060813904,"[true, true, true]",False,False,False,65030,0,b63d9a6a59c92b71ebb27d6dbfb387c70df516f225f067e4dfea40157df365d3,validation_006,1,5,169573068,11,,
66,13.200000000000001,B,mainline,True,False,249.60000000000142,16.0,0,maintain,0.0,0.0,261.2000000000005,0.0,0,0,inactive-active,-0.06301410496234894,-0.10747227072715759,-0.1407577246427536,0,-0.06301410496234894,-0.10747227072715759,0.044458165764808655,0.07774361968040466,"[true, true, true]",False,False,False,65030,0,b63d9a6a59c92b71ebb27d6dbfb387c70df516f225f067e4dfea40157df365d3,validation_006,1,5,169573068,11,,
66,13.200000000000001,B_front,background_mainline,True,,260.0,0.0,,,,,,,,,,,,,,,,,,,,,,65030,0,b63d9a6a59c92b71ebb27d6dbfb387c70df516f225f067e4dfea40157df365d3,validation_006,1,5,169573068,11,,
66,13.200000000000001,B_rear,background_mainline,True,,217.61623846618735,15.546556992680133,,,,,,,,,,,,,,,,,,,,,,65030,0,b63d9a6a59c92b71ebb27d6dbfb387c70df516f225f067e4dfea40157df365d3,validation_006,1,5,169573068,11,,
67,13.4,A,ramp,False,True,261.2000000000005,0.0,0,maintain,0.0,0.0,252.80000000000146,16.0,0,0,inactive-active,-0.0960666835308075,0.05953250080347061,-0.06282910704612732,1,0.05953250080347061,-0.06282910704612732,0.12236160784959793,0.1555991843342781,"[true, true, true]",False,False,False,65030,0,b63d9a6a59c92b71ebb27d6dbfb387c70df516f225f067e4dfea40157df365d3,validation_006,1,5,169573068,11,,
67,13.4,B,mainline,True,False,252.80000000000146,16.0,0,maintain,0.0,0.0,261.2000000000005,0.0,0,0,inactive-active,-0.063752181828022,-0.10892566293478012,-0.1408204734325409,0,-0.063752181828022,-0.10892566293478012,0.04517348110675812,0.07706829160451889,"[true, true, true]",False,False,False,65030,0,b63d9a6a59c92b71ebb27d6dbfb387c70df516f225f067e4dfea40157df365d3,validation_006,1,5,169573068,11,,
67,13.4,B_front,background_mainline,True,,260.0,0.0,,,,,,,,,,,,,,,,,,,,,,65030,0,b63d9a6a59c92b71ebb27d6dbfb387c70df516f225f067e4dfea40157df365d3,validation_006,1,5,169573068,11,,
67,13.4,B_rear,background_mainline,True,,220.7267359548709,15.558365274150947,,,,,,,,,,,,,,,,,,,,,,65030,0,b63d9a6a59c92b71ebb27d6dbfb387c70df516f225f067e4dfea40157df365d3,validation_006,1,5,169573068,11,,
68,13.600000000000001,A,ramp,False,True,261.2000000000005,0.0,0,maintain,0.0,0.0,256.0000000000015,16.0,0,0,inactive-active,-0.09627121686935425,0.06076367199420929,-0.0628591775894165,1,0.06076367199420929,-0.0628591775894165,0.1236228495836258,0.15703488886356354,"[true, true, true]",False,False,False,65030,0,b63d9a6a59c92b71ebb27d6dbfb387c70df516f225f067e4dfea40157df365d3,validation_006,1,5,169573068,11,,
68,13.600000000000001,B,mainline,True,False,256.0000000000015,16.0,0,maintain,0.0,0.0,261.2000000000005,0.0,0,0,inactive-active,-0.06449516117572784,-0.11040940880775452,-0.14087161421775818,0,-0.06449516117572784,-0.11040940880775452,0.04591424763202667,0.07637645304203033,"[true, true, true]",False,False,False,65030,0,b63d9a6a59c92b71ebb27d6dbfb387c70df516f225f067e4dfea40157df365d3,validation_006,1,5,169573068,11,,
68,13.600000000000001,B_front,background_mainline,True,,260.0,0.0,,,,,,,,,,,,,,,,,,,,,,65030,0,b63d9a6a59c92b71ebb27d6dbfb387c70df516f225f067e4dfea40157df365d3,validation_006,1,5,169573068,11,,
68,13.600000000000001,B_rear,background_mainline,True,,223.8395617602181,15.569841685549527,,,,,,,,,,,,,,,,,,,,,,65030,0,b63d9a6a59c92b71ebb27d6dbfb387c70df516f225f067e4dfea40157df365d3,validation_006,1,5,169573068,11,,
69,13.8,A,ramp,False,True,261.2000000000005,0.0,0,maintain,0.0,0.0,259.2000000000015,16.0,0,0,inactive-active,-0.09647020697593689,0.062026575207710266,-0.06286540627479553,1,0.062026575207710266,-0.06286540627479553,0.1248919814825058,0.15849678218364716,"[true, true, true]",False,True,False,65030,0,b63d9a6a59c92b71ebb27d6dbfb387c70df516f225f067e4dfea40157df365d3,validation_006,1,5,169573068,11,,
69,13.8,B,mainline,True,False,259.2000000000015,16.0,0,maintain,0.0,0.0,261.2000000000005,0.0,0,0,inactive-active,-0.06523799896240234,-0.11189406365156174,-0.14092272520065308,0,-0.06523799896240234,-0.11189406365156174,0.04665606468915939,0.07568472623825073,"[true, true, true]",False,True,False,65030,0,b63d9a6a59c92b71ebb27d6dbfb387c70df516f225f067e4dfea40157df365d3,validation_006,1,5,169573068,11,,
69,13.8,B_front,background_mainline,True,,260.0,0.0,,,,,,,,,,,,,,,,,,,,,,65030,0,b63d9a6a59c92b71ebb27d6dbfb387c70df516f225f067e4dfea40157df365d3,validation_006,1,5,169573068,11,,
69,13.8,B_rear,background_mainline,True,,226.96465350493546,15.713945629744273,,,,,,,,,,,,,,,,,,,,,,65030,0,b63d9a6a59c92b71ebb27d6dbfb387c70df516f225f067e4dfea40157df365d3,validation_006,1,5,169573068,11,,
0,0.0,A,mainline,True,False,28.0,20.0,1,accelerate,0.0,2.0000000000000284,40.4,18.0,1,1,accelerate-accelerate,-0.0375513881444931,0.055457837879657745,-0.013531513512134552,1,0.055457837879657745,-0.013531513512134552,0.0689893513917923,0.09300922602415085,"[true, true, true]",False,False,False,65030,0,b63d9a6a59c92b71ebb27d6dbfb387c70df516f225f067e4dfea40157df365d3,validation_007,0,6,1893012921,12,,
0,0.0,B,ramp,True,False,40.4,18.0,1,accelerate,0.0,2.0000000000000284,28.0,20.0,1,1,accelerate-accelerate,-0.04853636026382446,0.02596697211265564,-0.224069744348526,1,0.02596697211265564,-0.04853636026382446,0.0745033323764801,0.25003671646118164,"[true, true, true]",False,False,False,65030,0,b63d9a6a59c92b71ebb27d6dbfb387c70df516f225f067e4dfea40157df365d3,validation_007,0,6,1893012921,12,,
0,0.0,B_front,background_mainline,True,,120.0,20.0,,,,,,,,,,,,,,,,,,,,,,65030,0,b63d9a6a59c92b71ebb27d6dbfb387c70df516f225f067e4dfea40157df365d3,validation_007,0,6,1893012921,12,,
0,0.0,B_rear,background_mainline,True,,3.947431380829863,19.510886076666747,,,,,,,,,,,,,,,,,,,,,,65030,0,b63d9a6a59c92b71ebb27d6dbfb387c70df516f225f067e4dfea40157df365d3,validation_007,0,6,1893012921,12,,
1,0.2,A,mainline,True,False,32.04,20.400000000000006,1,accelerate,2.0,2.0000000000000284,44.04,18.400000000000006,1,1,accelerate-accelerate,-0.03588489815592766,0.05626406520605087,-0.01465122401714325,1,0.05626406520605087,-0.01465122401714325,0.07091528922319412,0.09214896336197853,"[true, true, true]",False,False,False,65030,0,b63d9a6a59c92b71ebb27d6dbfb387c70df516f225f067e4dfea40157df365d3,validation_007,0,6,1893012921,12,,
1,0.2,B,ramp,True,False,44.04,18.400000000000006,1,accelerate,2.0,2.0000000000000284,32.04,20.400000000000006,1,1,accelerate-accelerate,-0.04879710078239441,0.028181001543998718,-0.227433443069458,1,0.028181001543998718,-0.04879710078239441,0.07697810232639313,0.2556144446134567,"[true, true, true]",False,False,False,65030,0,b63d9a6a59c92b71ebb27d6dbfb387c70df516f225f067e4dfea40157df365d3,validation_007,0,6,1893012921,12,,
1,0.2,B_front,background_mainline,True,,124.0,20.0,,,,,,,,,,,,,,,,,,,,,,65030,0,b63d9a6a59c92b71ebb27d6dbfb387c70df516f225f067e4dfea40157df365d3,validation_007,0,6,1893012921,12,,
1,0.2,B_rear,background_mainline,True,,7.817030369943869,19.207819996757216,,,,,,,,,,,,,,,,,,,,,,65030,0,b63d9a6a59c92b71ebb27d6dbfb387c70df516f225f067e4dfea40157df365d3,validation_007,0,6,1893012921,12,,
2,0.4,A,mainline,True,False,36.160000000000004,20.80000000000001,1,accelerate,2.0,2.0000000000000284,47.76,18.80000000000001,1,1,accelerate-accelerate,-0.03442199155688286,0.05738362297415733,-0.0161898136138916,1,0.05738362297415733,-0.0161898136138916,0.07357343658804893,0.09180561453104019,"[true, true, true]",False,False,False,65030,0,b63d9a6a59c92b71ebb27d6dbfb387c70df516f225f067e4dfea40157df365d3,validation_007,0,6,1893012921,12,,
2,0.4,B,ramp,True,False,47.76,18.80000000000001,1,accelerate,2.0,2.0000000000000284,36.160000000000004,20.80000000000001,1,1,accelerate-accelerate,-0.04908931255340576,0.0301966592669487,-0.23038654029369354,1,0.0301966592669487,-0.04908931255340576,0.07928597182035446,0.26058319956064224,"[true, true, true]",False,False,False,65030,0,b63d9a6a59c92b71ebb27d6dbfb387c70df516f225f067e4dfea40157df365d3,validation_007,0,6,1893012921,12,,
2,0.4,B_front,background_mainline,True,,128.0,20.0,,,,,,,,,,,,,,,,,,,,,,65030,0,b63d9a6a59c92b71ebb27d6dbfb387c70df516f225f067e4dfea40157df365d3,validation_007,0,6,1893012921,12,,
2,0.4,B_rear,background_mainline,True,,11.638681751220439,19.023670782632877,,,,,,,,,,,,,,,,,,,,,,65030,0,b63d9a6a59c92b71ebb27d6dbfb387c70df516f225f067e4dfea40157df365d3,validation_007,0,6,1893012921,12,,
3,0.6000000000000001,A,mainline,True,False,40.36000000000001,21.200000000000017,1,accelerate,2.0,2.0000000000000284,51.56,19.200000000000017,1,1,accelerate-accelerate,-0.033052343875169754,0.05860111862421036,-0.017555207014083862,1,0.05860111862421036,-0.017555207014083862,0.07615632563829422,0.09165346249938011,"[true, true, true]",False,False,False,65030,0,b63d9a6a59c92b71ebb27d6dbfb387c70df516f225f067e4dfea40157df365d3,validation_007,0,6,1893012921,12,,
3,0.6000000000000001,B,ramp,True,False,51.56,19.200000000000017,1,accelerate,2.0,2.0000000000000284,40.36000000000001,21.200000000000017,1,1,accelerate-accelerate,-0.04945092648267746,0.03207588195800781,-0.2330400049686432,1,0.03207588195800781,-0.04945092648267746,0.08152680844068527,0.265115886926651,"[true, true, true]",False,False,False,65030,0,b63d9a6a59c92b71ebb27d6dbfb387c70df516f225f067e4dfea40157df365d3,validation_007,0,6,1893012921,12,,
3,0.6000000000000001,B_front,background_mainline,True,,132.0,20.0,,,,,,,,,,,,,,,,,,,,,,65030,0,b63d9a6a59c92b71ebb27d6dbfb387c70df516f225f067e4dfea40157df365d3,validation_007,0,6,1893012921,12,,
3,0.6000000000000001,B_rear,background_mainline,True,,15.431954034371113,18.919276915308803,,,,,,,,,,,,,,,,,,,,,,65030,0,b63d9a6a59c92b71ebb27d6dbfb387c70df516f225f067e4dfea40157df365d3,validation_007,0,6,1893012921,12,,
4,0.8,A,mainline,True,False,44.64000000000001,21.600000000000023,1,accelerate,2.0,2.0000000000000284,55.440000000000005,19.600000000000023,1,1,accelerate-accelerate,-0.031932637095451355,0.06011423468589783,-0.01921243965625763,1,0.06011423468589783,-0.01921243965625763,0.07932667434215546,0.09204687178134918,"[true, true, true]",False,False,False,65030,0,b63d9a6a59c92b71ebb27d6dbfb387c70df516f225f067e4dfea40157df365d3,validation_007,0,6,1893012921,12,,
4,0.8,B,ramp,True,False,55.440000000000005,19.600000000000023,1,accelerate,2.0,2.0000000000000284,44.64000000000001,21.600000000000023,1,1,accelerate-accelerate,-0.05004369467496872,0.0337466299533844,-0.2357807159423828,1,0.0337466299533844,-0.05004369467496872,0.08379032462835312,0.2695273458957672,"[true, true, true]",False,False,False,65030,0,b63d9a6a59c92b71ebb27d6dbfb387c70df516f225f067e4dfea40157df365d3,validation_007,0,6,1893012921,12,,
4,0.8,B_front,background_mainline,True,,136.0,20.0,,,,,,,,,,,,,,,,,,,,,,65030,0,b63d9a6a59c92b71ebb27d6dbfb387c70df516f225f067e4dfea40157df365d3,validation_007,0,6,1893012921,12,,
4,0.8,B_rear,background_mainline,True,,19.21015294496658,18.869811826831636,,,,,,,,,,,,,,,,,,,,,,65030,0,b63d9a6a59c92b71ebb27d6dbfb387c70df516f225f067e4dfea40157df365d3,validation_007,0,6,1893012921,12,,
5,1.0,A,mainline,True,False,49.000000000000014,22.00000000000003,1,accelerate,2.0,2.0000000000000284,59.40000000000001,20.00000000000003,1,1,accelerate-accelerate,-0.0308210551738739,0.061687082052230835,-0.02081957459449768,1,0.061687082052230835,-0.02081957459449768,0.08250665664672852,0.09250813722610474,"[true, true, true]",False,False,False,65030,0,b63d9a6a59c92b71ebb27d6dbfb387c70df516f225f067e4dfea40157df365d3,validation_007,0,6,1893012921,12,,
5,1.0,B,ramp,True,False,59.40000000000001,20.00000000000003,1,accelerate,2.0,2.0000000000000284,49.000000000000014,22.00000000000003,1,1,accelerate-accelerate,-0.05062521994113922,0.03536945581436157,-0.23851272463798523,1,0.03536945581436157,-0.05062521994113922,0.0859946757555008,0.2738821804523468,"[true, true, true]",False,False,False,65030,0,b63d9a6a59c92b71ebb27d6dbfb387c70df516f225f067e4dfea40157df365d3,validation_007,0,6,1893012921,12,,
5,1.0,B_front,background_mainline,True,,140.0,20.0,,,,,,,,,,,,,,,,,,,,,,65030,0,b63d9a6a59c92b71ebb27d6dbfb387c70df516f225f067e4dfea40157df365d3,validation_007,0,6,1893012921,12,,
5,1.0,B_rear,background_mainline,True,,22.982495064768763,18.858543950116044,,,,,,,,,,,,,,,,,,,,,,65030,0,b63d9a6a59c92b71ebb27d6dbfb387c70df516f225f067e4dfea40157df365d3,validation_007,0,6,1893012921,12,,
6,1.2000000000000002,A,mainline,True,False,53.44000000000002,22.400000000000034,1,accelerate,2.0,2.0000000000000284,63.44000000000002,20.400000000000034,1,1,accelerate-accelerate,-0.029227491468191147,0.06297567486763,-0.022394023835659027,1,0.06297567486763,-0.022394023835659027,0.08536969870328903,0.09220316633582115,"[true, true, true]",False,False,False,65030,0,b63d9a6a59c92b71ebb27d6dbfb387c70df516f225f067e4dfea40157df365d3,validation_007,0,6,1893012921,12,,
6,1.2000000000000002,B,ramp,True,False,63.44000000000002,20.400000000000034,1,accelerate,2.0,2.0000000000000284,53.44000000000002,22.400000000000034,1,1,accelerate-accelerate,-0.051817335188388824,0.036706358194351196,-0.24044807255268097,1,0.036706358194351196,-0.051817335188388824,0.08852369338274002,0.27715443074703217,"[true, true, true]",False,False,False,65030,0,b63d9a6a59c92b71ebb27d6dbfb387c70df516f225f067e4dfea40157df365d3,validation_007,0,6,1893012921,12,,
6,1.2000000000000002,B_front,background_mainline,True,,144.0,20.0,,,,,,,,,,,,,,,,,,,,,,65030,0,b63d9a6a59c92b71ebb27d6dbfb387c70df516f225f067e4dfea40157df365d3,validation_007,0,6,1893012921,12,,
6,1.2000000000000002,B_rear,background_mainline,True,,26.755377931069873,18.8736575091406,,,,,,,,,,,,,,,,,,,,,,65030,0,b63d9a6a59c92b71ebb27d6dbfb387c70df516f225f067e4dfea40157df365d3,validation_007,0,6,1893012921,12,,
7,1.4000000000000001,A,mainline,True,False,57.96000000000003,22.80000000000004,1,accelerate,2.0,2.0000000000000284,67.56000000000003,20.80000000000004,1,1,accelerate-accelerate,-0.02724190056324005,0.06413502991199493,-0.023813843727111816,1,0.06413502991199493,-0.023813843727111816,0.08794887363910675,0.09137693047523499,"[true, true, true]",False,False,False,65030,0,b63d9a6a59c92b71ebb27d6dbfb387c70df516f225f067e4dfea40157df365d3,validation_007,0,6,1893012921,12,,
7,1.4000000000000001,B,ramp,True,False,67.56000000000003,20.80000000000004,1,accelerate,2.0,2.0000000000000284,57.96000000000003,22.80000000000004,1,1,accelerate-accelerate,-0.05346608906984329,0.03758320212364197,-0.24188992381095886,1,0.03758320212364197,-0.05346608906984329,0.09104929119348526,0.27947312593460083,"[true, true, true]",False,False,False,65030,0,b63d9a6a59c92b71ebb27d6dbfb387c70df516f225f067e4dfea40157df365d3,validation_007,0,6,1893012921,12,,
7,1.4000000000000001,B_front,background_mainline,True,,148.0,20.0,,,,,,,,,,,,,,,,,,,,,,65030,0,b63d9a6a59c92b71ebb27d6dbfb387c70df516f225f067e4dfea40157df365d3,validation_007,0,6,1893012921,12,,
7,1.4000000000000001,B_rear,background_mainline,True,,30.533172569358648,18.906498857181067,,,,,,,,,,,,,,,,,,,,,,65030,0,b63d9a6a59c92b71ebb27d6dbfb387c70df516f225f067e4dfea40157df365d3,validation_007,0,6,1893012921,12,,
8,1.6,A,mainline,True,False,62.56000000000004,23.200000000000045,1,accelerate,2.0,2.0000000000000284,71.76000000000005,21.200000000000045,1,1,accelerate-accelerate,-0.025761477649211884,0.06432784348726273,-0.02515076845884323,1,0.06432784348726273,-0.02515076845884323,0.08947861194610596,0.09008932113647461,"[true, true, true]",False,False,False,65030,0,b63d9a6a59c92b71ebb27d6dbfb387c70df516f225f067e4dfea40157df365d3,validation_007,0,6,1893012921,12,,
8,1.6,B,ramp,True,False,71.76000000000005,21.200000000000045,1,accelerate,2.0,2.0000000000000284,62.56000000000004,23.200000000000045,1,1,accelerate-accelerate,-0.05515730381011963,0.03754192590713501,-0.24168196320533752,1,0.03754192590713501,-0.05515730381011963,0.09269922971725464,0.27922388911247253,"[true, true, true]",False,False,False,65030,0,b63d9a6a59c92b71ebb27d6dbfb387c70df516f225f067e4dfea40157df365d3,validation_007,0,6,1893012921,12,,
8,1.6,B_front,background_mainline,True,,152.0,20.0,,,,,,,,,,,,,,,,,,,,,,65030,0,b63d9a6a59c92b71ebb27d6dbfb387c70df516f225f067e4dfea40157df365d3,validation_007,0,6,1893012921,12,,
8,1.6,B_rear,background_mainline,True,,34.31874502797599,18.95054867326254,,,,,,,,,,,,,,,,,,,,,,65030,0,b63d9a6a59c92b71ebb27d6dbfb387c70df516f225f067e4dfea40157df365d3,validation_007,0,6,1893012921,12,,
9,1.8,A,mainline,True,False,67.24000000000005,23.60000000000005,1,accelerate,2.0,2.0000000000000284,76.04000000000005,21.60000000000005,1,1,accelerate-accelerate,-0.024683907628059387,0.06438933312892914,-0.025788694620132446,1,0.06438933312892914,-0.024683907628059387,0.08907324075698853,0.09017802774906158,"[true, true, true]",False,False,False,65030,0,b63d9a6a59c92b71ebb27d6dbfb387c70df516f225f067e4dfea40157df365d3,validation_007,0,6,1893012921,12,,
9,1.8,B,ramp,True,False,76.04000000000005,21.60000000000005,1,accelerate,2.0,2.0000000000000284,67.24000000000005,23.60000000000005,1,1,accelerate-accelerate,-0.05650276690721512,0.036957673728466034,-0.23977145552635193,1,0.036957673728466034,-0.05650276690721512,0.09346044063568115,0.27672912925481796,"[true, true, true]",False,False,False,65030,0,b63d9a6a59c92b71ebb27d6dbfb387c70df516f225f067e4dfea40157df365d3,validation_007,0,6,1893012921,12,,
9,1.8,B_front,background_mainline,True,,156.0,20.0,,,,,,,,,,,,,,,,,,,,,,65030,0,b63d9a6a59c92b71ebb27d6dbfb387c70df516f225f067e4dfea40157df365d3,validation_007,0,6,1893012921,12,,
9,1.8,B_rear,background_mainline,True,,38.11381551623222,19.000790506822323,,,,,,,,,,,,,,,,,,,,,,65030,0,b63d9a6a59c92b71ebb27d6dbfb387c70df516f225f067e4dfea40157df365d3,validation_007,0,6,1893012921,12,,
10,2.0,A,mainline,True,False,72.00000000000007,24.000000000000057,1,accelerate,2.0,2.0000000000000284,80.40000000000005,22.000000000000057,1,1,accelerate-accelerate,-0.02344033122062683,0.0643533393740654,-0.02579263597726822,1,0.0643533393740654,-0.02344033122062683,0.08779367059469223,0.09014597535133362,"[true, true, true]",False,False,False,65030,0,b63d9a6a59c92b71ebb27d6dbfb387c70df516f225f067e4dfea40157df365d3,validation_007,0,6,1893012921,12,,
10,2.0,B,ramp,True,False,80.40000000000005,22.000000000000057,1,accelerate,2.0,2.0000000000000284,72.00000000000007,24.000000000000057,1,1,accelerate-accelerate,-0.057853370904922485,0.03635703772306442,-0.23781266808509827,1,0.03635703772306442,-0.057853370904922485,0.09421040862798691,0.2741697058081627,"[true, true, true]",False,False,False,65030,0,b63d9a6a59c92b71ebb27d6dbfb387c70df516f225f067e4dfea40157df365d3,validation_007,0,6,1893012921,12,,
10,2.0,B_front,background_mainline,True,,160.0,20.0,,,,,,,,,,,,,,,,,,,,,,65030,0,b63d9a6a59c92b71ebb27d6dbfb387c70df516f225f067e4dfea40157df365d3,validation_007,0,6,1893012921,12,,
10,2.0,B_rear,background_mainline,True,,41.91921327682362,19.053199202095076,,,,,,,,,,,,,,,,,,,,,,65030,0,b63d9a6a59c92b71ebb27d6dbfb387c70df516f225f067e4dfea40157df365d3,validation_007,0,6,1893012921,12,,
11,2.2,A,mainline,True,False,76.84000000000009,24.400000000000063,1,accelerate,2.0,2.0000000000000284,84.84000000000006,22.400000000000063,1,1,accelerate-accelerate,-0.02201630175113678,0.06470638513565063,-0.026111111044883728,1,0.06470638513565063,-0.02201630175113678,0.08672268688678741,0.09081749618053436,"[true, true, true]",False,False,False,65030,0,b63d9a6a59c92b71ebb27d6dbfb387c70df516f225f067e4dfea40157df365d3,validation_007,0,6,1893012921,12,,
11,2.2,B,ramp,True,False,84.84000000000006,22.400000000000063,1,accelerate,2.0,2.0000000000000284,76.84000000000009,24.400000000000063,1,1,accelerate-accelerate,-0.05920904129743576,0.03574715554714203,-0.2358107566833496,1,0.03574715554714203,-0.05920904129743576,0.09495619684457779,0.27155791223049164,"[true, true, true]",False,False,False,65030,0,b63d9a6a59c92b71ebb27d6dbfb387c70df516f225f067e4dfea40157df365d3,validation_007,0,6,1893012921,12,,
11,2.2,B_front,background_mainline,True,,164.0,20.0,,,,,,,,,,,,,,,,,,,,,,65030,0,b63d9a6a59c92b71ebb27d6dbfb387c70df516f225f067e4dfea40157df365d3,validation_007,0,6,1893012921,12,,
11,2.2,B_rear,background_mainline,True,,45.73495283863411,19.10379719537739,,,,,,,,,,,,,,,,,,,,,,65030,0,b63d9a6a59c92b71ebb27d6dbfb387c70df516f225f067e4dfea40157df365d3,validation_007,0,6,1893012921,12,,
12,2.4000000000000004,A,mainline,True,False,81.76000000000009,24.800000000000068,1,accelerate,2.0,2.0000000000000284,89.36000000000007,22.800000000000068,1,1,accelerate-accelerate,-0.02039770781993866,0.06594900041818619,-0.026143193244934082,1,0.06594900041818619,-0.02039770781993866,0.08634670823812485,0.09209219366312027,"[true, true, true]",False,False,False,65030,0,b63d9a6a59c92b71ebb27d6dbfb387c70df516f225f067e4dfea40157df365d3,validation_007,0,6,1893012921,12,,
12,2.4000000000000004,B,ramp,True,False,89.36000000000007,22.800000000000068,1,accelerate,2.0,2.0000000000000284,81.76000000000009,24.800000000000068,1,1,accelerate-accelerate,-0.06056298315525055,0.035130664706230164,-0.23375622928142548,1,0.035130664706230164,-0.06056298315525055,0.09569364786148071,0.26888689398765564,"[true, true, true]",False,False,False,65030,0,b63d9a6a59c92b71ebb27d6dbfb387c70df516f225f067e4dfea40157df365d3,validation_007,0,6,1893012921,12,,
12,2.4000000000000004,B_front,background_mainline,True,,168.0,20.0,,,,,,,,,,,,,,,,,,,,,,65030,0,b63d9a6a59c92b71ebb27d6dbfb387c70df516f225f067e4dfea40157df365d3,validation_007,0,6,1893012921,12,,
12,2.4000000000000004,B_rear,background_mainline,True,,49.56056018634528,19.151893737715636,,,,,,,,,,,,,,,,,,,,,,65030,0,b63d9a6a59c92b71ebb27d6dbfb387c70df516f225f067e4dfea40157df365d3,validation_007,0,6,1893012921,12,,
13,2.6,A,mainline,True,False,86.7600000000001,25.200000000000074,1,accelerate,2.0,2.0000000000000284,93.96000000000008,23.200000000000074,1,1,accelerate-accelerate,-0.018880195915699005,0.06782380491495132,-0.02587054669857025,1,0.06782380491495132,-0.018880195915699005,0.08670400083065033,0.09369435161352158,"[true, true, true]",False,False,False,65030,0,b63d9a6a59c92b71ebb27d6dbfb387c70df516f225f067e4dfea40157df365d3,validation_007,0,6,1893012921,12,,
13,2.6,B,ramp,True,False,93.96000000000008,23.200000000000074,1,accelerate,2.0,2.0000000000000284,86.7600000000001,25.200000000000074,1,1,accelerate-accelerate,-0.06215723603963852,0.03463244438171387,-0.23156020045280457,1,0.03463244438171387,-0.06215723603963852,0.09678968042135239,0.26619264483451843,"[true, true, true]",False,False,False,65030,0,b63d9a6a59c92b71ebb27d6dbfb387c70df516f225f067e4dfea40157df365d3,validation_007,0,6,1893012921,12,,
13,2.6,B_front,background_mainline,True,,172.0,20.0,,,,,,,,,,,,,,,,,,,,,,65030,0,b63d9a6a59c92b71ebb27d6dbfb387c70df516f225f067e4dfea40157df365d3,validation_007,0,6,1893012921,12,,
13,2.6,B_rear,background_mainline,True,,53.39554560018414,19.197594066893107,,,,,,,,,,,,,,,,,,,,,,65030,0,b63d9a6a59c92b71ebb27d6dbfb387c70df516f225f067e4dfea40157df365d3,validation_007,0,6,1893012921,12,,
14,2.8000000000000003,A,mainline,True,False,91.84000000000012,25.60000000000008,1,accelerate,2.0,2.0000000000000284,98.6400000000001,23.60000000000008,1,1,accelerate-accelerate,-0.0174286887049675,0.069889597594738,-0.02543576806783676,1,0.069889597594738,-0.0174286887049675,0.0873182862997055,0.09532536566257477,"[true, true, true]",False,False,False,65030,0,b63d9a6a59c92b71ebb27d6dbfb387c70df516f225f067e4dfea40157df365d3,validation_007,0,6,1893012921,12,,
14,2.8000000000000003,B,ramp,True,False,98.6400000000001,23.60000000000008,1,accelerate,2.0,2.0000000000000284,91.84000000000012,25.60000000000008,1,1,accelerate-accelerate,-0.06386775523424149,0.034130990505218506,-0.22934521734714508,1,0.034130990505218506,-0.06386775523424149,0.09799874573945999,0.2634762078523636,"[true, true, true]",False,False,False,65030,0,b63d9a6a59c92b71ebb27d6dbfb387c70df516f225f067e4dfea40157df365d3,validation_007,0,6,1893012921,12,,
14,2.8000000000000003,B_front,background_mainline,True,,176.0,20.0,,,,,,,,,,,,,,,,,,,,,,65030,0,b63d9a6a59c92b71ebb27d6dbfb387c70df516f225f067e4dfea40157df365d3,validation_007,0,6,1893012921,12,,
14,2.8000000000000003,B_rear,background_mainline,True,,57.23944010955154,19.24100043735704,,,,,,,,,,,,,,,,,,,,,,65030,0,b63d9a6a59c92b71ebb27d6dbfb387c70df516f225f067e4dfea40157df365d3,validation_007,0,6,1893012921,12,,
15,3.0,A,mainline,True,False,97.00000000000013,26.000000000000085,1,accelerate,2.0,2.0000000000000284,103.40000000000012,24.000000000000085,1,1,accelerate-accelerate,-0.01615135371685028,0.07225911319255829,-0.02472415566444397,1,0.07225911319255829,-0.01615135371685028,0.08841046690940857,0.09698326885700226,"[true, true, true]",False,False,False,65030,0,b63d9a6a59c92b71ebb27d6dbfb387c70df516f225f067e4dfea40157df365d3,validation_007,0,6,1893012921,12,0.9192878161571514,0.4596439080785757
15,3.0,B,ramp,True,False,103.40000000000012,24.000000000000085,1,accelerate,2.0,2.0000000000000284,97.00000000000013,26.000000000000085,1,1,accelerate-accelerate,-0.06564725190401077,0.03344394266605377,-0.2273302674293518,1,0.03344394266605377,-0.06564725190401077,0.09909119457006454,0.2607742100954056,"[true, true, true]",False,False,False,65030,0,b63d9a6a59c92b71ebb27d6dbfb387c70df516f225f067e4dfea40157df365d3,validation_007,0,6,1893012921,12,0.9192878161571514,0.4596439080785757
15,3.0,B_front,background_mainline,True,,180.0,20.0,,,,,,,,,,,,,,,,,,,,,,65030,0,b63d9a6a59c92b71ebb27d6dbfb387c70df516f225f067e4dfea40157df365d3,validation_007,0,6,1893012921,12,,
15,3.0,B_rear,background_mainline,True,,61.09179489671632,19.28221212401568,,,,,,,,,,,,,,,,,,,,,,65030,0,b63d9a6a59c92b71ebb27d6dbfb387c70df516f225f067e4dfea40157df365d3,validation_007,0,6,1893012921,12,,
16,3.2,A,mainline,True,False,102.24000000000015,26.40000000000009,1,accelerate,2.0,2.0000000000000284,108.24000000000014,24.40000000000009,1,1,accelerate-accelerate,-0.012838587164878845,0.07531018555164337,-0.0135936439037323,1,0.07531018555164337,-0.012838587164878845,0.08814877271652222,0.08890382945537567,"[true, true, true]",False,False,False,65030,0,b63d9a6a59c92b71ebb27d6dbfb387c70df516f225f067e4dfea40157df365d3,validation_007,0,6,1893012921,12,0.48168358321007076,0.24084179160503538
16,3.2,B,ramp,True,False,108.24000000000014,24.40000000000009,1,accelerate,2.0,2.0000000000000284,102.24000000000015,26.40000000000009,1,1,accelerate-accelerate,-0.0681065022945404,-0.0420781634747982,-0.18811501562595367,1,-0.0420781634747982,-0.0681065022945404,0.026028338819742203,0.14603685215115547,"[true, true, true]",False,False,False,65030,0,b63d9a6a59c92b71ebb27d6dbfb387c70df516f225f067e4dfea40157df365d3,validation_007,0,6,1893012921,12,0.48168358321007076,0.24084179160503538
16,3.2,B_front,background_mainline,True,,184.0,20.0,,,,,,,,,,,,,,,,,,,,,,65030,0,b63d9a6a59c92b71ebb27d6dbfb387c70df516f225f067e4dfea40157df365d3,validation_007,0,6,1893012921,12,,
16,3.2,B_rear,background_mainline,True,,64.95218070136413,19.321325426913106,,,,,,,,,,,,,,,,,,,,,,65030,0,b63d9a6a59c92b71ebb27d6dbfb387c70df516f225f067e4dfea40157df365d3,validation_007,0,6,1893012921,12,,
17,3.4000000000000004,A,mainline,True,False,107.56000000000017,26.800000000000097,1,accelerate,2.0,2.0000000000000284,113.16000000000017,24.800000000000097,1,1,accelerate-accelerate,-0.012172520160675049,0.07841476798057556,-0.013299442827701569,1,0.07841476798057556,-0.012172520160675049,0.09058728814125061,0.09171421080827713,"[true, true, true]",True,True,False,65030,0,b63d9a6a59c92b71ebb27d6dbfb387c70df516f225f067e4dfea40157df365d3,validation_007,0,6,1893012921,12,0.04824853696017328,0.02412426848008664
17,3.4000000000000004,B,ramp,True,False,113.16000000000017,24.800000000000097,1,accelerate,2.0,2.0000000000000284,107.56000000000017,26.800000000000097,1,1,accelerate-accelerate,-0.06803061068058014,-0.04290039837360382,-0.1859227418899536,1,-0.04290039837360382,-0.06803061068058014,0.02513021230697632,0.1430223435163498,"[true, true, true]",True,True,False,65030,0,b63d9a6a59c92b71ebb27d6dbfb387c70df516f225f067e4dfea40157df365d3,validation_007,0,6,1893012921,12,0.04824853696017328,0.02412426848008664
17,3.4000000000000004,B_front,background_mainline,True,,188.0,20.0,,,,,,,,,,,,,,,,,,,,,,65030,0,b63d9a6a59c92b71ebb27d6dbfb387c70df516f225f067e4dfea40157df365d3,validation_007,0,6,1893012921,12,,
17,3.4000000000000004,B_rear,background_mainline,True,,68.82018722615585,19.35843367668986,,,,,,,,,,,,,,,,,,,,,,65030,0,b63d9a6a59c92b71ebb27d6dbfb387c70df516f225f067e4dfea40157df365d3,validation_007,0,6,1893012921,12,,
0,0.0,A,ramp,True,False,40.4,18.0,1,accelerate,0.0,2.0000000000000284,28.0,20.0,1,0,accelerate-maintain,-0.07927045971155167,0.09251098334789276,-0.04023110121488571,1,0.09251098334789276,-0.04023110121488571,0.13274208456277847,0.17178144305944443,"[true, true, true]",False,False,False,65030,0,b63d9a6a59c92b71ebb27d6dbfb387c70df516f225f067e4dfea40157df365d3,validation_007,1,6,1893012921,13,,
0,0.0,B,mainline,True,False,28.0,20.0,0,maintain,0.0,0.0,40.4,18.0,1,0,accelerate-maintain,-0.014696426689624786,-0.11221423745155334,-0.09626566618680954,0,-0.014696426689624786,-0.09626566618680954,0.08156923949718475,0.09751781076192856,"[true, true, true]",False,False,False,65030,0,b63d9a6a59c92b71ebb27d6dbfb387c70df516f225f067e4dfea40157df365d3,validation_007,1,6,1893012921,13,,
0,0.0,B_front,background_mainline,True,,120.0,20.0,,,,,,,,,,,,,,,,,,,,,,65030,0,b63d9a6a59c92b71ebb27d6dbfb387c70df516f225f067e4dfea40157df365d3,validation_007,1,6,1893012921,13,,
0,0.0,B_rear,background_mainline,True,,3.945792890543582,19.483844969091912,,,,,,,,,,,,,,,,,,,,,,65030,0,b63d9a6a59c92b71ebb27d6dbfb387c70df516f225f067e4dfea40157df365d3,validation_007,1,6,1893012921,13,,
1,0.2,A,ramp,True,False,44.04,18.400000000000006,1,accelerate,2.0,2.0000000000000284,32.0,20.0,1,0,accelerate-maintain,-0.07924050092697144,0.09395773708820343,-0.039268240332603455,1,0.09395773708820343,-0.039268240332603455,0.13322597742080688,0.17319823801517487,"[true, true, true]",False,False,False,65030,0,b63d9a6a59c92b71ebb27d6dbfb387c70df516f225f067e4dfea40157df365d3,validation_007,1,6,1893012921,13,,
1,0.2,B,mainline,True,False,32.0,20.0,0,maintain,0.0,0.0,44.04,18.400000000000006,1,0,accelerate-maintain,-0.01506391167640686,-0.11074124276638031,-0.09569929540157318,0,-0.01506391167640686,-0.09569929540157318,0.08063538372516632,0.09567733108997345,"[true, true, true]",False,False,False,65030,0,b63d9a6a59c92b71ebb27d6dbfb387c70df516f225f067e4dfea40157df365d3,validation_007,1,6,1893012921,13,,
1,0.2,B_front,background_mainline,True,,124.0,20.0,,,,,,,,,,,,,,,,,,,,,,65030,0,b63d9a6a59c92b71ebb27d6dbfb387c70df516f225f067e4dfea40157df365d3,validation_007,1,6,1893012921,13,,
1,0.2,B_rear,background_mainline,True,,7.802789976125999,19.103228823167687,,,,,,,,,,,,,,,,,,,,,,65030,0,b63d9a6a59c92b71ebb27d6dbfb387c70df516f225f067e4dfea40157df365d3,validation_007,1,6,1893012921,13,,
2,0.4,A,ramp,True,False,47.76,18.80000000000001,1,accelerate,2.0,2.0000000000000284,36.0,20.0,1,0,accelerate-maintain,-0.07911503314971924,0.09541059285402298,-0.03841345012187958,1,0.09541059285402298,-0.03841345012187958,0.13382404297590256,0.17452562600374222,"[true, true, true]",False,False,False,65030,0,b63d9a6a59c92b71ebb27d6dbfb387c70df516f225f067e4dfea40157df365d3,validation_007,1,6,1893012921,13,,
2,0.4,B,mainline,True,False,36.0,20.0,0,maintain,0.0,0.0,47.76,18.80000000000001,1,0,accelerate-maintain,-0.015561655163764954,-0.1091136783361435,-0.09503070265054703,0,-0.015561655163764954,-0.09503070265054703,0.07946904748678207,0.09355202317237854,"[true, true, true]",False,False,False,65030,0,b63d9a6a59c92b71ebb27d6dbfb387c70df516f225f067e4dfea40157df365d3,validation_007,1,6,1893012921,13,,
2,0.4,B_front,background_mainline,True,,128.0,20.0,,,,,,,,,,,,,,,,,,,,,,65030,0,b63d9a6a59c92b71ebb27d6dbfb387c70df516f225f067e4dfea40157df365d3,validation_007,1,6,1893012921,13,,
2,0.4,B_rear,background_mainline,True,,11.593368401039545,18.814498512244633,,,,,,,,,,,,,,,,,,,,,,65030,0,b63d9a6a59c92b71ebb27d6dbfb387c70df516f225f067e4dfea40157df365d3,validation_007,1,6,1893012921,13,,
3,0.6000000000000001,A,ramp,True,False,51.56,19.200000000000017,1,accelerate,2.0,2.0000000000000284,40.0,20.0,1,0,accelerate-maintain,-0.07887913286685944,0.09697002917528152,-0.03764236718416214,1,0.09697002917528152,-0.03764236718416214,0.13461239635944366,0.17584916204214096,"[true, true, true]",False,False,False,65030,0,b63d9a6a59c92b71ebb27d6dbfb387c70df516f225f067e4dfea40157df365d3,validation_007,1,6,1893012921,13,,
3,0.6000000000000001,B,mainline,True,False,40.0,20.0,0,maintain,0.0,0.0,51.56,19.200000000000017,1,0,accelerate-maintain,-0.016150683164596558,-0.10740780830383301,-0.09426012635231018,0,-0.016150683164596558,-0.09426012635231018,0.07810944318771362,0.09125712513923645,"[true, true, true]",False,False,False,65030,0,b63d9a6a59c92b71ebb27d6dbfb387c70df516f225f067e4dfea40157df365d3,validation_007,1,6,1893012921,13,,
3,0.6000000000000001,B_front,background_mainline,True,,132.0,20.0,,,,,,,,,,,,,,,,,,,,,,65030,0,b63d9a6a59c92b71ebb27d6dbfb387c70df516f225f067e4dfea40157df365d3,validation_007,1,6,1893012921,13,,
3,0.6000000000000001,B_rear,background_mainline,True,,15.333070330500611,18.591211668736282,,,,,,,,,,,,,,,,,,,,,,65030,0,b63d9a6a59c92b71ebb27d6dbfb387c70df516f225f067e4dfea40157df365d3,validation_007,1,6,1893012921,13,,
4,0.8,A,ramp,True,False,55.440000000000005,19.600000000000023,1,accelerate,2.0,2.0000000000000284,44.0,20.0,1,0,accelerate-maintain,-0.07829131931066513,0.09878149628639221,-0.03691869229078293,1,0.09878149628639221,-0.03691869229078293,0.13570018857717514,0.17707281559705734,"[true, true, true]",False,False,False,65030,0,b63d9a6a59c92b71ebb27d6dbfb387c70df516f225f067e4dfea40157df365d3,validation_007,1,6,1893012921,13,,
4,0.8,B,mainline,True,False,44.0,20.0,0,maintain,0.0,0.0,55.440000000000005,19.600000000000023,1,0,accelerate-maintain,-0.016808822751045227,-0.10568998754024506,-0.09336744248867035,0,-0.016808822751045227,-0.09336744248867035,0.07655861973762512,0.08888116478919983,"[true, true, true]",False,False,False,65030,0,b63d9a6a59c92b71ebb27d6dbfb387c70df516f225f067e4dfea40157df365d3,validation_007,1,6,1893012921,13,,
4,0.8,B_front,background_mainline,True,,136.0,20.0,,,,,,,,,,,,,,,,,,,,,,65030,0,b63d9a6a59c92b71ebb27d6dbfb387c70df516f225f067e4dfea40157df365d3,validation_007,1,6,1893012921,13,,
4,0.8,B_rear,background_mainline,True,,19.03316593289923,18.4162696490176,,,,,,,,,,,,,,,,,,,,,,65030,0,b63d9a6a59c92b71ebb27d6dbfb387c70df516f225f067e4dfea40157df365d3,validation_007,1,6,1893012921,13,,
5,1.0,A,ramp,True,False,59.40000000000001,20.00000000000003,1,accelerate,2.0,2.0000000000000284,48.0,20.0,1,0,accelerate-maintain,-0.07762205600738525,0.10030653327703476,-0.03633711487054825,1,0.10030653327703476,-0.03633711487054825,0.136643648147583,0.17792858928442,"[true, true, true]",False,False,False,65030,0,b63d9a6a59c92b71ebb27d6dbfb387c70df516f225f067e4dfea40157df365d3,validation_007,1,6,1893012921,13,,
5,1.0,B,mainline,True,False,48.0,20.0,0,maintain,0.0,0.0,59.40000000000001,20.00000000000003,1,0,accelerate-maintain,-0.01761952042579651,-0.10399845987558365,-0.0925849974155426,0,-0.01761952042579651,-0.0925849974155426,0.0749654769897461,0.08637893944978714,"[true, true, true]",False,False,False,65030,0,b63d9a6a59c92b71ebb27d6dbfb387c70df516f225f067e4dfea40157df365d3,validation_007,1,6,1893012921,13,,
5,1.0,B_front,background_mainline,True,,140.0,20.0,,,,,,,,,,,,,,,,,,,,,,65030,0,b63d9a6a59c92b71ebb27d6dbfb387c70df516f225f067e4dfea40157df365d3,validation_007,1,6,1893012921,13,,
5,1.0,B_rear,background_mainline,True,,22.702096516872903,18.278056734572637,,,,,,,,,,,,,,,,,,,,,,65030,0,b63d9a6a59c92b71ebb27d6dbfb387c70df516f225f067e4dfea40157df365d3,validation_007,1,6,1893012921,13,,
6,1.2000000000000002,A,ramp,True,False,63.44000000000002,20.400000000000034,1,accelerate,2.0,2.0000000000000284,52.0,20.0,1,0,accelerate-maintain,-0.0769364982843399,0.10044874250888824,-0.036059699952602386,1,0.10044874250888824,-0.036059699952602386,0.13650844246149063,0.17738524079322815,"[true, true, true]",False,False,False,65030,0,b63d9a6a59c92b71ebb27d6dbfb387c70df516f225f067e4dfea40157df365d3,validation_007,1,6,1893012921,13,,
6,1.2000000000000002,B,mainline,True,False,52.0,20.0,0,maintain,0.0,0.0,63.44000000000002,20.400000000000034,1,0,accelerate-maintain,-0.01859060674905777,-0.1023673340678215,-0.09089327603578568,0,-0.01859060674905777,-0.09089327603578568,0.0723026692867279,0.08377672731876373,"[true, true, true]",False,False,False,65030,0,b63d9a6a59c92b71ebb27d6dbfb387c70df516f225f067e4dfea40157df365d3,validation_007,1,6,1893012921,13,,
6,1.2000000000000002,B_front,background_mainline,True,,144.0,20.0,,,,,,,,,,,,,,,,,,,,,,65030,0,b63d9a6a59c92b71ebb27d6dbfb387c70df516f225f067e4dfea40157df365d3,validation_007,1,6,1893012921,13,,
6,1.2000000000000002,B_rear,background_mainline,True,,26.346345420577936,18.168371143538728,,,,,,,,,,,,,,,,,,,,,,65030,0,b63d9a6a59c92b71ebb27d6dbfb387c70df516f225f067e4dfea40157df365d3,validation_007,1,6,1893012921,13,,
7,1.4000000000000001,A,ramp,True,False,67.56000000000003,20.80000000000004,1,accelerate,2.0,2.0000000000000284,56.0,20.0,1,0,accelerate-maintain,-0.0760233998298645,0.10016942769289017,-0.03558478504419327,1,0.10016942769289017,-0.03558478504419327,0.13575421273708344,0.17619282752275467,"[true, true, true]",False,False,False,65030,0,b63d9a6a59c92b71ebb27d6dbfb387c70df516f225f067e4dfea40157df365d3,validation_007,1,6,1893012921,13,,
7,1.4000000000000001,B,mainline,True,False,56.0,20.0,0,maintain,0.0,0.0,67.56000000000003,20.80000000000004,1,0,accelerate-maintain,-0.019659027457237244,-0.10085467249155045,-0.08889798820018768,0,-0.019659027457237244,-0.08889798820018768,0.06923896074295044,0.0811956450343132,"[true, true, true]",False,False,False,65030,0,b63d9a6a59c92b71ebb27d6dbfb387c70df516f225f067e4dfea40157df365d3,validation_007,1,6,1893012921,13,,
7,1.4000000000000001,B_front,background_mainline,True,,148.0,20.0,,,,,,,,,,,,,,,,,,,,,,65030,0,b63d9a6a59c92b71ebb27d6dbfb387c70df516f225f067e4dfea40157df365d3,validation_007,1,6,1893012921,13,,
7,1.4000000000000001,B_rear,background_mainline,True,,29.97099247115752,18.081238737388432,,,,,,,,,,,,,,,,,,,,,,65030,0,b63d9a6a59c92b71ebb27d6dbfb387c70df516f225f067e4dfea40157df365d3,validation_007,1,6,1893012921,13,,
8,1.6,A,ramp,True,False,71.76000000000005,21.200000000000045,1,accelerate,2.0,2.0000000000000284,60.0,20.0,1,0,accelerate-maintain,-0.07507804781198502,0.09988575428724289,-0.03515548259019852,1,0.09988575428724289,-0.03515548259019852,0.1350412368774414,0.1749638020992279,"[true, true, true]",False,False,False,65030,0,b63d9a6a59c92b71ebb27d6dbfb387c70df516f225f067e4dfea40157df365d3,validation_007,1,6,1893012921,13,,
8,1.6,B,mainline,True,False,60.0,20.0,0,maintain,0.0,0.0,71.76000000000005,21.200000000000045,1,0,accelerate-maintain,-0.020667187869548798,-0.09974908828735352,-0.08685913681983948,0,-0.020667187869548798,-0.08685913681983948,0.06619194895029068,0.07908190041780472,"[true, true, true]",False,False,False,65030,0,b63d9a6a59c92b71ebb27d6dbfb387c70df516f225f067e4dfea40157df365d3,validation_007,1,6,1893012921,13,,
8,1.6,B_front,background_mainline,True,,152.0,20.0,,,,,,,,,,,,,,,,,,,,,,65030,0,b63d9a6a59c92b71ebb27d6dbfb387c70df516f225f067e4dfea40157df365d3,validation_007,1,6,1893012921,13,,
8,1.6,B_rear,background_mainline,True,,33.58008240344489,18.012195307757786,,,,,,,,,,,,,,,,,,,,,,65030,0,b63d9a6a59c92b71ebb27d6dbfb387c70df516f225f067e4dfea40157df365d3,validation_007,1,6,1893012921,13,,
9,1.8,A,ramp,True,False,76.04000000000005,21.60000000000005,1,accelerate,2.0,2.0000000000000284,64.0,20.0,1,0,accelerate-maintain,-0.0741703137755394,0.09928770363330841,-0.03497464954853058,1,0.09928770363330841,-0.03497464954853058,0.134262353181839,0.1734580174088478,"[true, true, true]",False,False,False,65030,0,b63d9a6a59c92b71ebb27d6dbfb387c70df516f225f067e4dfea40157df365d3,validation_007,1,6,1893012921,13,,
9,1.8,B,mainline,True,False,64.0,20.0,0,maintain,0.0,0.0,76.04000000000005,21.60000000000005,1,0,accelerate-maintain,-0.02144566923379898,-0.09857885539531708,-0.08439446240663528,0,-0.02144566923379898,-0.08439446240663528,0.0629487931728363,0.0771331861615181,"[true, true, true]",False,False,False,65030,0,b63d9a6a59c92b71ebb27d6dbfb387c70df516f225f067e4dfea40157df365d3,validation_007,1,6,1893012921,13,,
9,1.8,B_front,background_mainline,True,,156.0,20.0,,,,,,,,,,,,,,,,,,,,,,65030,0,b63d9a6a59c92b71ebb27d6dbfb387c70df516f225f067e4dfea40157df365d3,validation_007,1,6,1893012921,13,,
9,1.8,B_rear,background_mainline,True,,37.176878382210035,17.957832915032608,,,,,,,,,,,,,,,,,,,,,,65030,0,b63d9a6a59c92b71ebb27d6dbfb387c70df516f225f067e4dfea40157df365d3,validation_007,1,6,1893012921,13,,
10,2.0,A,ramp,True,False,80.40000000000005,22.000000000000057,1,accelerate,2.0,2.0000000000000284,68.0,20.0,1,0,accelerate-maintain,-0.07323761284351349,0.09868402779102325,-0.034836992621421814,1,0.09868402779102325,-0.034836992621421814,0.13352102041244507,0.17192164063453674,"[true, true, true]",False,False,False,65030,0,b63d9a6a59c92b71ebb27d6dbfb387c70df516f225f067e4dfea40157df365d3,validation_007,1,6,1893012921,13,,
10,2.0,B,mainline,True,False,68.0,20.0,0,maintain,0.0,0.0,80.40000000000005,22.000000000000057,1,0,accelerate-maintain,-0.022238977253437042,-0.09740804135799408,-0.08187876641750336,0,-0.022238977253437042,-0.08187876641750336,0.059639789164066315,0.07516906410455704,"[true, true, true]",False,False,False,65030,0,b63d9a6a59c92b71ebb27d6dbfb387c70df516f225f067e4dfea40157df365d3,validation_007,1,6,1893012921,13,,
10,2.0,B_front,background_mainline,True,,160.0,20.0,,,,,,,,,,,,,,,,,,,,,,65030,0,b63d9a6a59c92b71ebb27d6dbfb387c70df516f225f067e4dfea40157df365d3,validation_007,1,6,1893012921,13,,
10,2.0,B_rear,background_mainline,True,,40.7640416374725,17.91550248138286,,,,,,,,,,,,,,,,,,,,,,65030,0,b63d9a6a59c92b71ebb27d6dbfb387c70df516f225f067e4dfea40157df365d3,validation_007,1,6,1893012921,13,,
11,2.2,A,ramp,True,False,84.84000000000006,22.400000000000063,1,accelerate,2.0,2.0000000000000284,72.0,20.0,1,0,accelerate-maintain,-0.07227794080972672,0.09806928783655167,-0.03474315255880356,1,0.09806928783655167,-0.03474315255880356,0.13281244039535522,0.17034722864627838,"[true, true, true]",False,False,False,65030,0,b63d9a6a59c92b71ebb27d6dbfb387c70df516f225f067e4dfea40157df365d3,validation_007,1,6,1893012921,13,,
11,2.2,B,mainline,True,False,72.0,20.0,0,maintain,0.0,0.0,84.84000000000006,22.400000000000063,1,0,accelerate-maintain,-0.023042581975460052,-0.0962376743555069,-0.07931670546531677,0,-0.023042581975460052,-0.07931670546531677,0.05627412348985672,0.07319509238004684,"[true, true, true]",False,False,False,65030,0,b63d9a6a59c92b71ebb27d6dbfb387c70df516f225f067e4dfea40157df365d3,validation_007,1,6,1893012921,13,,
11,2.2,B_front,background_mainline,True,,164.0,20.0,,,,,,,,,,,,,,,,,,,,,,65030,0,b63d9a6a59c92b71ebb27d6dbfb387c70df516f225f067e4dfea40157df365d3,validation_007,1,6,1893012921,13,,
11,2.2,B_rear,background_mainline,True,,44.34376194699707,17.883112703357657,,,,,,,,,,,,,,,,,,,,,,65030,0,b63d9a6a59c92b71ebb27d6dbfb387c70df516f225f067e4dfea40157df365d3,validation_007,1,6,1893012921,13,,
12,2.4000000000000004,A,ramp,True,False,89.36000000000007,22.800000000000068,1,accelerate,2.0,2.0000000000000284,76.0,20.0,1,0,accelerate-maintain,-0.07160219550132751,0.09718971699476242,-0.03478526324033737,1,0.09718971699476242,-0.03478526324033737,0.1319749802350998,0.16879191249608994,"[true, true, true]",False,False,False,65030,0,b63d9a6a59c92b71ebb27d6dbfb387c70df516f225f067e4dfea40157df365d3,validation_007,1,6,1893012921,13,,
12,2.4000000000000004,B,mainline,True,False,76.0,20.0,0,maintain,0.0,0.0,89.36000000000007,22.800000000000068,1,0,accelerate-maintain,-0.024190254509449005,-0.09646745771169662,-0.07723896950483322,0,-0.024190254509449005,-0.07723896950483322,0.053048714995384216,0.07227720320224762,"[true, true, true]",False,False,False,65030,0,b63d9a6a59c92b71ebb27d6dbfb387c70df516f225f067e4dfea40157df365d3,validation_007,1,6,1893012921,13,,
12,2.4000000000000004,B_front,background_mainline,True,,168.0,20.0,,,,,,,,,,,,,,,,,,,,,,65030,0,b63d9a6a59c92b71ebb27d6dbfb387c70df516f225f067e4dfea40157df365d3,validation_007,1,6,1893012921,13,,
12,2.4000000000000004,B_rear,background_mainline,True,,47.91785446244585,17.858990433126642,,,,,,,,,,,,,,,,,,,,,,65030,0,b63d9a6a59c92b71ebb27d6dbfb387c70df516f225f067e4dfea40157df365d3,validation_007,1,6,1893012921,13,,
13,2.6,A,ramp,True,False,93.96000000000008,23.200000000000074,1,accelerate,2.0,2.0000000000000284,80.0,20.0,1,0,accelerate-maintain,-0.07097913324832916,0.09613417834043503,-0.034781232476234436,1,0.09613417834043503,-0.034781232476234436,0.13091541081666946,0.1671133115887642,"[true, true, true]",False,False,False,65030,0,b63d9a6a59c92b71ebb27d6dbfb387c70df516f225f067e4dfea40157df365d3,validation_007,1,6,1893012921,13,,
13,2.6,B,mainline,True,False,80.0,20.0,0,maintain,0.0,0.0,93.96000000000008,23.200000000000074,1,0,accelerate-maintain,-0.025441430509090424,-0.09700203686952591,-0.07532668858766556,0,-0.025441430509090424,-0.07532668858766556,0.049885258078575134,0.07156060636043549,"[true, true, true]",False,False,False,65030,0,b63d9a6a59c92b71ebb27d6dbfb387c70df516f225f067e4dfea40157df365d3,validation_007,1,6,1893012921,13,,
13,2.6,B_front,background_mainline,True,,172.0,20.0,,,,,,,,,,,,,,,,,,,,,,65030,0,b63d9a6a59c92b71ebb27d6dbfb387c70df516f225f067e4dfea40157df365d3,validation_007,1,6,1893012921,13,,
13,2.6,B_rear,background_mainline,True,,51.487832908435976,17.84178147527624,,,,,,,,,,,,,,,,,,,,,,65030,0,b63d9a6a59c92b71ebb27d6dbfb387c70df516f225f067e4dfea40157df365d3,validation_007,1,6,1893012921,13,,
14,2.8000000000000003,A,ramp,True,False,98.6400000000001,23.60000000000008,1,accelerate,2.0,2.0000000000000284,84.0,20.0,1,0,accelerate-maintain,-0.06995345652103424,0.09489574283361435,-0.03388980031013489,1,0.09489574283361435,-0.03388980031013489,0.12878554314374924,0.1648491993546486,"[true, true, true]",False,False,False,65030,0,b63d9a6a59c92b71ebb27d6dbfb387c70df516f225f067e4dfea40157df365d3,validation_007,1,6,1893012921,13,,
14,2.8000000000000003,B,mainline,True,False,84.0,20.0,0,maintain,0.0,0.0,98.6400000000001,23.60000000000008,1,0,accelerate-maintain,-0.02692757546901703,-0.09717395901679993,-0.0741446316242218,0,-0.02692757546901703,-0.0741446316242218,0.04721705615520477,0.0702463835477829,"[true, true, true]",False,False,False,65030,0,b63d9a6a59c92b71ebb27d6dbfb387c70df516f225f067e4dfea40157df365d3,validation_007,1,6,1893012921,13,,
14,2.8000000000000003,B_front,background_mainline,True,,176.0,20.0,,,,,,,,,,,,,,,,,,,,,,65030,0,b63d9a6a59c92b71ebb27d6dbfb387c70df516f225f067e4dfea40157df365d3,validation_007,1,6,1893012921,13,,
14,2.8000000000000003,B_rear,background_mainline,True,,55.05496583010487,17.830378655921983,,,,,,,,,,,,,,,,,,,,,,65030,0,b63d9a6a59c92b71ebb27d6dbfb387c70df516f225f067e4dfea40157df365d3,validation_007,1,6,1893012921,13,,
15,3.0,A,ramp,True,False,103.40000000000012,24.000000000000085,1,accelerate,2.0,2.0000000000000284,88.0,20.0,1,0,accelerate-maintain,-0.06881055235862732,0.09361482411623001,-0.032905615866184235,1,0.09361482411623001,-0.032905615866184235,0.12652043998241425,0.16242537647485733,"[true, true, true]",False,False,False,65030,0,b63d9a6a59c92b71ebb27d6dbfb387c70df516f225f067e4dfea40157df365d3,validation_007,1,6,1893012921,13,11.159287816157303,
15,3.0,B,mainline,True,False,88.0,20.0,0,maintain,0.0,0.0,103.40000000000012,24.000000000000085,1,0,accelerate-maintain,-0.028417497873306274,-0.09745940566062927,-0.07301093637943268,0,-0.028417497873306274,-0.07301093637943268,0.044593438506126404,0.069041907787323,"[true, true, true]",False,False,False,65030,0,b63d9a6a59c92b71ebb27d6dbfb387c70df516f225f067e4dfea40157df365d3,validation_007,1,6,1893012921,13,11.159287816157303,
15,3.0,B_front,background_mainline,True,,180.0,20.0,,,,,,,,,,,,,,,,,,,,,,65030,0,b63d9a6a59c92b71ebb27d6dbfb387c70df516f225f067e4dfea40157df365d3,validation_007,1,6,1893012921,13,,
15,3.0,B_rear,background_mainline,True,,58.62032044288004,17.82386872025833,,,,,,,,,,,,,,,,,,,,,,65030,0,b63d9a6a59c92b71ebb27d6dbfb387c70df516f225f067e4dfea40157df365d3,validation_007,1,6,1893012921,13,,
16,3.2,A,ramp,True,False,108.24000000000014,24.40000000000009,1,accelerate,2.0,2.0000000000000284,92.0,20.0,1,0,accelerate-maintain,-0.12181761860847473,0.09654611349105835,-0.05463722348213196,1,0.09654611349105835,-0.05463722348213196,0.1511833369731903,0.21836373209953308,"[true, true, true]",False,False,False,65030,0,b63d9a6a59c92b71ebb27d6dbfb387c70df516f225f067e4dfea40157df365d3,validation_007,1,6,1893012921,13,12.041683583210244,
16,3.2,B,mainline,True,False,92.0,20.0,0,maintain,0.0,0.0,108.24000000000014,24.40000000000009,1,0,accelerate-maintain,-0.01892387866973877,-0.07883091270923615,-0.08638054132461548,0,-0.01892387866973877,-0.07883091270923615,0.059907034039497375,0.06745666265487671,"[true, true, true]",False,False,False,65030,0,b63d9a6a59c92b71ebb27d6dbfb387c70df516f225f067e4dfea40157df365d3,validation_007,1,6,1893012921,13,12.041683583210244,
16,3.2,B_front,background_mainline,True,,184.0,20.0,,,,,,,,,,,,,,,,,,,,,,65030,0,b63d9a6a59c92b71ebb27d6dbfb387c70df516f225f067e4dfea40157df365d3,validation_007,1,6,1893012921,13,,
16,3.2,B_rear,background_mainline,True,,62.18479725868787,17.82149249512178,,,,,,,,,,,,,,,,,,,,,,65030,0,b63d9a6a59c92b71ebb27d6dbfb387c70df516f225f067e4dfea40157df365d3,validation_007,1,6,1893012921,13,,
17,3.4000000000000004,A,ramp,True,False,113.16000000000017,24.800000000000097,1,accelerate,2.0,2.0000000000000284,96.0,20.0,1,0,accelerate-maintain,-0.11922281235456467,0.09708628058433533,-0.053118035197257996,1,0.09708628058433533,-0.053118035197257996,0.15020431578159332,0.2163090929389,"[true, true, true]",False,False,False,65030,0,b63d9a6a59c92b71ebb27d6dbfb387c70df516f225f067e4dfea40157df365d3,validation_007,1,6,1893012921,13,13.008248536960366,
17,3.4000000000000004,B,mainline,True,False,96.0,20.0,0,maintain,0.0,0.0,113.16000000000017,24.800000000000097,1,0,accelerate-maintain,-0.019704312086105347,-0.08045661449432373,-0.08476389944553375,0,-0.019704312086105347,-0.08045661449432373,0.060752302408218384,0.0650595873594284,"[true, true, true]",False,False,False,65030,0,b63d9a6a59c92b71ebb27d6dbfb387c70df516f225f067e4dfea40157df365d3,validation_007,1,6,1893012921,13,13.008248536960366,
17,3.4000000000000004,B_front,background_mainline,True,,188.0,20.0,,,,,,,,,,,,,,,,,,,,,,65030,0,b63d9a6a59c92b71ebb27d6dbfb387c70df516f225f067e4dfea40157df365d3,validation_007,1,6,1893012921,13,,
17,3.4000000000000004,B_rear,background_mainline,True,,65.74915774430865,17.82261456794975,,,,,,,,,,,,,,,,,,,,,,65030,0,b63d9a6a59c92b71ebb27d6dbfb387c70df516f225f067e4dfea40157df365d3,validation_007,1,6,1893012921,13,,
18,3.6,A,ramp,True,False,118.1600000000002,25.200000000000102,1,accelerate,2.0,2.0000000000000284,100.0,20.0,1,0,accelerate-maintain,-0.11659765243530273,0.09764545410871506,-0.05159829556941986,1,0.09764545410871506,-0.05159829556941986,0.14924374967813492,0.2142431065440178,"[true, true, true]",False,False,False,65030,0,b63d9a6a59c92b71ebb27d6dbfb387c70df516f225f067e4dfea40157df365d3,validation_007,1,6,1893012921,13,14.065010408115967,
18,3.6,B,mainline,True,False,100.0,20.0,0,maintain,0.0,0.0,118.1600000000002,25.200000000000102,1,0,accelerate-maintain,-0.02051454782485962,-0.08209608495235443,-0.08312296867370605,0,-0.02051454782485962,-0.08209608495235443,0.06158153712749481,0.06260842084884644,"[true, true, true]",False,False,False,65030,0,b63d9a6a59c92b71ebb27d6dbfb387c70df516f225f067e4dfea40157df365d3,validation_007,1,6,1893012921,13,14.065010408115967,
18,3.6,B_front,background_mainline,True,,192.0,20.0,,,,,,,,,,,,,,,,,,,,,,65030,0,b63d9a6a59c92b71ebb27d6dbfb387c70df516f225f067e4dfea40157df365d3,validation_007,1,6,1893012921,13,,
18,3.6,B_rear,background_mainline,True,,69.31404664279964,17.82669990521531,,,,,,,,,,,,,,,,,,,,,,65030,0,b63d9a6a59c92b71ebb27d6dbfb387c70df516f225f067e4dfea40157df365d3,validation_007,1,6,1893012921,13,,
19,3.8000000000000003,A,ramp,True,False,123.24000000000021,25.600000000000108,1,accelerate,2.0,2.0000000000000284,104.0,20.0,1,0,accelerate-maintain,-0.11395729333162308,0.09823405742645264,-0.05008634924888611,1,0.09823405742645264,-0.05008634924888611,0.14832040667533875,0.21219135075807571,"[true, true, true]",False,False,False,65030,0,b63d9a6a59c92b71ebb27d6dbfb387c70df516f225f067e4dfea40157df365d3,validation_007,1,6,1893012921,13,15.213524849020558,
19,3.8000000000000003,B,mainline,True,False,104.0,20.0,0,maintain,0.0,0.0,123.24000000000021,25.600000000000108,1,0,accelerate-maintain,-0.021396048367023468,-0.08357585966587067,-0.08156277239322662,0,-0.021396048367023468,-0.08156277239322662,0.060166724026203156,0.0621798112988472,"[true, true, true]",False,False,False,65030,0,b63d9a6a59c92b71ebb27d6dbfb387c70df516f225f067e4dfea40157df365d3,validation_007,1,6,1893012921,13,15.213524849020558,
19,3.8000000000000003,B_front,background_mainline,True,,196.0,20.0,,,,,,,,,,,,,,,,,,,,,,65030,0,b63d9a6a59c92b71ebb27d6dbfb387c70df516f225f067e4dfea40157df365d3,validation_007,1,6,1893012921,13,,
19,3.8000000000000003,B_rear,background_mainline,True,,72.88001015572469,17.833295606636447,,,,,,,,,,,,,,,,,,,,,,65030,0,b63d9a6a59c92b71ebb27d6dbfb387c70df516f225f067e4dfea40157df365d3,validation_007,1,6,1893012921,13,,
20,4.0,A,ramp,True,False,128.40000000000023,26.000000000000114,1,accelerate,2.0,2.0000000000000284,108.0,20.0,1,0,accelerate-maintain,-0.11158674955368042,0.09901544451713562,-0.04912509024143219,1,0.09901544451713562,-0.04912509024143219,0.1481405347585678,0.21060219407081604,"[true, true, true]",False,False,False,65030,0,b63d9a6a59c92b71ebb27d6dbfb387c70df516f225f067e4dfea40157df365d3,validation_007,1,6,1893012921,13,16.45032321266737,
20,4.0,B,mainline,True,False,108.0,20.0,0,maintain,0.0,0.0,128.40000000000023,26.000000000000114,1,0,accelerate-maintain,-0.02231067419052124,-0.08511122316122055,-0.07994306087493896,0,-0.02231067419052124,-0.07994306087493896,0.057632386684417725,0.06280054897069931,"[true, true, true]",False,False,False,65030,0,b63d9a6a59c92b71ebb27d6dbfb387c70df516f225f067e4dfea40157df365d3,validation_007,1,6,1893012921,13,16.45032321266737,
20,4.0,B_front,background_mainline,True,,200.0,20.0,,,,,,,,,,,,,,,,,,,,,,65030,0,b63d9a6a59c92b71ebb27d6dbfb387c70df516f225f067e4dfea40157df365d3,validation_007,1,6,1893012921,13,,
20,4.0,B_rear,background_mainline,True,,76.44751087836282,17.842016511867854,,,,,,,,,,,,,,,,,,,,,,65030,0,b63d9a6a59c92b71ebb27d6dbfb387c70df516f225f067e4dfea40157df365d3,validation_007,1,6,1893012921,13,,
21,4.2,A,ramp,True,False,133.64000000000024,26.40000000000012,1,accelerate,2.0,2.0000000000000284,112.0,20.0,1,0,accelerate-maintain,-0.10929730534553528,0.09988091140985489,-0.048330262303352356,1,0.09988091140985489,-0.048330262303352356,0.14821117371320724,0.20917821675539017,"[true, true, true]",False,False,False,65030,0,b63d9a6a59c92b71ebb27d6dbfb387c70df516f225f067e4dfea40157df365d3,validation_007,1,6,1893012921,13,17.770068841617444,
21,4.2,B,mainline,True,False,112.0,20.0,0,maintain,0.0,0.0,133.64000000000024,26.40000000000012,1,0,accelerate-maintain,-0.02331877499818802,-0.08673091977834702,-0.07823598384857178,0,-0.02331877499818802,-0.07823598384857178,0.05491720885038376,0.063412144780159,"[true, true, true]",False,False,False,65030,0,b63d9a6a59c92b71ebb27d6dbfb387c70df516f225f067e4dfea40157df365d3,validation_007,1,6,1893012921,13,17.770068841617444,
21,4.2,B_front,background_mainline,True,,204.0,20.0,,,,,,,,,,,,,,,,,,,,,,65030,0,b63d9a6a59c92b71ebb27d6dbfb387c70df516f225f067e4dfea40157df365d3,validation_007,1,6,1893012921,13,,
21,4.2,B_rear,background_mainline,True,,80.01694016111935,17.852533732949322,,,,,,,,,,,,,,,,,,,,,,65030,0,b63d9a6a59c92b71ebb27d6dbfb387c70df516f225f067e4dfea40157df365d3,validation_007,1,6,1893012921,13,,
22,4.4,A,ramp,True,False,138.9600000000003,26.800000000000125,1,accelerate,2.0,2.0000000000000284,116.0,20.0,1,0,accelerate-maintain,-0.10701088607311249,0.10078409314155579,-0.047555819153785706,1,0.10078409314155579,-0.047555819153785706,0.1483399122953415,0.20779497921466827,"[true, true, true]",False,False,False,65030,0,b63d9a6a59c92b71ebb27d6dbfb387c70df516f225f067e4dfea40157df365d3,validation_007,1,6,1893012921,13,19.170068760524202,
22,4.4,B,mainline,True,False,116.0,20.0,0,maintain,0.0,0.0,138.9600000000003,26.800000000000125,1,0,accelerate-maintain,-0.024781256914138794,-0.08825786411762238,-0.0764017105102539,0,-0.024781256914138794,-0.0764017105102539,0.05162045359611511,0.06347660720348358,"[true, true, true]",False,False,False,65030,0,b63d9a6a59c92b71ebb27d6dbfb387c70df516f225f067e4dfea40157df365d3,validation_007,1,6,1893012921,13,19.170068760524202,
22,4.4,B_front,background_mainline,True,,208.0,20.0,,,,,,,,,,,,,,,,,,,,,,65030,0,b63d9a6a59c92b71ebb27d6dbfb387c70df516f225f067e4dfea40157df365d3,validation_007,1,6,1893012921,13,,
22,4.4,B_rear,background_mainline,True,,83.58862841121896,17.864565434093915,,,,,,,,,,,,,,,,,,,,,,65030,0,b63d9a6a59c92b71ebb27d6dbfb387c70df516f225f067e4dfea40157df365d3,validation_007,1,6,1893012921,13,,
23,4.6000000000000005,A,ramp,True,False,144.36000000000033,27.20000000000013,1,accelerate,2.0,2.0000000000000284,120.0,20.0,1,0,accelerate-maintain,-0.10470370203256607,0.1017099991440773,-0.04679025709629059,1,0.1017099991440773,-0.04679025709629059,0.1485002562403679,0.20641370117664337,"[true, true, true]",False,False,False,65030,0,b63d9a6a59c92b71ebb27d6dbfb387c70df516f225f067e4dfea40157df365d3,validation_007,1,6,1893012921,13,20.65006876052422,
23,4.6000000000000005,B,mainline,True,False,120.0,20.0,0,maintain,0.0,0.0,144.36000000000033,27.20000000000013,1,0,accelerate-maintain,-0.025701507925987244,-0.08753733336925507,-0.07645991444587708,0,-0.025701507925987244,-0.07645991444587708,0.05075840651988983,0.06183582544326782,"[true, true, true]",False,False,False,65030,0,b63d9a6a59c92b71ebb27d6dbfb387c70df516f225f067e4dfea40157df365d3,validation_007,1,6,1893012921,13,20.65006876052422,
23,4.6000000000000005,B_front,background_mainline,True,,212.0,20.0,,,,,,,,,,,,,,,,,,,,,,65030,0,b63d9a6a59c92b71ebb27d6dbfb387c70df516f225f067e4dfea40157df365d3,validation_007,1,6,1893012921,13,,
23,4.6000000000000005,B_rear,background_mainline,True,,87.16285373155758,17.87786935591039,,,,,,,,,,,,,,,,,,,,,,65030,0,b63d9a6a59c92b71ebb27d6dbfb387c70df516f225f067e4dfea40157df365d3,validation_007,1,6,1893012921,13,,
24,4.800000000000001,A,ramp,True,False,149.84000000000034,27.600000000000136,1,accelerate,2.0,2.0000000000000284,124.0,20.0,1,0,accelerate-maintain,-0.10238844901323318,0.10253597050905228,-0.04620639979839325,1,0.10253597050905228,-0.04620639979839325,0.14874237030744553,0.20492441952228546,"[true, true, true]",False,False,False,65030,0,b63d9a6a59c92b71ebb27d6dbfb387c70df516f225f067e4dfea40157df365d3,validation_007,1,6,1893012921,13,22.21006876052425,
24,4.800000000000001,B,mainline,True,False,124.0,20.0,0,maintain,0.0,0.0,149.84000000000034,27.600000000000136,1,0,accelerate-maintain,-0.02652716636657715,-0.08679575473070145,-0.07658873498439789,0,-0.02652716636657715,-0.07658873498439789,0.05006156861782074,0.0602685883641243,"[true, true, true]",False,False,False,65030,0,b63d9a6a59c92b71ebb27d6dbfb387c70df516f225f067e4dfea40157df365d3,validation_007,1,6,1893012921,13,22.21006876052425,
24,4.800000000000001,B_front,background_mainline,True,,216.0,20.0,,,,,,,,,,,,,,,,,,,,,,65030,0,b63d9a6a59c92b71ebb27d6dbfb387c70df516f225f067e4dfea40157df365d3,validation_007,1,6,1893012921,13,,
24,4.800000000000001,B_rear,background_mainline,True,,90.73984920622536,17.892236706917014,,,,,,,,,,,,,,,,,,,,,,65030,0,b63d9a6a59c92b71ebb27d6dbfb387c70df516f225f067e4dfea40157df365d3,validation_007,1,6,1893012921,13,,
25,5.0,A,ramp,True,False,155.40000000000038,28.000000000000142,1,accelerate,2.0,2.0000000000000284,128.0,20.0,1,0,accelerate-maintain,-0.10020393878221512,0.10330060869455338,-0.04559307545423508,1,0.10330060869455338,-0.04559307545423508,0.14889368414878845,0.2035045474767685,"[true, true, true]",False,False,False,65030,0,b63d9a6a59c92b71ebb27d6dbfb387c70df516f225f067e4dfea40157df365d3,validation_007,1,6,1893012921,13,23.850068760524266,
25,5.0,B,mainline,True,False,128.0,20.0,0,maintain,0.0,0.0,155.40000000000038,28.000000000000142,1,0,accelerate-maintain,-0.027374200522899628,-0.08603658527135849,-0.07666894793510437,0,-0.027374200522899628,-0.07666894793510437,0.04929474741220474,0.05866238474845886,"[true, true, true]",False,False,False,65030,0,b63d9a6a59c92b71ebb27d6dbfb387c70df516f225f067e4dfea40157df365d3,validation_007,1,6,1893012921,13,23.850068760524266,
25,5.0,B_front,background_mainline,True,,220.0,20.0,,,,,,,,,,,,,,,,,,,,,,65030,0,b63d9a6a59c92b71ebb27d6dbfb387c70df516f225f067e4dfea40157df365d3,validation_007,1,6,1893012921,13,,
25,5.0,B_rear,background_mainline,True,,94.31980907635864,17.907487136463416,,,,,,,,,,,,,,,,,,,,,,65030,0,b63d9a6a59c92b71ebb27d6dbfb387c70df516f225f067e4dfea40157df365d3,validation_007,1,6,1893012921,13,,
26,5.2,A,ramp,True,False,161.0400000000004,28.400000000000148,1,accelerate,2.0,2.0000000000000284,132.0,20.0,1,0,accelerate-maintain,-0.09776574373245239,0.10438750684261322,-0.04451637715101242,1,0.10438750684261322,-0.04451637715101242,0.14890388399362564,0.2021532505750656,"[true, true, true]",False,False,False,65030,0,b63d9a6a59c92b71ebb27d6dbfb387c70df516f225f067e4dfea40157df365d3,validation_007,1,6,1893012921,13,25.570068760524293,
26,5.2,B,mainline,True,False,132.0,20.0,0,maintain,0.0,0.0,161.0400000000004,28.400000000000148,1,0,accelerate-maintain,-0.02843587100505829,-0.08500081300735474,-0.07668594270944595,0,-0.02843587100505829,-0.07668594270944595,0.048250071704387665,0.05656494200229645,"[true, true, true]",False,False,False,65030,0,b63d9a6a59c92b71ebb27d6dbfb387c70df516f225f067e4dfea40157df365d3,validation_007,1,6,1893012921,13,25.570068760524293,
26,5.2,B_front,background_mainline,True,,224.0,20.0,,,,,,,,,,,,,,,,,,,,,,65030,0,b63d9a6a59c92b71ebb27d6dbfb387c70df516f225f067e4dfea40157df365d3,validation_007,1,6,1893012921,13,,
26,5.2,B_rear,background_mainline,True,,97.90289399981832,17.92346457017777,,,,,,,,,,,,,,,,,,,,,,65030,0,b63d9a6a59c92b71ebb27d6dbfb387c70df516f225f067e4dfea40157df365d3,validation_007,1,6,1893012921,13,,
27,5.4,A,ramp,True,False,166.76000000000042,28.800000000000153,1,accelerate,2.0,2.0000000000000284,136.0,20.0,1,0,accelerate-maintain,-0.09470588713884354,0.10569784790277481,-0.042724788188934326,1,0.10569784790277481,-0.042724788188934326,0.14842263609170914,0.20040373504161835,"[true, true, true]",False,False,False,65030,0,b63d9a6a59c92b71ebb27d6dbfb387c70df516f225f067e4dfea40157df365d3,validation_007,1,6,1893012921,13,27.370068760524333,
27,5.4,B,mainline,True,False,136.0,20.0,0,maintain,0.0,0.0,166.76000000000042,28.800000000000153,1,0,accelerate-maintain,-0.029508128762245178,-0.08398940414190292,-0.07667103409767151,0,-0.029508128762245178,-0.07667103409767151,0.04716290533542633,0.054481275379657745,"[true, true, true]",False,False,False,65030,0,b63d9a6a59c92b71ebb27d6dbfb387c70df516f225f067e4dfea40157df365d3,validation_007,1,6,1893012921,13,27.370068760524333,
27,5.4,B_front,background_mainline,True,,228.0,20.0,,,,,,,,,,,,,,,,,,,,,,65030,0,b63d9a6a59c92b71ebb27d6dbfb387c70df516f225f067e4dfea40157df365d3,validation_007,1,6,1893012921,13,,
27,5.4,B_rear,background_mainline,True,,101.48923554961637,17.9400337387839,,,,,,,,,,,,,,,,,,,,,,65030,0,b63d9a6a59c92b71ebb27d6dbfb387c70df516f225f067e4dfea40157df365d3,validation_007,1,6,1893012921,13,,
28,5.6000000000000005,A,ramp,True,False,172.56000000000046,29.20000000000016,1,accelerate,2.0,2.0000000000000284,140.0,20.0,1,0,accelerate-maintain,-0.09201020002365112,0.10670778155326843,-0.040899984538555145,1,0.10670778155326843,-0.040899984538555145,0.14760776609182358,0.19871798157691956,"[true, true, true]",False,False,False,65030,0,b63d9a6a59c92b71ebb27d6dbfb387c70df516f225f067e4dfea40157df365d3,validation_007,1,6,1893012921,13,29.250068760524357,
28,5.6000000000000005,B,mainline,True,False,140.0,20.0,0,maintain,0.0,0.0,172.56000000000046,29.20000000000016,1,0,accelerate-maintain,-0.030597098171710968,-0.08303335309028625,-0.07666531205177307,0,-0.030597098171710968,-0.07666531205177307,0.0460682138800621,0.05243625491857529,"[true, true, true]",False,False,False,65030,0,b63d9a6a59c92b71ebb27d6dbfb387c70df516f225f067e4dfea40157df365d3,validation_007,1,6,1893012921,13,29.250068760524357,
28,5.6000000000000005,B_front,background_mainline,True,,232.0,20.0,,,,,,,,,,,,,,,,,,,,,,65030,0,b63d9a6a59c92b71ebb27d6dbfb387c70df516f225f067e4dfea40157df365d3,validation_007,1,6,1893012921,13,,
28,5.6000000000000005,B_rear,background_mainline,True,,105.07894007607332,17.957077268416217,,,,,,,,,,,,,,,,,,,,,,65030,0,b63d9a6a59c92b71ebb27d6dbfb387c70df516f225f067e4dfea40157df365d3,validation_007,1,6,1893012921,13,,
29,5.800000000000001,A,ramp,True,False,178.44000000000048,29.600000000000165,1,accelerate,2.0,1.9999999999966178,144.0,20.0,1,0,accelerate-maintain,-0.08980836719274521,0.10736942291259766,-0.038593024015426636,1,0.10736942291259766,-0.038593024015426636,0.1459624469280243,0.19717779010534286,"[true, true, true]",False,False,False,65030,0,b63d9a6a59c92b71ebb27d6dbfb387c70df516f225f067e4dfea40157df365d3,validation_007,1,6,1893012921,13,31.210068760524393,
29,5.800000000000001,B,mainline,True,False,144.0,20.0,0,maintain,0.0,0.0,178.44000000000048,29.600000000000165,1,0,accelerate-maintain,-0.03179575502872467,-0.08234135806560516,-0.07702331244945526,0,-0.03179575502872467,-0.07702331244945526,0.04522755742073059,0.05054560303688049,"[true, true, true]",False,False,False,65030,0,b63d9a6a59c92b71ebb27d6dbfb387c70df516f225f067e4dfea40157df365d3,validation_007,1,6,1893012921,13,31.210068760524393,
29,5.800000000000001,B_front,background_mainline,True,,236.0,20.0,,,,,,,,,,,,,,,,,,,,,,65030,0,b63d9a6a59c92b71ebb27d6dbfb387c70df516f225f067e4dfea40157df365d3,validation_007,1,6,1893012921,13,,
29,5.800000000000001,B_rear,background_mainline,True,,108.67209203425807,17.974493228779863,,,,,,,,,,,,,,,,,,,,,,65030,0,b63d9a6a59c92b71ebb27d6dbfb387c70df516f225f067e4dfea40157df365d3,validation_007,1,6,1893012921,13,,
30,6.0,A,ramp,True,False,184.40000000000052,30.0,1,accelerate,2.0,0.0,148.0,20.0,1,0,accelerate-maintain,-0.08790527284145355,0.1068839356303215,-0.036115556955337524,1,0.1068839356303215,-0.036115556955337524,0.14299949258565903,0.19478920847177505,"[true, true, true]",False,False,False,65030,0,b63d9a6a59c92b71ebb27d6dbfb387c70df516f225f067e4dfea40157df365d3,validation_007,1,6,1893012921,13,33.21006876052439,
30,6.0,B,mainline,True,False,148.0,20.0,0,maintain,0.0,0.0,184.40000000000052,30.0,1,0,accelerate-maintain,-0.03370185196399689,-0.0817495584487915,-0.07787520438432693,0,-0.03370185196399689,-0.07787520438432693,0.04417335242033005,0.04804770648479462,"[true, true, true]",False,False,False,65030,0,b63d9a6a59c92b71ebb27d6dbfb387c70df516f225f067e4dfea40157df365d3,validation_007,1,6,1893012921,13,33.21006876052439,
30,6.0,B_front,background_mainline,True,,240.0,20.0,,,,,,,,,,,,,,,,,,,,,,65030,0,b63d9a6a59c92b71ebb27d6dbfb387c70df516f225f067e4dfea40157df365d3,validation_007,1,6,1893012921,13,,
30,6.0,B_rear,background_mainline,True,,112.26875685977498,17.992193057053324,,,,,,,,,,,,,,,,,,,,,,65030,0,b63d9a6a59c92b71ebb27d6dbfb387c70df516f225f067e4dfea40157df365d3,validation_007,1,6,1893012921,13,,
31,6.2,A,ramp,True,False,190.40000000000052,30.0,1,accelerate,2.0,0.0,152.0,20.0,1,0,accelerate-maintain,-0.08716220408678055,0.10546077787876129,-0.03381013870239258,1,0.10546077787876129,-0.03381013870239258,0.13927091658115387,0.19262298196554184,"[true, true, true]",False,False,False,65030,0,b63d9a6a59c92b71ebb27d6dbfb387c70df516f225f067e4dfea40157df365d3,validation_007,1,6,1893012921,13,35.21006876052439,
31,6.2,B,mainline,True,False,152.0,20.0,0,maintain,0.0,0.0,190.40000000000052,30.0,1,0,accelerate-maintain,-0.03582035005092621,-0.08185740560293198,-0.07902483642101288,0,-0.03582035005092621,-0.07902483642101288,0.04320448637008667,0.04603705555200577,"[true, true, true]",False,False,False,65030,0,b63d9a6a59c92b71ebb27d6dbfb387c70df516f225f067e4dfea40157df365d3,validation_007,1,6,1893012921,13,35.21006876052439,
31,6.2,B_front,background_mainline,True,,244.0,20.0,,,,,,,,,,,,,,,,,,,,,,65030,0,b63d9a6a59c92b71ebb27d6dbfb387c70df516f225f067e4dfea40157df365d3,validation_007,1,6,1893012921,13,,
31,6.2,B_rear,background_mainline,True,,115.86898346126853,18.010099792025652,,,,,,,,,,,,,,,,,,,,,,65030,0,b63d9a6a59c92b71ebb27d6dbfb387c70df516f225f067e4dfea40157df365d3,validation_007,1,6,1893012921,13,,
32,6.4,A,ramp,True,False,196.40000000000052,30.0,1,accelerate,2.0,0.0,156.0,20.0,1,0,accelerate-maintain,-0.08638244867324829,0.104094497859478,-0.031475797295570374,1,0.104094497859478,-0.031475797295570374,0.13557029515504837,0.1904769465327263,"[true, true, true]",False,False,False,65030,0,b63d9a6a59c92b71ebb27d6dbfb387c70df516f225f067e4dfea40157df365d3,validation_007,1,6,1893012921,13,37.21006876052439,
32,6.4,B,mainline,True,False,156.0,20.0,0,maintain,0.0,0.0,196.40000000000052,30.0,1,0,accelerate-maintain,-0.03798719495534897,-0.08168001472949982,-0.08034685999155045,0,-0.03798719495534897,-0.08034685999155045,0.04235966503620148,0.04369281977415085,"[true, true, true]",False,False,False,65030,0,b63d9a6a59c92b71ebb27d6dbfb387c70df516f225f067e4dfea40157df365d3,validation_007,1,6,1893012921,13,37.21006876052439,
32,6.4,B_front,background_mainline,True,,248.0,20.0,,,,,,,,,,,,,,,,,,,,,,65030,0,b63d9a6a59c92b71ebb27d6dbfb387c70df516f225f067e4dfea40157df365d3,validation_007,1,6,1893012921,13,,
32,6.4,B_rear,background_mainline,True,,119.47280638625287,18.028146565841105,,,,,,,,,,,,,,,,,,,,,,65030,0,b63d9a6a59c92b71ebb27d6dbfb387c70df516f225f067e4dfea40157df365d3,validation_007,1,6,1893012921,13,,
33,6.6000000000000005,A,ramp,True,False,202.40000000000052,30.0,1,accelerate,2.0,0.0,160.0,20.0,1,0,accelerate-maintain,-0.0856180191040039,0.10307984799146652,-0.02911113202571869,1,0.10307984799146652,-0.02911113202571869,0.1321909800171852,0.18869786709547043,"[true, true, true]",False,False,False,65030,0,b63d9a6a59c92b71ebb27d6dbfb387c70df516f225f067e4dfea40157df365d3,validation_007,1,6,1893012921,13,39.21006876052439,
33,6.6000000000000005,B,mainline,True,False,160.0,20.0,0,maintain,0.0,0.0,202.40000000000052,30.0,1,0,accelerate-maintain,-0.040695227682590485,-0.08174504339694977,-0.0817093700170517,0,-0.040695227682590485,-0.0817093700170517,0.04101414233446121,0.04104981571435928,"[true, true, true]",False,False,False,65030,0,b63d9a6a59c92b71ebb27d6dbfb387c70df516f225f067e4dfea40157df365d3,validation_007,1,6,1893012921,13,39.21006876052439,
33,6.6000000000000005,B_front,background_mainline,True,,252.0,20.0,,,,,,,,,,,,,,,,,,,,,,65030,0,b63d9a6a59c92b71ebb27d6dbfb387c70df516f225f067e4dfea40157df365d3,validation_007,1,6,1893012921,13,,
33,6.6000000000000005,B_rear,background_mainline,True,,123.08024770739308,18.046275310796208,,,,,,,,,,,,,,,,,,,,,,65030,0,b63d9a6a59c92b71ebb27d6dbfb387c70df516f225f067e4dfea40157df365d3,validation_007,1,6,1893012921,13,,
34,6.800000000000001,A,ramp,True,False,208.40000000000052,30.0,1,accelerate,2.0,0.0,164.0,20.0,1,0,accelerate-maintain,-0.08588846027851105,0.10279974341392517,-0.027294404804706573,1,0.10279974341392517,-0.027294404804706573,0.13009414821863174,0.18868820369243622,"[true, true, true]",False,False,False,65030,0,b63d9a6a59c92b71ebb27d6dbfb387c70df516f225f067e4dfea40157df365d3,validation_007,1,6,1893012921,13,41.21006876052439,
34,6.800000000000001,B,mainline,True,False,164.0,20.0,0,maintain,0.0,0.0,208.40000000000052,30.0,1,0,accelerate-maintain,-0.04329384118318558,-0.08134880661964417,-0.08328095823526382,0,-0.04329384118318558,-0.08134880661964417,0.03805496543645859,0.03998711705207825,"[true, true, true]",False,False,False,65030,0,b63d9a6a59c92b71ebb27d6dbfb387c70df516f225f067e4dfea40157df365d3,validation_007,1,6,1893012921,13,41.21006876052439,
34,6.800000000000001,B_front,background_mainline,True,,256.0,20.0,,,,,,,,,,,,,,,,,,,,,,65030,0,b63d9a6a59c92b71ebb27d6dbfb387c70df516f225f067e4dfea40157df365d3,validation_007,1,6,1893012921,13,,
34,6.800000000000001,B_rear,background_mainline,True,,126.69131866867659,18.064435646566654,,,,,,,,,,,,,,,,,,,,,,65030,0,b63d9a6a59c92b71ebb27d6dbfb387c70df516f225f067e4dfea40157df365d3,validation_007,1,6,1893012921,13,,
35,7.0,A,ramp,True,False,214.40000000000052,30.0,1,accelerate,2.0,0.0,168.0,20.0,1,0,accelerate-maintain,-0.08615915477275848,0.10251949727535248,-0.02547774463891983,1,0.10251949727535248,-0.02547774463891983,0.1279972419142723,0.18867865204811096,"[true, true, true]",False,False,False,65030,0,b63d9a6a59c92b71ebb27d6dbfb387c70df516f225f067e4dfea40157df365d3,validation_007,1,6,1893012921,13,43.21006876052439,
35,7.0,B,mainline,True,False,168.0,20.0,0,maintain,0.0,0.0,214.40000000000052,30.0,1,0,accelerate-maintain,-0.04581158608198166,-0.08061201870441437,-0.08500698953866959,0,-0.04581158608198166,-0.08061201870441437,0.03480043262243271,0.03919540345668793,"[true, true, true]",False,False,False,65030,0,b63d9a6a59c92b71ebb27d6dbfb387c70df516f225f067e4dfea40157df365d3,validation_007,1,6,1893012921,13,43.21006876052439,
35,7.0,B_front,background_mainline,True,,260.0,0.0,,,,,,,,,,,,,,,,,,,,,,65030,0,b63d9a6a59c92b71ebb27d6dbfb387c70df516f225f067e4dfea40157df365d3,validation_007,1,6,1893012921,13,,
35,7.0,B_rear,background_mainline,True,,130.30602112463976,18.082583919530258,,,,,,,,,,,,,,,,,,,,,,65030,0,b63d9a6a59c92b71ebb27d6dbfb387c70df516f225f067e4dfea40157df365d3,validation_007,1,6,1893012921,13,,
36,7.2,A,ramp,True,False,220.40000000000052,30.0,1,accelerate,2.0,0.0,172.0,20.0,1,0,accelerate-maintain,-0.07972313463687897,0.12065821886062622,0.0035661309957504272,1,0.12065821886062622,0.0035661309957504272,0.1170920878648758,0.2003813534975052,"[true, true, true]",False,False,False,65030,0,b63d9a6a59c92b71ebb27d6dbfb387c70df516f225f067e4dfea40157df365d3,validation_007,1,6,1893012921,13,45.21006876052439,
36,7.2,B,mainline,True,False,172.0,20.0,0,maintain,0.0,0.0,220.40000000000052,30.0,1,0,accelerate-maintain,-0.05191670358181,-0.06311360001564026,-0.08866488188505173,0,-0.05191670358181,-0.06311360001564026,0.011196896433830261,0.03674817830324173,"[true, true, true]",False,False,False,65030,0,b63d9a6a59c92b71ebb27d6dbfb387c70df516f225f067e4dfea40157df365d3,validation_007,1,6,1893012921,13,45.21006876052439,
36,7.2,B_front,background_mainline,True,,260.0,0.0,,,,,,,,,,,,,,,,,,,,,,65030,0,b63d9a6a59c92b71ebb27d6dbfb387c70df516f225f067e4dfea40157df365d3,validation_007,1,6,1893012921,13,,
36,7.2,B_rear,background_mainline,True,,133.9243488006676,18.100682370870235,,,,,,,,,,,,,,,,,,,,,,65030,0,b63d9a6a59c92b71ebb27d6dbfb387c70df516f225f067e4dfea40157df365d3,validation_007,1,6,1893012921,13,,
37,7.4,A,ramp,True,False,226.40000000000052,30.0,1,accelerate,2.0,0.0,176.0,20.0,1,0,accelerate-maintain,-0.07922976464033127,0.12127136439085007,0.006685696542263031,1,0.12127136439085007,0.006685696542263031,0.11458566784858704,0.20050112903118134,"[true, true, true]",False,False,False,65030,0,b63d9a6a59c92b71ebb27d6dbfb387c70df516f225f067e4dfea40157df365d3,validation_007,1,6,1893012921,13,47.21006876052439,
37,7.4,B,mainline,True,False,176.0,20.0,0,maintain,0.0,0.0,226.40000000000052,30.0,1,0,accelerate-maintain,-0.053246594965457916,-0.06439654529094696,-0.08916468918323517,0,-0.053246594965457916,-0.06439654529094696,0.011149950325489044,0.03591809421777725,"[true, true, true]",False,False,False,65030,0,b63d9a6a59c92b71ebb27d6dbfb387c70df516f225f067e4dfea40157df365d3,validation_007,1,6,1893012921,13,47.21006876052439,
37,7.4,B_front,background_mainline,True,,260.0,0.0,,,,,,,,,,,,,,,,,,,,,,65030,0,b63d9a6a59c92b71ebb27d6dbfb387c70df516f225f067e4dfea40157df365d3,validation_007,1,6,1893012921,13,,
37,7.4,B_rear,background_mainline,True,,137.54628839813725,18.118698414171288,,,,,,,,,,,,,,,,,,,,,,65030,0,b63d9a6a59c92b71ebb27d6dbfb387c70df516f225f067e4dfea40157df365d3,validation_007,1,6,1893012921,13,,
38,7.6000000000000005,A,ramp,True,False,232.40000000000052,30.0,1,accelerate,2.0,0.0,180.0,20.0,1,0,accelerate-maintain,-0.07887159287929535,0.12173312157392502,0.009626675397157669,1,0.12173312157392502,0.009626675397157669,0.11210644617676735,0.20060471445322037,"[true, true, true]",False,False,False,65030,0,b63d9a6a59c92b71ebb27d6dbfb387c70df516f225f067e4dfea40157df365d3,validation_007,1,6,1893012921,13,49.21006876052439,
38,7.6000000000000005,B,mainline,True,False,180.0,20.0,0,maintain,0.0,0.0,232.40000000000052,30.0,1,0,accelerate-maintain,-0.05463358014822006,-0.06582038849592209,-0.08977396786212921,0,-0.05463358014822006,-0.06582038849592209,0.011186808347702026,0.03514038771390915,"[true, true, true]",False,False,False,65030,0,b63d9a6a59c92b71ebb27d6dbfb387c70df516f225f067e4dfea40157df365d3,validation_007,1,6,1893012921,13,49.21006876052439,
38,7.6000000000000005,B_front,background_mainline,True,,260.0,0.0,,,,,,,,,,,,,,,,,,,,,,65030,0,b63d9a6a59c92b71ebb27d6dbfb387c70df516f225f067e4dfea40157df365d3,validation_007,1,6,1893012921,13,,
38,7.6000000000000005,B_rear,background_mainline,True,,141.17182056465487,18.136604006473355,,,,,,,,,,,,,,,,,,,,,,65030,0,b63d9a6a59c92b71ebb27d6dbfb387c70df516f225f067e4dfea40157df365d3,validation_007,1,6,1893012921,13,,
39,7.800000000000001,A,ramp,True,False,238.40000000000052,30.0,1,accelerate,2.0,0.0,184.0,20.0,1,0,accelerate-maintain,-0.08028057962656021,0.12144050002098083,0.010763689875602722,1,0.12144050002098083,0.010763689875602722,0.11067681014537811,0.20172107964754105,"[true, true, true]",False,False,False,65030,0,b63d9a6a59c92b71ebb27d6dbfb387c70df516f225f067e4dfea40157df365d3,validation_007,1,6,1893012921,13,51.21006876052439,
39,7.800000000000001,B,mainline,True,False,184.0,20.0,0,maintain,0.0,0.0,238.40000000000052,30.0,1,0,accelerate-maintain,-0.05621936917304993,-0.06858114898204803,-0.0901341661810875,0,-0.05621936917304993,-0.06858114898204803,0.012361779808998108,0.03391479700803757,"[true, true, true]",False,False,False,65030,0,b63d9a6a59c92b71ebb27d6dbfb387c70df516f225f067e4dfea40157df365d3,validation_007,1,6,1893012921,13,51.21006876052439,
39,7.800000000000001,B_front,background_mainline,True,,260.0,0.0,,,,,,,,,,,,,,,,,,,,,,65030,0,b63d9a6a59c92b71ebb27d6dbfb387c70df516f225f067e4dfea40157df365d3,validation_007,1,6,1893012921,13,,
39,7.800000000000001,B_rear,background_mainline,True,,144.80092074670085,18.154375099388847,,,,,,,,,,,,,,,,,,,,,,65030,0,b63d9a6a59c92b71ebb27d6dbfb387c70df516f225f067e4dfea40157df365d3,validation_007,1,6,1893012921,13,,
40,8.0,A,ramp,True,False,244.40000000000052,30.0,1,accelerate,2.0,0.0,188.0,20.0,1,0,accelerate-maintain,-0.08170100301504135,0.12110898643732071,0.011821679770946503,1,0.12110898643732071,0.011821679770946503,0.1092873066663742,0.20280998945236206,"[true, true, true]",False,False,False,65030,0,b63d9a6a59c92b71ebb27d6dbfb387c70df516f225f067e4dfea40157df365d3,validation_007,1,6,1893012921,13,53.21006876052439,
40,8.0,B,mainline,True,False,188.0,20.0,0,maintain,0.0,0.0,244.40000000000052,30.0,1,0,accelerate-maintain,-0.057347193360328674,-0.07120183110237122,-0.09073171019554138,0,-0.057347193360328674,-0.07120183110237122,0.013854637742042542,0.03338451683521271,"[true, true, true]",False,False,False,65030,0,b63d9a6a59c92b71ebb27d6dbfb387c70df516f225f067e4dfea40157df365d3,validation_007,1,6,1893012921,13,53.21006876052439,
40,8.0,B_front,background_mainline,True,,260.0,0.0,,,,,,,,,,,,,,,,,,,,,,65030,0,b63d9a6a59c92b71ebb27d6dbfb387c70df516f225f067e4dfea40157df365d3,validation_007,1,6,1893012921,13,,
40,8.0,B_rear,background_mainline,True,,148.43355993954168,18.171991159044303,,,,,,,,,,,,,,,,,,,,,,65030,0,b63d9a6a59c92b71ebb27d6dbfb387c70df516f225f067e4dfea40157df365d3,validation_007,1,6,1893012921,13,,
41,8.200000000000001,A,ramp,True,False,250.40000000000052,30.0,1,accelerate,2.0,0.0,192.0,20.0,1,0,accelerate-maintain,-0.08312182873487473,0.12077714502811432,0.01287921518087387,1,0.12077714502811432,0.01287921518087387,0.10789792984724045,0.20389897376298904,"[true, true, true]",False,False,False,65030,0,b63d9a6a59c92b71ebb27d6dbfb387c70df516f225f067e4dfea40157df365d3,validation_007,1,6,1893012921,13,55.21006876052445,
41,8.200000000000001,B,mainline,True,False,192.0,20.0,0,maintain,0.0,0.0,250.40000000000052,30.0,1,0,accelerate-maintain,-0.057961300015449524,-0.07360313832759857,-0.09136049449443817,0,-0.057961300015449524,-0.07360313832759857,0.015641838312149048,0.03339919447898865,"[true, true, true]",False,False,False,65030,0,b63d9a6a59c92b71ebb27d6dbfb387c70df516f225f067e4dfea40157df365d3,validation_007,1,6,1893012921,13,55.21006876052445,
41,8.200000000000001,B_front,background_mainline,True,,260.0,0.0,,,,,,,,,,,,,,,,,,,,,,65030,0,b63d9a6a59c92b71ebb27d6dbfb387c70df516f225f067e4dfea40157df365d3,validation_007,1,6,1893012921,13,,
41,8.200000000000001,B_rear,background_mainline,True,,152.06970534720125,18.189434745375742,,,,,,,,,,,,,,,,,,,,,,65030,0,b63d9a6a59c92b71ebb27d6dbfb387c70df516f225f067e4dfea40157df365d3,validation_007,1,6,1893012921,13,,
42,8.4,A,ramp,True,False,256.40000000000055,30.0,1,accelerate,2.0,0.0,196.0,20.0,1,0,accelerate-maintain,-0.08467847853899002,0.12021654844284058,0.014140315353870392,1,0.12021654844284058,0.014140315353870392,0.10607623308897018,0.2048950269818306,"[true, true, true]",False,False,False,65030,0,b63d9a6a59c92b71ebb27d6dbfb387c70df516f225f067e4dfea40157df365d3,validation_007,1,6,1893012921,13,,
42,8.4,B,mainline,True,False,196.0,20.0,0,maintain,0.0,0.0,256.40000000000055,30.0,1,0,accelerate-maintain,-0.058519020676612854,-0.07579995691776276,-0.0921705961227417,0,-0.058519020676612854,-0.07579995691776276,0.017280936241149902,0.033651575446128845,"[true, true, true]",False,False,False,65030,0,b63d9a6a59c92b71ebb27d6dbfb387c70df516f225f067e4dfea40157df365d3,validation_007,1,6,1893012921,13,,
42,8.4,B_front,background_mainline,True,,260.0,0.0,,,,,,,,,,,,,,,,,,,,,,65030,0,b63d9a6a59c92b71ebb27d6dbfb387c70df516f225f067e4dfea40157df365d3,validation_007,1,6,1893012921,13,,
42,8.4,B_rear,background_mainline,True,,155.7093209635406,18.206691142764495,,,,,,,,,,,,,,,,,,,,,,65030,0,b63d9a6a59c92b71ebb27d6dbfb387c70df516f225f067e4dfea40157df365d3,validation_007,1,6,1893012921,13,,
43,8.6,A,ramp,False,True,260.90000000000055,0.0,0,maintain,0.0,0.0,200.0,20.0,0,0,inactive-active,-0.09041577577590942,0.052622608840465546,-0.07279898226261139,1,0.052622608840465546,-0.07279898226261139,0.12542159110307693,0.14303838461637497,"[true, true, true]",False,False,False,65030,0,b63d9a6a59c92b71ebb27d6dbfb387c70df516f225f067e4dfea40157df365d3,validation_007,1,6,1893012921,13,,
43,8.6,B,mainline,True,False,200.0,20.0,0,maintain,0.0,0.0,260.90000000000055,0.0,0,0,inactive-active,-0.05556868761777878,-0.08619153499603271,-0.14355236291885376,0,-0.05556868761777878,-0.08619153499603271,0.030622847378253937,0.08798367530107498,"[true, true, true]",False,False,False,65030,0,b63d9a6a59c92b71ebb27d6dbfb387c70df516f225f067e4dfea40157df365d3,validation_007,1,6,1893012921,13,,
43,8.6,B_front,background_mainline,True,,260.0,0.0,,,,,,,,,,,,,,,,,,,,,,65030,0,b63d9a6a59c92b71ebb27d6dbfb387c70df516f225f067e4dfea40157df365d3,validation_007,1,6,1893012921,13,,
43,8.6,B_rear,background_mainline,True,,159.35236808401598,18.223748035207272,,,,,,,,,,,,,,,,,,,,,,65030,0,b63d9a6a59c92b71ebb27d6dbfb387c70df516f225f067e4dfea40157df365d3,validation_007,1,6,1893012921,13,,
44,8.8,A,ramp,False,True,260.90000000000055,0.0,0,maintain,0.0,0.0,204.0,20.0,0,0,inactive-active,-0.09108460694551468,0.05319445580244064,-0.07299314439296722,1,0.05319445580244064,-0.07299314439296722,0.12618760019540787,0.14427906274795532,"[true, true, true]",False,False,False,65030,0,b63d9a6a59c92b71ebb27d6dbfb387c70df516f225f067e4dfea40157df365d3,validation_007,1,6,1893012921,13,,
44,8.8,B,mainline,True,False,204.0,20.0,0,maintain,0.0,0.0,260.90000000000055,0.0,0,0,inactive-active,-0.056119710206985474,-0.08813067525625229,-0.14429166913032532,0,-0.056119710206985474,-0.08813067525625229,0.032010965049266815,0.08817195892333984,"[true, true, true]",False,False,False,65030,0,b63d9a6a59c92b71ebb27d6dbfb387c70df516f225f067e4dfea40157df365d3,validation_007,1,6,1893012921,13,,
44,8.8,B_front,background_mainline,True,,260.0,0.0,,,,,,,,,,,,,,,,,,,,,,65030,0,b63d9a6a59c92b71ebb27d6dbfb387c70df516f225f067e4dfea40157df365d3,validation_007,1,6,1893012921,13,,
44,8.8,B_rear,background_mainline,True,,162.99880575642797,18.24059522021853,,,,,,,,,,,,,,,,,,,,,,65030,0,b63d9a6a59c92b71ebb27d6dbfb387c70df516f225f067e4dfea40157df365d3,validation_007,1,6,1893012921,13,,
45,9.0,A,ramp,False,True,260.90000000000055,0.0,0,maintain,0.0,0.0,208.0,20.0,0,0,inactive-active,-0.09175402671098709,0.053766313940286636,-0.07318724691867828,1,0.053766313940286636,-0.07318724691867828,0.12695356085896492,0.14552034065127373,"[true, true, true]",False,False,False,65030,0,b63d9a6a59c92b71ebb27d6dbfb387c70df516f225f067e4dfea40157df365d3,validation_007,1,6,1893012921,13,,
45,9.0,B,mainline,True,False,208.0,20.0,0,maintain,0.0,0.0,260.90000000000055,0.0,0,0,inactive-active,-0.056754402816295624,-0.09032692015171051,-0.14499807357788086,0,-0.056754402816295624,-0.09032692015171051,0.033572517335414886,0.08824367076158524,"[true, true, true]",False,False,False,65030,0,b63d9a6a59c92b71ebb27d6dbfb387c70df516f225f067e4dfea40157df365d3,validation_007,1,6,1893012921,13,,
45,9.0,B_front,background_mainline,True,,260.0,0.0,,,,,,,,,,,,,,,,,,,,,,65030,0,b63d9a6a59c92b71ebb27d6dbfb387c70df516f225f067e4dfea40157df365d3,validation_007,1,6,1893012921,13,,
45,9.0,B_rear,background_mainline,True,,166.6485911778998,18.257224356501748,,,,,,,,,,,,,,,,,,,,,,65030,0,b63d9a6a59c92b71ebb27d6dbfb387c70df516f225f067e4dfea40157df365d3,validation_007,1,6,1893012921,13,,
46,9.200000000000001,A,ramp,False,True,260.90000000000055,0.0,0,maintain,0.0,0.0,212.0,20.0,0,0,inactive-active,-0.09242402017116547,0.05433822050690651,-0.07338128983974457,1,0.05433822050690651,-0.07338128983974457,0.12771951034665108,0.14676224067807198,"[true, true, true]",False,False,False,65030,0,b63d9a6a59c92b71ebb27d6dbfb387c70df516f225f067e4dfea40157df365d3,validation_007,1,6,1893012921,13,,
46,9.200000000000001,B,mainline,True,False,212.0,20.0,0,maintain,0.0,0.0,260.90000000000055,0.0,0,0,inactive-active,-0.05729261040687561,-0.09197323769330978,-0.14585524797439575,0,-0.05729261040687561,-0.09197323769330978,0.034680627286434174,0.08856263756752014,"[true, true, true]",False,False,False,65030,0,b63d9a6a59c92b71ebb27d6dbfb387c70df516f225f067e4dfea40157df365d3,validation_007,1,6,1893012921,13,,
46,9.200000000000001,B_front,background_mainline,True,,260.0,0.0,,,,,,,,,,,,,,,,,,,,,,65030,0,b63d9a6a59c92b71ebb27d6dbfb387c70df516f225f067e4dfea40157df365d3,validation_007,1,6,1893012921,13,,
46,9.200000000000001,B_rear,background_mainline,True,,170.30168004440205,18.27362874113009,,,,,,,,,,,,,,,,,,,,,,65030,0,b63d9a6a59c92b71ebb27d6dbfb387c70df516f225f067e4dfea40157df365d3,validation_007,1,6,1893012921,13,,
47,9.4,A,ramp,False,True,260.90000000000055,0.0,0,maintain,0.0,0.0,216.0,20.0,0,0,inactive-active,-0.09309463202953339,0.05491015687584877,-0.07357530295848846,1,0.05491015687584877,-0.07357530295848846,0.12848545983433723,0.14800478890538216,"[true, true, true]",False,False,False,65030,0,b63d9a6a59c92b71ebb27d6dbfb387c70df516f225f067e4dfea40157df365d3,validation_007,1,6,1893012921,13,,
47,9.4,B,mainline,True,False,216.0,20.0,0,maintain,0.0,0.0,260.90000000000055,0.0,0,0,inactive-active,-0.05783078074455261,-0.09361952543258667,-0.1467125117778778,0,-0.05783078074455261,-0.09361952543258667,0.03578874468803406,0.0888817310333252,"[true, true, true]",False,False,False,65030,0,b63d9a6a59c92b71ebb27d6dbfb387c70df516f225f067e4dfea40157df365d3,validation_007,1,6,1893012921,13,,
47,9.4,B_front,background_mainline,True,,260.0,0.0,,,,,,,,,,,,,,,,,,,,,,65030,0,b63d9a6a59c92b71ebb27d6dbfb387c70df516f225f067e4dfea40157df365d3,validation_007,1,6,1893012921,13,,
47,9.4,B_rear,background_mainline,True,,173.95802685835147,18.289803112569167,,,,,,,,,,,,,,,,,,,,,,65030,0,b63d9a6a59c92b71ebb27d6dbfb387c70df516f225f067e4dfea40157df365d3,validation_007,1,6,1893012921,13,,
48,9.600000000000001,A,ramp,False,True,260.90000000000055,0.0,0,maintain,0.0,0.0,220.0,20.0,0,0,inactive-active,-0.09376586973667145,0.05548214539885521,-0.07376925647258759,1,0.05548214539885521,-0.07376925647258759,0.1292514018714428,0.14924801513552666,"[true, true, true]",False,False,False,65030,0,b63d9a6a59c92b71ebb27d6dbfb387c70df516f225f067e4dfea40157df365d3,validation_007,1,6,1893012921,13,,
48,9.600000000000001,B,mainline,True,False,220.0,20.0,0,maintain,0.0,0.0,260.90000000000055,0.0,0,0,inactive-active,-0.05836910009384155,-0.09526710212230682,-0.14756952226161957,0,-0.05836910009384155,-0.09526710212230682,0.03689800202846527,0.08920042216777802,"[true, true, true]",False,False,False,65030,0,b63d9a6a59c92b71ebb27d6dbfb387c70df516f225f067e4dfea40157df365d3,validation_007,1,6,1893012921,13,,
48,9.600000000000001,B_front,background_mainline,True,,260.0,0.0,,,,,,,,,,,,,,,,,,,,,,65030,0,b63d9a6a59c92b71ebb27d6dbfb387c70df516f225f067e4dfea40157df365d3,validation_007,1,6,1893012921,13,,
48,9.600000000000001,B_rear,background_mainline,True,,177.61758519912738,18.3057434763756,,,,,,,,,,,,,,,,,,,,,,65030,0,b63d9a6a59c92b71ebb27d6dbfb387c70df516f225f067e4dfea40157df365d3,validation_007,1,6,1893012921,13,,
49,9.8,A,ramp,False,True,260.90000000000055,0.0,0,maintain,0.0,0.0,224.0,20.0,0,0,inactive-active,-0.09443770349025726,0.05605417862534523,-0.0739632099866867,1,0.05605417862534523,-0.0739632099866867,0.13001738861203194,0.1504918821156025,"[true, true, true]",False,False,False,65030,0,b63d9a6a59c92b71ebb27d6dbfb387c70df516f225f067e4dfea40157df365d3,validation_007,1,6,1893012921,13,,
49,9.8,B,mainline,True,False,224.0,20.0,0,maintain,0.0,0.0,260.90000000000055,0.0,0,0,inactive-active,-0.058907561004161835,-0.09691594541072845,-0.1484263688325882,0,-0.058907561004161835,-0.09691594541072845,0.03800838440656662,0.08951880782842636,"[true, true, true]",False,False,False,65030,0,b63d9a6a59c92b71ebb27d6dbfb387c70df516f225f067e4dfea40157df365d3,validation_007,1,6,1893012921,13,,
49,9.8,B_front,background_mainline,True,,260.0,0.0,,,,,,,,,,,,,,,,,,,,,,65030,0,b63d9a6a59c92b71ebb27d6dbfb387c70df516f225f067e4dfea40157df365d3,validation_007,1,6,1893012921,13,,
49,9.8,B_rear,background_mainline,True,,181.2803079607612,18.321446950829756,,,,,,,,,,,,,,,,,,,,,,65030,0,b63d9a6a59c92b71ebb27d6dbfb387c70df516f225f067e4dfea40157df365d3,validation_007,1,6,1893012921,13,,
50,10.0,A,ramp,False,True,260.90000000000055,0.0,0,maintain,0.0,0.0,228.0,20.0,0,0,inactive-active,-0.09493931382894516,0.05662468820810318,-0.07431590557098389,1,0.05662468820810318,-0.07431590557098389,0.13094059377908707,0.15156400203704834,"[true, true, true]",False,False,False,65030,0,b63d9a6a59c92b71ebb27d6dbfb387c70df516f225f067e4dfea40157df365d3,validation_007,1,6,1893012921,13,,
50,10.0,B,mainline,True,False,228.0,20.0,0,maintain,0.0,0.0,260.90000000000055,0.0,0,0,inactive-active,-0.05948857218027115,-0.09854190051555634,-0.14922869205474854,0,-0.05948857218027115,-0.09854190051555634,0.03905332833528519,0.08974011987447739,"[true, true, true]",False,False,False,65030,0,b63d9a6a59c92b71ebb27d6dbfb387c70df516f225f067e4dfea40157df365d3,validation_007,1,6,1893012921,13,,
50,10.0,B_front,background_mainline,True,,260.0,0.0,,,,,,,,,,,,,,,,,,,,,,65030,0,b63d9a6a59c92b71ebb27d6dbfb387c70df516f225f067e4dfea40157df365d3,validation_007,1,6,1893012921,13,,
50,10.0,B_rear,background_mainline,True,,184.94614756054276,18.336911630122625,,,,,,,,,,,,,,,,,,,,,,65030,0,b63d9a6a59c92b71ebb27d6dbfb387c70df516f225f067e4dfea40157df365d3,validation_007,1,6,1893012921,13,,
51,10.200000000000001,A,ramp,False,True,260.90000000000055,0.0,0,maintain,0.0,0.0,232.0,20.0,0,0,inactive-active,-0.09547867625951767,0.05743429437279701,-0.07487945258617401,1,0.05743429437279701,-0.07487945258617401,0.13231374695897102,0.15291297063231468,"[true, true, true]",False,False,False,65030,0,b63d9a6a59c92b71ebb27d6dbfb387c70df516f225f067e4dfea40157df365d3,validation_007,1,6,1893012921,13,,
51,10.200000000000001,B,mainline,True,False,232.0,20.0,0,maintain,0.0,0.0,260.90000000000055,0.0,0,0,inactive-active,-0.06027413159608841,-0.10009706765413284,-0.14975771307945251,0,-0.06027413159608841,-0.10009706765413284,0.039822936058044434,0.0894835814833641,"[true, true, true]",False,False,False,65030,0,b63d9a6a59c92b71ebb27d6dbfb387c70df516f225f067e4dfea40157df365d3,validation_007,1,6,1893012921,13,,
51,10.200000000000001,B_front,background_mainline,True,,260.0,0.0,,,,,,,,,,,,,,,,,,,,,,65030,0,b63d9a6a59c92b71ebb27d6dbfb387c70df516f225f067e4dfea40157df365d3,validation_007,1,6,1893012921,13,,
51,10.200000000000001,B_rear,background_mainline,True,,188.61505612184212,18.352136463025627,,,,,,,,,,,,,,,,,,,,,,65030,0,b63d9a6a59c92b71ebb27d6dbfb387c70df516f225f067e4dfea40157df365d3,validation_007,1,6,1893012921,13,,
52,10.4,A,ramp,False,True,260.90000000000055,0.0,0,maintain,0.0,0.0,236.0,20.0,0,0,inactive-active,-0.09583504498004913,0.05849996209144592,-0.07504163682460785,1,0.05849996209144592,-0.07504163682460785,0.13354159891605377,0.15433500707149506,"[true, true, true]",False,False,False,65030,0,b63d9a6a59c92b71ebb27d6dbfb387c70df516f225f067e4dfea40157df365d3,validation_007,1,6,1893012921,13,,
52,10.4,B,mainline,True,False,236.0,20.0,0,maintain,0.0,0.0,260.90000000000055,0.0,0,0,inactive-active,-0.061332449316978455,-0.10160116851329803,-0.14991091191768646,0,-0.061332449316978455,-0.10160116851329803,0.04026871919631958,0.08857846260070801,"[true, true, true]",False,False,False,65030,0,b63d9a6a59c92b71ebb27d6dbfb387c70df516f225f067e4dfea40157df365d3,validation_007,1,6,1893012921,13,,
52,10.4,B_front,background_mainline,True,,260.0,0.0,,,,,,,,,,,,,,,,,,,,,,65030,0,b63d9a6a59c92b71ebb27d6dbfb387c70df516f225f067e4dfea40157df365d3,validation_007,1,6,1893012921,13,,
52,10.4,B_rear,background_mainline,True,,192.28698563405973,18.367121145236577,,,,,,,,,,,,,,,,,,,,,,65030,0,b63d9a6a59c92b71ebb27d6dbfb387c70df516f225f067e4dfea40157df365d3,validation_007,1,6,1893012921,13,,
53,10.600000000000001,A,ramp,False,True,260.90000000000055,0.0,0,maintain,0.0,0.0,240.0,20.0,0,0,inactive-active,-0.09610389173030853,0.06002287566661835,-0.07509593665599823,1,0.06002287566661835,-0.07509593665599823,0.13511881232261658,0.15612676739692688,"[true, true, true]",False,False,False,65030,0,b63d9a6a59c92b71ebb27d6dbfb387c70df516f225f067e4dfea40157df365d3,validation_007,1,6,1893012921,13,,
53,10.600000000000001,B,mainline,True,False,240.0,20.0,0,maintain,0.0,0.0,260.90000000000055,0.0,0,0,inactive-active,-0.062390975654125214,-0.10310637950897217,-0.15006378293037415,0,-0.062390975654125214,-0.10310637950897217,0.040715403854846954,0.08767280727624893,"[true, true, true]",False,False,False,65030,0,b63d9a6a59c92b71ebb27d6dbfb387c70df516f225f067e4dfea40157df365d3,validation_007,1,6,1893012921,13,,
53,10.600000000000001,B_front,background_mainline,True,,260.0,0.0,,,,,,,,,,,,,,,,,,,,,,65030,0,b63d9a6a59c92b71ebb27d6dbfb387c70df516f225f067e4dfea40157df365d3,validation_007,1,6,1893012921,13,,
53,10.600000000000001,B_rear,background_mainline,True,,195.96188809227803,18.381866023822273,,,,,,,,,,,,,,,,,,,,,,65030,0,b63d9a6a59c92b71ebb27d6dbfb387c70df516f225f067e4dfea40157df365d3,validation_007,1,6,1893012921,13,,
54,10.8,A,ramp,False,True,260.90000000000055,0.0,0,maintain,0.0,0.0,244.0,20.0,0,0,inactive-active,-0.09637326002120972,0.06154584884643555,-0.0751500278711319,1,0.06154584884643555,-0.0751500278711319,0.13669587671756744,0.15791910886764526,"[true, true, true]",False,False,False,65030,0,b63d9a6a59c92b71ebb27d6dbfb387c70df516f225f067e4dfea40157df365d3,validation_007,1,6,1893012921,13,,
54,10.8,B,mainline,True,False,244.0,20.0,0,maintain,0.0,0.0,260.90000000000055,0.0,0,0,inactive-active,-0.06344971060752869,-0.10461276769638062,-0.15021631121635437,0,-0.06344971060752869,-0.10461276769638062,0.04116305708885193,0.08676660060882568,"[true, true, true]",False,False,False,65030,0,b63d9a6a59c92b71ebb27d6dbfb387c70df516f225f067e4dfea40157df365d3,validation_007,1,6,1893012921,13,,
54,10.8,B_front,background_mainline,True,,260.0,0.0,,,,,,,,,,,,,,,,,,,,,,65030,0,b63d9a6a59c92b71ebb27d6dbfb387c70df516f225f067e4dfea40157df365d3,validation_007,1,6,1893012921,13,,
54,10.8,B_rear,background_mainline,True,,199.63971561889358,18.396372012374062,,,,,,,,,,,,,,,,,,,,,,65030,0,b63d9a6a59c92b71ebb27d6dbfb387c70df516f225f067e4dfea40157df365d3,validation_007,1,6,1893012921,13,,
55,11.0,A,ramp,False,True,260.90000000000055,0.0,0,maintain,0.0,0.0,248.0,20.0,0,0,inactive-active,-0.09668047726154327,0.06313739717006683,-0.07515326142311096,1,0.06313739717006683,-0.07515326142311096,0.1382906585931778,0.1598178744316101,"[true, true, true]",False,False,False,65030,0,b63d9a6a59c92b71ebb27d6dbfb387c70df516f225f067e4dfea40157df365d3,validation_007,1,6,1893012921,13,,
55,11.0,B,mainline,True,False,248.0,20.0,0,maintain,0.0,0.0,260.90000000000055,0.0,0,0,inactive-active,-0.06450864672660828,-0.10612022876739502,-0.15036849677562714,0,-0.06450864672660828,-0.10612022876739502,0.04161158204078674,0.08585985004901886,"[true, true, true]",False,False,False,65030,0,b63d9a6a59c92b71ebb27d6dbfb387c70df516f225f067e4dfea40157df365d3,validation_007,1,6,1893012921,13,,
55,11.0,B_front,background_mainline,True,,260.0,0.0,,,,,,,,,,,,,,,,,,,,,,65030,0,b63d9a6a59c92b71ebb27d6dbfb387c70df516f225f067e4dfea40157df365d3,validation_007,1,6,1893012921,13,,
55,11.0,B_rear,background_mainline,True,,203.32042056924757,18.410640515661864,,,,,,,,,,,,,,,,,,,,,,65030,0,b63d9a6a59c92b71ebb27d6dbfb387c70df516f225f067e4dfea40157df365d3,validation_007,1,6,1893012921,13,,
56,11.200000000000001,A,ramp,False,True,260.90000000000055,0.0,0,maintain,0.0,0.0,252.0,20.0,0,0,inactive-active,-0.09700697660446167,0.06476350873708725,-0.07513079047203064,1,0.06476350873708725,-0.07513079047203064,0.1398942992091179,0.16177048534154892,"[true, true, true]",False,False,False,65030,0,b63d9a6a59c92b71ebb27d6dbfb387c70df516f225f067e4dfea40157df365d3,validation_007,1,6,1893012921,13,,
56,11.200000000000001,B,mainline,True,False,252.0,20.0,0,maintain,0.0,0.0,260.90000000000055,0.0,0,0,inactive-active,-0.06549966335296631,-0.1071765273809433,-0.15070274472236633,0,-0.06549966335296631,-0.1071765273809433,0.04167686402797699,0.08520308136940002,"[true, true, true]",False,False,False,65030,0,b63d9a6a59c92b71ebb27d6dbfb387c70df516f225f067e4dfea40157df365d3,validation_007,1,6,1893012921,13,,
56,11.200000000000001,B_front,background_mainline,True,,260.0,0.0,,,,,,,,,,,,,,,,,,,,,,65030,0,b63d9a6a59c92b71ebb27d6dbfb387c70df516f225f067e4dfea40157df365d3,validation_007,1,6,1893012921,13,,
56,11.200000000000001,B_rear,background_mainline,True,,207.0039556230459,18.4246733627186,,,,,,,,,,,,,,,,,,,,,,65030,0,b63d9a6a59c92b71ebb27d6dbfb387c70df516f225f067e4dfea40157df365d3,validation_007,1,6,1893012921,13,,
57,11.4,A,ramp,False,True,260.90000000000055,0.0,0,maintain,0.0,0.0,256.0,20.0,0,0,inactive-active,-0.09733397513628006,0.06638971716165543,-0.0751081258058548,1,0.06638971716165543,-0.0751081258058548,0.14149784296751022,0.16372369229793549,"[true, true, true]",False,True,False,65030,0,b63d9a6a59c92b71ebb27d6dbfb387c70df516f225f067e4dfea40157df365d3,validation_007,1,6,1893012921,13,,
57,11.4,B,mainline,True,False,256.0,20.0,0,maintain,0.0,0.0,260.90000000000055,0.0,0,0,inactive-active,-0.06648047268390656,-0.10816492140293121,-0.15106451511383057,0,-0.06648047268390656,-0.10816492140293121,0.04168444871902466,0.08458404242992401,"[true, true, true]",False,True,False,65030,0,b63d9a6a59c92b71ebb27d6dbfb387c70df516f225f067e4dfea40157df365d3,validation_007,1,6,1893012921,13,,
57,11.4,B_front,background_mainline,True,,260.0,0.0,,,,,,,,,,,,,,,,,,,,,,65030,0,b63d9a6a59c92b71ebb27d6dbfb387c70df516f225f067e4dfea40157df365d3,validation_007,1,6,1893012921,13,,
57,11.4,B_rear,background_mainline,True,,210.69027386315915,18.43847274741438,,,,,,,,,,,,,,,,,,,,,,65030,0,b63d9a6a59c92b71ebb27d6dbfb387c70df516f225f067e4dfea40157df365d3,validation_007,1,6,1893012921,13,,
0,0.0,A,mainline,True,False,38.4,16.0,1,accelerate,0.0,2.0000000000000284,29.599999999999994,18.0,1,1,accelerate-accelerate,-0.04311862960457802,0.058809343725442886,-0.013225078582763672,1,0.058809343725442886,-0.013225078582763672,0.07203442230820656,0.1019279733300209,"[true, true, true]",False,False,False,65030,0,b63d9a6a59c92b71ebb27d6dbfb387c70df516f225f067e4dfea40157df365d3,validation_008,0,7,1309009556,14,,
0,0.0,B,ramp,True,False,29.599999999999994,18.0,1,accelerate,0.0,2.0000000000000284,38.4,16.0,1,1,accelerate-accelerate,-0.04933784902095795,0.024017322808504105,-0.21072429418563843,1,0.024017322808504105,-0.04933784902095795,0.07335517182946205,0.23474161699414253,"[true, true, true]",False,False,False,65030,0,b63d9a6a59c92b71ebb27d6dbfb387c70df516f225f067e4dfea40157df365d3,validation_008,0,7,1309009556,14,,
0,0.0,B_front,background_mainline,True,,108.0,20.0,,,,,,,,,,,,,,,,,,,,,,65030,0,b63d9a6a59c92b71ebb27d6dbfb387c70df516f225f067e4dfea40157df365d3,validation_008,0,7,1309009556,14,,
0,0.0,B_rear,background_mainline,True,,9.492773965497049,18.99749432459673,,,,,,,,,,,,,,,,,,,,,,65030,0,b63d9a6a59c92b71ebb27d6dbfb387c70df516f225f067e4dfea40157df365d3,validation_008,0,7,1309009556,14,,
1,0.2,A,mainline,True,False,41.64,16.400000000000006,1,accelerate,2.0,2.0000000000000284,33.23999999999999,18.400000000000006,1,1,accelerate-accelerate,-0.042250439524650574,0.059821467846632004,-0.014495313167572021,1,0.059821467846632004,-0.014495313167572021,0.07431678101420403,0.10207190737128258,"[true, true, true]",False,False,False,65030,0,b63d9a6a59c92b71ebb27d6dbfb387c70df516f225f067e4dfea40157df365d3,validation_008,0,7,1309009556,14,,
1,0.2,B,ramp,True,False,33.23999999999999,18.400000000000006,1,accelerate,2.0,2.0000000000000284,41.64,16.400000000000006,1,1,accelerate-accelerate,-0.04953046143054962,0.025778058916330338,-0.21288169920444489,1,0.025778058916330338,-0.04953046143054962,0.07530852034687996,0.23865975812077522,"[true, true, true]",False,False,False,65030,0,b63d9a6a59c92b71ebb27d6dbfb387c70df516f225f067e4dfea40157df365d3,validation_008,0,7,1309009556,14,,
1,0.2,B_front,background_mainline,True,,112.0,20.0,,,,,,,,,,,,,,,,,,,,,,65030,0,b63d9a6a59c92b71ebb27d6dbfb387c70df516f225f067e4dfea40157df365d3,validation_008,0,7,1309009556,14,,
1,0.2,B_rear,background_mainline,True,,13.22254215377909,18.34152756510569,,,,,,,,,,,,,,,,,,,,,,65030,0,b63d9a6a59c92b71ebb27d6dbfb387c70df516f225f067e4dfea40157df365d3,validation_008,0,7,1309009556,14,,
2,0.4,A,mainline,True,False,44.96,16.80000000000001,1,accelerate,2.0,2.0000000000000284,36.95999999999999,18.80000000000001,1,1,accelerate-accelerate,-0.040988750755786896,0.060813598334789276,-0.01593390852212906,1,0.060813598334789276,-0.01593390852212906,0.07674750685691833,0.10180234909057617,"[true, true, true]",False,False,False,65030,0,b63d9a6a59c92b71ebb27d6dbfb387c70df516f225f067e4dfea40157df365d3,validation_008,0,7,1309009556,14,,
2,0.4,B,ramp,True,False,36.95999999999999,18.80000000000001,1,accelerate,2.0,2.0000000000000284,44.96,16.80000000000001,1,1,accelerate-accelerate,-0.05007471144199371,0.026839733123779297,-0.21488502621650696,1,0.026839733123779297,-0.05007471144199371,0.07691444456577301,0.24172475934028625,"[true, true, true]",False,False,False,65030,0,b63d9a6a59c92b71ebb27d6dbfb387c70df516f225f067e4dfea40157df365d3,validation_008,0,7,1309009556,14,,
2,0.4,B_front,background_mainline,True,,116.0,20.0,,,,,,,,,,,,,,,,,,,,,,65030,0,b63d9a6a59c92b71ebb27d6dbfb387c70df516f225f067e4dfea40157df365d3,validation_008,0,7,1309009556,14,,
2,0.4,B_rear,background_mainline,True,,16.84405980223203,17.900659069121016,,,,,,,,,,,,,,,,,,,,,,65030,0,b63d9a6a59c92b71ebb27d6dbfb387c70df516f225f067e4dfea40157df365d3,validation_008,0,7,1309009556,14,,
3,0.6000000000000001,A,mainline,True,False,48.36000000000001,17.200000000000017,1,accelerate,2.0,2.0000000000000284,40.75999999999999,19.200000000000017,1,1,accelerate-accelerate,-0.039855532348155975,0.061914436519145966,-0.01734418421983719,1,0.061914436519145966,-0.01734418421983719,0.07925862073898315,0.10176996886730194,"[true, true, true]",False,False,False,65030,0,b63d9a6a59c92b71ebb27d6dbfb387c70df516f225f067e4dfea40157df365d3,validation_008,0,7,1309009556,14,,
3,0.6000000000000001,B,ramp,True,False,40.75999999999999,19.200000000000017,1,accelerate,2.0,2.0000000000000284,48.36000000000001,17.200000000000017,1,1,accelerate-accelerate,-0.05065225064754486,0.027893025428056717,-0.21703098714351654,1,0.027893025428056717,-0.05065225064754486,0.07854527607560158,0.24492401257157326,"[true, true, true]",False,False,False,65030,0,b63d9a6a59c92b71ebb27d6dbfb387c70df516f225f067e4dfea40157df365d3,validation_008,0,7,1309009556,14,,
3,0.6000000000000001,B_front,background_mainline,True,,120.0,20.0,,,,,,,,,,,,,,,,,,,,,,65030,0,b63d9a6a59c92b71ebb27d6dbfb387c70df516f225f067e4dfea40157df365d3,validation_008,0,7,1309009556,14,,
3,0.6000000000000001,B_rear,background_mainline,True,,20.392708662119105,17.60461817657726,,,,,,,,,,,,,,,,,,,,,,65030,0,b63d9a6a59c92b71ebb27d6dbfb387c70df516f225f067e4dfea40157df365d3,validation_008,0,7,1309009556,14,,
4,0.8,A,mainline,True,False,51.84000000000001,17.600000000000023,1,accelerate,2.0,2.0000000000000284,44.63999999999999,19.600000000000023,1,1,accelerate-accelerate,-0.0387016199529171,0.0630006268620491,-0.018706493079662323,1,0.0630006268620491,-0.018706493079662323,0.08170711994171143,0.1017022468149662,"[true, true, true]",False,False,False,65030,0,b63d9a6a59c92b71ebb27d6dbfb387c70df516f225f067e4dfea40157df365d3,validation_008,0,7,1309009556,14,,
4,0.8,B,ramp,True,False,44.63999999999999,19.600000000000023,1,accelerate,2.0,2.0000000000000284,51.84000000000001,17.600000000000023,1,1,accelerate-accelerate,-0.05129533261060715,0.029489167034626007,-0.21996663510799408,1,0.029489167034626007,-0.05129533261060715,0.08078449964523315,0.2494558021426201,"[true, true, true]",False,False,False,65030,0,b63d9a6a59c92b71ebb27d6dbfb387c70df516f225f067e4dfea40157df365d3,validation_008,0,7,1309009556,14,,
4,0.8,B_front,background_mainline,True,,124.0,20.0,,,,,,,,,,,,,,,,,,,,,,65030,0,b63d9a6a59c92b71ebb27d6dbfb387c70df516f225f067e4dfea40157df365d3,validation_008,0,7,1309009556,14,,
4,0.8,B_rear,background_mainline,True,,23.892947036164532,17.411397084444914,,,,,,,,,,,,,,,,,,,,,,65030,0,b63d9a6a59c92b71ebb27d6dbfb387c70df516f225f067e4dfea40157df365d3,validation_008,0,7,1309009556,14,,
5,1.0,A,mainline,True,False,55.40000000000001,18.00000000000003,1,accelerate,2.0,2.0000000000000284,48.6,20.00000000000003,1,1,accelerate-accelerate,-0.037624478340148926,0.0641300231218338,-0.019978627562522888,1,0.0641300231218338,-0.019978627562522888,0.08410865068435669,0.10175450146198273,"[true, true, true]",False,False,False,65030,0,b63d9a6a59c92b71ebb27d6dbfb387c70df516f225f067e4dfea40157df365d3,validation_008,0,7,1309009556,14,,
5,1.0,B,ramp,True,False,48.6,20.00000000000003,1,accelerate,2.0,2.0000000000000284,55.40000000000001,18.00000000000003,1,1,accelerate-accelerate,-0.05191105604171753,0.03091517835855484,-0.22277730703353882,1,0.03091517835855484,-0.05191105604171753,0.08282623440027237,0.25369248539209366,"[true, true, true]",False,False,False,65030,0,b63d9a6a59c92b71ebb27d6dbfb387c70df516f225f067e4dfea40157df365d3,validation_008,0,7,1309009556,14,,
5,1.0,B_front,background_mainline,True,,128.0,20.0,,,,,,,,,,,,,,,,,,,,,,65030,0,b63d9a6a59c92b71ebb27d6dbfb387c70df516f225f067e4dfea40157df365d3,validation_008,0,7,1309009556,14,,
5,1.0,B_rear,background_mainline,True,,27.362451423162312,17.293823125007094,,,,,,,,,,,,,,,,,,,,,,65030,0,b63d9a6a59c92b71ebb27d6dbfb387c70df516f225f067e4dfea40157df365d3,validation_008,0,7,1309009556,14,,
6,1.2000000000000002,A,mainline,True,False,59.04000000000002,18.400000000000034,1,accelerate,2.0,2.0000000000000284,52.64000000000001,20.400000000000034,1,1,accelerate-accelerate,-0.0367395393550396,0.06543207913637161,-0.02141547203063965,1,0.06543207913637161,-0.02141547203063965,0.08684755116701126,0.10217161849141121,"[true, true, true]",False,False,False,65030,0,b63d9a6a59c92b71ebb27d6dbfb387c70df516f225f067e4dfea40157df365d3,validation_008,0,7,1309009556,14,,
6,1.2000000000000002,B,ramp,True,False,52.64000000000001,20.400000000000034,1,accelerate,2.0,2.0000000000000284,59.04000000000002,18.400000000000034,1,1,accelerate-accelerate,-0.052362121641635895,0.031871140003204346,-0.22513723373413086,1,0.031871140003204346,-0.052362121641635895,0.08423326164484024,0.2570083737373352,"[true, true, true]",False,False,False,65030,0,b63d9a6a59c92b71ebb27d6dbfb387c70df516f225f067e4dfea40157df365d3,validation_008,0,7,1309009556,14,,
6,1.2000000000000002,B_front,background_mainline,True,,132.0,20.0,,,,,,,,,,,,,,,,,,,,,,65030,0,b63d9a6a59c92b71ebb27d6dbfb387c70df516f225f067e4dfea40157df365d3,validation_008,0,7,1309009556,14,,
6,1.2000000000000002,B_rear,background_mainline,True,,30.814384655701836,17.23324994757526,,,,,,,,,,,,,,,,,,,,,,65030,0,b63d9a6a59c92b71ebb27d6dbfb387c70df516f225f067e4dfea40157df365d3,validation_008,0,7,1309009556,14,,
7,1.4000000000000001,A,mainline,True,False,62.760000000000026,18.80000000000004,1,accelerate,2.0,2.0000000000000284,56.76000000000001,20.80000000000004,1,1,accelerate-accelerate,-0.03602331131696701,0.0666627287864685,-0.022678345441818237,1,0.0666627287864685,-0.022678345441818237,0.08934107422828674,0.10268604010343552,"[true, true, true]",False,False,False,65030,0,b63d9a6a59c92b71ebb27d6dbfb387c70df516f225f067e4dfea40157df365d3,validation_008,0,7,1309009556,14,,
7,1.4000000000000001,B,ramp,True,False,56.76000000000001,20.80000000000004,1,accelerate,2.0,2.0000000000000284,62.760000000000026,18.80000000000004,1,1,accelerate-accelerate,-0.052880607545375824,0.03237195312976837,-0.22645848989486694,1,0.03237195312976837,-0.052880607545375824,0.0852525606751442,0.2588304430246353,"[true, true, true]",False,False,False,65030,0,b63d9a6a59c92b71ebb27d6dbfb387c70df516f225f067e4dfea40157df365d3,validation_008,0,7,1309009556,14,,
7,1.4000000000000001,B_front,background_mainline,True,,136.0,20.0,,,,,,,,,,,,,,,,,,,,,,65030,0,b63d9a6a59c92b71ebb27d6dbfb387c70df516f225f067e4dfea40157df365d3,validation_008,0,7,1309009556,14,,
7,1.4000000000000001,B_rear,background_mainline,True,,34.25874221065077,17.216278596202045,,,,,,,,,,,,,,,,,,,,,,65030,0,b63d9a6a59c92b71ebb27d6dbfb387c70df516f225f067e4dfea40157df365d3,validation_008,0,7,1309009556,14,,
8,1.6,A,mainline,True,False,66.56000000000003,19.200000000000045,1,accelerate,2.0,2.0000000000000284,60.96000000000002,21.200000000000045,1,1,accelerate-accelerate,-0.03527805209159851,0.06782697886228561,-0.02371351420879364,1,0.06782697886228561,-0.02371351420879364,0.09154049307107925,0.10310503095388412,"[true, true, true]",False,False,False,65030,0,b63d9a6a59c92b71ebb27d6dbfb387c70df516f225f067e4dfea40157df365d3,validation_008,0,7,1309009556,14,,
8,1.6,B,ramp,True,False,60.96000000000002,21.200000000000045,1,accelerate,2.0,2.0000000000000284,66.56000000000003,19.200000000000045,1,1,accelerate-accelerate,-0.0535409078001976,0.032438941299915314,-0.2271510362625122,1,0.032438941299915314,-0.0535409078001976,0.08597984910011292,0.2595899775624275,"[true, true, true]",False,False,False,65030,0,b63d9a6a59c92b71ebb27d6dbfb387c70df516f225f067e4dfea40157df365d3,validation_008,0,7,1309009556,14,,
8,1.6,B_front,background_mainline,True,,140.0,20.0,,,,,,,,,,,,,,,,,,,,,,65030,0,b63d9a6a59c92b71ebb27d6dbfb387c70df516f225f067e4dfea40157df365d3,validation_008,0,7,1309009556,14,,
8,1.6,B_rear,background_mainline,True,,37.703202188312375,17.23291800269014,,,,,,,,,,,,,,,,,,,,,,65030,0,b63d9a6a59c92b71ebb27d6dbfb387c70df516f225f067e4dfea40157df365d3,validation_008,0,7,1309009556,14,,
9,1.8,A,mainline,True,False,70.44000000000004,19.60000000000005,1,accelerate,2.0,2.0000000000000284,65.24000000000002,21.60000000000005,1,1,accelerate-accelerate,-0.03425554186105728,0.06904181838035583,-0.02473282814025879,1,0.06904181838035583,-0.02473282814025879,0.09377464652061462,0.10329736024141312,"[true, true, true]",False,False,False,65030,0,b63d9a6a59c92b71ebb27d6dbfb387c70df516f225f067e4dfea40157df365d3,validation_008,0,7,1309009556,14,,
9,1.8,B,ramp,True,False,65.24000000000002,21.60000000000005,1,accelerate,2.0,2.0000000000000284,70.44000000000004,19.60000000000005,1,1,accelerate-accelerate,-0.05468855798244476,0.03193439543247223,-0.22653722763061523,1,0.03193439543247223,-0.05468855798244476,0.08662295341491699,0.25847162306308746,"[true, true, true]",False,False,False,65030,0,b63d9a6a59c92b71ebb27d6dbfb387c70df516f225f067e4dfea40157df365d3,validation_008,0,7,1309009556,14,,
9,1.8,B_front,background_mainline,True,,144.0,20.0,,,,,,,,,,,,,,,,,,,,,,65030,0,b63d9a6a59c92b71ebb27d6dbfb387c70df516f225f067e4dfea40157df365d3,validation_008,0,7,1309009556,14,,
9,1.8,B_rear,background_mainline,True,,41.15368893756659,17.275489127033822,,,,,,,,,,,,,,,,,,,,,,65030,0,b63d9a6a59c92b71ebb27d6dbfb387c70df516f225f067e4dfea40157df365d3,validation_008,0,7,1309009556,14,,
10,2.0,A,mainline,True,False,74.40000000000005,20.000000000000057,1,accelerate,2.0,2.0000000000000284,69.60000000000002,22.000000000000057,1,1,accelerate-accelerate,-0.0328703373670578,0.0694776177406311,-0.025778397917747498,1,0.0694776177406311,-0.025778397917747498,0.0952560156583786,0.1023479551076889,"[true, true, true]",False,False,False,65030,0,b63d9a6a59c92b71ebb27d6dbfb387c70df516f225f067e4dfea40157df365d3,validation_008,0,7,1309009556,14,,
10,2.0,B,ramp,True,False,69.60000000000002,22.000000000000057,1,accelerate,2.0,2.0000000000000284,74.40000000000005,20.000000000000057,1,1,accelerate-accelerate,-0.0557388961315155,0.03173691779375076,-0.22549813985824585,1,0.03173691779375076,-0.0557388961315155,0.08747581392526627,0.2572350576519966,"[true, true, true]",False,False,False,65030,0,b63d9a6a59c92b71ebb27d6dbfb387c70df516f225f067e4dfea40157df365d3,validation_008,0,7,1309009556,14,,
10,2.0,B_front,background_mainline,True,,148.0,20.0,,,,,,,,,,,,,,,,,,,,,,65030,0,b63d9a6a59c92b71ebb27d6dbfb387c70df516f225f067e4dfea40157df365d3,validation_008,0,7,1309009556,14,,
10,2.0,B_rear,background_mainline,True,,44.614762167337226,17.33793975197605,,,,,,,,,,,,,,,,,,,,,,65030,0,b63d9a6a59c92b71ebb27d6dbfb387c70df516f225f067e4dfea40157df365d3,validation_008,0,7,1309009556,14,,
11,2.2,A,mainline,True,False,78.44000000000005,20.400000000000063,1,accelerate,2.0,2.0000000000000284,74.04000000000003,22.400000000000063,1,1,accelerate-accelerate,-0.03148007020354271,0.0699172243475914,-0.026781737804412842,1,0.0699172243475914,-0.026781737804412842,0.09669896215200424,0.10139729455113411,"[true, true, true]",False,False,False,65030,0,b63d9a6a59c92b71ebb27d6dbfb387c70df516f225f067e4dfea40157df365d3,validation_008,0,7,1309009556,14,,
11,2.2,B,ramp,True,False,74.04000000000003,22.400000000000063,1,accelerate,2.0,2.0000000000000284,78.44000000000005,20.400000000000063,1,1,accelerate-accelerate,-0.057062506675720215,0.03156428039073944,-0.22406664490699768,1,0.03156428039073944,-0.057062506675720215,0.08862678706645966,0.2556309252977371,"[true, true, true]",False,False,False,65030,0,b63d9a6a59c92b71ebb27d6dbfb387c70df516f225f067e4dfea40157df365d3,validation_008,0,7,1309009556,14,,
11,2.2,B_front,background_mainline,True,,152.0,20.0,,,,,,,,,,,,,,,,,,,,,,65030,0,b63d9a6a59c92b71ebb27d6dbfb387c70df516f225f067e4dfea40157df365d3,validation_008,0,7,1309009556,14,,
11,2.2,B_rear,background_mainline,True,,48.089894879451464,17.41539876827871,,,,,,,,,,,,,,,,,,,,,,65030,0,b63d9a6a59c92b71ebb27d6dbfb387c70df516f225f067e4dfea40157df365d3,validation_008,0,7,1309009556,14,,
12,2.4000000000000004,A,mainline,True,False,82.56000000000007,20.800000000000068,1,accelerate,2.0,2.0000000000000284,78.56000000000004,22.800000000000068,1,1,accelerate-accelerate,-0.029910117387771606,0.07022267580032349,-0.027100704610347748,1,0.07022267580032349,-0.027100704610347748,0.09732338041067123,0.10013279318809509,"[true, true, true]",False,False,False,65030,0,b63d9a6a59c92b71ebb27d6dbfb387c70df516f225f067e4dfea40157df365d3,validation_008,0,7,1309009556,14,,
12,2.4000000000000004,B,ramp,True,False,78.56000000000004,22.800000000000068,1,accelerate,2.0,2.0000000000000284,82.56000000000007,20.800000000000068,1,1,accelerate-accelerate,-0.058482833206653595,0.03136695176362991,-0.22246809303760529,1,0.03136695176362991,-0.058482833206653595,0.08984978497028351,0.2538350448012352,"[true, true, true]",False,False,False,65030,0,b63d9a6a59c92b71ebb27d6dbfb387c70df516f225f067e4dfea40157df365d3,validation_008,0,7,1309009556,14,,
12,2.4000000000000004,B_front,background_mainline,True,,156.0,20.0,,,,,,,,,,,,,,,,,,,,,,65030,0,b63d9a6a59c92b71ebb27d6dbfb387c70df516f225f067e4dfea40157df365d3,validation_008,0,7,1309009556,14,,
12,2.4000000000000004,B_rear,background_mainline,True,,51.58167785412581,17.503876679601632,,,,,,,,,,,,,,,,,,,,,,65030,0,b63d9a6a59c92b71ebb27d6dbfb387c70df516f225f067e4dfea40157df365d3,validation_008,0,7,1309009556,14,,
13,2.6,A,mainline,True,False,86.76000000000009,21.200000000000074,1,accelerate,2.0,2.0000000000000284,83.16000000000005,23.200000000000074,1,1,accelerate-accelerate,-0.028353344649076462,0.07057714462280273,-0.027324602007865906,1,0.07057714462280273,-0.027324602007865906,0.09790174663066864,0.0989304892718792,"[true, true, true]",False,False,False,65030,0,b63d9a6a59c92b71ebb27d6dbfb387c70df516f225f067e4dfea40157df365d3,validation_008,0,7,1309009556,14,,
13,2.6,B,ramp,True,False,83.16000000000005,23.200000000000074,1,accelerate,2.0,2.0000000000000284,86.76000000000009,21.200000000000074,1,1,accelerate-accelerate,-0.05981902778148651,0.03099241852760315,-0.22086597979068756,1,0.03099241852760315,-0.05981902778148651,0.09081144630908966,0.2518583983182907,"[true, true, true]",False,False,False,65030,0,b63d9a6a59c92b71ebb27d6dbfb387c70df516f225f067e4dfea40157df365d3,validation_008,0,7,1309009556,14,,
13,2.6,B_front,background_mainline,True,,160.0,20.0,,,,,,,,,,,,,,,,,,,,,,65030,0,b63d9a6a59c92b71ebb27d6dbfb387c70df516f225f067e4dfea40157df365d3,validation_008,0,7,1309009556,14,,
13,2.6,B_rear,background_mainline,True,,55.09197415038723,17.600058948801003,,,,,,,,,,,,,,,,,,,,,,65030,0,b63d9a6a59c92b71ebb27d6dbfb387c70df516f225f067e4dfea40157df365d3,validation_008,0,7,1309009556,14,,
14,2.8000000000000003,A,mainline,True,False,91.0400000000001,21.60000000000008,1,accelerate,2.0,2.0000000000000284,87.84000000000007,23.60000000000008,1,1,accelerate-accelerate,-0.02674022689461708,0.07121092081069946,-0.02772623300552368,1,0.07121092081069946,-0.02674022689461708,0.09795114770531654,0.09893715381622314,"[true, true, true]",False,False,False,65030,0,b63d9a6a59c92b71ebb27d6dbfb387c70df516f225f067e4dfea40157df365d3,validation_008,0,7,1309009556,14,,
14,2.8000000000000003,B,ramp,True,False,87.84000000000007,23.60000000000008,1,accelerate,2.0,2.0000000000000284,91.0400000000001,21.60000000000008,1,1,accelerate-accelerate,-0.0612558051943779,0.030549630522727966,-0.21917083859443665,1,0.030549630522727966,-0.0612558051943779,0.09180543571710587,0.2497204691171646,"[true, true, true]",False,False,False,65030,0,b63d9a6a59c92b71ebb27d6dbfb387c70df516f225f067e4dfea40157df365d3,validation_008,0,7,1309009556,14,,
14,2.8000000000000003,B_front,background_mainline,True,,164.0,20.0,,,,,,,,,,,,,,,,,,,,,,65030,0,b63d9a6a59c92b71ebb27d6dbfb387c70df516f225f067e4dfea40157df365d3,validation_008,0,7,1309009556,14,,
14,2.8000000000000003,B_rear,background_mainline,True,,58.62203875775818,17.70116032303636,,,,,,,,,,,,,,,,,,,,,,65030,0,b63d9a6a59c92b71ebb27d6dbfb387c70df516f225f067e4dfea40157df365d3,validation_008,0,7,1309009556,14,,
15,3.0,A,mainline,True,False,95.40000000000013,22.000000000000085,1,accelerate,2.0,2.0000000000000284,92.6000000000001,24.000000000000085,1,1,accelerate-accelerate,-0.024834468960762024,0.07189425081014633,-0.028274744749069214,1,0.07189425081014633,-0.024834468960762024,0.09672871977090836,0.10016899555921555,"[true, true, true]",False,False,False,65030,0,b63d9a6a59c92b71ebb27d6dbfb387c70df516f225f067e4dfea40157df365d3,validation_008,0,7,1309009556,14,,
15,3.0,B,ramp,True,False,92.6000000000001,24.000000000000085,1,accelerate,2.0,2.0000000000000284,95.40000000000013,22.000000000000085,1,1,accelerate-accelerate,-0.06273159384727478,0.030067406594753265,-0.21739836037158966,1,0.030067406594753265,-0.06273159384727478,0.09279900044202805,0.24746576696634293,"[true, true, true]",False,False,False,65030,0,b63d9a6a59c92b71ebb27d6dbfb387c70df516f225f067e4dfea40157df365d3,validation_008,0,7,1309009556,14,,
15,3.0,B_front,background_mainline,True,,168.0,20.0,,,,,,,,,,,,,,,,,,,,,,65030,0,b63d9a6a59c92b71ebb27d6dbfb387c70df516f225f067e4dfea40157df365d3,validation_008,0,7,1309009556,14,,
15,3.0,B_rear,background_mainline,True,,62.17261347941676,17.804820397434625,,,,,,,,,,,,,,,,,,,,,,65030,0,b63d9a6a59c92b71ebb27d6dbfb387c70df516f225f067e4dfea40157df365d3,validation_008,0,7,1309009556,14,,
16,3.2,A,mainline,True,False,99.84000000000016,22.40000000000009,1,accelerate,2.0,2.0000000000000284,97.44000000000011,24.40000000000009,1,1,accelerate-accelerate,-0.022803589701652527,0.0731644481420517,-0.02863338589668274,1,0.0731644481420517,-0.022803589701652527,0.09596803784370422,0.10179783403873444,"[true, true, true]",False,False,False,65030,0,b63d9a6a59c92b71ebb27d6dbfb387c70df516f225f067e4dfea40157df365d3,validation_008,0,7,1309009556,14,,
16,3.2,B,ramp,True,False,97.44000000000011,24.40000000000009,1,accelerate,2.0,2.0000000000000284,99.84000000000016,22.40000000000009,1,1,accelerate-accelerate,-0.06420016288757324,0.029569178819656372,-0.2155628800392151,1,0.029569178819656372,-0.06420016288757324,0.09376934170722961,0.24513205885887146,"[true, true, true]",False,False,False,65030,0,b63d9a6a59c92b71ebb27d6dbfb387c70df516f225f067e4dfea40157df365d3,validation_008,0,7,1309009556,14,,
16,3.2,B_front,background_mainline,True,,172.0,20.0,,,,,,,,,,,,,,,,,,,,,,65030,0,b63d9a6a59c92b71ebb27d6dbfb387c70df516f225f067e4dfea40157df365d3,validation_008,0,7,1309009556,14,,
16,3.2,B_rear,background_mainline,True,,65.74400394515291,17.909027766915347,,,,,,,,,,,,,,,,,,,,,,65030,0,b63d9a6a59c92b71ebb27d6dbfb387c70df516f225f067e4dfea40157df365d3,validation_008,0,7,1309009556,14,,
17,3.4000000000000004,A,mainline,True,False,104.36000000000017,22.800000000000097,1,accelerate,2.0,2.0000000000000284,102.36000000000014,24.800000000000097,1,1,accelerate-accelerate,-0.020611874759197235,0.07525479793548584,-0.028722524642944336,1,0.07525479793548584,-0.020611874759197235,0.09586667269468307,0.10397732257843018,"[true, true, true]",False,False,False,65030,0,b63d9a6a59c92b71ebb27d6dbfb387c70df516f225f067e4dfea40157df365d3,validation_008,0,7,1309009556,14,-3.3259279415774756,0.0
17,3.4000000000000004,B,ramp,True,False,102.36000000000014,24.800000000000097,1,accelerate,2.0,2.0000000000000284,104.36000000000017,22.800000000000097,1,1,accelerate-accelerate,-0.065835140645504,0.028913035988807678,-0.21368029713630676,1,0.028913035988807678,-0.065835140645504,0.09474817663431168,0.24259333312511444,"[true, true, true]",False,False,False,65030,0,b63d9a6a59c92b71ebb27d6dbfb387c70df516f225f067e4dfea40157df365d3,validation_008,0,7,1309009556,14,-3.3259279415774756,0.0
17,3.4000000000000004,B_front,background_mainline,True,,176.0,20.0,,,,,,,,,,,,,,,,,,,,,,65030,0,b63d9a6a59c92b71ebb27d6dbfb387c70df516f225f067e4dfea40157df365d3,validation_008,0,7,1309009556,14,,
17,3.4000000000000004,B_rear,background_mainline,True,,69.33614589462587,18.012156856800424,,,,,,,,,,,,,,,,,,,,,,65030,0,b63d9a6a59c92b71ebb27d6dbfb387c70df516f225f067e4dfea40157df365d3,validation_008,0,7,1309009556,14,,
18,3.6,A,mainline,True,False,108.96000000000018,23.200000000000102,1,accelerate,2.0,2.0000000000000284,107.36000000000017,25.200000000000102,1,1,accelerate-accelerate,-0.028464630246162415,0.06336402148008347,-0.03484475612640381,1,0.06336402148008347,-0.028464630246162415,0.09182865172624588,0.09820877760648727,"[true, true, true]",True,True,False,65030,0,b63d9a6a59c92b71ebb27d6dbfb387c70df516f225f067e4dfea40157df365d3,validation_008,0,7,1309009556,14,-3.416369466847101,0.0
18,3.6,B,ramp,True,False,107.36000000000017,25.200000000000102,1,accelerate,2.0,2.0000000000000284,108.96000000000018,23.200000000000102,1,1,accelerate-accelerate,-0.04854458570480347,-0.023606669157743454,-0.19996461272239685,1,-0.023606669157743454,-0.04854458570480347,0.024937916547060013,0.1763579435646534,"[true, true, true]",True,True,False,65030,0,b63d9a6a59c92b71ebb27d6dbfb387c70df516f225f067e4dfea40157df365d3,validation_008,0,7,1309009556,14,-3.416369466847101,0.0
18,3.6,B_front,background_mainline,True,,177.0,20.0,,,,,,,,,,,,,,,,,,,,,,65030,0,b63d9a6a59c92b71ebb27d6dbfb387c70df516f225f067e4dfea40157df365d3,validation_008,0,7,1309009556,14,,
18,3.6,B_rear,background_mainline,True,,70.23738831515571,18.037539964393254,,,,,,,,,,,,,,,,,,,,,,65030,0,b63d9a6a59c92b71ebb27d6dbfb387c70df516f225f067e4dfea40157df365d3,validation_008,0,7,1309009556,14,,
0,0.0,A,ramp,True,False,29.599999999999994,18.0,1,accelerate,0.0,2.0000000000000284,38.4,16.0,1,0,accelerate-maintain,-0.07763062417507172,0.0899243876338005,-0.01822715252637863,1,0.0899243876338005,-0.01822715252637863,0.10815154016017914,0.16755501180887222,"[true, true, true]",False,False,False,65030,0,b63d9a6a59c92b71ebb27d6dbfb387c70df516f225f067e4dfea40157df365d3,validation_008,1,7,1309009556,15,,
0,0.0,B,mainline,True,False,38.4,16.0,0,maintain,0.0,0.0,29.599999999999994,18.0,1,0,accelerate-maintain,-0.018434986472129822,-0.08643041551113129,-0.10400888323783875,0,-0.018434986472129822,-0.08643041551113129,0.06799542903900146,0.08557389676570892,"[true, true, true]",False,False,False,65030,0,b63d9a6a59c92b71ebb27d6dbfb387c70df516f225f067e4dfea40157df365d3,validation_008,1,7,1309009556,15,,
0,0.0,B_front,background_mainline,True,,108.0,20.0,,,,,,,,,,,,,,,,,,,,,,65030,0,b63d9a6a59c92b71ebb27d6dbfb387c70df516f225f067e4dfea40157df365d3,validation_008,1,7,1309009556,15,,
0,0.0,B_rear,background_mainline,True,,9.490854699893537,18.965931983561415,,,,,,,,,,,,,,,,,,,,,,65030,0,b63d9a6a59c92b71ebb27d6dbfb387c70df516f225f067e4dfea40157df365d3,validation_008,1,7,1309009556,15,,
1,0.2,A,ramp,True,False,33.23999999999999,18.400000000000006,1,accelerate,2.0,2.0000000000000284,41.59999999999999,16.0,1,0,accelerate-maintain,-0.078109011054039,0.09046506881713867,-0.018400520086288452,1,0.09046506881713867,-0.018400520086288452,0.10886558890342712,0.16857407987117767,"[true, true, true]",False,False,False,65030,0,b63d9a6a59c92b71ebb27d6dbfb387c70df516f225f067e4dfea40157df365d3,validation_008,1,7,1309009556,15,,
1,0.2,B,mainline,True,False,41.59999999999999,16.0,0,maintain,0.0,0.0,33.23999999999999,18.400000000000006,1,0,accelerate-maintain,-0.018087588250637054,-0.08575234562158585,-0.1040499284863472,0,-0.018087588250637054,-0.08575234562158585,0.06766475737094879,0.08596234023571014,"[true, true, true]",False,False,False,65030,0,b63d9a6a59c92b71ebb27d6dbfb387c70df516f225f067e4dfea40157df365d3,validation_008,1,7,1309009556,15,,
1,0.2,B_front,background_mainline,True,,112.0,20.0,,,,,,,,,,,,,,,,,,,,,,65030,0,b63d9a6a59c92b71ebb27d6dbfb387c70df516f225f067e4dfea40157df365d3,validation_008,1,7,1309009556,15,,
1,0.2,B_rear,background_mainline,True,,13.20600045072223,18.22040287677284,,,,,,,,,,,,,,,,,,,,,,65030,0,b63d9a6a59c92b71ebb27d6dbfb387c70df516f225f067e4dfea40157df365d3,validation_008,1,7,1309009556,15,,
2,0.4,A,ramp,True,False,36.95999999999999,18.80000000000001,1,accelerate,2.0,2.0000000000000284,44.799999999999976,16.0,1,0,accelerate-maintain,-0.078355573117733,0.09123031795024872,-0.018473677337169647,1,0.09123031795024872,-0.018473677337169647,0.10970399528741837,0.16958589106798172,"[true, true, true]",False,False,False,65030,0,b63d9a6a59c92b71ebb27d6dbfb387c70df516f225f067e4dfea40157df365d3,validation_008,1,7,1309009556,15,,
2,0.4,B,mainline,True,False,44.799999999999976,16.0,0,maintain,0.0,0.0,36.95999999999999,18.80000000000001,1,0,accelerate-maintain,-0.018016234040260315,-0.08519423007965088,-0.10379118472337723,0,-0.018016234040260315,-0.08519423007965088,0.06717799603939056,0.08577495068311691,"[true, true, true]",False,False,False,65030,0,b63d9a6a59c92b71ebb27d6dbfb387c70df516f225f067e4dfea40157df365d3,validation_008,1,7,1309009556,15,,
2,0.4,B_front,background_mainline,True,,116.0,20.0,,,,,,,,,,,,,,,,,,,,,,65030,0,b63d9a6a59c92b71ebb27d6dbfb387c70df516f225f067e4dfea40157df365d3,validation_008,1,7,1309009556,15,,
2,0.4,B_rear,background_mainline,True,,16.79149391890783,17.657671806215454,,,,,,,,,,,,,,,,,,,,,,65030,0,b63d9a6a59c92b71ebb27d6dbfb387c70df516f225f067e4dfea40157df365d3,validation_008,1,7,1309009556,15,,
3,0.6000000000000001,A,ramp,True,False,40.75999999999999,19.200000000000017,1,accelerate,2.0,2.0000000000000284,47.999999999999964,16.0,1,0,accelerate-maintain,-0.07846270501613617,0.09237532317638397,-0.018548980355262756,1,0.09237532317638397,-0.018548980355262756,0.11092430353164673,0.17083802819252014,"[true, true, true]",False,False,False,65030,0,b63d9a6a59c92b71ebb27d6dbfb387c70df516f225f067e4dfea40157df365d3,validation_008,1,7,1309009556,15,,
3,0.6000000000000001,B,mainline,True,False,47.999999999999964,16.0,0,maintain,0.0,0.0,40.75999999999999,19.200000000000017,1,0,accelerate-maintain,-0.01813613623380661,-0.084633469581604,-0.10338130593299866,0,-0.01813613623380661,-0.084633469581604,0.0664973333477974,0.08524516969919205,"[true, true, true]",False,False,False,65030,0,b63d9a6a59c92b71ebb27d6dbfb387c70df516f225f067e4dfea40157df365d3,validation_008,1,7,1309009556,15,,
3,0.6000000000000001,B_front,background_mainline,True,,120.0,20.0,,,,,,,,,,,,,,,,,,,,,,65030,0,b63d9a6a59c92b71ebb27d6dbfb387c70df516f225f067e4dfea40157df365d3,validation_008,1,7,1309009556,15,,
3,0.6000000000000001,B_rear,background_mainline,True,,20.27760368914112,17.219720820791732,,,,,,,,,,,,,,,,,,,,,,65030,0,b63d9a6a59c92b71ebb27d6dbfb387c70df516f225f067e4dfea40157df365d3,validation_008,1,7,1309009556,15,,
4,0.8,A,ramp,True,False,44.63999999999999,19.600000000000023,1,accelerate,2.0,2.0000000000000284,51.19999999999995,16.0,1,0,accelerate-maintain,-0.07842067629098892,0.09353107959032059,-0.018410585820674896,1,0.09353107959032059,-0.018410585820674896,0.11194166541099548,0.1719517558813095,"[true, true, true]",False,False,False,65030,0,b63d9a6a59c92b71ebb27d6dbfb387c70df516f225f067e4dfea40157df365d3,validation_008,1,7,1309009556,15,,
4,0.8,B,mainline,True,False,51.19999999999995,16.0,0,maintain,0.0,0.0,44.63999999999999,19.600000000000023,1,0,accelerate-maintain,-0.018460579216480255,-0.08428740501403809,-0.10284140706062317,0,-0.018460579216480255,-0.08428740501403809,0.06582682579755783,0.08438082784414291,"[true, true, true]",False,False,False,65030,0,b63d9a6a59c92b71ebb27d6dbfb387c70df516f225f067e4dfea40157df365d3,validation_008,1,7,1309009556,15,,
4,0.8,B_front,background_mainline,True,,124.0,20.0,,,,,,,,,,,,,,,,,,,,,,65030,0,b63d9a6a59c92b71ebb27d6dbfb387c70df516f225f067e4dfea40157df365d3,validation_008,1,7,1309009556,15,,
4,0.8,B_rear,background_mainline,True,,23.685525156927344,16.871472593617604,,,,,,,,,,,,,,,,,,,,,,65030,0,b63d9a6a59c92b71ebb27d6dbfb387c70df516f225f067e4dfea40157df365d3,validation_008,1,7,1309009556,15,,
5,1.0,A,ramp,True,False,48.6,20.00000000000003,1,accelerate,2.0,2.0000000000000284,54.39999999999994,16.0,1,0,accelerate-maintain,-0.07829539477825165,0.09472380578517914,-0.018216803669929504,1,0.09472380578517914,-0.018216803669929504,0.11294060945510864,0.1730192005634308,"[true, true, true]",False,False,False,65030,0,b63d9a6a59c92b71ebb27d6dbfb387c70df516f225f067e4dfea40157df365d3,validation_008,1,7,1309009556,15,,
5,1.0,B,mainline,True,False,54.39999999999994,16.0,0,maintain,0.0,0.0,48.6,20.00000000000003,1,0,accelerate-maintain,-0.01894102245569229,-0.08412234485149384,-0.10220390558242798,0,-0.01894102245569229,-0.08412234485149384,0.06518132239580154,0.08326288312673569,"[true, true, true]",False,False,False,65030,0,b63d9a6a59c92b71ebb27d6dbfb387c70df516f225f067e4dfea40157df365d3,validation_008,1,7,1309009556,15,,
5,1.0,B_front,background_mainline,True,,128.0,20.0,,,,,,,,,,,,,,,,,,,,,,65030,0,b63d9a6a59c92b71ebb27d6dbfb387c70df516f225f067e4dfea40157df365d3,validation_008,1,7,1309009556,15,,
5,1.0,B_rear,background_mainline,True,,27.030783353853565,16.590204737179807,,,,,,,,,,,,,,,,,,,,,,65030,0,b63d9a6a59c92b71ebb27d6dbfb387c70df516f225f067e4dfea40157df365d3,validation_008,1,7,1309009556,15,,
6,1.2000000000000002,A,ramp,True,False,52.64000000000001,20.400000000000034,1,accelerate,2.0,2.0000000000000284,57.59999999999993,16.0,1,0,accelerate-maintain,-0.07811868190765381,0.09596148878335953,-0.018028683960437775,1,0.09596148878335953,-0.018028683960437775,0.1139901727437973,0.17408017069101334,"[true, true, true]",False,False,False,65030,0,b63d9a6a59c92b71ebb27d6dbfb387c70df516f225f067e4dfea40157df365d3,validation_008,1,7,1309009556,15,,
6,1.2000000000000002,B,mainline,True,False,57.59999999999993,16.0,0,maintain,0.0,0.0,52.64000000000001,20.400000000000034,1,0,accelerate-maintain,-0.019489780068397522,-0.08394435048103333,-0.10151123255491257,0,-0.019489780068397522,-0.08394435048103333,0.0644545704126358,0.08202145248651505,"[true, true, true]",False,False,False,65030,0,b63d9a6a59c92b71ebb27d6dbfb387c70df516f225f067e4dfea40157df365d3,validation_008,1,7,1309009556,15,,
6,1.2000000000000002,B_front,background_mainline,True,,132.0,20.0,,,,,,,,,,,,,,,,,,,,,,65030,0,b63d9a6a59c92b71ebb27d6dbfb387c70df516f225f067e4dfea40157df365d3,validation_008,1,7,1309009556,15,,
6,1.2000000000000002,B_rear,background_mainline,True,,30.32513735507926,16.36041685778437,,,,,,,,,,,,,,,,,,,,,,65030,0,b63d9a6a59c92b71ebb27d6dbfb387c70df516f225f067e4dfea40157df365d3,validation_008,1,7,1309009556,15,,
7,1.4000000000000001,A,ramp,True,False,56.76000000000001,20.80000000000004,1,accelerate,2.0,2.0000000000000284,60.79999999999992,16.0,1,0,accelerate-maintain,-0.0778176486492157,0.0965285375714302,-0.018342971801757812,1,0.0965285375714302,-0.018342971801757812,0.11487150937318802,0.1743461862206459,"[true, true, true]",False,False,False,65030,0,b63d9a6a59c92b71ebb27d6dbfb387c70df516f225f067e4dfea40157df365d3,validation_008,1,7,1309009556,15,,
7,1.4000000000000001,B,mainline,True,False,60.79999999999992,16.0,0,maintain,0.0,0.0,56.76000000000001,20.80000000000004,1,0,accelerate-maintain,-0.020086966454982758,-0.08387032151222229,-0.10044799000024796,0,-0.020086966454982758,-0.08387032151222229,0.06378335505723953,0.0803610235452652,"[true, true, true]",False,False,False,65030,0,b63d9a6a59c92b71ebb27d6dbfb387c70df516f225f067e4dfea40157df365d3,validation_008,1,7,1309009556,15,,
7,1.4000000000000001,B_front,background_mainline,True,,136.0,20.0,,,,,,,,,,,,,,,,,,,,,,65030,0,b63d9a6a59c92b71ebb27d6dbfb387c70df516f225f067e4dfea40157df365d3,validation_008,1,7,1309009556,15,,
7,1.4000000000000001,B_rear,background_mainline,True,,33.57772666594771,16.171100887956097,,,,,,,,,,,,,,,,,,,,,,65030,0,b63d9a6a59c92b71ebb27d6dbfb387c70df516f225f067e4dfea40157df365d3,validation_008,1,7,1309009556,15,,
8,1.6,A,ramp,True,False,60.96000000000002,21.200000000000045,1,accelerate,2.0,2.0000000000000284,63.99999999999991,16.0,1,0,accelerate-maintain,-0.07753095030784607,0.09656520187854767,-0.01907217502593994,1,0.09656520187854767,-0.01907217502593994,0.11563737690448761,0.17409615218639374,"[true, true, true]",False,False,False,65030,0,b63d9a6a59c92b71ebb27d6dbfb387c70df516f225f067e4dfea40157df365d3,validation_008,1,7,1309009556,15,,
8,1.6,B,mainline,True,False,63.99999999999991,16.0,0,maintain,0.0,0.0,60.96000000000002,21.200000000000045,1,0,accelerate-maintain,-0.020812958478927612,-0.08403551578521729,-0.0982508584856987,0,-0.020812958478927612,-0.08403551578521729,0.06322255730628967,0.07743790000677109,"[true, true, true]",False,False,False,65030,0,b63d9a6a59c92b71ebb27d6dbfb387c70df516f225f067e4dfea40157df365d3,validation_008,1,7,1309009556,15,,
8,1.6,B_front,background_mainline,True,,140.0,20.0,,,,,,,,,,,,,,,,,,,,,,65030,0,b63d9a6a59c92b71ebb27d6dbfb387c70df516f225f067e4dfea40157df365d3,validation_008,1,7,1309009556,15,,
8,1.6,B_rear,background_mainline,True,,36.79580108635068,16.01418324038585,,,,,,,,,,,,,,,,,,,,,,65030,0,b63d9a6a59c92b71ebb27d6dbfb387c70df516f225f067e4dfea40157df365d3,validation_008,1,7,1309009556,15,,
9,1.8,A,ramp,True,False,65.24000000000002,21.60000000000005,1,accelerate,2.0,2.0000000000000284,67.1999999999999,16.0,1,0,accelerate-maintain,-0.077295683324337,0.09655503183603287,-0.019317150115966797,1,0.09655503183603287,-0.019317150115966797,0.11587218195199966,0.17385071516036987,"[true, true, true]",False,False,False,65030,0,b63d9a6a59c92b71ebb27d6dbfb387c70df516f225f067e4dfea40157df365d3,validation_008,1,7,1309009556,15,,
9,1.8,B,mainline,True,False,67.1999999999999,16.0,0,maintain,0.0,0.0,65.24000000000002,21.60000000000005,1,0,accelerate-maintain,-0.0216977521777153,-0.08392002433538437,-0.09461480379104614,0,-0.0216977521777153,-0.08392002433538437,0.06222227215766907,0.07291705161333084,"[true, true, true]",False,False,False,65030,0,b63d9a6a59c92b71ebb27d6dbfb387c70df516f225f067e4dfea40157df365d3,validation_008,1,7,1309009556,15,,
9,1.8,B_front,background_mainline,True,,144.0,20.0,,,,,,,,,,,,,,,,,,,,,,65030,0,b63d9a6a59c92b71ebb27d6dbfb387c70df516f225f067e4dfea40157df365d3,validation_008,1,7,1309009556,15,,
9,1.8,B_rear,background_mainline,True,,39.9852065678639,15.883584563184659,,,,,,,,,,,,,,,,,,,,,,65030,0,b63d9a6a59c92b71ebb27d6dbfb387c70df516f225f067e4dfea40157df365d3,validation_008,1,7,1309009556,15,,
10,2.0,A,ramp,True,False,69.60000000000002,22.000000000000057,1,accelerate,2.0,2.0000000000000284,70.39999999999989,16.0,1,0,accelerate-maintain,-0.07704050838947296,0.0965760126709938,-0.019567884504795074,1,0.0965760126709938,-0.019567884504795074,0.11614389717578888,0.17361652106046677,"[true, true, true]",False,False,False,65030,0,b63d9a6a59c92b71ebb27d6dbfb387c70df516f225f067e4dfea40157df365d3,validation_008,1,7,1309009556,15,,
10,2.0,B,mainline,True,False,70.39999999999989,16.0,0,maintain,0.0,0.0,69.60000000000002,22.000000000000057,1,0,accelerate-maintain,-0.022376902401447296,-0.084108866751194,-0.09150734543800354,0,-0.022376902401447296,-0.084108866751194,0.061731964349746704,0.06913044303655624,"[true, true, true]",False,False,False,65030,0,b63d9a6a59c92b71ebb27d6dbfb387c70df516f225f067e4dfea40157df365d3,validation_008,1,7,1309009556,15,,
10,2.0,B_front,background_mainline,True,,148.0,20.0,,,,,,,,,,,,,,,,,,,,,,65030,0,b63d9a6a59c92b71ebb27d6dbfb387c70df516f225f067e4dfea40157df365d3,validation_008,1,7,1309009556,15,,
10,2.0,B_rear,background_mainline,True,,43.150720614232604,15.77462581929039,,,,,,,,,,,,,,,,,,,,,,65030,0,b63d9a6a59c92b71ebb27d6dbfb387c70df516f225f067e4dfea40157df365d3,validation_008,1,7,1309009556,15,,
11,2.2,A,ramp,True,False,74.04000000000003,22.400000000000063,1,accelerate,2.0,2.0000000000000284,73.59999999999988,16.0,1,0,accelerate-maintain,-0.07676877081394196,0.09662612527608871,-0.019826069474220276,1,0.09662612527608871,-0.019826069474220276,0.11645219475030899,0.17339489609003067,"[true, true, true]",False,False,False,65030,0,b63d9a6a59c92b71ebb27d6dbfb387c70df516f225f067e4dfea40157df365d3,validation_008,1,7,1309009556,15,,
11,2.2,B,mainline,True,False,73.59999999999988,16.0,0,maintain,0.0,0.0,74.04000000000003,22.400000000000063,1,0,accelerate-maintain,-0.023206956684589386,-0.08542775362730026,-0.08888505399227142,0,-0.023206956684589386,-0.08542775362730026,0.062220796942710876,0.06567809730768204,"[true, true, true]",False,False,False,65030,0,b63d9a6a59c92b71ebb27d6dbfb387c70df516f225f067e4dfea40157df365d3,validation_008,1,7,1309009556,15,,
11,2.2,B_front,background_mainline,True,,152.0,20.0,,,,,,,,,,,,,,,,,,,,,,65030,0,b63d9a6a59c92b71ebb27d6dbfb387c70df516f225f067e4dfea40157df365d3,validation_008,1,7,1309009556,15,,
11,2.2,B_rear,background_mainline,True,,46.29629093022773,15.683638668176437,,,,,,,,,,,,,,,,,,,,,,65030,0,b63d9a6a59c92b71ebb27d6dbfb387c70df516f225f067e4dfea40157df365d3,validation_008,1,7,1309009556,15,,
12,2.4000000000000004,A,ramp,True,False,78.56000000000004,22.800000000000068,1,accelerate,2.0,2.0000000000000284,76.79999999999987,16.0,1,0,accelerate-maintain,-0.07650484144687653,0.09645403921604156,-0.020013533532619476,1,0.09645403921604156,-0.020013533532619476,0.11646757274866104,0.1729588806629181,"[true, true, true]",False,False,False,65030,0,b63d9a6a59c92b71ebb27d6dbfb387c70df516f225f067e4dfea40157df365d3,validation_008,1,7,1309009556,15,,
12,2.4000000000000004,B,mainline,True,False,76.79999999999987,16.0,0,maintain,0.0,0.0,78.56000000000004,22.800000000000068,1,0,accelerate-maintain,-0.02405303716659546,-0.08667422086000443,-0.08628945797681808,0,-0.02405303716659546,-0.08628945797681808,0.062236420810222626,0.06262118369340897,"[true, true, true]",False,False,False,65030,0,b63d9a6a59c92b71ebb27d6dbfb387c70df516f225f067e4dfea40157df365d3,validation_008,1,7,1309009556,15,,
12,2.4000000000000004,B_front,background_mainline,True,,156.0,20.0,,,,,,,,,,,,,,,,,,,,,,65030,0,b63d9a6a59c92b71ebb27d6dbfb387c70df516f225f067e4dfea40157df365d3,validation_008,1,7,1309009556,15,,
12,2.4000000000000004,B_rear,background_mainline,True,,49.42520963079524,15.607701574331575,,,,,,,,,,,,,,,,,,,,,,65030,0,b63d9a6a59c92b71ebb27d6dbfb387c70df516f225f067e4dfea40157df365d3,validation_008,1,7,1309009556,15,,
13,2.6,A,ramp,True,False,83.16000000000005,23.200000000000074,1,accelerate,2.0,2.0000000000000284,79.99999999999986,16.0,1,0,accelerate-maintain,-0.07624390721321106,0.09606871753931046,-0.020182333886623383,1,0.09606871753931046,-0.020182333886623383,0.11625105142593384,0.17231262475252151,"[true, true, true]",False,False,False,65030,0,b63d9a6a59c92b71ebb27d6dbfb387c70df516f225f067e4dfea40157df365d3,validation_008,1,7,1309009556,15,,
13,2.6,B,mainline,True,False,79.99999999999986,16.0,0,maintain,0.0,0.0,83.16000000000005,23.200000000000074,1,0,accelerate-maintain,-0.02491433173418045,-0.08788446336984634,-0.08369717746973038,0,-0.02491433173418045,-0.08369717746973038,0.05878284573554993,0.0629701316356659,"[true, true, true]",False,False,False,65030,0,b63d9a6a59c92b71ebb27d6dbfb387c70df516f225f067e4dfea40157df365d3,validation_008,1,7,1309009556,15,,
13,2.6,B_front,background_mainline,True,,160.0,20.0,,,,,,,,,,,,,,,,,,,,,,65030,0,b63d9a6a59c92b71ebb27d6dbfb387c70df516f225f067e4dfea40157df365d3,validation_008,1,7,1309009556,15,,
13,2.6,B_rear,background_mainline,True,,52.5402432318834,15.5444561112083,,,,,,,,,,,,,,,,,,,,,,65030,0,b63d9a6a59c92b71ebb27d6dbfb387c70df516f225f067e4dfea40157df365d3,validation_008,1,7,1309009556,15,,
14,2.8000000000000003,A,ramp,True,False,87.84000000000007,23.60000000000008,1,accelerate,2.0,2.0000000000000284,83.19999999999985,16.0,1,0,accelerate-maintain,-0.07602249085903168,0.09577931463718414,-0.02043631672859192,1,0.09577931463718414,-0.02043631672859192,0.11621563136577606,0.17180180549621582,"[true, true, true]",False,False,False,65030,0,b63d9a6a59c92b71ebb27d6dbfb387c70df516f225f067e4dfea40157df365d3,validation_008,1,7,1309009556,15,,
14,2.8000000000000003,B,mainline,True,False,83.19999999999985,16.0,0,maintain,0.0,0.0,87.84000000000007,23.60000000000008,1,0,accelerate-maintain,-0.025738924741744995,-0.08913326263427734,-0.08095373213291168,0,-0.025738924741744995,-0.08095373213291168,0.05521480739116669,0.06339433789253235,"[true, true, true]",False,False,False,65030,0,b63d9a6a59c92b71ebb27d6dbfb387c70df516f225f067e4dfea40157df365d3,validation_008,1,7,1309009556,15,,
14,2.8000000000000003,B_front,background_mainline,True,,164.0,20.0,,,,,,,,,,,,,,,,,,,,,,65030,0,b63d9a6a59c92b71ebb27d6dbfb387c70df516f225f067e4dfea40157df365d3,validation_008,1,7,1309009556,15,,
14,2.8000000000000003,B_rear,background_mainline,True,,55.64373150958938,15.491976018116178,,,,,,,,,,,,,,,,,,,,,,65030,0,b63d9a6a59c92b71ebb27d6dbfb387c70df516f225f067e4dfea40157df365d3,validation_008,1,7,1309009556,15,,
15,3.0,A,ramp,True,False,92.6000000000001,24.000000000000085,1,accelerate,2.0,2.0000000000000284,86.39999999999984,16.0,1,0,accelerate-maintain,-0.07568207383155823,0.09514284878969193,-0.021072804927825928,1,0.09514284878969193,-0.021072804927825928,0.11621565371751785,0.17082492262125015,"[true, true, true]",False,False,False,65030,0,b63d9a6a59c92b71ebb27d6dbfb387c70df516f225f067e4dfea40157df365d3,validation_008,1,7,1309009556,15,,
15,3.0,B,mainline,True,False,86.39999999999984,16.0,0,maintain,0.0,0.0,92.6000000000001,24.000000000000085,1,0,accelerate-maintain,-0.026551425457000732,-0.09039779007434845,-0.07816379517316818,0,-0.026551425457000732,-0.07816379517316818,0.05161236971616745,0.06384636461734772,"[true, true, true]",False,False,False,65030,0,b63d9a6a59c92b71ebb27d6dbfb387c70df516f225f067e4dfea40157df365d3,validation_008,1,7,1309009556,15,,
15,3.0,B_front,background_mainline,True,,168.0,20.0,,,,,,,,,,,,,,,,,,,,,,65030,0,b63d9a6a59c92b71ebb27d6dbfb387c70df516f225f067e4dfea40157df365d3,validation_008,1,7,1309009556,15,,
15,3.0,B_rear,background_mainline,True,,58.73766394563039,15.448671899389609,,,,,,,,,,,,,,,,,,,,,,65030,0,b63d9a6a59c92b71ebb27d6dbfb387c70df516f225f067e4dfea40157df365d3,validation_008,1,7,1309009556,15,,
16,3.2,A,ramp,True,False,97.44000000000011,24.40000000000009,1,accelerate,2.0,2.0000000000000284,89.59999999999982,16.0,1,0,accelerate-maintain,-0.07505286484956741,0.09423511475324631,-0.02128409594297409,1,0.09423511475324631,-0.02128409594297409,0.1155192106962204,0.16928797960281372,"[true, true, true]",False,False,False,65030,0,b63d9a6a59c92b71ebb27d6dbfb387c70df516f225f067e4dfea40157df365d3,validation_008,1,7,1309009556,15,,
16,3.2,B,mainline,True,False,89.59999999999982,16.0,0,maintain,0.0,0.0,97.44000000000011,24.40000000000009,1,0,accelerate-maintain,-0.027353055775165558,-0.09167143702507019,-0.07535004615783691,0,-0.027353055775165558,-0.07535004615783691,0.047996990382671356,0.06431838124990463,"[true, true, true]",False,False,False,65030,0,b63d9a6a59c92b71ebb27d6dbfb387c70df516f225f067e4dfea40157df365d3,validation_008,1,7,1309009556,15,,
16,3.2,B_front,background_mainline,True,,172.0,20.0,,,,,,,,,,,,,,,,,,,,,,65030,0,b63d9a6a59c92b71ebb27d6dbfb387c70df516f225f067e4dfea40157df365d3,validation_008,1,7,1309009556,15,,
16,3.2,B_rear,background_mainline,True,,61.823739715371254,15.41322057723825,,,,,,,,,,,,,,,,,,,,,,65030,0,b63d9a6a59c92b71ebb27d6dbfb387c70df516f225f067e4dfea40157df365d3,validation_008,1,7,1309009556,15,,
17,3.4000000000000004,A,ramp,True,False,102.36000000000014,24.800000000000097,1,accelerate,2.0,2.0000000000000284,92.79999999999981,16.0,1,0,accelerate-maintain,-0.07404929399490356,0.09322059154510498,-0.020819157361984253,1,0.09322059154510498,-0.020819157361984253,0.11403974890708923,0.16726988554000854,"[true, true, true]",False,False,False,65030,0,b63d9a6a59c92b71ebb27d6dbfb387c70df516f225f067e4dfea40157df365d3,validation_008,1,7,1309009556,15,6.285927941577853,
17,3.4000000000000004,B,mainline,True,False,92.79999999999981,16.0,0,maintain,0.0,0.0,102.36000000000014,24.800000000000097,1,0,accelerate-maintain,-0.028144150972366333,-0.09295433759689331,-0.07251326739788055,0,-0.028144150972366333,-0.07251326739788055,0.04436911642551422,0.06481018662452698,"[true, true, true]",False,False,False,65030,0,b63d9a6a59c92b71ebb27d6dbfb387c70df516f225f067e4dfea40157df365d3,validation_008,1,7,1309009556,15,6.285927941577853,
17,3.4000000000000004,B_front,background_mainline,True,,176.0,20.0,,,,,,,,,,,,,,,,,,,,,,65030,0,b63d9a6a59c92b71ebb27d6dbfb387c70df516f225f067e4dfea40157df365d3,validation_008,1,7,1309009556,15,,
17,3.4000000000000004,B_rear,background_mainline,True,,64.90341537924611,15.384511855578438,,,,,,,,,,,,,,,,,,,,,,65030,0,b63d9a6a59c92b71ebb27d6dbfb387c70df516f225f067e4dfea40157df365d3,validation_008,1,7,1309009556,15,,
18,3.6,A,ramp,True,False,107.36000000000017,25.200000000000102,1,accelerate,2.0,2.0000000000000284,95.9999999999998,16.0,1,0,accelerate-maintain,-0.1178356409072876,0.10919566452503204,-0.04230288416147232,1,0.10919566452503204,-0.04230288416147232,0.15149854868650436,0.22703130543231964,"[true, true, true]",False,False,False,65030,0,b63d9a6a59c92b71ebb27d6dbfb387c70df516f225f067e4dfea40157df365d3,validation_008,1,7,1309009556,15,8.12706857822161,
18,3.6,B,mainline,True,False,95.9999999999998,16.0,0,maintain,0.0,0.0,107.36000000000017,25.200000000000102,1,0,accelerate-maintain,-0.018507882952690125,-0.0692887157201767,-0.08559311181306839,0,-0.018507882952690125,-0.0692887157201767,0.05078083276748657,0.06708522886037827,"[true, true, true]",False,False,False,65030,0,b63d9a6a59c92b71ebb27d6dbfb387c70df516f225f067e4dfea40157df365d3,validation_008,1,7,1309009556,15,8.12706857822161,
18,3.6,B_front,background_mainline,True,,180.0,20.0,,,,,,,,,,,,,,,,,,,,,,65030,0,b63d9a6a59c92b71ebb27d6dbfb387c70df516f225f067e4dfea40157df365d3,validation_008,1,7,1309009556,15,,
18,3.6,B_rear,background_mainline,True,,67.97794324213748,15.361607809883507,,,,,,,,,,,,,,,,,,,,,,65030,0,b63d9a6a59c92b71ebb27d6dbfb387c70df516f225f067e4dfea40157df365d3,validation_008,1,7,1309009556,15,,
19,3.8000000000000003,A,ramp,True,False,112.4400000000002,25.600000000000108,1,accelerate,2.0,2.0000000000000284,99.19999999999979,16.0,1,0,accelerate-maintain,-0.11549898982048035,0.10994464159011841,-0.04115515202283859,1,0.10994464159011841,-0.04115515202283859,0.151099793612957,0.22544363141059875,"[true, true, true]",False,False,False,65030,0,b63d9a6a59c92b71ebb27d6dbfb387c70df516f225f067e4dfea40157df365d3,validation_008,1,7,1309009556,15,10.051542837325371,
19,3.8000000000000003,B,mainline,True,False,99.19999999999979,16.0,0,maintain,0.0,0.0,112.4400000000002,25.600000000000108,1,0,accelerate-maintain,-0.019033536314964294,-0.07137459516525269,-0.08428521454334259,0,-0.019033536314964294,-0.07137459516525269,0.05234105885028839,0.0652516782283783,"[true, true, true]",False,False,False,65030,0,b63d9a6a59c92b71ebb27d6dbfb387c70df516f225f067e4dfea40157df365d3,validation_008,1,7,1309009556,15,10.051542837325371,
19,3.8000000000000003,B_front,background_mainline,True,,184.0,20.0,,,,,,,,,,,,,,,,,,,,,,65030,0,b63d9a6a59c92b71ebb27d6dbfb387c70df516f225f067e4dfea40157df365d3,validation_008,1,7,1309009556,15,,
19,3.8000000000000003,B_rear,background_mainline,True,,71.04840253054955,15.343711239868192,,,,,,,,,,,,,,,,,,,,,,65030,0,b63d9a6a59c92b71ebb27d6dbfb387c70df516f225f067e4dfea40157df365d3,validation_008,1,7,1309009556,15,,
20,4.0,A,ramp,True,False,117.60000000000021,26.000000000000114,1,accelerate,2.0,2.0000000000000284,102.39999999999978,16.0,1,0,accelerate-maintain,-0.11312922835350037,0.11071137338876724,-0.04000472277402878,1,0.11071137338876724,-0.04000472277402878,0.15071609616279602,0.2238406017422676,"[true, true, true]",False,False,False,65030,0,b63d9a6a59c92b71ebb27d6dbfb387c70df516f225f067e4dfea40157df365d3,validation_008,1,7,1309009556,15,12.066389350270327,
20,4.0,B,mainline,True,False,102.39999999999978,16.0,0,maintain,0.0,0.0,117.60000000000021,26.000000000000114,1,0,accelerate-maintain,-0.019830115139484406,-0.07345297932624817,-0.08258286118507385,0,-0.019830115139484406,-0.07345297932624817,0.05362286418676376,0.06275274604558945,"[true, true, true]",False,False,False,65030,0,b63d9a6a59c92b71ebb27d6dbfb387c70df516f225f067e4dfea40157df365d3,validation_008,1,7,1309009556,15,12.066389350270327,
20,4.0,B_front,background_mainline,True,,188.0,20.0,,,,,,,,,,,,,,,,,,,,,,65030,0,b63d9a6a59c92b71ebb27d6dbfb387c70df516f225f067e4dfea40157df365d3,validation_008,1,7,1309009556,15,,
20,4.0,B_rear,background_mainline,True,,74.11572497155953,15.330140926367468,,,,,,,,,,,,,,,,,,,,,,65030,0,b63d9a6a59c92b71ebb27d6dbfb387c70df516f225f067e4dfea40157df365d3,validation_008,1,7,1309009556,15,,
21,4.2,A,ramp,True,False,122.84000000000023,26.40000000000012,1,accelerate,2.0,2.0000000000000284,105.59999999999977,16.0,1,0,accelerate-maintain,-0.11074325442314148,0.11150757223367691,-0.03886090964078903,1,0.11150757223367691,-0.03886090964078903,0.15036848187446594,0.2222508266568184,"[true, true, true]",False,False,False,65030,0,b63d9a6a59c92b71ebb27d6dbfb387c70df516f225f067e4dfea40157df365d3,validation_008,1,7,1309009556,15,14.173831535029436,
21,4.2,B,mainline,True,False,105.59999999999977,16.0,0,maintain,0.0,0.0,122.84000000000023,26.40000000000012,1,0,accelerate-maintain,-0.020830519497394562,-0.07553720474243164,-0.08057650923728943,0,-0.020830519497394562,-0.07553720474243164,0.05470668524503708,0.05974598973989487,"[true, true, true]",False,False,False,65030,0,b63d9a6a59c92b71ebb27d6dbfb387c70df516f225f067e4dfea40157df365d3,validation_008,1,7,1309009556,15,14.173831535029436,
21,4.2,B_front,background_mainline,True,,192.0,20.0,,,,,,,,,,,,,,,,,,,,,,65030,0,b63d9a6a59c92b71ebb27d6dbfb387c70df516f225f067e4dfea40157df365d3,validation_008,1,7,1309009556,15,,
21,4.2,B_rear,background_mainline,True,,77.18071595753221,15.320312010434902,,,,,,,,,,,,,,,,,,,,,,65030,0,b63d9a6a59c92b71ebb27d6dbfb387c70df516f225f067e4dfea40157df365d3,validation_008,1,7,1309009556,15,,
22,4.4,A,ramp,True,False,128.16000000000025,26.800000000000125,1,accelerate,2.0,2.0000000000000284,108.79999999999976,16.0,1,0,accelerate-maintain,-0.10835583508014679,0.1123424842953682,-0.03773093223571777,1,0.1123424842953682,-0.03773093223571777,0.15007341653108597,0.22069831937551498,"[true, true, true]",False,False,False,65030,0,b63d9a6a59c92b71ebb27d6dbfb387c70df516f225f067e4dfea40157df365d3,validation_008,1,7,1309009556,15,16.37033782655189,
22,4.4,B,mainline,True,False,108.79999999999976,16.0,0,maintain,0.0,0.0,128.16000000000025,26.800000000000125,1,0,accelerate-maintain,-0.021971553564071655,-0.07757773995399475,-0.0785839855670929,0,-0.021971553564071655,-0.07757773995399475,0.055606186389923096,0.05661243200302124,"[true, true, true]",False,False,False,65030,0,b63d9a6a59c92b71ebb27d6dbfb387c70df516f225f067e4dfea40157df365d3,validation_008,1,7,1309009556,15,16.37033782655189,
22,4.4,B_front,background_mainline,True,,196.0,20.0,,,,,,,,,,,,,,,,,,,,,,65030,0,b63d9a6a59c92b71ebb27d6dbfb387c70df516f225f067e4dfea40157df365d3,validation_008,1,7,1309009556,15,,
22,4.4,B_rear,background_mainline,True,,80.24407219327186,15.313720276907508,,,,,,,,,,,,,,,,,,,,,,65030,0,b63d9a6a59c92b71ebb27d6dbfb387c70df516f225f067e4dfea40157df365d3,validation_008,1,7,1309009556,15,,
23,4.6000000000000005,A,ramp,True,False,133.5600000000003,27.20000000000013,1,accelerate,2.0,2.0000000000000284,111.99999999999974,16.0,1,0,accelerate-maintain,-0.10597527027130127,0.11321979761123657,-0.03661748021841049,1,0.11321979761123657,-0.03661748021841049,0.14983727782964706,0.21919506788253784,"[true, true, true]",False,False,False,65030,0,b63d9a6a59c92b71ebb27d6dbfb387c70df516f225f067e4dfea40157df365d3,validation_008,1,7,1309009556,15,18.65006881872057,
23,4.6000000000000005,B,mainline,True,False,111.99999999999974,16.0,0,maintain,0.0,0.0,133.5600000000003,27.20000000000013,1,0,accelerate-maintain,-0.02288951724767685,-0.0792880654335022,-0.07689421623945236,0,-0.02288951724767685,-0.07689421623945236,0.05400469899177551,0.05639854818582535,"[true, true, true]",False,False,False,65030,0,b63d9a6a59c92b71ebb27d6dbfb387c70df516f225f067e4dfea40157df365d3,validation_008,1,7,1309009556,15,18.65006881872057,
23,4.6000000000000005,B_front,background_mainline,True,,200.0,20.0,,,,,,,,,,,,,,,,,,,,,,65030,0,b63d9a6a59c92b71ebb27d6dbfb387c70df516f225f067e4dfea40157df365d3,validation_008,1,7,1309009556,15,,
23,4.6000000000000005,B_rear,background_mainline,True,,83.3063965128946,15.30992944850352,,,,,,,,,,,,,,,,,,,,,,65030,0,b63d9a6a59c92b71ebb27d6dbfb387c70df516f225f067e4dfea40157df365d3,validation_008,1,7,1309009556,15,,
24,4.800000000000001,A,ramp,True,False,139.0400000000003,27.600000000000136,1,accelerate,2.0,2.0000000000000284,115.19999999999973,16.0,1,0,accelerate-maintain,-0.10359526425600052,0.11413396149873734,-0.035516589879989624,1,0.11413396149873734,-0.035516589879989624,0.14965055137872696,0.21772922575473785,"[true, true, true]",False,False,False,65030,0,b63d9a6a59c92b71ebb27d6dbfb387c70df516f225f067e4dfea40157df365d3,validation_008,1,7,1309009556,15,21.01006876052449,
24,4.800000000000001,B,mainline,True,False,115.19999999999973,16.0,0,maintain,0.0,0.0,139.0400000000003,27.600000000000136,1,0,accelerate-maintain,-0.023721463978290558,-0.08077163994312286,-0.07541678845882416,0,-0.023721463978290558,-0.07541678845882416,0.0516953244805336,0.057050175964832306,"[true, true, true]",False,False,False,65030,0,b63d9a6a59c92b71ebb27d6dbfb387c70df516f225f067e4dfea40157df365d3,validation_008,1,7,1309009556,15,21.01006876052449,
24,4.800000000000001,B_front,background_mainline,True,,204.0,20.0,,,,,,,,,,,,,,,,,,,,,,65030,0,b63d9a6a59c92b71ebb27d6dbfb387c70df516f225f067e4dfea40157df365d3,validation_008,1,7,1309009556,15,,
24,4.800000000000001,B_rear,background_mainline,True,,86.36821039905865,15.308560825857102,,,,,,,,,,,,,,,,,,,,,,65030,0,b63d9a6a59c92b71ebb27d6dbfb387c70df516f225f067e4dfea40157df365d3,validation_008,1,7,1309009556,15,,
25,5.0,A,ramp,True,False,144.60000000000034,28.000000000000142,1,accelerate,2.0,2.0000000000000284,118.39999999999972,16.0,1,0,accelerate-maintain,-0.10121035575866699,0.11502926796674728,-0.034507110714912415,1,0.11502926796674728,-0.034507110714912415,0.1495363786816597,0.21623962372541428,"[true, true, true]",False,False,False,65030,0,b63d9a6a59c92b71ebb27d6dbfb387c70df516f225f067e4dfea40157df365d3,validation_008,1,7,1309009556,15,23.450068760524516,
25,5.0,B,mainline,True,False,118.39999999999972,16.0,0,maintain,0.0,0.0,144.60000000000034,28.000000000000142,1,0,accelerate-maintain,-0.024564668536186218,-0.08228953182697296,-0.073896124958992,0,-0.024564668536186218,-0.073896124958992,0.049331456422805786,0.05772486329078674,"[true, true, true]",False,False,False,65030,0,b63d9a6a59c92b71ebb27d6dbfb387c70df516f225f067e4dfea40157df365d3,validation_008,1,7,1309009556,15,23.450068760524516,
25,5.0,B_front,background_mainline,True,,208.0,20.0,,,,,,,,,,,,,,,,,,,,,,65030,0,b63d9a6a59c92b71ebb27d6dbfb387c70df516f225f067e4dfea40157df365d3,validation_008,1,7,1309009556,15,,
25,5.0,B_rear,background_mainline,True,,89.42996462157339,15.309284773594076,,,,,,,,,,,,,,,,,,,,,,65030,0,b63d9a6a59c92b71ebb27d6dbfb387c70df516f225f067e4dfea40157df365d3,validation_008,1,7,1309009556,15,,
26,5.2,A,ramp,True,False,150.24000000000035,28.400000000000148,1,accelerate,2.0,2.0000000000000284,121.59999999999971,16.0,1,0,accelerate-maintain,-0.09845826774835587,0.11581022292375565,-0.033618465065956116,1,0.11581022292375565,-0.033618465065956116,0.14942868798971176,0.2142684906721115,"[true, true, true]",False,False,False,65030,0,b63d9a6a59c92b71ebb27d6dbfb387c70df516f225f067e4dfea40157df365d3,validation_008,1,7,1309009556,15,25.970068760524555,
26,5.2,B,mainline,True,False,121.59999999999971,16.0,0,maintain,0.0,0.0,150.24000000000035,28.400000000000148,1,0,accelerate-maintain,-0.02550126612186432,-0.08238661289215088,-0.07286230474710464,0,-0.02550126612186432,-0.07286230474710464,0.047361038625240326,0.05688534677028656,"[true, true, true]",False,False,False,65030,0,b63d9a6a59c92b71ebb27d6dbfb387c70df516f225f067e4dfea40157df365d3,validation_008,1,7,1309009556,15,25.970068760524555,
26,5.2,B_front,background_mainline,True,,212.0,20.0,,,,,,,,,,,,,,,,,,,,,,65030,0,b63d9a6a59c92b71ebb27d6dbfb387c70df516f225f067e4dfea40157df365d3,validation_008,1,7,1309009556,15,,
26,5.2,B_rear,background_mainline,True,,92.49204832499227,15.311813672357093,,,,,,,,,,,,,,,,,,,,,,65030,0,b63d9a6a59c92b71ebb27d6dbfb387c70df516f225f067e4dfea40157df365d3,validation_008,1,7,1309009556,15,,
27,5.4,A,ramp,True,False,155.96000000000038,28.800000000000153,1,accelerate,2.0,2.0000000000000284,124.7999999999997,16.0,1,0,accelerate-maintain,-0.09605753421783447,0.11696920543909073,-0.033280231058597565,1,0.11696920543909073,-0.033280231058597565,0.1502494364976883,0.2130267396569252,"[true, true, true]",False,False,False,65030,0,b63d9a6a59c92b71ebb27d6dbfb387c70df516f225f067e4dfea40157df365d3,validation_008,1,7,1309009556,15,28.570068760524606,
27,5.4,B,mainline,True,False,124.7999999999997,16.0,0,maintain,0.0,0.0,155.96000000000038,28.800000000000153,1,0,accelerate-maintain,-0.02648162841796875,-0.0819423645734787,-0.07199966907501221,0,-0.02648162841796875,-0.07199966907501221,0.04551804065704346,0.05546073615550995,"[true, true, true]",False,False,False,65030,0,b63d9a6a59c92b71ebb27d6dbfb387c70df516f225f067e4dfea40157df365d3,validation_008,1,7,1309009556,15,28.570068760524606,
27,5.4,B_front,background_mainline,True,,216.0,20.0,,,,,,,,,,,,,,,,,,,,,,65030,0,b63d9a6a59c92b71ebb27d6dbfb387c70df516f225f067e4dfea40157df365d3,validation_008,1,7,1309009556,15,,
27,5.4,B_rear,background_mainline,True,,95.55479682800882,15.315896044871872,,,,,,,,,,,,,,,,,,,,,,65030,0,b63d9a6a59c92b71ebb27d6dbfb387c70df516f225f067e4dfea40157df365d3,validation_008,1,7,1309009556,15,,
28,5.6000000000000005,A,ramp,True,False,161.76000000000042,29.20000000000016,1,accelerate,2.0,2.0000000000000284,127.99999999999969,16.0,1,0,accelerate-maintain,-0.09418512135744095,0.11849434673786163,-0.03308089077472687,1,0.11849434673786163,-0.03308089077472687,0.1515752375125885,0.21267946809530258,"[true, true, true]",False,False,False,65030,0,b63d9a6a59c92b71ebb27d6dbfb387c70df516f225f067e4dfea40157df365d3,validation_008,1,7,1309009556,15,31.250068760524584,
28,5.6000000000000005,B,mainline,True,False,127.99999999999969,16.0,0,maintain,0.0,0.0,161.76000000000042,29.20000000000016,1,0,accelerate-maintain,-0.02747410535812378,-0.08151628822088242,-0.07110761106014252,0,-0.02747410535812378,-0.07110761106014252,0.04363350570201874,0.054042182862758636,"[true, true, true]",False,False,False,65030,0,b63d9a6a59c92b71ebb27d6dbfb387c70df516f225f067e4dfea40157df365d3,validation_008,1,7,1309009556,15,31.250068760524584,
28,5.6000000000000005,B_front,background_mainline,True,,220.0,20.0,,,,,,,,,,,,,,,,,,,,,,65030,0,b63d9a6a59c92b71ebb27d6dbfb387c70df516f225f067e4dfea40157df365d3,validation_008,1,7,1309009556,15,,
28,5.6000000000000005,B_rear,background_mainline,True,,98.61849834595202,15.321311629768644,,,,,,,,,,,,,,,,,,,,,,65030,0,b63d9a6a59c92b71ebb27d6dbfb387c70df516f225f067e4dfea40157df365d3,validation_008,1,7,1309009556,15,,
29,5.800000000000001,A,ramp,True,False,167.64000000000044,29.600000000000165,1,accelerate,2.0,1.9999999999966178,131.19999999999973,16.0,1,0,accelerate-maintain,-0.09210515767335892,0.12059593945741653,-0.03192456066608429,1,0.12059593945741653,-0.03192456066608429,0.15252050012350082,0.21270109713077545,"[true, true, true]",False,False,False,65030,0,b63d9a6a59c92b71ebb27d6dbfb387c70df516f225f067e4dfea40157df365d3,validation_008,1,7,1309009556,15,34.010068760524575,
29,5.800000000000001,B,mainline,True,False,131.19999999999973,16.0,0,maintain,0.0,0.0,167.64000000000044,29.600000000000165,1,0,accelerate-maintain,-0.02847859263420105,-0.08110877126455307,-0.07018637657165527,0,-0.02847859263420105,-0.07018637657165527,0.041707783937454224,0.05263017863035202,"[true, true, true]",False,False,False,65030,0,b63d9a6a59c92b71ebb27d6dbfb387c70df516f225f067e4dfea40157df365d3,validation_008,1,7,1309009556,15,34.010068760524575,
29,5.800000000000001,B_front,background_mainline,True,,224.0,20.0,,,,,,,,,,,,,,,,,,,,,,65030,0,b63d9a6a59c92b71ebb27d6dbfb387c70df516f225f067e4dfea40157df365d3,validation_008,1,7,1309009556,15,,
29,5.800000000000001,B_rear,background_mainline,True,,101.6833998075694,15.32786722620604,,,,,,,,,,,,,,,,,,,,,,65030,0,b63d9a6a59c92b71ebb27d6dbfb387c70df516f225f067e4dfea40157df365d3,validation_008,1,7,1309009556,15,,
30,6.0,A,ramp,True,False,173.60000000000048,30.0,1,accelerate,2.0,0.0,134.39999999999978,16.0,1,0,accelerate-maintain,-0.09007496386766434,0.12259206175804138,-0.030629150569438934,1,0.12259206175804138,-0.030629150569438934,0.15322121232748032,0.21266702562570572,"[true, true, true]",False,False,False,65030,0,b63d9a6a59c92b71ebb27d6dbfb387c70df516f225f067e4dfea40157df365d3,validation_008,1,7,1309009556,15,36.81006876052453,
30,6.0,B,mainline,True,False,134.39999999999978,16.0,0,maintain,0.0,0.0,173.60000000000048,30.0,1,0,accelerate-maintain,-0.029704011976718903,-0.08119485527276993,-0.06960280239582062,0,-0.029704011976718903,-0.06960280239582062,0.039898790419101715,0.051490843296051025,"[true, true, true]",False,False,False,65030,0,b63d9a6a59c92b71ebb27d6dbfb387c70df516f225f067e4dfea40157df365d3,validation_008,1,7,1309009556,15,36.81006876052453,
30,6.0,B_front,background_mainline,True,,228.0,20.0,,,,,,,,,,,,,,,,,,,,,,65030,0,b63d9a6a59c92b71ebb27d6dbfb387c70df516f225f067e4dfea40157df365d3,validation_008,1,7,1309009556,15,,
30,6.0,B_rear,background_mainline,True,,104.7497119057982,15.335393169784966,,,,,,,,,,,,,,,,,,,,,,65030,0,b63d9a6a59c92b71ebb27d6dbfb387c70df516f225f067e4dfea40157df365d3,validation_008,1,7,1309009556,15,,
31,6.2,A,ramp,True,False,179.60000000000048,30.0,1,accelerate,2.0,0.0,137.59999999999982,16.0,1,0,accelerate-maintain,-0.08876105397939682,0.12271405756473541,-0.02889159321784973,1,0.12271405756473541,-0.02889159321784973,0.15160565078258514,0.21147511154413223,"[true, true, true]",False,False,False,65030,0,b63d9a6a59c92b71ebb27d6dbfb387c70df516f225f067e4dfea40157df365d3,validation_008,1,7,1309009556,15,39.610068760524484,
31,6.2,B,mainline,True,False,137.59999999999982,16.0,0,maintain,0.0,0.0,179.60000000000048,30.0,1,0,accelerate-maintain,-0.030985303223133087,-0.08205246925354004,-0.06949497759342194,0,-0.030985303223133087,-0.06949497759342194,0.03850967437028885,0.05106716603040695,"[true, true, true]",False,False,False,65030,0,b63d9a6a59c92b71ebb27d6dbfb387c70df516f225f067e4dfea40157df365d3,validation_008,1,7,1309009556,15,39.610068760524484,
31,6.2,B_front,background_mainline,True,,232.0,20.0,,,,,,,,,,,,,,,,,,,,,,65030,0,b63d9a6a59c92b71ebb27d6dbfb387c70df516f225f067e4dfea40157df365d3,validation_008,1,7,1309009556,15,,
31,6.2,B_rear,background_mainline,True,,107.8176134973067,15.343740328907707,,,,,,,,,,,,,,,,,,,,,,65030,0,b63d9a6a59c92b71ebb27d6dbfb387c70df516f225f067e4dfea40157df365d3,validation_008,1,7,1309009556,15,,
32,6.4,A,ramp,True,False,185.60000000000048,30.0,1,accelerate,2.0,0.0,140.79999999999987,16.0,1,0,accelerate-maintain,-0.08815355598926544,0.1216202825307846,-0.02664490044116974,1,0.1216202825307846,-0.02664490044116974,0.14826518297195435,0.20977383852005005,"[true, true, true]",False,False,False,65030,0,b63d9a6a59c92b71ebb27d6dbfb387c70df516f225f067e4dfea40157df365d3,validation_008,1,7,1309009556,15,42.41006876052444,
32,6.4,B,mainline,True,False,140.79999999999987,16.0,0,maintain,0.0,0.0,185.60000000000048,30.0,1,0,accelerate-maintain,-0.032922931015491486,-0.08344706147909164,-0.06984280049800873,0,-0.032922931015491486,-0.06984280049800873,0.03691986948251724,0.05052413046360016,"[true, true, true]",False,False,False,65030,0,b63d9a6a59c92b71ebb27d6dbfb387c70df516f225f067e4dfea40157df365d3,validation_008,1,7,1309009556,15,42.41006876052444,
32,6.4,B_front,background_mainline,True,,236.0,20.0,,,,,,,,,,,,,,,,,,,,,,65030,0,b63d9a6a59c92b71ebb27d6dbfb387c70df516f225f067e4dfea40157df365d3,validation_008,1,7,1309009556,15,,
32,6.4,B_rear,background_mainline,True,,110.88725544572014,15.352777532870977,,,,,,,,,,,,,,,,,,,,,,65030,0,b63d9a6a59c92b71ebb27d6dbfb387c70df516f225f067e4dfea40157df365d3,validation_008,1,7,1309009556,15,,
33,6.6000000000000005,A,ramp,True,False,191.60000000000048,30.0,1,accelerate,2.0,0.0,143.99999999999991,16.0,1,0,accelerate-maintain,-0.08759112656116486,0.1204514279961586,-0.02436794340610504,1,0.1204514279961586,-0.02436794340610504,0.14481937140226364,0.20804255455732346,"[true, true, true]",False,False,False,65030,0,b63d9a6a59c92b71ebb27d6dbfb387c70df516f225f067e4dfea40157df365d3,validation_008,1,7,1309009556,15,45.21006876052439,
33,6.6000000000000005,B,mainline,True,False,143.99999999999991,16.0,0,maintain,0.0,0.0,191.60000000000048,30.0,1,0,accelerate-maintain,-0.035045117139816284,-0.08480723202228546,-0.0705607682466507,0,-0.035045117139816284,-0.0705607682466507,0.03551565110683441,0.04976211488246918,"[true, true, true]",False,False,False,65030,0,b63d9a6a59c92b71ebb27d6dbfb387c70df516f225f067e4dfea40157df365d3,validation_008,1,7,1309009556,15,45.21006876052439,
33,6.6000000000000005,B_front,background_mainline,True,,240.0,20.0,,,,,,,,,,,,,,,,,,,,,,65030,0,b63d9a6a59c92b71ebb27d6dbfb387c70df516f225f067e4dfea40157df365d3,validation_008,1,7,1309009556,15,,
33,6.6000000000000005,B_rear,background_mainline,True,,113.95876398749203,15.362389360204784,,,,,,,,,,,,,,,,,,,,,,65030,0,b63d9a6a59c92b71ebb27d6dbfb387c70df516f225f067e4dfea40157df365d3,validation_008,1,7,1309009556,15,,
34,6.800000000000001,A,ramp,True,False,197.60000000000048,30.0,1,accelerate,2.0,0.0,147.19999999999996,16.0,1,0,accelerate-maintain,-0.08702852576971054,0.11928247660398483,-0.022090695798397064,1,0.11928247660398483,-0.022090695798397064,0.1413731724023819,0.20631100237369537,"[true, true, true]",False,False,False,65030,0,b63d9a6a59c92b71ebb27d6dbfb387c70df516f225f067e4dfea40157df365d3,validation_008,1,7,1309009556,15,48.01006876052435,
34,6.800000000000001,B,mainline,True,False,147.19999999999996,16.0,0,maintain,0.0,0.0,197.60000000000048,30.0,1,0,accelerate-maintain,-0.03722386062145233,-0.08616071939468384,-0.07129804790019989,0,-0.03722386062145233,-0.07129804790019989,0.03407418727874756,0.048936858773231506,"[true, true, true]",False,False,False,65030,0,b63d9a6a59c92b71ebb27d6dbfb387c70df516f225f067e4dfea40157df365d3,validation_008,1,7,1309009556,15,48.01006876052435,
34,6.800000000000001,B_front,background_mainline,True,,244.0,20.0,,,,,,,,,,,,,,,,,,,,,,65030,0,b63d9a6a59c92b71ebb27d6dbfb387c70df516f225f067e4dfea40157df365d3,validation_008,1,7,1309009556,15,,
34,6.800000000000001,B_rear,background_mainline,True,,117.03224368648473,15.372474229269898,,,,,,,,,,,,,,,,,,,,,,65030,0,b63d9a6a59c92b71ebb27d6dbfb387c70df516f225f067e4dfea40157df365d3,validation_008,1,7,1309009556,15,,
35,7.0,A,ramp,True,False,203.60000000000048,30.0,1,accelerate,2.0,0.0,150.4,16.0,1,0,accelerate-maintain,-0.08646580576896667,0.11811350286006927,-0.01981305330991745,1,0.11811350286006927,-0.01981305330991745,0.13792655616998672,0.20457930862903595,"[true, true, true]",False,False,False,65030,0,b63d9a6a59c92b71ebb27d6dbfb387c70df516f225f067e4dfea40157df365d3,validation_008,1,7,1309009556,15,50.8100687605243,
35,7.0,B,mainline,True,False,150.4,16.0,0,maintain,0.0,0.0,203.60000000000048,30.0,1,0,accelerate-maintain,-0.03962412476539612,-0.08727480471134186,-0.07231100648641586,0,-0.03962412476539612,-0.07231100648641586,0.032686881721019745,0.04765067994594574,"[true, true, true]",False,False,False,65030,0,b63d9a6a59c92b71ebb27d6dbfb387c70df516f225f067e4dfea40157df365d3,validation_008,1,7,1309009556,15,50.8100687605243,
35,7.0,B_front,background_mainline,True,,248.0,20.0,,,,,,,,,,,,,,,,,,,,,,65030,0,b63d9a6a59c92b71ebb27d6dbfb387c70df516f225f067e4dfea40157df365d3,validation_008,1,7,1309009556,15,,
35,7.0,B_rear,background_mainline,True,,120.10778003283028,15.38294274378443,,,,,,,,,,,,,,,,,,,,,,65030,0,b63d9a6a59c92b71ebb27d6dbfb387c70df516f225f067e4dfea40157df365d3,validation_008,1,7,1309009556,15,,
36,7.2,A,ramp,True,False,209.60000000000048,30.0,1,accelerate,2.0,0.0,153.60000000000005,16.0,1,0,accelerate-maintain,-0.08659814298152924,0.11752273887395859,-0.017893783748149872,1,0.11752273887395859,-0.017893783748149872,0.13541652262210846,0.20412088185548782,"[true, true, true]",False,False,False,65030,0,b63d9a6a59c92b71ebb27d6dbfb387c70df516f225f067e4dfea40157df365d3,validation_008,1,7,1309009556,15,53.61006876052426,
36,7.2,B,mainline,True,False,153.60000000000005,16.0,0,maintain,0.0,0.0,209.60000000000048,30.0,1,0,accelerate-maintain,-0.04191465675830841,-0.08767007291316986,-0.07377026975154877,0,-0.04191465675830841,-0.07377026975154877,0.031855612993240356,0.04575541615486145,"[true, true, true]",False,False,False,65030,0,b63d9a6a59c92b71ebb27d6dbfb387c70df516f225f067e4dfea40157df365d3,validation_008,1,7,1309009556,15,53.61006876052426,
36,7.2,B_front,background_mainline,True,,252.0,20.0,,,,,,,,,,,,,,,,,,,,,,65030,0,b63d9a6a59c92b71ebb27d6dbfb387c70df516f225f067e4dfea40157df365d3,validation_008,1,7,1309009556,15,,
36,7.2,B_rear,background_mainline,True,,123.1854417330534,15.393716254418974,,,,,,,,,,,,,,,,,,,,,,65030,0,b63d9a6a59c92b71ebb27d6dbfb387c70df516f225f067e4dfea40157df365d3,validation_008,1,7,1309009556,15,,
37,7.4,A,ramp,True,False,215.60000000000048,30.0,1,accelerate,2.0,0.0,156.8000000000001,16.0,1,0,accelerate-maintain,-0.08723217248916626,0.11734021455049515,-0.01624438166618347,1,0.11734021455049515,-0.01624438166618347,0.13358459621667862,0.2045723870396614,"[true, true, true]",False,False,False,65030,0,b63d9a6a59c92b71ebb27d6dbfb387c70df516f225f067e4dfea40157df365d3,validation_008,1,7,1309009556,15,56.41006876052421,
37,7.4,B,mainline,True,False,156.8000000000001,16.0,0,maintain,0.0,0.0,215.60000000000048,30.0,1,0,accelerate-maintain,-0.04417191445827484,-0.08758800476789474,-0.07542417198419571,0,-0.04417191445827484,-0.07542417198419571,0.03125225752592087,0.043416090309619904,"[true, true, true]",False,False,False,65030,0,b63d9a6a59c92b71ebb27d6dbfb387c70df516f225f067e4dfea40157df365d3,validation_008,1,7,1309009556,15,56.41006876052421,
37,7.4,B_front,background_mainline,True,,256.0,20.0,,,,,,,,,,,,,,,,,,,,,,65030,0,b63d9a6a59c92b71ebb27d6dbfb387c70df516f225f067e4dfea40157df365d3,validation_008,1,7,1309009556,15,,
37,7.4,B_rear,background_mainline,True,,126.26528273136705,15.404725604372087,,,,,,,,,,,,,,,,,,,,,,65030,0,b63d9a6a59c92b71ebb27d6dbfb387c70df516f225f067e4dfea40157df365d3,validation_008,1,7,1309009556,15,,
38,7.6000000000000005,A,ramp,True,False,221.60000000000048,30.0,1,accelerate,2.0,0.0,160.00000000000014,16.0,1,0,accelerate-maintain,-0.08810386806726456,0.11715797334909439,-0.01472008228302002,1,0.11715797334909439,-0.01472008228302002,0.1318780556321144,0.20526184141635895,"[true, true, true]",False,False,False,65030,0,b63d9a6a59c92b71ebb27d6dbfb387c70df516f225f067e4dfea40157df365d3,validation_008,1,7,1309009556,15,59.210068760524166,
38,7.6000000000000005,B,mainline,True,False,160.00000000000014,16.0,0,maintain,0.0,0.0,221.60000000000048,30.0,1,0,accelerate-maintain,-0.04642949253320694,-0.08750616014003754,-0.07707741856575012,0,-0.04642949253320694,-0.07707741856575012,0.030647926032543182,0.0410766676068306,"[true, true, true]",False,False,False,65030,0,b63d9a6a59c92b71ebb27d6dbfb387c70df516f225f067e4dfea40157df365d3,validation_008,1,7,1309009556,15,59.210068760524166,
38,7.6000000000000005,B_front,background_mainline,True,,260.0,0.0,,,,,,,,,,,,,,,,,,,,,,65030,0,b63d9a6a59c92b71ebb27d6dbfb387c70df516f225f067e4dfea40157df365d3,validation_008,1,7,1309009556,15,,
38,7.6000000000000005,B_rear,background_mainline,True,,129.34734399619632,15.415910032286313,,,,,,,,,,,,,,,,,,,,,,65030,0,b63d9a6a59c92b71ebb27d6dbfb387c70df516f225f067e4dfea40157df365d3,validation_008,1,7,1309009556,15,,
39,7.800000000000001,A,ramp,True,False,227.60000000000048,30.0,1,accelerate,2.0,0.0,163.2000000000002,16.0,1,0,accelerate-maintain,-0.08649557828903198,0.12964625656604767,0.010786741971969604,1,0.12964625656604767,0.010786741971969604,0.11885951459407806,0.21614183485507965,"[true, true, true]",False,False,False,65030,0,b63d9a6a59c92b71ebb27d6dbfb387c70df516f225f067e4dfea40157df365d3,validation_008,1,7,1309009556,15,62.01006876052412,
39,7.800000000000001,B,mainline,True,False,163.2000000000002,16.0,0,maintain,0.0,0.0,227.60000000000048,30.0,1,0,accelerate-maintain,-0.05181921273469925,-0.06984786689281464,-0.07594163715839386,0,-0.05181921273469925,-0.06984786689281464,0.018028654158115387,0.02412242442369461,"[true, true, true]",False,False,False,65030,0,b63d9a6a59c92b71ebb27d6dbfb387c70df516f225f067e4dfea40157df365d3,validation_008,1,7,1309009556,15,62.01006876052412,
39,7.800000000000001,B_front,background_mainline,True,,260.0,0.0,,,,,,,,,,,,,,,,,,,,,,65030,0,b63d9a6a59c92b71ebb27d6dbfb387c70df516f225f067e4dfea40157df365d3,validation_008,1,7,1309009556,15,,
39,7.800000000000001,B_rear,background_mainline,True,,132.43165510111348,15.427216210273519,,,,,,,,,,,,,,,,,,,,,,65030,0,b63d9a6a59c92b71ebb27d6dbfb387c70df516f225f067e4dfea40157df365d3,validation_008,1,7,1309009556,15,,
40,8.0,A,ramp,True,False,233.60000000000048,30.0,1,accelerate,2.0,0.0,166.40000000000023,16.0,1,0,accelerate-maintain,-0.0862230435013771,0.1300688236951828,0.012571178376674652,1,0.1300688236951828,0.012571178376674652,0.11749764531850815,0.2162918671965599,"[true, true, true]",False,False,False,65030,0,b63d9a6a59c92b71ebb27d6dbfb387c70df516f225f067e4dfea40157df365d3,validation_008,1,7,1309009556,15,64.81006876052408,
40,8.0,B,mainline,True,False,166.40000000000023,16.0,0,maintain,0.0,0.0,233.60000000000048,30.0,1,0,accelerate-maintain,-0.0527837872505188,-0.0723201259970665,-0.07691138982772827,0,-0.0527837872505188,-0.0723201259970665,0.0195363387465477,0.024127602577209473,"[true, true, true]",False,False,False,65030,0,b63d9a6a59c92b71ebb27d6dbfb387c70df516f225f067e4dfea40157df365d3,validation_008,1,7,1309009556,15,64.81006876052408,
40,8.0,B_front,background_mainline,True,,260.0,0.0,,,,,,,,,,,,,,,,,,,,,,65030,0,b63d9a6a59c92b71ebb27d6dbfb387c70df516f225f067e4dfea40157df365d3,validation_008,1,7,1309009556,15,,
40,8.0,B_rear,background_mainline,True,,135.5182356252916,15.438597398405337,,,,,,,,,,,,,,,,,,,,,,65030,0,b63d9a6a59c92b71ebb27d6dbfb387c70df516f225f067e4dfea40157df365d3,validation_008,1,7,1309009556,15,,
41,8.200000000000001,A,ramp,True,False,239.60000000000048,30.0,1,accelerate,2.0,0.0,169.60000000000028,16.0,1,0,accelerate-maintain,-0.08595063537359238,0.13049128651618958,0.014355506747961044,1,0.13049128651618958,0.014355506747961044,0.11613577976822853,0.21644192188978195,"[true, true, true]",False,False,False,65030,0,b63d9a6a59c92b71ebb27d6dbfb387c70df516f225f067e4dfea40157df365d3,validation_008,1,7,1309009556,15,67.61006876052403,
41,8.200000000000001,B,mainline,True,False,169.60000000000028,16.0,0,maintain,0.0,0.0,239.60000000000048,30.0,1,0,accelerate-maintain,-0.053646691143512726,-0.07458291947841644,-0.07808788865804672,0,-0.053646691143512726,-0.07458291947841644,0.020936228334903717,0.024441197514533997,"[true, true, true]",False,False,False,65030,0,b63d9a6a59c92b71ebb27d6dbfb387c70df516f225f067e4dfea40157df365d3,validation_008,1,7,1309009556,15,67.61006876052403,
41,8.200000000000001,B_front,background_mainline,True,,260.0,0.0,,,,,,,,,,,,,,,,,,,,,,65030,0,b63d9a6a59c92b71ebb27d6dbfb387c70df516f225f067e4dfea40157df365d3,validation_008,1,7,1309009556,15,,
41,8.200000000000001,B_rear,background_mainline,True,,138.60709639515696,15.450012699958577,,,,,,,,,,,,,,,,,,,,,,65030,0,b63d9a6a59c92b71ebb27d6dbfb387c70df516f225f067e4dfea40157df365d3,validation_008,1,7,1309009556,15,,
42,8.4,A,ramp,True,False,245.60000000000048,30.0,1,accelerate,2.0,0.0,172.80000000000032,16.0,1,0,accelerate-maintain,-0.085678331553936,0.13091358542442322,0.016139719635248184,1,0.13091358542442322,0.016139719635248184,0.11477386578917503,0.21659191697835922,"[true, true, true]",False,False,False,65030,0,b63d9a6a59c92b71ebb27d6dbfb387c70df516f225f067e4dfea40157df365d3,validation_008,1,7,1309009556,15,70.41006876052398,
42,8.4,B,mainline,True,False,172.80000000000032,16.0,0,maintain,0.0,0.0,245.60000000000048,30.0,1,0,accelerate-maintain,-0.05440407991409302,-0.07639826834201813,-0.07951947301626205,0,-0.05440407991409302,-0.07639826834201813,0.02199418842792511,0.025115393102169037,"[true, true, true]",False,False,False,65030,0,b63d9a6a59c92b71ebb27d6dbfb387c70df516f225f067e4dfea40157df365d3,validation_008,1,7,1309009556,15,70.41006876052398,
42,8.4,B_front,background_mainline,True,,260.0,0.0,,,,,,,,,,,,,,,,,,,,,,65030,0,b63d9a6a59c92b71ebb27d6dbfb387c70df516f225f067e4dfea40157df365d3,validation_008,1,7,1309009556,15,,
42,8.4,B_rear,background_mainline,True,,141.69824058602725,15.461426404118038,,,,,,,,,,,,,,,,,,,,,,65030,0,b63d9a6a59c92b71ebb27d6dbfb387c70df516f225f067e4dfea40157df365d3,validation_008,1,7,1309009556,15,,
43,8.6,A,ramp,True,False,251.60000000000048,30.0,1,accelerate,2.0,0.0,176.00000000000037,16.0,1,0,accelerate-maintain,-0.08554816991090775,0.13134847581386566,0.018244676291942596,1,0.13134847581386566,0.018244676291942596,0.11310379952192307,0.2168966457247734,"[true, true, true]",False,False,False,65030,0,b63d9a6a59c92b71ebb27d6dbfb387c70df516f225f067e4dfea40157df365d3,validation_008,1,7,1309009556,15,73.21006876052397,
43,8.6,B,mainline,True,False,176.00000000000037,16.0,0,maintain,0.0,0.0,251.60000000000048,30.0,1,0,accelerate-maintain,-0.055112048983573914,-0.0782354548573494,-0.08082222938537598,0,-0.055112048983573914,-0.0782354548573494,0.023123405873775482,0.025710180401802063,"[true, true, true]",False,False,False,65030,0,b63d9a6a59c92b71ebb27d6dbfb387c70df516f225f067e4dfea40157df365d3,validation_008,1,7,1309009556,15,73.21006876052397,
43,8.6,B_front,background_mainline,True,,260.0,0.0,,,,,,,,,,,,,,,,,,,,,,65030,0,b63d9a6a59c92b71ebb27d6dbfb387c70df516f225f067e4dfea40157df365d3,validation_008,1,7,1309009556,15,,
43,8.6,B_rear,background_mainline,True,,144.79166470006874,15.472807404832317,,,,,,,,,,,,,,,,,,,,,,65030,0,b63d9a6a59c92b71ebb27d6dbfb387c70df516f225f067e4dfea40157df365d3,validation_008,1,7,1309009556,15,,
44,8.8,A,ramp,True,False,257.6000000000005,30.0,1,accelerate,2.0,0.0,179.20000000000041,16.0,1,0,accelerate-maintain,-0.08569082617759705,0.13158927857875824,0.02029561996459961,1,0.13158927857875824,0.02029561996459961,0.11129365861415863,0.21728010475635529,"[true, true, true]",False,False,False,65030,0,b63d9a6a59c92b71ebb27d6dbfb387c70df516f225f067e4dfea40157df365d3,validation_008,1,7,1309009556,15,,
44,8.8,B,mainline,True,False,179.20000000000041,16.0,0,maintain,0.0,0.0,257.6000000000005,30.0,1,0,accelerate-maintain,-0.05581974238157272,-0.08007322996854782,-0.08212453871965408,0,-0.05581974238157272,-0.08007322996854782,0.024253487586975098,0.02630479633808136,"[true, true, true]",False,False,False,65030,0,b63d9a6a59c92b71ebb27d6dbfb387c70df516f225f067e4dfea40157df365d3,validation_008,1,7,1309009556,15,,
44,8.8,B_front,background_mainline,True,,260.0,0.0,,,,,,,,,,,,,,,,,,,,,,65030,0,b63d9a6a59c92b71ebb27d6dbfb387c70df516f225f067e4dfea40157df365d3,validation_008,1,7,1309009556,15,,
44,8.8,B_rear,background_mainline,True,,147.88735943481393,15.484128686173257,,,,,,,,,,,,,,,,,,,,,,65030,0,b63d9a6a59c92b71ebb27d6dbfb387c70df516f225f067e4dfea40157df365d3,validation_008,1,7,1309009556,15,,
45,9.0,A,ramp,False,True,260.6000000000005,0.0,0,maintain,0.0,0.0,182.40000000000046,16.0,0,0,inactive-active,-0.08657968044281006,0.0412910096347332,-0.062128469347953796,1,0.0412910096347332,-0.062128469347953796,0.103419478982687,0.12787069007754326,"[true, true, true]",False,False,False,65030,0,b63d9a6a59c92b71ebb27d6dbfb387c70df516f225f067e4dfea40157df365d3,validation_008,1,7,1309009556,15,,
45,9.0,B,mainline,True,False,182.40000000000046,16.0,0,maintain,0.0,0.0,260.6000000000005,0.0,0,0,inactive-active,-0.05003684014081955,-0.0739324688911438,-0.13130688667297363,0,-0.05003684014081955,-0.0739324688911438,0.02389562875032425,0.08127004653215408,"[true, true, true]",False,False,False,65030,0,b63d9a6a59c92b71ebb27d6dbfb387c70df516f225f067e4dfea40157df365d3,validation_008,1,7,1309009556,15,,
45,9.0,B_front,background_mainline,True,,260.0,0.0,,,,,,,,,,,,,,,,,,,,,,65030,0,b63d9a6a59c92b71ebb27d6dbfb387c70df516f225f067e4dfea40157df365d3,validation_008,1,7,1309009556,15,,
45,9.0,B_rear,background_mainline,True,,150.98531045469443,15.495366865929965,,,,,,,,,,,,,,,,,,,,,,65030,0,b63d9a6a59c92b71ebb27d6dbfb387c70df516f225f067e4dfea40157df365d3,validation_008,1,7,1309009556,15,,
46,9.200000000000001,A,ramp,False,True,260.6000000000005,0.0,0,maintain,0.0,0.0,185.6000000000005,16.0,0,0,inactive-active,-0.08721838891506195,0.04212559014558792,-0.062142983078956604,1,0.04212559014558792,-0.062142983078956604,0.10426857322454453,0.12934397906064987,"[true, true, true]",False,False,False,65030,0,b63d9a6a59c92b71ebb27d6dbfb387c70df516f225f067e4dfea40157df365d3,validation_008,1,7,1309009556,15,,
46,9.200000000000001,B,mainline,True,False,185.6000000000005,16.0,0,maintain,0.0,0.0,260.6000000000005,0.0,0,0,inactive-active,-0.050830140709877014,-0.07597162574529648,-0.1323477029800415,0,-0.050830140709877014,-0.07597162574529648,0.025141485035419464,0.08151756227016449,"[true, true, true]",False,False,False,65030,0,b63d9a6a59c92b71ebb27d6dbfb387c70df516f225f067e4dfea40157df365d3,validation_008,1,7,1309009556,15,,
46,9.200000000000001,B_front,background_mainline,True,,260.0,0.0,,,,,,,,,,,,,,,,,,,,,,65030,0,b63d9a6a59c92b71ebb27d6dbfb387c70df516f225f067e4dfea40157df365d3,validation_008,1,7,1309009556,15,,
46,9.200000000000001,B_rear,background_mainline,True,,154.0854990765077,15.506501790324787,,,,,,,,,,,,,,,,,,,,,,65030,0,b63d9a6a59c92b71ebb27d6dbfb387c70df516f225f067e4dfea40157df365d3,validation_008,1,7,1309009556,15,,
47,9.4,A,ramp,False,True,260.6000000000005,0.0,0,maintain,0.0,0.0,188.80000000000055,16.0,0,0,inactive-active,-0.08778117597103119,0.04293011873960495,-0.062066614627838135,1,0.04293011873960495,-0.062066614627838135,0.10499673336744308,0.13071129471063614,"[true, true, true]",False,False,False,65030,0,b63d9a6a59c92b71ebb27d6dbfb387c70df516f225f067e4dfea40157df365d3,validation_008,1,7,1309009556,15,,
47,9.4,B,mainline,True,False,188.80000000000055,16.0,0,maintain,0.0,0.0,260.6000000000005,0.0,0,0,inactive-active,-0.05138593912124634,-0.07751677930355072,-0.1331571340560913,0,-0.05138593912124634,-0.07751677930355072,0.026130840182304382,0.08177119493484497,"[true, true, true]",False,False,False,65030,0,b63d9a6a59c92b71ebb27d6dbfb387c70df516f225f067e4dfea40157df365d3,validation_008,1,7,1309009556,15,,
47,9.4,B_front,background_mainline,True,,260.0,0.0,,,,,,,,,,,,,,,,,,,,,,65030,0,b63d9a6a59c92b71ebb27d6dbfb387c70df516f225f067e4dfea40157df365d3,validation_008,1,7,1309009556,15,,
47,9.4,B_rear,background_mainline,True,,157.18790287841438,15.517516173711803,,,,,,,,,,,,,,,,,,,,,,65030,0,b63d9a6a59c92b71ebb27d6dbfb387c70df516f225f067e4dfea40157df365d3,validation_008,1,7,1309009556,15,,
48,9.600000000000001,A,ramp,False,True,260.6000000000005,0.0,0,maintain,0.0,0.0,192.0000000000006,16.0,0,0,inactive-active,-0.08813174813985825,0.04387421905994415,-0.062044501304626465,1,0.04387421905994415,-0.062044501304626465,0.10591872036457062,0.1320059671998024,"[true, true, true]",False,False,False,65030,0,b63d9a6a59c92b71ebb27d6dbfb387c70df516f225f067e4dfea40157df365d3,validation_008,1,7,1309009556,15,,
48,9.600000000000001,B,mainline,True,False,192.0000000000006,16.0,0,maintain,0.0,0.0,260.6000000000005,0.0,0,0,inactive-active,-0.05181802809238434,-0.07901905477046967,-0.13373395800590515,0,-0.05181802809238434,-0.07901905477046967,0.027201026678085327,0.08191592991352081,"[true, true, true]",False,False,False,65030,0,b63d9a6a59c92b71ebb27d6dbfb387c70df516f225f067e4dfea40157df365d3,validation_008,1,7,1309009556,15,,
48,9.600000000000001,B_front,background_mainline,True,,260.0,0.0,,,,,,,,,,,,,,,,,,,,,,65030,0,b63d9a6a59c92b71ebb27d6dbfb387c70df516f225f067e4dfea40157df365d3,validation_008,1,7,1309009556,15,,
48,9.600000000000001,B_rear,background_mainline,True,,160.29249624091926,15.52839527794059,,,,,,,,,,,,,,,,,,,,,,65030,0,b63d9a6a59c92b71ebb27d6dbfb387c70df516f225f067e4dfea40157df365d3,validation_008,1,7,1309009556,15,,
49,9.8,A,ramp,False,True,260.6000000000005,0.0,0,maintain,0.0,0.0,195.20000000000064,16.0,0,0,inactive-active,-0.08848277479410172,0.04481830075383186,-0.06202232837677002,1,0.04481830075383186,-0.06202232837677002,0.10684062913060188,0.13330107554793358,"[true, true, true]",False,False,False,65030,0,b63d9a6a59c92b71ebb27d6dbfb387c70df516f225f067e4dfea40157df365d3,validation_008,1,7,1309009556,15,,
49,9.8,B,mainline,True,False,195.20000000000064,16.0,0,maintain,0.0,0.0,260.6000000000005,0.0,0,0,inactive-active,-0.052250251173973083,-0.0805223286151886,-0.1343105435371399,0,-0.052250251173973083,-0.0805223286151886,0.028272077441215515,0.08206029236316681,"[true, true, true]",False,False,False,65030,0,b63d9a6a59c92b71ebb27d6dbfb387c70df516f225f067e4dfea40157df365d3,validation_008,1,7,1309009556,15,,
49,9.8,B_front,background_mainline,True,,260.0,0.0,,,,,,,,,,,,,,,,,,,,,,65030,0,b63d9a6a59c92b71ebb27d6dbfb387c70df516f225f067e4dfea40157df365d3,validation_008,1,7,1309009556,15,,
49,9.8,B_rear,background_mainline,True,,163.39925082729675,15.539126626765624,,,,,,,,,,,,,,,,,,,,,,65030,0,b63d9a6a59c92b71ebb27d6dbfb387c70df516f225f067e4dfea40157df365d3,validation_008,1,7,1309009556,15,,
50,10.0,A,ramp,False,True,260.6000000000005,0.0,0,maintain,0.0,0.0,198.4000000000007,16.0,0,0,inactive-active,-0.0888342633843422,0.04576237127184868,-0.06200017035007477,1,0.04576237127184868,-0.06200017035007477,0.10776254162192345,0.13459663465619087,"[true, true, true]",False,False,False,65030,0,b63d9a6a59c92b71ebb27d6dbfb387c70df516f225f067e4dfea40157df365d3,validation_008,1,7,1309009556,15,,
50,10.0,B,mainline,True,False,198.4000000000007,16.0,0,maintain,0.0,0.0,260.6000000000005,0.0,0,0,inactive-active,-0.05277679115533829,-0.08231519162654877,-0.1348501443862915,0,-0.05277679115533829,-0.08231519162654877,0.02953840047121048,0.08207335323095322,"[true, true, true]",False,False,False,65030,0,b63d9a6a59c92b71ebb27d6dbfb387c70df516f225f067e4dfea40157df365d3,validation_008,1,7,1309009556,15,,
50,10.0,B_front,background_mainline,True,,260.0,0.0,,,,,,,,,,,,,,,,,,,,,,65030,0,b63d9a6a59c92b71ebb27d6dbfb387c70df516f225f067e4dfea40157df365d3,validation_008,1,7,1309009556,15,,
50,10.0,B_rear,background_mainline,True,,166.50813601005893,15.549699751275789,,,,,,,,,,,,,,,,,,,,,,65030,0,b63d9a6a59c92b71ebb27d6dbfb387c70df516f225f067e4dfea40157df365d3,validation_008,1,7,1309009556,15,,
51,10.200000000000001,A,ramp,False,True,260.6000000000005,0.0,0,maintain,0.0,0.0,201.60000000000073,16.0,0,0,inactive-active,-0.08931780606508255,0.04652686417102814,-0.062084317207336426,1,0.04652686417102814,-0.062084317207336426,0.10861118137836456,0.1358446702361107,"[true, true, true]",False,False,False,65030,0,b63d9a6a59c92b71ebb27d6dbfb387c70df516f225f067e4dfea40157df365d3,validation_008,1,7,1309009556,15,,
51,10.200000000000001,B,mainline,True,False,201.60000000000073,16.0,0,maintain,0.0,0.0,260.6000000000005,0.0,0,0,inactive-active,-0.05331958085298538,-0.08415853977203369,-0.1353832334280014,0,-0.05331958085298538,-0.08415853977203369,0.03083895891904831,0.08206365257501602,"[true, true, true]",False,False,False,65030,0,b63d9a6a59c92b71ebb27d6dbfb387c70df516f225f067e4dfea40157df365d3,validation_008,1,7,1309009556,15,,
51,10.200000000000001,B_front,background_mainline,True,,260.0,0.0,,,,,,,,,,,,,,,,,,,,,,65030,0,b63d9a6a59c92b71ebb27d6dbfb387c70df516f225f067e4dfea40157df365d3,validation_008,1,7,1309009556,15,,
51,10.200000000000001,B_rear,background_mainline,True,,169.61911924931113,15.560105962826414,,,,,,,,,,,,,,,,,,,,,,65030,0,b63d9a6a59c92b71ebb27d6dbfb387c70df516f225f067e4dfea40157df365d3,validation_008,1,7,1309009556,15,,
52,10.4,A,ramp,False,True,260.6000000000005,0.0,0,maintain,0.0,0.0,204.80000000000078,16.0,0,0,inactive-active,-0.08995286375284195,0.047081172466278076,-0.06228969991207123,1,0.047081172466278076,-0.06228969991207123,0.1093708723783493,0.13703403621912003,"[true, true, true]",False,False,False,65030,0,b63d9a6a59c92b71ebb27d6dbfb387c70df516f225f067e4dfea40157df365d3,validation_008,1,7,1309009556,15,,
52,10.4,B,mainline,True,False,204.80000000000078,16.0,0,maintain,0.0,0.0,260.6000000000005,0.0,0,0,inactive-active,-0.05386248975992203,-0.08600302040576935,-0.1359161138534546,0,-0.05386248975992203,-0.08600302040576935,0.03214053064584732,0.08205362409353256,"[true, true, true]",False,False,False,65030,0,b63d9a6a59c92b71ebb27d6dbfb387c70df516f225f067e4dfea40157df365d3,validation_008,1,7,1309009556,15,,
52,10.4,B_front,background_mainline,True,,260.0,0.0,,,,,,,,,,,,,,,,,,,,,,65030,0,b63d9a6a59c92b71ebb27d6dbfb387c70df516f225f067e4dfea40157df365d3,validation_008,1,7,1309009556,15,,
52,10.4,B_rear,background_mainline,True,,172.73216642818105,15.570338150391994,,,,,,,,,,,,,,,,,,,,,,65030,0,b63d9a6a59c92b71ebb27d6dbfb387c70df516f225f067e4dfea40157df365d3,validation_008,1,7,1309009556,15,,
53,10.600000000000001,A,ramp,False,True,260.6000000000005,0.0,0,maintain,0.0,0.0,208.00000000000082,16.0,0,0,inactive-active,-0.09058284014463425,0.04762819781899452,-0.06248776614665985,1,0.04762819781899452,-0.06248776614665985,0.11011596396565437,0.13821103796362877,"[true, true, true]",False,False,False,65030,0,b63d9a6a59c92b71ebb27d6dbfb387c70df516f225f067e4dfea40157df365d3,validation_008,1,7,1309009556,15,,
53,10.600000000000001,B,mainline,True,False,208.00000000000082,16.0,0,maintain,0.0,0.0,260.6000000000005,0.0,0,0,inactive-active,-0.05440548062324524,-0.08784858882427216,-0.13644880056381226,0,-0.05440548062324524,-0.08784858882427216,0.033443108201026917,0.08204331994056702,"[true, true, true]",False,False,False,65030,0,b63d9a6a59c92b71ebb27d6dbfb387c70df516f225f067e4dfea40157df365d3,validation_008,1,7,1309009556,15,,
53,10.600000000000001,B_front,background_mainline,True,,260.0,0.0,,,,,,,,,,,,,,,,,,,,,,65030,0,b63d9a6a59c92b71ebb27d6dbfb387c70df516f225f067e4dfea40157df365d3,validation_008,1,7,1309009556,15,,
53,10.600000000000001,B_rear,background_mainline,True,,175.84724214992946,15.580390599632901,,,,,,,,,,,,,,,,,,,,,,65030,0,b63d9a6a59c92b71ebb27d6dbfb387c70df516f225f067e4dfea40157df365d3,validation_008,1,7,1309009556,15,,
54,10.8,A,ramp,False,True,260.6000000000005,0.0,0,maintain,0.0,0.0,211.20000000000087,16.0,0,0,inactive-active,-0.09121337532997131,0.048175159841775894,-0.06268586218357086,1,0.048175159841775894,-0.06268586218357086,0.11086102202534676,0.1393885351717472,"[true, true, true]",False,False,False,65030,0,b63d9a6a59c92b71ebb27d6dbfb387c70df516f225f067e4dfea40157df365d3,validation_008,1,7,1309009556,15,,
54,10.8,B,mainline,True,False,211.20000000000087,16.0,0,maintain,0.0,0.0,260.6000000000005,0.0,0,0,inactive-active,-0.05494855344295502,-0.0896952748298645,-0.13698133826255798,0,-0.05494855344295502,-0.0896952748298645,0.034746721386909485,0.08203278481960297,"[true, true, true]",False,False,False,65030,0,b63d9a6a59c92b71ebb27d6dbfb387c70df516f225f067e4dfea40157df365d3,validation_008,1,7,1309009556,15,,
54,10.8,B_front,background_mainline,True,,260.0,0.0,,,,,,,,,,,,,,,,,,,,,,65030,0,b63d9a6a59c92b71ebb27d6dbfb387c70df516f225f067e4dfea40157df365d3,validation_008,1,7,1309009556,15,,
54,10.8,B_rear,background_mainline,True,,178.96431000084252,15.59025883129354,,,,,,,,,,,,,,,,,,,,,,65030,0,b63d9a6a59c92b71ebb27d6dbfb387c70df516f225f067e4dfea40157df365d3,validation_008,1,7,1309009556,15,,
55,11.0,A,ramp,False,True,260.6000000000005,0.0,0,maintain,0.0,0.0,214.40000000000092,16.0,0,0,inactive-active,-0.09182873368263245,0.04871441796422005,-0.06285189092159271,1,0.04871441796422005,-0.06285189092159271,0.11156630888581276,0.1405431516468525,"[true, true, true]",False,False,False,65030,0,b63d9a6a59c92b71ebb27d6dbfb387c70df516f225f067e4dfea40157df365d3,validation_008,1,7,1309009556,15,,
55,11.0,B,mainline,True,False,214.40000000000092,16.0,0,maintain,0.0,0.0,260.6000000000005,0.0,0,0,inactive-active,-0.05553416162729263,-0.0915188416838646,-0.13745930790901184,0,-0.05553416162729263,-0.0915188416838646,0.03598468005657196,0.08192514628171921,"[true, true, true]",False,False,False,65030,0,b63d9a6a59c92b71ebb27d6dbfb387c70df516f225f067e4dfea40157df365d3,validation_008,1,7,1309009556,15,,
55,11.0,B_front,background_mainline,True,,260.0,0.0,,,,,,,,,,,,,,,,,,,,,,65030,0,b63d9a6a59c92b71ebb27d6dbfb387c70df516f225f067e4dfea40157df365d3,validation_008,1,7,1309009556,15,,
55,11.0,B_rear,background_mainline,True,,182.08333278255702,15.599939456830102,,,,,,,,,,,,,,,,,,,,,,65030,0,b63d9a6a59c92b71ebb27d6dbfb387c70df516f225f067e4dfea40157df365d3,validation_008,1,7,1309009556,15,,
56,11.200000000000001,A,ramp,False,True,260.6000000000005,0.0,0,maintain,0.0,0.0,217.60000000000096,16.0,0,0,inactive-active,-0.09239904582500458,0.049255914986133575,-0.06297154724597931,1,0.049255914986133575,-0.06297154724597931,0.11222746223211288,0.14165496081113815,"[true, true, true]",False,False,False,65030,0,b63d9a6a59c92b71ebb27d6dbfb387c70df516f225f067e4dfea40157df365d3,validation_008,1,7,1309009556,15,,
56,11.200000000000001,B,mainline,True,False,217.60000000000096,16.0,0,maintain,0.0,0.0,260.6000000000005,0.0,0,0,inactive-active,-0.0561867356300354,-0.09330539405345917,-0.1378515064716339,0,-0.0561867356300354,-0.09330539405345917,0.03711865842342377,0.08166477084159851,"[true, true, true]",False,False,False,65030,0,b63d9a6a59c92b71ebb27d6dbfb387c70df516f225f067e4dfea40157df365d3,validation_008,1,7,1309009556,15,,
56,11.200000000000001,B_front,background_mainline,True,,260.0,0.0,,,,,,,,,,,,,,,,,,,,,,65030,0,b63d9a6a59c92b71ebb27d6dbfb387c70df516f225f067e4dfea40157df365d3,validation_008,1,7,1309009556,15,,
56,11.200000000000001,B_rear,background_mainline,True,,185.204272717076,15.609430049410227,,,,,,,,,,,,,,,,,,,,,,65030,0,b63d9a6a59c92b71ebb27d6dbfb387c70df516f225f067e4dfea40157df365d3,validation_008,1,7,1309009556,15,,
57,11.4,A,ramp,False,True,260.6000000000005,0.0,0,maintain,0.0,0.0,220.800000000001,16.0,0,0,inactive-active,-0.09291665256023407,0.04988062381744385,-0.0631917417049408,1,0.04988062381744385,-0.0631917417049408,0.11307236552238464,0.14279727637767792,"[true, true, true]",False,False,False,65030,0,b63d9a6a59c92b71ebb27d6dbfb387c70df516f225f067e4dfea40157df365d3,validation_008,1,7,1309009556,15,,
57,11.4,B,mainline,True,False,220.800000000001,16.0,0,maintain,0.0,0.0,260.6000000000005,0.0,0,0,inactive-active,-0.05683940649032593,-0.09509298950433731,-0.13824346661567688,0,-0.05683940649032593,-0.09509298950433731,0.03825358301401138,0.08140406012535095,"[true, true, true]",False,False,False,65030,0,b63d9a6a59c92b71ebb27d6dbfb387c70df516f225f067e4dfea40157df365d3,validation_008,1,7,1309009556,15,,
57,11.4,B_front,background_mainline,True,,260.0,0.0,,,,,,,,,,,,,,,,,,,,,,65030,0,b63d9a6a59c92b71ebb27d6dbfb387c70df516f225f067e4dfea40157df365d3,validation_008,1,7,1309009556,15,,
57,11.4,B_rear,background_mainline,True,,188.32709162738132,15.618729028639489,,,,,,,,,,,,,,,,,,,,,,65030,0,b63d9a6a59c92b71ebb27d6dbfb387c70df516f225f067e4dfea40157df365d3,validation_008,1,7,1309009556,15,,
58,11.600000000000001,A,ramp,False,True,260.6000000000005,0.0,0,maintain,0.0,0.0,224.00000000000105,16.0,0,0,inactive-active,-0.09343484044075012,0.050505250692367554,-0.06341198086738586,1,0.050505250692367554,-0.06341198086738586,0.11391723155975342,0.14394009113311768,"[true, true, true]",False,False,False,65030,0,b63d9a6a59c92b71ebb27d6dbfb387c70df516f225f067e4dfea40157df365d3,validation_008,1,7,1309009556,15,,
58,11.600000000000001,B,mainline,True,False,224.00000000000105,16.0,0,maintain,0.0,0.0,260.6000000000005,0.0,0,0,inactive-active,-0.057492129504680634,-0.09688157588243484,-0.13863521814346313,0,-0.057492129504680634,-0.09688157588243484,0.03938944637775421,0.0811430886387825,"[true, true, true]",False,False,False,65030,0,b63d9a6a59c92b71ebb27d6dbfb387c70df516f225f067e4dfea40157df365d3,validation_008,1,7,1309009556,15,,
58,11.600000000000001,B_front,background_mainline,True,,260.0,0.0,,,,,,,,,,,,,,,,,,,,,,65030,0,b63d9a6a59c92b71ebb27d6dbfb387c70df516f225f067e4dfea40157df365d3,validation_008,1,7,1309009556,15,,
58,11.600000000000001,B_rear,background_mainline,True,,191.45175109623932,15.627835557555608,,,,,,,,,,,,,,,,,,,,,,65030,0,b63d9a6a59c92b71ebb27d6dbfb387c70df516f225f067e4dfea40157df365d3,validation_008,1,7,1309009556,15,,
59,11.8,A,ramp,False,True,260.6000000000005,0.0,0,maintain,0.0,0.0,227.2000000000011,16.0,0,0,inactive-active,-0.09395360946655273,0.0511297769844532,-0.06363223493099213,1,0.0511297769844532,-0.06363223493099213,0.11476201191544533,0.14508338645100594,"[true, true, true]",False,False,False,65030,0,b63d9a6a59c92b71ebb27d6dbfb387c70df516f225f067e4dfea40157df365d3,validation_008,1,7,1309009556,15,,
59,11.8,B,mainline,True,False,227.2000000000011,16.0,0,maintain,0.0,0.0,260.6000000000005,0.0,0,0,inactive-active,-0.0580790638923645,-0.09829553216695786,-0.13912971317768097,0,-0.0580790638923645,-0.09829553216695786,0.04021646827459335,0.08105064928531647,"[true, true, true]",False,False,False,65030,0,b63d9a6a59c92b71ebb27d6dbfb387c70df516f225f067e4dfea40157df365d3,validation_008,1,7,1309009556,15,,
59,11.8,B_front,background_mainline,True,,260.0,0.0,,,,,,,,,,,,,,,,,,,,,,65030,0,b63d9a6a59c92b71ebb27d6dbfb387c70df516f225f067e4dfea40157df365d3,validation_008,1,7,1309009556,15,,
59,11.8,B_rear,background_mainline,True,,194.57821260552186,15.636749450594149,,,,,,,,,,,,,,,,,,,,,,65030,0,b63d9a6a59c92b71ebb27d6dbfb387c70df516f225f067e4dfea40157df365d3,validation_008,1,7,1309009556,15,,
60,12.0,A,ramp,False,True,260.6000000000005,0.0,0,maintain,0.0,0.0,230.40000000000114,16.0,0,0,inactive-active,-0.09437132626771927,0.05206737294793129,-0.06351645290851593,1,0.05206737294793129,-0.06351645290851593,0.11558382585644722,0.14643869921565056,"[true, true, true]",False,False,False,65030,0,b63d9a6a59c92b71ebb27d6dbfb387c70df516f225f067e4dfea40157df365d3,validation_008,1,7,1309009556,15,,
60,12.0,B,mainline,True,False,230.40000000000114,16.0,0,maintain,0.0,0.0,260.6000000000005,0.0,0,0,inactive-active,-0.058650970458984375,-0.09962457418441772,-0.13964752852916718,0,-0.058650970458984375,-0.09962457418441772,0.04097360372543335,0.0809965580701828,"[true, true, true]",False,False,False,65030,0,b63d9a6a59c92b71ebb27d6dbfb387c70df516f225f067e4dfea40157df365d3,validation_008,1,7,1309009556,15,,
60,12.0,B_front,background_mainline,True,,260.0,0.0,,,,,,,,,,,,,,,,,,,,,,65030,0,b63d9a6a59c92b71ebb27d6dbfb387c70df516f225f067e4dfea40157df365d3,validation_008,1,7,1309009556,15,,
60,12.0,B_rear,background_mainline,True,,197.7064376581193,15.64547109137248,,,,,,,,,,,,,,,,,,,,,,65030,0,b63d9a6a59c92b71ebb27d6dbfb387c70df516f225f067e4dfea40157df365d3,validation_008,1,7,1309009556,15,,
61,12.200000000000001,A,ramp,False,True,260.6000000000005,0.0,0,maintain,0.0,0.0,233.6000000000012,16.0,0,0,inactive-active,-0.09462979435920715,0.05298957601189613,-0.06342741847038269,1,0.05298957601189613,-0.06342741847038269,0.11641699448227882,0.1476193703711033,"[true, true, true]",False,False,False,65030,0,b63d9a6a59c92b71ebb27d6dbfb387c70df516f225f067e4dfea40157df365d3,validation_008,1,7,1309009556,15,,
61,12.200000000000001,B,mainline,True,False,233.6000000000012,16.0,0,maintain,0.0,0.0,260.6000000000005,0.0,0,0,inactive-active,-0.05922286957502365,-0.1009543240070343,-0.14016522467136383,0,-0.05922286957502365,-0.1009543240070343,0.04173145443201065,0.08094235509634018,"[true, true, true]",False,False,False,65030,0,b63d9a6a59c92b71ebb27d6dbfb387c70df516f225f067e4dfea40157df365d3,validation_008,1,7,1309009556,15,,
61,12.200000000000001,B_front,background_mainline,True,,260.0,0.0,,,,,,,,,,,,,,,,,,,,,,65030,0,b63d9a6a59c92b71ebb27d6dbfb387c70df516f225f067e4dfea40157df365d3,validation_008,1,7,1309009556,15,,
61,12.200000000000001,B_rear,background_mainline,True,,200.8363878843044,15.654001359264765,,,,,,,,,,,,,,,,,,,,,,65030,0,b63d9a6a59c92b71ebb27d6dbfb387c70df516f225f067e4dfea40157df365d3,validation_008,1,7,1309009556,15,,
62,12.4,A,ramp,False,True,260.6000000000005,0.0,0,maintain,0.0,0.0,236.80000000000123,16.0,0,0,inactive-active,-0.09470125287771225,0.05392174795269966,-0.06318415701389313,1,0.05392174795269966,-0.06318415701389313,0.11710590496659279,0.1486230008304119,"[true, true, true]",False,False,False,65030,0,b63d9a6a59c92b71ebb27d6dbfb387c70df516f225f067e4dfea40157df365d3,validation_008,1,7,1309009556,15,,
62,12.4,B,mainline,True,False,236.80000000000123,16.0,0,maintain,0.0,0.0,260.6000000000005,0.0,0,0,inactive-active,-0.060066550970077515,-0.1022326722741127,-0.1403084099292755,0,-0.060066550970077515,-0.1022326722741127,0.04216612130403519,0.080241858959198,"[true, true, true]",False,False,False,65030,0,b63d9a6a59c92b71ebb27d6dbfb387c70df516f225f067e4dfea40157df365d3,validation_008,1,7,1309009556,15,,
62,12.4,B_front,background_mainline,True,,260.0,0.0,,,,,,,,,,,,,,,,,,,,,,65030,0,b63d9a6a59c92b71ebb27d6dbfb387c70df516f225f067e4dfea40157df365d3,validation_008,1,7,1309009556,15,,
62,12.4,B_rear,background_mainline,True,,203.9680251342122,15.662341563851749,,,,,,,,,,,,,,,,,,,,,,65030,0,b63d9a6a59c92b71ebb27d6dbfb387c70df516f225f067e4dfea40157df365d3,validation_008,1,7,1309009556,15,,
63,12.600000000000001,A,ramp,False,True,260.6000000000005,0.0,0,maintain,0.0,0.0,240.00000000000128,16.0,0,0,inactive-active,-0.09470118582248688,0.05494317412376404,-0.06274278461933136,1,0.05494317412376404,-0.06274278461933136,0.1176859587430954,0.14964435994625092,"[true, true, true]",False,False,False,65030,0,b63d9a6a59c92b71ebb27d6dbfb387c70df516f225f067e4dfea40157df365d3,validation_008,1,7,1309009556,15,,
63,12.600000000000001,B,mainline,True,False,240.00000000000128,16.0,0,maintain,0.0,0.0,260.6000000000005,0.0,0,0,inactive-active,-0.06091617792844772,-0.1034880131483078,-0.14040741324424744,0,-0.06091617792844772,-0.1034880131483078,0.04257183521986008,0.07949123531579971,"[true, true, true]",False,False,False,65030,0,b63d9a6a59c92b71ebb27d6dbfb387c70df516f225f067e4dfea40157df365d3,validation_008,1,7,1309009556,15,,
63,12.600000000000001,B_front,background_mainline,True,,260.0,0.0,,,,,,,,,,,,,,,,,,,,,,65030,0,b63d9a6a59c92b71ebb27d6dbfb387c70df516f225f067e4dfea40157df365d3,validation_008,1,7,1309009556,15,,
63,12.600000000000001,B_rear,background_mainline,True,,207.1013115579279,15.670493386427404,,,,,,,,,,,,,,,,,,,,,,65030,0,b63d9a6a59c92b71ebb27d6dbfb387c70df516f225f067e4dfea40157df365d3,validation_008,1,7,1309009556,15,,
64,12.8,A,ramp,False,True,260.6000000000005,0.0,0,maintain,0.0,0.0,243.20000000000132,16.0,0,0,inactive-active,-0.09493357688188553,0.056162357330322266,-0.06277923285961151,1,0.056162357330322266,-0.06277923285961151,0.11894159018993378,0.1510959342122078,"[true, true, true]",False,False,False,65030,0,b63d9a6a59c92b71ebb27d6dbfb387c70df516f225f067e4dfea40157df365d3,validation_008,1,7,1309009556,15,,
64,12.8,B,mainline,True,False,243.20000000000132,16.0,0,maintain,0.0,0.0,260.6000000000005,0.0,0,0,inactive-active,-0.061604373157024384,-0.1046796515583992,-0.14057712256908417,0,-0.061604373157024384,-0.1046796515583992,0.04307527840137482,0.07897274941205978,"[true, true, true]",False,False,False,65030,0,b63d9a6a59c92b71ebb27d6dbfb387c70df516f225f067e4dfea40157df365d3,validation_008,1,7,1309009556,15,,
64,12.8,B_front,background_mainline,True,,260.0,0.0,,,,,,,,,,,,,,,,,,,,,,65030,0,b63d9a6a59c92b71ebb27d6dbfb387c70df516f225f067e4dfea40157df365d3,validation_008,1,7,1309009556,15,,
64,12.8,B_rear,background_mainline,True,,210.2362096745189,15.678458827831301,,,,,,,,,,,,,,,,,,,,,,65030,0,b63d9a6a59c92b71ebb27d6dbfb387c70df516f225f067e4dfea40157df365d3,validation_008,1,7,1309009556,15,,
65,13.0,A,ramp,False,True,260.6000000000005,0.0,0,maintain,0.0,0.0,246.40000000000137,16.0,0,0,inactive-active,-0.09516642987728119,0.05738148093223572,-0.0628155916929245,1,0.05738148093223572,-0.0628155916929245,0.12019707262516022,0.1525479108095169,"[true, true, true]",False,False,False,65030,0,b63d9a6a59c92b71ebb27d6dbfb387c70df516f225f067e4dfea40157df365d3,validation_008,1,7,1309009556,15,,
65,13.0,B,mainline,True,False,246.40000000000137,16.0,0,maintain,0.0,0.0,260.6000000000005,0.0,0,0,inactive-active,-0.062292590737342834,-0.10587192326784134,-0.14074674248695374,0,-0.062292590737342834,-0.10587192326784134,0.043579332530498505,0.0784541517496109,"[true, true, true]",False,False,False,65030,0,b63d9a6a59c92b71ebb27d6dbfb387c70df516f225f067e4dfea40157df365d3,validation_008,1,7,1309009556,15,,
65,13.0,B_front,background_mainline,True,,260.0,0.0,,,,,,,,,,,,,,,,,,,,,,65030,0,b63d9a6a59c92b71ebb27d6dbfb387c70df516f225f067e4dfea40157df365d3,validation_008,1,7,1309009556,15,,
65,13.0,B_rear,background_mainline,True,,213.37268243121085,15.686240161952812,,,,,,,,,,,,,,,,,,,,,,65030,0,b63d9a6a59c92b71ebb27d6dbfb387c70df516f225f067e4dfea40157df365d3,validation_008,1,7,1309009556,15,,
66,13.200000000000001,A,ramp,False,True,260.6000000000005,0.0,0,maintain,0.0,0.0,249.60000000000142,16.0,0,0,inactive-active,-0.09539970010519028,0.058600571006536484,-0.06285180151462555,1,0.058600571006536484,-0.06285180151462555,0.12145237252116203,0.15400027111172676,"[true, true, true]",False,False,False,65030,0,b63d9a6a59c92b71ebb27d6dbfb387c70df516f225f067e4dfea40157df365d3,validation_008,1,7,1309009556,15,,
66,13.200000000000001,B,mainline,True,False,249.60000000000142,16.0,0,maintain,0.0,0.0,260.6000000000005,0.0,0,0,inactive-active,-0.06298835575580597,-0.10710854828357697,-0.14089910686016083,0,-0.06298835575580597,-0.10710854828357697,0.044120192527770996,0.07791075110435486,"[true, true, true]",False,False,False,65030,0,b63d9a6a59c92b71ebb27d6dbfb387c70df516f225f067e4dfea40157df365d3,validation_008,1,7,1309009556,15,,
66,13.200000000000001,B_front,background_mainline,True,,260.0,0.0,,,,,,,,,,,,,,,,,,,,,,65030,0,b63d9a6a59c92b71ebb27d6dbfb387c70df516f225f067e4dfea40157df365d3,validation_008,1,7,1309009556,15,,
66,13.200000000000001,B_rear,background_mainline,True,,216.5106932537811,15.693839894321655,,,,,,,,,,,,,,,,,,,,,,65030,0,b63d9a6a59c92b71ebb27d6dbfb387c70df516f225f067e4dfea40157df365d3,validation_008,1,7,1309009556,15,,
67,13.4,A,ramp,False,True,260.6000000000005,0.0,0,maintain,0.0,0.0,252.80000000000146,16.0,0,0,inactive-active,-0.09563344717025757,0.0598195344209671,-0.06288792192935944,1,0.0598195344209671,-0.06288792192935944,0.12270745635032654,0.15545298159122467,"[true, true, true]",False,False,False,65030,0,b63d9a6a59c92b71ebb27d6dbfb387c70df516f225f067e4dfea40157df365d3,validation_008,1,7,1309009556,15,,
67,13.4,B,mainline,True,False,252.80000000000146,16.0,0,maintain,0.0,0.0,260.6000000000005,0.0,0,0,inactive-active,-0.06372876465320587,-0.10860344767570496,-0.14095020294189453,0,-0.06372876465320587,-0.10860344767570496,0.044874683022499084,0.07722143828868866,"[true, true, true]",False,False,False,65030,0,b63d9a6a59c92b71ebb27d6dbfb387c70df516f225f067e4dfea40157df365d3,validation_008,1,7,1309009556,15,,
67,13.4,B_front,background_mainline,True,,260.0,0.0,,,,,,,,,,,,,,,,,,,,,,65030,0,b63d9a6a59c92b71ebb27d6dbfb387c70df516f225f067e4dfea40157df365d3,validation_008,1,7,1309009556,15,,
67,13.4,B_rear,background_mainline,True,,219.6502060891348,15.701260725260362,,,,,,,,,,,,,,,,,,,,,,65030,0,b63d9a6a59c92b71ebb27d6dbfb387c70df516f225f067e4dfea40157df365d3,validation_008,1,7,1309009556,15,,
68,13.600000000000001,A,ramp,False,True,260.6000000000005,0.0,0,maintain,0.0,0.0,256.0000000000015,16.0,0,0,inactive-active,-0.09586763381958008,0.06103849411010742,-0.06292395293712616,1,0.06103849411010742,-0.06292395293712616,0.12396244704723358,0.1569061279296875,"[true, true, true]",False,False,False,65030,0,b63d9a6a59c92b71ebb27d6dbfb387c70df516f225f067e4dfea40157df365d3,validation_008,1,7,1309009556,15,,
68,13.600000000000001,B,mainline,True,False,256.0000000000015,16.0,0,maintain,0.0,0.0,260.6000000000005,0.0,0,0,inactive-active,-0.06446915119886398,-0.11009889096021652,-0.14100125432014465,0,-0.06446915119886398,-0.11009889096021652,0.04562973976135254,0.07653210312128067,"[true, true, true]",False,False,False,65030,0,b63d9a6a59c92b71ebb27d6dbfb387c70df516f225f067e4dfea40157df365d3,validation_008,1,7,1309009556,15,,
68,13.600000000000001,B_front,background_mainline,True,,260.0,0.0,,,,,,,,,,,,,,,,,,,,,,65030,0,b63d9a6a59c92b71ebb27d6dbfb387c70df516f225f067e4dfea40157df365d3,validation_008,1,7,1309009556,15,,
68,13.600000000000001,B_rear,background_mainline,True,,222.7911854409273,15.708505517128401,,,,,,,,,,,,,,,,,,,,,,65030,0,b63d9a6a59c92b71ebb27d6dbfb387c70df516f225f067e4dfea40157df365d3,validation_008,1,7,1309009556,15,,
69,13.8,A,ramp,False,True,260.6000000000005,0.0,0,maintain,0.0,0.0,259.2000000000015,16.0,0,0,inactive-active,-0.09611537307500839,0.062311552464962006,-0.0629197210073471,1,0.062311552464962006,-0.0629197210073471,0.1252312734723091,0.1584269255399704,"[true, true, true]",False,True,False,65030,0,b63d9a6a59c92b71ebb27d6dbfb387c70df516f225f067e4dfea40157df365d3,validation_008,1,7,1309009556,15,,
69,13.8,B,mainline,True,False,259.2000000000015,16.0,0,maintain,0.0,0.0,260.6000000000005,0.0,0,0,inactive-active,-0.0652095228433609,-0.11159489303827286,-0.1410522609949112,0,-0.0652095228433609,-0.11159489303827286,0.04638537019491196,0.07584273815155029,"[true, true, true]",False,True,False,65030,0,b63d9a6a59c92b71ebb27d6dbfb387c70df516f225f067e4dfea40157df365d3,validation_008,1,7,1309009556,15,,
69,13.8,B_front,background_mainline,True,,260.0,0.0,,,,,,,,,,,,,,,,,,,,,,65030,0,b63d9a6a59c92b71ebb27d6dbfb387c70df516f225f067e4dfea40157df365d3,validation_008,1,7,1309009556,15,,
69,13.8,B_rear,background_mainline,True,,225.94360652829513,15.848607350595106,,,,,,,,,,,,,,,,,,,,,,65030,0,b63d9a6a59c92b71ebb27d6dbfb387c70df516f225f067e4dfea40157df365d3,validation_008,1,7,1309009556,15,,
