seed,condition,regime,group,opp_worse,opp_better,yield_worse,yield_better,P_yield_given_worse,P_yield_given_better,RY,priority_pairs,priority_to_worse_off,P_priority_worse,burden_opp_worse,burden_opp_better,burden_event_worse,burden_event_better,rate_burden_worse,rate_burden_better,BC,worst_off_samples,recovery_n_k10,Recovery_k10,GapClosure_k10,recovery_n_k25,Recovery_k25,GapClosure_k25,recovery_n_k50,Recovery_k50,GapClosure_k50
900101,baseline,original,mainline-fast,0.0,35103.0,0.0,2186.0,nan,0.062273879725379594,nan,0.0,0.0,nan,0.0,35103.0,0.0,283.0,nan,0.00806198900378885,nan,0.0,0.0,nan,nan,0.0,nan,nan,0.0,nan,nan
900101,baseline,original,mainline-slow,0.0,35184.0,0.0,1754.0,nan,0.049852205547976355,nan,0.0,0.0,nan,0.0,35184.0,0.0,34.0,nan,0.0009663483401546157,nan,0.0,0.0,nan,nan,0.0,nan,nan,0.0,nan,nan
900101,baseline,original,ramp-fast,0.0,35528.0,0.0,1479.0,nan,0.04162913758162576,nan,0.0,0.0,nan,0.0,35528.0,0.0,136.0,nan,0.003827966674172484,nan,0.0,0.0,nan,nan,0.0,nan,nan,0.0,nan,nan
900101,baseline,original,ramp-slow,0.0,36336.0,0.0,1665.0,nan,0.0458223249669749,nan,0.0,0.0,nan,0.0,36336.0,0.0,39.0,nan,0.0010733157199471599,nan,0.0,0.0,nan,nan,0.0,nan,nan,0.0,nan,nan
900101,baseline,wsc,mainline-fast,0.0,26308.0,0.0,346.0,nan,0.013151892960316254,nan,0.0,0.0,nan,0.0,26308.0,0.0,79.0,nan,0.00300288885510111,nan,0.0,0.0,nan,nan,0.0,nan,nan,0.0,nan,nan
900101,baseline,wsc,mainline-slow,0.0,31585.0,0.0,231.0,nan,0.00731359822700649,nan,0.0,0.0,nan,0.0,31585.0,0.0,90.0,nan,0.0028494538546778533,nan,0.0,0.0,nan,nan,0.0,nan,nan,0.0,nan,nan
900101,baseline,wsc,ramp-fast,0.0,28569.0,0.0,207.0,nan,0.0072456158773495745,nan,0.0,0.0,nan,0.0,28569.0,0.0,31.0,nan,0.0010850922328397915,nan,0.0,0.0,nan,nan,0.0,nan,nan,0.0,nan,nan
900101,baseline,wsc,ramp-slow,0.0,31866.0,0.0,231.0,nan,0.0072491056298248915,nan,0.0,0.0,nan,0.0,31866.0,0.0,74.0,nan,0.0023222243143161993,nan,0.0,0.0,nan,nan,0.0,nan,nan,0.0,nan,nan
900101,mean,original,mainline-fast,0.0,35897.0,0.0,8850.0,nan,0.24653870797002536,nan,0.0,0.0,nan,0.0,35897.0,0.0,407.0,nan,0.01133799481850851,nan,0.0,0.0,nan,nan,0.0,nan,nan,0.0,nan,nan
900101,mean,original,mainline-slow,0.0,35575.0,0.0,7912.0,nan,0.2224033731553057,nan,0.0,0.0,nan,0.0,35575.0,0.0,51.0,nan,0.0014335910049191848,nan,0.0,0.0,nan,nan,0.0,nan,nan,0.0,nan,nan
900101,mean,original,ramp-fast,0.0,35891.0,0.0,9123.0,nan,0.25418628625560724,nan,0.0,0.0,nan,0.0,35891.0,0.0,404.0,nan,0.011256303808754285,nan,0.0,0.0,nan,nan,0.0,nan,nan,0.0,nan,nan
900101,mean,original,ramp-slow,0.0,36135.0,0.0,8392.0,nan,0.2322402103224021,nan,0.0,0.0,nan,0.0,36135.0,0.0,45.0,nan,0.0012453300124533001,nan,0.0,0.0,nan,nan,0.0,nan,nan,0.0,nan,nan
900101,mean,wsc,mainline-fast,1749.0,30607.0,122.0,2012.0,0.06975414522584333,0.06573659620348286,1.0611158662660969,0.0,0.0,nan,1749.0,30607.0,126.0,303.0,0.07204116638078903,0.009899696147940014,7.277108842959768,2065.0,2030.0,-0.00011267964439733761,0.0006663133384448873,1534.0,0.0011988456238476459,0.004114772491908168,330.0,0.00022513316910568795,0.0078086054691415855
900101,mean,wsc,mainline-slow,1460.0,30836.0,35.0,2965.0,0.023972602739726026,0.09615384615384616,0.24931506849315066,0.0,0.0,nan,1460.0,30836.0,4.0,154.0,0.0027397260273972603,0.004994162667012583,0.548585660914428,0.0,0.0,nan,nan,0.0,nan,nan,0.0,nan,nan
900101,mean,wsc,ramp-fast,2137.0,30254.0,236.0,1935.0,0.11043518951801591,0.06395848482845244,1.7266698830377536,0.0,0.0,nan,2137.0,30254.0,213.0,199.0,0.09967243799719233,0.006577642625768493,15.153215774708828,1715.0,1702.0,9.692454065634799e-05,0.0012999389613121818,1034.0,0.0002128701653558664,0.002215986816761258,233.0,-0.002489776806789259,0.004283337662516313
900101,mean,wsc,ramp-slow,1461.0,31466.0,50.0,2874.0,0.034223134839151265,0.09133668086188267,0.37469212277269787,0.0,0.0,nan,1461.0,31466.0,5.0,148.0,0.0034223134839151265,0.004703489480709337,0.7276115951680633,0.0,0.0,nan,nan,0.0,nan,nan,0.0,nan,nan
900101,ggi,original,mainline-fast,3971.0,27749.0,53.0,863.0,0.013346764039284816,0.03110021982774154,0.4291533665424268,70.0,0.0,0.0,3971.0,27749.0,33.0,111.0,0.008310249307479225,0.004000144149338715,2.077487459758928,715.0,712.0,0.010427750354214305,0.00794123050564702,517.0,0.023546374053859113,0.018096509794288465,61.0,0.05872769991146057,0.04873466573647648
900101,ggi,original,mainline-slow,6835.0,24335.0,233.0,4857.0,0.034089246525237746,0.19958906924183276,0.17079716166186135,0.0,0.0,nan,6835.0,24335.0,154.0,429.0,0.02253108997805413,0.017628929525374974,1.278074766004539,1382.0,1382.0,0.0027288765877997146,0.002714389574979284,965.0,0.006867301697243309,0.006445213468014883,135.0,0.017217081272744263,0.018897004925198087
900101,ggi,original,ramp-fast,2495.0,28649.0,104.0,863.0,0.04168336673346693,0.03012321546999895,1.3837621941449527,50.0,0.0,0.0,2495.0,28649.0,101.0,72.0,0.040480961923847696,0.002513176725191106,16.107487196615452,2049.0,2042.0,0.00766467215944382,0.005912359904656177,1429.0,0.01738744582295492,0.013379854328755034,108.0,0.05004831668123103,0.04148104693859583
900101,ggi,original,ramp-slow,7030.0,25713.0,224.0,4707.0,0.031863442389758176,0.18305915295764788,0.17406090804500784,0.0,0.0,nan,7030.0,25713.0,169.0,472.0,0.024039829302987197,0.018356473379224518,1.3096104467536223,1114.0,1114.0,0.0037958911702006205,0.003960195691370072,802.0,0.009231546994144621,0.009180945727685713,155.0,0.019200899515616772,0.020544434336787563
900101,ggi,wsc,mainline-fast,17.0,26325.0,0.0,589.0,0.0,0.02237416904083571,0.0,0.0,0.0,nan,17.0,26325.0,0.0,34.0,0.0,0.001291547958214625,0.0,0.0,0.0,nan,nan,0.0,nan,nan,0.0,nan,nan
900101,ggi,wsc,mainline-slow,0.0,30500.0,0.0,1572.0,nan,0.05154098360655738,nan,0.0,0.0,nan,0.0,30500.0,0.0,24.0,nan,0.0007868852459016393,nan,0.0,0.0,nan,nan,0.0,nan,nan,0.0,nan,nan
900101,ggi,wsc,ramp-fast,0.0,26528.0,0.0,430.0,nan,0.01620928829915561,nan,0.0,0.0,nan,0.0,26528.0,0.0,52.0,nan,0.0019601930036188178,nan,19.0,19.0,0.00017393886194502626,0.00017393886194502626,7.0,0.00036065689889308583,0.00036065689889308583,0.0,nan,nan
900101,ggi,wsc,ramp-slow,0.0,31248.0,0.0,1693.0,nan,0.0541794674859191,nan,0.0,0.0,nan,0.0,31248.0,0.0,51.0,nan,0.0016321044546850998,nan,0.0,0.0,nan,nan,0.0,nan,nan,0.0,nan,nan
900101,maximin,original,mainline-fast,3083.0,29816.0,102.0,350.0,0.03308465780084333,0.011738663804668634,2.8184347342569853,0.0,0.0,nan,3083.0,29816.0,20.0,42.0,0.006487187804086928,0.001408639656560236,4.605285513491807,384.0,368.0,0.0009110559737730429,0.00086061945365861,203.0,0.0021860325383648623,0.0020642297328126885,0.0,nan,nan
900101,maximin,original,mainline-slow,2431.0,30165.0,32.0,1882.0,0.01316330728095434,0.06239018730316592,0.2109836153719382,0.0,0.0,nan,2431.0,30165.0,8.0,176.0,0.003290826820238585,0.005834576495939002,0.5640215399573689,1162.0,1162.0,0.0009322933817780516,0.0008503228760400102,761.0,0.0020945648509609976,0.0018939002510194687,0.0,nan,nan
900101,maximin,original,ramp-fast,3153.0,29678.0,87.0,340.0,0.02759276879162702,0.011456297594177505,2.4085240946997257,11.0,0.0,0.0,3153.0,29678.0,6.0,39.0,0.0019029495718363464,0.001314104724038008,1.4480958305886946,628.0,614.0,0.000659833677470289,0.000659833677470289,397.0,0.0014491412538160456,0.0014491412538160456,2.0,0.0021385735186985055,0.0021385735186985055
900101,maximin,original,ramp-slow,3435.0,30030.0,51.0,1541.0,0.014847161572052401,0.05131535131535132,0.28933177288042417,0.0,0.0,nan,3435.0,30030.0,8.0,127.0,0.0023289665211062593,0.0042291042291042295,0.5506997214867793,607.0,607.0,0.0012807751480626028,0.0011762034120969675,390.0,0.002909690599494164,0.002660562904016509,0.0,nan,nan
900101,maximin,wsc,mainline-fast,747.0,29705.0,0.0,1608.0,0.0,0.054132300959434436,0.0,0.0,0.0,nan,747.0,29705.0,0.0,116.0,0.0,0.00390506648712338,0.0,269.0,231.0,0.0006715389643000832,0.0006715389643000832,126.0,0.0016110903153760095,0.0016110903153760095,0.0,nan,nan
900101,maximin,wsc,mainline-slow,1047.0,28908.0,1.0,529.0,0.0009551098376313276,0.018299432682994325,0.052193412450371304,0.0,0.0,nan,1047.0,28908.0,2.0,29.0,0.0019102196752626551,0.0010031825100318252,1.904159668016994,184.5,39.0,0.0013161900911652198,0.0014712364340780453,27.0,0.0031049415038843778,0.0034408240577605584,2.0,0.005093446108835886,0.005226556146013972
900101,maximin,wsc,ramp-fast,348.0,30371.0,0.0,712.0,0.0,0.023443416416976722,0.0,0.0,0.0,nan,348.0,30371.0,0.0,58.0,0.0,0.0019097165058773171,0.0,678.0,577.0,0.0005599451214688225,0.0005529809227560226,322.0,0.0013378944050843808,0.0013094290179259407,0.0,nan,nan
900101,maximin,wsc,ramp-slow,1008.0,31322.0,3.0,942.0,0.002976190476190476,0.03007470787306047,0.09895991305226973,0.0,0.0,nan,1008.0,31322.0,3.0,74.0,0.002976190476190476,0.002362556669433625,1.2597329472329473,229.5,375.0,0.0005516464060628399,0.0008683835457929365,281.0,0.0017354009032115227,0.00215364588212088,56.0,0.0019506596320271066,0.0035099295624747818
900102,baseline,original,mainline-fast,1611.0,31501.0,320.0,1961.0,0.19863438857852267,0.06225199200025396,3.190811766757798,102.0,0.0,0.0,1611.0,31501.0,329.0,442.0,0.2042209807572936,0.014031300593631947,14.554672205510196,2036.0,1974.0,0.0026933191527537424,0.0063517437041407075,1444.0,0.005663507229234421,0.013436142165231252,325.0,-0.014820168441749371,0.03219516461220669
900102,baseline,original,mainline-slow,4984.0,28101.0,390.0,2060.0,0.07825040128410915,0.07330699975089855,1.067434236157646,0.0,0.0,nan,4984.0,28101.0,238.0,619.0,0.047752808988764044,0.022027685847478738,2.1678540959503367,172.0,166.0,-0.0036999422536780555,-0.0035912135275508496,81.0,-0.0036979887568850613,-0.00020031394459031198,2.0,-0.027620693314270806,0.019670094267209837
900102,baseline,original,ramp-fast,2474.0,30475.0,274.0,1077.0,0.11075181891673404,0.03534044298605414,3.1338548574628318,108.0,0.0,0.0,2474.0,30475.0,287.0,297.0,0.11600646725949879,0.009745693191140279,11.903357204488975,1005.0,994.0,0.004352919268709768,0.007631108325134373,758.0,0.00991771033485163,0.01819008524559863,258.0,0.008800194671982066,0.03957766377290949
900102,baseline,original,ramp-slow,5186.0,28465.0,481.0,1744.0,0.09274971075973776,0.06126822413490251,1.5138305715458344,0.0,0.0,nan,5186.0,28465.0,290.0,275.0,0.05591978403393753,0.009660987177235202,5.788206009185569,473.0,458.0,-0.0019123953512043344,-0.0005634238241354361,203.0,-0.002258938041608876,0.0007973919999101648,3.0,-0.044110074839286785,-0.0025592022068940587
900102,baseline,wsc,mainline-fast,1242.0,33170.0,0.0,3355.0,0.0,0.10114561350618029,0.0,0.0,0.0,nan,1242.0,33170.0,0.0,400.0,0.0,0.012059089538739826,0.0,633.0,562.0,0.0006607087912241708,0.0006607087912241708,307.0,0.0016032996495679872,0.0016032996495679872,0.0,nan,nan
900102,baseline,wsc,mainline-slow,1742.0,32273.0,95.0,3228.0,0.05453501722158439,0.10002168995754965,0.5452319116456608,0.0,0.0,nan,1742.0,32273.0,4.0,172.0,0.002296211251435132,0.005329532426486537,0.4308466611486396,0.0,0.0,nan,nan,0.0,nan,nan,0.0,nan,nan
900102,baseline,wsc,ramp-fast,757.0,33637.0,0.0,2235.0,0.0,0.06644468888426436,0.0,0.0,0.0,nan,757.0,33637.0,0.0,252.0,0.0,0.007491750156078128,0.0,1075.0,943.0,0.0007173752513725104,0.0007173752513725104,523.0,0.0017452386250108956,0.0017452386250108956,0.0,nan,nan
900102,baseline,wsc,ramp-slow,1986.0,33156.0,50.0,2609.0,0.025176233635448138,0.07868862347689709,0.31994756704366367,0.0,0.0,nan,1986.0,33156.0,2.0,133.0,0.0010070493454179255,0.004011340330558571,0.2510505871930582,0.0,0.0,nan,nan,0.0,nan,nan,0.0,nan,nan
900102,mean,original,mainline-fast,3731.0,28160.0,278.0,854.0,0.07451085499865988,0.030326704545454546,2.4569387315717357,14.0,0.0,0.0,3731.0,28160.0,82.0,200.0,0.02197802197802198,0.007102272727272727,3.094505494505495,955.0,935.0,0.0164796316631282,0.012707891931327927,642.0,0.0468088496869287,0.03573770857652988,141.0,0.11064681152967361,0.10389512548101908
900102,mean,original,mainline-slow,4076.0,28115.0,1.0,1480.0,0.0002453385672227674,0.05264093900053352,0.0046606039307216926,12.0,12.0,1.0,4076.0,28115.0,1.0,159.0,0.0002453385672227674,0.005655344122354615,0.043381722122440916,104.0,100.0,0.006414517011129697,0.0026794698105637193,59.0,0.016228692351235106,0.006685751679206445,1.0,0.002069044352994931,0.002069044352994931
900102,mean,original,ramp-fast,2416.0,28736.0,259.0,591.0,0.1072019867549669,0.02056653674832962,5.2124471935545325,10.0,0.0,0.0,2416.0,28736.0,119.0,152.0,0.04925496688741722,0.005289532293986637,9.31178110840014,1958.0,1943.0,0.01841721815054181,0.015888749572057725,1362.0,0.04947858965295903,0.04204521843801203,285.0,0.10775740771886831,0.09667496022172523
900102,mean,original,ramp-slow,2274.0,29850.0,4.0,2178.0,0.001759014951627089,0.07296482412060301,0.024107711802602665,11.0,10.0,0.9090909090909091,2274.0,29850.0,4.0,199.0,0.001759014951627089,0.006666666666666667,0.2638522427440633,1255.0,1230.0,0.0009315688511375935,0.000666993956628605,801.0,0.0019679098642264416,0.0015203621584185655,17.0,0.00520682197923719,0.00520682197923719
900102,mean,wsc,mainline-fast,4193.0,27269.0,323.0,1965.0,0.07703315048891009,0.07205984817925117,1.0690162751562795,36.0,0.0,0.0,4193.0,27269.0,62.0,500.0,0.014786549010255187,0.01833583923136162,0.8064288099212973,2159.0,2021.0,0.0035713890566288486,0.0034179331503463115,1340.0,0.012164873855616924,0.01087230965143905,230.0,0.037962451594665464,0.03968527068189385
900102,mean,wsc,mainline-slow,5031.0,25716.0,803.0,1075.0,0.1596104154243689,0.0418027687043086,3.818178086560996,0.0,0.0,nan,5031.0,25716.0,65.0,41.0,0.012919896640826873,0.0015943381552340956,8.103611268670825,670.0,604.0,0.0009506869177523104,0.0008696903291157208,401.0,0.002873107884511766,0.002631541025119381,35.0,0.0015435460603260922,0.0005124287315522772
900102,mean,wsc,ramp-fast,3874.0,27170.0,483.0,1895.0,0.12467733608673207,0.06974604343025395,1.7875900904889237,20.0,0.0,0.0,3874.0,27170.0,161.0,395.0,0.04155911202891069,0.014538093485461907,2.858635629937983,2065.0,2038.0,0.006694691844603819,0.0069453677753889675,1421.0,0.018344048493998958,0.01787402928278169,218.0,0.03767928668829311,0.03841083206739363
900102,mean,wsc,ramp-slow,3645.0,27658.0,648.0,1834.0,0.17777777777777778,0.06630992841130956,2.681012964982431,0.0,0.0,nan,3645.0,27658.0,102.0,124.0,0.027983539094650206,0.004483332128136524,6.2416832603212535,858.0,916.0,-1.727568123712324e-05,0.000579160070549362,662.0,0.0020570095695773157,0.003058272058307374,156.0,-0.002115969507045553,0.0009128509168132628
900102,ggi,original,mainline-fast,339.0,31401.0,31.0,3450.0,0.09144542772861357,0.10986911244864814,0.832312427856868,0.0,0.0,nan,339.0,31401.0,7.0,188.0,0.02064896755162242,0.005987070475462565,3.44892675578987,610.0,610.0,-0.00046164008099592576,-0.00046164008099592576,251.0,-0.0011452143134256278,-0.0011452143134256278,0.0,nan,nan
900102,ggi,original,mainline-slow,144.0,32869.0,29.0,1700.0,0.2013888888888889,0.051720466092670905,3.893794934640523,5.0,5.0,1.0,144.0,32869.0,8.0,124.0,0.05555555555555555,0.0037725516444065835,14.72625448028674,176.0,175.0,0.0004094336329108707,0.0004094336329108707,100.0,0.0009753133987290319,0.0009753133987290319,0.0,nan,nan
900102,ggi,original,ramp-fast,869.0,30660.0,0.0,3616.0,0.0,0.11793868232224397,0.0,0.0,0.0,nan,869.0,30660.0,0.0,204.0,0.0,0.006653620352250489,0.0,0.0,0.0,nan,nan,0.0,nan,nan,0.0,nan,nan
900102,ggi,original,ramp-slow,237.0,33668.0,19.0,2188.0,0.08016877637130802,0.06498752524652489,1.2336025424447892,3.0,3.0,1.0,237.0,33668.0,6.0,100.0,0.02531645569620253,0.0029701793988356896,8.523544303797468,105.0,105.0,0.0003564537329579028,0.0003564537329579028,61.0,0.000843605699509934,0.000843605699509934,0.0,nan,nan
900102,ggi,wsc,mainline-fast,2324.0,35128.0,181.0,3006.0,0.07788296041308089,0.08557276246868595,0.910137269923721,99.0,0.0,0.0,2324.0,35128.0,132.0,703.0,0.05679862306368331,0.020012525620587567,2.8381536713813187,3584.5,3404.0,0.0038721641396927964,0.005215359670824376,2202.0,0.01121991099008788,0.013660258577228518,286.0,-0.0025831435964257477,0.020454562977284173
900102,ggi,wsc,mainline-slow,7981.0,29687.0,491.0,2355.0,0.061521112642526,0.07932765183413615,0.7755317499017705,0.0,0.0,nan,7981.0,29687.0,195.0,113.0,0.024433028442551057,0.0038063798969245797,6.418967392690383,255.0,255.0,-0.009419439507454792,0.003262111371438019,254.0,0.0141446224705728,0.017383183433269306,58.0,0.01017091733080903,0.025526625238549892
900102,ggi,wsc,ramp-fast,5211.0,30987.0,348.0,1710.0,0.0667818077144502,0.055184432181237295,1.2101566524255372,101.0,0.0,0.0,5211.0,30987.0,271.0,275.0,0.052005373248896564,0.008874689385871494,5.859965457685665,1490.5,1463.0,0.003133777992923772,0.0029463705645043537,976.0,0.008727006571323453,0.008391375286420337,148.0,-0.014455145956041611,0.006792993873467428
900102,ggi,wsc,ramp-slow,8548.0,28635.0,338.0,2717.0,0.039541413196069256,0.09488388335952505,0.4167347688146644,0.0,0.0,nan,8548.0,28635.0,166.0,102.0,0.01941974730931212,0.0035620743844944997,5.451808472570122,188.0,188.0,-0.002386591846999996,0.0030194621109490873,121.0,0.0038413193934329843,0.020920512838357105,13.0,-0.010589400472953314,0.1793534393509456
900102,maximin,original,mainline-fast,4010.0,27645.0,417.0,4682.0,0.10399002493765586,0.1693615482003979,0.6140120118328698,13.0,0.0,0.0,4010.0,27645.0,145.0,264.0,0.03615960099750624,0.009549647314161693,3.786485490818409,1493.0,1431.0,0.003141862890173989,0.003372538676385472,885.0,0.007837836499431499,0.009046047722017782,45.0,0.030336947571383374,0.029453338758931077
900102,maximin,original,mainline-slow,5361.0,26611.0,513.0,3491.0,0.09569110240626749,0.13118635150877456,0.7294287957986778,0.0,0.0,nan,5361.0,26611.0,25.0,254.0,0.004663309084126096,0.009544925031002217,0.4885642442428328,235.0,210.0,-0.009805299265112562,-0.008771239913964501,135.0,-0.014514203066004825,-0.011354638820158138,15.0,-0.051258814852589187,-0.03834306465908158
900102,maximin,original,ramp-fast,2034.0,29369.0,231.0,4160.0,0.11356932153392331,0.14164595321597603,0.8017830298388927,5.0,0.0,0.0,2034.0,29369.0,25.0,403.0,0.012291052114060964,0.013721951717797679,0.8957218598954254,2819.0,2778.0,0.003822656841600928,0.003731108455315889,1795.0,0.009156369460613762,0.009212468272853356,151.0,0.029826457417918797,0.0300943693443271
900102,maximin,original,ramp-slow,5197.0,27085.0,448.0,3993.0,0.08620357898787762,0.14742477386007016,0.5847292604274142,0.0,0.0,nan,5197.0,27085.0,24.0,233.0,0.004618048874350587,0.008602547535536275,0.5368234067029427,298.0,254.0,-0.013968084524938133,-0.01407399120053056,164.0,-0.025183853739019425,-0.02541398948993994,18.0,-0.07888689626596163,-0.07753980494324392
900102,maximin,wsc,mainline-fast,6.0,30567.0,2.0,1143.0,0.3333333333333333,0.037393267248994014,8.914260717410324,0.0,0.0,nan,6.0,30567.0,0.0,270.0,0.0,0.008833055255667877,0.0,0.0,0.0,nan,nan,0.0,nan,nan,0.0,nan,nan
900102,maximin,wsc,mainline-slow,0.0,31106.0,0.0,4951.0,nan,0.1591654343213528,nan,0.0,0.0,nan,0.0,31106.0,0.0,352.0,nan,0.011316144795216357,nan,0.0,0.0,nan,nan,0.0,nan,nan,0.0,nan,nan
900102,maximin,wsc,ramp-fast,0.0,30781.0,0.0,1331.0,nan,0.04324096033267275,nan,0.0,0.0,nan,0.0,30781.0,0.0,239.0,nan,0.007764530067249277,nan,6.0,0.0,nan,nan,0.0,nan,nan,0.0,nan,nan
900102,maximin,wsc,ramp-slow,0.0,31396.0,0.0,4572.0,nan,0.14562364632437252,nan,0.0,0.0,nan,0.0,31396.0,0.0,361.0,nan,0.011498280035673334,nan,0.0,0.0,nan,nan,0.0,nan,nan,0.0,nan,nan
900103,baseline,original,mainline-fast,0.0,28665.0,0.0,0.0,nan,0.0,nan,0.0,0.0,nan,0.0,28665.0,0.0,0.0,nan,0.0,nan,0.0,0.0,nan,nan,0.0,nan,nan,0.0,nan,nan
900103,baseline,original,mainline-slow,0.0,33262.0,0.0,3.0,nan,9.019301304792256e-05,nan,0.0,0.0,nan,0.0,33262.0,0.0,0.0,nan,0.0,nan,0.0,0.0,nan,nan,0.0,nan,nan,0.0,nan,nan
900103,baseline,original,ramp-fast,0.0,27774.0,0.0,0.0,nan,0.0,nan,0.0,0.0,nan,0.0,27774.0,0.0,0.0,nan,0.0,nan,0.0,0.0,nan,nan,0.0,nan,nan,0.0,nan,nan
900103,baseline,original,ramp-slow,0.0,33637.0,0.0,0.0,nan,0.0,nan,0.0,0.0,nan,0.0,33637.0,0.0,0.0,nan,0.0,nan,0.0,0.0,nan,nan,0.0,nan,nan,0.0,nan,nan
900103,baseline,wsc,mainline-fast,4846.0,25360.0,44.0,44.0,0.009079653322327692,0.0017350157728706626,5.2331820057779606,0.0,0.0,nan,4846.0,25360.0,36.0,0.0,0.007428807263722658,0.0,nan,53.0,53.0,0.0037692583548347472,0.0035635537399328417,41.0,0.020036342829064333,0.019312333963423196,16.0,0.02918157769135784,0.028373682735453952
900103,baseline,wsc,mainline-slow,1685.0,31299.0,0.0,141.0,0.0,0.004504936259944407,0.0,0.0,0.0,nan,1685.0,31299.0,0.0,36.0,0.0,0.0011501964919006997,0.0,1870.0,1765.0,0.006835295635559732,0.006835295635559732,1225.0,0.015772415041764767,0.015772415041764767,325.0,0.03470805596759596,0.03470805596759596
900103,baseline,wsc,ramp-fast,3548.0,27491.0,0.0,0.0,0.0,0.0,nan,0.0,0.0,nan,3548.0,27491.0,0.0,0.0,0.0,0.0,nan,0.0,0.0,nan,nan,0.0,nan,nan,0.0,nan,nan
900103,baseline,wsc,ramp-slow,1045.0,33476.0,0.0,279.0,0.0,0.008334329071573665,0.0,0.0,0.0,nan,1045.0,33476.0,0.0,72.0,0.0,0.0021507945991157845,0.0,3960.0,3637.0,0.008346643946931846,0.012346880173843387,2572.0,0.023285795987141304,0.028506101716067125,797.0,0.043679977862138016,0.06413461870008436
900103,mean,original,mainline-fast,1223.0,27449.0,0.0,0.0,0.0,0.0,nan,0.0,0.0,nan,1223.0,27449.0,0.0,0.0,0.0,0.0,nan,0.0,0.0,nan,nan,0.0,nan,nan,0.0,nan,nan
900103,mean,original,mainline-slow,871.0,29824.0,0.0,9.0,0.0,0.00030177038626609445,0.0,0.0,0.0,nan,871.0,29824.0,0.0,3.0,0.0,0.0001005901287553648,0.0,119.0,119.0,0.0006953379516060166,0.0006953379516060166,76.0,0.0016146444395447527,0.0016146444395447527,1.0,0.003882549742227126,0.003882549742227126
900103,mean,original,ramp-fast,494.0,26657.0,0.0,0.0,0.0,0.0,nan,0.0,0.0,nan,494.0,26657.0,0.0,0.0,0.0,0.0,nan,0.0,0.0,nan,nan,0.0,nan,nan,0.0,nan,nan
900103,mean,original,ramp-slow,123.0,32324.0,0.0,75.0,0.0,0.0023202573938868954,0.0,0.0,0.0,nan,123.0,32324.0,0.0,24.0,0.0,0.0007424823660438064,0.0,951.0,951.0,0.0013920993204616307,0.0013920993204616307,611.0,0.0032199128700925394,0.0032199128700925394,12.0,0.007622597097054003,0.007622597097054003
900103,mean,wsc,mainline-fast,1268.0,28649.0,484.0,2705.0,0.38170347003154576,0.09441865335613808,4.042670134171443,0.0,0.0,nan,1268.0,28649.0,77.0,57.0,0.06072555205047318,0.0019895982407762925,30.52151474901765,544.0,488.0,-0.04049562279410395,0.00945363703367294,420.0,-0.09769849417297638,0.0196549945899131,320.0,-0.18769334330065315,0.02816958784742421
900103,mean,wsc,mainline-slow,2000.0,32828.0,357.0,1170.0,0.1785,0.03564030705495309,5.0083743589743595,0.0,0.0,nan,2000.0,32828.0,12.0,18.0,0.006,0.0005483124162300475,10.942666666666668,363.0,213.0,-0.056821389299484944,-0.03620357845494457,122.0,-0.1529093505306103,-0.011524809373721027,122.0,-0.32477504938325796,0.07655850385975435
900103,mean,wsc,ramp-fast,1435.0,27856.0,664.0,2274.0,0.4627177700348432,0.08163411832280298,5.6681909419923455,0.0,0.0,nan,1435.0,27856.0,136.0,106.0,0.09477351916376307,0.0038052843193566916,24.90576556439419,420.0,390.0,-0.04007454163129349,0.00765153781646895,324.0,-0.10060493219721087,0.025600408263487563,249.0,-0.19283614977587815,0.03876255080600416
900103,mean,wsc,ramp-slow,1386.0,33359.0,80.0,1722.0,0.05772005772005772,0.05162025240564765,1.1181669021390275,0.0,0.0,nan,1386.0,33359.0,2.0,44.0,0.001443001443001443,0.00131898438202584,1.0940246622064804,540.0,276.0,-0.0506317434596174,-0.032024697918903604,85.0,-0.12776713122764644,-0.02645099646792956,85.0,-0.2990809073718974,0.09039597345073998
900103,ggi,original,mainline-fast,4487.0,27155.0,24.0,5079.0,0.005348785379986628,0.1870373780150985,0.028597414253502044,0.0,0.0,nan,4487.0,27155.0,4.0,461.0,0.0008914642299977714,0.016976615724544283,0.052511304046831846,0.0,0.0,nan,nan,0.0,nan,nan,0.0,nan,nan
900103,ggi,original,mainline-slow,1170.0,24997.0,357.0,4550.0,0.30512820512820515,0.18202184262111454,1.6763274161735702,0.0,0.0,nan,1170.0,24997.0,2.0,432.0,0.0017094017094017094,0.017282073848861865,0.09891183918961696,2524.0,2484.0,0.001744863809316493,0.001746567317919296,1536.0,0.004008850542478737,0.004010706397098174,0.0,nan,nan
900103,ggi,original,ramp-fast,3885.0,27815.0,77.0,5705.0,0.01981981981981982,0.20510515908682367,0.09663247822757023,0.0,0.0,nan,3885.0,27815.0,1.0,489.0,0.0002574002574002574,0.017580442207442027,0.014641284579934886,67.0,65.0,0.0003550394101443114,0.0003530883626573141,35.0,0.0009393025568313673,0.0009343725031769009,0.0,nan,nan
900103,ggi,original,ramp-slow,1247.0,28419.0,221.0,4673.0,0.17722534081796312,0.16443224603258383,1.0778016179554235,0.0,0.0,nan,1247.0,28419.0,0.0,358.0,0.0,0.012597206094514233,0.0,2865.0,2840.0,0.001490967624055703,0.0015001799077481043,1783.0,0.003414779775082507,0.003429453294816898,0.0,nan,nan
900103,ggi,wsc,mainline-fast,4777.0,22904.0,207.0,762.0,0.04333263554532133,0.03326929793922459,1.3024812132940153,0.0,0.0,nan,4777.0,22904.0,153.0,23.0,0.03202846975088968,0.0010041914076143906,31.89478570323379,0.0,0.0,nan,nan,0.0,nan,nan,0.0,nan,nan
900103,ggi,wsc,mainline-slow,4196.0,27978.0,0.0,1728.0,0.0,0.06176281363928801,0.0,72.0,72.0,1.0,4196.0,27978.0,0.0,347.0,0.0,0.012402602044463506,0.0,3163.0,2951.0,0.007135494959050167,0.007135494959050167,1811.0,0.016792296877531834,0.016792296877531834,0.0,nan,nan
900103,ggi,wsc,ramp-fast,5333.0,22971.0,0.0,525.0,0.0,0.02285490400940316,0.0,3.0,0.0,0.0,5333.0,22971.0,0.0,113.0,0.0,0.004919246005833442,0.0,123.0,123.0,0.0060870528790362855,0.0060870528790362855,80.0,0.014021737615709889,0.014021737615709889,5.0,0.032992165376777696,0.032992165376777696
900103,ggi,wsc,ramp-slow,4390.0,28990.0,429.0,1207.0,0.09772209567198177,0.041635046567782,2.3471114776559663,0.0,0.0,nan,4390.0,28990.0,73.0,116.0,0.01662870159453303,0.004001379786133149,4.155741889875108,3390.0,3353.0,0.010307566132998772,0.010307566132998772,2492.0,0.022041113186753454,0.022041113186753454,669.0,0.03821055437501797,0.03821055437501797
900103,maximin,original,mainline-fast,7865.0,21555.0,6.0,558.0,0.0007628734901462174,0.025887265135699375,0.029469064659680494,9.0,0.0,0.0,7865.0,21555.0,3.0,179.0,0.0003814367450731087,0.00830433774066342,0.04593222927402714,5670.5,5398.0,0.0090754093586736,0.008652937101877792,3583.0,0.02709545700277191,0.025681280423161642,662.0,0.09451802682778694,0.09164415355777578
900103,maximin,original,mainline-slow,7021.0,24322.0,765.0,2179.0,0.1089588377723971,0.08958967190198175,1.2161986472236082,0.0,0.0,nan,7021.0,24322.0,389.0,227.0,0.055405212932630676,0.009333114053120631,5.936412286112085,2215.0,2180.0,0.006261901963085229,0.004233315441879853,1528.0,0.01421557530627093,0.009382534563408004,303.0,0.0316563644714354,0.02021923781990897
900103,maximin,original,ramp-fast,10383.0,18774.0,5.0,559.0,0.00048155639025329865,0.029775221050388836,0.01617305844475032,44.0,0.0,0.0,10383.0,18774.0,2.0,215.0,0.00019262255610131947,0.011452008096303399,0.016819980782540333,2915.5,2870.0,0.0044092281531422604,0.004110400624776193,1894.0,0.013250070757910314,0.011990253862938092,261.0,0.06052871387169671,0.05488828646929369
900103,maximin,original,ramp-slow,11576.0,20446.0,480.0,1531.0,0.0414651002073255,0.07488017216081386,0.553752736015008,0.0,0.0,nan,11576.0,20446.0,279.0,142.0,0.024101589495507947,0.0069451237405849554,3.4702894283461654,916.0,906.0,0.006189673756105478,0.004563012579309218,654.0,0.013845667238949042,0.010091833481939509,154.0,0.029818362256161433,0.021689609025357368
900103,maximin,wsc,mainline-fast,771.0,33340.0,42.0,843.0,0.054474708171206226,0.02528494301139772,2.1544327051340635,3.0,0.0,0.0,771.0,33340.0,43.0,79.0,0.055771725032425425,0.002369526094781044,23.53707990608941,1828.0,1700.0,-0.003087359223664524,-0.0032380736254802064,1207.0,0.004221099329389367,0.003922262589468792,296.0,-0.01165710841614433,-0.011741486769192806
900103,maximin,wsc,mainline-slow,3241.0,32134.0,24.0,13.0,0.007405121875964209,0.00040455592207630547,18.304322027864146,0.0,0.0,nan,3241.0,32134.0,0.0,0.0,0.0,0.0,nan,0.0,0.0,nan,nan,0.0,nan,nan,0.0,nan,nan
900103,maximin,wsc,ramp-fast,1858.0,30391.0,32.0,1440.0,0.017222820236813777,0.04738244875127505,0.3634852290395885,7.0,0.0,0.0,1858.0,30391.0,23.0,83.0,0.012378902045209902,0.0027310716988582146,4.53261701272258,739.0,685.0,-0.0021154698499800243,-0.0021849633457353573,463.0,0.005051720595146147,0.004698547814944925,68.0,-0.011043160892090774,-0.010190509439854986
900103,maximin,wsc,ramp-slow,706.0,32619.0,0.0,1.0,0.0,3.06569790612833e-05,0.0,0.0,0.0,nan,706.0,32619.0,2.0,0.0,0.0028328611898017,0.0,nan,0.0,0.0,nan,nan,0.0,nan,nan,0.0,nan,nan
900104,baseline,original,mainline-fast,1241.0,28689.0,67.0,337.0,0.053988718775181306,0.011746662483878838,4.596090068074708,0.0,0.0,nan,1241.0,28689.0,33.0,59.0,0.0265914585012087,0.0020565373488096485,12.930209371884345,1696.0,1691.0,0.0023750761911669744,0.002352500188952941,1150.0,0.007383807303621037,0.0074258441325988096,148.0,0.005551369572167728,0.006005345600507912
900104,baseline,original,mainline-slow,3380.0,30690.0,36.0,320.0,0.010650887573964497,0.010426849136526556,1.0214866863905325,3.0,3.0,1.0,3380.0,30690.0,2.0,36.0,0.000591715976331361,0.0011730205278592375,0.5044378698224852,91.0,91.0,0.0006037323995847154,0.0011314828546808266,64.0,0.0019029569006288431,0.003144131322622713,11.0,0.0013849892886651303,0.0013849892886651303
900104,baseline,original,ramp-fast,1668.0,27816.0,29.0,353.0,0.01738609112709832,0.012690537819959736,1.3700042798622292,0.0,0.0,nan,1668.0,27816.0,22.0,125.0,0.013189448441247002,0.004493816508484325,2.935021582733813,1122.0,1114.0,0.0028217356174664123,0.002927761762128168,755.0,0.007992470725536664,0.00786278165166496,90.0,0.009986267858088815,0.010051350017558
900104,baseline,original,ramp-slow,2834.0,31152.0,88.0,534.0,0.031051517290049402,0.01714175654853621,1.8114548064037808,0.0,0.0,nan,2834.0,31152.0,17.0,56.0,0.005998588567395907,0.0017976373908577298,3.336929125919952,185.0,185.0,-0.0003811637288181995,0.0005380055784377935,131.0,0.0012989758200178444,0.0032457926056014604,31.0,0.0021920478497330542,0.02210074224142178
900104,baseline,wsc,mainline-fast,6429.0,26942.0,371.0,1562.0,0.05770726396018043,0.05797639373468933,0.9953579421351992,0.0,0.0,nan,6429.0,26942.0,51.0,131.0,0.007932804479701353,0.004862296785687774,1.6314932694054494,1298.5,1179.0,0.0202385791267018,0.02087168152446451,804.0,0.05581540095355016,0.05379316689845122,155.0,0.124173397566197,0.13171260940267152
900104,baseline,wsc,mainline-slow,4828.0,27113.0,771.0,5488.0,0.15969345484672742,0.20241212702393685,0.7889520118912756,0.0,0.0,nan,4828.0,27113.0,118.0,132.0,0.02444076222038111,0.0048685132593220964,5.02016959152419,1498.0,1483.0,0.00018345681022557367,0.0002856338925416207,994.0,0.0013832857831636593,0.0016172248540294403,13.0,-0.017960405374073063,-0.005672529192937037
900104,baseline,wsc,ramp-fast,6714.0,26351.0,799.0,1658.0,0.11900506404527852,0.06291981328981823,1.8913766240392846,0.0,0.0,nan,6714.0,26351.0,141.0,151.0,0.02100089365504915,0.005730332814693939,3.664864560954968,1130.5,1126.0,0.005636171308349187,0.008242654170616537,764.0,0.016529754875785004,0.02304895890999076,143.0,0.006753745019034218,0.046046997814542696
900104,baseline,wsc,ramp-slow,3529.0,29288.0,354.0,5497.0,0.1003117030320204,0.187687790221251,0.5344604617794823,2.0,2.0,1.0,3529.0,29288.0,51.0,240.0,0.014451686030036838,0.00819448238186288,1.763587418532162,2159.0,2153.0,1.8092279634245134e-05,0.0004080433626992374,1438.0,0.0004128382630678402,0.0014394135990553026,13.0,-0.046077543987468786,-0.03236801168233393
900104,mean,original,mainline-fast,0.0,30250.0,0.0,2347.0,nan,0.07758677685950413,nan,0.0,0.0,nan,0.0,30250.0,0.0,635.0,nan,0.02099173553719008,nan,0.0,0.0,nan,nan,0.0,nan,nan,0.0,nan,nan
900104,mean,original,mainline-slow,0.0,32322.0,0.0,2263.0,nan,0.07001423179258709,nan,0.0,0.0,nan,0.0,32322.0,0.0,295.0,nan,0.009126910463461419,nan,0.0,0.0,nan,nan,0.0,nan,nan,0.0,nan,nan
900104,mean,original,ramp-fast,0.0,31102.0,0.0,2235.0,nan,0.07186033052536814,nan,0.0,0.0,nan,0.0,31102.0,0.0,577.0,nan,0.018551861616616296,nan,0.0,0.0,nan,nan,0.0,nan,nan,0.0,nan,nan
900104,mean,original,ramp-slow,0.0,33749.0,0.0,1853.0,nan,0.05490533052831195,nan,0.0,0.0,nan,0.0,33749.0,0.0,234.0,nan,0.006933538771519156,nan,0.0,0.0,nan,nan,0.0,nan,nan,0.0,nan,nan
900104,mean,wsc,mainline-fast,5197.0,19498.0,113.0,2914.0,0.021743313450067348,0.1494512257667453,0.1454876889668542,55.0,0.0,0.0,5197.0,19498.0,16.0,315.0,0.003078699249567058,0.016155503128526004,0.1905665967239952,1700.0,1551.0,0.0007490203042283366,0.0006641570389624064,1047.0,0.0016554772689467334,0.0014976709808602765,33.0,0.004071091315554878,0.0039040795998650985
900104,mean,wsc,mainline-slow,2535.0,23225.0,341.0,4492.0,0.13451676528599604,0.19341227125941873,0.6954924028867449,0.0,0.0,nan,2535.0,23225.0,45.0,366.0,0.01775147928994083,0.015758880516684608,1.126442913958677,2330.0,2321.0,0.013432631959683985,0.013432631959683985,1563.0,0.03041833387843424,0.03041833387843424,163.0,0.07136862227321662,0.07136862227321662
900104,mean,wsc,ramp-fast,6537.0,19565.0,41.0,1769.0,0.006271990209576258,0.09041656018400204,0.06936771534785725,84.0,0.0,0.0,6537.0,19565.0,1.0,158.0,0.0001529753709652746,0.00807564528494761,0.018942804638832897,347.0,433.0,0.0007007499428861103,0.0005529792718693181,266.0,0.0015751677960190124,0.0013004721669289483,7.0,0.0033907346306834957,0.0032004172249734237
900104,mean,wsc,ramp-slow,2288.0,24238.0,222.0,5776.0,0.09702797202797203,0.23830349038699564,0.40716135491931893,0.0,0.0,nan,2288.0,24238.0,59.0,472.0,0.025786713286713288,0.019473553923591055,1.3241914335664335,2943.0,2937.0,0.010002870088496511,0.010002870088496511,2007.0,0.022466799950816217,0.022466799950816217,207.0,0.052206641595319715,0.052206641595319715
900104,ggi,original,mainline-fast,132.0,29720.0,0.0,1902.0,0.0,0.06399730820995962,0.0,0.0,0.0,nan,132.0,29720.0,0.0,113.0,0.0,0.0038021534320323014,0.0,0.0,0.0,nan,nan,0.0,nan,nan,0.0,nan,nan
900104,ggi,original,mainline-slow,150.0,31098.0,0.0,1732.0,0.0,0.05569489999356872,0.0,0.0,0.0,nan,150.0,31098.0,0.0,373.0,0.0,0.011994340472056081,0.0,0.0,0.0,nan,nan,0.0,nan,nan,0.0,nan,nan
900104,ggi,original,ramp-fast,0.0,30018.0,0.0,2047.0,nan,0.06819241788260377,nan,0.0,0.0,nan,0.0,30018.0,0.0,126.0,nan,0.004197481511093344,nan,114.0,101.0,0.0003665422924717393,0.0003665422924717393,56.0,0.0008765702972238657,0.0008765702972238657,0.0,nan,nan
900104,ggi,original,ramp-slow,119.0,32176.0,6.0,1480.0,0.05042016806722689,0.0459970164097464,1.0961617079264137,0.0,0.0,nan,119.0,32176.0,6.0,382.0,0.05042016806722689,0.011872202884137244,4.2469092348981485,0.0,0.0,nan,nan,0.0,nan,nan,0.0,nan,nan
900104,ggi,wsc,mainline-fast,170.0,31725.0,17.0,6954.0,0.1,0.21919621749408982,0.4562122519413288,0.0,0.0,nan,170.0,31725.0,0.0,108.0,0.0,0.003404255319148936,0.0,34.0,33.0,-0.023339818406127366,-0.023339818406127366,0.0,nan,nan,0.0,nan,nan
900104,ggi,wsc,mainline-slow,2331.0,29758.0,0.0,4695.0,0.0,0.1577726997782109,0.0,0.0,0.0,nan,2331.0,29758.0,0.0,70.0,0.0,0.002352308622891323,0.0,723.0,463.0,0.0005415437788035561,0.0035603872502104304,301.0,0.00958767515501933,0.018114116928679064,31.0,-0.0206354995981426,-0.016535046833104364
900104,ggi,wsc,ramp-fast,311.0,32031.0,2.0,6226.0,0.006430868167202572,0.19437419999375605,0.03308498847794179,0.0,0.0,nan,311.0,32031.0,0.0,183.0,0.0,0.005713215322656177,0.0,39.0,37.0,-0.026249313262577744,-0.026249313262577744,0.0,nan,nan,0.0,nan,nan
900104,ggi,wsc,ramp-slow,414.0,32355.0,1.0,6277.0,0.0024154589371980675,0.19400401792613198,0.012450561400835346,0.0,0.0,nan,414.0,32355.0,2.0,113.0,0.004830917874396135,0.003492505022407665,1.3832243170450171,2961.0,3101.0,-0.005697604469079464,-0.001309447261136281,2223.0,-0.0014296145032112002,0.011697149193894352,668.0,-0.025709919960539496,0.0130151801942506
900104,maximin,original,mainline-fast,1354.0,21451.0,403.0,451.0,0.29763663220088626,0.021024660854971795,14.156548552862997,1.0,0.0,0.0,1354.0,21451.0,2.0,46.0,0.0014771048744460858,0.002144422171460538,0.6888125361248475,1907.0,1511.0,-0.01061099313433881,-0.01061099313433881,961.0,-0.024090006212020867,-0.024090006212020867,50.0,-0.13299232658263535,-0.13299232658263535
900104,maximin,original,mainline-slow,1435.0,35417.0,1123.0,9339.0,0.7825783972125435,0.26368693000536464,2.9678315766224066,0.0,0.0,nan,1435.0,35417.0,7.0,74.0,0.004878048780487805,0.0020893920998390604,2.334673698088332,2108.5,993.0,-0.04699677530827293,-0.006464965412875697,858.0,-0.11744333222720989,-0.004621736367171211,643.0,-0.21723432920723673,0.05330081232222625
900104,maximin,original,ramp-fast,1563.0,23601.0,90.0,882.0,0.05758157389635317,0.03737129782636329,1.54079674096126,0.0,0.0,nan,1563.0,23601.0,5.0,29.0,0.003198976327575176,0.0012287614931570695,2.603415183003508,1160.0,1026.0,-0.03336115677576691,-0.01311518037103315,771.0,-0.08931514963121781,-0.02544730944387113,346.0,-0.2300228956063633,0.02889001720899254
900104,maximin,original,ramp-slow,1101.0,36273.0,906.0,9713.0,0.8228882833787466,0.2677749290105588,3.0730594772981856,0.0,0.0,nan,1101.0,36273.0,6.0,75.0,0.005449591280653951,0.0020676536266644612,2.6356403269754765,2362.5,3276.0,-0.0794659868635779,0.0009679490164616809,3096.0,-0.1930759620339597,0.022795834442972857,2823.0,-0.33323994618075664,0.11969278520032803
900104,maximin,wsc,mainline-fast,90.0,34954.0,0.0,7261.0,0.0,0.20773015963838187,0.0,0.0,0.0,nan,90.0,34954.0,0.0,446.0,0.0,0.012759626938261716,0.0,0.0,0.0,nan,nan,0.0,nan,nan,0.0,nan,nan
900104,maximin,wsc,mainline-slow,153.0,35123.0,27.0,4786.0,0.17647058823529413,0.1362639865615124,1.295064034807404,0.0,0.0,nan,153.0,35123.0,6.0,335.0,0.0392156862745098,0.00953790963186516,4.111559847819724,31.0,28.0,-0.04658140202497433,-0.014558627346968738,22.0,-0.09311376879863675,-0.027963711805219248,0.0,nan,nan
900104,maximin,wsc,ramp-fast,4.0,35185.0,0.0,6001.0,0.0,0.1705556345033395,0.0,0.0,0.0,nan,4.0,35185.0,0.0,386.0,0.0,0.010970584055705557,0.0,95.0,95.0,0.00011023714670579505,0.000995818162839793,58.0,0.00025304432411323545,0.008050943896526122,0.0,nan,nan
900104,maximin,wsc,ramp-slow,121.0,35524.0,26.0,5639.0,0.21487603305785125,0.15873775475734714,1.353654229180193,0.0,0.0,nan,121.0,35524.0,1.0,338.0,0.008264462809917356,0.009514694291183425,0.8685999315369946,84.0,74.0,-0.05502458599465791,-0.042943160071557254,44.0,-0.1523807675967667,-0.11503597796455366,1.0,-0.2523913758178551,-0.17912785722520663
910101,baseline,original,mainline-fast,177.0,31882.0,0.0,1984.0,0.0,0.062229471174957654,0.0,0.0,0.0,nan,177.0,31882.0,0.0,99.0,0.0,0.003105200426572988,0.0,44.0,0.0,nan,nan,0.0,nan,nan,0.0,nan,nan
910101,baseline,original,mainline-slow,0.0,32473.0,0.0,5467.0,nan,0.16835524897607243,nan,0.0,0.0,nan,0.0,32473.0,0.0,200.0,nan,0.006158962830659317,nan,0.0,0.0,nan,nan,0.0,nan,nan,0.0,nan,nan
910101,baseline,original,ramp-fast,0.0,32033.0,0.0,1763.0,nan,0.05503699310086473,nan,0.0,0.0,nan,0.0,32033.0,0.0,110.0,nan,0.003433958730059626,nan,232.0,276.0,-0.0023321106629456555,0.00019652250055686177,185.0,-0.002730127482782259,0.003370684912311381,0.0,nan,nan
910101,baseline,original,ramp-slow,0.0,33009.0,0.0,6266.0,nan,0.18982701687418582,nan,0.0,0.0,nan,0.0,33009.0,0.0,183.0,nan,0.005543942561119695,nan,0.0,0.0,nan,nan,0.0,nan,nan,0.0,nan,nan
910101,baseline,wsc,mainline-fast,156.0,25546.0,0.0,621.0,0.0,0.024309089485633758,0.0,0.0,0.0,nan,156.0,25546.0,0.0,59.0,0.0,0.0023095592264933845,0.0,80.0,68.0,0.0006655971884723013,0.0006655971884723013,38.0,0.0015902414459147273,0.0015902414459147273,0.0,nan,nan
910101,baseline,wsc,mainline-slow,217.0,29159.0,0.0,411.0,0.0,0.014095133577969066,0.0,0.0,0.0,nan,217.0,29159.0,0.0,37.0,0.0,0.0012689049693062177,0.0,0.0,0.0,nan,nan,0.0,nan,nan,0.0,nan,nan
910101,baseline,wsc,ramp-fast,88.0,26497.0,0.0,748.0,0.0,0.028229610899347096,0.0,0.0,0.0,nan,88.0,26497.0,0.0,66.0,0.0,0.002490848020530626,0.0,152.0,135.0,0.0005446549238838883,0.0005446549238838883,75.0,0.0013150044551990343,0.0013150044551990343,0.0,nan,nan
910101,baseline,wsc,ramp-slow,241.0,29969.0,0.0,346.0,0.0,0.01154526343888685,0.0,0.0,0.0,nan,241.0,29969.0,0.0,39.0,0.0,0.0013013447228803097,0.0,0.0,0.0,nan,nan,0.0,nan,nan,0.0,nan,nan
910101,mean,original,mainline-fast,0.0,36350.0,0.0,2040.0,nan,0.056121045392022006,nan,0.0,0.0,nan,0.0,36350.0,0.0,97.0,nan,0.002668500687757909,nan,734.0,725.0,0.0007258732225877423,0.0007258732225877423,410.0,0.0017329534575639413,0.0017329534575639413,0.0,nan,nan
910101,mean,original,mainline-slow,1063.0,35748.0,93.0,3894.0,0.08748824082784572,0.10892917086270561,0.8031663156429966,0.0,0.0,nan,1063.0,35748.0,0.0,198.0,0.0,0.0055387713997985906,0.0,0.0,0.0,nan,nan,0.0,nan,nan,0.0,nan,nan
910101,mean,original,ramp-fast,960.0,35356.0,0.0,2086.0,0.0,0.05899988686502998,0.0,0.0,0.0,nan,960.0,35356.0,0.0,116.0,0.0,0.0032809141305577554,0.0,0.0,0.0,nan,nan,0.0,nan,nan,0.0,nan,nan
910101,mean,original,ramp-slow,1112.0,36183.0,186.0,3116.0,0.1672661870503597,0.08611779012243319,1.9422953934669978,0.0,0.0,nan,1112.0,36183.0,49.0,145.0,0.044064748201438846,0.004007406793245447,10.995826097742496,0.0,0.0,nan,nan,0.0,nan,nan,0.0,nan,nan
910101,mean,wsc,mainline-fast,1627.0,33966.0,132.0,6979.0,0.08113091579594345,0.20547017605841136,0.39485494854922126,50.0,0.0,0.0,1627.0,33966.0,17.0,826.0,0.010448678549477565,0.024318436083141964,0.42966079371858956,1698.5,1539.0,-0.02169953698415642,0.0017591387327373239,1194.0,-0.057487375494676925,0.02353476644952821,572.0,-0.1548642279227433,0.07095450206951845
910101,mean,wsc,mainline-slow,2510.0,32204.0,290.0,1505.0,0.11553784860557768,0.046733325052788474,2.4722796521554975,0.0,0.0,nan,2510.0,32204.0,47.0,57.0,0.018725099601593624,0.0017699664637933175,10.579352764381072,55.0,19.0,-0.017550903216339512,-0.027324128978922103,0.0,nan,nan,0.0,nan,nan
910101,mean,wsc,ramp-fast,1997.0,33612.0,361.0,5822.0,0.18077115673510266,0.1732119481137689,1.043641380999703,49.0,0.0,0.0,1997.0,33612.0,12.0,726.0,0.006009013520280421,0.021599428775437343,0.2782024276083547,1469.5,1518.0,-0.007062507107453294,0.004369498364166382,1105.0,-0.029650029741535435,-0.002119009012481651,352.0,-0.18113619920012156,0.03612882889517076
910101,mean,wsc,ramp-slow,2589.0,32617.0,310.0,1445.0,0.11973735032831209,0.04430205107765889,2.702749588691042,0.0,0.0,nan,2589.0,32617.0,50.0,54.0,0.019312475859405175,0.0016555783793727197,11.665093057522567,17.0,28.0,-0.08300026699453669,0.004057215742881014,28.0,-0.20055030827306305,0.04342737463354905,28.0,-0.32468453620733323,0.05507232283364716
910101,ggi,original,mainline-fast,2331.0,31449.0,67.0,469.0,0.028743028743028743,0.014913033800756781,1.9273763559477846,6.0,0.0,0.0,2331.0,31449.0,3.0,37.0,0.001287001287001287,0.0011765079970746288,1.0939163101325262,897.0,897.0,0.002835840389334208,0.002876127505908892,610.0,0.006715055105794718,0.0068098217912937525,51.0,0.02359795435688216,0.02359795435688216
910101,ggi,original,mainline-slow,2161.0,30807.0,80.0,2242.0,0.03701989819527996,0.0727756678676924,0.5086851042381756,0.0,0.0,nan,2161.0,30807.0,14.0,121.0,0.006478482184173994,0.003927678774304541,1.6494429805607291,0.0,0.0,nan,nan,0.0,nan,nan,0.0,nan,nan
910101,ggi,original,ramp-fast,1225.0,32402.0,15.0,654.0,0.012244897959183673,0.020183939263008457,0.6066654184609623,6.0,0.0,0.0,1225.0,32402.0,4.0,154.0,0.0032653061224489797,0.004752793037466823,0.6870288894778691,1775.0,1755.0,0.0022726036715079462,0.0022726036715079462,1113.0,0.00518725718489442,0.00518725718489442,27.0,0.01764310052185481,0.01764310052185481
910101,ggi,original,ramp-slow,2378.0,31528.0,628.0,2624.0,0.2640874684608915,0.08322760720629283,3.173075345135284,0.0,0.0,nan,2378.0,31528.0,97.0,117.0,0.0407905803195963,0.0037109870591220504,10.991841165096002,0.0,0.0,nan,nan,0.0,nan,nan,0.0,nan,nan
910101,ggi,wsc,mainline-fast,1388.0,26668.0,11.0,508.0,0.00792507204610951,0.01904904754762262,0.4160350813497016,0.0,0.0,nan,1388.0,26668.0,4.0,56.0,0.002881844380403458,0.0020998950052497373,1.3723754631535612,2164.5,2083.0,-0.009435652078041961,-0.009172007022164844,1508.0,-0.012637017063740477,-0.012010377432070377,421.0,-0.03311155451879678,-0.028727904185563025
910101,ggi,wsc,mainline-slow,1647.0,27353.0,31.0,387.0,0.018822100789313904,0.01414835667020071,1.3303383020416102,0.0,0.0,nan,1647.0,27353.0,4.0,47.0,0.0024286581663630845,0.0017182758746755384,1.4134273792453074,1872.0,1613.0,-0.04993100671065643,-0.04933109485521106,1145.0,-0.12550956742091146,-0.12537648463889,308.0,-0.25764770191737285,-0.2523098710412053
910101,ggi,wsc,ramp-fast,1590.0,25673.0,33.0,705.0,0.020754716981132074,0.027460756436723407,0.7557955305767429,0.0,0.0,nan,1590.0,25673.0,26.0,66.0,0.016352201257861635,0.0025707942196081485,6.360758528683057,1317.5,1237.0,-0.009579333627347725,-0.006278236234671886,855.0,-0.018052014559259304,-0.005355708561147314,210.0,-0.0690206768499195,0.027563429564794094
910101,ggi,wsc,ramp-slow,2827.0,27016.0,107.0,229.0,0.03784931022285108,0.00847645839502517,4.465226921312423,0.0,0.0,nan,2827.0,27016.0,21.0,31.0,0.007428369296073576,0.0011474681670121409,6.473704029120121,489.0,488.0,-0.011630386281326071,-0.010611397455837173,396.0,-0.011366973924717366,-0.007318277720693857,196.0,-0.013160790491433922,0.015763765151194493
910101,maximin,original,mainline-fast,1714.0,29135.0,136.0,290.0,0.07934655775962661,0.009953663978033293,7.9715929666438665,2.0,0.0,0.0,1714.0,29135.0,0.0,33.0,0.0,0.0011326583147417196,0.0,198.0,198.0,0.003579809745987192,0.003238243834793674,140.0,0.007944406323271848,0.007298539162650939,15.0,0.018364208425004473,0.018046325776651616
910101,maximin,original,mainline-slow,381.0,30336.0,21.0,537.0,0.05511811023622047,0.017701740506329115,3.113711344741125,0.0,0.0,nan,381.0,30336.0,1.0,99.0,0.0026246719160104987,0.0032634493670886076,0.8042631034757018,0.0,0.0,nan,nan,0.0,nan,nan,0.0,nan,nan
910101,maximin,original,ramp-fast,275.0,30817.0,0.0,509.0,0.0,0.01651685757860921,0.0,23.0,0.0,0.0,275.0,30817.0,0.0,69.0,0.0,0.002239023915371386,0.0,1198.0,1159.0,0.0005673432495822734,0.0005673432495822734,822.0,0.0012537509250311525,0.0012537509250311525,101.0,0.0027715223733318917,0.0027715223733318917
910101,maximin,original,ramp-slow,83.0,30778.0,3.0,389.0,0.03614457831325301,0.012638897914094484,2.8597887694737816,0.0,0.0,nan,83.0,30778.0,0.0,38.0,0.0,0.0012346481252842939,0.0,0.0,0.0,nan,nan,0.0,nan,nan,0.0,nan,nan
910101,maximin,wsc,mainline-fast,0.0,24925.0,0.0,637.0,nan,0.02555667001003009,nan,0.0,0.0,nan,0.0,24925.0,0.0,30.0,nan,0.0012036108324974925,nan,0.0,0.0,nan,nan,0.0,nan,nan,0.0,nan,nan
910101,maximin,wsc,mainline-slow,0.0,29954.0,0.0,2233.0,nan,0.07454763971422848,nan,0.0,0.0,nan,0.0,29954.0,0.0,209.0,nan,0.006977365293449956,nan,0.0,0.0,nan,nan,0.0,nan,nan,0.0,nan,nan
910101,maximin,wsc,ramp-fast,0.0,25426.0,0.0,1220.0,nan,0.0479823802406985,nan,0.0,0.0,nan,0.0,25426.0,0.0,67.0,nan,0.0026350979312514747,nan,0.0,0.0,nan,nan,0.0,nan,nan,0.0,nan,nan
910101,maximin,wsc,ramp-slow,0.0,30808.0,0.0,1126.0,nan,0.03654894832511036,nan,0.0,0.0,nan,0.0,30808.0,0.0,115.0,nan,0.003732796676188003,nan,0.0,0.0,nan,nan,0.0,nan,nan,0.0,nan,nan
910102,baseline,original,mainline-fast,2479.0,29670.0,45.0,2316.0,0.018152480839048003,0.07805864509605662,0.23254926878003207,4.0,0.0,0.0,2479.0,29670.0,59.0,172.0,0.02379991932230738,0.005797101449275362,4.1054860830980235,98.0,78.0,0.0030715805312497646,0.002913167539174349,56.0,0.006681238584718983,0.006346504749533489,6.0,0.017347328444410948,0.016645986153917047
910102,baseline,original,mainline-slow,158.0,32847.0,60.0,3545.0,0.379746835443038,0.10792462020884708,3.518630269054293,0.0,0.0,nan,158.0,32847.0,0.0,36.0,0.0,0.0010959905014156545,0.0,0.0,0.0,nan,nan,0.0,nan,nan,0.0,nan,nan
910102,baseline,original,ramp-fast,239.0,31773.0,61.0,2562.0,0.25523012552301255,0.0806345009914078,3.1652719665271967,4.0,0.0,0.0,239.0,31773.0,79.0,227.0,0.3305439330543933,0.0071444308060302775,46.265957642895316,2063.0,2043.0,0.004087551012039755,0.0038085237871662513,1425.0,0.008934332115406507,0.00833538995207506,158.0,0.020993231111444993,0.020212766667168793
910102,baseline,original,ramp-slow,155.0,33266.0,69.0,4600.0,0.44516129032258067,0.13827932423495462,3.2192903225806453,0.0,0.0,nan,155.0,33266.0,1.0,67.0,0.0064516129032258064,0.0020140684182047737,3.2032739528165624,0.0,0.0,nan,nan,0.0,nan,nan,0.0,nan,nan
910102,baseline,wsc,mainline-fast,0.0,35471.0,0.0,1950.0,nan,0.054974486199994364,nan,0.0,0.0,nan,0.0,35471.0,0.0,328.0,nan,0.009246990499281103,nan,0.0,0.0,nan,nan,0.0,nan,nan,0.0,nan,nan
910102,baseline,wsc,mainline-slow,0.0,34998.0,0.0,1124.0,nan,0.0321161209211955,nan,0.0,0.0,nan,0.0,34998.0,0.0,67.0,nan,0.0019143951082919023,nan,0.0,0.0,nan,nan,0.0,nan,nan,0.0,nan,nan
910102,baseline,wsc,ramp-fast,0.0,35447.0,0.0,2019.0,nan,0.05695827573560527,nan,0.0,0.0,nan,0.0,35447.0,0.0,340.0,nan,0.009591784918328773,nan,0.0,0.0,nan,nan,0.0,nan,nan,0.0,nan,nan
910102,baseline,wsc,ramp-slow,0.0,35527.0,0.0,757.0,nan,0.021307737776902074,nan,0.0,0.0,nan,0.0,35527.0,0.0,46.0,nan,0.001294789878120866,nan,0.0,0.0,nan,nan,0.0,nan,nan,0.0,nan,nan
910102,mean,original,mainline-fast,94.0,33021.0,3.0,11871.0,0.031914893617021274,0.3594985009539384,0.08877615214621004,0.0,0.0,nan,94.0,33021.0,0.0,320.0,0.0,0.009690802822446321,0.0,75.0,0.0,nan,nan,0.0,nan,nan,0.0,nan,nan
910102,mean,original,mainline-slow,26.0,32947.0,12.0,12805.0,0.46153846153846156,0.38865450572131,1.187528909981077,0.0,0.0,nan,26.0,32947.0,0.0,153.0,0.0,0.004643821895771998,0.0,30.0,20.0,0.001761101809822463,0.001761101809822463,5.0,0.0045554913075126265,0.0045554913075126265,0.0,nan,nan
910102,mean,original,ramp-fast,148.0,32483.0,2.0,12033.0,0.013513513513513514,0.37043992242095863,0.03647963595607575,0.0,0.0,nan,148.0,32483.0,0.0,306.0,0.0,0.009420312163285411,0.0,19.0,0.0,nan,nan,0.0,nan,nan,0.0,nan,nan
910102,mean,original,ramp-slow,45.0,33304.0,16.0,11401.0,0.35555555555555557,0.34233125150132115,1.0386301396563655,0.0,0.0,nan,45.0,33304.0,0.0,180.0,0.0,0.00540475618544319,0.0,30.0,20.0,0.001761101809822463,0.001761101809822463,5.0,0.0045554913075126265,0.0045554913075126265,0.0,nan,nan
910102,mean,wsc,mainline-fast,11390.0,17386.0,46.0,320.0,0.004038630377524144,0.018405613712182217,0.21942383669885865,21.0,0.0,0.0,11390.0,17386.0,6.0,164.0,0.0005267778753292362,0.009432877027493385,0.05584487890532988,1672.0,1612.0,0.0029778376122788462,0.0029562982405744887,1040.0,0.006737824279832873,0.006685871052502355,49.0,0.01548213985727375,0.01528134926803883
910102,mean,wsc,mainline-slow,3572.0,28260.0,249.0,1218.0,0.06970884658454647,0.043099787685774944,1.6173825980946497,78.0,78.0,1.0,3572.0,28260.0,130.0,277.0,0.036394176931690926,0.009801840056617127,3.7129943685544604,4126.5,3203.0,0.004828689724780813,0.003777425728018837,1964.0,0.011453970207878953,0.008930764398784225,51.0,0.01676406034055325,0.013101579263481336
910102,mean,wsc,ramp-fast,12600.0,16744.0,57.0,155.0,0.004523809523809524,0.009257047300525562,0.48868817204301074,4.0,0.0,0.0,12600.0,16744.0,11.0,20.0,0.000873015873015873,0.0011944577161968467,0.7308888888888888,273.0,273.0,0.0016922812235780893,0.0016243581807279214,187.0,0.0037994921030292824,0.0036415080675125753,14.0,0.009544143537006349,0.008939214918558773
910102,mean,wsc,ramp-slow,5095.0,25498.0,311.0,1075.0,0.061040235525024536,0.04216016942505295,1.44781760503914,56.0,56.0,1.0,5095.0,25498.0,160.0,206.0,0.03140333660451423,0.00807906502470782,3.8870013434072996,3204.5,3700.0,0.005465510482120872,0.004023433672577408,2287.0,0.012893592228401446,0.009495316304931195,46.0,0.0176497405135987,0.01400220195524057
910102,ggi,original,mainline-fast,7486.0,31125.0,5883.0,8994.0,0.7858669516430671,0.28896385542168673,2.719602943060981,0.0,0.0,nan,7486.0,31125.0,233.0,138.0,0.031124766230296554,0.004433734939759036,7.019988035637538,495.0,183.0,-0.04197430028934891,-0.004585001021224896,160.0,-0.1096176252287906,-0.005705921694266177,110.0,-0.23476680452369225,0.013462729408303007
910102,ggi,original,mainline-slow,9514.0,28053.0,7168.0,5031.0,0.753416018499054,0.17933910811677894,4.20106928383104,0.0,0.0,nan,9514.0,28053.0,118.0,102.0,0.012402774858103847,0.003635974762057534,3.4111278734743844,688.0,592.0,-0.04863169946686285,0.0014760515787667788,471.0,-0.11333325435456051,0.003474382276899719,389.0,-0.20558420097592553,0.007991917363168927
910102,ggi,original,ramp-fast,3561.0,35381.0,2636.0,11988.0,0.7402415051951698,0.3388259235182725,2.184725116392251,0.0,0.0,nan,3561.0,35381.0,62.0,486.0,0.017410839651783208,0.013736186088578616,1.2675162916044067,2249.0,2139.0,-0.036947404834299216,0.001795957757127908,1708.0,-0.0930144702137827,0.008101698913657543,1153.0,-0.2014651855555942,0.021485031677306348
910102,ggi,original,ramp-slow,7495.0,30746.0,5214.0,9182.0,0.695663775850567,0.2986404735575359,2.32943568419751,0.0,0.0,nan,7495.0,30746.0,177.0,120.0,0.02361574382921948,0.0039029467247772066,6.050747164776518,1233.0,1144.0,-0.043000880653913984,0.0008033491072154857,1039.0,-0.10490236848230391,0.002161221483121024,864.0,-0.19447964348244445,0.005885156083870118
910102,ggi,wsc,mainline-fast,0.0,31216.0,0.0,5.0,nan,0.0001601742696053306,nan,0.0,0.0,nan,0.0,31216.0,0.0,4.0,nan,0.00012813941568426448,nan,0.0,0.0,nan,nan,0.0,nan,nan,0.0,nan,nan
910102,ggi,wsc,mainline-slow,0.0,31150.0,0.0,109.0,nan,0.0034991974317817014,nan,0.0,0.0,nan,0.0,31150.0,0.0,34.0,nan,0.0010914927768860352,nan,0.0,0.0,nan,nan,0.0,nan,nan,0.0,nan,nan
910102,ggi,wsc,ramp-fast,0.0,31168.0,0.0,13.0,nan,0.00041709445585215606,nan,0.0,0.0,nan,0.0,31168.0,0.0,4.0,nan,0.00012833675564681725,nan,0.0,0.0,nan,nan,0.0,nan,nan,0.0,nan,nan
910102,ggi,wsc,ramp-slow,0.0,31595.0,0.0,123.0,nan,0.0038930210476341193,nan,0.0,0.0,nan,0.0,31595.0,0.0,29.0,nan,0.000917866751068207,nan,0.0,0.0,nan,nan,0.0,nan,nan,0.0,nan,nan
910102,maximin,original,mainline-fast,3847.0,30168.0,307.0,5321.0,0.07980244346243827,0.17637894457703526,0.45244880931682724,0.0,0.0,nan,3847.0,30168.0,122.0,250.0,0.03171302313491032,0.008286926544683108,3.8268739277358983,2849.5,2277.0,-0.053039250230164904,-0.029936785979345504,1646.0,-0.12865407444884577,-0.06021969922745536,547.0,-0.19418840203789645,-0.01785605066515274
910102,maximin,original,mainline-slow,3767.0,29088.0,468.0,2500.0,0.12423679320414123,0.08594609460946094,1.445519936288824,0.0,0.0,nan,3767.0,29088.0,31.0,77.0,0.008229360233607645,0.002647139713971397,3.108774421755574,364.0,330.0,0.0013749976235196124,0.0023816717546277016,183.0,0.0026784075931816104,0.002728841134914288,22.0,0.005016363526162551,0.005016363526162551
910102,maximin,original,ramp-fast,2890.0,30738.0,394.0,4065.0,0.13633217993079585,0.13224673043138785,1.0308926314176639,0.0,0.0,nan,2890.0,30738.0,143.0,257.0,0.04948096885813149,0.008360986401197215,5.918077901794731,3018.5,2607.0,-0.028583163883877768,-0.011075558782350708,1760.0,-0.07473969705497008,-0.023315542652232013,436.0,-0.15168022856672758,-0.018944939146212723
910102,maximin,original,ramp-slow,3894.0,29467.0,612.0,3524.0,0.15716486902927582,0.11959140733702107,1.3141819511026307,0.0,0.0,nan,3894.0,29467.0,62.0,138.0,0.015921931176168466,0.004683204941120575,3.3997938113634505,410.0,360.0,0.0013282598729756107,0.002836305619665983,146.0,0.0022132541167955862,0.0026107765505633067,7.0,0.006546141334050689,0.006546141334050689
910102,maximin,wsc,mainline-fast,3993.0,18512.0,64.0,3090.0,0.016028049085900324,0.16691875540190146,0.09602305653015755,0.0,0.0,nan,3993.0,18512.0,16.0,246.0,0.004007012271475081,0.013288677614520312,0.3015358177623849,2532.5,1474.0,0.010452903690327316,0.008654736063612526,693.0,0.020561313845644885,0.01746538874508926,71.0,0.02796692561732509,0.027133447794868606
910102,maximin,wsc,mainline-slow,1300.0,21398.0,0.0,1143.0,0.0,0.05341620712216095,0.0,0.0,0.0,nan,1300.0,21398.0,0.0,56.0,0.0,0.0026170670156089354,0.0,1816.0,1406.0,0.013386671003163944,0.011411938487204178,621.0,0.029299363443372712,0.025659733212878757,48.0,0.05733236895477295,0.05560710113712932
910102,maximin,wsc,ramp-fast,6547.0,16938.0,64.0,2784.0,0.009775469680769817,0.16436415161176055,0.05947446316554567,0.0,0.0,nan,6547.0,16938.0,42.0,220.0,0.006415151978005193,0.01298854646357303,0.4939083827429635,998.5,1387.0,0.0026760495436175596,0.002202006745154999,785.0,0.005476189115028475,0.0045681153734824405,75.0,0.009148539425555761,0.008945926827241824
910102,maximin,wsc,ramp-slow,2699.0,20713.0,46.0,1117.0,0.017043349388662466,0.053927485154250956,0.3160419837845709,0.0,0.0,nan,2699.0,20713.0,0.0,74.0,0.0,0.003572635542895766,0.0,1034.0,917.0,0.0072703780427206925,0.006040481949442677,547.0,0.015290323995774282,0.013261238140470548,47.0,0.03527370949084888,0.033589616611445515
920101,baseline,original,mainline-fast,8033.0,22940.0,82.0,1137.0,0.010207892443669863,0.0495640802092415,0.2059534324166989,0.0,0.0,nan,8033.0,22940.0,23.0,411.0,0.0028631893439561807,0.017916303400174367,0.1598091570568243,2455.0,2245.0,-0.014426721353243207,0.0011691692030576953,1467.0,-0.04340284798949044,0.008710970210779647,304.0,-0.15788912649593975,0.012840018165005728
920101,baseline,original,mainline-slow,4293.0,23519.0,872.0,2254.0,0.20312136035406475,0.09583740805306348,2.1194371225231805,26.0,26.0,1.0,4293.0,23519.0,130.0,82.0,0.03028185418122525,0.0034865427951868704,8.68535278644191,2183.0,2163.0,0.007998670844660778,0.007815413562092883,1348.0,0.01865403930563183,0.01822897283785528,0.0,nan,nan
920101,baseline,original,ramp-fast,9156.0,21214.0,574.0,896.0,0.06269113149847094,0.042236259074196286,1.4842964995631278,0.0,0.0,nan,9156.0,21214.0,415.0,56.0,0.04532546963739624,0.002639766192137268,17.170259158709353,835.0,719.0,-0.0013389761248043884,0.0017629522400289459,370.0,0.0016721734678850288,0.0037782799721136563,0.0,nan,nan
920101,baseline,original,ramp-slow,4133.0,23456.0,733.0,2304.0,0.17735301233970482,0.09822646657571624,1.8055521950694948,28.0,28.0,1.0,4133.0,23456.0,101.0,108.0,0.02443745463343818,0.004604365620736698,5.307453110017834,2851.0,2791.0,0.009266530995192403,0.009151507707998921,1728.0,0.02169464040288715,0.021429047891071293,0.0,nan,nan
920101,baseline,wsc,mainline-fast,161.0,26597.0,0.0,3443.0,0.0,0.12945068992743541,0.0,0.0,0.0,nan,161.0,26597.0,0.0,15.0,0.0,0.0005639733804564424,0.0,83.0,83.0,0.00021196666913055737,0.00021196666913055737,46.0,0.0007419983665181368,0.0007419983665181368,0.0,nan,nan
920101,baseline,wsc,mainline-slow,1.0,31135.0,1.0,6361.0,1.0,0.20430383812429742,4.894670649268983,0.0,0.0,nan,1.0,31135.0,0.0,117.0,0.0,0.0037578288100208767,0.0,12.0,12.0,-0.00029244625694371806,-0.00029244625694371806,2.0,-0.002646159350158217,-0.002646159350158217,0.0,nan,nan
920101,baseline,wsc,ramp-fast,77.0,28326.0,0.0,3382.0,0.0,0.11939560827508296,0.0,0.0,0.0,nan,77.0,28326.0,0.0,25.0,0.0,0.000882581374002683,0.0,176.0,175.0,8.8015814458481e-05,8.8015814458481e-05,80.0,0.0002315961389887322,0.0002315961389887322,0.0,nan,nan
920101,baseline,wsc,ramp-slow,11.0,32290.0,1.0,4387.0,0.09090909090909091,0.13586249612883244,0.6691257226930809,0.0,0.0,nan,11.0,32290.0,0.0,88.0,0.0,0.002725301951068442,0.0,0.0,0.0,nan,nan,0.0,nan,nan,0.0,nan,nan
920101,mean,original,mainline-fast,0.0,33814.0,0.0,4300.0,nan,0.12716626249482463,nan,0.0,0.0,nan,0.0,33814.0,0.0,140.0,nan,0.004140296918436151,nan,0.0,0.0,nan,nan,0.0,nan,nan,0.0,nan,nan
920101,mean,original,mainline-slow,0.0,33525.0,0.0,1583.0,nan,0.04721849366144668,nan,0.0,0.0,nan,0.0,33525.0,0.0,81.0,nan,0.0024161073825503354,nan,0.0,0.0,nan,nan,0.0,nan,nan,0.0,nan,nan
920101,mean,original,ramp-fast,0.0,33190.0,0.0,4069.0,nan,0.12259716782163302,nan,0.0,0.0,nan,0.0,33190.0,0.0,131.0,nan,0.003946971979511901,nan,0.0,0.0,nan,nan,0.0,nan,nan,0.0,nan,nan
920101,mean,original,ramp-slow,0.0,34404.0,0.0,1468.0,nan,0.04266945703987909,nan,0.0,0.0,nan,0.0,34404.0,0.0,69.0,nan,0.002005580746424834,nan,0.0,0.0,nan,nan,0.0,nan,nan,0.0,nan,nan
920101,mean,wsc,mainline-fast,0.0,27668.0,0.0,367.0,nan,0.013264420991759434,nan,0.0,0.0,nan,0.0,27668.0,0.0,23.0,nan,0.0008312852392655776,nan,0.0,0.0,nan,nan,0.0,nan,nan,0.0,nan,nan
920101,mean,wsc,mainline-slow,0.0,31536.0,0.0,1727.0,nan,0.05476281075596144,nan,0.0,0.0,nan,0.0,31536.0,0.0,46.0,nan,0.001458650431253171,nan,0.0,0.0,nan,nan,0.0,nan,nan,0.0,nan,nan
920101,mean,wsc,ramp-fast,0.0,26552.0,0.0,392.0,nan,0.014763482976800241,nan,0.0,0.0,nan,0.0,26552.0,0.0,22.0,nan,0.0008285628201265442,nan,0.0,0.0,nan,nan,0.0,nan,nan,0.0,nan,nan
920101,mean,wsc,ramp-slow,0.0,31614.0,0.0,1448.0,nan,0.045802492566584425,nan,0.0,0.0,nan,0.0,31614.0,0.0,22.0,nan,0.0006958942240779402,nan,0.0,0.0,nan,nan,0.0,nan,nan,0.0,nan,nan
920101,ggi,original,mainline-fast,1138.0,33557.0,22.0,1771.0,0.019332161687170474,0.05277587388622344,0.3663068039166457,0.0,0.0,nan,1138.0,33557.0,18.0,149.0,0.015817223198594025,0.004440206216288703,3.56227220721624,1607.0,1540.0,-0.0004339934921354973,0.0010735869868173965,983.0,-0.0002741926747798515,0.00415699932587042,80.0,-0.033320203414496555,-0.0009827549979870994
920101,ggi,original,mainline-slow,1855.0,31359.0,65.0,252.0,0.03504043126684636,0.008035970534774705,4.3604479527660125,0.0,0.0,nan,1855.0,31359.0,0.0,16.0,0.0,0.0005102203514142671,0.0,0.0,0.0,nan,nan,0.0,nan,nan,0.0,nan,nan
920101,ggi,original,ramp-fast,1441.0,34569.0,76.0,818.0,0.0527411519777932,0.023662819288958314,2.2288617148170333,0.0,0.0,nan,1441.0,34569.0,50.0,146.0,0.03469812630117974,0.004223437183603807,8.215613206201935,1363.0,1225.0,0.0006782687683408674,0.001128510415669138,733.0,0.001126243441136462,0.0034116307177708403,18.0,-0.05653489357485523,0.020297256745706743
920101,ggi,original,ramp-slow,1682.0,31058.0,26.0,342.0,0.015457788347205707,0.011011655612080623,1.4037660540570611,0.0,0.0,nan,1682.0,31058.0,0.0,38.0,0.0,0.0012235172902311804,0.0,0.0,0.0,nan,nan,0.0,nan,nan,0.0,nan,nan
920101,ggi,wsc,mainline-fast,2285.0,29802.0,0.0,1684.0,0.0,0.0565062747466613,0.0,33.0,0.0,0.0,2285.0,29802.0,0.0,194.0,0.0,0.0065096302261593185,0.0,1471.0,1467.0,0.0017207395025596844,0.0017207395025596844,964.0,0.0038189163002570916,0.0038189163002570916,6.0,0.00964506067980823,0.00964506067980823
920101,ggi,wsc,mainline-slow,2275.0,29995.0,144.0,704.0,0.0632967032967033,0.02347057842973829,2.696853146853147,0.0,0.0,nan,2275.0,29995.0,1.0,0.0,0.00043956043956043956,0.0,nan,0.0,0.0,nan,nan,0.0,nan,nan,0.0,nan,nan
920101,ggi,wsc,ramp-fast,2055.0,31363.0,0.0,2126.0,0.0,0.06778688263240124,0.0,33.0,0.0,0.0,2055.0,31363.0,0.0,423.0,0.0,0.013487230175684725,0.0,1663.0,1666.0,0.0018748243145244865,0.0019315629109299753,1077.0,0.004513112823393316,0.004579680800600658,15.0,0.02424367102889861,0.029612307612683932
920101,ggi,wsc,ramp-slow,2841.0,31869.0,133.0,1613.0,0.04681450193593805,0.05061344880604977,0.9249419480448914,0.0,0.0,nan,2841.0,31869.0,5.0,21.0,0.0017599436818021823,0.000658947566600772,2.6708402473977975,0.0,0.0,nan,nan,0.0,nan,nan,0.0,nan,nan
920101,maximin,original,mainline-fast,8228.0,23149.0,167.0,1377.0,0.02029654837141468,0.0594842109810359,0.3412090038125479,57.0,0.0,0.0,8228.0,23149.0,113.0,278.0,0.013733592610597959,0.012009158062983282,1.1435932925997558,3245.5,3086.0,0.001271392243078038,0.0010282069321952449,1885.0,0.0028160365432586335,0.0023060615321513953,3.0,0.0068780142016084955,0.006743980415146418
920101,maximin,original,mainline-slow,13841.0,17627.0,40.0,169.0,0.0028899645979336753,0.009587564531684347,0.3014284376791532,0.0,0.0,nan,13841.0,17627.0,1.0,37.0,7.224911494834188e-05,0.0020990525897770468,0.034419868897146544,725.0,725.0,0.0029577432052292755,0.0025949527890354353,462.0,0.006779812367820602,0.005945100780985274,2.0,0.0361632759520083,0.034401472009055134
920101,maximin,original,ramp-fast,7590.0,24288.0,252.0,1532.0,0.03320158102766799,0.0630764163372859,0.5263707571801567,45.0,0.0,0.0,7590.0,24288.0,116.0,276.0,0.015283267457180501,0.011363636363636364,1.344927536231884,3779.5,3653.0,0.001054902293235124,0.0009104967387286962,2236.0,0.0023880059450228012,0.0020835011838753704,8.0,0.007198851131066816,0.007040151351987059
920101,maximin,original,ramp-slow,13107.0,19186.0,122.0,227.0,0.009308003356984817,0.011831543834045659,0.7867108035555537,0.0,0.0,nan,13107.0,19186.0,1.0,53.0,7.629510948348211e-05,0.0027624309392265192,0.027618829633020526,1401.0,1401.0,0.002623408131537895,0.0022984357938959036,906.0,0.005950779152390546,0.005208792831604242,3.0,0.017413025338809767,0.015880665126567606
920101,maximin,wsc,mainline-fast,2983.0,27871.0,212.0,2149.0,0.07106939322829367,0.07710523483190412,0.9217194316732308,3.0,0.0,0.0,2983.0,27871.0,5.0,160.0,0.0016761649346295675,0.005740734096372574,0.2919774555816292,2153.5,2080.0,-0.021511824760310643,-0.00294027451923814,1479.0,-0.05980840066537477,0.0002513658816227579,484.0,-0.18324315571884972,0.024528639225481808
920101,maximin,wsc,mainline-slow,3374.0,28963.0,394.0,2735.0,0.11677534084173088,0.09443082553602873,1.2366231066906952,0.0,0.0,nan,3374.0,28963.0,57.0,65.0,0.016893894487255482,0.002244242654421158,7.5276594774520085,33.0,33.0,-0.03131017046458945,0.014492148881148664,33.0,-0.0783947315940981,0.051064242096814025,33.0,-0.06357848437403019,0.05256111066494196
920101,maximin,wsc,ramp-fast,2458.0,26938.0,373.0,1018.0,0.15174938974776242,0.03779048184720469,4.015545246586664,0.0,0.0,nan,2458.0,26938.0,14.0,168.0,0.005695687550854353,0.006236543173212562,0.9132763764578248,2784.5,2749.0,-0.006449665601573114,-0.0015367367831245,1859.0,-0.01783157150567819,0.003821112018448889,370.0,-0.09255825516822283,0.04137884983631668
920101,maximin,wsc,ramp-slow,3475.0,28595.0,409.0,1216.0,0.11769784172661871,0.0425249169435216,2.767738309352518,0.0,0.0,nan,3475.0,28595.0,110.0,53.0,0.031654676258992806,0.001853470886518622,17.078593728790555,16.0,16.0,-0.025245447108019035,0.023618670085003818,16.0,-0.06064467973535313,0.06178611627480265,16.0,-0.04250478575595475,0.0571589846586558
920102,baseline,original,mainline-fast,689.0,30610.0,0.0,1533.0,0.0,0.05008167265599477,0.0,0.0,0.0,nan,689.0,30610.0,0.0,9.0,0.0,0.0002940215615811826,0.0,0.0,0.0,nan,nan,0.0,nan,nan,0.0,nan,nan
920102,baseline,original,mainline-slow,3.0,32692.0,0.0,376.0,0.0,0.011501284717973816,0.0,0.0,0.0,nan,3.0,32692.0,0.0,16.0,0.0,0.0004894163709776092,0.0,0.0,0.0,nan,nan,0.0,nan,nan,0.0,nan,nan
920102,baseline,original,ramp-fast,0.0,32797.0,0.0,726.0,nan,0.0221361709912492,nan,0.0,0.0,nan,0.0,32797.0,0.0,48.0,nan,0.0014635484952892034,nan,620.0,602.0,0.010267348542940974,0.010267348542940974,409.0,0.028390218498475978,0.028390218498475978,59.0,0.05004901975644465,0.05004901975644465
920102,baseline,original,ramp-slow,23.0,33670.0,0.0,1124.0,0.0,0.033382833382833384,0.0,0.0,0.0,nan,23.0,33670.0,0.0,58.0,0.0,0.0017226017226017226,0.0,0.0,0.0,nan,nan,0.0,nan,nan,0.0,nan,nan
920102,baseline,wsc,mainline-fast,98.0,37373.0,14.0,2791.0,0.14285714285714285,0.07467958151606775,1.9129344321031887,0.0,0.0,nan,98.0,37373.0,4.0,237.0,0.04081632653061224,0.006341476466968132,6.4364074743821575,327.0,270.0,-4.365531381002987e-07,-4.365531381002987e-07,64.0,0.0005313715037486826,0.0005313715037486826,0.0,nan,nan
920102,baseline,wsc,mainline-slow,528.0,36913.0,73.0,1651.0,0.13825757575757575,0.04472679001977623,3.0911580217682575,0.0,0.0,nan,528.0,36913.0,15.0,248.0,0.028409090909090908,0.006718500257361905,4.228486986803519,0.0,0.0,nan,nan,0.0,nan,nan,0.0,nan,nan
920102,baseline,wsc,ramp-fast,293.0,35988.0,19.0,2120.0,0.06484641638225255,0.05890852506391019,1.1007985060209928,0.0,0.0,nan,293.0,35988.0,0.0,128.0,0.0,0.0035567411359342,0.0,122.0,106.0,0.00012843876336569152,0.000126751471768634,46.0,0.0005817022628716041,0.0005450118086834739,0.0,nan,nan
920102,baseline,wsc,ramp-slow,428.0,36244.0,2.0,2082.0,0.004672897196261682,0.05744399072950006,0.08134701536085898,0.0,0.0,nan,428.0,36244.0,1.0,259.0,0.002336448598130841,0.007146010374130891,0.326958467145383,0.0,0.0,nan,nan,0.0,nan,nan,0.0,nan,nan
920102,mean,original,mainline-fast,2264.0,33284.0,443.0,2035.0,0.1956713780918728,0.061140487922124745,3.2003568296854517,10.0,0.0,0.0,2264.0,33284.0,2.0,92.0,0.0008833922261484099,0.0027640908544646074,0.31959594407743125,2456.0,2362.0,0.0007100784530364576,0.0007092598752821487,1458.0,0.001640242783867909,0.0016383310240181538,38.0,0.0038042295096456045,0.0038042295096456045
920102,mean,original,mainline-slow,5410.0,30898.0,503.0,2397.0,0.09297597042513864,0.07757783675318791,1.1984862470571271,0.0,0.0,nan,5410.0,30898.0,27.0,99.0,0.004990757855822551,0.003204090879668587,1.5576205679717696,0.0,0.0,nan,nan,0.0,nan,nan,0.0,nan,nan
920102,mean,original,ramp-fast,2878.0,32848.0,318.0,1576.0,0.11049339819318972,0.047978567949342424,2.302974076046888,3.0,0.0,0.0,2878.0,32848.0,16.0,60.0,0.005559416261292564,0.001826595226497808,3.0435950891823027,1848.0,1693.0,0.0006226652634056047,0.0006226652634056047,916.0,0.0014933183541180112,0.0014933183541180112,7.0,0.004234323881441483,0.004234323881441483
920102,mean,original,ramp-slow,5038.0,30717.0,555.0,3031.0,0.11016276300119095,0.09867500081388156,1.1164201884221652,0.0,0.0,nan,5038.0,30717.0,47.0,129.0,0.009329098848749504,0.004199628870006837,2.2214103049382827,0.0,0.0,nan,nan,0.0,nan,nan,0.0,nan,nan
920102,mean,wsc,mainline-fast,1097.0,31769.0,271.0,8883.0,0.24703737465815861,0.2796122005728855,0.8834999837346664,0.0,0.0,nan,1097.0,31769.0,5.0,358.0,0.004557885141294439,0.011268846989203312,0.4044677459602878,1468.5,1345.0,0.0007141674765647312,0.0007034103749811721,738.0,0.0017213401772479561,0.0016929213053532503,0.0,nan,nan
920102,mean,wsc,mainline-slow,4066.0,29212.0,1532.0,10532.0,0.3767830791933104,0.3605367657127208,1.0450614612034734,0.0,0.0,nan,4066.0,29212.0,48.0,289.0,0.011805213969503197,0.009893194577570862,1.1932661262184339,0.0,0.0,nan,nan,0.0,nan,nan,0.0,nan,nan
920102,mean,wsc,ramp-fast,1787.0,30959.0,462.0,8526.0,0.25853385562395076,0.27539649213475886,0.9387696031271279,0.0,0.0,nan,1787.0,30959.0,15.0,174.0,0.008393956351426972,0.005620336574178752,1.4934970958840668,924.5,898.0,0.0009424409742223345,0.0008103377779357598,450.0,0.001998835001470396,0.001773161156304761,0.0,nan,nan
920102,mean,wsc,ramp-slow,4051.0,29707.0,1464.0,10424.0,0.36139224882745,0.3508937287507995,1.0299193722100017,0.0,0.0,nan,4051.0,29707.0,52.0,420.0,0.01283633670698593,0.014138081933551015,0.9079263203676929,0.0,0.0,nan,nan,0.0,nan,nan,0.0,nan,nan
920102,ggi,original,mainline-fast,3737.0,32641.0,1353.0,8203.0,0.36205512443136206,0.2513097025213688,1.44067308503768,3.0,0.0,0.0,3737.0,32641.0,69.0,182.0,0.018464008563018466,0.0055758095646579455,3.311448920359812,1960.0,1910.0,0.0007193964029615571,0.0007280513858061078,1186.0,0.0017214115927164106,0.0017258950563737356,64.0,0.0010659884547779396,0.0014438251650288284
920102,ggi,original,mainline-slow,6364.0,29731.0,1408.0,7962.0,0.22124450031426776,0.2678012848541926,0.8261517506711248,0.0,0.0,nan,6364.0,29731.0,204.0,356.0,0.03205531112507857,0.011974033836736066,2.677068693987952,0.0,0.0,nan,nan,0.0,nan,nan,0.0,nan,nan
920102,ggi,original,ramp-fast,2430.0,34590.0,717.0,9979.0,0.29506172839506173,0.2884937843307314,1.022766327806913,4.0,0.0,0.0,2430.0,34590.0,59.0,333.0,0.0242798353909465,0.009627059843885516,2.5220405590775963,3191.0,3071.0,0.0006715760622399103,0.0006677371945449915,1763.0,0.0017035565846265797,0.0016939345842122164,50.0,0.0009558343052869556,0.0010738494982943702
920102,ggi,original,ramp-slow,6599.0,30756.0,1733.0,7907.0,0.2626155478102743,0.25708804786058004,1.0215004158913363,0.0,0.0,nan,6599.0,30756.0,259.0,376.0,0.03924837096529777,0.012225256860449993,3.210433237789091,74.0,74.0,0.00015389129343763215,0.00015389129343763215,48.0,0.00034935590278839756,0.00034935590278839756,0.0,nan,nan
920102,ggi,wsc,mainline-fast,2770.0,31962.0,146.0,2972.0,0.05270758122743682,0.09298542018647143,0.5668370495260214,65.0,0.0,0.0,2770.0,31962.0,133.0,647.0,0.048014440433213,0.020242788311119454,2.371928199577054,2433.0,2206.0,0.005021902884795744,0.00428205666232319,1314.0,0.012187050309883932,0.010503592220017656,21.0,0.03281387489380022,0.032808999069900924
920102,ggi,wsc,mainline-slow,9232.0,25780.0,1726.0,3502.0,0.18695840554592721,0.13584173778122577,1.3762957438532277,0.0,0.0,nan,9232.0,25780.0,23.0,145.0,0.002491334488734835,0.005624515128006206,0.44294209047988997,0.0,0.0,nan,nan,0.0,nan,nan,0.0,nan,nan
920102,ggi,wsc,ramp-fast,2777.0,31321.0,103.0,2204.0,0.037090385307886206,0.07036812362312825,0.5270907251489583,56.0,0.0,0.0,2777.0,31321.0,85.0,710.0,0.030608570399711918,0.022668497174419718,1.3502690612526438,2347.0,2406.0,0.005847853625059721,0.005131346368480093,1560.0,0.014542620946406274,0.012629740904228002,142.0,0.04057073713744199,0.04576009507441029
920102,ggi,wsc,ramp-slow,9570.0,25786.0,2000.0,4131.0,0.2089864158829676,0.16020321104475296,1.3045082836984272,0.0,0.0,nan,9570.0,25786.0,29.0,182.0,0.0030303030303030303,0.0070580935391297605,0.4293373293373293,0.0,0.0,nan,nan,0.0,nan,nan,0.0,nan,nan
920102,maximin,original,mainline-fast,1097.0,32916.0,51.0,1208.0,0.04649042844120328,0.036699477457771294,1.2667872041147743,0.0,0.0,nan,1097.0,32916.0,35.0,204.0,0.03190519598906107,0.006197593875318994,5.147997211646737,776.0,771.0,0.0003461193849364049,0.0003461193849364049,431.0,0.0008280096608617939,0.0008280096608617939,0.0,nan,nan
920102,maximin,original,mainline-slow,2423.0,30889.0,392.0,3928.0,0.16178291374329343,0.12716501019780505,1.2722282134970955,0.0,0.0,nan,2423.0,30889.0,61.0,256.0,0.025175402393726783,0.008287739972158373,3.0376679864836977,0.0,0.0,nan,nan,0.0,nan,nan,0.0,nan,nan
920102,maximin,original,ramp-fast,1115.0,31126.0,281.0,1107.0,0.2520179372197309,0.03556512240570584,7.086097844535994,0.0,0.0,nan,1115.0,31126.0,171.0,111.0,0.15336322869955157,0.003566150485124976,43.005259968488666,870.0,824.0,0.0004253530300233854,0.0004253530300233854,452.0,0.0010254873706035113,0.0010254873706035113,0.0,nan,nan
920102,maximin,original,ramp-slow,2447.0,31572.0,507.0,3504.0,0.2071924805884757,0.11098441657164576,1.8668610151653409,0.0,0.0,nan,2447.0,31572.0,24.0,241.0,0.009807928075194115,0.00763334600278728,1.2848792746474216,0.0,0.0,nan,nan,0.0,nan,nan,0.0,nan,nan
920102,maximin,wsc,mainline-fast,1745.0,28348.0,389.0,8455.0,0.22292263610315186,0.2982573726541555,0.7474170181256238,6.0,0.0,0.0,1745.0,28348.0,249.0,1249.0,0.14269340974212033,0.04405954564695922,3.2386491428099498,2151.5,1643.0,-0.0002152588075156397,0.0032619371857628855,903.0,-0.0015071357437198645,0.005113367747778431,76.0,-0.016240151139624567,0.015680563363356093
920102,maximin,wsc,mainline-slow,5529.0,24044.0,958.0,5877.0,0.17326822210164586,0.2444268840459158,0.7088754691529646,0.0,0.0,nan,5529.0,24044.0,111.0,633.0,0.020075963103635377,0.026326734320412576,0.762569442122921,0.0,0.0,nan,nan,0.0,nan,nan,0.0,nan,nan
920102,maximin,wsc,ramp-fast,2993.0,26539.0,725.0,8662.0,0.24223187437353827,0.3263875805418441,0.7421602071114445,11.0,0.0,0.0,2993.0,26539.0,548.0,983.0,0.18309388573337787,0.0370398281773993,4.9431623941791605,1203.5,1020.0,-0.0014253381382673326,-0.00012013342218113476,658.0,-0.0007218165343662136,0.0035786414812682727,30.0,-0.01934472968842491,0.019334750209321162
920102,maximin,wsc,ramp-slow,5546.0,24602.0,1126.0,5502.0,0.20302921024161558,0.22364035444272823,0.9078379917056028,0.0,0.0,nan,5546.0,24602.0,76.0,545.0,0.013703570140641904,0.02215267051459231,0.6185967570643526,0.0,0.0,nan,nan,0.0,nan,nan,0.0,nan,nan
920103,baseline,original,mainline-fast,6981.0,19193.0,411.0,2698.0,0.0588740868070477,0.1405720835721357,0.41881777171522105,11.0,0.0,0.0,6981.0,19193.0,153.0,538.0,0.02191663085517834,0.028031052988068565,0.7818696951736764,1780.0,1778.0,0.010118248192644947,0.010046734750545799,1287.0,0.023238842942987847,0.023031345607841383,287.0,0.049235860879254814,0.049077526220051036
920103,baseline,original,mainline-slow,4711.0,24558.0,1073.0,4845.0,0.22776480577372107,0.1972880527730271,1.1544784520518148,0.0,0.0,nan,4711.0,24558.0,187.0,700.0,0.039694332413500316,0.028503949833048294,1.3925905934439153,3698.0,3698.0,0.006564146075761222,0.006564146075761222,2553.0,0.014985162424550521,0.014985162424550521,403.0,0.040583086638305316,0.040583086638305316
920103,baseline,original,ramp-fast,7779.0,18653.0,270.0,1765.0,0.034708831469340534,0.0946228488714952,0.36681237019694557,29.0,0.0,0.0,7779.0,18653.0,128.0,234.0,0.016454557141020697,0.012544898943869618,1.311653223724184,672.0,674.0,0.009057432441792971,0.009000684963395502,486.0,0.020996733198091585,0.020792752444408365,111.0,0.04250570793246532,0.04242476715509115
920103,baseline,original,ramp-slow,3222.0,24671.0,770.0,4756.0,0.23898199875853507,0.19277694459081512,1.2396814321639653,0.0,0.0,nan,3222.0,24671.0,150.0,719.0,0.04655493482309125,0.029143528839528192,1.5974364353553325,4583.0,4581.0,0.0034345098474229062,0.0034345098474229062,3151.0,0.007811795949138197,0.007811795949138197,452.0,0.01939409421620888,0.01939409421620888
920103,baseline,wsc,mainline-fast,10.0,35460.0,2.0,1801.0,0.2,0.050789622109419064,3.937812326485286,0.0,0.0,nan,10.0,35460.0,2.0,55.0,0.2,0.001551043429216018,128.94545454545457,0.0,0.0,nan,nan,0.0,nan,nan,0.0,nan,nan
920103,baseline,wsc,mainline-slow,0.0,35559.0,0.0,3212.0,nan,0.09032874940240164,nan,0.0,0.0,nan,0.0,35559.0,0.0,77.0,nan,0.0021654152254000393,nan,0.0,0.0,nan,nan,0.0,nan,nan,0.0,nan,nan
920103,baseline,wsc,ramp-fast,0.0,35116.0,0.0,1959.0,nan,0.055786536051942136,nan,0.0,0.0,nan,0.0,35116.0,0.0,74.0,nan,0.002107301514978927,nan,11.0,7.0,-0.009939272185513175,-0.009939272185513175,0.0,nan,nan,0.0,nan,nan
920103,baseline,wsc,ramp-slow,0.0,36124.0,0.0,2868.0,nan,0.07939320119588085,nan,0.0,0.0,nan,0.0,36124.0,0.0,96.0,nan,0.0026575130107407818,nan,0.0,0.0,nan,nan,0.0,nan,nan,0.0,nan,nan
920103,mean,original,mainline-fast,0.0,33584.0,0.0,2725.0,nan,0.08113982848975702,nan,0.0,0.0,nan,0.0,33584.0,0.0,181.0,nan,0.005389471176750833,nan,0.0,0.0,nan,nan,0.0,nan,nan,0.0,nan,nan
920103,mean,original,mainline-slow,0.0,34112.0,0.0,1199.0,nan,0.03514892120075047,nan,0.0,0.0,nan,0.0,34112.0,0.0,169.0,nan,0.004954268292682927,nan,0.0,0.0,nan,nan,0.0,nan,nan,0.0,nan,nan
920103,mean,original,ramp-fast,0.0,32756.0,0.0,2076.0,nan,0.06337770179509097,nan,0.0,0.0,nan,0.0,32756.0,0.0,167.0,nan,0.0050983026010501895,nan,0.0,0.0,nan,nan,0.0,nan,nan,0.0,nan,nan
920103,mean,original,ramp-slow,0.0,34517.0,0.0,809.0,nan,0.023437726337746618,nan,0.0,0.0,nan,0.0,34517.0,0.0,147.0,nan,0.004258771040356926,nan,0.0,0.0,nan,nan,0.0,nan,nan,0.0,nan,nan
920103,mean,wsc,mainline-fast,0.0,31242.0,0.0,4894.0,nan,0.15664810191409,nan,0.0,0.0,nan,0.0,31242.0,0.0,377.0,nan,0.012067089174828757,nan,0.0,0.0,nan,nan,0.0,nan,nan,0.0,nan,nan
920103,mean,wsc,mainline-slow,0.0,35319.0,0.0,3464.0,nan,0.09807752201364704,nan,0.0,0.0,nan,0.0,35319.0,0.0,141.0,nan,0.003992185509216002,nan,0.0,0.0,nan,nan,0.0,nan,nan,0.0,nan,nan
920103,mean,wsc,ramp-fast,0.0,31478.0,0.0,3439.0,nan,0.1092509053942436,nan,0.0,0.0,nan,0.0,31478.0,0.0,67.0,nan,0.002128470677933795,nan,0.0,0.0,nan,nan,0.0,nan,nan,0.0,nan,nan
920103,mean,wsc,ramp-slow,0.0,36213.0,0.0,3336.0,nan,0.09212161378510479,nan,0.0,0.0,nan,0.0,36213.0,0.0,179.0,nan,0.004942976279236738,nan,0.0,0.0,nan,nan,0.0,nan,nan,0.0,nan,nan
920103,ggi,original,mainline-fast,0.0,33577.0,0.0,745.0,nan,0.022187807129880572,nan,0.0,0.0,nan,0.0,33577.0,0.0,65.0,nan,0.0019358489442177682,nan,0.0,0.0,nan,nan,0.0,nan,nan,0.0,nan,nan
920103,ggi,original,mainline-slow,0.0,32019.0,0.0,2106.0,nan,0.06577344701583435,nan,0.0,0.0,nan,0.0,32019.0,0.0,170.0,nan,0.005309347574877416,nan,0.0,0.0,nan,nan,0.0,nan,nan,0.0,nan,nan
920103,ggi,original,ramp-fast,0.0,33188.0,0.0,655.0,nan,0.019736049174400385,nan,0.0,0.0,nan,0.0,33188.0,0.0,83.0,nan,0.0025009039411835604,nan,0.0,0.0,nan,nan,0.0,nan,nan,0.0,nan,nan
920103,ggi,original,ramp-slow,0.0,33628.0,0.0,3468.0,nan,0.10312834542643036,nan,0.0,0.0,nan,0.0,33628.0,0.0,223.0,nan,0.0066313786130605444,nan,0.0,0.0,nan,nan,0.0,nan,nan,0.0,nan,nan
920103,ggi,wsc,mainline-fast,328.0,31600.0,0.0,1844.0,0.0,0.05835443037974684,0.0,0.0,0.0,nan,328.0,31600.0,0.0,1.0,0.0,3.1645569620253167e-05,0.0,0.0,0.0,nan,nan,0.0,nan,nan,0.0,nan,nan
920103,ggi,wsc,mainline-slow,0.0,31882.0,0.0,1564.0,nan,0.049055893607678314,nan,0.0,0.0,nan,0.0,31882.0,0.0,28.0,nan,0.0008782385044852895,nan,0.0,0.0,nan,nan,0.0,nan,nan,0.0,nan,nan
920103,ggi,wsc,ramp-fast,0.0,31985.0,0.0,2317.0,nan,0.07244020634672503,nan,0.0,0.0,nan,0.0,31985.0,0.0,86.0,nan,0.0026887603564170704,nan,369.0,369.0,2.219054731720894e-05,2.219054731720894e-05,13.0,1.5006133847835694e-06,1.5006133847835694e-06,0.0,nan,nan
920103,ggi,wsc,ramp-slow,0.0,32699.0,0.0,1615.0,nan,0.04938988959907031,nan,0.0,0.0,nan,0.0,32699.0,0.0,55.0,nan,0.0016820086241169454,nan,0.0,0.0,nan,nan,0.0,nan,nan,0.0,nan,nan
920103,maximin,original,mainline-fast,570.0,30818.0,14.0,1512.0,0.02456140350877193,0.04906223635537673,0.5006172839506172,0.0,0.0,nan,570.0,30818.0,0.0,76.0,0.0,0.002466091245376079,0.0,1495.5,1486.0,0.0023072152202811592,0.0022121177103043986,980.0,0.005973831968045271,0.00574917217444055,97.0,0.009998534510275622,0.009792006202221794
920103,maximin,original,mainline-slow,599.0,31098.0,144.0,1368.0,0.24040066777963273,0.043989967200463054,5.464897636411563,0.0,0.0,nan,599.0,31098.0,8.0,70.0,0.01335559265442404,0.0022509486140587817,5.933317433818269,0.0,0.0,nan,nan,0.0,nan,nan,0.0,nan,nan
920103,maximin,original,ramp-fast,1488.0,29556.0,14.0,530.0,0.009408602150537635,0.017932061172012452,0.5246804625684723,0.0,0.0,nan,1488.0,29556.0,0.0,40.0,0.0,0.0013533631073216945,0.0,576.5,577.0,0.0021795434048601943,0.0020939270159345586,384.0,0.0053689273471452595,0.00511044562352925,38.0,0.007320402330417916,0.008052374631278973
920103,maximin,original,ramp-slow,584.0,31056.0,162.0,1560.0,0.2773972602739726,0.05023183925811438,5.522339304531085,0.0,0.0,nan,584.0,31056.0,17.0,98.0,0.02910958904109589,0.003155589902112313,9.224769359798714,0.0,0.0,nan,nan,0.0,nan,nan,0.0,nan,nan
920103,maximin,wsc,mainline-fast,0.0,32287.0,0.0,1737.0,nan,0.05379874252795243,nan,0.0,0.0,nan,0.0,32287.0,0.0,16.0,nan,0.0004955554867284046,nan,0.0,0.0,nan,nan,0.0,nan,nan,0.0,nan,nan
920103,maximin,wsc,mainline-slow,77.0,31994.0,2.0,3150.0,0.025974025974025976,0.09845596049259236,0.26381364667078955,0.0,0.0,nan,77.0,31994.0,1.0,105.0,0.012987012987012988,0.0032818653497530786,3.957204700061843,8.0,0.0,nan,nan,0.0,nan,nan,0.0,nan,nan
920103,maximin,wsc,ramp-fast,0.0,31834.0,0.0,2461.0,nan,0.07730728152290005,nan,0.0,0.0,nan,0.0,31834.0,0.0,52.0,nan,0.0016334736445310046,nan,0.0,0.0,nan,nan,0.0,nan,nan,0.0,nan,nan
920103,maximin,wsc,ramp-slow,0.0,32960.0,0.0,3806.0,nan,0.11547330097087379,nan,0.0,0.0,nan,0.0,32960.0,0.0,191.0,nan,0.005794902912621359,nan,95.0,103.0,-0.016853135414750697,-0.005232398837037625,69.0,-0.04230297666146561,-0.007511736852978225,8.0,-0.15544169118454548,-0.04644791612579177
920104,baseline,original,mainline-fast,94.0,34481.0,82.0,3943.0,0.8723404255319149,0.11435283199443172,7.628498659083428,0.0,0.0,nan,94.0,34481.0,1.0,756.0,0.010638297872340425,0.021925118181027232,0.48521051446583363,42.0,8.0,-0.0003040423403268544,-0.0003040423403268544,0.0,nan,nan,0.0,nan,nan
920104,baseline,original,mainline-slow,50.0,33391.0,7.0,4973.0,0.14,0.14893234703962147,0.9400241303036396,0.0,0.0,nan,50.0,33391.0,1.0,403.0,0.02,0.01206912042167051,1.65712158808933,102.0,0.0,nan,nan,0.0,nan,nan,0.0,nan,nan
920104,baseline,original,ramp-fast,106.0,32797.0,72.0,3207.0,0.6792452830188679,0.09778333384150989,6.946432038406551,0.0,0.0,nan,106.0,32797.0,21.0,743.0,0.19811320754716982,0.022654511083330792,8.744978287919958,14.0,0.0,nan,nan,0.0,nan,nan,0.0,nan,nan
920104,baseline,original,ramp-slow,64.0,33837.0,3.0,5560.0,0.046875,0.16431716759760026,0.285271470323741,0.0,0.0,nan,64.0,33837.0,0.0,699.0,0.0,0.020657859739338594,0.0,3.0,0.0,nan,nan,0.0,nan,nan,0.0,nan,nan
920104,baseline,wsc,mainline-fast,52.0,35209.0,4.0,7825.0,0.07692307692307693,0.22224431253372717,0.3461194396657656,0.0,0.0,nan,52.0,35209.0,6.0,222.0,0.11538461538461539,0.0063052060552699594,18.299896049896052,47.0,7.0,-0.02292120581808518,-0.013177282674648667,0.0,nan,nan,0.0,nan,nan
920104,baseline,wsc,mainline-slow,19.0,35253.0,0.0,6651.0,0.0,0.1886647944855757,0.0,0.0,0.0,nan,19.0,35253.0,0.0,76.0,0.0,0.0021558448926332512,0.0,0.0,0.0,nan,nan,0.0,nan,nan,0.0,nan,nan
920104,baseline,wsc,ramp-fast,46.0,35326.0,16.0,8663.0,0.34782608695652173,0.2452301421049652,1.4183659641955542,0.0,0.0,nan,46.0,35326.0,6.0,292.0,0.13043478260869565,0.008265866500594464,15.77992852888624,53.0,19.0,-0.010954274324290946,-0.008127113114894745,3.0,-0.01286763519471982,-0.011954521280818345,0.0,nan,nan
920104,baseline,wsc,ramp-slow,21.0,35712.0,0.0,7019.0,0.0,0.1965445788530466,0.0,0.0,0.0,nan,21.0,35712.0,0.0,104.0,0.0,0.0029121863799283156,0.0,0.0,0.0,nan,nan,0.0,nan,nan,0.0,nan,nan
920104,mean,original,mainline-fast,822.0,29632.0,0.0,3526.0,0.0,0.11899298056155508,0.0,70.0,0.0,0.0,822.0,29632.0,0.0,234.0,0.0,0.007896868250539956,0.0,2594.0,2594.0,0.0010196063240560857,0.0010196063240560857,1685.0,0.002304461099176058,0.002304461099176058,0.0,nan,nan
920104,mean,original,mainline-slow,3889.0,30704.0,466.0,4911.0,0.11982514785291849,0.15994658676393955,0.7491572672930176,0.0,0.0,nan,3889.0,30704.0,35.0,142.0,0.008999742864489586,0.00462480458572173,1.9459725697978043,0.0,0.0,nan,nan,0.0,nan,nan,0.0,nan,nan
920104,mean,original,ramp-fast,1022.0,29246.0,0.0,3839.0,0.0,0.13126581412842783,0.0,44.0,0.0,0.0,1022.0,29246.0,0.0,210.0,0.0,0.007180469123982767,0.0,2016.0,2016.0,0.0009755154152418339,0.0009755154152418339,1305.0,0.0022095405283991416,0.0022095405283991416,0.0,nan,nan
920104,mean,original,ramp-slow,4327.0,30649.0,165.0,4764.0,0.03813265541945921,0.15543737152925055,0.24532488579995915,0.0,0.0,nan,4327.0,30649.0,15.0,103.0,0.0034666050381326552,0.003360631668243662,1.0315337651818228,0.0,0.0,nan,nan,0.0,nan,nan,0.0,nan,nan
920104,mean,wsc,mainline-fast,7612.0,24741.0,673.0,1807.0,0.08841303205465055,0.07303665979548118,1.2105295108268452,0.0,0.0,nan,7612.0,24741.0,99.0,96.0,0.01300578034682081,0.0038801988601915847,3.3518334537572256,2000.0,1872.0,0.007704212525686296,0.006825618946067966,1242.0,0.024237284993698763,0.019756592593905234,179.0,0.005630749458466869,0.016822273308665994
920104,mean,wsc,mainline-slow,9809.0,22630.0,1856.0,1203.0,0.1892139871546539,0.05315952275740168,3.5593620360015112,168.0,168.0,1.0,9809.0,22630.0,117.0,166.0,0.011927821388520747,0.007335395492708794,1.6260638435073764,2329.0,2305.0,0.0015837023245161323,0.0008769299724559834,1334.0,0.00468975778427144,0.0028343202125081213,6.0,0.08596264287580417,-0.021043018244354394
920104,mean,wsc,ramp-fast,8384.0,23762.0,369.0,1707.0,0.044012404580152674,0.0718373874253009,0.6126671105059097,0.0,0.0,nan,8384.0,23762.0,89.0,102.0,0.010615458015267176,0.004292567965659457,2.472985425086065,1476.0,1415.0,0.005881580511250337,0.006460009805368373,981.0,0.019721655269933594,0.018304436425361736,176.0,0.002690984047916241,0.020890185747778168
920104,mean,wsc,ramp-slow,11017.0,21699.0,1821.0,1158.0,0.16529000635381683,0.05336651458592562,3.0972606631014434,141.0,141.0,1.0,11017.0,21699.0,115.0,126.0,0.010438413361169102,0.005806719203649938,1.7976439009841931,1437.0,1430.0,-0.0033169863704996354,-0.002494316344721583,868.0,-0.011430638622648728,0.0019306690496743004,74.0,-0.2573284124660113,0.20899049407449502
920104,ggi,original,mainline-fast,454.0,31683.0,60.0,1440.0,0.13215859030837004,0.04545024145440773,2.9077643171806167,12.0,0.0,0.0,454.0,31683.0,52.0,163.0,0.1145374449339207,0.005144714831297541,22.26312802356693,1610.0,1212.0,0.0025180665868973283,0.0020696262339994415,740.0,0.005758270275845688,0.0048683021769731875,44.0,0.013940472464105243,0.013287897333705105
920104,ggi,original,mainline-slow,241.0,32396.0,0.0,5816.0,0.0,0.17952833683170763,0.0,0.0,0.0,nan,241.0,32396.0,0.0,243.0,0.0,0.007500926040251883,0.0,0.0,0.0,nan,nan,0.0,nan,nan,0.0,nan,nan
920104,ggi,original,ramp-fast,1986.0,29829.0,156.0,1022.0,0.07854984894259819,0.034261959837741794,2.2926256791670854,4.0,0.0,0.0,1986.0,29829.0,111.0,86.0,0.055891238670694864,0.0028831003385966676,19.385811143118104,479.0,677.0,0.0023150883579391595,0.0018817814341949028,443.0,0.0051547309551810165,0.004328149072111529,30.0,0.011782225155995881,0.011076996031814782
920104,ggi,original,ramp-slow,60.0,32920.0,0.0,5022.0,0.0,0.1525516403402187,0.0,0.0,0.0,nan,60.0,32920.0,0.0,224.0,0.0,0.006804374240583232,0.0,0.0,0.0,nan,nan,0.0,nan,nan,0.0,nan,nan
920104,ggi,wsc,mainline-fast,11118.0,20343.0,166.0,1257.0,0.014930742939377586,0.06179029641645775,0.2416357228446764,7.0,0.0,0.0,11118.0,20343.0,63.0,165.0,0.005666486778197518,0.008110898097625718,0.6986263062355885,402.0,370.0,0.003490389328397539,0.0017140506515655875,214.0,0.008950311675123487,0.004364633372395579,5.0,0.03193591601407921,0.017404076274904968
920104,ggi,wsc,mainline-slow,5913.0,27986.0,460.0,2203.0,0.07779468966683578,0.07871793039376832,0.9882715320091086,107.0,107.0,1.0,5913.0,27986.0,17.0,383.0,0.0028750211398613224,0.013685414135639248,0.21007922094036285,2677.0,2544.0,0.001120092647518293,0.0015241608578628611,1490.0,0.0032817743077275746,0.004029346288330502,0.0,nan,nan
920104,ggi,wsc,ramp-fast,7539.0,23437.0,197.0,1418.0,0.02613078657646903,0.06050262405597986,0.4318950951993686,1.0,0.0,0.0,7539.0,23437.0,115.0,175.0,0.015254012468497148,0.007466825958953791,2.042904515566672,1094.0,1057.0,0.0040225804132588035,0.002094551585522539,681.0,0.009896545119395465,0.005125802619387096,46.0,0.025682368738255187,0.012727468352887598
920104,ggi,wsc,ramp-slow,4623.0,32111.0,194.0,2089.0,0.04196409258057538,0.06505558842764161,0.6450497735063936,161.0,161.0,1.0,4623.0,32111.0,22.0,478.0,0.004758814622539477,0.01488586465697113,0.31968681243591035,3319.0,3089.0,0.00264980723775594,0.0020481100555601226,1829.0,0.0065479180501620115,0.004962663354502694,0.0,nan,nan
920104,maximin,original,mainline-fast,138.0,24858.0,0.0,819.0,0.0,0.03294713975380159,0.0,0.0,0.0,nan,138.0,24858.0,0.0,458.0,0.0,0.018424652023493443,0.0,583.5,321.0,-0.004694562704995942,-0.002359040431765236,94.0,-0.0041526538261609834,-0.004254209935790388,0.0,nan,nan
920104,maximin,original,mainline-slow,92.0,26773.0,29.0,1506.0,0.31521739130434784,0.05625070033242446,5.603794965067268,0.0,0.0,nan,92.0,26773.0,20.0,438.0,0.21739130434782608,0.016359765435326634,13.288167560055589,929.5,842.0,-0.0009571498144073296,0.0007615971064178974,467.0,0.003827805464525364,0.004490640688782657,23.0,0.041978137363054696,0.041978137363054696
920104,maximin,original,ramp-fast,679.0,23206.0,130.0,579.0,0.19145802650957292,0.02495044385072826,7.673531888050343,0.0,0.0,nan,679.0,23206.0,142.0,222.0,0.20913107511045656,0.00956649142463156,21.86079157213178,105.5,85.0,-0.012775555356331599,-0.003507005560652605,2.0,-0.017529591595219385,-0.0060161105173542895,0.0,nan,nan
920104,maximin,original,ramp-slow,1153.0,25524.0,78.0,870.0,0.06764960971379011,0.034085566525622946,1.984699584292849,0.0,0.0,nan,1153.0,25524.0,75.0,163.0,0.06504770164787511,0.006386146372041999,10.185751759879537,128.5,128.0,0.005497341709143094,0.010368044506848192,89.0,0.015039375260862164,0.025631069913659706,13.0,0.07418232255947078,0.07418232255947078
920104,maximin,wsc,mainline-fast,611.0,33435.0,27.0,1349.0,0.044189852700491,0.04034694182742635,1.0952466456937855,56.0,0.0,0.0,611.0,33435.0,39.0,157.0,0.06382978723404255,0.004695678181546284,13.59330532592492,2710.0,2616.0,0.0038130843191870128,0.0033720244251744342,1708.0,0.008946476465587298,0.008068460934604735,126.0,0.02637596359166703,0.02567683877962769
920104,maximin,wsc,mainline-slow,3048.0,31720.0,109.0,631.0,0.035761154855643046,0.01989281210592686,1.797692285294766,0.0,0.0,nan,3048.0,31720.0,0.0,4.0,0.0,0.00012610340479192938,0.0,140.0,140.0,0.00040628355845651054,0.00040628355845651054,96.0,0.0008953741054385558,0.0008953741054385558,0.0,nan,nan
920104,maximin,wsc,ramp-fast,3870.0,30050.0,313.0,1245.0,0.08087855297157623,0.041430948419301165,1.9521289291533057,53.0,0.0,0.0,3870.0,30050.0,67.0,48.0,0.01731266149870801,0.0015973377703826955,10.838447459086993,189.0,186.0,0.004834536067599944,0.00422261900016672,123.0,0.011753608336419943,0.010469293221527535,12.0,0.035527781885834636,0.03642995315759151
920104,maximin,wsc,ramp-slow,2896.0,32056.0,157.0,1451.0,0.05421270718232044,0.045264537060144744,1.197686107123683,0.0,0.0,nan,2896.0,32056.0,6.0,1.0,0.0020718232044198894,3.119540803593711e-05,66.41436464088397,0.0,0.0,nan,nan,0.0,nan,nan,0.0,nan,nan
920105,baseline,original,mainline-fast,1412.0,31485.0,0.0,1516.0,0.0,0.048149912656820705,0.0,10.0,0.0,0.0,1412.0,31485.0,0.0,118.0,0.0,0.0037478164205177068,0.0,3580.0,3239.0,0.0055561779136456295,0.005484116795057526,1870.0,0.014020366706318519,0.01383790867187353,35.0,0.04308630743999715,0.042258117486481596
920105,baseline,original,mainline-slow,4855.0,29051.0,1572.0,4406.0,0.32378990731204943,0.15166431448142922,2.1349116199097473,0.0,0.0,nan,4855.0,29051.0,66.0,65.0,0.013594232749742533,0.0022374444941654333,6.075785470965697,0.0,0.0,nan,nan,0.0,nan,nan,0.0,nan,nan
920105,baseline,original,ramp-fast,4610.0,30412.0,47.0,978.0,0.010195227765726681,0.032158358542680524,0.3170319701546828,18.0,0.0,0.0,4610.0,30412.0,0.0,58.0,0.0,0.00190714191766408,0.0,1102.0,1042.0,0.0019761167754302686,0.0018811608405612994,579.0,0.004896933731173745,0.004672175701443146,3.0,0.014617634784598025,0.014057968160858173
920105,baseline,original,ramp-slow,4591.0,29489.0,1993.0,5024.0,0.43411021563929425,0.1703686120248228,2.548064520100945,0.0,0.0,nan,4591.0,29489.0,46.0,46.0,0.01001960357220649,0.0015599036929024382,6.423219342191244,0.0,0.0,nan,nan,0.0,nan,nan,0.0,nan,nan
920105,baseline,wsc,mainline-fast,3247.0,29732.0,408.0,2659.0,0.1256544502617801,0.08943226153639176,1.4050237364359708,0.0,0.0,nan,3247.0,29732.0,86.0,383.0,0.02648598706498306,0.01288174357594511,2.0560871211908,3484.0,3366.0,0.018339265286173103,0.019104217776070694,2386.0,0.04385628117055691,0.04409251772553676,472.0,0.10435185585765419,0.10672649524366425
920105,baseline,wsc,mainline-slow,9197.0,23094.0,1230.0,1266.0,0.13373926280308795,0.05481943361912185,2.4396323342610686,5.0,5.0,1.0,9197.0,23094.0,61.0,5.0,0.0066325975861694034,0.00021650645189226638,30.634641730999242,31.0,31.0,-0.09277329408357196,0.015750819514791944,31.0,-0.18312383214298011,0.07762843651148403,31.0,-0.1869985373727102,0.10305596645934136
920105,baseline,wsc,ramp-fast,5239.0,27658.0,960.0,2094.0,0.18324107654132468,0.07571046351869261,2.4202873423973057,0.0,0.0,nan,5239.0,27658.0,148.0,251.0,0.028249665966787556,0.009075131969050547,3.1128655829060166,2021.0,1810.0,0.010346183489855583,0.007696339730844061,1030.0,0.02403332179675317,0.01736779303314936,0.0,nan,nan
920105,baseline,wsc,ramp-slow,8844.0,24031.0,2191.0,3014.0,0.24773857982813208,0.12542133078107445,1.9752507670371073,14.0,14.0,1.0,8844.0,24031.0,107.0,27.0,0.012098597919493442,0.0011235487495318546,10.768200244568405,43.0,43.0,-0.0022859222883907567,-0.008452828566031117,33.0,0.008339671807460192,-0.019469426495073588,8.0,0.0027615787714371787,-0.035809260475233126
920105,mean,original,mainline-fast,406.0,32208.0,13.0,2087.0,0.03201970443349754,0.06479756582215598,0.4941498037345897,0.0,0.0,nan,406.0,32208.0,2.0,442.0,0.0049261083743842365,0.013723298559364133,0.358959498918931,256.0,220.0,-0.0010870641936104168,-0.0005670656599782437,124.0,-0.0001177706325813744,0.00047910149388653264,11.0,-0.00745768471629911,0.006135257441103154
920105,mean,original,mainline-slow,416.0,34520.0,92.0,2311.0,0.22115384615384615,0.06694669756662804,3.303431747828113,0.0,0.0,nan,416.0,34520.0,0.0,155.0,0.0,0.0044901506373117035,0.0,0.0,0.0,nan,nan,0.0,nan,nan,0.0,nan,nan
920105,mean,original,ramp-fast,317.0,30263.0,10.0,2456.0,0.031545741324921134,0.08115520602716188,0.3887087824576907,0.0,0.0,nan,317.0,30263.0,2.0,543.0,0.006309148264984227,0.01794270230975118,0.3516275394902719,355.0,337.0,-0.003296553714975013,-0.0012687891797253659,211.0,-0.006477427539148837,-0.001839755367585433,17.0,4.3228676375667626e-05,4.3228676375667626e-05
920105,mean,original,ramp-slow,382.0,33693.0,71.0,2400.0,0.18586387434554974,0.07123141305315644,2.6092964659685864,0.0,0.0,nan,382.0,33693.0,1.0,312.0,0.002617801047120419,0.009260083696910337,0.28269734192509066,74.0,74.0,0.0009654987900471734,0.0009654987900471734,48.0,0.002474832460940983,0.002474832460940983,0.0,nan,nan
920105,mean,wsc,mainline-fast,771.0,32290.0,82.0,6138.0,0.10635538261997406,0.19008981108702386,0.5595007013357709,0.0,0.0,nan,771.0,32290.0,11.0,254.0,0.014267185473411154,0.007866212449674823,1.81372999581278,882.5,785.0,0.00027569594832300086,0.0010399442497591215,367.0,0.000854490892436824,0.002190600079726823,2.0,-0.009288156508770684,-0.0029334406513812916
920105,mean,wsc,mainline-slow,734.0,32487.0,363.0,6379.0,0.494550408719346,0.1963554652630283,2.51864855432911,0.0,0.0,nan,734.0,32487.0,21.0,240.0,0.02861035422343324,0.007387570412780497,3.872769073569482,0.0,0.0,nan,nan,0.0,nan,nan,0.0,nan,nan
920105,mean,wsc,ramp-fast,857.0,32571.0,171.0,6363.0,0.19953325554259044,0.195357833655706,1.021373199163557,0.0,0.0,nan,857.0,32571.0,21.0,261.0,0.024504084014002333,0.00801326333241227,3.0579406912646356,785.5,712.0,-0.0004700617435839322,7.5779260104802e-05,435.0,-0.0008060441222915365,0.0014674695240120082,17.0,-0.0031137301823826423,0.0036383330545482384
920105,mean,wsc,ramp-slow,727.0,32759.0,276.0,7518.0,0.3796423658872077,0.22949418480417594,1.654257018369119,0.0,0.0,nan,727.0,32759.0,11.0,180.0,0.015130674002751032,0.005494673219573247,2.7536986092006726,0.0,0.0,nan,nan,0.0,nan,nan,0.0,nan,nan
920105,ggi,original,mainline-fast,721.0,31527.0,0.0,653.0,0.0,0.020712405239953057,0.0,0.0,0.0,nan,721.0,31527.0,0.0,69.0,0.0,0.0021886002474069844,0.0,0.0,0.0,nan,nan,0.0,nan,nan,0.0,nan,nan
920105,ggi,original,mainline-slow,56.0,32673.0,0.0,1973.0,0.0,0.06038625164508922,0.0,0.0,0.0,nan,56.0,32673.0,0.0,86.0,0.0,0.0026321427478346033,0.0,0.0,0.0,nan,nan,0.0,nan,nan,0.0,nan,nan
920105,ggi,original,ramp-fast,6.0,31928.0,0.0,1159.0,0.0,0.036300425958406414,0.0,0.0,0.0,nan,6.0,31928.0,0.0,100.0,0.0,0.003132047105988474,0.0,755.0,755.0,0.00031427866600124393,0.00031427866600124393,511.0,0.0008175376139976847,0.0008175376139976847,0.0,nan,nan
920105,ggi,original,ramp-slow,0.0,33131.0,0.0,2373.0,nan,0.07162476230720473,nan,0.0,0.0,nan,0.0,33131.0,0.0,305.0,nan,0.00920587968971658,nan,66.0,66.0,6.8310411891851315e-06,6.8310411891851315e-06,36.0,1.7055028149273424e-05,1.7055028149273424e-05,0.0,nan,nan
920105,ggi,wsc,mainline-fast,53.0,33567.0,0.0,461.0,0.0,0.013733726576697351,0.0,2.0,0.0,0.0,53.0,33567.0,0.0,103.0,0.0,0.003068489885899842,0.0,299.0,219.0,0.0049352313395083685,0.008789908925360364,141.0,0.012697443598814362,0.020574920442458774,7.0,0.00867827420778541,0.009292543819757748
920105,ggi,wsc,mainline-slow,52.0,34077.0,0.0,1164.0,0.0,0.03415793643806673,0.0,0.0,0.0,nan,52.0,34077.0,0.0,94.0,0.0,0.0027584587845174164,0.0,0.0,0.0,nan,nan,0.0,nan,nan,0.0,nan,nan
920105,ggi,wsc,ramp-fast,211.0,33140.0,4.0,389.0,0.018957345971563982,0.011738080869040435,1.6150294228730857,2.0,0.0,0.0,211.0,33140.0,3.0,95.0,0.014218009478672985,0.0028666264333132166,4.959840359191818,136.0,216.0,-0.009087916449439213,-0.0036393737573725115,193.0,-0.012138746570988422,0.003525386018969548,102.0,-0.012306366178787824,0.020100150648612942
920105,ggi,wsc,ramp-slow,54.0,33989.0,4.0,1090.0,0.07407407407407407,0.032069198858454204,2.309819911654774,0.0,0.0,nan,54.0,33989.0,0.0,46.0,0.0,0.0013533790343934803,0.0,0.0,0.0,nan,nan,0.0,nan,nan,0.0,nan,nan
920105,maximin,original,mainline-fast,1978.0,32082.0,273.0,6813.0,0.13801820020222447,0.2123620721900131,0.6499192571389645,0.0,0.0,nan,1978.0,32082.0,109.0,901.0,0.0551061678463094,0.02808428402219313,1.9621710064875675,3165.0,2974.0,-0.0031595020376628995,0.0008064053245078346,1849.0,-0.0038442975735200396,0.007196907760190364,193.0,-0.11907209862035786,0.0020451862879320754
920105,maximin,original,mainline-slow,11240.0,24899.0,2755.0,4491.0,0.2451067615658363,0.18036868950560264,1.358920787403197,0.0,0.0,nan,11240.0,24899.0,172.0,173.0,0.015302491103202847,0.006948070203622636,2.2024088206858248,152.0,124.0,-0.02207469152154884,0.005086973752094057,75.0,-0.04114200831179197,0.01938143911224219,11.0,-0.047794962720235576,0.01696339142070463
920105,maximin,original,ramp-fast,1849.0,32181.0,392.0,6771.0,0.21200648999459168,0.21040365433019484,1.007617907918469,2.0,0.0,0.0,1849.0,32181.0,127.0,901.0,0.06868577609518658,0.027997886951928157,2.4532485688337395,3114.0,2957.0,0.0007294691938284081,0.0021032680744199517,1810.0,0.005738166517223114,0.009936424594529205,32.0,-0.053606602550067044,-0.015174179606898933
920105,maximin,original,ramp-slow,12145.0,25105.0,3189.0,4511.0,0.2625771922601894,0.1796853216490739,1.4613168724655408,0.0,0.0,nan,12145.0,25105.0,212.0,166.0,0.01745574310415809,0.006612228639713205,2.6399182568065593,15.0,15.0,-0.04807323033283968,-0.002866692877503881,15.0,-0.10911511686123969,0.03994087706693187,0.0,nan,nan
920105,maximin,wsc,mainline-fast,8487.0,22037.0,1007.0,1895.0,0.11865205608577825,0.08599174116259019,1.3798075778165146,6.0,0.0,0.0,8487.0,22037.0,67.0,132.0,0.00789442677035466,0.005989926033489132,1.3179506268053458,1838.5,1629.0,0.010473451399662832,0.009493357541211066,1050.0,0.023997958622910046,0.02168816314808555,103.0,0.0630686932669719,0.062256514162777776
920105,maximin,wsc,mainline-slow,6209.0,21513.0,5.0,803.0,0.0008052826542116283,0.03732626783805141,0.021574154097203934,5.0,5.0,1.0,6209.0,21513.0,6.0,122.0,0.0009663391850539539,0.005670989634174685,0.17040044990217795,2959.0,2846.0,0.010292177907561484,0.010267308541540508,1784.0,0.023803439377803753,0.023739720377656804,0.0,nan,nan
920105,maximin,wsc,ramp-fast,9156.0,21180.0,1122.0,1264.0,0.12254259501965924,0.05967894239848914,2.0533640526237202,8.0,0.0,0.0,9156.0,21180.0,44.0,92.0,0.004805591961555264,0.0043437204910292725,1.1063308450623968,1293.5,1394.0,0.006786106860609391,0.006201077336350341,912.0,0.01652520840329894,0.015324139735664188,101.0,0.05449079632258502,0.05728215982168932
920105,maximin,wsc,ramp-slow,6771.0,20748.0,62.0,1026.0,0.009156697681287846,0.04945054945054945,0.18516877533270978,2.0,2.0,1.0,6771.0,20748.0,3.0,137.0,0.00044306601683650863,0.0066030460767302875,0.06710024611185314,3735.0,3480.0,0.011383443901154373,0.011369965410734957,2107.0,0.0271730224813753,0.02713860964821699,0.0,nan,nan
920106,baseline,original,mainline-fast,145.0,34510.0,30.0,6943.0,0.20689655172413793,0.20118806143146914,1.0283739017715685,0.0,0.0,nan,145.0,34510.0,3.0,72.0,0.020689655172413793,0.0020863517820921473,9.916666666666666,141.0,136.0,0.0003489096515586879,0.0003489096515586879,71.0,0.0008948593700870203,0.0008948593700870203,0.0,nan,nan
920106,baseline,original,mainline-slow,376.0,34982.0,90.0,7591.0,0.2393617021276596,0.21699731290377908,1.1030629777143708,0.0,0.0,nan,376.0,34982.0,6.0,490.0,0.015957446808510637,0.014007203704762449,1.1392314372557533,21.5,19.0,-0.016302530272185024,-0.009890044854832464,9.0,-0.028806147528939667,-0.0178522511242513,0.0,nan,nan
920106,baseline,original,ramp-fast,179.0,35040.0,83.0,7048.0,0.46368715083798884,0.20114155251141552,2.305277776016335,0.0,0.0,nan,179.0,35040.0,5.0,166.0,0.027932960893854747,0.004737442922374429,5.896210540485966,121.0,115.0,-0.000775920072764757,-0.0007627627848010994,55.0,0.0020138554689159583,0.0020138554689159583,0.0,nan,nan
920106,baseline,original,ramp-slow,370.0,35657.0,61.0,7083.0,0.16486486486486487,0.19864262276691813,0.8299571490168696,0.0,0.0,nan,370.0,35657.0,4.0,337.0,0.010810810810810811,0.009451159660094792,1.143860774721309,35.5,32.0,-0.04031702860749807,-0.03746043459849714,17.0,-0.0844962797029029,-0.06374805826429819,0.0,nan,nan
920106,baseline,wsc,mainline-fast,4230.0,32523.0,674.0,7145.0,0.15933806146572105,0.21969068044153367,0.7252836631280121,100.0,0.0,0.0,4230.0,32523.0,132.0,195.0,0.031205673758865248,0.00599575684899917,5.204626295690125,1497.5,872.0,0.0019023595671680722,0.0018114238145536103,565.0,0.00427608665450347,0.004117958646208757,0.0,nan,nan
920106,baseline,wsc,mainline-slow,5150.0,31815.0,756.0,4788.0,0.14679611650485436,0.1504950495049505,0.9754215636177823,59.0,59.0,1.0,5150.0,31815.0,37.0,293.0,0.007184466019417476,0.009209492377809209,0.7801153119719011,2013.0,2005.0,0.0004192370071822082,0.0004194735443180901,1206.0,0.0009727162380533738,0.0009731094859451179,0.0,nan,nan
920106,baseline,wsc,ramp-fast,5434.0,31381.0,484.0,6354.0,0.08906882591093117,0.20247920716357032,0.4398912222082044,102.0,0.0,0.0,5434.0,31381.0,85.0,92.0,0.015642252484357747,0.002931710270545872,5.335538317517722,605.5,1203.0,0.00029891849781265,0.00023262915795191005,869.0,0.0006538588300961422,0.0005404719310994481,127.0,0.0014706376590849256,0.0014169075414043593
920106,baseline,wsc,ramp-slow,5723.0,31344.0,748.0,4933.0,0.13070068146077232,0.1573825931597754,0.8304646583633585,43.0,43.0,1.0,5723.0,31344.0,47.0,318.0,0.008212475974139438,0.010145482388973967,0.8094712167717816,1468.0,1468.0,0.00041953755753579037,0.00041953755753579037,890.0,0.0009713193132680759,0.0009713193132680759,0.0,nan,nan
920106,mean,original,mainline-fast,1124.0,33470.0,18.0,5517.0,0.01601423487544484,0.1648341798625635,0.09715360545244495,0.0,0.0,nan,1124.0,33470.0,5.0,564.0,0.004448398576512456,0.016850911263818345,0.26398563892885085,1510.5,1436.0,0.0036222916005495334,0.0027216258274514737,822.0,0.008497922006299024,0.00630078338291512,0.0,nan,nan
920106,mean,original,mainline-slow,7398.0,27224.0,723.0,2314.0,0.09772911597729116,0.08499853070819864,1.1497741803655033,0.0,0.0,nan,7398.0,27224.0,81.0,27.0,0.010948905109489052,0.0009917719659124301,11.039740470397406,0.0,0.0,nan,nan,0.0,nan,nan,0.0,nan,nan
920106,mean,original,ramp-fast,1736.0,33004.0,9.0,4705.0,0.005184331797235023,0.14255847776027147,0.03636635210115722,0.0,0.0,nan,1736.0,33004.0,1.0,448.0,0.000576036866359447,0.01357411222882075,0.04243643021724819,981.5,1022.0,0.002492972868116777,0.002445491302200417,609.0,0.0051992784752056456,0.006141941337259559,33.0,-0.031873928654665824,0.003258754108701383
920106,mean,original,ramp-slow,7377.0,27323.0,636.0,2458.0,0.08621390809272061,0.08996083885371299,0.9583493127816946,0.0,0.0,nan,7377.0,27323.0,74.0,69.0,0.010031177985631015,0.002525344947480145,3.972201102918786,0.0,0.0,nan,nan,0.0,nan,nan,0.0,nan,nan
920106,mean,wsc,mainline-fast,1116.0,33444.0,0.0,994.0,0.0,0.029721325200334887,0.0,0.0,0.0,nan,1116.0,33444.0,0.0,78.0,0.0,0.0023322569070685323,0.0,440.0,385.0,0.0008967899163921994,0.0008967899163921994,220.0,0.002150743167053351,0.002150743167053351,0.0,nan,nan
920106,mean,wsc,mainline-slow,1647.0,33162.0,26.0,969.0,0.015786278081360048,0.029220191785778903,0.5402523774345325,0.0,0.0,nan,1647.0,33162.0,17.0,224.0,0.010321797207043109,0.006754719256980882,1.5280867811605516,0.0,0.0,nan,nan,0.0,nan,nan,0.0,nan,nan
920106,mean,wsc,ramp-fast,437.0,33931.0,0.0,1121.0,0.0,0.033037635200848785,0.0,0.0,0.0,nan,437.0,33931.0,0.0,107.0,0.0,0.0031534584892870827,0.0,1058.0,940.0,0.0010784266283950343,0.0010784266283950343,540.0,0.0025931906374679265,0.0025931906374679265,0.0,nan,nan
920106,mean,wsc,ramp-slow,1704.0,34241.0,42.0,1063.0,0.02464788732394366,0.031044654069682546,0.7939494918712652,0.0,0.0,nan,1704.0,34241.0,27.0,218.0,0.01584507042253521,0.006366636488420315,2.4887663134771936,0.0,0.0,nan,nan,0.0,nan,nan,0.0,nan,nan
920106,ggi,original,mainline-fast,0.0,34810.0,0.0,8320.0,nan,0.23901177822464809,nan,0.0,0.0,nan,0.0,34810.0,0.0,350.0,nan,0.01005458201666188,nan,0.0,0.0,nan,nan,0.0,nan,nan,0.0,nan,nan
920106,ggi,original,mainline-slow,0.0,34652.0,0.0,8989.0,nan,0.2594078263880873,nan,0.0,0.0,nan,0.0,34652.0,0.0,164.0,nan,0.0047327715571972755,nan,0.0,0.0,nan,nan,0.0,nan,nan,0.0,nan,nan
920106,ggi,original,ramp-fast,0.0,34650.0,0.0,7579.0,nan,0.21873015873015872,nan,0.0,0.0,nan,0.0,34650.0,0.0,299.0,nan,0.008629148629148629,nan,0.0,0.0,nan,nan,0.0,nan,nan,0.0,nan,nan
920106,ggi,original,ramp-slow,0.0,35515.0,0.0,8861.0,nan,0.24950021117837534,nan,0.0,0.0,nan,0.0,35515.0,0.0,130.0,nan,0.0036604251724623397,nan,0.0,0.0,nan,nan,0.0,nan,nan,0.0,nan,nan
920106,ggi,wsc,mainline-fast,3.0,30873.0,0.0,1028.0,0.0,0.033297703494963235,0.0,0.0,0.0,nan,3.0,30873.0,0.0,2.0,0.0,6.4781524309267e-05,0.0,2.0,0.0,nan,nan,0.0,nan,nan,0.0,nan,nan
920106,ggi,wsc,mainline-slow,7.0,30538.0,0.0,3419.0,0.0,0.11195887091492567,0.0,0.0,0.0,nan,7.0,30538.0,0.0,246.0,0.0,0.008055537363285088,0.0,0.0,0.0,nan,nan,0.0,nan,nan,0.0,nan,nan
920106,ggi,wsc,ramp-fast,1.0,30569.0,0.0,1363.0,0.0,0.044587654159442575,0.0,0.0,0.0,nan,1.0,30569.0,0.0,5.0,0.0,0.00016356439530243057,0.0,3.0,0.0,nan,nan,0.0,nan,nan,0.0,nan,nan
920106,ggi,wsc,ramp-slow,0.0,30700.0,0.0,4456.0,nan,0.14514657980456025,nan,0.0,0.0,nan,0.0,30700.0,0.0,337.0,nan,0.010977198697068404,nan,13.0,12.0,-0.007946451588153844,-0.007946451588153844,0.0,nan,nan,0.0,nan,nan
920106,maximin,original,mainline-fast,15.0,34723.0,0.0,3965.0,0.0,0.1141894421564957,0.0,0.0,0.0,nan,15.0,34723.0,0.0,325.0,0.0,0.009359790340696368,0.0,0.0,0.0,nan,nan,0.0,nan,nan,0.0,nan,nan
920106,maximin,original,mainline-slow,0.0,35290.0,0.0,7116.0,nan,0.20164352507792577,nan,0.0,0.0,nan,0.0,35290.0,0.0,161.0,nan,0.004562198923207707,nan,0.0,0.0,nan,nan,0.0,nan,nan,0.0,nan,nan
920106,maximin,original,ramp-fast,0.0,34725.0,0.0,3678.0,nan,0.10591792656587473,nan,0.0,0.0,nan,0.0,34725.0,0.0,303.0,nan,0.008725701943844493,nan,16.0,16.0,2.5892812729189085e-06,2.5892812729189085e-06,5.0,5.047218581122337e-06,5.047218581122337e-06,0.0,nan,nan
920106,maximin,original,ramp-slow,0.0,35281.0,0.0,7437.0,nan,0.21079334485983958,nan,0.0,0.0,nan,0.0,35281.0,0.0,152.0,nan,0.0043082679062384855,nan,0.0,0.0,nan,nan,0.0,nan,nan,0.0,nan,nan
920106,maximin,wsc,mainline-fast,0.0,30973.0,0.0,912.0,nan,0.02944500048429277,nan,0.0,0.0,nan,0.0,30973.0,0.0,128.0,nan,0.004132631646918284,nan,0.0,0.0,nan,nan,0.0,nan,nan,0.0,nan,nan
920106,maximin,wsc,mainline-slow,0.0,30772.0,0.0,1653.0,nan,0.05371766541011309,nan,0.0,0.0,nan,0.0,30772.0,0.0,210.0,nan,0.006824385805277525,nan,0.0,0.0,nan,nan,0.0,nan,nan,0.0,nan,nan
920106,maximin,wsc,ramp-fast,0.0,31083.0,0.0,1420.0,nan,0.04568413602290641,nan,0.0,0.0,nan,0.0,31083.0,0.0,214.0,nan,0.0068847923302126565,nan,0.0,0.0,nan,nan,0.0,nan,nan,0.0,nan,nan
920106,maximin,wsc,ramp-slow,0.0,32016.0,0.0,1884.0,nan,0.0588455772113943,nan,0.0,0.0,nan,0.0,32016.0,0.0,297.0,nan,0.009276611694152923,nan,0.0,0.0,nan,nan,0.0,nan,nan,0.0,nan,nan
