policy_step,simulation_time,controller,controller_role,active,exited,route_progress,speed,commanded_action,commanded_action_name,commanded_acceleration,realised_acceleration,peer_progress,peer_speed,action_A,action_B,joint_action_category,Q_maintain,Q_accelerate,Q_decelerate,greedy_action,best_Q,second_best_Q,Q_margin,Q_range,action_mask,collision_flag,termination_flag,truncation_flag,master_seed,checkpoint_step,checkpoint_sha256,validation_block_id,assignment,scenario_block,eval_seed,episode_index,front_gap,minimum_TTC
0,0.0,A,mainline,True,False,28.0,20.0,1,accelerate,0.0,2.0000000000000284,20.0,20.0,1,1,accelerate-accelerate,-0.1347169578075409,0.005888096988201141,-0.052829355001449585,1,0.005888096988201141,-0.052829355001449585,0.058717451989650726,0.14060505479574203,"[true, true, true]",False,False,False,67001,0,0843ed3f032eeea0612c508f007d708852bd5b1fffa62c033181097389bc1972,validation_001,0,0,1118235841,0,,
0,0.0,B,ramp,True,False,20.0,20.0,1,accelerate,0.0,2.0000000000000284,28.0,20.0,1,1,accelerate-accelerate,0.017264824360609055,0.09912311285734177,-0.05466297268867493,1,0.09912311285734177,0.017264824360609055,0.08185828849673271,0.1537860855460167,"[true, true, true]",False,False,False,67001,0,0843ed3f032eeea0612c508f007d708852bd5b1fffa62c033181097389bc1972,validation_001,0,0,1118235841,0,,
1,0.2,A,mainline,True,False,32.04,20.400000000000006,1,accelerate,2.0,2.0000000000000284,24.040000000000003,20.400000000000006,1,1,accelerate-accelerate,-0.1328909546136856,0.0045503415167331696,-0.052423469722270966,1,0.0045503415167331696,-0.052423469722270966,0.056973811239004135,0.13744129613041878,"[true, true, true]",False,False,False,67001,0,0843ed3f032eeea0612c508f007d708852bd5b1fffa62c033181097389bc1972,validation_001,0,0,1118235841,0,,
1,0.2,B,ramp,True,False,24.040000000000003,20.400000000000006,1,accelerate,2.0,2.0000000000000284,32.04,20.400000000000006,1,1,accelerate-accelerate,0.019038472324609756,0.10089124739170074,-0.05158822238445282,1,0.10089124739170074,0.019038472324609756,0.08185277506709099,0.15247946977615356,"[true, true, true]",False,False,False,67001,0,0843ed3f032eeea0612c508f007d708852bd5b1fffa62c033181097389bc1972,validation_001,0,0,1118235841,0,,
2,0.4,A,mainline,True,False,36.160000000000004,20.80000000000001,1,accelerate,2.0,2.0000000000000284,28.160000000000004,20.80000000000001,1,1,accelerate-accelerate,-0.13193003833293915,0.003428436815738678,-0.050944261252880096,1,0.003428436815738678,-0.050944261252880096,0.054372698068618774,0.13535847514867783,"[true, true, true]",False,False,False,67001,0,0843ed3f032eeea0612c508f007d708852bd5b1fffa62c033181097389bc1972,validation_001,0,0,1118235841,0,,
2,0.4,B,ramp,True,False,28.160000000000004,20.80000000000001,1,accelerate,2.0,2.0000000000000284,36.160000000000004,20.80000000000001,1,1,accelerate-accelerate,0.020676657557487488,0.1026613637804985,-0.04810043424367905,1,0.1026613637804985,0.020676657557487488,0.08198470622301102,0.15076179802417755,"[true, true, true]",False,False,False,67001,0,0843ed3f032eeea0612c508f007d708852bd5b1fffa62c033181097389bc1972,validation_001,0,0,1118235841,0,,
3,0.6000000000000001,A,mainline,True,False,40.36000000000001,21.200000000000017,1,accelerate,2.0,2.0000000000000284,32.36000000000001,21.200000000000017,1,1,accelerate-accelerate,-0.13183537125587463,0.0022051334381103516,-0.049110203981399536,1,0.0022051334381103516,-0.049110203981399536,0.05131533741950989,0.13404050469398499,"[true, true, true]",False,False,False,67001,0,0843ed3f032eeea0612c508f007d708852bd5b1fffa62c033181097389bc1972,validation_001,0,0,1118235841,0,,
3,0.6000000000000001,B,ramp,True,False,32.36000000000001,21.200000000000017,1,accelerate,2.0,2.0000000000000284,40.36000000000001,21.200000000000017,1,1,accelerate-accelerate,0.022207163274288177,0.10439746081829071,-0.044550616294145584,1,0.10439746081829071,0.022207163274288177,0.08219029754400253,0.1489480771124363,"[true, true, true]",False,False,False,67001,0,0843ed3f032eeea0612c508f007d708852bd5b1fffa62c033181097389bc1972,validation_001,0,0,1118235841,0,,
4,0.8,A,mainline,True,False,44.64000000000001,21.600000000000023,1,accelerate,2.0,2.0000000000000284,36.64000000000001,21.600000000000023,1,1,accelerate-accelerate,-0.13198699057102203,0.0008520670235157013,-0.04726751148700714,1,0.0008520670235157013,-0.04726751148700714,0.04811957851052284,0.13283905759453773,"[true, true, true]",False,False,False,67001,0,0843ed3f032eeea0612c508f007d708852bd5b1fffa62c033181097389bc1972,validation_001,0,0,1118235841,0,,
4,0.8,B,ramp,True,False,36.64000000000001,21.600000000000023,1,accelerate,2.0,2.0000000000000284,44.64000000000001,21.600000000000023,1,1,accelerate-accelerate,0.02369547262787819,0.10580433905124664,-0.041184186935424805,1,0.10580433905124664,0.02369547262787819,0.08210886642336845,0.14698852598667145,"[true, true, true]",False,False,False,67001,0,0843ed3f032eeea0612c508f007d708852bd5b1fffa62c033181097389bc1972,validation_001,0,0,1118235841,0,,
5,1.0,A,mainline,True,False,49.000000000000014,22.00000000000003,1,accelerate,2.0,2.0000000000000284,41.000000000000014,22.00000000000003,1,1,accelerate-accelerate,-0.1319817155599594,-0.000929906964302063,-0.04558032751083374,1,-0.000929906964302063,-0.04558032751083374,0.04465042054653168,0.13105180859565735,"[true, true, true]",False,False,False,67001,0,0843ed3f032eeea0612c508f007d708852bd5b1fffa62c033181097389bc1972,validation_001,0,0,1118235841,0,,
5,1.0,B,ramp,True,False,41.000000000000014,22.00000000000003,1,accelerate,2.0,2.0000000000000284,49.000000000000014,22.00000000000003,1,1,accelerate-accelerate,0.02480912208557129,0.10716813802719116,-0.038211721926927567,1,0.10716813802719116,0.02480912208557129,0.08235901594161987,0.14537985995411873,"[true, true, true]",False,False,False,67001,0,0843ed3f032eeea0612c508f007d708852bd5b1fffa62c033181097389bc1972,validation_001,0,0,1118235841,0,,
6,1.2000000000000002,A,mainline,True,False,53.44000000000002,22.400000000000034,1,accelerate,2.0,2.0000000000000284,45.44000000000002,22.400000000000034,1,1,accelerate-accelerate,-0.13201665878295898,-0.0027508586645126343,-0.04377049207687378,1,-0.0027508586645126343,-0.04377049207687378,0.041019633412361145,0.12926580011844635,"[true, true, true]",False,False,False,67001,0,0843ed3f032eeea0612c508f007d708852bd5b1fffa62c033181097389bc1972,validation_001,0,0,1118235841,0,,
6,1.2000000000000002,B,ramp,True,False,45.44000000000002,22.400000000000034,1,accelerate,2.0,2.0000000000000284,53.44000000000002,22.400000000000034,1,1,accelerate-accelerate,0.025600532069802284,0.10835972428321838,-0.03582035005092621,1,0.10835972428321838,0.025600532069802284,0.0827591922134161,0.1441800743341446,"[true, true, true]",False,False,False,67001,0,0843ed3f032eeea0612c508f007d708852bd5b1fffa62c033181097389bc1972,validation_001,0,0,1118235841,0,,
7,1.4000000000000001,A,mainline,True,False,57.96000000000003,22.80000000000004,1,accelerate,2.0,2.0000000000000284,49.96000000000003,22.80000000000004,1,1,accelerate-accelerate,-0.13242971897125244,-0.004407618194818497,-0.04193081706762314,1,-0.004407618194818497,-0.04193081706762314,0.03752319887280464,0.12802210077643394,"[true, true, true]",False,False,False,67001,0,0843ed3f032eeea0612c508f007d708852bd5b1fffa62c033181097389bc1972,validation_001,0,0,1118235841,0,,
7,1.4000000000000001,B,ramp,True,False,49.96000000000003,22.80000000000004,1,accelerate,2.0,2.0000000000000284,57.96000000000003,22.80000000000004,1,1,accelerate-accelerate,0.026346761733293533,0.10962066054344177,-0.03344243764877319,1,0.10962066054344177,0.026346761733293533,0.08327389881014824,0.14306309819221497,"[true, true, true]",False,False,False,67001,0,0843ed3f032eeea0612c508f007d708852bd5b1fffa62c033181097389bc1972,validation_001,0,0,1118235841,0,,
8,1.6,A,mainline,True,False,62.56000000000004,23.200000000000045,1,accelerate,2.0,2.0000000000000284,54.56000000000004,23.200000000000045,1,1,accelerate-accelerate,-0.13241948187351227,-0.005673009902238846,-0.03952625393867493,1,-0.005673009902238846,-0.03952625393867493,0.03385324403643608,0.12674647197127342,"[true, true, true]",False,False,False,67001,0,0843ed3f032eeea0612c508f007d708852bd5b1fffa62c033181097389bc1972,validation_001,0,0,1118235841,0,,
8,1.6,B,ramp,True,False,54.56000000000004,23.200000000000045,1,accelerate,2.0,2.0000000000000284,62.56000000000004,23.200000000000045,1,1,accelerate-accelerate,0.02762090228497982,0.11060270667076111,-0.031591884791851044,1,0.11060270667076111,0.02762090228497982,0.08298180438578129,0.14219459146261215,"[true, true, true]",False,False,False,67001,0,0843ed3f032eeea0612c508f007d708852bd5b1fffa62c033181097389bc1972,validation_001,0,0,1118235841,0,,
9,1.8,A,mainline,True,False,67.24000000000005,23.60000000000005,1,accelerate,2.0,2.0000000000000284,59.240000000000045,23.60000000000005,1,1,accelerate-accelerate,-0.13205012679100037,-0.006094891577959061,-0.036946192383766174,1,-0.006094891577959061,-0.036946192383766174,0.030851300805807114,0.1259552352130413,"[true, true, true]",False,False,False,67001,0,0843ed3f032eeea0612c508f007d708852bd5b1fffa62c033181097389bc1972,validation_001,0,0,1118235841,0,,
9,1.8,B,ramp,True,False,59.240000000000045,23.60000000000005,1,accelerate,2.0,2.0000000000000284,67.24000000000005,23.60000000000005,1,1,accelerate-accelerate,0.029368523508310318,0.11053746938705444,-0.02970600500702858,1,0.11053746938705444,0.029368523508310318,0.08116894587874413,0.14024347439408302,"[true, true, true]",False,False,False,67001,0,0843ed3f032eeea0612c508f007d708852bd5b1fffa62c033181097389bc1972,validation_001,0,0,1118235841,0,,
10,2.0,A,mainline,True,False,72.00000000000007,24.000000000000057,1,accelerate,2.0,2.0000000000000284,64.00000000000006,24.000000000000057,1,1,accelerate-accelerate,-0.13192293047904968,-0.006873220205307007,-0.033711161464452744,1,-0.006873220205307007,-0.033711161464452744,0.026837941259145737,0.12504971027374268,"[true, true, true]",False,False,False,67001,0,0843ed3f032eeea0612c508f007d708852bd5b1fffa62c033181097389bc1972,validation_001,0,0,1118235841,0,,
10,2.0,B,ramp,True,False,64.00000000000006,24.000000000000057,1,accelerate,2.0,2.0000000000000284,72.00000000000007,24.000000000000057,1,1,accelerate-accelerate,0.03099214658141136,0.11181293427944183,-0.02813464216887951,1,0.11181293427944183,0.03099214658141136,0.08082078769803047,0.13994757644832134,"[true, true, true]",False,False,False,67001,0,0843ed3f032eeea0612c508f007d708852bd5b1fffa62c033181097389bc1972,validation_001,0,0,1118235841,0,,
11,2.2,A,mainline,True,False,76.84000000000009,24.400000000000063,1,accelerate,2.0,2.0000000000000284,68.84000000000006,24.400000000000063,1,1,accelerate-accelerate,-0.1320115327835083,-0.00809318944811821,-0.030280478298664093,1,-0.00809318944811821,-0.030280478298664093,0.022187288850545883,0.12391834333539009,"[true, true, true]",False,False,False,67001,0,0843ed3f032eeea0612c508f007d708852bd5b1fffa62c033181097389bc1972,validation_001,0,0,1118235841,0,,
11,2.2,B,ramp,True,False,68.84000000000006,24.400000000000063,1,accelerate,2.0,2.0000000000000284,76.84000000000009,24.400000000000063,1,1,accelerate-accelerate,0.032604001462459564,0.11344441771507263,-0.02660418301820755,1,0.11344441771507263,0.032604001462459564,0.08084041625261307,0.14004860073328018,"[true, true, true]",False,False,False,67001,0,0843ed3f032eeea0612c508f007d708852bd5b1fffa62c033181097389bc1972,validation_001,0,0,1118235841,0,,
12,2.4000000000000004,A,mainline,True,False,81.76000000000009,24.800000000000068,1,accelerate,2.0,2.0000000000000284,73.76000000000006,24.800000000000068,1,1,accelerate-accelerate,-0.1323833465576172,-0.009666528552770615,-0.027143456041812897,1,-0.009666528552770615,-0.027143456041812897,0.017476927489042282,0.12271681800484657,"[true, true, true]",False,False,False,67001,0,0843ed3f032eeea0612c508f007d708852bd5b1fffa62c033181097389bc1972,validation_001,0,0,1118235841,0,,
12,2.4000000000000004,B,ramp,True,False,73.76000000000006,24.800000000000068,1,accelerate,2.0,2.0000000000000284,81.76000000000009,24.800000000000068,1,1,accelerate-accelerate,0.03424503281712532,0.1151006668806076,-0.025065338239073753,1,0.1151006668806076,0.03424503281712532,0.08085563406348228,0.14016600511968136,"[true, true, true]",False,False,False,67001,0,0843ed3f032eeea0612c508f007d708852bd5b1fffa62c033181097389bc1972,validation_001,0,0,1118235841,0,,
13,2.6,A,mainline,True,False,86.7600000000001,25.200000000000074,1,accelerate,2.0,2.0000000000000284,78.76000000000008,25.200000000000074,1,1,accelerate-accelerate,-0.13233178853988647,-0.0121811144053936,-0.024571649730205536,1,-0.0121811144053936,-0.024571649730205536,0.012390535324811935,0.12015067413449287,"[true, true, true]",False,False,False,67001,0,0843ed3f032eeea0612c508f007d708852bd5b1fffa62c033181097389bc1972,validation_001,0,0,1118235841,0,,
13,2.6,B,ramp,True,False,78.76000000000008,25.200000000000074,1,accelerate,2.0,2.0000000000000284,86.7600000000001,25.200000000000074,1,1,accelerate-accelerate,0.035234760493040085,0.11517307162284851,-0.02376830205321312,1,0.11517307162284851,0.035234760493040085,0.07993831112980843,0.13894137367606163,"[true, true, true]",False,False,False,67001,0,0843ed3f032eeea0612c508f007d708852bd5b1fffa62c033181097389bc1972,validation_001,0,0,1118235841,0,,
14,2.8000000000000003,A,mainline,True,False,91.84000000000012,25.60000000000008,1,accelerate,2.0,2.0000000000000284,83.84000000000009,25.60000000000008,1,1,accelerate-accelerate,-0.13192036747932434,-0.014454856514930725,-0.021811675280332565,1,-0.014454856514930725,-0.021811675280332565,0.00735681876540184,0.11746551096439362,"[true, true, true]",False,False,False,67001,0,0843ed3f032eeea0612c508f007d708852bd5b1fffa62c033181097389bc1972,validation_001,0,0,1118235841,0,,
14,2.8000000000000003,B,ramp,True,False,83.84000000000009,25.60000000000008,1,accelerate,2.0,2.0000000000000284,91.84000000000012,25.60000000000008,1,1,accelerate-accelerate,0.03621642291545868,0.11517563462257385,-0.022479988634586334,1,0.11517563462257385,0.03621642291545868,0.07895921170711517,0.1376556232571602,"[true, true, true]",False,False,False,67001,0,0843ed3f032eeea0612c508f007d708852bd5b1fffa62c033181097389bc1972,validation_001,0,0,1118235841,0,,
15,3.0,A,mainline,True,False,97.00000000000013,26.000000000000085,1,accelerate,2.0,2.0000000000000284,89.0000000000001,26.000000000000085,1,1,accelerate-accelerate,-0.1313122808933258,-0.016745470464229584,-0.018634609878063202,1,-0.016745470464229584,-0.018634609878063202,0.0018891394138336182,0.11456681042909622,"[true, true, true]",False,False,False,67001,0,0843ed3f032eeea0612c508f007d708852bd5b1fffa62c033181097389bc1972,validation_001,0,0,1118235841,0,,
15,3.0,B,ramp,True,False,89.0000000000001,26.000000000000085,1,accelerate,2.0,2.0000000000000284,97.00000000000013,26.000000000000085,1,1,accelerate-accelerate,0.03729961812496185,0.11511548608541489,-0.021284330636262894,1,0.11511548608541489,0.03729961812496185,0.07781586796045303,0.13639981672167778,"[true, true, true]",False,False,False,67001,0,0843ed3f032eeea0612c508f007d708852bd5b1fffa62c033181097389bc1972,validation_001,0,0,1118235841,0,,
16,3.2,A,mainline,True,False,102.24000000000015,26.40000000000009,2,decelerate,2.0,-2.9999999999999716,94.24000000000012,26.40000000000009,2,1,decelerate-accelerate,-0.13325685262680054,-0.018413349986076355,-0.015755414962768555,2,-0.015755414962768555,-0.018413349986076355,0.0026579350233078003,0.11750143766403198,"[true, true, true]",False,False,False,67001,0,0843ed3f032eeea0612c508f007d708852bd5b1fffa62c033181097389bc1972,validation_001,0,0,1118235841,0,,
16,3.2,B,ramp,True,False,94.24000000000012,26.40000000000009,1,accelerate,2.0,2.0000000000000284,102.24000000000015,26.40000000000009,2,1,decelerate-accelerate,0.03910413756966591,0.11437864601612091,-0.020948652178049088,1,0.11437864601612091,0.03910413756966591,0.075274508446455,0.13532729819417,"[true, true, true]",False,False,False,67001,0,0843ed3f032eeea0612c508f007d708852bd5b1fffa62c033181097389bc1972,validation_001,0,0,1118235841,0,,
17,3.4000000000000004,A,mainline,True,False,107.46000000000018,25.800000000000097,2,decelerate,-3.0,-2.9999999999999716,99.56000000000014,26.800000000000097,2,1,decelerate-accelerate,-0.13313139975070953,-0.016238532960414886,-0.014767292886972427,2,-0.014767292886972427,-0.016238532960414886,0.001471240073442459,0.1183641068637371,"[true, true, true]",False,False,False,67001,0,0843ed3f032eeea0612c508f007d708852bd5b1fffa62c033181097389bc1972,validation_001,0,0,1118235841,0,,
17,3.4000000000000004,B,ramp,True,False,99.56000000000014,26.800000000000097,1,accelerate,2.0,2.0000000000000284,107.46000000000018,25.800000000000097,2,1,decelerate-accelerate,0.04278968274593353,0.1138189285993576,-0.021051745861768723,1,0.1138189285993576,0.04278968274593353,0.07102924585342407,0.13487067446112633,"[true, true, true]",False,False,False,67001,0,0843ed3f032eeea0612c508f007d708852bd5b1fffa62c033181097389bc1972,validation_001,0,0,1118235841,0,,
18,3.6,A,mainline,True,False,112.5600000000002,25.200000000000102,2,decelerate,-3.0,-2.9999999999999716,104.96000000000016,27.200000000000102,2,1,decelerate-accelerate,-0.1332293152809143,-0.01473785936832428,-0.013996317982673645,2,-0.013996317982673645,-0.01473785936832428,0.0007415413856506348,0.11923299729824066,"[true, true, true]",False,False,False,67001,0,0843ed3f032eeea0612c508f007d708852bd5b1fffa62c033181097389bc1972,validation_001,0,0,1118235841,0,2.1976295602474636,0.7325431867491545
18,3.6,B,ramp,True,False,104.96000000000016,27.200000000000102,1,accelerate,2.0,2.0000000000000284,112.5600000000002,25.200000000000102,2,1,decelerate-accelerate,0.046460896730422974,0.11326790601015091,-0.02120589092373848,1,0.11326790601015091,0.046460896730422974,0.06680700927972794,0.1344737969338894,"[true, true, true]",False,False,False,67001,0,0843ed3f032eeea0612c508f007d708852bd5b1fffa62c033181097389bc1972,validation_001,0,0,1118235841,0,2.1976295602474636,0.7325431867491545
19,3.8000000000000003,A,mainline,True,False,117.54000000000022,24.600000000000108,1,accelerate,-3.0,2.0000000000000284,110.4400000000002,27.600000000000108,1,1,accelerate-accelerate,-0.13600769639015198,-0.013741746544837952,-0.01796475425362587,1,-0.013741746544837952,-0.01796475425362587,0.004223007708787918,0.12226594984531403,"[true, true, true]",False,False,False,67001,0,0843ed3f032eeea0612c508f007d708852bd5b1fffa62c033181097389bc1972,validation_001,0,0,1118235841,0,1.6383465483587685,0.5461155161195895
19,3.8000000000000003,B,ramp,True,False,110.4400000000002,27.600000000000108,1,accelerate,2.0,2.0000000000000284,117.54000000000022,24.600000000000108,1,1,accelerate-accelerate,0.07423251867294312,0.10535386204719543,-0.026771031320095062,1,0.10535386204719543,0.07423251867294312,0.03112134337425232,0.1321248933672905,"[true, true, true]",False,False,False,67001,0,0843ed3f032eeea0612c508f007d708852bd5b1fffa62c033181097389bc1972,validation_001,0,0,1118235841,0,1.6383465483587685,0.5461155161195895
20,4.0,A,mainline,True,False,122.50000000000024,25.000000000000114,1,accelerate,2.0,2.0000000000000284,116.00000000000023,28.000000000000114,1,1,accelerate-accelerate,-0.138039231300354,-0.014532439410686493,-0.014772642403841019,1,-0.014532439410686493,-0.014772642403841019,0.00024020299315452576,0.12350679188966751,"[true, true, true]",False,False,False,67001,0,0843ed3f032eeea0612c508f007d708852bd5b1fffa62c033181097389bc1972,validation_001,0,0,1118235841,0,1.0690099509792788,0.35633665032642625
20,4.0,B,ramp,True,False,116.00000000000023,28.000000000000114,1,accelerate,2.0,2.0000000000000284,122.50000000000024,25.000000000000114,1,1,accelerate-accelerate,0.07411496341228485,0.10563313961029053,-0.024469316005706787,1,0.10563313961029053,0.07411496341228485,0.031518176198005676,0.13010245561599731,"[true, true, true]",False,False,False,67001,0,0843ed3f032eeea0612c508f007d708852bd5b1fffa62c033181097389bc1972,validation_001,0,0,1118235841,0,1.0690099509792788,0.35633665032642625
21,4.2,A,mainline,True,False,127.54000000000028,25.40000000000012,2,decelerate,2.0,-2.9999999999999716,121.64000000000024,28.40000000000012,2,1,decelerate-accelerate,-0.14090383052825928,-0.01569938287138939,-0.01249309629201889,2,-0.01249309629201889,-0.01569938287138939,0.0032062865793704987,0.1284107342362404,"[true, true, true]",False,False,False,67001,0,0843ed3f032eeea0612c508f007d708852bd5b1fffa62c033181097389bc1972,validation_001,0,0,1118235841,0,0.38500686300614007,0.09625171575153502
21,4.2,B,ramp,True,False,121.64000000000024,28.40000000000012,1,accelerate,2.0,2.0000000000000284,127.54000000000028,25.40000000000012,2,1,decelerate-accelerate,0.07459650933742523,0.1060836911201477,-0.022342663258314133,1,0.1060836911201477,0.07459650933742523,0.03148718178272247,0.12842635437846184,"[true, true, true]",False,False,False,67001,0,0843ed3f032eeea0612c508f007d708852bd5b1fffa62c033181097389bc1972,validation_001,0,0,1118235841,0,0.38500686300614007,0.09625171575153502
22,4.4,A,mainline,True,False,132.5600000000003,24.800000000000125,2,decelerate,-3.0,-2.9999999999999716,127.36000000000026,28.800000000000125,2,1,decelerate-accelerate,-0.1422511488199234,-0.014231916517019272,-0.01136668398976326,2,-0.01136668398976326,-0.014231916517019272,0.002865232527256012,0.13088446483016014,"[true, true, true]",True,True,False,67001,0,0843ed3f032eeea0612c508f007d708852bd5b1fffa62c033181097389bc1972,validation_001,0,0,1118235841,0,-0.03672770190433994,0.0
22,4.4,B,ramp,True,False,127.36000000000026,28.800000000000125,1,accelerate,2.0,2.0000000000000284,132.5600000000003,24.800000000000125,2,1,decelerate-accelerate,0.07840877771377563,0.10497047007083893,-0.020708996802568436,1,0.10497047007083893,0.07840877771377563,0.026561692357063293,0.12567946687340736,"[true, true, true]",True,True,False,67001,0,0843ed3f032eeea0612c508f007d708852bd5b1fffa62c033181097389bc1972,validation_001,0,0,1118235841,0,-0.03672770190433994,0.0
0,0.0,A,ramp,True,False,20.0,20.0,1,accelerate,0.0,2.0000000000000284,28.0,20.0,1,1,accelerate-accelerate,-0.17212872207164764,0.0008455030620098114,-0.017401449382305145,1,0.0008455030620098114,-0.017401449382305145,0.018246952444314957,0.17297422513365746,"[true, true, true]",False,False,False,67001,0,0843ed3f032eeea0612c508f007d708852bd5b1fffa62c033181097389bc1972,validation_001,1,0,1118235841,1,,
0,0.0,B,mainline,True,False,28.0,20.0,1,accelerate,0.0,2.0000000000000284,20.0,20.0,1,1,accelerate-accelerate,0.031811635941267014,0.13835839927196503,0.022115491330623627,1,0.13835839927196503,0.031811635941267014,0.10654676333069801,0.1162429079413414,"[true, true, true]",False,False,False,67001,0,0843ed3f032eeea0612c508f007d708852bd5b1fffa62c033181097389bc1972,validation_001,1,0,1118235841,1,,
1,0.2,A,ramp,True,False,24.040000000000003,20.400000000000006,1,accelerate,2.0,2.0000000000000284,32.04,20.400000000000006,1,1,accelerate-accelerate,-0.17238232493400574,-0.0008969269692897797,-0.01721731573343277,1,-0.0008969269692897797,-0.01721731573343277,0.01632038876414299,0.17148539796471596,"[true, true, true]",False,False,False,67001,0,0843ed3f032eeea0612c508f007d708852bd5b1fffa62c033181097389bc1972,validation_001,1,0,1118235841,1,,
1,0.2,B,mainline,True,False,32.04,20.400000000000006,1,accelerate,2.0,2.0000000000000284,24.040000000000003,20.400000000000006,1,1,accelerate-accelerate,0.033658161759376526,0.13882145285606384,0.023159541189670563,1,0.13882145285606384,0.033658161759376526,0.10516329109668732,0.11566191166639328,"[true, true, true]",False,False,False,67001,0,0843ed3f032eeea0612c508f007d708852bd5b1fffa62c033181097389bc1972,validation_001,1,0,1118235841,1,,
2,0.4,A,ramp,True,False,28.160000000000004,20.80000000000001,1,accelerate,2.0,2.0000000000000284,36.160000000000004,20.80000000000001,1,1,accelerate-accelerate,-0.17283517122268677,-0.00240880623459816,-0.01704716682434082,1,-0.00240880623459816,-0.01704716682434082,0.01463836058974266,0.1704263649880886,"[true, true, true]",False,False,False,67001,0,0843ed3f032eeea0612c508f007d708852bd5b1fffa62c033181097389bc1972,validation_001,1,0,1118235841,1,,
2,0.4,B,mainline,True,False,36.160000000000004,20.80000000000001,1,accelerate,2.0,2.0000000000000284,28.160000000000004,20.80000000000001,1,1,accelerate-accelerate,0.035632263869047165,0.1392907053232193,0.024849921464920044,1,0.1392907053232193,0.035632263869047165,0.10365844145417213,0.11444078385829926,"[true, true, true]",False,False,False,67001,0,0843ed3f032eeea0612c508f007d708852bd5b1fffa62c033181097389bc1972,validation_001,1,0,1118235841,1,,
3,0.6000000000000001,A,ramp,True,False,32.36000000000001,21.200000000000017,1,accelerate,2.0,2.0000000000000284,40.36000000000001,21.200000000000017,1,1,accelerate-accelerate,-0.173424631357193,-0.003780946135520935,-0.016887955367565155,1,-0.003780946135520935,-0.016887955367565155,0.01310700923204422,0.16964368522167206,"[true, true, true]",False,False,False,67001,0,0843ed3f032eeea0612c508f007d708852bd5b1fffa62c033181097389bc1972,validation_001,1,0,1118235841,1,,
3,0.6000000000000001,B,mainline,True,False,40.36000000000001,21.200000000000017,1,accelerate,2.0,2.0000000000000284,32.36000000000001,21.200000000000017,1,1,accelerate-accelerate,0.03754962980747223,0.13970668613910675,0.0268106609582901,1,0.13970668613910675,0.03754962980747223,0.10215705633163452,0.11289602518081665,"[true, true, true]",False,False,False,67001,0,0843ed3f032eeea0612c508f007d708852bd5b1fffa62c033181097389bc1972,validation_001,1,0,1118235841,1,,
4,0.8,A,ramp,True,False,36.64000000000001,21.600000000000023,1,accelerate,2.0,2.0000000000000284,44.64000000000001,21.600000000000023,1,1,accelerate-accelerate,-0.1736670881509781,-0.004922747611999512,-0.01675429940223694,1,-0.004922747611999512,-0.01675429940223694,0.011831551790237427,0.16874434053897858,"[true, true, true]",False,False,False,67001,0,0843ed3f032eeea0612c508f007d708852bd5b1fffa62c033181097389bc1972,validation_001,1,0,1118235841,1,,
4,0.8,B,mainline,True,False,44.64000000000001,21.600000000000023,1,accelerate,2.0,2.0000000000000284,36.64000000000001,21.600000000000023,1,1,accelerate-accelerate,0.03944026678800583,0.14009639620780945,0.02896193042397499,1,0.14009639620780945,0.03944026678800583,0.10065612941980362,0.11113446578383446,"[true, true, true]",False,False,False,67001,0,0843ed3f032eeea0612c508f007d708852bd5b1fffa62c033181097389bc1972,validation_001,1,0,1118235841,1,,
5,1.0,A,ramp,True,False,41.000000000000014,22.00000000000003,1,accelerate,2.0,2.0000000000000284,49.000000000000014,22.00000000000003,1,1,accelerate-accelerate,-0.1739824116230011,-0.006119322031736374,-0.016390550881624222,1,-0.006119322031736374,-0.016390550881624222,0.010271228849887848,0.16786308959126472,"[true, true, true]",False,False,False,67001,0,0843ed3f032eeea0612c508f007d708852bd5b1fffa62c033181097389bc1972,validation_001,1,0,1118235841,1,,
5,1.0,B,mainline,True,False,49.000000000000014,22.00000000000003,1,accelerate,2.0,2.0000000000000284,41.000000000000014,22.00000000000003,1,1,accelerate-accelerate,0.04132339358329773,0.14047673344612122,0.031253062188625336,1,0.14047673344612122,0.04132339358329773,0.09915333986282349,0.10922367125749588,"[true, true, true]",False,False,False,67001,0,0843ed3f032eeea0612c508f007d708852bd5b1fffa62c033181097389bc1972,validation_001,1,0,1118235841,1,,
6,1.2000000000000002,A,ramp,True,False,45.44000000000002,22.400000000000034,1,accelerate,2.0,2.0000000000000284,53.44000000000002,22.400000000000034,1,1,accelerate-accelerate,-0.17456664144992828,-0.00740007683634758,-0.01588282361626625,1,-0.00740007683634758,-0.01588282361626625,0.00848274677991867,0.1671665646135807,"[true, true, true]",False,False,False,67001,0,0843ed3f032eeea0612c508f007d708852bd5b1fffa62c033181097389bc1972,validation_001,1,0,1118235841,1,,
6,1.2000000000000002,B,mainline,True,False,53.44000000000002,22.400000000000034,1,accelerate,2.0,2.0000000000000284,45.44000000000002,22.400000000000034,1,1,accelerate-accelerate,0.04321208596229553,0.14085908234119415,0.03364981710910797,1,0.14085908234119415,0.04321208596229553,0.09764699637889862,0.10720926523208618,"[true, true, true]",False,False,False,67001,0,0843ed3f032eeea0612c508f007d708852bd5b1fffa62c033181097389bc1972,validation_001,1,0,1118235841,1,,
7,1.4000000000000001,A,ramp,True,False,49.96000000000003,22.80000000000004,1,accelerate,2.0,2.0000000000000284,57.96000000000003,22.80000000000004,1,1,accelerate-accelerate,-0.17503622174263,-0.008375190198421478,-0.015147149562835693,1,-0.008375190198421478,-0.015147149562835693,0.006771959364414215,0.16666103154420853,"[true, true, true]",False,False,False,67001,0,0843ed3f032eeea0612c508f007d708852bd5b1fffa62c033181097389bc1972,validation_001,1,0,1118235841,1,,
7,1.4000000000000001,B,mainline,True,False,57.96000000000003,22.80000000000004,1,accelerate,2.0,2.0000000000000284,49.96000000000003,22.80000000000004,1,1,accelerate-accelerate,0.044722333550453186,0.1416224092245102,0.03589434176683426,1,0.1416224092245102,0.044722333550453186,0.096900075674057,0.10572806745767593,"[true, true, true]",False,False,False,67001,0,0843ed3f032eeea0612c508f007d708852bd5b1fffa62c033181097389bc1972,validation_001,1,0,1118235841,1,,
8,1.6,A,ramp,True,False,54.56000000000004,23.200000000000045,1,accelerate,2.0,2.0000000000000284,62.56000000000004,23.200000000000045,1,1,accelerate-accelerate,-0.175968736410141,-0.009705740958452225,-0.014127105474472046,1,-0.009705740958452225,-0.014127105474472046,0.004421364516019821,0.16626299545168877,"[true, true, true]",False,False,False,67001,0,0843ed3f032eeea0612c508f007d708852bd5b1fffa62c033181097389bc1972,validation_001,1,0,1118235841,1,,
8,1.6,B,mainline,True,False,62.56000000000004,23.200000000000045,1,accelerate,2.0,2.0000000000000284,54.56000000000004,23.200000000000045,1,1,accelerate-accelerate,0.04579205811023712,0.14305970072746277,0.038505300879478455,1,0.14305970072746277,0.04579205811023712,0.09726764261722565,0.10455439984798431,"[true, true, true]",False,False,False,67001,0,0843ed3f032eeea0612c508f007d708852bd5b1fffa62c033181097389bc1972,validation_001,1,0,1118235841,1,,
9,1.8,A,ramp,True,False,59.240000000000045,23.60000000000005,1,accelerate,2.0,2.0000000000000284,67.24000000000005,23.60000000000005,1,1,accelerate-accelerate,-0.17729738354682922,-0.011363565921783447,-0.012889586389064789,1,-0.011363565921783447,-0.012889586389064789,0.0015260204672813416,0.16593381762504578,"[true, true, true]",False,False,False,67001,0,0843ed3f032eeea0612c508f007d708852bd5b1fffa62c033181097389bc1972,validation_001,1,0,1118235841,1,,
9,1.8,B,mainline,True,False,67.24000000000005,23.60000000000005,1,accelerate,2.0,2.0000000000000284,59.240000000000045,23.60000000000005,1,1,accelerate-accelerate,0.04641646519303322,0.14505361020565033,0.041506871581077576,1,0.14505361020565033,0.04641646519303322,0.09863714501261711,0.10354673862457275,"[true, true, true]",False,False,False,67001,0,0843ed3f032eeea0612c508f007d708852bd5b1fffa62c033181097389bc1972,validation_001,1,0,1118235841,1,,
10,2.0,A,ramp,True,False,64.00000000000006,24.000000000000057,2,decelerate,2.0,-2.9999999999999716,72.00000000000007,24.000000000000057,2,1,decelerate-accelerate,-0.17760881781578064,-0.012175340205430984,-0.010826192796230316,2,-0.010826192796230316,-0.012175340205430984,0.0013491474092006683,0.16678262501955032,"[true, true, true]",False,False,False,67001,0,0843ed3f032eeea0612c508f007d708852bd5b1fffa62c033181097389bc1972,validation_001,1,0,1118235841,1,,
10,2.0,B,mainline,True,False,72.00000000000007,24.000000000000057,1,accelerate,2.0,2.0000000000000284,64.00000000000006,24.000000000000057,2,1,decelerate-accelerate,0.04690302163362503,0.1461229920387268,0.04451143741607666,1,0.1461229920387268,0.04690302163362503,0.09921997040510178,0.10161155462265015,"[true, true, true]",False,False,False,67001,0,0843ed3f032eeea0612c508f007d708852bd5b1fffa62c033181097389bc1972,validation_001,1,0,1118235841,1,,
11,2.2,A,ramp,True,False,68.74000000000007,23.400000000000063,2,decelerate,-3.0,-2.9999999999999716,76.84000000000009,24.400000000000063,2,1,decelerate-accelerate,-0.17831330001354218,-0.011141814291477203,-0.008748702704906464,2,-0.008748702704906464,-0.011141814291477203,0.0023931115865707397,0.1695645973086357,"[true, true, true]",False,False,False,67001,0,0843ed3f032eeea0612c508f007d708852bd5b1fffa62c033181097389bc1972,validation_001,1,0,1118235841,1,,
11,2.2,B,mainline,True,False,76.84000000000009,24.400000000000063,1,accelerate,2.0,2.0000000000000284,68.74000000000007,23.400000000000063,2,1,decelerate-accelerate,0.04885406419634819,0.14730940759181976,0.04802301526069641,1,0.14730940759181976,0.04885406419634819,0.09845534339547157,0.09928639233112335,"[true, true, true]",False,False,False,67001,0,0843ed3f032eeea0612c508f007d708852bd5b1fffa62c033181097389bc1972,validation_001,1,0,1118235841,1,,
12,2.4000000000000004,A,ramp,True,False,73.36000000000007,22.800000000000068,2,decelerate,-3.0,-2.9999999999999716,81.76000000000009,24.800000000000068,2,1,decelerate-accelerate,-0.17858460545539856,-0.01004435122013092,-0.006723932921886444,2,-0.006723932921886444,-0.01004435122013092,0.0033204182982444763,0.17186067253351212,"[true, true, true]",False,False,False,67001,0,0843ed3f032eeea0612c508f007d708852bd5b1fffa62c033181097389bc1972,validation_001,1,0,1118235841,1,,
12,2.4000000000000004,B,mainline,True,False,81.76000000000009,24.800000000000068,1,accelerate,2.0,2.0000000000000284,73.36000000000007,22.800000000000068,2,1,decelerate-accelerate,0.052151571959257126,0.14843419194221497,0.05081235617399216,1,0.14843419194221497,0.052151571959257126,0.09628261998295784,0.09762183576822281,"[true, true, true]",False,False,False,67001,0,0843ed3f032eeea0612c508f007d708852bd5b1fffa62c033181097389bc1972,validation_001,1,0,1118235841,1,,
13,2.6,A,ramp,True,False,77.86000000000008,22.200000000000074,2,decelerate,-3.0,-2.9999999999999716,86.7600000000001,25.200000000000074,2,1,decelerate-accelerate,-0.1781109720468521,-0.008410058915615082,-0.005091561004519463,2,-0.005091561004519463,-0.008410058915615082,0.003318497911095619,0.17301941104233265,"[true, true, true]",False,False,False,67001,0,0843ed3f032eeea0612c508f007d708852bd5b1fffa62c033181097389bc1972,validation_001,1,0,1118235841,1,,
13,2.6,B,mainline,True,False,86.7600000000001,25.200000000000074,1,accelerate,2.0,2.0000000000000284,77.86000000000008,22.200000000000074,2,1,decelerate-accelerate,0.05597010627388954,0.14947238564491272,0.05354573577642441,1,0.14947238564491272,0.05597010627388954,0.09350227937102318,0.09592664986848831,"[true, true, true]",False,False,False,67001,0,0843ed3f032eeea0612c508f007d708852bd5b1fffa62c033181097389bc1972,validation_001,1,0,1118235841,1,,
14,2.8000000000000003,A,ramp,True,False,82.24000000000011,21.60000000000008,2,decelerate,-3.0,-2.9999999999999716,91.84000000000012,25.60000000000008,2,1,decelerate-accelerate,-0.1775943487882614,-0.006657004356384277,-0.0033804699778556824,2,-0.0033804699778556824,-0.006657004356384277,0.003276534378528595,0.17421387881040573,"[true, true, true]",False,False,False,67001,0,0843ed3f032eeea0612c508f007d708852bd5b1fffa62c033181097389bc1972,validation_001,1,0,1118235841,1,,
14,2.8000000000000003,B,mainline,True,False,91.84000000000012,25.60000000000008,1,accelerate,2.0,2.0000000000000284,82.24000000000011,21.60000000000008,2,1,decelerate-accelerate,0.059775471687316895,0.15061107277870178,0.056256018579006195,1,0.15061107277870178,0.059775471687316895,0.09083560109138489,0.09435505419969559,"[true, true, true]",False,False,False,67001,0,0843ed3f032eeea0612c508f007d708852bd5b1fffa62c033181097389bc1972,validation_001,1,0,1118235841,1,,
15,3.0,A,ramp,True,False,86.50000000000013,21.000000000000085,2,decelerate,-3.0,-2.9999999999999716,97.00000000000013,26.000000000000085,2,1,decelerate-accelerate,-0.17717677354812622,-0.00497020035982132,-0.0017067808657884598,2,-0.0017067808657884598,-0.00497020035982132,0.00326341949403286,0.17546999268233776,"[true, true, true]",False,False,False,67001,0,0843ed3f032eeea0612c508f007d708852bd5b1fffa62c033181097389bc1972,validation_001,1,0,1118235841,1,,
15,3.0,B,mainline,True,False,97.00000000000013,26.000000000000085,1,accelerate,2.0,2.0000000000000284,86.50000000000013,21.000000000000085,2,1,decelerate-accelerate,0.06410913914442062,0.1522963047027588,0.058690354228019714,1,0.1522963047027588,0.06410913914442062,0.08818716555833817,0.09360595047473907,"[true, true, true]",False,False,False,67001,0,0843ed3f032eeea0612c508f007d708852bd5b1fffa62c033181097389bc1972,validation_001,1,0,1118235841,1,,
16,3.2,A,ramp,True,False,90.64000000000014,20.40000000000009,2,decelerate,-3.0,-2.9999999999999716,102.24000000000015,26.40000000000009,2,1,decelerate-accelerate,-0.17576047778129578,-0.003993585705757141,-0.00014996156096458435,2,-0.00014996156096458435,-0.003993585705757141,0.0038436241447925568,0.1756105162203312,"[true, true, true]",False,False,False,67001,0,0843ed3f032eeea0612c508f007d708852bd5b1fffa62c033181097389bc1972,validation_001,1,0,1118235841,1,,
16,3.2,B,mainline,True,False,102.24000000000015,26.40000000000009,1,accelerate,2.0,2.0000000000000284,90.64000000000014,20.40000000000009,2,1,decelerate-accelerate,0.06903080642223358,0.15458638966083527,0.060823194682598114,1,0.15458638966083527,0.06903080642223358,0.08555558323860168,0.09376319497823715,"[true, true, true]",False,False,False,67001,0,0843ed3f032eeea0612c508f007d708852bd5b1fffa62c033181097389bc1972,validation_001,1,0,1118235841,1,,
17,3.4000000000000004,A,ramp,True,False,94.66000000000015,19.800000000000097,2,decelerate,-3.0,-2.9999999999999716,107.56000000000017,26.800000000000097,2,1,decelerate-accelerate,-0.1736862063407898,-0.002861917018890381,0.0008003115653991699,2,0.0008003115653991699,-0.002861917018890381,0.0036622285842895508,0.17448651790618896,"[true, true, true]",False,False,False,67001,0,0843ed3f032eeea0612c508f007d708852bd5b1fffa62c033181097389bc1972,validation_001,1,0,1118235841,1,,
17,3.4000000000000004,B,mainline,True,False,107.56000000000017,26.800000000000097,1,accelerate,2.0,2.0000000000000284,94.66000000000015,19.800000000000097,2,1,decelerate-accelerate,0.07433892786502838,0.1566765308380127,0.06265982240438461,1,0.1566765308380127,0.07433892786502838,0.08233760297298431,0.09401670843362808,"[true, true, true]",False,False,False,67001,0,0843ed3f032eeea0612c508f007d708852bd5b1fffa62c033181097389bc1972,validation_001,1,0,1118235841,1,,
18,3.6,A,ramp,True,False,98.56000000000017,19.200000000000102,2,decelerate,-3.0,-2.9999999999999716,112.96000000000019,27.200000000000102,2,1,decelerate-accelerate,-0.17239271104335785,-0.0005876906216144562,0.0013330820947885513,2,0.0013330820947885513,-0.0005876906216144562,0.0019207727164030075,0.1737257931381464,"[true, true, true]",False,False,False,67001,0,0843ed3f032eeea0612c508f007d708852bd5b1fffa62c033181097389bc1972,validation_001,1,0,1118235841,1,,
18,3.6,B,mainline,True,False,112.96000000000019,27.200000000000102,1,accelerate,2.0,2.0000000000000284,98.56000000000017,19.200000000000102,2,1,decelerate-accelerate,0.08042676001787186,0.15827123820781708,0.06422443687915802,1,0.15827123820781708,0.08042676001787186,0.07784447818994522,0.09404680132865906,"[true, true, true]",False,False,False,67001,0,0843ed3f032eeea0612c508f007d708852bd5b1fffa62c033181097389bc1972,validation_001,1,0,1118235841,1,,
19,3.8000000000000003,A,ramp,True,False,102.3400000000002,18.600000000000108,1,accelerate,-3.0,2.0000000000000284,118.44000000000023,27.600000000000108,1,1,accelerate-accelerate,-0.17195872962474823,0.0015616826713085175,0.0014495626091957092,1,0.0015616826713085175,0.0014495626091957092,0.00011212006211280823,0.17352041229605675,"[true, true, true]",False,False,False,67001,0,0843ed3f032eeea0612c508f007d708852bd5b1fffa62c033181097389bc1972,validation_001,1,0,1118235841,1,12.964815310244859,
19,3.8000000000000003,B,mainline,True,False,118.44000000000023,27.600000000000108,1,accelerate,2.0,2.0000000000000284,102.3400000000002,18.600000000000108,1,1,accelerate-accelerate,0.08660517632961273,0.1597963273525238,0.06584353744983673,1,0.1597963273525238,0.08660517632961273,0.07319115102291107,0.09395278990268707,"[true, true, true]",False,False,False,67001,0,0843ed3f032eeea0612c508f007d708852bd5b1fffa62c033181097389bc1972,validation_001,1,0,1118235841,1,12.964815310244859,
20,4.0,A,ramp,True,False,106.10000000000022,19.000000000000114,2,decelerate,2.0,-2.9999999999999716,124.00000000000026,28.000000000000114,2,1,decelerate-accelerate,-0.12811534106731415,-0.0032139718532562256,0.010686852037906647,2,0.010686852037906647,-0.0032139718532562256,0.013900823891162872,0.1388021931052208,"[true, true, true]",False,False,False,67001,0,0843ed3f032eeea0612c508f007d708852bd5b1fffa62c033181097389bc1972,validation_001,1,0,1118235841,1,14.892996928512744,
20,4.0,B,mainline,True,False,124.00000000000026,28.000000000000114,1,accelerate,2.0,2.0000000000000284,106.10000000000022,19.000000000000114,2,1,decelerate-accelerate,0.09467513859272003,0.1522493064403534,0.06229180097579956,1,0.1522493064403534,0.09467513859272003,0.05757416784763336,0.08995750546455383,"[true, true, true]",False,False,False,67001,0,0843ed3f032eeea0612c508f007d708852bd5b1fffa62c033181097389bc1972,validation_001,1,0,1118235841,1,14.892996928512744,
21,4.2,A,ramp,True,False,109.84000000000024,18.40000000000012,2,decelerate,-3.0,-2.9999999999999716,129.64000000000027,28.40000000000012,2,1,decelerate-accelerate,-0.1250477284193039,-0.0011698976159095764,0.010698962956666946,2,0.010698962956666946,-0.0011698976159095764,0.011868860572576523,0.13574669137597084,"[true, true, true]",False,False,False,67001,0,0843ed3f032eeea0612c508f007d708852bd5b1fffa62c033181097389bc1972,validation_001,1,0,1118235841,1,17.02053107720971,
21,4.2,B,mainline,True,False,129.64000000000027,28.40000000000012,1,accelerate,2.0,2.0000000000000284,109.84000000000024,18.40000000000012,2,1,decelerate-accelerate,0.10039195418357849,0.1534254252910614,0.06232806295156479,1,0.1534254252910614,0.10039195418357849,0.05303347110748291,0.09109736233949661,"[true, true, true]",False,False,False,67001,0,0843ed3f032eeea0612c508f007d708852bd5b1fffa62c033181097389bc1972,validation_001,1,0,1118235841,1,17.02053107720971,
22,4.4,A,ramp,True,False,113.46000000000028,17.800000000000125,2,decelerate,-3.0,-2.9999999999999716,135.3600000000003,28.800000000000125,2,1,decelerate-accelerate,-0.12174367904663086,0.0013245195150375366,0.009842600673437119,2,0.009842600673437119,0.0013245195150375366,0.008518081158399582,0.13158627972006798,"[true, true, true]",False,False,False,67001,0,0843ed3f032eeea0612c508f007d708852bd5b1fffa62c033181097389bc1972,validation_001,1,0,1118235841,1,19.34453244418293,
22,4.4,B,mainline,True,False,135.3600000000003,28.800000000000125,1,accelerate,2.0,2.0000000000000284,113.46000000000028,17.800000000000125,2,1,decelerate-accelerate,0.1053466871380806,0.1527608036994934,0.061831653118133545,1,0.1527608036994934,0.1053466871380806,0.04741411656141281,0.09092915058135986,"[true, true, true]",False,False,False,67001,0,0843ed3f032eeea0612c508f007d708852bd5b1fffa62c033181097389bc1972,validation_001,1,0,1118235841,1,19.34453244418293,
23,4.6000000000000005,A,ramp,True,False,116.9600000000003,17.20000000000013,2,decelerate,-3.0,-2.9999999999999716,141.16000000000034,29.20000000000013,2,1,decelerate-accelerate,-0.11793443560600281,0.0038425996899604797,0.0079854317009449,2,0.0079854317009449,0.0038425996899604797,0.004142832010984421,0.1259198673069477,"[true, true, true]",False,False,False,67001,0,0843ed3f032eeea0612c508f007d708852bd5b1fffa62c033181097389bc1972,validation_001,1,0,1118235841,1,21.863235255501408,
23,4.6000000000000005,B,mainline,True,False,141.16000000000034,29.20000000000013,1,accelerate,2.0,2.0000000000000284,116.9600000000003,17.20000000000013,2,1,decelerate-accelerate,0.11065497249364853,0.15179197490215302,0.060534171760082245,1,0.15179197490215302,0.11065497249364853,0.041137002408504486,0.09125780314207077,"[true, true, true]",False,False,False,67001,0,0843ed3f032eeea0612c508f007d708852bd5b1fffa62c033181097389bc1972,validation_001,1,0,1118235841,1,21.863235255501408,
24,4.800000000000001,A,ramp,True,False,120.34000000000033,16.600000000000136,1,accelerate,-3.0,2.0000000000000284,147.04000000000036,29.600000000000136,1,1,accelerate-accelerate,-0.11412689834833145,0.006270088255405426,0.006164273247122765,1,0.006270088255405426,0.006164273247122765,0.00010581500828266144,0.12039698660373688,"[true, true, true]",False,False,False,67001,0,0843ed3f032eeea0612c508f007d708852bd5b1fffa62c033181097389bc1972,validation_001,1,0,1118235841,1,24.4764812328215,
24,4.800000000000001,B,mainline,True,False,147.04000000000036,29.600000000000136,1,accelerate,2.0,1.9999999999971863,120.34000000000033,16.600000000000136,1,1,accelerate-accelerate,0.11598044633865356,0.15102458000183105,0.05926652252674103,1,0.15102458000183105,0.11598044633865356,0.03504413366317749,0.09175805747509003,"[true, true, true]",False,False,False,67001,0,0843ed3f032eeea0612c508f007d708852bd5b1fffa62c033181097389bc1972,validation_001,1,0,1118235841,1,24.4764812328215,
25,5.0,A,ramp,True,False,123.70000000000036,17.000000000000142,1,accelerate,2.0,2.0000000000000284,153.0000000000004,30.0,1,1,accelerate-accelerate,-0.11351434886455536,0.006089359521865845,0.004777919501066208,1,0.006089359521865845,0.004777919501066208,0.0013114400207996368,0.1196037083864212,"[true, true, true]",False,False,False,67001,0,0843ed3f032eeea0612c508f007d708852bd5b1fffa62c033181097389bc1972,validation_001,1,0,1118235841,1,27.044647906987564,
25,5.0,B,mainline,True,False,153.0000000000004,30.0,1,accelerate,2.0,0.0,123.70000000000036,17.000000000000142,1,1,accelerate-accelerate,0.11765036731958389,0.15022587776184082,0.05908343195915222,1,0.15022587776184082,0.11765036731958389,0.03257551044225693,0.0911424458026886,"[true, true, true]",False,False,False,67001,0,0843ed3f032eeea0612c508f007d708852bd5b1fffa62c033181097389bc1972,validation_001,1,0,1118235841,1,27.044647906987564,
26,5.2,A,ramp,True,False,127.14000000000038,17.400000000000148,1,accelerate,2.0,2.0000000000000284,159.0000000000004,30.0,1,1,accelerate-accelerate,-0.11459429562091827,0.005052328109741211,0.003673385828733444,1,0.005052328109741211,0.003673385828733444,0.0013789422810077667,0.11964662373065948,"[true, true, true]",False,False,False,67001,0,0843ed3f032eeea0612c508f007d708852bd5b1fffa62c033181097389bc1972,validation_001,1,0,1118235841,1,29.528551898875264,
26,5.2,B,mainline,True,False,159.0000000000004,30.0,1,accelerate,2.0,0.0,127.14000000000038,17.400000000000148,1,1,accelerate-accelerate,0.11860860884189606,0.14876876771450043,0.05863633006811142,1,0.14876876771450043,0.11860860884189606,0.03016015887260437,0.09013243764638901,"[true, true, true]",False,False,False,67001,0,0843ed3f032eeea0612c508f007d708852bd5b1fffa62c033181097389bc1972,validation_001,1,0,1118235841,1,29.528551898875264,
27,5.4,A,ramp,True,False,130.66000000000042,17.800000000000153,1,accelerate,2.0,2.0000000000000284,165.0000000000004,30.0,1,1,accelerate-accelerate,-0.11579500883817673,0.004059545695781708,0.0024306289851665497,1,0.004059545695781708,0.0024306289851665497,0.001628916710615158,0.11985455453395844,"[true, true, true]",False,False,False,67001,0,0843ed3f032eeea0612c508f007d708852bd5b1fffa62c033181097389bc1972,validation_001,1,0,1118235841,1,31.929770570861507,
27,5.4,B,mainline,True,False,165.0000000000004,30.0,1,accelerate,2.0,0.0,130.66000000000042,17.800000000000153,1,1,accelerate-accelerate,0.12003494799137115,0.14695899188518524,0.05832068622112274,1,0.14695899188518524,0.12003494799137115,0.026924043893814087,0.0886383056640625,"[true, true, true]",False,False,False,67001,0,0843ed3f032eeea0612c508f007d708852bd5b1fffa62c033181097389bc1972,validation_001,1,0,1118235841,1,31.929770570861507,
28,5.6000000000000005,A,ramp,True,False,134.26000000000045,18.20000000000016,1,accelerate,2.0,2.0000000000000284,171.0000000000004,30.0,1,1,accelerate-accelerate,-0.11714295297861099,0.0020951032638549805,0.000426609069108963,1,0.0020951032638549805,0.000426609069108963,0.0016684941947460175,0.11923805624246597,"[true, true, true]",False,False,False,67001,0,0843ed3f032eeea0612c508f007d708852bd5b1fffa62c033181097389bc1972,validation_001,1,0,1118235841,1,34.2499296718606,
28,5.6000000000000005,B,mainline,True,False,171.0000000000004,30.0,1,accelerate,2.0,0.0,134.26000000000045,18.20000000000016,1,1,accelerate-accelerate,0.1215001568198204,0.14505916833877563,0.05802471935749054,1,0.14505916833877563,0.1215001568198204,0.02355901151895523,0.0870344489812851,"[true, true, true]",False,False,False,67001,0,0843ed3f032eeea0612c508f007d708852bd5b1fffa62c033181097389bc1972,validation_001,1,0,1118235841,1,34.2499296718606,
29,5.800000000000001,A,ramp,True,False,137.94000000000048,18.600000000000165,1,accelerate,2.0,2.0000000000000284,177.0000000000004,30.0,1,1,accelerate-accelerate,-0.118436798453331,0.0001679062843322754,-0.0011899769306182861,1,0.0001679062843322754,-0.0011899769306182861,0.0013578832149505615,0.11860470473766327,"[true, true, true]",False,False,False,67001,0,0843ed3f032eeea0612c508f007d708852bd5b1fffa62c033181097389bc1972,validation_001,1,0,1118235841,1,36.48993123947602,
29,5.800000000000001,B,mainline,True,False,177.0000000000004,30.0,1,accelerate,2.0,0.0,137.94000000000048,18.600000000000165,1,1,accelerate-accelerate,0.1230059489607811,0.14306266605854034,0.05773547291755676,1,0.14306266605854034,0.1230059489607811,0.020056717097759247,0.08532719314098358,"[true, true, true]",False,False,False,67001,0,0843ed3f032eeea0612c508f007d708852bd5b1fffa62c033181097389bc1972,validation_001,1,0,1118235841,1,36.48993123947602,
30,6.0,A,ramp,True,False,141.7000000000005,19.00000000000017,1,accelerate,2.0,2.0000000000000284,183.0000000000004,30.0,1,1,accelerate-accelerate,-0.11939164996147156,-0.0019930340349674225,-0.0025865063071250916,1,-0.0019930340349674225,-0.0025865063071250916,0.0005934722721576691,0.11739861592650414,"[true, true, true]",False,False,False,67001,0,0843ed3f032eeea0612c508f007d708852bd5b1fffa62c033181097389bc1972,validation_001,1,0,1118235841,1,38.64993123947599,
30,6.0,B,mainline,True,False,183.0000000000004,30.0,1,accelerate,2.0,0.0,141.7000000000005,19.00000000000017,1,1,accelerate-accelerate,0.12356898188591003,0.14176326990127563,0.05706603825092316,1,0.14176326990127563,0.12356898188591003,0.0181942880153656,0.08469723165035248,"[true, true, true]",False,False,False,67001,0,0843ed3f032eeea0612c508f007d708852bd5b1fffa62c033181097389bc1972,validation_001,1,0,1118235841,1,38.64993123947599,
31,6.2,A,ramp,True,False,145.54000000000053,19.400000000000176,2,decelerate,2.0,-2.9999999999999716,189.0000000000004,30.0,2,1,decelerate-accelerate,-0.1199837177991867,-0.004475615918636322,-0.003874644637107849,2,-0.003874644637107849,-0.004475615918636322,0.0006009712815284729,0.11610907316207886,"[true, true, true]",False,False,False,67001,0,0843ed3f032eeea0612c508f007d708852bd5b1fffa62c033181097389bc1972,validation_001,1,0,1118235841,1,40.82993123947594,
31,6.2,B,mainline,True,False,189.0000000000004,30.0,1,accelerate,2.0,0.0,145.54000000000053,19.400000000000176,2,1,decelerate-accelerate,0.12317822873592377,0.1411994844675064,0.05637282133102417,1,0.1411994844675064,0.12317822873592377,0.01802125573158264,0.08482666313648224,"[true, true, true]",False,False,False,67001,0,0843ed3f032eeea0612c508f007d708852bd5b1fffa62c033181097389bc1972,validation_001,1,0,1118235841,1,40.82993123947594,
32,6.4,A,ramp,True,False,149.36000000000058,18.800000000000182,1,accelerate,-3.0,2.0000000000000284,195.0000000000004,30.0,1,1,accelerate-accelerate,-0.11793413013219833,-0.003609422594308853,-0.004658594727516174,1,-0.003609422594308853,-0.004658594727516174,0.0010491721332073212,0.11432470753788948,"[true, true, true]",False,False,False,67001,0,0843ed3f032eeea0612c508f007d708852bd5b1fffa62c033181097389bc1972,validation_001,1,0,1118235841,1,43.0299312394759,
32,6.4,B,mainline,True,False,195.0000000000004,30.0,1,accelerate,2.0,0.0,149.36000000000058,18.800000000000182,1,1,accelerate-accelerate,0.12740331888198853,0.141489639878273,0.05505584925413132,1,0.141489639878273,0.12740331888198853,0.014086320996284485,0.0864337906241417,"[true, true, true]",False,False,False,67001,0,0843ed3f032eeea0612c508f007d708852bd5b1fffa62c033181097389bc1972,validation_001,1,0,1118235841,1,43.0299312394759,
33,6.6000000000000005,A,ramp,True,False,153.16000000000062,19.200000000000188,2,decelerate,2.0,-2.9999999999999716,201.0000000000004,30.0,2,1,decelerate-accelerate,-0.11875247210264206,-0.006011612713336945,-0.005811458453536034,2,-0.005811458453536034,-0.006011612713336945,0.00020015425980091095,0.11294101364910603,"[true, true, true]",False,False,False,67001,0,0843ed3f032eeea0612c508f007d708852bd5b1fffa62c033181097389bc1972,validation_001,1,0,1118235841,1,45.24993123947587,
33,6.6000000000000005,B,mainline,True,False,201.0000000000004,30.0,1,accelerate,2.0,0.0,153.16000000000062,19.200000000000188,2,1,decelerate-accelerate,0.12783896923065186,0.1412341147661209,0.055272817611694336,1,0.1412341147661209,0.12783896923065186,0.013395145535469055,0.08596129715442657,"[true, true, true]",False,False,False,67001,0,0843ed3f032eeea0612c508f007d708852bd5b1fffa62c033181097389bc1972,validation_001,1,0,1118235841,1,45.24993123947587,
34,6.800000000000001,A,ramp,True,False,156.94000000000065,18.600000000000193,1,accelerate,-3.0,2.0000000000000284,207.0000000000004,30.0,1,1,accelerate-accelerate,-0.11652712523937225,-0.005062662065029144,-0.006199885159730911,1,-0.005062662065029144,-0.006199885159730911,0.001137223094701767,0.11146446317434311,"[true, true, true]",False,False,False,67001,0,0843ed3f032eeea0612c508f007d708852bd5b1fffa62c033181097389bc1972,validation_001,1,0,1118235841,1,47.48993123947582,
34,6.800000000000001,B,mainline,True,False,207.0000000000004,30.0,1,accelerate,2.0,0.0,156.94000000000065,18.600000000000193,1,1,accelerate-accelerate,0.13182853162288666,0.14163681864738464,0.054014042019844055,1,0.14163681864738464,0.13182853162288666,0.009808287024497986,0.08762277662754059,"[true, true, true]",False,False,False,67001,0,0843ed3f032eeea0612c508f007d708852bd5b1fffa62c033181097389bc1972,validation_001,1,0,1118235841,1,47.48993123947582,
35,7.0,A,ramp,True,False,160.7000000000007,19.0000000000002,2,decelerate,2.0,-2.9999999999999716,213.0000000000004,30.0,2,1,decelerate-accelerate,-0.11697825789451599,-0.007322847843170166,-0.0071678925305604935,2,-0.0071678925305604935,-0.007322847843170166,0.00015495531260967255,0.1098103653639555,"[true, true, true]",False,False,False,67001,0,0843ed3f032eeea0612c508f007d708852bd5b1fffa62c033181097389bc1972,validation_001,1,0,1118235841,1,49.749931239475785,
35,7.0,B,mainline,True,False,213.0000000000004,30.0,1,accelerate,2.0,0.0,160.7000000000007,19.0000000000002,2,1,decelerate-accelerate,0.13217075169086456,0.1414293348789215,0.05420929193496704,1,0.1414293348789215,0.13217075169086456,0.009258583188056946,0.08722004294395447,"[true, true, true]",False,False,False,67001,0,0843ed3f032eeea0612c508f007d708852bd5b1fffa62c033181097389bc1972,validation_001,1,0,1118235841,1,49.749931239475785,
36,7.2,A,ramp,True,False,164.44000000000074,18.400000000000205,2,decelerate,-3.0,-2.9999999999999716,219.0000000000004,30.0,2,1,decelerate-accelerate,-0.09969891607761383,0.024449750781059265,0.03834173455834389,2,0.03834173455834389,0.024449750781059265,0.013891983777284622,0.13804065063595772,"[true, true, true]",False,False,False,67001,0,0843ed3f032eeea0612c508f007d708852bd5b1fffa62c033181097389bc1972,validation_001,1,0,1118235841,1,52.12993123947575,
36,7.2,B,mainline,True,False,219.0000000000004,30.0,1,accelerate,2.0,0.0,164.44000000000074,18.400000000000205,2,1,decelerate-accelerate,0.1289498209953308,0.19166652858257294,0.04928058385848999,1,0.19166652858257294,0.1289498209953308,0.06271670758724213,0.14238594472408295,"[true, true, true]",False,False,False,67001,0,0843ed3f032eeea0612c508f007d708852bd5b1fffa62c033181097389bc1972,validation_001,1,0,1118235841,1,52.12993123947575,
37,7.4,A,ramp,True,False,168.06000000000077,17.80000000000021,2,decelerate,-3.0,-2.9999999999999716,225.0000000000004,30.0,2,1,decelerate-accelerate,-0.09827814251184464,0.022959068417549133,0.03761497884988785,2,0.03761497884988785,0.022959068417549133,0.014655910432338715,0.13589312136173248,"[true, true, true]",False,False,False,67001,0,0843ed3f032eeea0612c508f007d708852bd5b1fffa62c033181097389bc1972,validation_001,1,0,1118235841,1,54.629931239475724,
37,7.4,B,mainline,True,False,225.0000000000004,30.0,1,accelerate,2.0,0.0,168.06000000000077,17.80000000000021,2,1,decelerate-accelerate,0.1311715990304947,0.19033227860927582,0.04928179085254669,1,0.19033227860927582,0.1311715990304947,0.05916067957878113,0.14105048775672913,"[true, true, true]",False,False,False,67001,0,0843ed3f032eeea0612c508f007d708852bd5b1fffa62c033181097389bc1972,validation_001,1,0,1118235841,1,54.629931239475724,
38,7.6000000000000005,A,ramp,True,False,171.5600000000008,17.200000000000216,2,decelerate,-3.0,-2.9999999999999716,231.0000000000004,30.0,2,1,decelerate-accelerate,-0.09672366082668304,0.021403249353170395,0.03687282279133797,2,0.03687282279133797,0.021403249353170395,0.015469573438167572,0.133596483618021,"[true, true, true]",False,False,False,67001,0,0843ed3f032eeea0612c508f007d708852bd5b1fffa62c033181097389bc1972,validation_001,1,0,1118235841,1,57.24993123947567,
38,7.6000000000000005,B,mainline,True,False,231.0000000000004,30.0,1,accelerate,2.0,0.0,171.5600000000008,17.200000000000216,2,1,decelerate-accelerate,0.13332176208496094,0.1890079379081726,0.0493512898683548,1,0.1890079379081726,0.13332176208496094,0.05568617582321167,0.1396566480398178,"[true, true, true]",False,False,False,67001,0,0843ed3f032eeea0612c508f007d708852bd5b1fffa62c033181097389bc1972,validation_001,1,0,1118235841,1,57.24993123947567,
39,7.800000000000001,A,ramp,True,False,174.94000000000085,16.60000000000022,2,decelerate,-3.0,-2.9999999999999716,237.0000000000004,30.0,2,1,decelerate-accelerate,-0.09553298354148865,0.019942834973335266,0.03606545925140381,2,0.03606545925140381,0.019942834973335266,0.016122624278068542,0.13159844279289246,"[true, true, true]",False,False,False,67001,0,0843ed3f032eeea0612c508f007d708852bd5b1fffa62c033181097389bc1972,validation_001,1,0,1118235841,1,59.989931239475624,
39,7.800000000000001,B,mainline,True,False,237.0000000000004,30.0,1,accelerate,2.0,0.0,174.94000000000085,16.60000000000022,2,1,decelerate-accelerate,0.13540023565292358,0.18775177001953125,0.04943300783634186,1,0.18775177001953125,0.13540023565292358,0.052351534366607666,0.1383187621831894,"[true, true, true]",False,False,False,67001,0,0843ed3f032eeea0612c508f007d708852bd5b1fffa62c033181097389bc1972,validation_001,1,0,1118235841,1,59.989931239475624,
40,8.0,A,ramp,True,False,178.2000000000009,16.000000000000227,2,decelerate,-3.0,-3.000000000000007,243.0000000000004,30.0,2,1,decelerate-accelerate,-0.09526020288467407,0.0188048854470253,0.0351463183760643,2,0.0351463183760643,0.0188048854470253,0.016341432929039,0.13040652126073837,"[true, true, true]",False,False,False,67001,0,0843ed3f032eeea0612c508f007d708852bd5b1fffa62c033181097389bc1972,validation_001,1,0,1118235841,1,62.84993123947558,
40,8.0,B,mainline,True,False,243.0000000000004,30.0,1,accelerate,2.0,0.0,178.2000000000009,16.000000000000227,2,1,decelerate-accelerate,0.13819517195224762,0.18634894490242004,0.049377501010894775,1,0.18634894490242004,0.13819517195224762,0.048153772950172424,0.13697144389152527,"[true, true, true]",False,False,False,67001,0,0843ed3f032eeea0612c508f007d708852bd5b1fffa62c033181097389bc1972,validation_001,1,0,1118235841,1,62.84993123947558,
41,8.200000000000001,A,ramp,True,False,181.34000000000094,15.400000000000226,2,decelerate,-3.0,-3.000000000000007,249.0000000000004,30.0,2,1,decelerate-accelerate,-0.0944637879729271,0.01874762400984764,0.03427998721599579,2,0.03427998721599579,0.01874762400984764,0.015532363206148148,0.12874377518892288,"[true, true, true]",False,False,False,67001,0,0843ed3f032eeea0612c508f007d708852bd5b1fffa62c033181097389bc1972,validation_001,1,0,1118235841,1,65.82993123947554,
41,8.200000000000001,B,mainline,True,False,249.0000000000004,30.0,1,accelerate,2.0,0.0,181.34000000000094,15.400000000000226,2,1,decelerate-accelerate,0.1407138705253601,0.18526220321655273,0.04911921173334122,1,0.18526220321655273,0.1407138705253601,0.04454833269119263,0.13614299148321152,"[true, true, true]",False,False,False,67001,0,0843ed3f032eeea0612c508f007d708852bd5b1fffa62c033181097389bc1972,validation_001,1,0,1118235841,1,65.82993123947554,
42,8.4,A,ramp,True,False,184.36000000000098,14.800000000000225,2,decelerate,-3.0,-3.000000000000007,255.0000000000004,30.0,2,1,decelerate-accelerate,-0.0934934988617897,0.018544640392065048,0.03337481617927551,2,0.03337481617927551,0.018544640392065048,0.014830175787210464,0.12686831504106522,"[true, true, true]",False,False,False,67001,0,0843ed3f032eeea0612c508f007d708852bd5b1fffa62c033181097389bc1972,validation_001,1,0,1118235841,1,,
42,8.4,B,mainline,True,False,255.0000000000004,30.0,1,accelerate,2.0,0.0,184.36000000000098,14.800000000000225,2,1,decelerate-accelerate,0.14268401265144348,0.18438175320625305,0.04885098338127136,1,0.18438175320625305,0.14268401265144348,0.04169774055480957,0.1355307698249817,"[true, true, true]",False,False,False,67001,0,0843ed3f032eeea0612c508f007d708852bd5b1fffa62c033181097389bc1972,validation_001,1,0,1118235841,1,,
43,8.6,A,ramp,True,False,187.260000000001,14.200000000000223,2,decelerate,-3.0,-3.000000000000007,261.0000000000004,0.0,2,0,active-inactive,-0.2172720730304718,0.025079816579818726,0.06843829154968262,2,0.06843829154968262,0.025079816579818726,0.04335847496986389,0.2857103645801544,"[true, true, true]",False,False,False,67001,0,0843ed3f032eeea0612c508f007d708852bd5b1fffa62c033181097389bc1972,validation_001,1,0,1118235841,1,,
43,8.6,B,mainline,False,True,261.0000000000004,0.0,0,maintain,0.0,0.0,187.260000000001,14.200000000000223,2,0,active-inactive,0.06916937232017517,0.1358030140399933,-0.007386099547147751,1,0.1358030140399933,0.06916937232017517,0.06663364171981812,0.14318911358714104,"[true, true, true]",False,False,False,67001,0,0843ed3f032eeea0612c508f007d708852bd5b1fffa62c033181097389bc1972,validation_001,1,0,1118235841,1,,
44,8.8,A,ramp,True,False,190.04000000000107,13.600000000000222,2,decelerate,-3.0,-3.000000000000007,261.0000000000004,0.0,2,0,active-inactive,-0.21719373762607574,0.026854772120714188,0.0680345818400383,2,0.0680345818400383,0.026854772120714188,0.04117980971932411,0.28522831946611404,"[true, true, true]",False,False,False,67001,0,0843ed3f032eeea0612c508f007d708852bd5b1fffa62c033181097389bc1972,validation_001,1,0,1118235841,1,,
44,8.8,B,mainline,False,True,261.0000000000004,0.0,0,maintain,0.0,0.0,190.04000000000107,13.600000000000222,2,0,active-inactive,0.07097440958023071,0.13600163161754608,-0.006507614627480507,1,0.13600163161754608,0.07097440958023071,0.06502722203731537,0.1425092462450266,"[true, true, true]",False,False,False,67001,0,0843ed3f032eeea0612c508f007d708852bd5b1fffa62c033181097389bc1972,validation_001,1,0,1118235841,1,,
45,9.0,A,ramp,True,False,192.70000000000113,13.00000000000022,2,decelerate,-3.0,-3.000000000000007,261.0000000000004,0.0,2,0,active-inactive,-0.21723216772079468,0.02852725237607956,0.06750430166721344,2,0.06750430166721344,0.02852725237607956,0.03897704929113388,0.2847364693880081,"[true, true, true]",False,False,False,67001,0,0843ed3f032eeea0612c508f007d708852bd5b1fffa62c033181097389bc1972,validation_001,1,0,1118235841,1,,
45,9.0,B,mainline,False,True,261.0000000000004,0.0,0,maintain,0.0,0.0,192.70000000000113,13.00000000000022,2,0,active-inactive,0.07268121838569641,0.13606205582618713,-0.005669672042131424,1,0.13606205582618713,0.07268121838569641,0.06338083744049072,0.14173172786831856,"[true, true, true]",False,False,False,67001,0,0843ed3f032eeea0612c508f007d708852bd5b1fffa62c033181097389bc1972,validation_001,1,0,1118235841,1,,
46,9.200000000000001,A,ramp,True,False,195.24000000000117,12.400000000000219,2,decelerate,-3.0,-3.000000000000007,261.0000000000004,0.0,2,0,active-inactive,-0.21700306236743927,0.03014112263917923,0.06694342195987701,2,0.06694342195987701,0.03014112263917923,0.036802299320697784,0.2839464843273163,"[true, true, true]",False,False,False,67001,0,0843ed3f032eeea0612c508f007d708852bd5b1fffa62c033181097389bc1972,validation_001,1,0,1118235841,1,,
46,9.200000000000001,B,mainline,False,True,261.0000000000004,0.0,0,maintain,0.0,0.0,195.24000000000117,12.400000000000219,2,0,active-inactive,0.07433383166790009,0.13613303005695343,-0.004800894297659397,1,0.13613303005695343,0.07433383166790009,0.061799198389053345,0.14093392435461283,"[true, true, true]",False,False,False,67001,0,0843ed3f032eeea0612c508f007d708852bd5b1fffa62c033181097389bc1972,validation_001,1,0,1118235841,1,,
47,9.4,A,ramp,True,False,197.66000000000122,11.800000000000217,2,decelerate,-3.0,-3.000000000000007,261.0000000000004,0.0,2,0,active-inactive,-0.21672463417053223,0.031743716448545456,0.06635114550590515,2,0.06635114550590515,0.031743716448545456,0.034607429057359695,0.2830757796764374,"[true, true, true]",False,False,False,67001,0,0843ed3f032eeea0612c508f007d708852bd5b1fffa62c033181097389bc1972,validation_001,1,0,1118235841,1,,
47,9.4,B,mainline,False,True,261.0000000000004,0.0,0,maintain,0.0,0.0,197.66000000000122,11.800000000000217,2,0,active-inactive,0.07598502933979034,0.1360951066017151,-0.0038384199142456055,1,0.1360951066017151,0.07598502933979034,0.060110077261924744,0.1399335265159607,"[true, true, true]",False,False,False,67001,0,0843ed3f032eeea0612c508f007d708852bd5b1fffa62c033181097389bc1972,validation_001,1,0,1118235841,1,,
48,9.600000000000001,A,ramp,True,False,199.96000000000126,11.200000000000216,2,decelerate,-3.0,-3.000000000000007,261.0000000000004,0.0,2,0,active-inactive,-0.21640923619270325,0.033334795385599136,0.0657297819852829,2,0.0657297819852829,0.033334795385599136,0.03239498659968376,0.28213901817798615,"[true, true, true]",False,False,False,67001,0,0843ed3f032eeea0612c508f007d708852bd5b1fffa62c033181097389bc1972,validation_001,1,0,1118235841,1,,
48,9.600000000000001,B,mainline,False,True,261.0000000000004,0.0,0,maintain,0.0,0.0,199.96000000000126,11.200000000000216,2,0,active-inactive,0.07763635367155075,0.13612672686576843,-0.002905653789639473,1,0.13612672686576843,0.07763635367155075,0.05849037319421768,0.1390323806554079,"[true, true, true]",False,False,False,67001,0,0843ed3f032eeea0612c508f007d708852bd5b1fffa62c033181097389bc1972,validation_001,1,0,1118235841,1,,
49,9.8,A,ramp,True,False,202.1400000000013,10.600000000000215,2,decelerate,-3.0,-3.000000000000007,261.0000000000004,0.0,2,0,active-inactive,-0.21605846285820007,0.03491215780377388,0.06508176028728485,2,0.06508176028728485,0.03491215780377388,0.03016960248351097,0.2811402231454849,"[true, true, true]",False,False,False,67001,0,0843ed3f032eeea0612c508f007d708852bd5b1fffa62c033181097389bc1972,validation_001,1,0,1118235841,1,,
49,9.8,B,mainline,False,True,261.0000000000004,0.0,0,maintain,0.0,0.0,202.1400000000013,10.600000000000215,2,0,active-inactive,0.07923150062561035,0.13616998493671417,-0.001947011798620224,1,0.13616998493671417,0.07923150062561035,0.05693848431110382,0.1381169967353344,"[true, true, true]",False,False,False,67001,0,0843ed3f032eeea0612c508f007d708852bd5b1fffa62c033181097389bc1972,validation_001,1,0,1118235841,1,,
50,10.0,A,ramp,True,False,204.20000000000132,10.000000000000213,2,decelerate,-3.0,-3.000000000000007,261.0000000000004,0.0,2,0,active-inactive,-0.2157910317182541,0.03638215735554695,0.06436726450920105,2,0.06436726450920105,0.03638215735554695,0.0279851071536541,0.28015829622745514,"[true, true, true]",False,False,False,67001,0,0843ed3f032eeea0612c508f007d708852bd5b1fffa62c033181097389bc1972,validation_001,1,0,1118235841,1,,
50,10.0,B,mainline,False,True,261.0000000000004,0.0,0,maintain,0.0,0.0,204.20000000000132,10.000000000000213,2,0,active-inactive,0.08072009682655334,0.13613569736480713,-0.0008406918495893478,1,0.13613569736480713,0.08072009682655334,0.055415600538253784,0.13697638921439648,"[true, true, true]",False,False,False,67001,0,0843ed3f032eeea0612c508f007d708852bd5b1fffa62c033181097389bc1972,validation_001,1,0,1118235841,1,,
51,10.200000000000001,A,ramp,True,False,206.14000000000138,9.400000000000212,2,decelerate,-3.0,-3.000000000000007,261.0000000000004,0.0,2,0,active-inactive,-0.21518462896347046,0.03736438229680061,0.0635840892791748,2,0.0635840892791748,0.03736438229680061,0.02621970698237419,0.27876871824264526,"[true, true, true]",False,False,False,67001,0,0843ed3f032eeea0612c508f007d708852bd5b1fffa62c033181097389bc1972,validation_001,1,0,1118235841,1,,
51,10.200000000000001,B,mainline,False,True,261.0000000000004,0.0,0,maintain,0.0,0.0,206.14000000000138,9.400000000000212,2,0,active-inactive,0.08202631771564484,0.13535338640213013,0.00031306594610214233,1,0.13535338640213013,0.08202631771564484,0.05332706868648529,0.13504032045602798,"[true, true, true]",False,False,False,67001,0,0843ed3f032eeea0612c508f007d708852bd5b1fffa62c033181097389bc1972,validation_001,1,0,1118235841,1,,
52,10.4,A,ramp,True,False,207.96000000000143,8.80000000000021,2,decelerate,-3.0,-3.000000000000007,261.0000000000004,0.0,2,0,active-inactive,-0.21449077129364014,0.03826213255524635,0.06277650594711304,2,0.06277650594711304,0.03826213255524635,0.024514373391866684,0.2772672772407532,"[true, true, true]",False,False,False,67001,0,0843ed3f032eeea0612c508f007d708852bd5b1fffa62c033181097389bc1972,validation_001,1,0,1118235841,1,,
52,10.4,B,mainline,False,True,261.0000000000004,0.0,0,maintain,0.0,0.0,207.96000000000143,8.80000000000021,2,0,active-inactive,0.08328807353973389,0.13459838926792145,0.0014686044305562973,1,0.13459838926792145,0.08328807353973389,0.05131031572818756,0.13312978483736515,"[true, true, true]",False,False,False,67001,0,0843ed3f032eeea0612c508f007d708852bd5b1fffa62c033181097389bc1972,validation_001,1,0,1118235841,1,,
53,10.600000000000001,A,ramp,True,False,209.66000000000147,8.200000000000209,2,decelerate,-3.0,-3.000000000000007,261.0000000000004,0.0,2,0,active-inactive,-0.2137759029865265,0.03914535790681839,0.061949677765369415,2,0.061949677765369415,0.03914535790681839,0.022804319858551025,0.2757255807518959,"[true, true, true]",False,False,False,67001,0,0843ed3f032eeea0612c508f007d708852bd5b1fffa62c033181097389bc1972,validation_001,1,0,1118235841,1,,
53,10.600000000000001,B,mainline,False,True,261.0000000000004,0.0,0,maintain,0.0,0.0,209.66000000000147,8.200000000000209,2,0,active-inactive,0.08450599014759064,0.13387075066566467,0.002625413239002228,1,0.13387075066566467,0.08450599014759064,0.049364760518074036,0.13124533742666245,"[true, true, true]",False,False,False,67001,0,0843ed3f032eeea0612c508f007d708852bd5b1fffa62c033181097389bc1972,validation_001,1,0,1118235841,1,,
54,10.8,A,ramp,True,False,211.24000000000152,7.6000000000002075,2,decelerate,-3.0,-3.000000000000007,261.0000000000004,0.0,2,0,active-inactive,-0.2130412608385086,0.04001376032829285,0.061105310916900635,2,0.061105310916900635,0.04001376032829285,0.021091550588607788,0.27414657175540924,"[true, true, true]",False,False,False,67001,0,0843ed3f032eeea0612c508f007d708852bd5b1fffa62c033181097389bc1972,validation_001,1,0,1118235841,1,,
54,10.8,B,mainline,False,True,261.0000000000004,0.0,0,maintain,0.0,0.0,211.24000000000152,7.6000000000002075,2,0,active-inactive,0.08568072319030762,0.1331704556941986,0.003783058375120163,1,0.1331704556941986,0.08568072319030762,0.04748973250389099,0.12938739731907845,"[true, true, true]",False,False,False,67001,0,0843ed3f032eeea0612c508f007d708852bd5b1fffa62c033181097389bc1972,validation_001,1,0,1118235841,1,,
55,11.0,A,ramp,True,False,212.70000000000155,7.000000000000206,2,decelerate,-3.0,-3.000000000000007,261.0000000000004,0.0,2,0,active-inactive,-0.21230801939964294,0.0408850722014904,0.06030843034386635,2,0.06030843034386635,0.0408850722014904,0.019423358142375946,0.2726164497435093,"[true, true, true]",False,False,False,67001,0,0843ed3f032eeea0612c508f007d708852bd5b1fffa62c033181097389bc1972,validation_001,1,0,1118235841,1,,
55,11.0,B,mainline,False,True,261.0000000000004,0.0,0,maintain,0.0,0.0,212.70000000000155,7.000000000000206,2,0,active-inactive,0.08675995469093323,0.13252735137939453,0.004898104816675186,1,0.13252735137939453,0.08675995469093323,0.045767396688461304,0.12762924656271935,"[true, true, true]",False,False,False,67001,0,0843ed3f032eeea0612c508f007d708852bd5b1fffa62c033181097389bc1972,validation_001,1,0,1118235841,1,,
56,11.200000000000001,A,ramp,True,False,214.04000000000158,6.400000000000205,2,decelerate,-3.0,-3.000000000000007,261.0000000000004,0.0,2,0,active-inactive,-0.21153514087200165,0.041651491075754166,0.05961953103542328,2,0.05961953103542328,0.041651491075754166,0.017968039959669113,0.2711546719074249,"[true, true, true]",False,False,False,67001,0,0843ed3f032eeea0612c508f007d708852bd5b1fffa62c033181097389bc1972,validation_001,1,0,1118235841,1,,
56,11.200000000000001,B,mainline,False,True,261.0000000000004,0.0,0,maintain,0.0,0.0,214.04000000000158,6.400000000000205,2,0,active-inactive,0.0876355916261673,0.13200266659259796,0.005881756544113159,1,0.13200266659259796,0.0876355916261673,0.044367074966430664,0.1261209100484848,"[true, true, true]",False,False,False,67001,0,0843ed3f032eeea0612c508f007d708852bd5b1fffa62c033181097389bc1972,validation_001,1,0,1118235841,1,,
57,11.4,A,ramp,True,False,215.2600000000016,5.800000000000203,2,decelerate,-3.0,-3.000000000000007,261.0000000000004,0.0,2,0,active-inactive,-0.2107294797897339,0.04237397015094757,0.058904074132442474,2,0.058904074132442474,0.04237397015094757,0.016530103981494904,0.26963355392217636,"[true, true, true]",False,False,False,67001,0,0843ed3f032eeea0612c508f007d708852bd5b1fffa62c033181097389bc1972,validation_001,1,0,1118235841,1,,
57,11.4,B,mainline,False,True,261.0000000000004,0.0,0,maintain,0.0,0.0,215.2600000000016,5.800000000000203,2,0,active-inactive,0.08844262361526489,0.1314481645822525,0.0068834275007247925,1,0.1314481645822525,0.08844262361526489,0.04300554096698761,0.12456473708152771,"[true, true, true]",False,False,False,67001,0,0843ed3f032eeea0612c508f007d708852bd5b1fffa62c033181097389bc1972,validation_001,1,0,1118235841,1,,
58,11.600000000000001,A,ramp,True,False,216.36000000000166,5.200000000000202,2,decelerate,-3.0,-3.000000000000007,261.0000000000004,0.0,2,0,active-inactive,-0.20990592241287231,0.0430765338242054,0.05817519873380661,2,0.05817519873380661,0.0430765338242054,0.015098664909601212,0.2680811211466789,"[true, true, true]",False,False,False,67001,0,0843ed3f032eeea0612c508f007d708852bd5b1fffa62c033181097389bc1972,validation_001,1,0,1118235841,1,,
58,11.600000000000001,B,mainline,False,True,261.0000000000004,0.0,0,maintain,0.0,0.0,216.36000000000166,5.200000000000202,2,0,active-inactive,0.08916711807250977,0.13083571195602417,0.00791126862168312,1,0.13083571195602417,0.08916711807250977,0.041668593883514404,0.12292444333434105,"[true, true, true]",False,False,False,67001,0,0843ed3f032eeea0612c508f007d708852bd5b1fffa62c033181097389bc1972,validation_001,1,0,1118235841,1,,
59,11.8,A,ramp,True,False,217.3400000000017,4.6000000000002,2,decelerate,-3.0,-3.000000000000007,261.0000000000004,0.0,2,0,active-inactive,-0.2090652883052826,0.04375908523797989,0.057434000074863434,2,0.057434000074863434,0.04375908523797989,0.013674914836883545,0.266499288380146,"[true, true, true]",False,False,False,67001,0,0843ed3f032eeea0612c508f007d708852bd5b1fffa62c033181097389bc1972,validation_001,1,0,1118235841,1,,
59,11.8,B,mainline,False,True,261.0000000000004,0.0,0,maintain,0.0,0.0,217.3400000000017,4.6000000000002,2,0,active-inactive,0.08931843936443329,0.12991175055503845,0.008910279721021652,1,0.12991175055503845,0.08931843936443329,0.040593311190605164,0.1210014708340168,"[true, true, true]",False,False,False,67001,0,0843ed3f032eeea0612c508f007d708852bd5b1fffa62c033181097389bc1972,validation_001,1,0,1118235841,1,,
60,12.0,A,ramp,True,False,218.20000000000175,4.000000000000199,2,decelerate,-3.0,-2.9999999999999982,261.0000000000004,0.0,2,0,active-inactive,-0.20820853114128113,0.044421546161174774,0.056681402027606964,2,0.056681402027606964,0.044421546161174774,0.01225985586643219,0.2648899331688881,"[true, true, true]",False,False,False,67001,0,0843ed3f032eeea0612c508f007d708852bd5b1fffa62c033181097389bc1972,validation_001,1,0,1118235841,1,,
60,12.0,B,mainline,False,True,261.0000000000004,0.0,0,maintain,0.0,0.0,218.20000000000175,4.000000000000199,2,0,active-inactive,0.08943549543619156,0.1289868950843811,0.009833872318267822,1,0.1289868950843811,0.08943549543619156,0.039551399648189545,0.11915302276611328,"[true, true, true]",False,False,False,67001,0,0843ed3f032eeea0612c508f007d708852bd5b1fffa62c033181097389bc1972,validation_001,1,0,1118235841,1,,
61,12.200000000000001,A,ramp,True,False,218.9400000000018,3.4000000000001993,2,decelerate,-3.0,-2.9999999999999982,261.0000000000004,0.0,2,0,active-inactive,-0.20739607512950897,0.04515708237886429,0.056048110127449036,2,0.056048110127449036,0.04515708237886429,0.010891027748584747,0.263444185256958,"[true, true, true]",False,False,False,67001,0,0843ed3f032eeea0612c508f007d708852bd5b1fffa62c033181097389bc1972,validation_001,1,0,1118235841,1,,
61,12.200000000000001,B,mainline,False,True,261.0000000000004,0.0,0,maintain,0.0,0.0,218.9400000000018,3.4000000000001993,2,0,active-inactive,0.08951099961996078,0.1280849725008011,0.010762343183159828,1,0.1280849725008011,0.08951099961996078,0.0385739728808403,0.11732262931764126,"[true, true, true]",False,False,False,67001,0,0843ed3f032eeea0612c508f007d708852bd5b1fffa62c033181097389bc1972,validation_001,1,0,1118235841,1,,
62,12.4,A,ramp,True,False,219.56000000000182,2.8000000000001997,2,decelerate,-3.0,-2.9999999999999982,261.0000000000004,0.0,2,0,active-inactive,-0.2065872699022293,0.04590080678462982,0.05544485151767731,2,0.05544485151767731,0.04590080678462982,0.009544044733047485,0.2620321214199066,"[true, true, true]",False,False,False,67001,0,0843ed3f032eeea0612c508f007d708852bd5b1fffa62c033181097389bc1972,validation_001,1,0,1118235841,1,,
62,12.4,B,mainline,False,True,261.0000000000004,0.0,0,maintain,0.0,0.0,219.56000000000182,2.8000000000001997,2,0,active-inactive,0.08959101140499115,0.12720879912376404,0.011605296283960342,1,0.12720879912376404,0.08959101140499115,0.03761778771877289,0.1156035028398037,"[true, true, true]",False,False,False,67001,0,0843ed3f032eeea0612c508f007d708852bd5b1fffa62c033181097389bc1972,validation_001,1,0,1118235841,1,,
63,12.600000000000001,A,ramp,True,False,220.06000000000185,2.2000000000002,2,decelerate,-3.0,-2.9999999999999982,261.0000000000004,0.0,2,0,active-inactive,-0.20576611161231995,0.046626605093479156,0.05483628064393997,2,0.05483628064393997,0.046626605093479156,0.008209675550460815,0.2606023922562599,"[true, true, true]",False,False,False,67001,0,0843ed3f032eeea0612c508f007d708852bd5b1fffa62c033181097389bc1972,validation_001,1,0,1118235841,1,,
63,12.600000000000001,B,mainline,False,True,261.0000000000004,0.0,0,maintain,0.0,0.0,220.06000000000185,2.2000000000002,2,0,active-inactive,0.08987380564212799,0.12634794414043427,0.012213069945573807,1,0.12634794414043427,0.08987380564212799,0.036474138498306274,0.11413487419486046,"[true, true, true]",False,False,False,67001,0,0843ed3f032eeea0612c508f007d708852bd5b1fffa62c033181097389bc1972,validation_001,1,0,1118235841,1,,
64,12.8,A,ramp,True,False,220.4400000000019,1.6000000000002004,2,decelerate,-3.0,-2.9999999999999982,261.0000000000004,0.0,2,0,active-inactive,-0.20493333041667938,0.04733433574438095,0.054223161190748215,2,0.054223161190748215,0.04733433574438095,0.006888825446367264,0.2591564916074276,"[true, true, true]",False,False,False,67001,0,0843ed3f032eeea0612c508f007d708852bd5b1fffa62c033181097389bc1972,validation_001,1,0,1118235841,1,,
64,12.8,B,mainline,False,True,261.0000000000004,0.0,0,maintain,0.0,0.0,220.4400000000019,1.6000000000002004,2,0,active-inactive,0.09011965990066528,0.12550845742225647,0.012844908982515335,1,0.12550845742225647,0.09011965990066528,0.035388797521591187,0.11266354843974113,"[true, true, true]",False,False,False,67001,0,0843ed3f032eeea0612c508f007d708852bd5b1fffa62c033181097389bc1972,validation_001,1,0,1118235841,1,,
65,13.0,A,ramp,True,False,220.70000000000195,1.0000000000002007,2,decelerate,-3.0,-3.0000000000000004,261.0000000000004,0.0,2,0,active-inactive,-0.20408949255943298,0.048023927956819534,0.05360628664493561,2,0.05360628664493561,0.048023927956819534,0.005582358688116074,0.2576957792043686,"[true, true, true]",False,False,False,67001,0,0843ed3f032eeea0612c508f007d708852bd5b1fffa62c033181097389bc1972,validation_001,1,0,1118235841,1,,
65,13.0,B,mainline,False,True,261.0000000000004,0.0,0,maintain,0.0,0.0,220.70000000000195,1.0000000000002007,2,0,active-inactive,0.09050005674362183,0.12496930360794067,0.013579539954662323,1,0.12496930360794067,0.09050005674362183,0.03446924686431885,0.11138976365327835,"[true, true, true]",False,False,False,67001,0,0843ed3f032eeea0612c508f007d708852bd5b1fffa62c033181097389bc1972,validation_001,1,0,1118235841,1,,
66,13.200000000000001,A,ramp,True,False,220.840000000002,0.40000000000020064,2,decelerate,-3.0,0.0,261.0000000000004,0.0,2,0,active-inactive,-0.2032352089881897,0.04869528114795685,0.05298639461398125,2,0.05298639461398125,0.04869528114795685,0.004291113466024399,0.25622160360217094,"[true, true, true]",False,False,False,67001,0,0843ed3f032eeea0612c508f007d708852bd5b1fffa62c033181097389bc1972,validation_001,1,0,1118235841,1,,
66,13.200000000000001,B,mainline,False,True,261.0000000000004,0.0,0,maintain,0.0,0.0,220.840000000002,0.40000000000020064,2,0,active-inactive,0.09094233810901642,0.12454953789710999,0.014282789081335068,1,0.12454953789710999,0.09094233810901642,0.03360719978809357,0.11026674881577492,"[true, true, true]",False,False,False,67001,0,0843ed3f032eeea0612c508f007d708852bd5b1fffa62c033181097389bc1972,validation_001,1,0,1118235841,1,,
67,13.4,A,ramp,True,False,220.86666666666872,0.0,2,decelerate,-3.0,0.0,261.0000000000004,0.0,2,0,active-inactive,-0.20245784521102905,0.049162693321704865,0.05232946574687958,2,0.05232946574687958,0.049162693321704865,0.003166772425174713,0.25478731095790863,"[true, true, true]",False,False,False,67001,0,0843ed3f032eeea0612c508f007d708852bd5b1fffa62c033181097389bc1972,validation_001,1,0,1118235841,1,,
67,13.4,B,mainline,False,True,261.0000000000004,0.0,0,maintain,0.0,0.0,220.86666666666872,0.0,2,0,active-inactive,0.09119125455617905,0.12425868213176727,0.014748148620128632,1,0.12425868213176727,0.09119125455617905,0.033067427575588226,0.10951053351163864,"[true, true, true]",False,False,False,67001,0,0843ed3f032eeea0612c508f007d708852bd5b1fffa62c033181097389bc1972,validation_001,1,0,1118235841,1,,
68,13.600000000000001,A,ramp,True,False,220.86666666666872,0.0,2,decelerate,-3.0,0.0,261.0000000000004,0.0,2,0,active-inactive,-0.20190533995628357,0.04924335330724716,0.051669999957084656,2,0.051669999957084656,0.04924335330724716,0.002426646649837494,0.2535753399133682,"[true, true, true]",False,False,False,67001,0,0843ed3f032eeea0612c508f007d708852bd5b1fffa62c033181097389bc1972,validation_001,1,0,1118235841,1,,
68,13.600000000000001,B,mainline,False,True,261.0000000000004,0.0,0,maintain,0.0,0.0,220.86666666666872,0.0,2,0,active-inactive,0.09114180505275726,0.12419867515563965,0.014750301837921143,1,0.12419867515563965,0.09114180505275726,0.033056870102882385,0.1094483733177185,"[true, true, true]",False,False,False,67001,0,0843ed3f032eeea0612c508f007d708852bd5b1fffa62c033181097389bc1972,validation_001,1,0,1118235841,1,,
69,13.8,A,ramp,True,False,220.86666666666872,0.0,2,decelerate,-3.0,0.0,261.0000000000004,0.0,2,0,active-inactive,-0.20142167806625366,0.049312688410282135,0.0510946661233902,2,0.0510946661233902,0.049312688410282135,0.0017819777131080627,0.25251634418964386,"[true, true, true]",False,False,False,67001,0,0843ed3f032eeea0612c508f007d708852bd5b1fffa62c033181097389bc1972,validation_001,1,0,1118235841,1,,
69,13.8,B,mainline,False,True,261.0000000000004,0.0,0,maintain,0.0,0.0,220.86666666666872,0.0,2,0,active-inactive,0.09117445349693298,0.12412748485803604,0.014755737036466599,1,0.12412748485803604,0.09117445349693298,0.03295303136110306,0.10937174782156944,"[true, true, true]",False,False,False,67001,0,0843ed3f032eeea0612c508f007d708852bd5b1fffa62c033181097389bc1972,validation_001,1,0,1118235841,1,,
70,14.0,A,ramp,True,False,220.86666666666872,0.0,2,decelerate,-3.0,0.0,261.0000000000004,0.0,2,0,active-inactive,-0.2009923756122589,0.04937393218278885,0.05058445781469345,2,0.05058445781469345,0.04937393218278885,0.001210525631904602,0.25157683342695236,"[true, true, true]",False,False,False,67001,0,0843ed3f032eeea0612c508f007d708852bd5b1fffa62c033181097389bc1972,validation_001,1,0,1118235841,1,,
70,14.0,B,mainline,False,True,261.0000000000004,0.0,0,maintain,0.0,0.0,220.86666666666872,0.0,2,0,active-inactive,0.09120305627584457,0.12406445294618607,0.014760654419660568,1,0.12406445294618607,0.09120305627584457,0.03286139667034149,0.1093037985265255,"[true, true, true]",False,False,False,67001,0,0843ed3f032eeea0612c508f007d708852bd5b1fffa62c033181097389bc1972,validation_001,1,0,1118235841,1,,
71,14.200000000000001,A,ramp,True,False,220.86666666666872,0.0,2,decelerate,-3.0,0.0,261.0000000000004,0.0,2,0,active-inactive,-0.20060764253139496,0.049429163336753845,0.05012667551636696,2,0.05012667551636696,0.049429163336753845,0.0006975121796131134,0.2507343180477619,"[true, true, true]",False,False,False,67001,0,0843ed3f032eeea0612c508f007d708852bd5b1fffa62c033181097389bc1972,validation_001,1,0,1118235841,1,,
71,14.200000000000001,B,mainline,False,True,261.0000000000004,0.0,0,maintain,0.0,0.0,220.86666666666872,0.0,2,0,active-inactive,0.09122911840677261,0.12400779128074646,0.014764949679374695,1,0.12400779128074646,0.09122911840677261,0.032778672873973846,0.10924284160137177,"[true, true, true]",False,False,False,67001,0,0843ed3f032eeea0612c508f007d708852bd5b1fffa62c033181097389bc1972,validation_001,1,0,1118235841,1,,
72,14.4,A,ramp,True,False,220.86666666666872,0.0,2,decelerate,-3.0,0.0,261.0000000000004,0.0,2,0,active-inactive,-0.20026060938835144,0.049479689449071884,0.04971267655491829,2,0.04971267655491829,0.049479689449071884,0.00023298710584640503,0.24997328594326973,"[true, true, true]",False,False,False,67001,0,0843ed3f032eeea0612c508f007d708852bd5b1fffa62c033181097389bc1972,validation_001,1,0,1118235841,1,,
72,14.4,B,mainline,False,True,261.0000000000004,0.0,0,maintain,0.0,0.0,220.86666666666872,0.0,2,0,active-inactive,0.09125355631113052,0.12395627796649933,0.014768607914447784,1,0.12395627796649933,0.09125355631113052,0.032702721655368805,0.10918767005205154,"[true, true, true]",False,False,False,67001,0,0843ed3f032eeea0612c508f007d708852bd5b1fffa62c033181097389bc1972,validation_001,1,0,1118235841,1,,
73,14.600000000000001,A,ramp,True,False,220.86666666666872,0.0,1,accelerate,-3.0,1.9999999999999996,261.0000000000004,0.0,1,0,active-inactive,-0.19994646310806274,0.04952635616064072,0.049336474388837814,1,0.04952635616064072,0.049336474388837814,0.00018988177180290222,0.24947281926870346,"[true, true, true]",False,False,False,67001,0,0843ed3f032eeea0612c508f007d708852bd5b1fffa62c033181097389bc1972,validation_001,1,0,1118235841,1,,
73,14.600000000000001,B,mainline,False,True,261.0000000000004,0.0,0,maintain,0.0,0.0,220.86666666666872,0.0,1,0,active-inactive,0.0912768691778183,0.123909130692482,0.014771644026041031,1,0.123909130692482,0.0912768691778183,0.032632261514663696,0.10913748666644096,"[true, true, true]",False,False,False,67001,0,0843ed3f032eeea0612c508f007d708852bd5b1fffa62c033181097389bc1972,validation_001,1,0,1118235841,1,,
74,14.8,A,ramp,True,False,220.9066666666687,0.4,1,accelerate,2.0,1.9999999999999996,261.0000000000004,0.0,1,0,active-inactive,-0.19978538155555725,0.04916418343782425,0.04888920113444328,1,0.04916418343782425,0.04888920113444328,0.0002749823033809662,0.2489495649933815,"[true, true, true]",False,False,False,67001,0,0843ed3f032eeea0612c508f007d708852bd5b1fffa62c033181097389bc1972,validation_001,1,0,1118235841,1,,
74,14.8,B,mainline,False,True,261.0000000000004,0.0,0,maintain,0.0,0.0,220.9066666666687,0.4,1,0,active-inactive,0.09077976644039154,0.12427270412445068,0.01443210244178772,1,0.12427270412445068,0.09077976644039154,0.03349293768405914,0.10984060168266296,"[true, true, true]",False,False,False,67001,0,0843ed3f032eeea0612c508f007d708852bd5b1fffa62c033181097389bc1972,validation_001,1,0,1118235841,1,,
75,15.0,A,ramp,True,False,221.02666666666872,0.7999999999999999,1,accelerate,2.0,2.0000000000000018,261.0000000000004,0.0,1,0,active-inactive,-0.19967254996299744,0.048790961503982544,0.0485018789768219,1,0.048790961503982544,0.0485018789768219,0.00028908252716064453,0.24846351146697998,"[true, true, true]",False,False,False,67001,0,0843ed3f032eeea0612c508f007d708852bd5b1fffa62c033181097389bc1972,validation_001,1,0,1118235841,1,,
75,15.0,B,mainline,False,True,261.0000000000004,0.0,0,maintain,0.0,0.0,221.02666666666872,0.7999999999999999,1,0,active-inactive,0.09008172899484634,0.12454582750797272,0.014204874634742737,1,0.12454582750797272,0.09008172899484634,0.03446409851312637,0.11034095287322998,"[true, true, true]",False,False,False,67001,0,0843ed3f032eeea0612c508f007d708852bd5b1fffa62c033181097389bc1972,validation_001,1,0,1118235841,1,,
76,15.200000000000001,A,ramp,True,False,221.22666666666873,1.2,1,accelerate,2.0,2.0000000000000018,261.0000000000004,0.0,1,0,active-inactive,-0.19963151216506958,0.04842552915215492,0.04818987101316452,1,0.04842552915215492,0.04818987101316452,0.00023565813899040222,0.2480570413172245,"[true, true, true]",False,False,False,67001,0,0843ed3f032eeea0612c508f007d708852bd5b1fffa62c033181097389bc1972,validation_001,1,0,1118235841,1,,
76,15.200000000000001,B,mainline,False,True,261.0000000000004,0.0,0,maintain,0.0,0.0,221.22666666666873,1.2,1,0,active-inactive,0.08948680758476257,0.12472644448280334,0.014062736183404922,1,0.12472644448280334,0.08948680758476257,0.03523963689804077,0.11066370829939842,"[true, true, true]",False,False,False,67001,0,0843ed3f032eeea0612c508f007d708852bd5b1fffa62c033181097389bc1972,validation_001,1,0,1118235841,1,,
77,15.4,A,ramp,True,False,221.5066666666687,1.6000000000000003,1,accelerate,2.0,1.9999999999999973,261.0000000000004,0.0,1,0,active-inactive,-0.19965597987174988,0.04806820675730705,0.04794596880674362,1,0.04806820675730705,0.04794596880674362,0.00012223795056343079,0.24772418662905693,"[true, true, true]",False,False,False,67001,0,0843ed3f032eeea0612c508f007d708852bd5b1fffa62c033181097389bc1972,validation_001,1,0,1118235841,1,,
77,15.4,B,mainline,False,True,261.0000000000004,0.0,0,maintain,0.0,0.0,221.5066666666687,1.6000000000000003,1,0,active-inactive,0.08885473757982254,0.1248786598443985,0.014008790254592896,1,0.1248786598443985,0.08885473757982254,0.03602392226457596,0.1108698695898056,"[true, true, true]",False,False,False,67001,0,0843ed3f032eeea0612c508f007d708852bd5b1fffa62c033181097389bc1972,validation_001,1,0,1118235841,1,,
78,15.600000000000001,A,ramp,True,False,221.86666666666872,2.0000000000000004,2,decelerate,2.0,-2.9999999999999982,261.0000000000004,0.0,2,0,active-inactive,-0.19974040985107422,0.047719281166791916,0.04776419699192047,2,0.04776419699192047,0.047719281166791916,4.49158251285553e-05,0.2475046068429947,"[true, true, true]",False,False,False,67001,0,0843ed3f032eeea0612c508f007d708852bd5b1fffa62c033181097389bc1972,validation_001,1,0,1118235841,1,,
78,15.600000000000001,B,mainline,False,True,261.0000000000004,0.0,0,maintain,0.0,0.0,221.86666666666872,2.0000000000000004,2,0,active-inactive,0.0882406085729599,0.12501701712608337,0.013937946408987045,1,0.12501701712608337,0.0882406085729599,0.036776408553123474,0.11107907071709633,"[true, true, true]",False,False,False,67001,0,0843ed3f032eeea0612c508f007d708852bd5b1fffa62c033181097389bc1972,validation_001,1,0,1118235841,1,,
79,15.8,A,ramp,True,False,222.20666666666872,1.4000000000000008,1,accelerate,-3.0,2.0000000000000018,261.0000000000004,0.0,1,0,active-inactive,-0.19957587122917175,0.04838521406054497,0.047912728041410446,1,0.04838521406054497,0.047912728041410446,0.0004724860191345215,0.24796108528971672,"[true, true, true]",False,False,False,67001,0,0843ed3f032eeea0612c508f007d708852bd5b1fffa62c033181097389bc1972,validation_001,1,0,1118235841,1,,
79,15.8,B,mainline,False,True,261.0000000000004,0.0,0,maintain,0.0,0.0,222.20666666666872,1.4000000000000008,1,0,active-inactive,0.08919240534305573,0.1246170848608017,0.014082323759794235,1,0.1246170848608017,0.08919240534305573,0.03542467951774597,0.11053476110100746,"[true, true, true]",False,False,False,67001,0,0843ed3f032eeea0612c508f007d708852bd5b1fffa62c033181097389bc1972,validation_001,1,0,1118235841,1,,
80,16.0,A,ramp,True,False,222.52666666666872,1.8000000000000012,1,accelerate,2.0,2.0000000000000018,261.0000000000004,0.0,1,0,active-inactive,-0.19966450333595276,0.04802805185317993,0.04774303734302521,1,0.04802805185317993,0.04774303734302521,0.0002850145101547241,0.2476925551891327,"[true, true, true]",False,False,False,67001,0,0843ed3f032eeea0612c508f007d708852bd5b1fffa62c033181097389bc1972,validation_001,1,0,1118235841,1,,
80,16.0,B,mainline,False,True,261.0000000000004,0.0,0,maintain,0.0,0.0,222.52666666666872,1.8000000000000012,1,0,active-inactive,0.08857493847608566,0.124765545129776,0.014008529484272003,1,0.124765545129776,0.08857493847608566,0.03619060665369034,0.110757015645504,"[true, true, true]",False,False,False,67001,0,0843ed3f032eeea0612c508f007d708852bd5b1fffa62c033181097389bc1972,validation_001,1,0,1118235841,1,,
81,16.2,A,ramp,True,False,222.9266666666687,2.2000000000000015,1,accelerate,2.0,2.0000000000000018,261.0000000000004,0.0,1,0,active-inactive,-0.1998002827167511,0.047680582851171494,0.04761970788240433,1,0.047680582851171494,0.04761970788240433,6.087496876716614e-05,0.2474808655679226,"[true, true, true]",False,False,False,67001,0,0843ed3f032eeea0612c508f007d708852bd5b1fffa62c033181097389bc1972,validation_001,1,0,1118235841,1,,
81,16.2,B,mainline,False,True,261.0000000000004,0.0,0,maintain,0.0,0.0,222.9266666666687,2.2000000000000015,1,0,active-inactive,0.08797299116849899,0.12489908933639526,0.013922024518251419,1,0.12489908933639526,0.08797299116849899,0.03692609816789627,0.11097706481814384,"[true, true, true]",False,False,False,67001,0,0843ed3f032eeea0612c508f007d708852bd5b1fffa62c033181097389bc1972,validation_001,1,0,1118235841,1,,
82,16.400000000000002,A,ramp,True,False,223.4066666666687,2.600000000000002,2,decelerate,2.0,-2.9999999999999982,261.0000000000004,0.0,2,0,active-inactive,-0.19998133182525635,0.04734271392226219,0.047541044652462006,2,0.047541044652462006,0.04734271392226219,0.00019833073019981384,0.24752237647771835,"[true, true, true]",False,False,False,67001,0,0843ed3f032eeea0612c508f007d708852bd5b1fffa62c033181097389bc1972,validation_001,1,0,1118235841,1,,
82,16.400000000000002,B,mainline,False,True,261.0000000000004,0.0,0,maintain,0.0,0.0,223.4066666666687,2.600000000000002,2,0,active-inactive,0.08738573640584946,0.12501780688762665,0.01382341980934143,1,0.12501780688762665,0.08738573640584946,0.03763207048177719,0.11119438707828522,"[true, true, true]",False,False,False,67001,0,0843ed3f032eeea0612c508f007d708852bd5b1fffa62c033181097389bc1972,validation_001,1,0,1118235841,1,,
83,16.6,A,ramp,True,False,223.86666666666872,2.000000000000002,1,accelerate,-3.0,2.0000000000000018,261.0000000000004,0.0,1,0,active-inactive,-0.19990555942058563,0.048020072281360626,0.04778415337204933,1,0.048020072281360626,0.04778415337204933,0.00023591890931129456,0.24792563170194626,"[true, true, true]",False,False,False,67001,0,0843ed3f032eeea0612c508f007d708852bd5b1fffa62c033181097389bc1972,validation_001,1,0,1118235841,1,,
83,16.6,B,mainline,False,True,261.0000000000004,0.0,0,maintain,0.0,0.0,223.86666666666872,2.000000000000002,1,0,active-inactive,0.0883621871471405,0.1245979443192482,0.013942476361989975,1,0.1245979443192482,0.0883621871471405,0.0362357571721077,0.11065546795725822,"[true, true, true]",False,False,False,67001,0,0843ed3f032eeea0612c508f007d708852bd5b1fffa62c033181097389bc1972,validation_001,1,0,1118235841,1,,
84,16.8,A,ramp,True,False,224.30666666666872,2.4000000000000026,2,decelerate,2.0,-2.9999999999999982,261.0000000000004,0.0,2,0,active-inactive,-0.20007866621017456,0.04767417907714844,0.0477050244808197,2,0.0477050244808197,0.04767417907714844,3.084540367126465e-05,0.24778369069099426,"[true, true, true]",False,False,False,67001,0,0843ed3f032eeea0612c508f007d708852bd5b1fffa62c033181097389bc1972,validation_001,1,0,1118235841,1,,
84,16.8,B,mainline,False,True,261.0000000000004,0.0,0,maintain,0.0,0.0,224.30666666666872,2.4000000000000026,2,0,active-inactive,0.08776766061782837,0.1247265562415123,0.013844631612300873,1,0.1247265562415123,0.08776766061782837,0.03695889562368393,0.11088192462921143,"[true, true, true]",False,False,False,67001,0,0843ed3f032eeea0612c508f007d708852bd5b1fffa62c033181097389bc1972,validation_001,1,0,1118235841,1,,
85,17.0,A,ramp,True,False,224.7266666666687,1.800000000000003,1,accelerate,-3.0,2.0000000000000018,261.0000000000004,0.0,1,0,active-inactive,-0.19998809695243835,0.048344530165195465,0.047938499599695206,1,0.048344530165195465,0.047938499599695206,0.0004060305655002594,0.24833262711763382,"[true, true, true]",False,False,False,67001,0,0843ed3f032eeea0612c508f007d708852bd5b1fffa62c033181097389bc1972,validation_001,1,0,1118235841,1,,
85,17.0,B,mainline,False,True,261.0000000000004,0.0,0,maintain,0.0,0.0,224.7266666666687,1.800000000000003,1,0,active-inactive,0.08868734538555145,0.12430313229560852,0.01405864953994751,1,0.12430313229560852,0.08868734538555145,0.03561578691005707,0.11024448275566101,"[true, true, true]",False,False,False,67001,0,0843ed3f032eeea0612c508f007d708852bd5b1fffa62c033181097389bc1972,validation_001,1,0,1118235841,1,,
86,17.2,A,ramp,True,False,225.12666666666868,2.2000000000000033,1,accelerate,2.0,2.0000000000000018,261.0000000000004,0.0,1,0,active-inactive,-0.20014147460460663,0.047992460429668427,0.04784299433231354,1,0.047992460429668427,0.04784299433231354,0.00014946609735488892,0.24813393503427505,"[true, true, true]",False,False,False,67001,0,0843ed3f032eeea0612c508f007d708852bd5b1fffa62c033181097389bc1972,validation_001,1,0,1118235841,1,,
86,17.2,B,mainline,False,True,261.0000000000004,0.0,0,maintain,0.0,0.0,225.12666666666868,2.2000000000000033,1,0,active-inactive,0.08813650161027908,0.12445204704999924,0.013873804360628128,1,0.12445204704999924,0.08813650161027908,0.036315545439720154,0.11057824268937111,"[true, true, true]",False,False,False,67001,0,0843ed3f032eeea0612c508f007d708852bd5b1fffa62c033181097389bc1972,validation_001,1,0,1118235841,1,,
87,17.400000000000002,A,ramp,True,False,225.6066666666687,2.6000000000000036,2,decelerate,2.0,-2.9999999999999982,261.0000000000004,0.0,2,0,active-inactive,-0.20032885670661926,0.04765143245458603,0.04777777940034866,2,0.04777777940034866,0.04765143245458603,0.00012634694576263428,0.24810663610696793,"[true, true, true]",False,False,False,67001,0,0843ed3f032eeea0612c508f007d708852bd5b1fffa62c033181097389bc1972,validation_001,1,0,1118235841,1,,
87,17.400000000000002,B,mainline,False,True,261.0000000000004,0.0,0,maintain,0.0,0.0,225.6066666666687,2.6000000000000036,2,0,active-inactive,0.08764970302581787,0.12454897165298462,0.013772614300251007,1,0.12454897165298462,0.08764970302581787,0.03689926862716675,0.11077635735273361,"[true, true, true]",False,False,False,67001,0,0843ed3f032eeea0612c508f007d708852bd5b1fffa62c033181097389bc1972,validation_001,1,0,1118235841,1,,
88,17.6,A,ramp,True,False,226.0666666666687,2.000000000000004,1,accelerate,-3.0,2.0000000000000018,261.0000000000004,0.0,1,0,active-inactive,-0.2002512812614441,0.04832672327756882,0.04802365601062775,1,0.04832672327756882,0.04802365601062775,0.00030306726694107056,0.2485780045390129,"[true, true, true]",False,False,False,67001,0,0843ed3f032eeea0612c508f007d708852bd5b1fffa62c033181097389bc1972,validation_001,1,0,1118235841,1,,
88,17.6,B,mainline,False,True,261.0000000000004,0.0,0,maintain,0.0,0.0,226.0666666666687,2.000000000000004,1,0,active-inactive,0.0884799063205719,0.12412016093730927,0.014058861881494522,1,0.12412016093730927,0.0884799063205719,0.035640254616737366,0.11006129905581474,"[true, true, true]",False,False,False,67001,0,0843ed3f032eeea0612c508f007d708852bd5b1fffa62c033181097389bc1972,validation_001,1,0,1118235841,1,,
89,17.8,A,ramp,True,False,226.5066666666687,2.4000000000000044,1,accelerate,2.0,2.0000000000000018,261.0000000000004,0.0,1,0,active-inactive,-0.2004166841506958,0.04797961562871933,0.04793960228562355,1,0.04797961562871933,0.04793960228562355,4.001334309577942e-05,0.24839629977941513,"[true, true, true]",False,False,False,67001,0,0843ed3f032eeea0612c508f007d708852bd5b1fffa62c033181097389bc1972,validation_001,1,0,1118235841,1,,
89,17.8,B,mainline,False,True,261.0000000000004,0.0,0,maintain,0.0,0.0,226.5066666666687,2.4000000000000044,1,0,active-inactive,0.08804093301296234,0.12424331903457642,0.013844192028045654,1,0.12424331903457642,0.08804093301296234,0.036202386021614075,0.11039912700653076,"[true, true, true]",False,False,False,67001,0,0843ed3f032eeea0612c508f007d708852bd5b1fffa62c033181097389bc1972,validation_001,1,0,1118235841,1,,
90,18.0,A,ramp,True,False,227.0266666666687,2.8000000000000047,2,decelerate,2.0,-2.9999999999999982,261.0000000000004,0.0,2,0,active-inactive,-0.20061513781547546,0.04764362797141075,0.0478847473859787,2,0.0478847473859787,0.04764362797141075,0.0002411194145679474,0.24849988520145416,"[true, true, true]",False,False,False,67001,0,0843ed3f032eeea0612c508f007d708852bd5b1fffa62c033181097389bc1972,validation_001,1,0,1118235841,1,,
90,18.0,B,mainline,False,True,261.0000000000004,0.0,0,maintain,0.0,0.0,227.0266666666687,2.8000000000000047,2,0,active-inactive,0.08742360025644302,0.12447638809680939,0.013721533119678497,1,0.12447638809680939,0.08742360025644302,0.037052787840366364,0.11075485497713089,"[true, true, true]",False,False,False,67001,0,0843ed3f032eeea0612c508f007d708852bd5b1fffa62c033181097389bc1972,validation_001,1,0,1118235841,1,,
91,18.2,A,ramp,True,False,227.5266666666687,2.200000000000005,1,accelerate,-3.0,2.0000000000000018,261.0000000000004,0.0,1,0,active-inactive,-0.20054739713668823,0.048324037343263626,0.0481395460665226,1,0.048324037343263626,0.0481395460665226,0.00018449127674102783,0.24887143447995186,"[true, true, true]",False,False,False,67001,0,0843ed3f032eeea0612c508f007d708852bd5b1fffa62c033181097389bc1972,validation_001,1,0,1118235841,1,,
91,18.2,B,mainline,False,True,261.0000000000004,0.0,0,maintain,0.0,0.0,227.5266666666687,2.200000000000005,1,0,active-inactive,0.08837716281414032,0.12388831377029419,0.014067046344280243,1,0.12388831377029419,0.08837716281414032,0.03551115095615387,0.10982126742601395,"[true, true, true]",False,False,False,67001,0,0843ed3f032eeea0612c508f007d708852bd5b1fffa62c033181097389bc1972,validation_001,1,0,1118235841,1,,
92,18.400000000000002,A,ramp,True,False,228.0066666666687,2.6000000000000054,2,decelerate,2.0,-2.9999999999999982,261.0000000000004,0.0,2,0,active-inactive,-0.20072166621685028,0.04798212647438049,0.048063263297080994,2,0.048063263297080994,0.04798212647438049,8.113682270050049e-05,0.24878492951393127,"[true, true, true]",False,False,False,67001,0,0843ed3f032eeea0612c508f007d708852bd5b1fffa62c033181097389bc1972,validation_001,1,0,1118235841,1,,
92,18.400000000000002,B,mainline,False,True,261.0000000000004,0.0,0,maintain,0.0,0.0,228.0066666666687,2.6000000000000054,2,0,active-inactive,0.08776858448982239,0.12418802082538605,0.013879504054784775,1,0.12418802082538605,0.08776858448982239,0.03641943633556366,0.11030851677060127,"[true, true, true]",False,False,False,67001,0,0843ed3f032eeea0612c508f007d708852bd5b1fffa62c033181097389bc1972,validation_001,1,0,1118235841,1,,
93,18.6,A,ramp,True,False,228.46666666666871,2.0000000000000058,1,accelerate,-3.0,2.0000000000000018,261.0000000000004,0.0,1,0,active-inactive,-0.20062722265720367,0.04865714907646179,0.048292964696884155,1,0.04865714907646179,0.048292964696884155,0.0003641843795776367,0.24928437173366547,"[true, true, true]",False,False,False,67001,0,0843ed3f032eeea0612c508f007d708852bd5b1fffa62c033181097389bc1972,validation_001,1,0,1118235841,1,,
93,18.6,B,mainline,False,True,261.0000000000004,0.0,0,maintain,0.0,0.0,228.46666666666871,2.0000000000000058,1,0,active-inactive,0.08868618309497833,0.12355417758226395,0.014292050153017044,1,0.12355417758226395,0.08868618309497833,0.034867994487285614,0.1092621274292469,"[true, true, true]",False,False,False,67001,0,0843ed3f032eeea0612c508f007d708852bd5b1fffa62c033181097389bc1972,validation_001,1,0,1118235841,1,,
94,18.8,A,ramp,True,False,228.9066666666687,2.400000000000006,1,accelerate,2.0,2.0000000000000018,261.0000000000004,0.0,1,0,active-inactive,-0.2007724940776825,0.04831041395664215,0.04818806052207947,1,0.04831041395664215,0.04818806052207947,0.0001223534345626831,0.24908290803432465,"[true, true, true]",False,False,False,67001,0,0843ed3f032eeea0612c508f007d708852bd5b1fffa62c033181097389bc1972,validation_001,1,0,1118235841,1,,
94,18.8,B,mainline,False,True,261.0000000000004,0.0,0,maintain,0.0,0.0,228.9066666666687,2.400000000000006,1,0,active-inactive,0.08808746933937073,0.12391050159931183,0.014090169221162796,1,0.12391050159931183,0.08808746933937073,0.0358230322599411,0.10982033237814903,"[true, true, true]",False,False,False,67001,0,0843ed3f032eeea0612c508f007d708852bd5b1fffa62c033181097389bc1972,validation_001,1,0,1118235841,1,,
95,19.0,A,ramp,True,False,229.4266666666687,2.8000000000000065,2,decelerate,2.0,-2.9999999999999982,261.0000000000004,0.0,2,0,active-inactive,-0.20095130801200867,0.0479748472571373,0.048112619668245316,2,0.048112619668245316,0.0479748472571373,0.00013777241110801697,0.24906392768025398,"[true, true, true]",False,False,False,67001,0,0843ed3f032eeea0612c508f007d708852bd5b1fffa62c033181097389bc1972,validation_001,1,0,1118235841,1,,
95,19.0,B,mainline,False,True,261.0000000000004,0.0,0,maintain,0.0,0.0,229.4266666666687,2.8000000000000065,2,0,active-inactive,0.08767439424991608,0.12443004548549652,0.013801909983158112,1,0.12443004548549652,0.08767439424991608,0.036755651235580444,0.11062813550233841,"[true, true, true]",False,False,False,67001,0,0843ed3f032eeea0612c508f007d708852bd5b1fffa62c033181097389bc1972,validation_001,1,0,1118235841,1,,
96,19.200000000000003,A,ramp,True,False,229.9266666666687,2.200000000000007,1,accelerate,-3.0,2.0000000000000018,261.0000000000004,0.0,1,0,active-inactive,-0.20086276531219482,0.04865599423646927,0.048345014452934265,1,0.04865599423646927,0.048345014452934265,0.00031097978353500366,0.2495187595486641,"[true, true, true]",False,False,False,67001,0,0843ed3f032eeea0612c508f007d708852bd5b1fffa62c033181097389bc1972,validation_001,1,0,1118235841,1,,
96,19.200000000000003,B,mainline,False,True,261.0000000000004,0.0,0,maintain,0.0,0.0,229.9266666666687,2.200000000000007,1,0,active-inactive,0.088442862033844,0.12362774461507797,0.014298059046268463,1,0.12362774461507797,0.088442862033844,0.03518488258123398,0.10932968556880951,"[true, true, true]",False,False,False,67001,0,0843ed3f032eeea0612c508f007d708852bd5b1fffa62c033181097389bc1972,validation_001,1,0,1118235841,1,,
97,19.400000000000002,A,ramp,True,False,230.4066666666687,2.600000000000007,1,accelerate,2.0,2.0000000000000018,261.0000000000004,0.0,1,0,active-inactive,-0.20101475715637207,0.04831525310873985,0.048243988305330276,1,0.04831525310873985,0.048243988305330276,7.126480340957642e-05,0.24933001026511192,"[true, true, true]",False,False,False,67001,0,0843ed3f032eeea0612c508f007d708852bd5b1fffa62c033181097389bc1972,validation_001,1,0,1118235841,1,,
97,19.400000000000002,B,mainline,False,True,261.0000000000004,0.0,0,maintain,0.0,0.0,230.4066666666687,2.600000000000007,1,0,active-inactive,0.08800381422042847,0.12415018677711487,0.014016680419445038,1,0.12415018677711487,0.08800381422042847,0.0361463725566864,0.11013350635766983,"[true, true, true]",False,False,False,67001,0,0843ed3f032eeea0612c508f007d708852bd5b1fffa62c033181097389bc1972,validation_001,1,0,1118235841,1,,
98,19.6,A,ramp,True,False,230.96666666666871,3.0000000000000075,2,decelerate,2.0,-2.9999999999999982,261.0000000000004,0.0,2,0,active-inactive,-0.2012014091014862,0.04798547178506851,0.04817400872707367,2,0.04817400872707367,0.04798547178506851,0.00018853694200515747,0.24937541782855988,"[true, true, true]",False,False,False,67001,0,0843ed3f032eeea0612c508f007d708852bd5b1fffa62c033181097389bc1972,validation_001,1,0,1118235841,1,,
98,19.6,B,mainline,False,True,261.0000000000004,0.0,0,maintain,0.0,0.0,230.96666666666871,3.0000000000000075,2,0,active-inactive,0.08759760111570358,0.12466857582330704,0.013729654252529144,1,0.12466857582330704,0.08759760111570358,0.037070974707603455,0.1109389215707779,"[true, true, true]",False,False,False,67001,0,0843ed3f032eeea0612c508f007d708852bd5b1fffa62c033181097389bc1972,validation_001,1,0,1118235841,1,,
99,19.8,A,ramp,True,False,231.5066666666687,2.400000000000008,1,accelerate,-3.0,2.0000000000000018,261.0000000000004,0.0,1,0,active-inactive,-0.2011210024356842,0.04867235943675041,0.04841233044862747,1,0.04867235943675041,0.04841233044862747,0.00026002898812294006,0.24979336187243462,"[true, true, true]",False,False,False,67001,0,0843ed3f032eeea0612c508f007d708852bd5b1fffa62c033181097389bc1972,validation_001,1,0,1118235841,1,,
99,19.8,B,mainline,False,True,261.0000000000004,0.0,0,maintain,0.0,0.0,231.5066666666687,2.400000000000008,1,0,active-inactive,0.08837325870990753,0.12386517226696014,0.014226850122213364,1,0.12386517226696014,0.08837325870990753,0.03549191355705261,0.10963832214474678,"[true, true, true]",False,False,False,67001,0,0843ed3f032eeea0612c508f007d708852bd5b1fffa62c033181097389bc1972,validation_001,1,0,1118235841,1,,
100,20.0,A,ramp,True,False,232.0266666666687,2.8000000000000083,1,accelerate,2.0,2.0000000000000018,261.0000000000004,0.0,1,0,active-inactive,-0.2012813240289688,0.04833722114562988,0.04831758514046669,1,0.04833722114562988,0.04831758514046669,1.963600516319275e-05,0.2496185451745987,"[true, true, true]",False,False,False,67001,0,0843ed3f032eeea0612c508f007d708852bd5b1fffa62c033181097389bc1972,validation_001,1,0,1118235841,1,,
100,20.0,B,mainline,False,True,261.0000000000004,0.0,0,maintain,0.0,0.0,232.0266666666687,2.8000000000000083,1,0,active-inactive,0.08794151991605759,0.12438654154539108,0.013946399092674255,1,0.12438654154539108,0.08794151991605759,0.036445021629333496,0.11044014245271683,"[true, true, true]",False,False,False,67001,0,0843ed3f032eeea0612c508f007d708852bd5b1fffa62c033181097389bc1972,validation_001,1,0,1118235841,1,,
101,20.200000000000003,A,ramp,True,False,232.6266666666687,3.2000000000000086,2,decelerate,2.0,-2.9999999999999982,261.0000000000004,0.0,2,0,active-inactive,-0.20147648453712463,0.04801296442747116,0.04825426638126373,2,0.04825426638126373,0.04801296442747116,0.00024130195379257202,0.24973075091838837,"[true, true, true]",False,False,False,67001,0,0843ed3f032eeea0612c508f007d708852bd5b1fffa62c033181097389bc1972,validation_001,1,0,1118235841,1,,
101,20.200000000000003,B,mainline,False,True,261.0000000000004,0.0,0,maintain,0.0,0.0,232.6266666666687,3.2000000000000086,2,0,active-inactive,0.0875287652015686,0.12491235136985779,0.01364126056432724,1,0.12491235136985779,0.0875287652015686,0.037383586168289185,0.11127109080553055,"[true, true, true]",False,False,False,67001,0,0843ed3f032eeea0612c508f007d708852bd5b1fffa62c033181097389bc1972,validation_001,1,0,1118235841,1,,
102,20.400000000000002,A,ramp,True,False,233.20666666666872,2.600000000000009,1,accelerate,-3.0,2.0000000000000018,261.0000000000004,0.0,1,0,active-inactive,-0.20139019191265106,0.04871785640716553,0.04849627986550331,1,0.04871785640716553,0.04849627986550331,0.0002215765416622162,0.2501080483198166,"[true, true, true]",False,False,False,67001,0,0843ed3f032eeea0612c508f007d708852bd5b1fffa62c033181097389bc1972,validation_001,1,0,1118235841,1,,
102,20.400000000000002,B,mainline,False,True,261.0000000000004,0.0,0,maintain,0.0,0.0,233.20666666666872,2.600000000000009,1,0,active-inactive,0.08832582831382751,0.12409953027963638,0.014158248901367188,1,0.12409953027963638,0.08832582831382751,0.03577370196580887,0.1099412813782692,"[true, true, true]",False,False,False,67001,0,0843ed3f032eeea0612c508f007d708852bd5b1fffa62c033181097389bc1972,validation_001,1,0,1118235841,1,,
103,20.6,A,ramp,True,False,233.76666666666873,3.0000000000000093,1,accelerate,2.0,2.0000000000000018,261.0000000000004,0.0,1,0,active-inactive,-0.20153339207172394,0.04841040447354317,0.0484028160572052,1,0.04841040447354317,0.0484028160572052,7.588416337966919e-06,0.2499437965452671,"[true, true, true]",False,False,False,67001,0,0843ed3f032eeea0612c508f007d708852bd5b1fffa62c033181097389bc1972,validation_001,1,0,1118235841,1,,
103,20.6,B,mainline,False,True,261.0000000000004,0.0,0,maintain,0.0,0.0,233.76666666666873,3.0000000000000093,1,0,active-inactive,0.08790117502212524,0.1246199756860733,0.013878777623176575,1,0.1246199756860733,0.08790117502212524,0.03671880066394806,0.11074119806289673,"[true, true, true]",False,False,False,67001,0,0843ed3f032eeea0612c508f007d708852bd5b1fffa62c033181097389bc1972,validation_001,1,0,1118235841,1,,
104,20.8,A,ramp,True,False,234.4066666666687,3.4000000000000097,2,decelerate,2.0,-2.9999999999999982,261.0000000000004,0.0,2,0,active-inactive,-0.20170198380947113,0.0481269434094429,0.0483427494764328,2,0.0483427494764328,0.0481269434094429,0.00021580606698989868,0.25004473328590393,"[true, true, true]",False,False,False,67001,0,0843ed3f032eeea0612c508f007d708852bd5b1fffa62c033181097389bc1972,validation_001,1,0,1118235841,1,,
104,20.8,B,mainline,False,True,261.0000000000004,0.0,0,maintain,0.0,0.0,234.4066666666687,3.4000000000000097,2,0,active-inactive,0.08748248219490051,0.1251218020915985,0.013430438935756683,1,0.1251218020915985,0.08748248219490051,0.037639319896698,0.11169136315584183,"[true, true, true]",False,False,False,67001,0,0843ed3f032eeea0612c508f007d708852bd5b1fffa62c033181097389bc1972,validation_001,1,0,1118235841,1,,
105,21.0,A,ramp,True,False,235.02666666666872,2.80000000000001,1,accelerate,-3.0,2.0000000000000018,261.0000000000004,0.0,1,0,active-inactive,-0.20149865746498108,0.048942554742097855,0.04856168478727341,1,0.048942554742097855,0.04856168478727341,0.00038086995482444763,0.25044121220707893,"[true, true, true]",False,False,False,67001,0,0843ed3f032eeea0612c508f007d708852bd5b1fffa62c033181097389bc1972,validation_001,1,0,1118235841,1,,
105,21.0,B,mainline,False,True,261.0000000000004,0.0,0,maintain,0.0,0.0,235.02666666666872,2.80000000000001,1,0,active-inactive,0.08829880505800247,0.12433119118213654,0.014092840254306793,1,0.12433119118213654,0.08829880505800247,0.036032386124134064,0.11023835092782974,"[true, true, true]",False,False,False,67001,0,0843ed3f032eeea0612c508f007d708852bd5b1fffa62c033181097389bc1972,validation_001,1,0,1118235841,1,,
106,21.200000000000003,A,ramp,True,False,235.62666666666874,3.2000000000000104,1,accelerate,2.0,2.0000000000000018,261.0000000000004,0.0,1,0,active-inactive,-0.20165947079658508,0.04856731370091438,0.0483718067407608,1,0.04856731370091438,0.0483718067407608,0.0001955069601535797,0.25022678449749947,"[true, true, true]",False,False,False,67001,0,0843ed3f032eeea0612c508f007d708852bd5b1fffa62c033181097389bc1972,validation_001,1,0,1118235841,1,,
106,21.200000000000003,B,mainline,False,True,261.0000000000004,0.0,0,maintain,0.0,0.0,235.62666666666874,3.2000000000000104,1,0,active-inactive,0.08795006573200226,0.12477747350931168,0.013778824359178543,1,0.12477747350931168,0.08795006573200226,0.03682740777730942,0.11099864915013313,"[true, true, true]",False,False,False,67001,0,0843ed3f032eeea0612c508f007d708852bd5b1fffa62c033181097389bc1972,validation_001,1,0,1118235841,1,,
107,21.400000000000002,A,ramp,True,False,236.30666666666875,3.6000000000000107,2,decelerate,2.0,-2.9999999999999982,261.0000000000004,0.0,2,0,active-inactive,-0.20194634795188904,0.04824516177177429,0.04832695052027702,2,0.04832695052027702,0.04824516177177429,8.178874850273132e-05,0.25027329847216606,"[true, true, true]",False,False,False,67001,0,0843ed3f032eeea0612c508f007d708852bd5b1fffa62c033181097389bc1972,validation_001,1,0,1118235841,1,,
107,21.400000000000002,B,mainline,False,True,261.0000000000004,0.0,0,maintain,0.0,0.0,236.30666666666875,3.6000000000000107,2,0,active-inactive,0.0875389352440834,0.1252409815788269,0.01318398118019104,1,0.1252409815788269,0.0875389352440834,0.0377020463347435,0.11205700039863586,"[true, true, true]",False,False,False,67001,0,0843ed3f032eeea0612c508f007d708852bd5b1fffa62c033181097389bc1972,validation_001,1,0,1118235841,1,,
108,21.6,A,ramp,True,False,236.96666666666874,3.000000000000011,1,accelerate,-3.0,2.0000000000000018,261.0000000000004,0.0,1,0,active-inactive,-0.2016451358795166,0.04903319105505943,0.048426978290081024,1,0.04903319105505943,0.048426978290081024,0.0006062127649784088,0.25067832693457603,"[true, true, true]",False,False,False,67001,0,0843ed3f032eeea0612c508f007d708852bd5b1fffa62c033181097389bc1972,validation_001,1,0,1118235841,1,,
108,21.6,B,mainline,False,True,261.0000000000004,0.0,0,maintain,0.0,0.0,236.96666666666874,3.000000000000011,1,0,active-inactive,0.08836574107408524,0.12447966635227203,0.013992458581924438,1,0.12447966635227203,0.08836574107408524,0.0361139252781868,0.1104872077703476,"[true, true, true]",False,False,False,67001,0,0843ed3f032eeea0612c508f007d708852bd5b1fffa62c033181097389bc1972,validation_001,1,0,1118235841,1,,
109,21.8,A,ramp,True,False,237.60666666666873,3.4000000000000115,1,accelerate,2.0,2.0000000000000018,261.0000000000004,0.0,1,0,active-inactive,-0.20189808309078217,0.04869456961750984,0.04834182560443878,1,0.04869456961750984,0.04834182560443878,0.0003527440130710602,0.250592652708292,"[true, true, true]",False,False,False,67001,0,0843ed3f032eeea0612c508f007d708852bd5b1fffa62c033181097389bc1972,validation_001,1,0,1118235841,1,,
109,21.8,B,mainline,False,True,261.0000000000004,0.0,0,maintain,0.0,0.0,237.60666666666873,3.4000000000000115,1,0,active-inactive,0.08803806453943253,0.12488042563199997,0.013557933270931244,1,0.12488042563199997,0.08803806453943253,0.036842361092567444,0.11132249236106873,"[true, true, true]",False,False,False,67001,0,0843ed3f032eeea0612c508f007d708852bd5b1fffa62c033181097389bc1972,validation_001,1,0,1118235841,1,,
110,22.0,A,ramp,True,False,238.32666666666876,3.800000000000012,1,accelerate,2.0,1.999999999999993,261.0000000000004,0.0,1,0,active-inactive,-0.2021990269422531,0.04838341474533081,0.048310838639736176,1,0.04838341474533081,0.048310838639736176,7.257610559463501e-05,0.2505824416875839,"[true, true, true]",False,False,False,67001,0,0843ed3f032eeea0612c508f007d708852bd5b1fffa62c033181097389bc1972,validation_001,1,0,1118235841,1,,
110,22.0,B,mainline,False,True,261.0000000000004,0.0,0,maintain,0.0,0.0,238.32666666666876,3.800000000000012,1,0,active-inactive,0.08761700242757797,0.12535101175308228,0.012942157685756683,1,0.12535101175308228,0.08761700242757797,0.0377340093255043,0.11240885406732559,"[true, true, true]",False,False,False,67001,0,0843ed3f032eeea0612c508f007d708852bd5b1fffa62c033181097389bc1972,validation_001,1,0,1118235841,1,,
111,22.200000000000003,A,ramp,True,False,239.12666666666874,4.200000000000011,2,decelerate,2.0,-2.9999999999999982,261.0000000000004,0.0,2,0,active-inactive,-0.20252357423305511,0.048090968281030655,0.04830487072467804,2,0.04830487072467804,0.048090968281030655,0.00021390244364738464,0.25082844495773315,"[true, true, true]",False,False,False,67001,0,0843ed3f032eeea0612c508f007d708852bd5b1fffa62c033181097389bc1972,validation_001,1,0,1118235841,1,,
111,22.200000000000003,B,mainline,False,True,261.0000000000004,0.0,0,maintain,0.0,0.0,239.12666666666874,4.200000000000011,2,0,active-inactive,0.08723530173301697,0.12581148743629456,0.012324608862400055,1,0.12581148743629456,0.08723530173301697,0.03857618570327759,0.1134868785738945,"[true, true, true]",False,False,False,67001,0,0843ed3f032eeea0612c508f007d708852bd5b1fffa62c033181097389bc1972,validation_001,1,0,1118235841,1,,
112,22.400000000000002,A,ramp,True,False,239.90666666666874,3.6000000000000107,1,accelerate,-3.0,1.999999999999993,261.0000000000004,0.0,1,0,active-inactive,-0.20222455263137817,0.048895783722400665,0.04840143769979477,1,0.048895783722400665,0.04840143769979477,0.000494346022605896,0.25112033635377884,"[true, true, true]",False,False,False,67001,0,0843ed3f032eeea0612c508f007d708852bd5b1fffa62c033181097389bc1972,validation_001,1,0,1118235841,1,,
112,22.400000000000002,B,mainline,False,True,261.0000000000004,0.0,0,maintain,0.0,0.0,239.90666666666874,3.6000000000000107,1,0,active-inactive,0.0882415771484375,0.12495696544647217,0.01331229880452156,1,0.12495696544647217,0.0882415771484375,0.03671538829803467,0.11164466664195061,"[true, true, true]",False,False,False,67001,0,0843ed3f032eeea0612c508f007d708852bd5b1fffa62c033181097389bc1972,validation_001,1,0,1118235841,1,,
113,22.6,A,ramp,True,False,240.66666666666873,4.000000000000011,1,accelerate,2.0,1.999999999999993,261.0000000000004,0.0,1,0,active-inactive,-0.2025277316570282,0.04858995974063873,0.04837046563625336,1,0.04858995974063873,0.04837046563625336,0.00021949410438537598,0.25111769139766693,"[true, true, true]",False,False,False,67001,0,0843ed3f032eeea0612c508f007d708852bd5b1fffa62c033181097389bc1972,validation_001,1,0,1118235841,1,,
113,22.6,B,mainline,False,True,261.0000000000004,0.0,0,maintain,0.0,0.0,240.66666666666873,4.000000000000011,1,0,active-inactive,0.08782576024532318,0.12542499601840973,0.012698519974946976,1,0.12542499601840973,0.08782576024532318,0.03759923577308655,0.11272647604346275,"[true, true, true]",False,False,False,67001,0,0843ed3f032eeea0612c508f007d708852bd5b1fffa62c033181097389bc1972,validation_001,1,0,1118235841,1,,
114,22.8,A,ramp,True,False,241.50666666666874,4.400000000000009,2,decelerate,2.0,-2.9999999999999982,261.0000000000004,0.0,2,0,active-inactive,-0.2028530240058899,0.048302870243787766,0.04836246371269226,2,0.04836246371269226,0.048302870243787766,5.959346890449524e-05,0.25121548771858215,"[true, true, true]",False,False,False,67001,0,0843ed3f032eeea0612c508f007d708852bd5b1fffa62c033181097389bc1972,validation_001,1,0,1118235841,1,,
114,22.8,B,mainline,False,True,261.0000000000004,0.0,0,maintain,0.0,0.0,241.50666666666874,4.400000000000009,2,0,active-inactive,0.0874476358294487,0.1258831024169922,0.012083269655704498,1,0.1258831024169922,0.0874476358294487,0.03843546658754349,0.11379983276128769,"[true, true, true]",False,False,False,67001,0,0843ed3f032eeea0612c508f007d708852bd5b1fffa62c033181097389bc1972,validation_001,1,0,1118235841,1,,
115,23.0,A,ramp,True,False,242.32666666666873,3.8000000000000087,1,accelerate,-3.0,1.999999999999993,261.0000000000004,0.0,1,0,active-inactive,-0.20255321264266968,0.049113109707832336,0.04845482110977173,1,0.049113109707832336,0.04845482110977173,0.0006582885980606079,0.251666322350502,"[true, true, true]",False,False,False,67001,0,0843ed3f032eeea0612c508f007d708852bd5b1fffa62c033181097389bc1972,validation_001,1,0,1118235841,1,,
115,23.0,B,mainline,False,True,261.0000000000004,0.0,0,maintain,0.0,0.0,242.32666666666873,3.8000000000000087,1,0,active-inactive,0.0884556919336319,0.12502649426460266,0.013073578476905823,1,0.12502649426460266,0.0884556919336319,0.036570802330970764,0.11195291578769684,"[true, true, true]",False,False,False,67001,0,0843ed3f032eeea0612c508f007d708852bd5b1fffa62c033181097389bc1972,validation_001,1,0,1118235841,1,,
116,23.200000000000003,A,ramp,True,False,243.1266666666687,4.200000000000008,1,accelerate,2.0,1.999999999999993,261.0000000000004,0.0,1,0,active-inactive,-0.2028542459011078,0.04881279915571213,0.048417747020721436,1,0.04881279915571213,0.048417747020721436,0.00039505213499069214,0.2516670450568199,"[true, true, true]",False,False,False,67001,0,0843ed3f032eeea0612c508f007d708852bd5b1fffa62c033181097389bc1972,validation_001,1,0,1118235841,1,,
116,23.200000000000003,B,mainline,False,True,261.0000000000004,0.0,0,maintain,0.0,0.0,243.1266666666687,4.200000000000008,1,0,active-inactive,0.08804021775722504,0.1254926323890686,0.012462731450796127,1,0.1254926323890686,0.08804021775722504,0.03745241463184357,0.11302990093827248,"[true, true, true]",False,False,False,67001,0,0843ed3f032eeea0612c508f007d708852bd5b1fffa62c033181097389bc1972,validation_001,1,0,1118235841,1,,
117,23.400000000000002,A,ramp,True,False,244.0066666666687,4.600000000000007,1,accelerate,2.0,1.999999999999993,261.0000000000004,0.0,1,0,active-inactive,-0.20317701995372772,0.04853120818734169,0.048403117805719376,1,0.04853120818734169,0.048403117805719376,0.00012809038162231445,0.2517082281410694,"[true, true, true]",False,False,False,67001,0,0843ed3f032eeea0612c508f007d708852bd5b1fffa62c033181097389bc1972,validation_001,1,0,1118235841,1,,
117,23.400000000000002,B,mainline,False,True,261.0000000000004,0.0,0,maintain,0.0,0.0,244.0066666666687,4.600000000000007,1,0,active-inactive,0.08756998926401138,0.12605659663677216,0.011944454163312912,1,0.12605659663677216,0.08756998926401138,0.03848660737276077,0.11411214247345924,"[true, true, true]",False,False,False,67001,0,0843ed3f032eeea0612c508f007d708852bd5b1fffa62c033181097389bc1972,validation_001,1,0,1118235841,1,,
118,23.6,A,ramp,True,False,244.96666666666871,5.000000000000005,2,decelerate,2.0,-3.000000000000007,261.0000000000004,0.0,2,0,active-inactive,-0.20352061092853546,0.04826803505420685,0.04840962961316109,2,0.04840962961316109,0.04826803505420685,0.0001415945589542389,0.25193024054169655,"[true, true, true]",False,False,False,67001,0,0843ed3f032eeea0612c508f007d708852bd5b1fffa62c033181097389bc1972,validation_001,1,0,1118235841,1,,
118,23.6,B,mainline,False,True,261.0000000000004,0.0,0,maintain,0.0,0.0,244.96666666666871,5.000000000000005,2,0,active-inactive,0.08705434203147888,0.126706063747406,0.011508062481880188,1,0.126706063747406,0.08705434203147888,0.039651721715927124,0.11519800126552582,"[true, true, true]",False,False,False,67001,0,0843ed3f032eeea0612c508f007d708852bd5b1fffa62c033181097389bc1972,validation_001,1,0,1118235841,1,,
119,23.8,A,ramp,True,False,245.9066666666687,4.400000000000004,1,accelerate,-3.0,1.999999999999993,261.0000000000004,0.0,1,0,active-inactive,-0.20323830842971802,0.049101799726486206,0.048515550792217255,1,0.049101799726486206,0.048515550792217255,0.0005862489342689514,0.2523401081562042,"[true, true, true]",False,False,False,67001,0,0843ed3f032eeea0612c508f007d708852bd5b1fffa62c033181097389bc1972,validation_001,1,0,1118235841,1,,
119,23.8,B,mainline,False,True,261.0000000000004,0.0,0,maintain,0.0,0.0,245.9066666666687,4.400000000000004,1,0,active-inactive,0.08810204267501831,0.1258322298526764,0.012495286762714386,1,0.1258322298526764,0.08810204267501831,0.03773018717765808,0.113336943089962,"[true, true, true]",False,False,False,67001,0,0843ed3f032eeea0612c508f007d708852bd5b1fffa62c033181097389bc1972,validation_001,1,0,1118235841,1,,
120,24.0,A,ramp,True,False,246.8266666666687,4.8000000000000025,1,accelerate,2.0,1.999999999999993,261.0000000000004,0.0,1,0,active-inactive,-0.2035568356513977,0.04882458969950676,0.048492103815078735,1,0.04882458969950676,0.048492103815078735,0.0003324858844280243,0.25238142535090446,"[true, true, true]",False,False,False,67001,0,0843ed3f032eeea0612c508f007d708852bd5b1fffa62c033181097389bc1972,validation_001,1,0,1118235841,1,,
120,24.0,B,mainline,False,True,261.0000000000004,0.0,0,maintain,0.0,0.0,246.8266666666687,4.8000000000000025,1,0,active-inactive,0.08755483478307724,0.12648144364356995,0.012056093662977219,1,0.12648144364356995,0.08755483478307724,0.038926608860492706,0.11442534998059273,"[true, true, true]",False,False,False,67001,0,0843ed3f032eeea0612c508f007d708852bd5b1fffa62c033181097389bc1972,validation_001,1,0,1118235841,1,,
121,24.200000000000003,A,ramp,True,False,247.8266666666687,5.200000000000001,1,accelerate,2.0,1.999999999999993,261.0000000000004,0.0,1,0,active-inactive,-0.2038954198360443,0.04856583848595619,0.0484888032078743,1,0.04856583848595619,0.0484888032078743,7.703527808189392e-05,0.2524612583220005,"[true, true, true]",False,False,False,67001,0,0843ed3f032eeea0612c508f007d708852bd5b1fffa62c033181097389bc1972,validation_001,1,0,1118235841,1,,
121,24.200000000000003,B,mainline,False,True,261.0000000000004,0.0,0,maintain,0.0,0.0,247.8266666666687,5.200000000000001,1,0,active-inactive,0.08703231066465378,0.12713323533535004,0.011626530438661575,1,0.12713323533535004,0.08703231066465378,0.04010092467069626,0.11550670489668846,"[true, true, true]",False,False,False,67001,0,0843ed3f032eeea0612c508f007d708852bd5b1fffa62c033181097389bc1972,validation_001,1,0,1118235841,1,,
122,24.400000000000002,A,ramp,True,False,248.9066666666687,5.6,2,decelerate,2.0,-3.000000000000007,261.0000000000004,0.0,2,0,active-inactive,-0.20438221096992493,0.048289038240909576,0.0484621524810791,2,0.0484621524810791,0.048289038240909576,0.00017311424016952515,0.25284436345100403,"[true, true, true]",False,False,False,67001,0,0843ed3f032eeea0612c508f007d708852bd5b1fffa62c033181097389bc1972,validation_001,1,0,1118235841,1,,
122,24.400000000000002,B,mainline,False,True,261.0000000000004,0.0,0,maintain,0.0,0.0,248.9066666666687,5.6,2,0,active-inactive,0.08653296530246735,0.12778770923614502,0.011206703260540962,1,0.12778770923614502,0.08653296530246735,0.04125474393367767,0.11658100597560406,"[true, true, true]",False,False,False,67001,0,0843ed3f032eeea0612c508f007d708852bd5b1fffa62c033181097389bc1972,validation_001,1,0,1118235841,1,,
123,24.6,A,ramp,True,False,249.96666666666871,4.999999999999998,1,accelerate,-3.0,1.999999999999993,261.0000000000004,0.0,1,0,active-inactive,-0.20442412793636322,0.049057986587285995,0.048474445939064026,1,0.049057986587285995,0.048474445939064026,0.0005835406482219696,0.2534821145236492,"[true, true, true]",False,False,False,67001,0,0843ed3f032eeea0612c508f007d708852bd5b1fffa62c033181097389bc1972,validation_001,1,0,1118235841,1,,
123,24.6,B,mainline,False,True,261.0000000000004,0.0,0,maintain,0.0,0.0,249.96666666666871,4.999999999999998,1,0,active-inactive,0.0875956118106842,0.1269189417362213,0.012210618704557419,1,0.1269189417362213,0.0875956118106842,0.03932332992553711,0.1147083230316639,"[true, true, true]",False,False,False,67001,0,0843ed3f032eeea0612c508f007d708852bd5b1fffa62c033181097389bc1972,validation_001,1,0,1118235841,1,,
124,24.8,A,ramp,True,False,251.0066666666687,5.399999999999997,1,accelerate,2.0,1.999999999999993,261.0000000000004,0.0,1,0,active-inactive,-0.20498929917812347,0.04873724281787872,0.048381827771663666,1,0.04873724281787872,0.048381827771663666,0.0003554150462150574,0.2537265419960022,"[true, true, true]",False,False,False,67001,0,0843ed3f032eeea0612c508f007d708852bd5b1fffa62c033181097389bc1972,validation_001,1,0,1118235841,1,,
124,24.8,B,mainline,False,True,261.0000000000004,0.0,0,maintain,0.0,0.0,251.0066666666687,5.399999999999997,1,0,active-inactive,0.08706266433000565,0.12757329642772675,0.011788252741098404,1,0.12757329642772675,0.08706266433000565,0.0405106320977211,0.11578504368662834,"[true, true, true]",False,False,False,67001,0,0843ed3f032eeea0612c508f007d708852bd5b1fffa62c033181097389bc1972,validation_001,1,0,1118235841,1,,
125,25.0,A,ramp,True,False,252.1266666666687,5.799999999999995,1,accelerate,2.0,1.999999999999993,261.0000000000004,0.0,1,0,active-inactive,-0.2055884748697281,0.04843040555715561,0.048302046954631805,1,0.04843040555715561,0.048302046954631805,0.0001283586025238037,0.2540188804268837,"[true, true, true]",False,False,False,67001,0,0843ed3f032eeea0612c508f007d708852bd5b1fffa62c033181097389bc1972,validation_001,1,0,1118235841,1,,
125,25.0,B,mainline,False,True,261.0000000000004,0.0,0,maintain,0.0,0.0,252.1266666666687,5.799999999999995,1,0,active-inactive,0.08655260503292084,0.1282302290201187,0.011375589296221733,1,0.1282302290201187,0.08655260503292084,0.041677623987197876,0.11685463972389698,"[true, true, true]",False,False,False,67001,0,0843ed3f032eeea0612c508f007d708852bd5b1fffa62c033181097389bc1972,validation_001,1,0,1118235841,1,,
126,25.200000000000003,A,ramp,True,False,253.32666666666873,6.199999999999994,2,decelerate,2.0,-3.000000000000007,261.0000000000004,0.0,2,0,active-inactive,-0.2062208354473114,0.04813700169324875,0.0482332818210125,2,0.0482332818210125,0.04813700169324875,9.628012776374817e-05,0.2544541172683239,"[true, true, true]",False,False,False,67001,0,0843ed3f032eeea0612c508f007d708852bd5b1fffa62c033181097389bc1972,validation_001,1,0,1118235841,1,,
126,25.200000000000003,B,mainline,False,True,261.0000000000004,0.0,0,maintain,0.0,0.0,253.32666666666873,6.199999999999994,2,0,active-inactive,0.0860639214515686,0.128889799118042,0.010972777381539345,1,0.128889799118042,0.0860639214515686,0.04282587766647339,0.11791702173650265,"[true, true, true]",False,False,False,67001,0,0843ed3f032eeea0612c508f007d708852bd5b1fffa62c033181097389bc1972,validation_001,1,0,1118235841,1,,
127,25.400000000000002,A,ramp,True,False,254.50666666666874,5.5999999999999925,1,accelerate,-3.0,1.999999999999993,261.0000000000004,0.0,1,0,active-inactive,-0.2063015252351761,0.04891876503825188,0.04823619872331619,1,0.04891876503825188,0.04823619872331619,0.0006825663149356842,0.25522029027342796,"[true, true, true]",False,False,False,67001,0,0843ed3f032eeea0612c508f007d708852bd5b1fffa62c033181097389bc1972,validation_001,1,0,1118235841,1,,
127,25.400000000000002,B,mainline,False,True,261.0000000000004,0.0,0,maintain,0.0,0.0,254.50666666666874,5.5999999999999925,1,0,active-inactive,0.08713597804307938,0.12802612781524658,0.011993788182735443,1,0.12802612781524658,0.08713597804307938,0.040890149772167206,0.11603233963251114,"[true, true, true]",False,False,False,67001,0,0843ed3f032eeea0612c508f007d708852bd5b1fffa62c033181097389bc1972,validation_001,1,0,1118235841,1,,
128,25.6,A,ramp,True,False,255.66666666666873,5.999999999999991,1,accelerate,2.0,1.999999999999993,261.0000000000004,0.0,1,0,active-inactive,-0.20690524578094482,0.04861056059598923,0.04813346639275551,1,0.04861056059598923,0.04813346639275551,0.00047709420323371887,0.25551580637693405,"[true, true, true]",False,False,False,67001,0,0843ed3f032eeea0612c508f007d708852bd5b1fffa62c033181097389bc1972,validation_001,1,0,1118235841,1,,
128,25.6,B,mainline,False,True,261.0000000000004,0.0,0,maintain,0.0,0.0,255.66666666666873,5.999999999999991,1,0,active-inactive,0.08661173284053802,0.12868566811084747,0.011588595807552338,1,0.12868566811084747,0.08661173284053802,0.04207393527030945,0.11709707230329514,"[true, true, true]",False,False,False,67001,0,0843ed3f032eeea0612c508f007d708852bd5b1fffa62c033181097389bc1972,validation_001,1,0,1118235841,1,,
129,25.8,A,ramp,True,False,256.90666666666874,6.39999999999999,1,accelerate,2.0,1.999999999999993,261.0000000000004,0.0,1,0,active-inactive,-0.20746618509292603,0.04824289679527283,0.048072073608636856,1,0.04824289679527283,0.048072073608636856,0.00017082318663597107,0.25570908188819885,"[true, true, true]",False,False,False,67001,0,0843ed3f032eeea0612c508f007d708852bd5b1fffa62c033181097389bc1972,validation_001,1,0,1118235841,1,,
129,25.8,B,mainline,False,True,261.0000000000004,0.0,0,maintain,0.0,0.0,256.90666666666874,6.39999999999999,1,0,active-inactive,0.08613413572311401,0.12931039929389954,0.011203531175851822,1,0.12931039929389954,0.08613413572311401,0.04317626357078552,0.11810686811804771,"[true, true, true]",False,False,False,67001,0,0843ed3f032eeea0612c508f007d708852bd5b1fffa62c033181097389bc1972,validation_001,1,0,1118235841,1,,
130,26.0,A,ramp,True,False,258.2266666666687,6.799999999999988,2,decelerate,2.0,-3.000000000000007,261.0000000000004,0.0,2,0,active-inactive,-0.20795471966266632,0.0477876253426075,0.04806165397167206,2,0.04806165397167206,0.0477876253426075,0.00027402862906455994,0.2560163736343384,"[true, true, true]",False,False,False,67001,0,0843ed3f032eeea0612c508f007d708852bd5b1fffa62c033181097389bc1972,validation_001,1,0,1118235841,1,,
130,26.0,B,mainline,False,True,261.0000000000004,0.0,0,maintain,0.0,0.0,258.2266666666687,6.799999999999988,2,0,active-inactive,0.08572854101657867,0.1298603117465973,0.010849889367818832,1,0.1298603117465973,0.08572854101657867,0.044131770730018616,0.11901042237877846,"[true, true, true]",False,False,False,67001,0,0843ed3f032eeea0612c508f007d708852bd5b1fffa62c033181097389bc1972,validation_001,1,0,1118235841,1,,
131,26.200000000000003,A,ramp,True,False,259.52666666666875,6.199999999999987,1,accelerate,-3.0,0.0,261.0000000000004,0.0,1,0,active-inactive,-0.20813749730587006,0.04864530265331268,0.04802284762263298,1,0.04864530265331268,0.04802284762263298,0.0006224550306797028,0.25678279995918274,"[true, true, true]",False,True,False,67001,0,0843ed3f032eeea0612c508f007d708852bd5b1fffa62c033181097389bc1972,validation_001,1,0,1118235841,1,,
131,26.200000000000003,B,mainline,False,True,261.0000000000004,0.0,0,maintain,0.0,0.0,259.52666666666875,6.199999999999987,1,0,active-inactive,0.08667680621147156,0.12867973744869232,0.011841360479593277,1,0.12867973744869232,0.08667680621147156,0.042002931237220764,0.11683837696909904,"[true, true, true]",False,True,False,67001,0,0843ed3f032eeea0612c508f007d708852bd5b1fffa62c033181097389bc1972,validation_001,1,0,1118235841,1,,
0,0.0,A,mainline,True,False,33.199999999999996,18.0,1,accelerate,0.0,2.0000000000000284,44.8,16.0,1,1,accelerate-accelerate,-0.14652888476848602,-0.004442509263753891,-0.06441979855298996,1,-0.004442509263753891,-0.06441979855298996,0.05997728928923607,0.14208637550473213,"[true, true, true]",False,False,False,67001,0,0843ed3f032eeea0612c508f007d708852bd5b1fffa62c033181097389bc1972,validation_002,0,1,430732589,2,,
0,0.0,B,ramp,True,False,44.8,16.0,1,accelerate,0.0,2.0000000000000284,33.199999999999996,18.0,1,1,accelerate-accelerate,0.009648442268371582,0.09848205745220184,-0.050356537103652954,1,0.09848205745220184,0.009648442268371582,0.08883361518383026,0.1488385945558548,"[true, true, true]",False,False,False,67001,0,0843ed3f032eeea0612c508f007d708852bd5b1fffa62c033181097389bc1972,validation_002,0,1,430732589,2,,
1,0.2,A,mainline,True,False,36.839999999999996,18.400000000000006,1,accelerate,2.0,2.0000000000000284,48.04,16.400000000000006,1,1,accelerate-accelerate,-0.14364206790924072,-0.005067609250545502,-0.061491958796978,1,-0.005067609250545502,-0.061491958796978,0.056424349546432495,0.13857445865869522,"[true, true, true]",False,False,False,67001,0,0843ed3f032eeea0612c508f007d708852bd5b1fffa62c033181097389bc1972,validation_002,0,1,430732589,2,,
1,0.2,B,ramp,True,False,48.04,16.400000000000006,1,accelerate,2.0,2.0000000000000284,36.839999999999996,18.400000000000006,1,1,accelerate-accelerate,0.012094475328922272,0.09924469888210297,-0.04865337908267975,1,0.09924469888210297,0.012094475328922272,0.0871502235531807,0.14789807796478271,"[true, true, true]",False,False,False,67001,0,0843ed3f032eeea0612c508f007d708852bd5b1fffa62c033181097389bc1972,validation_002,0,1,430732589,2,,
2,0.4,A,mainline,True,False,40.559999999999995,18.80000000000001,1,accelerate,2.0,2.0000000000000284,51.36,16.80000000000001,1,1,accelerate-accelerate,-0.14217668771743774,-0.0053212568163871765,-0.05892150104045868,1,-0.0053212568163871765,-0.05892150104045868,0.0536002442240715,0.13685543090105057,"[true, true, true]",False,False,False,67001,0,0843ed3f032eeea0612c508f007d708852bd5b1fffa62c033181097389bc1972,validation_002,0,1,430732589,2,,
2,0.4,B,ramp,True,False,51.36,16.80000000000001,1,accelerate,2.0,2.0000000000000284,40.559999999999995,18.80000000000001,1,1,accelerate-accelerate,0.014281056821346283,0.10019999742507935,-0.046712588518857956,1,0.10019999742507935,0.014281056821346283,0.08591894060373306,0.1469125859439373,"[true, true, true]",False,False,False,67001,0,0843ed3f032eeea0612c508f007d708852bd5b1fffa62c033181097389bc1972,validation_002,0,1,430732589,2,,
3,0.6000000000000001,A,mainline,True,False,44.36,19.200000000000017,1,accelerate,2.0,2.0000000000000284,54.760000000000005,17.200000000000017,1,1,accelerate-accelerate,-0.1421692669391632,-0.005323465913534164,-0.056755661964416504,1,-0.005323465913534164,-0.056755661964416504,0.05143219605088234,0.13684580102562904,"[true, true, true]",False,False,False,67001,0,0843ed3f032eeea0612c508f007d708852bd5b1fffa62c033181097389bc1972,validation_002,0,1,430732589,2,,
3,0.6000000000000001,B,ramp,True,False,54.760000000000005,17.200000000000017,1,accelerate,2.0,2.0000000000000284,44.36,19.200000000000017,1,1,accelerate-accelerate,0.016096338629722595,0.10106204450130463,-0.0446309894323349,1,0.10106204450130463,0.016096338629722595,0.08496570587158203,0.14569303393363953,"[true, true, true]",False,False,False,67001,0,0843ed3f032eeea0612c508f007d708852bd5b1fffa62c033181097389bc1972,validation_002,0,1,430732589,2,,
4,0.8,A,mainline,True,False,48.24,19.600000000000023,1,accelerate,2.0,2.0000000000000284,58.24000000000001,17.600000000000023,1,1,accelerate-accelerate,-0.1424025297164917,-0.005444865673780441,-0.05467976629734039,1,-0.005444865673780441,-0.05467976629734039,0.04923490062355995,0.13695766404271126,"[true, true, true]",False,False,False,67001,0,0843ed3f032eeea0612c508f007d708852bd5b1fffa62c033181097389bc1972,validation_002,0,1,430732589,2,,
4,0.8,B,ramp,True,False,58.24000000000001,17.600000000000023,1,accelerate,2.0,2.0000000000000284,48.24,19.600000000000023,1,1,accelerate-accelerate,0.017680205404758453,0.1019631028175354,-0.04242707043886185,1,0.1019631028175354,0.017680205404758453,0.08428289741277695,0.14439017325639725,"[true, true, true]",False,False,False,67001,0,0843ed3f032eeea0612c508f007d708852bd5b1fffa62c033181097389bc1972,validation_002,0,1,430732589,2,,
5,1.0,A,mainline,True,False,52.20000000000001,20.00000000000003,1,accelerate,2.0,2.0000000000000284,61.80000000000001,18.00000000000003,1,1,accelerate-accelerate,-0.14244502782821655,-0.006198756396770477,-0.05245618522167206,1,-0.006198756396770477,-0.05245618522167206,0.04625742882490158,0.13624627143144608,"[true, true, true]",False,False,False,67001,0,0843ed3f032eeea0612c508f007d708852bd5b1fffa62c033181097389bc1972,validation_002,0,1,430732589,2,,
5,1.0,B,ramp,True,False,61.80000000000001,18.00000000000003,1,accelerate,2.0,2.0000000000000284,52.20000000000001,20.00000000000003,1,1,accelerate-accelerate,0.018324248492717743,0.1037563905119896,-0.040407467633485794,1,0.1037563905119896,0.018324248492717743,0.08543214201927185,0.1441638581454754,"[true, true, true]",False,False,False,67001,0,0843ed3f032eeea0612c508f007d708852bd5b1fffa62c033181097389bc1972,validation_002,0,1,430732589,2,,
6,1.2000000000000002,A,mainline,True,False,56.240000000000016,20.400000000000034,1,accelerate,2.0,2.0000000000000284,65.44000000000003,18.400000000000034,1,1,accelerate-accelerate,-0.14274391531944275,-0.007092863321304321,-0.0498211607336998,1,-0.007092863321304321,-0.0498211607336998,0.04272829741239548,0.13565105199813843,"[true, true, true]",False,False,False,67001,0,0843ed3f032eeea0612c508f007d708852bd5b1fffa62c033181097389bc1972,validation_002,0,1,430732589,2,,
6,1.2000000000000002,B,ramp,True,False,65.44000000000003,18.400000000000034,1,accelerate,2.0,2.0000000000000284,56.240000000000016,20.400000000000034,1,1,accelerate-accelerate,0.018670737743377686,0.10636772960424423,-0.03834016993641853,1,0.10636772960424423,0.018670737743377686,0.08769699186086655,0.14470789954066277,"[true, true, true]",False,False,False,67001,0,0843ed3f032eeea0612c508f007d708852bd5b1fffa62c033181097389bc1972,validation_002,0,1,430732589,2,,
7,1.4000000000000001,A,mainline,True,False,60.36000000000002,20.80000000000004,1,accelerate,2.0,2.0000000000000284,69.16000000000003,18.80000000000004,1,1,accelerate-accelerate,-0.14316092431545258,-0.008214641362428665,-0.04717640578746796,1,-0.008214641362428665,-0.04717640578746796,0.03896176442503929,0.1349462829530239,"[true, true, true]",False,False,False,67001,0,0843ed3f032eeea0612c508f007d708852bd5b1fffa62c033181097389bc1972,validation_002,0,1,430732589,2,,
7,1.4000000000000001,B,ramp,True,False,69.16000000000003,18.80000000000004,1,accelerate,2.0,2.0000000000000284,60.36000000000002,20.80000000000004,1,1,accelerate-accelerate,0.019097480922937393,0.10901077091693878,-0.03667119890451431,1,0.10901077091693878,0.019097480922937393,0.08991328999400139,0.1456819698214531,"[true, true, true]",False,False,False,67001,0,0843ed3f032eeea0612c508f007d708852bd5b1fffa62c033181097389bc1972,validation_002,0,1,430732589,2,,
8,1.6,A,mainline,True,False,64.56000000000003,21.200000000000045,1,accelerate,2.0,2.0000000000000284,72.96000000000002,19.200000000000045,1,1,accelerate-accelerate,-0.14192131161689758,-0.01060367003083229,-0.04468289762735367,1,-0.01060367003083229,-0.04468289762735367,0.03407922759652138,0.1313176415860653,"[true, true, true]",False,False,False,67001,0,0843ed3f032eeea0612c508f007d708852bd5b1fffa62c033181097389bc1972,validation_002,0,1,430732589,2,,
8,1.6,B,ramp,True,False,72.96000000000002,19.200000000000045,1,accelerate,2.0,2.0000000000000284,64.56000000000003,21.200000000000045,1,1,accelerate-accelerate,0.020684316754341125,0.11074477434158325,-0.03509334474802017,1,0.11074477434158325,0.020684316754341125,0.09006045758724213,0.14583811908960342,"[true, true, true]",False,False,False,67001,0,0843ed3f032eeea0612c508f007d708852bd5b1fffa62c033181097389bc1972,validation_002,0,1,430732589,2,,
9,1.8,A,mainline,True,False,68.84000000000003,21.60000000000005,1,accelerate,2.0,2.0000000000000284,76.84000000000003,19.60000000000005,1,1,accelerate-accelerate,-0.14153137803077698,-0.01209203153848648,-0.04223400354385376,1,-0.01209203153848648,-0.04223400354385376,0.03014197200536728,0.1294393464922905,"[true, true, true]",False,False,False,67001,0,0843ed3f032eeea0612c508f007d708852bd5b1fffa62c033181097389bc1972,validation_002,0,1,430732589,2,,
9,1.8,B,ramp,True,False,76.84000000000003,19.60000000000005,1,accelerate,2.0,2.0000000000000284,68.84000000000003,21.60000000000005,1,1,accelerate-accelerate,0.022274956107139587,0.11252986639738083,-0.03348433971405029,1,0.11252986639738083,0.022274956107139587,0.09025491029024124,0.14601420611143112,"[true, true, true]",False,False,False,67001,0,0843ed3f032eeea0612c508f007d708852bd5b1fffa62c033181097389bc1972,validation_002,0,1,430732589,2,,
10,2.0,A,mainline,True,False,73.20000000000003,22.000000000000057,1,accelerate,2.0,2.0000000000000284,80.80000000000004,20.000000000000057,1,1,accelerate-accelerate,-0.14083468914031982,-0.013653583824634552,-0.03941686451435089,1,-0.013653583824634552,-0.03941686451435089,0.02576328068971634,0.12718110531568527,"[true, true, true]",False,False,False,67001,0,0843ed3f032eeea0612c508f007d708852bd5b1fffa62c033181097389bc1972,validation_002,0,1,430732589,2,,
10,2.0,B,ramp,True,False,80.80000000000004,20.000000000000057,1,accelerate,2.0,2.0000000000000284,73.20000000000003,22.000000000000057,1,1,accelerate-accelerate,0.02381795644760132,0.11421553045511246,-0.03189408779144287,1,0.11421553045511246,0.02381795644760132,0.09039757400751114,0.14610961824655533,"[true, true, true]",False,False,False,67001,0,0843ed3f032eeea0612c508f007d708852bd5b1fffa62c033181097389bc1972,validation_002,0,1,430732589,2,,
11,2.2,A,mainline,True,False,77.64000000000004,22.400000000000063,1,accelerate,2.0,2.0000000000000284,84.84000000000005,20.400000000000063,1,1,accelerate-accelerate,-0.14009535312652588,-0.0153549425303936,-0.0365283265709877,1,-0.0153549425303936,-0.0365283265709877,0.0211733840405941,0.12474041059613228,"[true, true, true]",False,False,False,67001,0,0843ed3f032eeea0612c508f007d708852bd5b1fffa62c033181097389bc1972,validation_002,0,1,430732589,2,,
11,2.2,B,ramp,True,False,84.84000000000005,20.400000000000063,1,accelerate,2.0,2.0000000000000284,77.64000000000004,22.400000000000063,1,1,accelerate-accelerate,0.02528158575296402,0.11569705605506897,-0.030361246317625046,1,0.11569705605506897,0.02528158575296402,0.09041547030210495,0.14605830237269402,"[true, true, true]",False,False,False,67001,0,0843ed3f032eeea0612c508f007d708852bd5b1fffa62c033181097389bc1972,validation_002,0,1,430732589,2,,
12,2.4000000000000004,A,mainline,True,False,82.16000000000005,22.800000000000068,1,accelerate,2.0,2.0000000000000284,88.96000000000006,20.800000000000068,1,1,accelerate-accelerate,-0.139754980802536,-0.01820506900548935,-0.03423590213060379,1,-0.01820506900548935,-0.03423590213060379,0.01603083312511444,0.12154991179704666,"[true, true, true]",False,False,False,67001,0,0843ed3f032eeea0612c508f007d708852bd5b1fffa62c033181097389bc1972,validation_002,0,1,430732589,2,,
12,2.4000000000000004,B,ramp,True,False,88.96000000000006,20.800000000000068,1,accelerate,2.0,2.0000000000000284,82.16000000000005,22.800000000000068,1,1,accelerate-accelerate,0.02660512924194336,0.11552584171295166,-0.02949771285057068,1,0.11552584171295166,0.02660512924194336,0.0889207124710083,0.14502355456352234,"[true, true, true]",False,False,False,67001,0,0843ed3f032eeea0612c508f007d708852bd5b1fffa62c033181097389bc1972,validation_002,0,1,430732589,2,,
13,2.6,A,mainline,True,False,86.76000000000006,23.200000000000074,1,accelerate,2.0,2.0000000000000284,93.16000000000008,21.200000000000074,1,1,accelerate-accelerate,-0.13948526978492737,-0.02056897059082985,-0.03199508786201477,1,-0.02056897059082985,-0.03199508786201477,0.011426117271184921,0.11891629919409752,"[true, true, true]",False,False,False,67001,0,0843ed3f032eeea0612c508f007d708852bd5b1fffa62c033181097389bc1972,validation_002,0,1,430732589,2,,
13,2.6,B,ramp,True,False,93.16000000000008,21.200000000000074,1,accelerate,2.0,2.0000000000000284,86.76000000000006,23.200000000000074,1,1,accelerate-accelerate,0.028142472729086876,0.11499303579330444,-0.02895602211356163,1,0.11499303579330444,0.028142472729086876,0.08685056306421757,0.14394905790686607,"[true, true, true]",False,False,False,67001,0,0843ed3f032eeea0612c508f007d708852bd5b1fffa62c033181097389bc1972,validation_002,0,1,430732589,2,,
14,2.8000000000000003,A,mainline,True,False,91.44000000000008,23.60000000000008,1,accelerate,2.0,2.0000000000000284,97.4400000000001,21.60000000000008,1,1,accelerate-accelerate,-0.13902954757213593,-0.02285478264093399,-0.029393214732408524,1,-0.02285478264093399,-0.029393214732408524,0.006538432091474533,0.11617476493120193,"[true, true, true]",False,False,False,67001,0,0843ed3f032eeea0612c508f007d708852bd5b1fffa62c033181097389bc1972,validation_002,0,1,430732589,2,,
14,2.8000000000000003,B,ramp,True,False,97.4400000000001,21.60000000000008,1,accelerate,2.0,2.0000000000000284,91.44000000000008,23.60000000000008,1,1,accelerate-accelerate,0.029732827097177505,0.11445829272270203,-0.028440840542316437,1,0.11445829272270203,0.029732827097177505,0.08472546562552452,0.14289913326501846,"[true, true, true]",False,False,False,67001,0,0843ed3f032eeea0612c508f007d708852bd5b1fffa62c033181097389bc1972,validation_002,0,1,430732589,2,,
15,3.0,A,mainline,True,False,96.2000000000001,24.000000000000085,1,accelerate,2.0,2.0000000000000284,101.80000000000013,22.000000000000085,1,1,accelerate-accelerate,-0.1384575515985489,-0.025126434862613678,-0.026695627719163895,1,-0.025126434862613678,-0.026695627719163895,0.0015691928565502167,0.11333111673593521,"[true, true, true]",False,False,False,67001,0,0843ed3f032eeea0612c508f007d708852bd5b1fffa62c033181097389bc1972,validation_002,0,1,430732589,2,0.13417391494577657,0.06708695747288829
15,3.0,B,ramp,True,False,101.80000000000013,22.000000000000085,1,accelerate,2.0,2.0000000000000284,96.2000000000001,24.000000000000085,1,1,accelerate-accelerate,0.03137508034706116,0.11392097175121307,-0.02795068919658661,1,0.11392097175121307,0.03137508034706116,0.08254589140415192,0.14187166094779968,"[true, true, true]",False,False,False,67001,0,0843ed3f032eeea0612c508f007d708852bd5b1fffa62c033181097389bc1972,validation_002,0,1,430732589,2,0.13417391494577657,0.06708695747288829
16,3.2,A,mainline,True,False,101.04000000000012,24.40000000000009,1,accelerate,2.0,2.0000000000000284,106.24000000000015,22.40000000000009,1,1,accelerate-accelerate,-0.13829047977924347,-0.01315239816904068,-0.026635419577360153,1,-0.01315239816904068,-0.026635419577360153,0.013483021408319473,0.1251380816102028,"[true, true, true]",False,False,False,67001,0,0843ed3f032eeea0612c508f007d708852bd5b1fffa62c033181097389bc1972,validation_002,0,1,430732589,2,-0.30009782346292013,0.0
16,3.2,B,ramp,True,False,106.24000000000015,22.40000000000009,1,accelerate,2.0,2.0000000000000284,101.04000000000012,24.40000000000009,1,1,accelerate-accelerate,0.056373197585344315,0.09046430140733719,-0.04314039275050163,1,0.09046430140733719,0.056373197585344315,0.034091103821992874,0.13360469415783882,"[true, true, true]",False,False,False,67001,0,0843ed3f032eeea0612c508f007d708852bd5b1fffa62c033181097389bc1972,validation_002,0,1,430732589,2,-0.30009782346292013,0.0
17,3.4000000000000004,A,mainline,True,False,105.96000000000015,24.800000000000097,1,accelerate,2.0,2.0000000000000284,110.76000000000016,22.800000000000097,1,1,accelerate-accelerate,-0.13865964114665985,-0.01271083950996399,-0.0241146981716156,1,-0.01271083950996399,-0.0241146981716156,0.011403858661651611,0.12594880163669586,"[true, true, true]",True,True,False,67001,0,0843ed3f032eeea0612c508f007d708852bd5b1fffa62c033181097389bc1972,validation_002,0,1,430732589,2,-0.5174998058301696,0.0
17,3.4000000000000004,B,ramp,True,False,110.76000000000016,22.800000000000097,1,accelerate,2.0,2.0000000000000284,105.96000000000015,24.800000000000097,1,1,accelerate-accelerate,0.05857909470796585,0.08926805108785629,-0.04254043847322464,1,0.08926805108785629,0.05857909470796585,0.030688956379890442,0.13180848956108093,"[true, true, true]",True,True,False,67001,0,0843ed3f032eeea0612c508f007d708852bd5b1fffa62c033181097389bc1972,validation_002,0,1,430732589,2,-0.5174998058301696,0.0
0,0.0,A,ramp,True,False,44.8,16.0,1,accelerate,0.0,2.0000000000000284,33.199999999999996,18.0,1,1,accelerate-accelerate,-0.1720133274793625,0.0007512606680393219,-0.01967300847172737,1,0.0007512606680393219,-0.01967300847172737,0.020424269139766693,0.1727645881474018,"[true, true, true]",False,False,False,67001,0,0843ed3f032eeea0612c508f007d708852bd5b1fffa62c033181097389bc1972,validation_002,1,1,430732589,3,,
0,0.0,B,mainline,True,False,33.199999999999996,18.0,1,accelerate,0.0,2.0000000000000284,44.8,16.0,1,1,accelerate-accelerate,0.04301407188177109,0.13934023678302765,0.023667000234127045,1,0.13934023678302765,0.04301407188177109,0.09632616490125656,0.1156732365489006,"[true, true, true]",False,False,False,67001,0,0843ed3f032eeea0612c508f007d708852bd5b1fffa62c033181097389bc1972,validation_002,1,1,430732589,3,,
1,0.2,A,ramp,True,False,48.04,16.400000000000006,1,accelerate,2.0,2.0000000000000284,36.839999999999996,18.400000000000006,1,1,accelerate-accelerate,-0.17114466428756714,-0.0019209608435630798,-0.01962435245513916,1,-0.0019209608435630798,-0.01962435245513916,0.01770339161157608,0.16922370344400406,"[true, true, true]",False,False,False,67001,0,0843ed3f032eeea0612c508f007d708852bd5b1fffa62c033181097389bc1972,validation_002,1,1,430732589,3,,
1,0.2,B,mainline,True,False,36.839999999999996,18.400000000000006,1,accelerate,2.0,2.0000000000000284,48.04,16.400000000000006,1,1,accelerate-accelerate,0.045156728476285934,0.14051604270935059,0.02367601916193962,1,0.14051604270935059,0.045156728476285934,0.09535931423306465,0.11684002354741096,"[true, true, true]",False,False,False,67001,0,0843ed3f032eeea0612c508f007d708852bd5b1fffa62c033181097389bc1972,validation_002,1,1,430732589,3,,
2,0.4,A,ramp,True,False,51.36,16.80000000000001,1,accelerate,2.0,2.0000000000000284,40.559999999999995,18.80000000000001,1,1,accelerate-accelerate,-0.1708609014749527,-0.004107937216758728,-0.019322849810123444,1,-0.004107937216758728,-0.019322849810123444,0.015214912593364716,0.16675296425819397,"[true, true, true]",False,False,False,67001,0,0843ed3f032eeea0612c508f007d708852bd5b1fffa62c033181097389bc1972,validation_002,1,1,430732589,3,,
2,0.4,B,mainline,True,False,40.559999999999995,18.80000000000001,1,accelerate,2.0,2.0000000000000284,51.36,16.80000000000001,1,1,accelerate-accelerate,0.04719258472323418,0.14153270423412323,0.024325616657733917,1,0.14153270423412323,0.04719258472323418,0.09434011951088905,0.11720708757638931,"[true, true, true]",False,False,False,67001,0,0843ed3f032eeea0612c508f007d708852bd5b1fffa62c033181097389bc1972,validation_002,1,1,430732589,3,,
3,0.6000000000000001,A,ramp,True,False,54.760000000000005,17.200000000000017,1,accelerate,2.0,2.0000000000000284,44.36,19.200000000000017,1,1,accelerate-accelerate,-0.17035284638404846,-0.005300514400005341,-0.018956784158945084,1,-0.005300514400005341,-0.018956784158945084,0.013656269758939743,0.16505233198404312,"[true, true, true]",False,False,False,67001,0,0843ed3f032eeea0612c508f007d708852bd5b1fffa62c033181097389bc1972,validation_002,1,1,430732589,3,,
3,0.6000000000000001,B,mainline,True,False,44.36,19.200000000000017,1,accelerate,2.0,2.0000000000000284,54.760000000000005,17.200000000000017,1,1,accelerate-accelerate,0.04905778542160988,0.1422237753868103,0.025772493332624435,1,0.1422237753868103,0.04905778542160988,0.09316598996520042,0.11645128205418587,"[true, true, true]",False,False,False,67001,0,0843ed3f032eeea0612c508f007d708852bd5b1fffa62c033181097389bc1972,validation_002,1,1,430732589,3,,
4,0.8,A,ramp,True,False,58.24000000000001,17.600000000000023,1,accelerate,2.0,2.0000000000000284,48.24,19.600000000000023,1,1,accelerate-accelerate,-0.17042019963264465,-0.0063530877232551575,-0.018255844712257385,1,-0.0063530877232551575,-0.018255844712257385,0.011902756989002228,0.1640671119093895,"[true, true, true]",False,False,False,67001,0,0843ed3f032eeea0612c508f007d708852bd5b1fffa62c033181097389bc1972,validation_002,1,1,430732589,3,,
4,0.8,B,mainline,True,False,48.24,19.600000000000023,1,accelerate,2.0,2.0000000000000284,58.24000000000001,17.600000000000023,1,1,accelerate-accelerate,0.050937406718730927,0.14283116161823273,0.027422040700912476,1,0.14283116161823273,0.050937406718730927,0.0918937548995018,0.11540912091732025,"[true, true, true]",False,False,False,67001,0,0843ed3f032eeea0612c508f007d708852bd5b1fffa62c033181097389bc1972,validation_002,1,1,430732589,3,,
5,1.0,A,ramp,True,False,61.80000000000001,18.00000000000003,1,accelerate,2.0,2.0000000000000284,52.20000000000001,20.00000000000003,1,1,accelerate-accelerate,-0.17022113502025604,-0.006883956491947174,-0.01720062643289566,1,-0.006883956491947174,-0.01720062643289566,0.010316669940948486,0.16333717852830887,"[true, true, true]",False,False,False,67001,0,0843ed3f032eeea0612c508f007d708852bd5b1fffa62c033181097389bc1972,validation_002,1,1,430732589,3,,
5,1.0,B,mainline,True,False,52.20000000000001,20.00000000000003,1,accelerate,2.0,2.0000000000000284,61.80000000000001,18.00000000000003,1,1,accelerate-accelerate,0.052651721984148026,0.14291588962078094,0.02917288988828659,1,0.14291588962078094,0.052651721984148026,0.09026416763663292,0.11374299973249435,"[true, true, true]",False,False,False,67001,0,0843ed3f032eeea0612c508f007d708852bd5b1fffa62c033181097389bc1972,validation_002,1,1,430732589,3,,
6,1.2000000000000002,A,ramp,True,False,65.44000000000003,18.400000000000034,1,accelerate,2.0,2.0000000000000284,56.240000000000016,20.400000000000034,1,1,accelerate-accelerate,-0.1695919781923294,-0.0068824440240859985,-0.01571553573012352,1,-0.0068824440240859985,-0.01571553573012352,0.008833091706037521,0.1627095341682434,"[true, true, true]",False,False,False,67001,0,0843ed3f032eeea0612c508f007d708852bd5b1fffa62c033181097389bc1972,validation_002,1,1,430732589,3,,
6,1.2000000000000002,B,mainline,True,False,56.240000000000016,20.400000000000034,1,accelerate,2.0,2.0000000000000284,65.44000000000003,18.400000000000034,1,1,accelerate-accelerate,0.05364450067281723,0.14284005761146545,0.0308624729514122,1,0.14284005761146545,0.05364450067281723,0.08919555693864822,0.11197758466005325,"[true, true, true]",False,False,False,67001,0,0843ed3f032eeea0612c508f007d708852bd5b1fffa62c033181097389bc1972,validation_002,1,1,430732589,3,,
7,1.4000000000000001,A,ramp,True,False,69.16000000000003,18.80000000000004,1,accelerate,2.0,2.0000000000000284,60.36000000000002,20.80000000000004,1,1,accelerate-accelerate,-0.1691713035106659,-0.006854627281427383,-0.014179930090904236,1,-0.006854627281427383,-0.014179930090904236,0.007325302809476852,0.1623166762292385,"[true, true, true]",False,False,False,67001,0,0843ed3f032eeea0612c508f007d708852bd5b1fffa62c033181097389bc1972,validation_002,1,1,430732589,3,,
7,1.4000000000000001,B,mainline,True,False,60.36000000000002,20.80000000000004,1,accelerate,2.0,2.0000000000000284,69.16000000000003,18.80000000000004,1,1,accelerate-accelerate,0.05460542440414429,0.14287778735160828,0.03260886296629906,1,0.14287778735160828,0.05460542440414429,0.08827236294746399,0.11026892438530922,"[true, true, true]",False,False,False,67001,0,0843ed3f032eeea0612c508f007d708852bd5b1fffa62c033181097389bc1972,validation_002,1,1,430732589,3,,
8,1.6,A,ramp,True,False,72.96000000000002,19.200000000000045,1,accelerate,2.0,2.0000000000000284,64.56000000000003,21.200000000000045,1,1,accelerate-accelerate,-0.16995316743850708,-0.006741471588611603,-0.01207420602440834,1,-0.006741471588611603,-0.01207420602440834,0.005332734435796738,0.16321169584989548,"[true, true, true]",False,False,False,67001,0,0843ed3f032eeea0612c508f007d708852bd5b1fffa62c033181097389bc1972,validation_002,1,1,430732589,3,,
8,1.6,B,mainline,True,False,64.56000000000003,21.200000000000045,1,accelerate,2.0,2.0000000000000284,72.96000000000002,19.200000000000045,1,1,accelerate-accelerate,0.05531936511397362,0.1437450349330902,0.03481825441122055,1,0.1437450349330902,0.05531936511397362,0.08842566981911659,0.10892678052186966,"[true, true, true]",False,False,False,67001,0,0843ed3f032eeea0612c508f007d708852bd5b1fffa62c033181097389bc1972,validation_002,1,1,430732589,3,,
9,1.8,A,ramp,True,False,76.84000000000003,19.60000000000005,1,accelerate,2.0,2.0000000000000284,68.84000000000003,21.60000000000005,1,1,accelerate-accelerate,-0.17011034488677979,-0.006814040243625641,-0.009780490770936012,1,-0.006814040243625641,-0.009780490770936012,0.0029664505273103714,0.16329630464315414,"[true, true, true]",False,False,False,67001,0,0843ed3f032eeea0612c508f007d708852bd5b1fffa62c033181097389bc1972,validation_002,1,1,430732589,3,,
9,1.8,B,mainline,True,False,68.84000000000003,21.60000000000005,1,accelerate,2.0,2.0000000000000284,76.84000000000003,19.60000000000005,1,1,accelerate-accelerate,0.05610308051109314,0.14452573657035828,0.03732864931225777,1,0.14452573657035828,0.05610308051109314,0.08842265605926514,0.10719708725810051,"[true, true, true]",False,False,False,67001,0,0843ed3f032eeea0612c508f007d708852bd5b1fffa62c033181097389bc1972,validation_002,1,1,430732589,3,,
10,2.0,A,ramp,True,False,80.80000000000004,20.000000000000057,1,accelerate,2.0,2.0000000000000284,73.20000000000003,22.000000000000057,1,1,accelerate-accelerate,-0.17009514570236206,-0.006843850016593933,-0.007408402860164642,1,-0.006843850016593933,-0.007408402860164642,0.0005645528435707092,0.16325129568576813,"[true, true, true]",False,False,False,67001,0,0843ed3f032eeea0612c508f007d708852bd5b1fffa62c033181097389bc1972,validation_002,1,1,430732589,3,,
10,2.0,B,mainline,True,False,73.20000000000003,22.000000000000057,1,accelerate,2.0,2.0000000000000284,80.80000000000004,20.000000000000057,1,1,accelerate-accelerate,0.05701993778347969,0.14527808129787445,0.039899151772260666,1,0.14527808129787445,0.05701993778347969,0.08825814351439476,0.10537892952561378,"[true, true, true]",False,False,False,67001,0,0843ed3f032eeea0612c508f007d708852bd5b1fffa62c033181097389bc1972,validation_002,1,1,430732589,3,,
11,2.2,A,ramp,True,False,84.84000000000005,20.400000000000063,2,decelerate,2.0,-2.9999999999999716,77.64000000000004,22.400000000000063,2,1,decelerate-accelerate,-0.16953396797180176,-0.0064959414303302765,-0.005202494561672211,2,-0.005202494561672211,-0.0064959414303302765,0.0012934468686580658,0.16433147341012955,"[true, true, true]",False,False,False,67001,0,0843ed3f032eeea0612c508f007d708852bd5b1fffa62c033181097389bc1972,validation_002,1,1,430732589,3,,
11,2.2,B,mainline,True,False,77.64000000000004,22.400000000000063,1,accelerate,2.0,2.0000000000000284,84.84000000000005,20.400000000000063,2,1,decelerate-accelerate,0.05820656195282936,0.1459466814994812,0.04253143444657326,1,0.1459466814994812,0.05820656195282936,0.08774011954665184,0.10341524705290794,"[true, true, true]",False,False,False,67001,0,0843ed3f032eeea0612c508f007d708852bd5b1fffa62c033181097389bc1972,validation_002,1,1,430732589,3,,
12,2.4000000000000004,A,ramp,True,False,88.86000000000006,19.800000000000068,2,decelerate,-3.0,-2.9999999999999716,82.16000000000005,22.800000000000068,2,1,decelerate-accelerate,-0.1689293384552002,-0.0046900250017642975,-0.0034485962241888046,2,-0.0034485962241888046,-0.0046900250017642975,0.0012414287775754929,0.1654807422310114,"[true, true, true]",False,False,False,67001,0,0843ed3f032eeea0612c508f007d708852bd5b1fffa62c033181097389bc1972,validation_002,1,1,430732589,3,,
12,2.4000000000000004,B,mainline,True,False,82.16000000000005,22.800000000000068,1,accelerate,2.0,2.0000000000000284,88.86000000000006,19.800000000000068,2,1,decelerate-accelerate,0.061736829578876495,0.14680182933807373,0.04524904489517212,1,0.14680182933807373,0.061736829578876495,0.08506499975919724,0.10155278444290161,"[true, true, true]",False,False,False,67001,0,0843ed3f032eeea0612c508f007d708852bd5b1fffa62c033181097389bc1972,validation_002,1,1,430732589,3,,
13,2.6,A,ramp,True,False,92.76000000000006,19.200000000000074,2,decelerate,-3.0,-2.9999999999999716,86.76000000000006,23.200000000000074,2,1,decelerate-accelerate,-0.16813218593597412,-0.0033338628709316254,-0.0017362460494041443,2,-0.0017362460494041443,-0.0033338628709316254,0.001597616821527481,0.16639593988656998,"[true, true, true]",False,False,False,67001,0,0843ed3f032eeea0612c508f007d708852bd5b1fffa62c033181097389bc1972,validation_002,1,1,430732589,3,,
13,2.6,B,mainline,True,False,86.76000000000006,23.200000000000074,1,accelerate,2.0,2.0000000000000284,92.76000000000006,19.200000000000074,2,1,decelerate-accelerate,0.06525741517543793,0.1477508693933487,0.04795610159635544,1,0.1477508693933487,0.06525741517543793,0.08249345421791077,0.09979476779699326,"[true, true, true]",False,False,False,67001,0,0843ed3f032eeea0612c508f007d708852bd5b1fffa62c033181097389bc1972,validation_002,1,1,430732589,3,,
14,2.8000000000000003,A,ramp,True,False,96.54000000000008,18.60000000000008,2,decelerate,-3.0,-2.9999999999999716,91.44000000000008,23.60000000000008,2,1,decelerate-accelerate,-0.1678084135055542,-0.0015842802822589874,-0.0004945807158946991,2,-0.0004945807158946991,-0.0015842802822589874,0.0010896995663642883,0.1673138327896595,"[true, true, true]",False,False,False,67001,0,0843ed3f032eeea0612c508f007d708852bd5b1fffa62c033181097389bc1972,validation_002,1,1,430732589,3,,
14,2.8000000000000003,B,mainline,True,False,91.44000000000008,23.60000000000008,1,accelerate,2.0,2.0000000000000284,96.54000000000008,18.60000000000008,2,1,decelerate-accelerate,0.06877000629901886,0.1487967073917389,0.05064673721790314,1,0.1487967073917389,0.06877000629901886,0.08002670109272003,0.09814997017383575,"[true, true, true]",False,False,False,67001,0,0843ed3f032eeea0612c508f007d708852bd5b1fffa62c033181097389bc1972,validation_002,1,1,430732589,3,,
15,3.0,A,ramp,True,False,100.2000000000001,18.000000000000085,2,decelerate,-3.0,-2.9999999999999716,96.2000000000001,24.000000000000085,2,1,decelerate-accelerate,-0.1676809936761856,0.00013624131679534912,0.0007147565484046936,2,0.0007147565484046936,0.00013624131679534912,0.0005785152316093445,0.1683957502245903,"[true, true, true]",False,False,False,67001,0,0843ed3f032eeea0612c508f007d708852bd5b1fffa62c033181097389bc1972,validation_002,1,1,430732589,3,,
15,3.0,B,mainline,True,False,96.2000000000001,24.000000000000085,1,accelerate,2.0,2.0000000000000284,100.2000000000001,18.000000000000085,2,1,decelerate-accelerate,0.07227612286806107,0.1499393880367279,0.05331874638795853,1,0.1499393880367279,0.07227612286806107,0.07766326516866684,0.09662064164876938,"[true, true, true]",False,False,False,67001,0,0843ed3f032eeea0612c508f007d708852bd5b1fffa62c033181097389bc1972,validation_002,1,1,430732589,3,,
16,3.2,A,ramp,True,False,103.74000000000012,17.40000000000009,2,decelerate,-3.0,-2.9999999999999716,101.04000000000012,24.40000000000009,2,1,decelerate-accelerate,-0.16769766807556152,0.0017858147621154785,0.0018971096724271774,2,0.0018971096724271774,0.0017858147621154785,0.00011129491031169891,0.1695947777479887,"[true, true, true]",False,False,False,67001,0,0843ed3f032eeea0612c508f007d708852bd5b1fffa62c033181097389bc1972,validation_002,1,1,430732589,3,-3.8725806717723117,0.0
16,3.2,B,mainline,True,False,101.04000000000012,24.40000000000009,1,accelerate,2.0,2.0000000000000284,103.74000000000012,17.40000000000009,2,1,decelerate-accelerate,0.07666712999343872,0.15193204581737518,0.055538296699523926,1,0.15193204581737518,0.07666712999343872,0.07526491582393646,0.09639374911785126,"[true, true, true]",False,False,False,67001,0,0843ed3f032eeea0612c508f007d708852bd5b1fffa62c033181097389bc1972,validation_002,1,1,430732589,3,-3.8725806717723117,0.0
17,3.4000000000000004,A,ramp,True,False,107.16000000000014,16.800000000000097,2,decelerate,-3.0,-2.9999999999999716,105.96000000000015,24.800000000000097,2,1,decelerate-accelerate,-0.1333095133304596,-0.01310097798705101,0.01053815707564354,2,0.01053815707564354,-0.01310097798705101,0.02363913506269455,0.14384767040610313,"[true, true, true]",True,True,False,67001,0,0843ed3f032eeea0612c508f007d708852bd5b1fffa62c033181097389bc1972,validation_002,1,1,430732589,3,-4.71018155950614,0.0
17,3.4000000000000004,B,mainline,True,False,105.96000000000015,24.800000000000097,1,accelerate,2.0,2.0000000000000284,107.16000000000014,16.800000000000097,2,1,decelerate-accelerate,0.1132962703704834,0.1433647871017456,0.04149489849805832,1,0.1433647871017456,0.1132962703704834,0.030068516731262207,0.10186988860368729,"[true, true, true]",True,True,False,67001,0,0843ed3f032eeea0612c508f007d708852bd5b1fffa62c033181097389bc1972,validation_002,1,1,430732589,3,-4.71018155950614,0.0
0,0.0,A,mainline,True,False,28.0,20.0,1,accelerate,0.0,2.0000000000000284,38.4,16.0,1,1,accelerate-accelerate,-0.14684054255485535,-0.004447557032108307,-0.06092655658721924,1,-0.004447557032108307,-0.06092655658721924,0.05647899955511093,0.14239298552274704,"[true, true, true]",False,False,False,67001,0,0843ed3f032eeea0612c508f007d708852bd5b1fffa62c033181097389bc1972,validation_003,0,2,1964454014,4,,
0,0.0,B,ramp,True,False,38.4,16.0,1,accelerate,0.0,2.0000000000000284,28.0,20.0,1,1,accelerate-accelerate,0.0028475821018218994,0.09715641289949417,-0.04893217608332634,1,0.09715641289949417,0.0028475821018218994,0.09430883079767227,0.1460885889828205,"[true, true, true]",False,False,False,67001,0,0843ed3f032eeea0612c508f007d708852bd5b1fffa62c033181097389bc1972,validation_003,0,2,1964454014,4,,
1,0.2,A,mainline,True,False,32.04,20.400000000000006,1,accelerate,2.0,2.0000000000000284,41.64,16.400000000000006,1,1,accelerate-accelerate,-0.1462024748325348,-0.005121316760778427,-0.05930595099925995,1,-0.005121316760778427,-0.05930595099925995,0.05418463423848152,0.14108115807175636,"[true, true, true]",False,False,False,67001,0,0843ed3f032eeea0612c508f007d708852bd5b1fffa62c033181097389bc1972,validation_003,0,2,1964454014,4,,
1,0.2,B,ramp,True,False,41.64,16.400000000000006,1,accelerate,2.0,2.0000000000000284,32.04,20.400000000000006,1,1,accelerate-accelerate,0.0047318339347839355,0.09839272499084473,-0.04652933403849602,1,0.09839272499084473,0.0047318339347839355,0.09366089105606079,0.14492205902934074,"[true, true, true]",False,False,False,67001,0,0843ed3f032eeea0612c508f007d708852bd5b1fffa62c033181097389bc1972,validation_003,0,2,1964454014,4,,
2,0.4,A,mainline,True,False,36.160000000000004,20.80000000000001,1,accelerate,2.0,2.0000000000000284,44.96,16.80000000000001,1,1,accelerate-accelerate,-0.1455388069152832,-0.005690529942512512,-0.057106129825115204,1,-0.005690529942512512,-0.057106129825115204,0.05141559988260269,0.1398482769727707,"[true, true, true]",False,False,False,67001,0,0843ed3f032eeea0612c508f007d708852bd5b1fffa62c033181097389bc1972,validation_003,0,2,1964454014,4,,
2,0.4,B,ramp,True,False,44.96,16.80000000000001,1,accelerate,2.0,2.0000000000000284,36.160000000000004,20.80000000000001,1,1,accelerate-accelerate,0.006423518061637878,0.0997157022356987,-0.043936796486377716,1,0.0997157022356987,0.006423518061637878,0.09329218417406082,0.14365249872207642,"[true, true, true]",False,False,False,67001,0,0843ed3f032eeea0612c508f007d708852bd5b1fffa62c033181097389bc1972,validation_003,0,2,1964454014,4,,
3,0.6000000000000001,A,mainline,True,False,40.36000000000001,21.200000000000017,1,accelerate,2.0,2.0000000000000284,48.36000000000001,17.200000000000017,1,1,accelerate-accelerate,-0.14504170417785645,-0.006521213799715042,-0.05507528781890869,1,-0.006521213799715042,-0.05507528781890869,0.04855407401919365,0.1385204903781414,"[true, true, true]",False,False,False,67001,0,0843ed3f032eeea0612c508f007d708852bd5b1fffa62c033181097389bc1972,validation_003,0,2,1964454014,4,,
3,0.6000000000000001,B,ramp,True,False,48.36000000000001,17.200000000000017,1,accelerate,2.0,2.0000000000000284,40.36000000000001,21.200000000000017,1,1,accelerate-accelerate,0.008000321686267853,0.10110137611627579,-0.041210222989320755,1,0.10110137611627579,0.008000321686267853,0.09310105443000793,0.14231159910559654,"[true, true, true]",False,False,False,67001,0,0843ed3f032eeea0612c508f007d708852bd5b1fffa62c033181097389bc1972,validation_003,0,2,1964454014,4,,
4,0.8,A,mainline,True,False,44.64000000000001,21.600000000000023,1,accelerate,2.0,2.0000000000000284,51.84000000000001,17.600000000000023,1,1,accelerate-accelerate,-0.14491108059883118,-0.007426761090755463,-0.05315980315208435,1,-0.007426761090755463,-0.05315980315208435,0.04573304206132889,0.13748431950807571,"[true, true, true]",False,False,False,67001,0,0843ed3f032eeea0612c508f007d708852bd5b1fffa62c033181097389bc1972,validation_003,0,2,1964454014,4,,
4,0.8,B,ramp,True,False,51.84000000000001,17.600000000000023,1,accelerate,2.0,2.0000000000000284,44.64000000000001,21.600000000000023,1,1,accelerate-accelerate,0.009507626295089722,0.10253583639860153,-0.03838186711072922,1,0.10253583639860153,0.009507626295089722,0.09302821010351181,0.14091770350933075,"[true, true, true]",False,False,False,67001,0,0843ed3f032eeea0612c508f007d708852bd5b1fffa62c033181097389bc1972,validation_003,0,2,1964454014,4,,
5,1.0,A,mainline,True,False,49.000000000000014,22.00000000000003,1,accelerate,2.0,2.0000000000000284,55.40000000000001,18.00000000000003,1,1,accelerate-accelerate,-0.14514726400375366,-0.008209016174077988,-0.051094308495521545,1,-0.008209016174077988,-0.051094308495521545,0.04288529232144356,0.13693824782967567,"[true, true, true]",False,False,False,67001,0,0843ed3f032eeea0612c508f007d708852bd5b1fffa62c033181097389bc1972,validation_003,0,2,1964454014,4,,
5,1.0,B,ramp,True,False,55.40000000000001,18.00000000000003,1,accelerate,2.0,2.0000000000000284,49.000000000000014,22.00000000000003,1,1,accelerate-accelerate,0.011224068701267242,0.10380122810602188,-0.03573092445731163,1,0.10380122810602188,0.011224068701267242,0.09257715940475464,0.1395321525633335,"[true, true, true]",False,False,False,67001,0,0843ed3f032eeea0612c508f007d708852bd5b1fffa62c033181097389bc1972,validation_003,0,2,1964454014,4,,
6,1.2000000000000002,A,mainline,True,False,53.44000000000002,22.400000000000034,1,accelerate,2.0,2.0000000000000284,59.04000000000002,18.400000000000034,1,1,accelerate-accelerate,-0.14571429789066315,-0.009331002831459045,-0.049443863332271576,1,-0.009331002831459045,-0.049443863332271576,0.04011286050081253,0.1363832950592041,"[true, true, true]",False,False,False,67001,0,0843ed3f032eeea0612c508f007d708852bd5b1fffa62c033181097389bc1972,validation_003,0,2,1964454014,4,,
6,1.2000000000000002,B,ramp,True,False,59.04000000000002,18.400000000000034,1,accelerate,2.0,2.0000000000000284,53.44000000000002,22.400000000000034,1,1,accelerate-accelerate,0.011980593204498291,0.10528191924095154,-0.033509332686662674,1,0.10528191924095154,0.011980593204498291,0.09330132603645325,0.1387912519276142,"[true, true, true]",False,False,False,67001,0,0843ed3f032eeea0612c508f007d708852bd5b1fffa62c033181097389bc1972,validation_003,0,2,1964454014,4,,
7,1.4000000000000001,A,mainline,True,False,57.96000000000003,22.80000000000004,1,accelerate,2.0,2.0000000000000284,62.760000000000026,18.80000000000004,1,1,accelerate-accelerate,-0.14669568836688995,-0.010770119726657867,-0.04740326851606369,1,-0.010770119726657867,-0.04740326851606369,0.03663314878940582,0.1359255686402321,"[true, true, true]",False,False,False,67001,0,0843ed3f032eeea0612c508f007d708852bd5b1fffa62c033181097389bc1972,validation_003,0,2,1964454014,4,,
7,1.4000000000000001,B,ramp,True,False,62.760000000000026,18.80000000000004,1,accelerate,2.0,2.0000000000000284,57.96000000000003,22.80000000000004,1,1,accelerate-accelerate,0.012469537556171417,0.1075681522488594,-0.031620271503925323,1,0.1075681522488594,0.012469537556171417,0.09509861469268799,0.13918842375278473,"[true, true, true]",False,False,False,67001,0,0843ed3f032eeea0612c508f007d708852bd5b1fffa62c033181097389bc1972,validation_003,0,2,1964454014,4,,
8,1.6,A,mainline,True,False,62.56000000000004,23.200000000000045,1,accelerate,2.0,2.0000000000000284,66.56000000000003,19.200000000000045,1,1,accelerate-accelerate,-0.1467883139848709,-0.012438170611858368,-0.04447896033525467,1,-0.012438170611858368,-0.04447896033525467,0.0320407897233963,0.13435014337301254,"[true, true, true]",False,False,False,67001,0,0843ed3f032eeea0612c508f007d708852bd5b1fffa62c033181097389bc1972,validation_003,0,2,1964454014,4,,
8,1.6,B,ramp,True,False,66.56000000000003,19.200000000000045,1,accelerate,2.0,2.0000000000000284,62.56000000000004,23.200000000000045,1,1,accelerate-accelerate,0.013612683862447739,0.10997326672077179,-0.030246619135141373,1,0.10997326672077179,0.013612683862447739,0.09636058285832405,0.14021988585591316,"[true, true, true]",False,False,False,67001,0,0843ed3f032eeea0612c508f007d708852bd5b1fffa62c033181097389bc1972,validation_003,0,2,1964454014,4,,
9,1.8,A,mainline,True,False,67.24000000000005,23.60000000000005,1,accelerate,2.0,2.0000000000000284,70.44000000000004,19.60000000000005,1,1,accelerate-accelerate,-0.14614757895469666,-0.013909373432397842,-0.041133783757686615,1,-0.013909373432397842,-0.041133783757686615,0.027224410325288773,0.1322382055222988,"[true, true, true]",False,False,False,67001,0,0843ed3f032eeea0612c508f007d708852bd5b1fffa62c033181097389bc1972,validation_003,0,2,1964454014,4,,
9,1.8,B,ramp,True,False,70.44000000000004,19.60000000000005,1,accelerate,2.0,2.0000000000000284,67.24000000000005,23.60000000000005,1,1,accelerate-accelerate,0.01531674712896347,0.11155334115028381,-0.02868541330099106,1,0.11155334115028381,0.01531674712896347,0.09623659402132034,0.14023875445127487,"[true, true, true]",False,False,False,67001,0,0843ed3f032eeea0612c508f007d708852bd5b1fffa62c033181097389bc1972,validation_003,0,2,1964454014,4,,
10,2.0,A,mainline,True,False,72.00000000000007,24.000000000000057,1,accelerate,2.0,2.0000000000000284,74.40000000000005,20.000000000000057,1,1,accelerate-accelerate,-0.14528539776802063,-0.015277151018381119,-0.03792964667081833,1,-0.015277151018381119,-0.03792964667081833,0.02265249565243721,0.1300082467496395,"[true, true, true]",False,False,False,67001,0,0843ed3f032eeea0612c508f007d708852bd5b1fffa62c033181097389bc1972,validation_003,0,2,1964454014,4,,
10,2.0,B,ramp,True,False,74.40000000000005,20.000000000000057,1,accelerate,2.0,2.0000000000000284,72.00000000000007,24.000000000000057,1,1,accelerate-accelerate,0.016980938613414764,0.11302369087934494,-0.027150878682732582,1,0.11302369087934494,0.016980938613414764,0.09604275226593018,0.14017456956207752,"[true, true, true]",False,False,False,67001,0,0843ed3f032eeea0612c508f007d708852bd5b1fffa62c033181097389bc1972,validation_003,0,2,1964454014,4,,
11,2.2,A,mainline,True,False,76.84000000000009,24.400000000000063,1,accelerate,2.0,2.0000000000000284,78.44000000000005,20.400000000000063,1,1,accelerate-accelerate,-0.14470665156841278,-0.018224887549877167,-0.035477764904499054,1,-0.018224887549877167,-0.035477764904499054,0.017252877354621887,0.12648176401853561,"[true, true, true]",False,False,False,67001,0,0843ed3f032eeea0612c508f007d708852bd5b1fffa62c033181097389bc1972,validation_003,0,2,1964454014,4,,
11,2.2,B,ramp,True,False,78.44000000000005,20.400000000000063,1,accelerate,2.0,2.0000000000000284,76.84000000000009,24.400000000000063,1,1,accelerate-accelerate,0.01867014914751053,0.1145230084657669,-0.02560429275035858,1,0.1145230084657669,0.01867014914751053,0.09585285931825638,0.1401273012161255,"[true, true, true]",False,False,False,67001,0,0843ed3f032eeea0612c508f007d708852bd5b1fffa62c033181097389bc1972,validation_003,0,2,1964454014,4,,
12,2.4000000000000004,A,mainline,True,False,81.76000000000009,24.800000000000068,1,accelerate,2.0,2.0000000000000284,82.56000000000007,20.800000000000068,1,1,accelerate-accelerate,-0.14414256811141968,-0.021208148449659348,-0.033005766570568085,1,-0.021208148449659348,-0.033005766570568085,0.011797618120908737,0.12293441966176033,"[true, true, true]",False,False,False,67001,0,0843ed3f032eeea0612c508f007d708852bd5b1fffa62c033181097389bc1972,validation_003,0,2,1964454014,4,,
12,2.4000000000000004,B,ramp,True,False,82.56000000000007,20.800000000000068,1,accelerate,2.0,2.0000000000000284,81.76000000000009,24.800000000000068,1,1,accelerate-accelerate,0.020427193492650986,0.11600802838802338,-0.024097520858049393,1,0.11600802838802338,0.020427193492650986,0.09558083489537239,0.14010554924607277,"[true, true, true]",False,False,False,67001,0,0843ed3f032eeea0612c508f007d708852bd5b1fffa62c033181097389bc1972,validation_003,0,2,1964454014,4,,
13,2.6,A,mainline,True,False,86.7600000000001,25.200000000000074,1,accelerate,2.0,2.0000000000000284,86.76000000000009,21.200000000000074,1,1,accelerate-accelerate,-0.14367890357971191,-0.024068526923656464,-0.030844472348690033,1,-0.024068526923656464,-0.030844472348690033,0.006775945425033569,0.11961037665605545,"[true, true, true]",False,False,False,67001,0,0843ed3f032eeea0612c508f007d708852bd5b1fffa62c033181097389bc1972,validation_003,0,2,1964454014,4,,
13,2.6,B,ramp,True,False,86.76000000000009,21.200000000000074,1,accelerate,2.0,2.0000000000000284,86.7600000000001,25.200000000000074,1,1,accelerate-accelerate,0.022643499076366425,0.11659333109855652,-0.02335270866751671,1,0.11659333109855652,0.022643499076366425,0.0939498320221901,0.13994603976607323,"[true, true, true]",False,False,False,67001,0,0843ed3f032eeea0612c508f007d708852bd5b1fffa62c033181097389bc1972,validation_003,0,2,1964454014,4,,
14,2.8000000000000003,A,mainline,True,False,91.84000000000012,25.60000000000008,1,accelerate,2.0,2.0000000000000284,91.0400000000001,21.60000000000008,1,1,accelerate-accelerate,-0.14297622442245483,-0.026188254356384277,-0.028108462691307068,1,-0.026188254356384277,-0.028108462691307068,0.0019202083349227905,0.11678797006607056,"[true, true, true]",False,False,False,67001,0,0843ed3f032eeea0612c508f007d708852bd5b1fffa62c033181097389bc1972,validation_003,0,2,1964454014,4,,
14,2.8000000000000003,B,ramp,True,False,91.0400000000001,21.60000000000008,1,accelerate,2.0,2.0000000000000284,91.84000000000012,25.60000000000008,1,1,accelerate-accelerate,0.0244012251496315,0.11598341166973114,-0.022815287113189697,1,0.11598341166973114,0.0244012251496315,0.09158218652009964,0.13879869878292084,"[true, true, true]",False,False,False,67001,0,0843ed3f032eeea0612c508f007d708852bd5b1fffa62c033181097389bc1972,validation_003,0,2,1964454014,4,,
15,3.0,A,mainline,True,False,97.00000000000013,26.000000000000085,2,decelerate,2.0,-2.9999999999999716,95.40000000000013,22.000000000000085,2,1,decelerate-accelerate,-0.1420716643333435,-0.02784549444913864,-0.025076381862163544,2,-0.025076381862163544,-0.02784549444913864,0.0027691125869750977,0.11699528247117996,"[true, true, true]",False,False,False,67001,0,0843ed3f032eeea0612c508f007d708852bd5b1fffa62c033181097389bc1972,validation_003,0,2,1964454014,4,,
15,3.0,B,ramp,True,False,95.40000000000013,22.000000000000085,1,accelerate,2.0,2.0000000000000284,97.00000000000013,26.000000000000085,2,1,decelerate-accelerate,0.026210397481918335,0.11537288129329681,-0.022303469479084015,1,0.11537288129329681,0.026210397481918335,0.08916248381137848,0.13767635077238083,"[true, true, true]",False,False,False,67001,0,0843ed3f032eeea0612c508f007d708852bd5b1fffa62c033181097389bc1972,validation_003,0,2,1964454014,4,,
16,3.2,A,mainline,True,False,102.14000000000014,25.40000000000009,2,decelerate,-3.0,-2.9999999999999716,99.84000000000016,22.40000000000009,2,1,decelerate-accelerate,-0.14033153653144836,-0.02708590030670166,-0.02306930348277092,2,-0.02306930348277092,-0.02708590030670166,0.00401659682393074,0.11726223304867744,"[true, true, true]",False,False,False,67001,0,0843ed3f032eeea0612c508f007d708852bd5b1fffa62c033181097389bc1972,validation_003,0,2,1964454014,4,,
16,3.2,B,ramp,True,False,99.84000000000016,22.40000000000009,1,accelerate,2.0,2.0000000000000284,102.14000000000014,25.40000000000009,2,1,decelerate-accelerate,0.029889855533838272,0.11493297666311264,-0.022223081439733505,1,0.11493297666311264,0.029889855533838272,0.08504312112927437,0.13715605810284615,"[true, true, true]",False,False,False,67001,0,0843ed3f032eeea0612c508f007d708852bd5b1fffa62c033181097389bc1972,validation_003,0,2,1964454014,4,,
17,3.4000000000000004,A,mainline,True,False,107.16000000000015,24.800000000000097,2,decelerate,-3.0,-2.9999999999999716,104.36000000000017,22.800000000000097,2,1,decelerate-accelerate,-0.13921278715133667,-0.025510624051094055,-0.020628221333026886,2,-0.020628221333026886,-0.025510624051094055,0.004882402718067169,0.11858456581830978,"[true, true, true]",True,True,False,67001,0,0843ed3f032eeea0612c508f007d708852bd5b1fffa62c033181097389bc1972,validation_003,0,2,1964454014,4,-1.8788536015876076,0.0
17,3.4000000000000004,B,ramp,True,False,104.36000000000017,22.800000000000097,1,accelerate,2.0,2.0000000000000284,107.16000000000015,24.800000000000097,2,1,decelerate-accelerate,0.03354623168706894,0.11449631303548813,-0.022188235074281693,1,0.11449631303548813,0.03354623168706894,0.08095008134841919,0.13668454810976982,"[true, true, true]",True,True,False,67001,0,0843ed3f032eeea0612c508f007d708852bd5b1fffa62c033181097389bc1972,validation_003,0,2,1964454014,4,-1.8788536015876076,0.0
0,0.0,A,ramp,True,False,38.4,16.0,1,accelerate,0.0,2.0000000000000284,28.0,20.0,1,1,accelerate-accelerate,-0.17041544616222382,0.004995319992303848,-0.01677227020263672,1,0.004995319992303848,-0.01677227020263672,0.021767590194940567,0.17541076615452766,"[true, true, true]",False,False,False,67001,0,0843ed3f032eeea0612c508f007d708852bd5b1fffa62c033181097389bc1972,validation_003,1,2,1964454014,5,,
0,0.0,B,mainline,True,False,28.0,20.0,1,accelerate,0.0,2.0000000000000284,38.4,16.0,1,1,accelerate-accelerate,0.04305599629878998,0.13856081664562225,0.02783801779150963,1,0.13856081664562225,0.04305599629878998,0.09550482034683228,0.11072279885411263,"[true, true, true]",False,False,False,67001,0,0843ed3f032eeea0612c508f007d708852bd5b1fffa62c033181097389bc1972,validation_003,1,2,1964454014,5,,
1,0.2,A,ramp,True,False,41.64,16.400000000000006,1,accelerate,2.0,2.0000000000000284,32.04,20.400000000000006,1,1,accelerate-accelerate,-0.17068526148796082,0.0032822228968143463,-0.016539640724658966,1,0.0032822228968143463,-0.016539640724658966,0.019821863621473312,0.17396748438477516,"[true, true, true]",False,False,False,67001,0,0843ed3f032eeea0612c508f007d708852bd5b1fffa62c033181097389bc1972,validation_003,1,2,1964454014,5,,
1,0.2,B,mainline,True,False,32.04,20.400000000000006,1,accelerate,2.0,2.0000000000000284,41.64,16.400000000000006,1,1,accelerate-accelerate,0.0439801849424839,0.13902679085731506,0.029255930334329605,1,0.13902679085731506,0.0439801849424839,0.09504660591483116,0.10977086052298546,"[true, true, true]",False,False,False,67001,0,0843ed3f032eeea0612c508f007d708852bd5b1fffa62c033181097389bc1972,validation_003,1,2,1964454014,5,,
2,0.4,A,ramp,True,False,44.96,16.80000000000001,1,accelerate,2.0,2.0000000000000284,36.160000000000004,20.80000000000001,1,1,accelerate-accelerate,-0.1711364984512329,0.001767631620168686,-0.016329042613506317,1,0.001767631620168686,-0.016329042613506317,0.018096674233675003,0.1729041300714016,"[true, true, true]",False,False,False,67001,0,0843ed3f032eeea0612c508f007d708852bd5b1fffa62c033181097389bc1972,validation_003,1,2,1964454014,5,,
2,0.4,B,mainline,True,False,36.160000000000004,20.80000000000001,1,accelerate,2.0,2.0000000000000284,44.96,16.80000000000001,1,1,accelerate-accelerate,0.045078206807374954,0.13921698927879333,0.030817031860351562,1,0.13921698927879333,0.045078206807374954,0.09413878247141838,0.10839995741844177,"[true, true, true]",False,False,False,67001,0,0843ed3f032eeea0612c508f007d708852bd5b1fffa62c033181097389bc1972,validation_003,1,2,1964454014,5,,
3,0.6000000000000001,A,ramp,True,False,48.36000000000001,17.200000000000017,1,accelerate,2.0,2.0000000000000284,40.36000000000001,21.200000000000017,1,1,accelerate-accelerate,-0.17153038084506989,0.0006367824971675873,-0.016037657856941223,1,0.0006367824971675873,-0.016037657856941223,0.01667444035410881,0.17216716334223747,"[true, true, true]",False,False,False,67001,0,0843ed3f032eeea0612c508f007d708852bd5b1fffa62c033181097389bc1972,validation_003,1,2,1964454014,5,,
3,0.6000000000000001,B,mainline,True,False,40.36000000000001,21.200000000000017,1,accelerate,2.0,2.0000000000000284,48.36000000000001,17.200000000000017,1,1,accelerate-accelerate,0.04651808366179466,0.1395728588104248,0.03260818123817444,1,0.1395728588104248,0.04651808366179466,0.09305477514863014,0.10696467757225037,"[true, true, true]",False,False,False,67001,0,0843ed3f032eeea0612c508f007d708852bd5b1fffa62c033181097389bc1972,validation_003,1,2,1964454014,5,,
4,0.8,A,ramp,True,False,51.84000000000001,17.600000000000023,1,accelerate,2.0,2.0000000000000284,44.64000000000001,21.600000000000023,1,1,accelerate-accelerate,-0.1714542806148529,-0.00012035667896270752,-0.015779372304677963,1,-0.00012035667896270752,-0.015779372304677963,0.015659015625715256,0.1713339239358902,"[true, true, true]",False,False,False,67001,0,0843ed3f032eeea0612c508f007d708852bd5b1fffa62c033181097389bc1972,validation_003,1,2,1964454014,5,,
4,0.8,B,mainline,True,False,44.64000000000001,21.600000000000023,1,accelerate,2.0,2.0000000000000284,51.84000000000001,17.600000000000023,1,1,accelerate-accelerate,0.04802035912871361,0.14007128775119781,0.03463318943977356,1,0.14007128775119781,0.04802035912871361,0.09205092862248421,0.10543809831142426,"[true, true, true]",False,False,False,67001,0,0843ed3f032eeea0612c508f007d708852bd5b1fffa62c033181097389bc1972,validation_003,1,2,1964454014,5,,
5,1.0,A,ramp,True,False,55.40000000000001,18.00000000000003,1,accelerate,2.0,2.0000000000000284,49.000000000000014,22.00000000000003,1,1,accelerate-accelerate,-0.1714332103729248,-0.0008195042610168457,-0.015531834214925766,1,-0.0008195042610168457,-0.015531834214925766,0.01471232995390892,0.17061370611190796,"[true, true, true]",False,False,False,67001,0,0843ed3f032eeea0612c508f007d708852bd5b1fffa62c033181097389bc1972,validation_003,1,2,1964454014,5,,
5,1.0,B,mainline,True,False,49.000000000000014,22.00000000000003,1,accelerate,2.0,2.0000000000000284,55.40000000000001,18.00000000000003,1,1,accelerate-accelerate,0.04950433596968651,0.14057019352912903,0.03678571432828903,1,0.14057019352912903,0.04950433596968651,0.09106585755944252,0.10378447920084,"[true, true, true]",False,False,False,67001,0,0843ed3f032eeea0612c508f007d708852bd5b1fffa62c033181097389bc1972,validation_003,1,2,1964454014,5,,
6,1.2000000000000002,A,ramp,True,False,59.04000000000002,18.400000000000034,1,accelerate,2.0,2.0000000000000284,53.44000000000002,22.400000000000034,1,1,accelerate-accelerate,-0.1715565174818039,-0.001535799354314804,-0.01523192971944809,1,-0.001535799354314804,-0.01523192971944809,0.013696130365133286,0.1700207181274891,"[true, true, true]",False,False,False,67001,0,0843ed3f032eeea0612c508f007d708852bd5b1fffa62c033181097389bc1972,validation_003,1,2,1964454014,5,,
6,1.2000000000000002,B,mainline,True,False,53.44000000000002,22.400000000000034,1,accelerate,2.0,2.0000000000000284,59.04000000000002,18.400000000000034,1,1,accelerate-accelerate,0.050809599459171295,0.14127255976200104,0.03890286013484001,1,0.14127255976200104,0.050809599459171295,0.09046296030282974,0.10236969962716103,"[true, true, true]",False,False,False,67001,0,0843ed3f032eeea0612c508f007d708852bd5b1fffa62c033181097389bc1972,validation_003,1,2,1964454014,5,,
7,1.4000000000000001,A,ramp,True,False,62.760000000000026,18.80000000000004,1,accelerate,2.0,2.0000000000000284,57.96000000000003,22.80000000000004,1,1,accelerate-accelerate,-0.1720844805240631,-0.00153399258852005,-0.013983838260173798,1,-0.00153399258852005,-0.013983838260173798,0.012449845671653748,0.17055048793554306,"[true, true, true]",False,False,False,67001,0,0843ed3f032eeea0612c508f007d708852bd5b1fffa62c033181097389bc1972,validation_003,1,2,1964454014,5,,
7,1.4000000000000001,B,mainline,True,False,57.96000000000003,22.80000000000004,1,accelerate,2.0,2.0000000000000284,62.760000000000026,18.80000000000004,1,1,accelerate-accelerate,0.05168185383081436,0.1417011022567749,0.04086244851350784,1,0.1417011022567749,0.05168185383081436,0.09001924842596054,0.10083865374326706,"[true, true, true]",False,False,False,67001,0,0843ed3f032eeea0612c508f007d708852bd5b1fffa62c033181097389bc1972,validation_003,1,2,1964454014,5,,
8,1.6,A,ramp,True,False,66.56000000000003,19.200000000000045,1,accelerate,2.0,2.0000000000000284,62.56000000000004,23.200000000000045,1,1,accelerate-accelerate,-0.17286276817321777,-0.0015626288950443268,-0.012203995138406754,1,-0.0015626288950443268,-0.012203995138406754,0.010641366243362427,0.17130013927817345,"[true, true, true]",False,False,False,67001,0,0843ed3f032eeea0612c508f007d708852bd5b1fffa62c033181097389bc1972,validation_003,1,2,1964454014,5,,
8,1.6,B,mainline,True,False,62.56000000000004,23.200000000000045,1,accelerate,2.0,2.0000000000000284,66.56000000000003,19.200000000000045,1,1,accelerate-accelerate,0.052732277661561966,0.142246276140213,0.0431140772998333,1,0.142246276140213,0.052732277661561966,0.08951399847865105,0.09913219884037971,"[true, true, true]",False,False,False,67001,0,0843ed3f032eeea0612c508f007d708852bd5b1fffa62c033181097389bc1972,validation_003,1,2,1964454014,5,,
9,1.8,A,ramp,True,False,70.44000000000004,19.60000000000005,1,accelerate,2.0,2.0000000000000284,67.24000000000005,23.60000000000005,1,1,accelerate-accelerate,-0.17395783960819244,-0.0019371844828128815,-0.010190105065703392,1,-0.0019371844828128815,-0.010190105065703392,0.00825292058289051,0.17202065512537956,"[true, true, true]",False,False,False,67001,0,0843ed3f032eeea0612c508f007d708852bd5b1fffa62c033181097389bc1972,validation_003,1,2,1964454014,5,,
9,1.8,B,mainline,True,False,67.24000000000005,23.60000000000005,1,accelerate,2.0,2.0000000000000284,70.44000000000004,19.60000000000005,1,1,accelerate-accelerate,0.05404915660619736,0.14312922954559326,0.04558119177818298,1,0.14312922954559326,0.05404915660619736,0.0890800729393959,0.09754803776741028,"[true, true, true]",False,False,False,67001,0,0843ed3f032eeea0612c508f007d708852bd5b1fffa62c033181097389bc1972,validation_003,1,2,1964454014,5,,
10,2.0,A,ramp,True,False,74.40000000000005,20.000000000000057,1,accelerate,2.0,2.0000000000000284,72.00000000000007,24.000000000000057,1,1,accelerate-accelerate,-0.17428430914878845,-0.0027077198028564453,-0.007970642298460007,1,-0.0027077198028564453,-0.007970642298460007,0.005262922495603561,0.171576589345932,"[true, true, true]",False,False,False,67001,0,0843ed3f032eeea0612c508f007d708852bd5b1fffa62c033181097389bc1972,validation_003,1,2,1964454014,5,,
10,2.0,B,mainline,True,False,72.00000000000007,24.000000000000057,1,accelerate,2.0,2.0000000000000284,74.40000000000005,20.000000000000057,1,1,accelerate-accelerate,0.05538906902074814,0.14404042065143585,0.04808846861124039,1,0.14404042065143585,0.05538906902074814,0.08865135163068771,0.09595195204019547,"[true, true, true]",False,False,False,67001,0,0843ed3f032eeea0612c508f007d708852bd5b1fffa62c033181097389bc1972,validation_003,1,2,1964454014,5,,
11,2.2,A,ramp,True,False,78.44000000000005,20.400000000000063,1,accelerate,2.0,2.0000000000000284,76.84000000000009,24.400000000000063,1,1,accelerate-accelerate,-0.17399950325489044,-0.002935640513896942,-0.006007198244333267,1,-0.002935640513896942,-0.006007198244333267,0.003071557730436325,0.1710638627409935,"[true, true, true]",False,False,False,67001,0,0843ed3f032eeea0612c508f007d708852bd5b1fffa62c033181097389bc1972,validation_003,1,2,1964454014,5,,
11,2.2,B,mainline,True,False,76.84000000000009,24.400000000000063,1,accelerate,2.0,2.0000000000000284,78.44000000000005,20.400000000000063,1,1,accelerate-accelerate,0.05675496160984039,0.1449822038412094,0.05062898248434067,1,0.1449822038412094,0.05675496160984039,0.08822724223136902,0.09435322135686874,"[true, true, true]",False,False,False,67001,0,0843ed3f032eeea0612c508f007d708852bd5b1fffa62c033181097389bc1972,validation_003,1,2,1964454014,5,,
12,2.4000000000000004,A,ramp,True,False,82.56000000000007,20.800000000000068,1,accelerate,2.0,2.0000000000000284,81.76000000000009,24.800000000000068,1,1,accelerate-accelerate,-0.1737084537744522,-0.0031700432300567627,-0.004013499245047569,1,-0.0031700432300567627,-0.004013499245047569,0.0008434560149908066,0.17053841054439545,"[true, true, true]",False,False,False,67001,0,0843ed3f032eeea0612c508f007d708852bd5b1fffa62c033181097389bc1972,validation_003,1,2,1964454014,5,,
12,2.4000000000000004,B,mainline,True,False,81.76000000000009,24.800000000000068,1,accelerate,2.0,2.0000000000000284,82.56000000000007,20.800000000000068,1,1,accelerate-accelerate,0.05814924091100693,0.14595714211463928,0.05319645255804062,1,0.14595714211463928,0.05814924091100693,0.08780790120363235,0.09276068955659866,"[true, true, true]",False,False,False,67001,0,0843ed3f032eeea0612c508f007d708852bd5b1fffa62c033181097389bc1972,validation_003,1,2,1964454014,5,,
13,2.6,A,ramp,True,False,86.76000000000009,21.200000000000074,2,decelerate,2.0,-2.9999999999999716,86.7600000000001,25.200000000000074,2,1,decelerate-accelerate,-0.17305923998355865,-0.0032117292284965515,-0.0021563898772001266,2,-0.0021563898772001266,-0.0032117292284965515,0.0010553393512964249,0.17090285010635853,"[true, true, true]",False,False,False,67001,0,0843ed3f032eeea0612c508f007d708852bd5b1fffa62c033181097389bc1972,validation_003,1,2,1964454014,5,,
13,2.6,B,mainline,True,False,86.7600000000001,25.200000000000074,1,accelerate,2.0,2.0000000000000284,86.76000000000009,21.200000000000074,2,1,decelerate-accelerate,0.059567078948020935,0.14696726202964783,0.05579536408185959,1,0.14696726202964783,0.059567078948020935,0.08740018308162689,0.09117189794778824,"[true, true, true]",False,False,False,67001,0,0843ed3f032eeea0612c508f007d708852bd5b1fffa62c033181097389bc1972,validation_003,1,2,1964454014,5,,
14,2.8000000000000003,A,ramp,True,False,90.9400000000001,20.60000000000008,2,decelerate,-3.0,-2.9999999999999716,91.84000000000012,25.60000000000008,2,1,decelerate-accelerate,-0.17215870320796967,-0.002138867974281311,-0.0005397479981184006,2,-0.0005397479981184006,-0.002138867974281311,0.0015991199761629105,0.17161895520985126,"[true, true, true]",False,False,False,67001,0,0843ed3f032eeea0612c508f007d708852bd5b1fffa62c033181097389bc1972,validation_003,1,2,1964454014,5,,
14,2.8000000000000003,B,mainline,True,False,91.84000000000012,25.60000000000008,1,accelerate,2.0,2.0000000000000284,90.9400000000001,20.60000000000008,2,1,decelerate-accelerate,0.06332632899284363,0.14817065000534058,0.05847543478012085,1,0.14817065000534058,0.06332632899284363,0.08484432101249695,0.08969521522521973,"[true, true, true]",False,False,False,67001,0,0843ed3f032eeea0612c508f007d708852bd5b1fffa62c033181097389bc1972,validation_003,1,2,1964454014,5,,
15,3.0,A,ramp,True,False,95.00000000000011,20.000000000000085,2,decelerate,-3.0,-2.9999999999999716,97.00000000000013,26.000000000000085,2,1,decelerate-accelerate,-0.171280175447464,-0.0011311471462249756,0.001003950834274292,2,0.001003950834274292,-0.0011311471462249756,0.0021350979804992676,0.17228412628173828,"[true, true, true]",False,False,False,67001,0,0843ed3f032eeea0612c508f007d708852bd5b1fffa62c033181097389bc1972,validation_003,1,2,1964454014,5,,
15,3.0,B,mainline,True,False,97.00000000000013,26.000000000000085,1,accelerate,2.0,2.0000000000000284,95.00000000000011,20.000000000000085,2,1,decelerate-accelerate,0.06750616431236267,0.14984074234962463,0.060935765504837036,1,0.14984074234962463,0.06750616431236267,0.08233457803726196,0.0889049768447876,"[true, true, true]",False,False,False,67001,0,0843ed3f032eeea0612c508f007d708852bd5b1fffa62c033181097389bc1972,validation_003,1,2,1964454014,5,,
16,3.2,A,ramp,True,False,98.94000000000014,19.40000000000009,2,decelerate,-3.0,-2.9999999999999716,102.24000000000015,26.40000000000009,2,1,decelerate-accelerate,-0.17073005437850952,0.0003830455243587494,0.0021541770547628403,2,0.0021541770547628403,0.0003830455243587494,0.0017711315304040909,0.17288423143327236,"[true, true, true]",False,False,False,67001,0,0843ed3f032eeea0612c508f007d708852bd5b1fffa62c033181097389bc1972,validation_003,1,2,1964454014,5,,
16,3.2,B,mainline,True,False,102.24000000000015,26.40000000000009,1,accelerate,2.0,2.0000000000000284,98.94000000000014,19.40000000000009,2,1,decelerate-accelerate,0.07238097488880157,0.15221011638641357,0.0630422979593277,1,0.15221011638641357,0.07238097488880157,0.079829141497612,0.08916781842708588,"[true, true, true]",False,False,False,67001,0,0843ed3f032eeea0612c508f007d708852bd5b1fffa62c033181097389bc1972,validation_003,1,2,1964454014,5,,
17,3.4000000000000004,A,ramp,True,False,102.76000000000016,18.800000000000097,2,decelerate,-3.0,-2.9999999999999716,107.56000000000017,26.800000000000097,2,1,decelerate-accelerate,-0.16988591849803925,0.002415008842945099,0.002712998539209366,2,0.002712998539209366,0.002415008842945099,0.00029798969626426697,0.1725989170372486,"[true, true, true]",False,False,False,67001,0,0843ed3f032eeea0612c508f007d708852bd5b1fffa62c033181097389bc1972,validation_003,1,2,1964454014,5,1.5674241132368962,
17,3.4000000000000004,B,mainline,True,False,107.56000000000017,26.800000000000097,1,accelerate,2.0,2.0000000000000284,102.76000000000016,18.800000000000097,2,1,decelerate-accelerate,0.07749494910240173,0.15456728637218475,0.06512092798948288,1,0.15456728637218475,0.07749494910240173,0.07707233726978302,0.08944635838270187,"[true, true, true]",False,False,False,67001,0,0843ed3f032eeea0612c508f007d708852bd5b1fffa62c033181097389bc1972,validation_003,1,2,1964454014,5,1.5674241132368962,
18,3.6,A,ramp,True,False,106.46000000000018,18.200000000000102,2,decelerate,-3.0,-2.9999999999999716,112.96000000000019,27.200000000000102,2,1,decelerate-accelerate,-0.12921592593193054,0.00010599195957183838,0.0077259838581085205,2,0.0077259838581085205,0.00010599195957183838,0.007619991898536682,0.13694190979003906,"[true, true, true]",False,False,False,67001,0,0843ed3f032eeea0612c508f007d708852bd5b1fffa62c033181097389bc1972,validation_003,1,2,1964454014,5,3.494541170336376,
18,3.6,B,mainline,True,False,112.96000000000019,27.200000000000102,1,accelerate,2.0,2.0000000000000284,106.46000000000018,18.200000000000102,2,1,decelerate-accelerate,0.09231042861938477,0.1461719125509262,0.05827406048774719,1,0.1461719125509262,0.09231042861938477,0.05386148393154144,0.08789785206317902,"[true, true, true]",False,False,False,67001,0,0843ed3f032eeea0612c508f007d708852bd5b1fffa62c033181097389bc1972,validation_003,1,2,1964454014,5,3.494541170336376,
19,3.8000000000000003,A,ramp,True,False,110.04000000000019,17.600000000000108,2,decelerate,-3.0,-2.9999999999999716,118.44000000000023,27.600000000000108,2,1,decelerate-accelerate,-0.12592802941799164,0.002014629542827606,0.007938498631119728,2,0.007938498631119728,0.002014629542827606,0.005923869088292122,0.13386652804911137,"[true, true, true]",False,False,False,67001,0,0843ed3f032eeea0612c508f007d708852bd5b1fffa62c033181097389bc1972,validation_003,1,2,1964454014,5,5.620824924579011,
19,3.8000000000000003,B,mainline,True,False,118.44000000000023,27.600000000000108,1,accelerate,2.0,2.0000000000000284,110.04000000000019,17.600000000000108,2,1,decelerate-accelerate,0.09788776934146881,0.14885222911834717,0.0585603266954422,1,0.14885222911834717,0.09788776934146881,0.05096445977687836,0.09029190242290497,"[true, true, true]",False,False,False,67001,0,0843ed3f032eeea0612c508f007d708852bd5b1fffa62c033181097389bc1972,validation_003,1,2,1964454014,5,5.620824924579011,
20,4.0,A,ramp,True,False,113.50000000000021,17.000000000000114,2,decelerate,-3.0,-2.9999999999999716,124.00000000000026,28.000000000000114,2,1,decelerate-accelerate,-0.12254121899604797,0.005022972822189331,0.007902823388576508,2,0.007902823388576508,0.005022972822189331,0.0028798505663871765,0.13044404238462448,"[true, true, true]",False,False,False,67001,0,0843ed3f032eeea0612c508f007d708852bd5b1fffa62c033181097389bc1972,validation_003,1,2,1964454014,5,7.9437783061074185,
20,4.0,B,mainline,True,False,124.00000000000026,28.000000000000114,1,accelerate,2.0,2.0000000000000284,113.50000000000021,17.000000000000114,2,1,decelerate-accelerate,0.10319735109806061,0.15061205625534058,0.059050433337688446,1,0.15061205625534058,0.10319735109806061,0.04741470515727997,0.09156162291765213,"[true, true, true]",False,False,False,67001,0,0843ed3f032eeea0612c508f007d708852bd5b1fffa62c033181097389bc1972,validation_003,1,2,1964454014,5,7.9437783061074185,
21,4.2,A,ramp,True,False,116.84000000000024,16.40000000000012,1,accelerate,-3.0,2.0000000000000284,129.64000000000027,28.40000000000012,1,1,accelerate-accelerate,-0.11905329674482346,0.00808493047952652,0.007810348644852638,1,0.00808493047952652,0.007810348644852638,0.00027458183467388153,0.12713822722434998,"[true, true, true]",False,False,False,67001,0,0843ed3f032eeea0612c508f007d708852bd5b1fffa62c033181097389bc1972,validation_003,1,2,1964454014,5,10.362371270449671,
21,4.2,B,mainline,True,False,129.64000000000027,28.40000000000012,1,accelerate,2.0,2.0000000000000284,116.84000000000024,16.40000000000012,1,1,accelerate-accelerate,0.10812723636627197,0.1502450704574585,0.05854612588882446,1,0.1502450704574585,0.10812723636627197,0.04211783409118652,0.09169894456863403,"[true, true, true]",False,False,False,67001,0,0843ed3f032eeea0612c508f007d708852bd5b1fffa62c033181097389bc1972,validation_003,1,2,1964454014,5,10.362371270449671,
22,4.4,A,ramp,True,False,120.16000000000027,16.800000000000125,1,accelerate,2.0,2.0000000000000284,135.3600000000003,28.800000000000125,1,1,accelerate-accelerate,-0.1185608059167862,0.008225001394748688,0.007533900439739227,1,0.008225001394748688,0.007533900439739227,0.0006911009550094604,0.12678580731153488,"[true, true, true]",False,False,False,67001,0,0843ed3f032eeea0612c508f007d708852bd5b1fffa62c033181097389bc1972,validation_003,1,2,1964454014,5,12.77603783775038,
22,4.4,B,mainline,True,False,135.3600000000003,28.800000000000125,1,accelerate,2.0,2.0000000000000284,120.16000000000027,16.800000000000125,1,1,accelerate-accelerate,0.10917750000953674,0.1493479609489441,0.05915004014968872,1,0.1493479609489441,0.10917750000953674,0.04017046093940735,0.09019792079925537,"[true, true, true]",False,False,False,67001,0,0843ed3f032eeea0612c508f007d708852bd5b1fffa62c033181097389bc1972,validation_003,1,2,1964454014,5,12.77603783775038,
23,4.6000000000000005,A,ramp,True,False,123.56000000000029,17.20000000000013,1,accelerate,2.0,2.0000000000000284,141.16000000000034,29.20000000000013,1,1,accelerate-accelerate,-0.11817263811826706,0.008240260183811188,0.006331147626042366,1,0.008240260183811188,0.006331147626042366,0.0019091125577688217,0.12641289830207825,"[true, true, true]",False,False,False,67001,0,0843ed3f032eeea0612c508f007d708852bd5b1fffa62c033181097389bc1972,validation_003,1,2,1964454014,5,15.184478869178179,
23,4.6000000000000005,B,mainline,True,False,141.16000000000034,29.20000000000013,1,accelerate,2.0,2.0000000000000284,123.56000000000029,17.20000000000013,1,1,accelerate-accelerate,0.11057110130786896,0.14823530614376068,0.0592440664768219,1,0.14823530614376068,0.11057110130786896,0.037664204835891724,0.08899123966693878,"[true, true, true]",False,False,False,67001,0,0843ed3f032eeea0612c508f007d708852bd5b1fffa62c033181097389bc1972,validation_003,1,2,1964454014,5,15.184478869178179,
24,4.800000000000001,A,ramp,True,False,127.04000000000032,17.600000000000136,1,accelerate,2.0,2.0000000000000284,147.04000000000036,29.600000000000136,1,1,accelerate-accelerate,-0.11783143877983093,0.00831213966012001,0.005133695900440216,1,0.00831213966012001,0.005133695900440216,0.0031784437596797943,0.12614357843995094,"[true, true, true]",False,False,False,67001,0,0843ed3f032eeea0612c508f007d708852bd5b1fffa62c033181097389bc1972,validation_003,1,2,1964454014,5,17.588513326265286,
24,4.800000000000001,B,mainline,True,False,147.04000000000036,29.600000000000136,1,accelerate,2.0,1.9999999999971863,127.04000000000032,17.600000000000136,1,1,accelerate-accelerate,0.11259862035512924,0.14685335755348206,0.0585925430059433,1,0.14685335755348206,0.11259862035512924,0.034254737198352814,0.08826081454753876,"[true, true, true]",False,False,False,67001,0,0843ed3f032eeea0612c508f007d708852bd5b1fffa62c033181097389bc1972,validation_003,1,2,1964454014,5,17.588513326265286,
25,5.0,A,ramp,True,False,130.60000000000036,18.000000000000142,1,accelerate,2.0,2.0000000000000284,153.0000000000004,30.0,1,1,accelerate-accelerate,-0.11756093800067902,0.008690524846315384,0.004211049526929855,1,0.008690524846315384,0.004211049526929855,0.0044794753193855286,0.1262514628469944,"[true, true, true]",False,False,False,67001,0,0843ed3f032eeea0612c508f007d708852bd5b1fffa62c033181097389bc1972,validation_003,1,2,1964454014,5,19.949768039489754,
25,5.0,B,mainline,True,False,153.0000000000004,30.0,1,accelerate,2.0,0.0,130.60000000000036,18.000000000000142,1,1,accelerate-accelerate,0.11470484733581543,0.14539486169815063,0.05793806165456772,1,0.14539486169815063,0.11470484733581543,0.030690014362335205,0.08745680004358292,"[true, true, true]",False,False,False,67001,0,0843ed3f032eeea0612c508f007d708852bd5b1fffa62c033181097389bc1972,validation_003,1,2,1964454014,5,19.949768039489754,
26,5.2,A,ramp,True,False,134.24000000000038,18.400000000000148,1,accelerate,2.0,2.0000000000000284,159.0000000000004,30.0,1,1,accelerate-accelerate,-0.11891033500432968,0.007853217422962189,0.003111977130174637,1,0.007853217422962189,0.003111977130174637,0.004741240292787552,0.12676355242729187,"[true, true, true]",False,False,False,67001,0,0843ed3f032eeea0612c508f007d708852bd5b1fffa62c033181097389bc1972,validation_003,1,2,1964454014,5,22.22992973857623,
26,5.2,B,mainline,True,False,159.0000000000004,30.0,1,accelerate,2.0,0.0,134.24000000000038,18.400000000000148,1,1,accelerate-accelerate,0.11612048745155334,0.14345774054527283,0.05762966722249985,1,0.14345774054527283,0.11612048745155334,0.027337253093719482,0.08582807332277298,"[true, true, true]",False,False,False,67001,0,0843ed3f032eeea0612c508f007d708852bd5b1fffa62c033181097389bc1972,validation_003,1,2,1964454014,5,22.22992973857623,
27,5.4,A,ramp,True,False,137.9600000000004,18.800000000000153,1,accelerate,2.0,2.0000000000000284,165.0000000000004,30.0,1,1,accelerate-accelerate,-0.12042468041181564,0.006150916218757629,0.001145772635936737,1,0.006150916218757629,0.001145772635936737,0.005005143582820892,0.12657559663057327,"[true, true, true]",False,False,False,67001,0,0843ed3f032eeea0612c508f007d708852bd5b1fffa62c033181097389bc1972,validation_003,1,2,1964454014,5,24.429931239476076,
27,5.4,B,mainline,True,False,165.0000000000004,30.0,1,accelerate,2.0,0.0,137.9600000000004,18.800000000000153,1,1,accelerate-accelerate,0.117659792304039,0.14137476682662964,0.05718550086021423,1,0.14137476682662964,0.117659792304039,0.023714974522590637,0.0841892659664154,"[true, true, true]",False,False,False,67001,0,0843ed3f032eeea0612c508f007d708852bd5b1fffa62c033181097389bc1972,validation_003,1,2,1964454014,5,24.429931239476076,
28,5.6000000000000005,A,ramp,True,False,141.76000000000045,19.20000000000016,1,accelerate,2.0,2.0000000000000284,171.0000000000004,30.0,1,1,accelerate-accelerate,-0.12200573831796646,0.004836685955524445,-0.00038259848952293396,1,0.004836685955524445,-0.00038259848952293396,0.0052192844450473785,0.1268424242734909,"[true, true, true]",False,False,False,67001,0,0843ed3f032eeea0612c508f007d708852bd5b1fffa62c033181097389bc1972,validation_003,1,2,1964454014,5,26.549931239476052,
28,5.6000000000000005,B,mainline,True,False,171.0000000000004,30.0,1,accelerate,2.0,0.0,141.76000000000045,19.20000000000016,1,1,accelerate-accelerate,0.11923499405384064,0.13919293880462646,0.056356288492679596,1,0.13919293880462646,0.11923499405384064,0.019957944750785828,0.08283665031194687,"[true, true, true]",False,False,False,67001,0,0843ed3f032eeea0612c508f007d708852bd5b1fffa62c033181097389bc1972,validation_003,1,2,1964454014,5,26.549931239476052,
29,5.800000000000001,A,ramp,True,False,145.64000000000047,19.600000000000165,1,accelerate,2.0,2.0000000000000284,177.0000000000004,30.0,1,1,accelerate-accelerate,-0.1230602115392685,0.0030761659145355225,-0.0017070453613996506,1,0.0030761659145355225,-0.0017070453613996506,0.004783211275935173,0.12613637745380402,"[true, true, true]",False,False,False,67001,0,0843ed3f032eeea0612c508f007d708852bd5b1fffa62c033181097389bc1972,validation_003,1,2,1964454014,5,28.589931239476016,
29,5.800000000000001,B,mainline,True,False,177.0000000000004,30.0,1,accelerate,2.0,0.0,145.64000000000047,19.600000000000165,1,1,accelerate-accelerate,0.1208353191614151,0.13694941997528076,0.05550307780504227,1,0.13694941997528076,0.1208353191614151,0.01611410081386566,0.0814463421702385,"[true, true, true]",False,False,False,67001,0,0843ed3f032eeea0612c508f007d708852bd5b1fffa62c033181097389bc1972,validation_003,1,2,1964454014,5,28.589931239476016,
30,6.0,A,ramp,True,False,149.6000000000005,20.00000000000017,1,accelerate,2.0,2.0000000000000284,183.0000000000004,30.0,1,1,accelerate-accelerate,-0.12366749346256256,0.000954844057559967,-0.0029110610485076904,1,0.000954844057559967,-0.0029110610485076904,0.0038659051060676575,0.12462233752012253,"[true, true, true]",False,False,False,67001,0,0843ed3f032eeea0612c508f007d708852bd5b1fffa62c033181097389bc1972,validation_003,1,2,1964454014,5,30.549931239475967,
30,6.0,B,mainline,True,False,183.0000000000004,30.0,1,accelerate,2.0,0.0,149.6000000000005,20.00000000000017,1,1,accelerate-accelerate,0.12150395661592484,0.13537660241127014,0.05468696355819702,1,0.13537660241127014,0.12150395661592484,0.013872645795345306,0.08068963885307312,"[true, true, true]",False,False,False,67001,0,0843ed3f032eeea0612c508f007d708852bd5b1fffa62c033181097389bc1972,validation_003,1,2,1964454014,5,30.549931239475967,
31,6.2,A,ramp,True,False,153.64000000000055,20.400000000000176,1,accelerate,2.0,2.0000000000000284,189.0000000000004,30.0,1,1,accelerate-accelerate,-0.12383577972650528,-0.0015299320220947266,-0.0040064603090286255,1,-0.0015299320220947266,-0.0040064603090286255,0.002476528286933899,0.12230584770441055,"[true, true, true]",False,False,False,67001,0,0843ed3f032eeea0612c508f007d708852bd5b1fffa62c033181097389bc1972,validation_003,1,2,1964454014,5,32.429931239475934,
31,6.2,B,mainline,True,False,189.0000000000004,30.0,1,accelerate,2.0,0.0,153.64000000000055,20.400000000000176,1,1,accelerate-accelerate,0.12137186527252197,0.13451799750328064,0.054044947028160095,1,0.13451799750328064,0.12137186527252197,0.013146132230758667,0.08047305047512054,"[true, true, true]",False,False,False,67001,0,0843ed3f032eeea0612c508f007d708852bd5b1fffa62c033181097389bc1972,validation_003,1,2,1964454014,5,32.429931239475934,
32,6.4,A,ramp,True,False,157.7600000000006,20.800000000000182,1,accelerate,2.0,2.0000000000000284,195.0000000000004,30.0,1,1,accelerate-accelerate,-0.12409024685621262,-0.003916129469871521,-0.005064036697149277,1,-0.003916129469871521,-0.005064036697149277,0.0011479072272777557,0.1201741173863411,"[true, true, true]",False,False,False,67001,0,0843ed3f032eeea0612c508f007d708852bd5b1fffa62c033181097389bc1972,validation_003,1,2,1964454014,5,34.22993123947589,
32,6.4,B,mainline,True,False,195.0000000000004,30.0,1,accelerate,2.0,0.0,157.7600000000006,20.800000000000182,1,1,accelerate-accelerate,0.12191106379032135,0.13380685448646545,0.054056763648986816,1,0.13380685448646545,0.12191106379032135,0.011895790696144104,0.07975009083747864,"[true, true, true]",False,False,False,67001,0,0843ed3f032eeea0612c508f007d708852bd5b1fffa62c033181097389bc1972,validation_003,1,2,1964454014,5,34.22993123947589,
33,6.6000000000000005,A,ramp,True,False,161.96000000000063,21.200000000000188,2,decelerate,2.0,-2.9999999999999716,201.0000000000004,30.0,2,1,decelerate-accelerate,-0.12431656569242477,-0.006121613085269928,-0.005813121795654297,2,-0.005813121795654297,-0.006121613085269928,0.0003084912896156311,0.11850344389677048,"[true, true, true]",False,False,False,67001,0,0843ed3f032eeea0612c508f007d708852bd5b1fffa62c033181097389bc1972,validation_003,1,2,1964454014,5,36.04993123947585,
33,6.6000000000000005,B,mainline,True,False,201.0000000000004,30.0,1,accelerate,2.0,0.0,161.96000000000063,21.200000000000188,2,1,decelerate-accelerate,0.12247277796268463,0.13304387032985687,0.054037339985370636,1,0.13304387032985687,0.12247277796268463,0.010571092367172241,0.07900653034448624,"[true, true, true]",False,False,False,67001,0,0843ed3f032eeea0612c508f007d708852bd5b1fffa62c033181097389bc1972,validation_003,1,2,1964454014,5,36.04993123947585,
34,6.800000000000001,A,ramp,True,False,166.14000000000067,20.600000000000193,1,accelerate,-3.0,2.0000000000000284,207.0000000000004,30.0,1,1,accelerate-accelerate,-0.12242422997951508,-0.004783470183610916,-0.006277002394199371,1,-0.004783470183610916,-0.006277002394199371,0.0014935322105884552,0.11764075979590416,"[true, true, true]",False,False,False,67001,0,0843ed3f032eeea0612c508f007d708852bd5b1fffa62c033181097389bc1972,validation_003,1,2,1964454014,5,37.8899312394758,
34,6.800000000000001,B,mainline,True,False,207.0000000000004,30.0,1,accelerate,2.0,0.0,166.14000000000067,20.600000000000193,1,1,accelerate-accelerate,0.12765370309352875,0.13306781649589539,0.05241770297288895,1,0.13306781649589539,0.12765370309352875,0.005414113402366638,0.08065011352300644,"[true, true, true]",False,False,False,67001,0,0843ed3f032eeea0612c508f007d708852bd5b1fffa62c033181097389bc1972,validation_003,1,2,1964454014,5,37.8899312394758,
35,7.0,A,ramp,True,False,170.30000000000072,21.0000000000002,2,decelerate,2.0,-2.9999999999999716,213.0000000000004,30.0,2,1,decelerate-accelerate,-0.12298232316970825,-0.0073419176042079926,-0.007154377177357674,2,-0.007154377177357674,-0.0073419176042079926,0.0001875404268503189,0.11582794599235058,"[true, true, true]",False,False,False,67001,0,0843ed3f032eeea0612c508f007d708852bd5b1fffa62c033181097389bc1972,validation_003,1,2,1964454014,5,39.74993123947576,
35,7.0,B,mainline,True,False,213.0000000000004,30.0,1,accelerate,2.0,0.0,170.30000000000072,21.0000000000002,2,1,decelerate-accelerate,0.12840396165847778,0.1326826512813568,0.052315905690193176,1,0.1326826512813568,0.12840396165847778,0.004278689622879028,0.08036674559116364,"[true, true, true]",False,False,False,67001,0,0843ed3f032eeea0612c508f007d708852bd5b1fffa62c033181097389bc1972,validation_003,1,2,1964454014,5,39.74993123947576,
36,7.2,A,ramp,True,False,174.44000000000077,20.400000000000205,2,decelerate,-3.0,-2.9999999999999716,219.0000000000004,30.0,2,1,decelerate-accelerate,-0.1064339280128479,0.02369895949959755,0.037082940340042114,2,0.037082940340042114,0.02369895949959755,0.013383980840444565,0.14351686835289001,"[true, true, true]",False,False,False,67001,0,0843ed3f032eeea0612c508f007d708852bd5b1fffa62c033181097389bc1972,validation_003,1,2,1964454014,5,41.72993123947572,
36,7.2,B,mainline,True,False,219.0000000000004,30.0,1,accelerate,2.0,0.0,174.44000000000077,20.400000000000205,2,1,decelerate-accelerate,0.12946777045726776,0.18866679072380066,0.04481508582830429,1,0.18866679072380066,0.12946777045726776,0.0591990202665329,0.14385170489549637,"[true, true, true]",False,False,False,67001,0,0843ed3f032eeea0612c508f007d708852bd5b1fffa62c033181097389bc1972,validation_003,1,2,1964454014,5,41.72993123947572,
37,7.4,A,ramp,True,False,178.4600000000008,19.80000000000021,2,decelerate,-3.0,-2.9999999999999716,225.0000000000004,30.0,2,1,decelerate-accelerate,-0.10528050363063812,0.022406458854675293,0.036319997161626816,2,0.036319997161626816,0.022406458854675293,0.013913538306951523,0.14160050079226494,"[true, true, true]",False,False,False,67001,0,0843ed3f032eeea0612c508f007d708852bd5b1fffa62c033181097389bc1972,validation_003,1,2,1964454014,5,43.829931239475684,
37,7.4,B,mainline,True,False,225.0000000000004,30.0,1,accelerate,2.0,0.0,178.4600000000008,19.80000000000021,2,1,decelerate-accelerate,0.13166317343711853,0.18726831674575806,0.04490460455417633,1,0.18726831674575806,0.13166317343711853,0.055605143308639526,0.14236371219158173,"[true, true, true]",False,False,False,67001,0,0843ed3f032eeea0612c508f007d708852bd5b1fffa62c033181097389bc1972,validation_003,1,2,1964454014,5,43.829931239475684,
38,7.6000000000000005,A,ramp,True,False,182.36000000000084,19.200000000000216,2,decelerate,-3.0,-2.9999999999999716,231.0000000000004,30.0,2,1,decelerate-accelerate,-0.10368991643190384,0.020954877138137817,0.035575129091739655,2,0.035575129091739655,0.020954877138137817,0.014620251953601837,0.1392650455236435,"[true, true, true]",False,False,False,67001,0,0843ed3f032eeea0612c508f007d708852bd5b1fffa62c033181097389bc1972,validation_003,1,2,1964454014,5,46.049931239475626,
38,7.6000000000000005,B,mainline,True,False,231.0000000000004,30.0,1,accelerate,2.0,0.0,182.36000000000084,19.200000000000216,2,1,decelerate-accelerate,0.13385799527168274,0.18569809198379517,0.045430026948451996,1,0.18569809198379517,0.13385799527168274,0.05184009671211243,0.14026806503534317,"[true, true, true]",False,False,False,67001,0,0843ed3f032eeea0612c508f007d708852bd5b1fffa62c033181097389bc1972,validation_003,1,2,1964454014,5,46.049931239475626,
39,7.800000000000001,A,ramp,True,False,186.1400000000009,18.60000000000022,2,decelerate,-3.0,-2.9999999999999716,237.0000000000004,30.0,2,1,decelerate-accelerate,-0.1020311638712883,0.020206037908792496,0.034806858748197556,2,0.034806858748197556,0.020206037908792496,0.01460082083940506,0.13683802261948586,"[true, true, true]",False,False,False,67001,0,0843ed3f032eeea0612c508f007d708852bd5b1fffa62c033181097389bc1972,validation_003,1,2,1964454014,5,48.38993123947557,
39,7.800000000000001,B,mainline,True,False,237.0000000000004,30.0,1,accelerate,2.0,0.0,186.1400000000009,18.60000000000022,2,1,decelerate-accelerate,0.13598483800888062,0.18393197655677795,0.046057894825935364,1,0.18393197655677795,0.13598483800888062,0.04794713854789734,0.1378740817308426,"[true, true, true]",False,False,False,67001,0,0843ed3f032eeea0612c508f007d708852bd5b1fffa62c033181097389bc1972,validation_003,1,2,1964454014,5,48.38993123947557,
40,8.0,A,ramp,True,False,189.80000000000095,18.000000000000227,2,decelerate,-3.0,-2.9999999999999716,243.0000000000004,30.0,2,1,decelerate-accelerate,-0.1014648899435997,0.020657218992710114,0.03387477621436119,2,0.03387477621436119,0.020657218992710114,0.013217557221651077,0.1353396661579609,"[true, true, true]",False,False,False,67001,0,0843ed3f032eeea0612c508f007d708852bd5b1fffa62c033181097389bc1972,validation_003,1,2,1964454014,5,50.849931239475524,
40,8.0,B,mainline,True,False,243.0000000000004,30.0,1,accelerate,2.0,0.0,189.80000000000095,18.000000000000227,2,1,decelerate-accelerate,0.13803845643997192,0.1822425127029419,0.04671625792980194,1,0.1822425127029419,0.13803845643997192,0.04420405626296997,0.13552625477313995,"[true, true, true]",False,False,False,67001,0,0843ed3f032eeea0612c508f007d708852bd5b1fffa62c033181097389bc1972,validation_003,1,2,1964454014,5,50.849931239475524,
41,8.200000000000001,A,ramp,True,False,193.340000000001,17.400000000000233,2,decelerate,-3.0,-2.9999999999999716,249.0000000000004,30.0,2,1,decelerate-accelerate,-0.10078880190849304,0.021026603877544403,0.03294095769524574,2,0.03294095769524574,0.021026603877544403,0.01191435381770134,0.13372975960373878,"[true, true, true]",False,False,False,67001,0,0843ed3f032eeea0612c508f007d708852bd5b1fffa62c033181097389bc1972,validation_003,1,2,1964454014,5,53.42993123947548,
41,8.200000000000001,B,mainline,True,False,249.0000000000004,30.0,1,accelerate,2.0,0.0,193.340000000001,17.400000000000233,2,1,decelerate-accelerate,0.1398855447769165,0.18052880465984344,0.047486916184425354,1,0.18052880465984344,0.1398855447769165,0.04064325988292694,0.1330418884754181,"[true, true, true]",False,False,False,67001,0,0843ed3f032eeea0612c508f007d708852bd5b1fffa62c033181097389bc1972,validation_003,1,2,1964454014,5,53.42993123947548,
42,8.4,A,ramp,True,False,196.76000000000104,16.80000000000024,2,decelerate,-3.0,-2.9999999999999716,255.0000000000004,30.0,2,1,decelerate-accelerate,-0.10010431706905365,0.021284427493810654,0.03199507296085358,2,0.03199507296085358,0.021284427493810654,0.010710645467042923,0.13209939002990723,"[true, true, true]",False,False,False,67001,0,0843ed3f032eeea0612c508f007d708852bd5b1fffa62c033181097389bc1972,validation_003,1,2,1964454014,5,,
42,8.4,B,mainline,True,False,255.0000000000004,30.0,1,accelerate,2.0,0.0,196.76000000000104,16.80000000000024,2,1,decelerate-accelerate,0.1415022909641266,0.1786530613899231,0.048453763127326965,1,0.1786530613899231,0.1415022909641266,0.03715077042579651,0.13019929826259613,"[true, true, true]",False,False,False,67001,0,0843ed3f032eeea0612c508f007d708852bd5b1fffa62c033181097389bc1972,validation_003,1,2,1964454014,5,,
43,8.6,A,ramp,True,False,200.06000000000108,16.200000000000244,2,decelerate,-3.0,-3.000000000000007,261.0000000000004,0.0,2,0,active-inactive,-0.22349533438682556,0.02689165621995926,0.06888499855995178,2,0.06888499855995178,0.02689165621995926,0.04199334233999252,0.29238033294677734,"[true, true, true]",False,False,False,67001,0,0843ed3f032eeea0612c508f007d708852bd5b1fffa62c033181097389bc1972,validation_003,1,2,1964454014,5,,
43,8.6,B,mainline,False,True,261.0000000000004,0.0,0,maintain,0.0,0.0,200.06000000000108,16.200000000000244,2,0,active-inactive,0.06965423375368118,0.13414864242076874,-0.011006140150129795,1,0.13414864242076874,0.06965423375368118,0.06449440866708755,0.14515478257089853,"[true, true, true]",False,False,False,67001,0,0843ed3f032eeea0612c508f007d708852bd5b1fffa62c033181097389bc1972,validation_003,1,2,1964454014,5,,
44,8.8,A,ramp,True,False,203.24000000000115,15.600000000000245,2,decelerate,-3.0,-3.000000000000007,261.0000000000004,0.0,2,0,active-inactive,-0.22352483868598938,0.02859436348080635,0.06860898435115814,2,0.06860898435115814,0.02859436348080635,0.04001462087035179,0.2921338230371475,"[true, true, true]",False,False,False,67001,0,0843ed3f032eeea0612c508f007d708852bd5b1fffa62c033181097389bc1972,validation_003,1,2,1964454014,5,,
44,8.8,B,mainline,False,True,261.0000000000004,0.0,0,maintain,0.0,0.0,203.24000000000115,15.600000000000245,2,0,active-inactive,0.07158594578504562,0.13455139100551605,-0.010263492353260517,1,0.13455139100551605,0.07158594578504562,0.06296544522047043,0.14481488335877657,"[true, true, true]",False,False,False,67001,0,0843ed3f032eeea0612c508f007d708852bd5b1fffa62c033181097389bc1972,validation_003,1,2,1964454014,5,,
45,9.0,A,ramp,True,False,206.3000000000012,15.000000000000243,2,decelerate,-3.0,-3.000000000000007,261.0000000000004,0.0,2,0,active-inactive,-0.2234761267900467,0.03022167831659317,0.06827492266893387,2,0.06827492266893387,0.03022167831659317,0.0380532443523407,0.29175104945898056,"[true, true, true]",False,False,False,67001,0,0843ed3f032eeea0612c508f007d708852bd5b1fffa62c033181097389bc1972,validation_003,1,2,1964454014,5,,
45,9.0,B,mainline,False,True,261.0000000000004,0.0,0,maintain,0.0,0.0,206.3000000000012,15.000000000000243,2,0,active-inactive,0.07352086901664734,0.1348400115966797,-0.009440330788493156,1,0.1348400115966797,0.07352086901664734,0.06131914258003235,0.14428034238517284,"[true, true, true]",False,False,False,67001,0,0843ed3f032eeea0612c508f007d708852bd5b1fffa62c033181097389bc1972,validation_003,1,2,1964454014,5,,
46,9.200000000000001,A,ramp,True,False,209.24000000000126,14.400000000000242,2,decelerate,-3.0,-3.000000000000007,261.0000000000004,0.0,2,0,active-inactive,-0.22336554527282715,0.03180813416838646,0.06790757924318314,2,0.06790757924318314,0.03180813416838646,0.03609944507479668,0.2912731245160103,"[true, true, true]",False,False,False,67001,0,0843ed3f032eeea0612c508f007d708852bd5b1fffa62c033181097389bc1972,validation_003,1,2,1964454014,5,,
46,9.200000000000001,B,mainline,False,True,261.0000000000004,0.0,0,maintain,0.0,0.0,209.24000000000126,14.400000000000242,2,0,active-inactive,0.07541695982217789,0.13513004779815674,-0.008602630347013474,1,0.13513004779815674,0.07541695982217789,0.05971308797597885,0.1437326781451702,"[true, true, true]",False,False,False,67001,0,0843ed3f032eeea0612c508f007d708852bd5b1fffa62c033181097389bc1972,validation_003,1,2,1964454014,5,,
47,9.4,A,ramp,True,False,212.0600000000013,13.80000000000024,2,decelerate,-3.0,-3.000000000000007,261.0000000000004,0.0,2,0,active-inactive,-0.22320407629013062,0.03337526693940163,0.06752307713031769,2,0.06752307713031769,0.03337526693940163,0.03414781019091606,0.2907271534204483,"[true, true, true]",False,False,False,67001,0,0843ed3f032eeea0612c508f007d708852bd5b1fffa62c033181097389bc1972,validation_003,1,2,1964454014,5,,
47,9.4,B,mainline,False,True,261.0000000000004,0.0,0,maintain,0.0,0.0,212.0600000000013,13.80000000000024,2,0,active-inactive,0.07725764065980911,0.13533547520637512,-0.007669614627957344,1,0.13533547520637512,0.07725764065980911,0.05807783454656601,0.14300508983433247,"[true, true, true]",False,False,False,67001,0,0843ed3f032eeea0612c508f007d708852bd5b1fffa62c033181097389bc1972,validation_003,1,2,1964454014,5,,
48,9.600000000000001,A,ramp,True,False,214.76000000000136,13.200000000000239,2,decelerate,-3.0,-3.000000000000007,261.0000000000004,0.0,2,0,active-inactive,-0.2229931801557541,0.0349222831428051,0.06712226569652557,2,0.06712226569652557,0.0349222831428051,0.032199982553720474,0.29011544585227966,"[true, true, true]",False,False,False,67001,0,0843ed3f032eeea0612c508f007d708852bd5b1fffa62c033181097389bc1972,validation_003,1,2,1964454014,5,,
48,9.600000000000001,B,mainline,False,True,261.0000000000004,0.0,0,maintain,0.0,0.0,214.76000000000136,13.200000000000239,2,0,active-inactive,0.07897624373435974,0.13489145040512085,-0.006294671446084976,1,0.13489145040512085,0.07897624373435974,0.05591520667076111,0.14118612185120583,"[true, true, true]",False,False,False,67001,0,0843ed3f032eeea0612c508f007d708852bd5b1fffa62c033181097389bc1972,validation_003,1,2,1964454014,5,,
49,9.8,A,ramp,True,False,217.3400000000014,12.600000000000238,2,decelerate,-3.0,-3.000000000000007,261.0000000000004,0.0,2,0,active-inactive,-0.2227342426776886,0.03644828498363495,0.06670603156089783,2,0.06670603156089783,0.03644828498363495,0.03025774657726288,0.2894402742385864,"[true, true, true]",False,False,False,67001,0,0843ed3f032eeea0612c508f007d708852bd5b1fffa62c033181097389bc1972,validation_003,1,2,1964454014,5,,
49,9.8,B,mainline,False,True,261.0000000000004,0.0,0,maintain,0.0,0.0,217.3400000000014,12.600000000000238,2,0,active-inactive,0.0806627869606018,0.13444797694683075,-0.004928724840283394,1,0.13444797694683075,0.0806627869606018,0.05378518998622894,0.13937670178711414,"[true, true, true]",False,False,False,67001,0,0843ed3f032eeea0612c508f007d708852bd5b1fffa62c033181097389bc1972,validation_003,1,2,1964454014,5,,
50,10.0,A,ramp,True,False,219.80000000000143,12.000000000000236,2,decelerate,-3.0,-3.000000000000007,261.0000000000004,0.0,2,0,active-inactive,-0.2223823517560959,0.03790227323770523,0.06627290695905685,2,0.06627290695905685,0.03790227323770523,0.028370633721351624,0.28865525871515274,"[true, true, true]",False,False,False,67001,0,0843ed3f032eeea0612c508f007d708852bd5b1fffa62c033181097389bc1972,validation_003,1,2,1964454014,5,,
50,10.0,B,mainline,False,True,261.0000000000004,0.0,0,maintain,0.0,0.0,219.80000000000143,12.000000000000236,2,0,active-inactive,0.08231671899557114,0.13402310013771057,-0.00356981810182333,1,0.13402310013771057,0.08231671899557114,0.051706381142139435,0.1375929182395339,"[true, true, true]",False,False,False,67001,0,0843ed3f032eeea0612c508f007d708852bd5b1fffa62c033181097389bc1972,validation_003,1,2,1964454014,5,,
51,10.200000000000001,A,ramp,True,False,222.14000000000146,11.400000000000235,2,decelerate,-3.0,-3.000000000000007,261.0000000000004,0.0,2,0,active-inactive,-0.22155407071113586,0.03886793553829193,0.06580416858196259,2,0.06580416858196259,0.03886793553829193,0.026936233043670654,0.28735823929309845,"[true, true, true]",False,False,False,67001,0,0843ed3f032eeea0612c508f007d708852bd5b1fffa62c033181097389bc1972,validation_003,1,2,1964454014,5,,
51,10.200000000000001,B,mainline,False,True,261.0000000000004,0.0,0,maintain,0.0,0.0,222.14000000000146,11.400000000000235,2,0,active-inactive,0.08389516919851303,0.13362284004688263,-0.002186644822359085,1,0.13362284004688263,0.08389516919851303,0.0497276708483696,0.13580948486924171,"[true, true, true]",False,False,False,67001,0,0843ed3f032eeea0612c508f007d708852bd5b1fffa62c033181097389bc1972,validation_003,1,2,1964454014,5,,
52,10.4,A,ramp,True,False,224.36000000000152,10.800000000000233,2,decelerate,-3.0,-3.000000000000007,261.0000000000004,0.0,2,0,active-inactive,-0.2206825613975525,0.03981078416109085,0.06532266736030579,2,0.06532266736030579,0.03981078416109085,0.025511883199214935,0.2860052287578583,"[true, true, true]",False,False,False,67001,0,0843ed3f032eeea0612c508f007d708852bd5b1fffa62c033181097389bc1972,validation_003,1,2,1964454014,5,,
52,10.4,B,mainline,False,True,261.0000000000004,0.0,0,maintain,0.0,0.0,224.36000000000152,10.800000000000233,2,0,active-inactive,0.0852670893073082,0.13326606154441833,-0.0006829649209976196,1,0.13326606154441833,0.0852670893073082,0.04799897223711014,0.13394902646541595,"[true, true, true]",False,False,False,67001,0,0843ed3f032eeea0612c508f007d708852bd5b1fffa62c033181097389bc1972,validation_003,1,2,1964454014,5,,
53,10.600000000000001,A,ramp,True,False,226.46000000000157,10.200000000000232,2,decelerate,-3.0,-3.000000000000007,261.0000000000004,0.0,2,0,active-inactive,-0.2198793590068817,0.04064518213272095,0.06478990614414215,2,0.06478990614414215,0.04064518213272095,0.024144724011421204,0.28466926515102386,"[true, true, true]",False,False,False,67001,0,0843ed3f032eeea0612c508f007d708852bd5b1fffa62c033181097389bc1972,validation_003,1,2,1964454014,5,,
53,10.600000000000001,B,mainline,False,True,261.0000000000004,0.0,0,maintain,0.0,0.0,226.46000000000157,10.200000000000232,2,0,active-inactive,0.08663372695446014,0.13248534500598907,0.0004792492836713791,1,0.13248534500598907,0.08663372695446014,0.04585161805152893,0.1320060957223177,"[true, true, true]",False,False,False,67001,0,0843ed3f032eeea0612c508f007d708852bd5b1fffa62c033181097389bc1972,validation_003,1,2,1964454014,5,,
54,10.8,A,ramp,True,False,228.44000000000162,9.60000000000023,2,decelerate,-3.0,-3.000000000000007,261.0000000000004,0.0,2,0,active-inactive,-0.21909649670124054,0.04141022264957428,0.06422470510005951,2,0.06422470510005951,0.04141022264957428,0.02281448245048523,0.28332120180130005,"[true, true, true]",False,False,False,67001,0,0843ed3f032eeea0612c508f007d708852bd5b1fffa62c033181097389bc1972,validation_003,1,2,1964454014,5,,
54,10.8,B,mainline,False,True,261.0000000000004,0.0,0,maintain,0.0,0.0,228.44000000000162,9.60000000000023,2,0,active-inactive,0.08775132894515991,0.13175249099731445,0.0017274022102355957,1,0.13175249099731445,0.08775132894515991,0.04400116205215454,0.13002508878707886,"[true, true, true]",False,False,False,67001,0,0843ed3f032eeea0612c508f007d708852bd5b1fffa62c033181097389bc1972,validation_003,1,2,1964454014,5,,
55,11.0,A,ramp,True,False,230.30000000000166,9.00000000000023,2,decelerate,-3.0,-3.000000000000007,261.0000000000004,0.0,2,0,active-inactive,-0.2182774841785431,0.042151715606451035,0.06364890933036804,2,0.06364890933036804,0.042151715606451035,0.021497193723917007,0.28192639350891113,"[true, true, true]",False,False,False,67001,0,0843ed3f032eeea0612c508f007d708852bd5b1fffa62c033181097389bc1972,validation_003,1,2,1964454014,5,,
55,11.0,B,mainline,False,True,261.0000000000004,0.0,0,maintain,0.0,0.0,230.30000000000166,9.00000000000023,2,0,active-inactive,0.08867654949426651,0.13108062744140625,0.0030526183545589447,1,0.13108062744140625,0.08867654949426651,0.04240407794713974,0.1280280090868473,"[true, true, true]",False,False,False,67001,0,0843ed3f032eeea0612c508f007d708852bd5b1fffa62c033181097389bc1972,validation_003,1,2,1964454014,5,,
56,11.200000000000001,A,ramp,True,False,232.0400000000017,8.400000000000228,2,decelerate,-3.0,-3.000000000000007,261.0000000000004,0.0,2,0,active-inactive,-0.21742388606071472,0.042869918048381805,0.06306351721286774,2,0.06306351721286774,0.042869918048381805,0.02019359916448593,0.28048740327358246,"[true, true, true]",False,False,False,67001,0,0843ed3f032eeea0612c508f007d708852bd5b1fffa62c033181097389bc1972,validation_003,1,2,1964454014,5,,
56,11.200000000000001,B,mainline,False,True,261.0000000000004,0.0,0,maintain,0.0,0.0,232.0400000000017,8.400000000000228,2,0,active-inactive,0.08958514034748077,0.13041894137859344,0.004360182210803032,1,0.13041894137859344,0.08958514034748077,0.04083380103111267,0.1260587591677904,"[true, true, true]",False,False,False,67001,0,0843ed3f032eeea0612c508f007d708852bd5b1fffa62c033181097389bc1972,validation_003,1,2,1964454014,5,,
57,11.4,A,ramp,True,False,233.66000000000173,7.800000000000226,2,decelerate,-3.0,-3.000000000000007,261.0000000000004,0.0,2,0,active-inactive,-0.2165297418832779,0.043571725487709045,0.062467966228723526,2,0.062467966228723526,0.043571725487709045,0.01889624074101448,0.2789977081120014,"[true, true, true]",False,False,False,67001,0,0843ed3f032eeea0612c508f007d708852bd5b1fffa62c033181097389bc1972,validation_003,1,2,1964454014,5,,
57,11.4,B,mainline,False,True,261.0000000000004,0.0,0,maintain,0.0,0.0,233.66000000000173,7.800000000000226,2,0,active-inactive,0.09047772735357285,0.12976747751235962,0.005649760365486145,1,0.12976747751235962,0.09047772735357285,0.039289750158786774,0.12411771714687347,"[true, true, true]",False,False,False,67001,0,0843ed3f032eeea0612c508f007d708852bd5b1fffa62c033181097389bc1972,validation_003,1,2,1964454014,5,,
58,11.600000000000001,A,ramp,True,False,235.1600000000018,7.200000000000225,2,decelerate,-3.0,-3.000000000000007,261.0000000000004,0.0,2,0,active-inactive,-0.21542035043239594,0.044413380324840546,0.0618281364440918,2,0.0618281364440918,0.044413380324840546,0.01741475611925125,0.27724848687648773,"[true, true, true]",False,False,False,67001,0,0843ed3f032eeea0612c508f007d708852bd5b1fffa62c033181097389bc1972,validation_003,1,2,1964454014,5,,
58,11.600000000000001,B,mainline,False,True,261.0000000000004,0.0,0,maintain,0.0,0.0,235.1600000000018,7.200000000000225,2,0,active-inactive,0.09139445424079895,0.12915444374084473,0.006723757833242416,1,0.12915444374084473,0.09139445424079895,0.037759989500045776,0.12243068590760231,"[true, true, true]",False,False,False,67001,0,0843ed3f032eeea0612c508f007d708852bd5b1fffa62c033181097389bc1972,validation_003,1,2,1964454014,5,,
59,11.8,A,ramp,True,False,236.54000000000184,6.6000000000002235,2,decelerate,-3.0,-3.000000000000007,261.0000000000004,0.0,2,0,active-inactive,-0.21434681117534637,0.04526520520448685,0.061346061527729034,2,0.061346061527729034,0.04526520520448685,0.016080856323242188,0.2756928727030754,"[true, true, true]",False,False,False,67001,0,0843ed3f032eeea0612c508f007d708852bd5b1fffa62c033181097389bc1972,validation_003,1,2,1964454014,5,,
59,11.8,B,mainline,False,True,261.0000000000004,0.0,0,maintain,0.0,0.0,236.54000000000184,6.6000000000002235,2,0,active-inactive,0.09232008457183838,0.1286417841911316,0.007401447743177414,1,0.1286417841911316,0.09232008457183838,0.03632169961929321,0.12124033644795418,"[true, true, true]",False,False,False,67001,0,0843ed3f032eeea0612c508f007d708852bd5b1fffa62c033181097389bc1972,validation_003,1,2,1964454014,5,,
60,12.0,A,ramp,True,False,237.8000000000019,6.000000000000222,2,decelerate,-3.0,-3.000000000000007,261.0000000000004,0.0,2,0,active-inactive,-0.2133958786725998,0.04623004421591759,0.06076730787754059,2,0.06076730787754059,0.04623004421591759,0.014537263661623001,0.2741631865501404,"[true, true, true]",False,False,False,67001,0,0843ed3f032eeea0612c508f007d708852bd5b1fffa62c033181097389bc1972,validation_003,1,2,1964454014,5,,
60,12.0,B,mainline,False,True,261.0000000000004,0.0,0,maintain,0.0,0.0,237.8000000000019,6.000000000000222,2,0,active-inactive,0.0933600515127182,0.12827752530574799,0.008176013827323914,1,0.12827752530574799,0.0933600515127182,0.034917473793029785,0.12010151147842407,"[true, true, true]",False,False,False,67001,0,0843ed3f032eeea0612c508f007d708852bd5b1fffa62c033181097389bc1972,validation_003,1,2,1964454014,5,,
61,12.200000000000001,A,ramp,True,False,238.94000000000193,5.400000000000221,2,decelerate,-3.0,-3.000000000000007,261.0000000000004,0.0,2,0,active-inactive,-0.21250256896018982,0.04723834991455078,0.06009747087955475,2,0.06009747087955475,0.04723834991455078,0.012859120965003967,0.27260003983974457,"[true, true, true]",False,False,False,67001,0,0843ed3f032eeea0612c508f007d708852bd5b1fffa62c033181097389bc1972,validation_003,1,2,1964454014,5,,
61,12.200000000000001,B,mainline,False,True,261.0000000000004,0.0,0,maintain,0.0,0.0,238.94000000000193,5.400000000000221,2,0,active-inactive,0.09437879174947739,0.12791764736175537,0.008937841281294823,1,0.12791764736175537,0.09437879174947739,0.033538855612277985,0.11897980608046055,"[true, true, true]",False,False,False,67001,0,0843ed3f032eeea0612c508f007d708852bd5b1fffa62c033181097389bc1972,validation_003,1,2,1964454014,5,,
62,12.4,A,ramp,True,False,239.96000000000197,4.800000000000219,2,decelerate,-3.0,-3.000000000000007,261.0000000000004,0.0,2,0,active-inactive,-0.21157439053058624,0.04819648712873459,0.059395257383584976,2,0.059395257383584976,0.04819648712873459,0.011198770254850388,0.2709696479141712,"[true, true, true]",False,False,False,67001,0,0843ed3f032eeea0612c508f007d708852bd5b1fffa62c033181097389bc1972,validation_003,1,2,1964454014,5,,
62,12.4,B,mainline,False,True,261.0000000000004,0.0,0,maintain,0.0,0.0,239.96000000000197,4.800000000000219,2,0,active-inactive,0.09481899440288544,0.12722644209861755,0.009691093116998672,1,0.12722644209861755,0.09481899440288544,0.03240744769573212,0.11753534898161888,"[true, true, true]",False,False,False,67001,0,0843ed3f032eeea0612c508f007d708852bd5b1fffa62c033181097389bc1972,validation_003,1,2,1964454014,5,,
63,12.600000000000001,A,ramp,True,False,240.860000000002,4.200000000000218,2,decelerate,-3.0,-2.9999999999999982,261.0000000000004,0.0,2,0,active-inactive,-0.21051150560379028,0.049025002866983414,0.05859861522912979,2,0.05859861522912979,0.049025002866983414,0.009573612362146378,0.2691101208329201,"[true, true, true]",False,False,False,67001,0,0843ed3f032eeea0612c508f007d708852bd5b1fffa62c033181097389bc1972,validation_003,1,2,1964454014,5,,
63,12.600000000000001,B,mainline,False,True,261.0000000000004,0.0,0,maintain,0.0,0.0,240.860000000002,4.200000000000218,2,0,active-inactive,0.09495092928409576,0.12636663019657135,0.010433442890644073,1,0.12636663019657135,0.09495092928409576,0.031415700912475586,0.11593318730592728,"[true, true, true]",False,False,False,67001,0,0843ed3f032eeea0612c508f007d708852bd5b1fffa62c033181097389bc1972,validation_003,1,2,1964454014,5,,
64,12.8,A,ramp,True,False,241.64000000000206,3.6000000000002177,2,decelerate,-3.0,-2.9999999999999982,261.0000000000004,0.0,2,0,active-inactive,-0.20944184064865112,0.04982404410839081,0.05778833478689194,2,0.05778833478689194,0.04982404410839081,0.00796429067850113,0.26723017543554306,"[true, true, true]",False,False,False,67001,0,0843ed3f032eeea0612c508f007d708852bd5b1fffa62c033181097389bc1972,validation_003,1,2,1964454014,5,,
64,12.8,B,mainline,False,True,261.0000000000004,0.0,0,maintain,0.0,0.0,241.64000000000206,3.6000000000002177,2,0,active-inactive,0.09506210684776306,0.12551139295101166,0.011162379756569862,1,0.12551139295101166,0.09506210684776306,0.030449286103248596,0.1143490131944418,"[true, true, true]",False,False,False,67001,0,0843ed3f032eeea0612c508f007d708852bd5b1fffa62c033181097389bc1972,validation_003,1,2,1964454014,5,,
65,13.0,A,ramp,True,False,242.30000000000211,3.000000000000218,2,decelerate,-3.0,-2.9999999999999982,261.0000000000004,0.0,2,0,active-inactive,-0.20836639404296875,0.05059368163347244,0.05696568638086319,2,0.05696568638086319,0.05059368163347244,0.006372004747390747,0.26533208042383194,"[true, true, true]",False,False,False,67001,0,0843ed3f032eeea0612c508f007d708852bd5b1fffa62c033181097389bc1972,validation_003,1,2,1964454014,5,,
65,13.0,B,mainline,False,True,261.0000000000004,0.0,0,maintain,0.0,0.0,242.30000000000211,3.000000000000218,2,0,active-inactive,0.0951865166425705,0.12465323507785797,0.011881288141012192,1,0.12465323507785797,0.0951865166425705,0.029466718435287476,0.11277194693684578,"[true, true, true]",False,False,False,67001,0,0843ed3f032eeea0612c508f007d708852bd5b1fffa62c033181097389bc1972,validation_003,1,2,1964454014,5,,
66,13.200000000000001,A,ramp,True,False,242.84000000000216,2.4000000000002184,2,decelerate,-3.0,-2.9999999999999982,261.0000000000004,0.0,2,0,active-inactive,-0.20728625357151031,0.05133392661809921,0.056131891906261444,2,0.056131891906261444,0.05133392661809921,0.0047979652881622314,0.26341814547777176,"[true, true, true]",False,False,False,67001,0,0843ed3f032eeea0612c508f007d708852bd5b1fffa62c033181097389bc1972,validation_003,1,2,1964454014,5,,
66,13.200000000000001,B,mainline,False,True,261.0000000000004,0.0,0,maintain,0.0,0.0,242.84000000000216,2.4000000000002184,2,0,active-inactive,0.09531305730342865,0.12349280714988708,0.012580044567584991,1,0.12349280714988708,0.09531305730342865,0.028179749846458435,0.1109127625823021,"[true, true, true]",False,False,False,67001,0,0843ed3f032eeea0612c508f007d708852bd5b1fffa62c033181097389bc1972,validation_003,1,2,1964454014,5,,
67,13.4,A,ramp,True,False,243.2600000000022,1.8000000000002188,2,decelerate,-3.0,-2.9999999999999982,261.0000000000004,0.0,2,0,active-inactive,-0.20619159936904907,0.05202439799904823,0.05525806546211243,2,0.05525806546211243,0.05202439799904823,0.0032336674630641937,0.2614496648311615,"[true, true, true]",False,False,False,67001,0,0843ed3f032eeea0612c508f007d708852bd5b1fffa62c033181097389bc1972,validation_003,1,2,1964454014,5,,
67,13.4,B,mainline,False,True,261.0000000000004,0.0,0,maintain,0.0,0.0,243.2600000000022,1.8000000000002188,2,0,active-inactive,0.09532786160707474,0.1221369206905365,0.013250157237052917,1,0.1221369206905365,0.09532786160707474,0.02680905908346176,0.10888676345348358,"[true, true, true]",False,False,False,67001,0,0843ed3f032eeea0612c508f007d708852bd5b1fffa62c033181097389bc1972,validation_003,1,2,1964454014,5,,
68,13.600000000000001,A,ramp,True,False,243.56000000000225,1.2000000000002191,2,decelerate,-3.0,-3.0000000000000004,261.0000000000004,0.0,2,0,active-inactive,-0.20524060726165771,0.05269627273082733,0.05449461191892624,2,0.05449461191892624,0.05269627273082733,0.0017983391880989075,0.25973521918058395,"[true, true, true]",False,False,False,67001,0,0843ed3f032eeea0612c508f007d708852bd5b1fffa62c033181097389bc1972,validation_003,1,2,1964454014,5,,
68,13.600000000000001,B,mainline,False,True,261.0000000000004,0.0,0,maintain,0.0,0.0,243.56000000000225,1.2000000000002191,2,0,active-inactive,0.09540677070617676,0.12072952091693878,0.013866551220417023,1,0.12072952091693878,0.09540677070617676,0.025322750210762024,0.10686296969652176,"[true, true, true]",False,False,False,67001,0,0843ed3f032eeea0612c508f007d708852bd5b1fffa62c033181097389bc1972,validation_003,1,2,1964454014,5,,
69,13.8,A,ramp,True,False,243.74000000000228,0.6000000000002191,2,decelerate,-3.0,-3.0000000000000004,261.0000000000004,0.0,2,0,active-inactive,-0.20430520176887512,0.05335517227649689,0.05375953018665314,2,0.05375953018665314,0.05335517227649689,0.00040435791015625,0.25806473195552826,"[true, true, true]",False,False,False,67001,0,0843ed3f032eeea0612c508f007d708852bd5b1fffa62c033181097389bc1972,validation_003,1,2,1964454014,5,,
69,13.8,B,mainline,False,True,261.0000000000004,0.0,0,maintain,0.0,0.0,243.74000000000228,0.6000000000002191,2,0,active-inactive,0.09564629942178726,0.11960920691490173,0.014499761164188385,1,0.11960920691490173,0.09564629942178726,0.02396290749311447,0.10510944575071335,"[true, true, true]",False,False,False,67001,0,0843ed3f032eeea0612c508f007d708852bd5b1fffa62c033181097389bc1972,validation_003,1,2,1964454014,5,,
70,14.0,A,ramp,True,False,243.80000000000234,2.1904700275854339e-13,1,accelerate,-3.0,1.9999999999999996,261.0000000000004,0.0,1,0,active-inactive,-0.20340341329574585,0.05397457629442215,0.05303088575601578,1,0.05397457629442215,0.05303088575601578,0.0009436905384063721,0.257377989590168,"[true, true, true]",False,False,False,67001,0,0843ed3f032eeea0612c508f007d708852bd5b1fffa62c033181097389bc1972,validation_003,1,2,1964454014,5,,
70,14.0,B,mainline,False,True,261.0000000000004,0.0,0,maintain,0.0,0.0,243.80000000000234,2.1904700275854339e-13,1,0,active-inactive,0.09577848017215729,0.11879784613847733,0.01529725268483162,1,0.11879784613847733,0.09577848017215729,0.023019365966320038,0.1035005934536457,"[true, true, true]",False,False,False,67001,0,0843ed3f032eeea0612c508f007d708852bd5b1fffa62c033181097389bc1972,validation_003,1,2,1964454014,5,,
71,14.200000000000001,A,ramp,True,False,243.8400000000024,0.40000000000021907,1,accelerate,2.0,1.9999999999999996,261.0000000000004,0.0,1,0,active-inactive,-0.202963188290596,0.053479768335819244,0.0520600900053978,1,0.053479768335819244,0.0520600900053978,0.0014196783304214478,0.25644295662641525,"[true, true, true]",False,False,False,67001,0,0843ed3f032eeea0612c508f007d708852bd5b1fffa62c033181097389bc1972,validation_003,1,2,1964454014,5,,
71,14.200000000000001,B,mainline,False,True,261.0000000000004,0.0,0,maintain,0.0,0.0,243.8400000000024,0.40000000000021907,1,0,active-inactive,0.09485979378223419,0.11937219649553299,0.015226542949676514,1,0.11937219649553299,0.09485979378223419,0.024512402713298798,0.10414565354585648,"[true, true, true]",False,False,False,67001,0,0843ed3f032eeea0612c508f007d708852bd5b1fffa62c033181097389bc1972,validation_003,1,2,1964454014,5,,
72,14.4,A,ramp,True,False,243.96000000000242,0.800000000000219,1,accelerate,2.0,2.0000000000000018,261.0000000000004,0.0,1,0,active-inactive,-0.20261037349700928,0.052962735295295715,0.05120331421494484,1,0.052962735295295715,0.05120331421494484,0.0017594210803508759,0.255573108792305,"[true, true, true]",False,False,False,67001,0,0843ed3f032eeea0612c508f007d708852bd5b1fffa62c033181097389bc1972,validation_003,1,2,1964454014,5,,
72,14.4,B,mainline,False,True,261.0000000000004,0.0,0,maintain,0.0,0.0,243.96000000000242,0.800000000000219,1,0,active-inactive,0.0938136950135231,0.12013211846351624,0.015148982405662537,1,0.12013211846351624,0.0938136950135231,0.026318423449993134,0.1049831360578537,"[true, true, true]",False,False,False,67001,0,0843ed3f032eeea0612c508f007d708852bd5b1fffa62c033181097389bc1972,validation_003,1,2,1964454014,5,,
73,14.600000000000001,A,ramp,True,False,244.16000000000247,1.2000000000002191,1,accelerate,2.0,2.0000000000000018,261.0000000000004,0.0,1,0,active-inactive,-0.20235347747802734,0.052468203008174896,0.050471823662519455,1,0.052468203008174896,0.050471823662519455,0.0019963793456554413,0.25482168048620224,"[true, true, true]",False,False,False,67001,0,0843ed3f032eeea0612c508f007d708852bd5b1fffa62c033181097389bc1972,validation_003,1,2,1964454014,5,,
73,14.600000000000001,B,mainline,False,True,261.0000000000004,0.0,0,maintain,0.0,0.0,244.16000000000247,1.2000000000002191,1,0,active-inactive,0.09264471381902695,0.12105635553598404,0.0150722935795784,1,0.12105635553598404,0.09264471381902695,0.028411641716957092,0.10598406195640564,"[true, true, true]",False,False,False,67001,0,0843ed3f032eeea0612c508f007d708852bd5b1fffa62c033181097389bc1972,validation_003,1,2,1964454014,5,,
74,14.8,A,ramp,True,False,244.44000000000253,1.6000000000002195,1,accelerate,2.0,2.0000000000000018,261.0000000000004,0.0,1,0,active-inactive,-0.20217356085777283,0.05199597775936127,0.049839314073324203,1,0.05199597775936127,0.049839314073324203,0.0021566636860370636,0.2541695386171341,"[true, true, true]",False,False,False,67001,0,0843ed3f032eeea0612c508f007d708852bd5b1fffa62c033181097389bc1972,validation_003,1,2,1964454014,5,,
74,14.8,B,mainline,False,True,261.0000000000004,0.0,0,maintain,0.0,0.0,244.44000000000253,1.6000000000002195,1,0,active-inactive,0.091738261282444,0.12183324992656708,0.014946110546588898,1,0.12183324992656708,0.091738261282444,0.030094988644123077,0.10688713937997818,"[true, true, true]",False,False,False,67001,0,0843ed3f032eeea0612c508f007d708852bd5b1fffa62c033181097389bc1972,validation_003,1,2,1964454014,5,,
75,15.0,A,ramp,True,False,244.80000000000257,2.00000000000022,1,accelerate,2.0,2.0000000000000018,261.0000000000004,0.0,1,0,active-inactive,-0.20205819606781006,0.05154554918408394,0.049288418143987656,1,0.05154554918408394,0.049288418143987656,0.002257131040096283,0.253603745251894,"[true, true, true]",False,False,False,67001,0,0843ed3f032eeea0612c508f007d708852bd5b1fffa62c033181097389bc1972,validation_003,1,2,1964454014,5,,
75,15.0,B,mainline,False,True,261.0000000000004,0.0,0,maintain,0.0,0.0,244.80000000000257,2.00000000000022,1,0,active-inactive,0.09114184230566025,0.1224149763584137,0.014756232500076294,1,0.1224149763584137,0.09114184230566025,0.03127313405275345,0.1076587438583374,"[true, true, true]",False,False,False,67001,0,0843ed3f032eeea0612c508f007d708852bd5b1fffa62c033181097389bc1972,validation_003,1,2,1964454014,5,,
76,15.200000000000001,A,ramp,True,False,245.24000000000262,2.40000000000022,1,accelerate,2.0,2.0000000000000018,261.0000000000004,0.0,1,0,active-inactive,-0.2020719051361084,0.051141925156116486,0.048894818872213364,1,0.051141925156116486,0.048894818872213364,0.002247106283903122,0.2532138302922249,"[true, true, true]",False,False,False,67001,0,0843ed3f032eeea0612c508f007d708852bd5b1fffa62c033181097389bc1972,validation_003,1,2,1964454014,5,,
76,15.200000000000001,B,mainline,False,True,261.0000000000004,0.0,0,maintain,0.0,0.0,245.24000000000262,2.40000000000022,1,0,active-inactive,0.09061019122600555,0.12297646701335907,0.014541331678628922,1,0.12297646701335907,0.09061019122600555,0.032366275787353516,0.10843513533473015,"[true, true, true]",False,False,False,67001,0,0843ed3f032eeea0612c508f007d708852bd5b1fffa62c033181097389bc1972,validation_003,1,2,1964454014,5,,
77,15.4,A,ramp,True,False,245.76000000000266,2.8000000000002205,1,accelerate,2.0,2.0000000000000018,261.0000000000004,0.0,1,0,active-inactive,-0.20216716825962067,0.05077006667852402,0.04860050976276398,1,0.05077006667852402,0.04860050976276398,0.0021695569157600403,0.2529372349381447,"[true, true, true]",False,False,False,67001,0,0843ed3f032eeea0612c508f007d708852bd5b1fffa62c033181097389bc1972,validation_003,1,2,1964454014,5,,
77,15.4,B,mainline,False,True,261.0000000000004,0.0,0,maintain,0.0,0.0,245.76000000000266,2.8000000000002205,1,0,active-inactive,0.09013746678829193,0.12351900339126587,0.0143045075237751,1,0.12351900339126587,0.09013746678829193,0.03338153660297394,0.10921449586749077,"[true, true, true]",False,False,False,67001,0,0843ed3f032eeea0612c508f007d708852bd5b1fffa62c033181097389bc1972,validation_003,1,2,1964454014,5,,
78,15.600000000000001,A,ramp,True,False,246.36000000000269,3.200000000000221,1,accelerate,2.0,2.0000000000000018,261.0000000000004,0.0,1,0,active-inactive,-0.20231011509895325,0.05041924864053726,0.04836418479681015,1,0.05041924864053726,0.04836418479681015,0.002055063843727112,0.2527293637394905,"[true, true, true]",False,False,False,67001,0,0843ed3f032eeea0612c508f007d708852bd5b1fffa62c033181097389bc1972,validation_003,1,2,1964454014,5,,
78,15.600000000000001,B,mainline,False,True,261.0000000000004,0.0,0,maintain,0.0,0.0,246.36000000000269,3.200000000000221,1,0,active-inactive,0.08963858336210251,0.12409158051013947,0.014112234115600586,1,0.12409158051013947,0.08963858336210251,0.03445299714803696,0.10997934639453888,"[true, true, true]",False,False,False,67001,0,0843ed3f032eeea0612c508f007d708852bd5b1fffa62c033181097389bc1972,validation_003,1,2,1964454014,5,,
79,15.8,A,ramp,True,False,247.04000000000275,3.6000000000002212,1,accelerate,2.0,1.999999999999993,261.0000000000004,0.0,1,0,active-inactive,-0.20249637961387634,0.0500887930393219,0.04817994683980942,1,0.0500887930393219,0.04817994683980942,0.0019088461995124817,0.25258517265319824,"[true, true, true]",False,False,False,67001,0,0843ed3f032eeea0612c508f007d708852bd5b1fffa62c033181097389bc1972,validation_003,1,2,1964454014,5,,
79,15.8,B,mainline,False,True,261.0000000000004,0.0,0,maintain,0.0,0.0,247.04000000000275,3.6000000000002212,1,0,active-inactive,0.08904196321964264,0.1246824711561203,0.013838667422533035,1,0.1246824711561203,0.08904196321964264,0.03564050793647766,0.11084380373358727,"[true, true, true]",False,False,False,67001,0,0843ed3f032eeea0612c508f007d708852bd5b1fffa62c033181097389bc1972,validation_003,1,2,1964454014,5,,
80,16.0,A,ramp,True,False,247.8000000000028,4.000000000000221,1,accelerate,2.0,1.999999999999993,261.0000000000004,0.0,1,0,active-inactive,-0.20284785330295563,0.04974294453859329,0.048001669347286224,1,0.04974294453859329,0.048001669347286224,0.0017412751913070679,0.2525907978415489,"[true, true, true]",False,False,False,67001,0,0843ed3f032eeea0612c508f007d708852bd5b1fffa62c033181097389bc1972,validation_003,1,2,1964454014,5,,
80,16.0,B,mainline,False,True,261.0000000000004,0.0,0,maintain,0.0,0.0,247.8000000000028,4.000000000000221,1,0,active-inactive,0.08839726448059082,0.12532182037830353,0.01338016614317894,1,0.12532182037830353,0.08839726448059082,0.03692455589771271,0.11194165423512459,"[true, true, true]",False,False,False,67001,0,0843ed3f032eeea0612c508f007d708852bd5b1fffa62c033181097389bc1972,validation_003,1,2,1964454014,5,,
81,16.2,A,ramp,True,False,248.64000000000283,4.40000000000022,1,accelerate,2.0,1.999999999999993,261.0000000000004,0.0,1,0,active-inactive,-0.20330019295215607,0.049398090690374374,0.04784385487437248,1,0.049398090690374374,0.04784385487437248,0.001554235816001892,0.25269828364253044,"[true, true, true]",False,False,False,67001,0,0843ed3f032eeea0612c508f007d708852bd5b1fffa62c033181097389bc1972,validation_003,1,2,1964454014,5,,
81,16.2,B,mainline,False,True,261.0000000000004,0.0,0,maintain,0.0,0.0,248.64000000000283,4.40000000000022,1,0,active-inactive,0.08779318630695343,0.1259644329547882,0.01293068379163742,1,0.1259644329547882,0.08779318630695343,0.03817124664783478,0.11303374916315079,"[true, true, true]",False,False,False,67001,0,0843ed3f032eeea0612c508f007d708852bd5b1fffa62c033181097389bc1972,validation_003,1,2,1964454014,5,,
82,16.400000000000002,A,ramp,True,False,249.5600000000029,4.800000000000218,1,accelerate,2.0,1.999999999999993,261.0000000000004,0.0,1,0,active-inactive,-0.203797847032547,0.049068279564380646,0.04771845042705536,1,0.049068279564380646,0.04771845042705536,0.0013498291373252869,0.25286612659692764,"[true, true, true]",False,False,False,67001,0,0843ed3f032eeea0612c508f007d708852bd5b1fffa62c033181097389bc1972,validation_003,1,2,1964454014,5,,
82,16.400000000000002,B,mainline,False,True,261.0000000000004,0.0,0,maintain,0.0,0.0,249.5600000000029,4.800000000000218,1,0,active-inactive,0.0872257798910141,0.12661023437976837,0.012490428984165192,1,0.12661023437976837,0.0872257798910141,0.03938445448875427,0.11411980539560318,"[true, true, true]",False,False,False,67001,0,0843ed3f032eeea0612c508f007d708852bd5b1fffa62c033181097389bc1972,validation_003,1,2,1964454014,5,,
83,16.6,A,ramp,True,False,250.56000000000293,5.200000000000217,1,accelerate,2.0,1.999999999999993,261.0000000000004,0.0,1,0,active-inactive,-0.2043381929397583,0.048752859234809875,0.047620415687561035,1,0.048752859234809875,0.047620415687561035,0.0011324435472488403,0.2530910521745682,"[true, true, true]",False,False,False,67001,0,0843ed3f032eeea0612c508f007d708852bd5b1fffa62c033181097389bc1972,validation_003,1,2,1964454014,5,,
83,16.6,B,mainline,False,True,261.0000000000004,0.0,0,maintain,0.0,0.0,250.56000000000293,5.200000000000217,1,0,active-inactive,0.08669120073318481,0.12725920975208282,0.012059662491083145,1,0.12725920975208282,0.08669120073318481,0.04056800901889801,0.11519954726099968,"[true, true, true]",False,False,False,67001,0,0843ed3f032eeea0612c508f007d708852bd5b1fffa62c033181097389bc1972,validation_003,1,2,1964454014,5,,
84,16.8,A,ramp,True,False,251.64000000000297,5.6000000000002155,1,accelerate,2.0,1.999999999999993,261.0000000000004,0.0,1,0,active-inactive,-0.20491865277290344,0.048451244831085205,0.04754496365785599,1,0.048451244831085205,0.04754496365785599,0.0009062811732292175,0.25336989760398865,"[true, true, true]",False,False,False,67001,0,0843ed3f032eeea0612c508f007d708852bd5b1fffa62c033181097389bc1972,validation_003,1,2,1964454014,5,,
84,16.8,B,mainline,False,True,261.0000000000004,0.0,0,maintain,0.0,0.0,251.64000000000297,5.6000000000002155,1,0,active-inactive,0.08618590235710144,0.1279112994670868,0.01163855753839016,1,0.1279112994670868,0.08618590235710144,0.04172539710998535,0.11627274192869663,"[true, true, true]",False,False,False,67001,0,0843ed3f032eeea0612c508f007d708852bd5b1fffa62c033181097389bc1972,validation_003,1,2,1964454014,5,,
85,17.0,A,ramp,True,False,252.80000000000302,6.000000000000214,1,accelerate,2.0,1.999999999999993,261.0000000000004,0.0,1,0,active-inactive,-0.20553676784038544,0.04816292226314545,0.047487590461969376,1,0.04816292226314545,0.047487590461969376,0.0006753318011760712,0.2536996901035309,"[true, true, true]",False,False,False,67001,0,0843ed3f032eeea0612c508f007d708852bd5b1fffa62c033181097389bc1972,validation_003,1,2,1964454014,5,,
85,17.0,B,mainline,False,True,261.0000000000004,0.0,0,maintain,0.0,0.0,252.80000000000302,6.000000000000214,1,0,active-inactive,0.08570648729801178,0.1285664588212967,0.011227287352085114,1,0.1285664588212967,0.08570648729801178,0.04285997152328491,0.11733917146921158,"[true, true, true]",False,False,False,67001,0,0843ed3f032eeea0612c508f007d708852bd5b1fffa62c033181097389bc1972,validation_003,1,2,1964454014,5,,
86,17.2,A,ramp,True,False,254.04000000000306,6.400000000000213,1,accelerate,2.0,1.999999999999993,261.0000000000004,0.0,1,0,active-inactive,-0.20619025826454163,0.04788743704557419,0.047444045543670654,1,0.04788743704557419,0.047444045543670654,0.00044339150190353394,0.2540776953101158,"[true, true, true]",False,False,False,67001,0,0843ed3f032eeea0612c508f007d708852bd5b1fffa62c033181097389bc1972,validation_003,1,2,1964454014,5,,
86,17.2,B,mainline,False,True,261.0000000000004,0.0,0,maintain,0.0,0.0,254.04000000000306,6.400000000000213,1,0,active-inactive,0.08524984866380692,0.12922459840774536,0.01082603633403778,1,0.12922459840774536,0.08524984866380692,0.043974749743938446,0.11839856207370758,"[true, true, true]",False,False,False,67001,0,0843ed3f032eeea0612c508f007d708852bd5b1fffa62c033181097389bc1972,validation_003,1,2,1964454014,5,,
87,17.400000000000002,A,ramp,True,False,255.3600000000031,6.800000000000211,1,accelerate,2.0,1.999999999999993,261.0000000000004,0.0,1,0,active-inactive,-0.20673483610153198,0.04748721048235893,0.04746745526790619,1,0.04748721048235893,0.04746745526790619,1.975521445274353e-05,0.2542220465838909,"[true, true, true]",False,False,False,67001,0,0843ed3f032eeea0612c508f007d708852bd5b1fffa62c033181097389bc1972,validation_003,1,2,1964454014,5,,
87,17.400000000000002,B,mainline,False,True,261.0000000000004,0.0,0,maintain,0.0,0.0,255.3600000000031,6.800000000000211,1,0,active-inactive,0.08486060053110123,0.12981507182121277,0.010454528033733368,1,0.12981507182121277,0.08486060053110123,0.04495447129011154,0.1193605437874794,"[true, true, true]",False,False,False,67001,0,0843ed3f032eeea0612c508f007d708852bd5b1fffa62c033181097389bc1972,validation_003,1,2,1964454014,5,,
88,17.6,A,ramp,True,False,256.7600000000032,7.20000000000021,2,decelerate,2.0,-3.000000000000007,261.0000000000004,0.0,2,0,active-inactive,-0.20727306604385376,0.04706275090575218,0.047512419521808624,2,0.047512419521808624,0.04706275090575218,0.00044966861605644226,0.2547854855656624,"[true, true, true]",False,False,False,67001,0,0843ed3f032eeea0612c508f007d708852bd5b1fffa62c033181097389bc1972,validation_003,1,2,1964454014,5,,
88,17.6,B,mainline,False,True,261.0000000000004,0.0,0,maintain,0.0,0.0,256.7600000000032,7.20000000000021,2,0,active-inactive,0.08451651781797409,0.13036704063415527,0.010104773566126823,1,0.13036704063415527,0.08451651781797409,0.04585052281618118,0.12026226706802845,"[true, true, true]",False,False,False,67001,0,0843ed3f032eeea0612c508f007d708852bd5b1fffa62c033181097389bc1972,validation_003,1,2,1964454014,5,,
89,17.8,A,ramp,True,False,258.14000000000317,6.600000000000208,1,accelerate,-3.0,1.999999999999993,261.0000000000004,0.0,1,0,active-inactive,-0.20750896632671356,0.047950346022844315,0.047532372176647186,1,0.047950346022844315,0.047532372176647186,0.0004179738461971283,0.2554593123495579,"[true, true, true]",False,False,False,67001,0,0843ed3f032eeea0612c508f007d708852bd5b1fffa62c033181097389bc1972,validation_003,1,2,1964454014,5,,
89,17.8,B,mainline,False,True,261.0000000000004,0.0,0,maintain,0.0,0.0,258.14000000000317,6.600000000000208,1,0,active-inactive,0.0856608897447586,0.1295044720172882,0.011149238795042038,1,0.1295044720172882,0.0856608897447586,0.0438435822725296,0.11835523322224617,"[true, true, true]",False,False,False,67001,0,0843ed3f032eeea0612c508f007d708852bd5b1fffa62c033181097389bc1972,validation_003,1,2,1964454014,5,,
90,18.0,A,ramp,True,False,259.5000000000033,7.000000000000207,2,decelerate,2.0,0.0,261.0000000000004,0.0,2,0,active-inactive,-0.20802617073059082,0.047508012503385544,0.04755218327045441,2,0.04755218327045441,0.047508012503385544,4.4170767068862915e-05,0.2555783540010452,"[true, true, true]",False,True,False,67001,0,0843ed3f032eeea0612c508f007d708852bd5b1fffa62c033181097389bc1972,validation_003,1,2,1964454014,5,,
90,18.0,B,mainline,False,True,261.0000000000004,0.0,0,maintain,0.0,0.0,259.5000000000033,7.000000000000207,2,0,active-inactive,0.08528562635183334,0.13005666434764862,0.010798268020153046,1,0.13005666434764862,0.08528562635183334,0.04477103799581528,0.11925839632749557,"[true, true, true]",False,True,False,67001,0,0843ed3f032eeea0612c508f007d708852bd5b1fffa62c033181097389bc1972,validation_003,1,2,1964454014,5,,
0,0.0,A,mainline,True,False,33.199999999999996,18.0,1,accelerate,0.0,2.0000000000000284,23.999999999999993,20.0,1,1,accelerate-accelerate,-0.13537165522575378,0.005779717117547989,-0.05601826310157776,1,0.005779717117547989,-0.05601826310157776,0.06179798021912575,0.14115137234330177,"[true, true, true]",False,False,False,67001,0,0843ed3f032eeea0612c508f007d708852bd5b1fffa62c033181097389bc1972,validation_004,0,3,1533910378,6,,
0,0.0,B,ramp,True,False,23.999999999999993,20.0,1,accelerate,0.0,2.0000000000000284,33.199999999999996,18.0,1,1,accelerate-accelerate,0.024075135588645935,0.10045839101076126,-0.055654242634773254,1,0.10045839101076126,0.024075135588645935,0.07638325542211533,0.15611263364553452,"[true, true, true]",False,False,False,67001,0,0843ed3f032eeea0612c508f007d708852bd5b1fffa62c033181097389bc1972,validation_004,0,3,1533910378,6,,
1,0.2,A,mainline,True,False,36.839999999999996,18.400000000000006,1,accelerate,2.0,2.0000000000000284,28.039999999999996,20.400000000000006,1,1,accelerate-accelerate,-0.132890984416008,0.004472844302654266,-0.05583314597606659,1,0.004472844302654266,-0.05583314597606659,0.060305990278720856,0.13736382871866226,"[true, true, true]",False,False,False,67001,0,0843ed3f032eeea0612c508f007d708852bd5b1fffa62c033181097389bc1972,validation_004,0,3,1533910378,6,,
1,0.2,B,ramp,True,False,28.039999999999996,20.400000000000006,1,accelerate,2.0,2.0000000000000284,36.839999999999996,18.400000000000006,1,1,accelerate-accelerate,0.02588190883398056,0.1020968109369278,-0.052523571997880936,1,0.1020968109369278,0.02588190883398056,0.07621490210294724,0.15462038293480873,"[true, true, true]",False,False,False,67001,0,0843ed3f032eeea0612c508f007d708852bd5b1fffa62c033181097389bc1972,validation_004,0,3,1533910378,6,,
2,0.4,A,mainline,True,False,40.559999999999995,18.80000000000001,1,accelerate,2.0,2.0000000000000284,32.16,20.80000000000001,1,1,accelerate-accelerate,-0.13120150566101074,0.003892362117767334,-0.054079651832580566,1,0.003892362117767334,-0.054079651832580566,0.0579720139503479,0.13509386777877808,"[true, true, true]",False,False,False,67001,0,0843ed3f032eeea0612c508f007d708852bd5b1fffa62c033181097389bc1972,validation_004,0,3,1533910378,6,,
2,0.4,B,ramp,True,False,32.16,20.80000000000001,1,accelerate,2.0,2.0000000000000284,40.559999999999995,18.80000000000001,1,1,accelerate-accelerate,0.027493052184581757,0.10360924154520035,-0.04935770481824875,1,0.10360924154520035,0.027493052184581757,0.07611618936061859,0.1529669463634491,"[true, true, true]",False,False,False,67001,0,0843ed3f032eeea0612c508f007d708852bd5b1fffa62c033181097389bc1972,validation_004,0,3,1533910378,6,,
3,0.6000000000000001,A,mainline,True,False,44.36,19.200000000000017,1,accelerate,2.0,2.0000000000000284,36.36,21.200000000000017,1,1,accelerate-accelerate,-0.1301446259021759,0.003445100039243698,-0.052022963762283325,1,0.003445100039243698,-0.052022963762283325,0.05546806380152702,0.1335897259414196,"[true, true, true]",False,False,False,67001,0,0843ed3f032eeea0612c508f007d708852bd5b1fffa62c033181097389bc1972,validation_004,0,3,1533910378,6,,
3,0.6000000000000001,B,ramp,True,False,36.36,21.200000000000017,1,accelerate,2.0,2.0000000000000284,44.36,19.200000000000017,1,1,accelerate-accelerate,0.0289992056787014,0.10477770864963531,-0.04635734111070633,1,0.10477770864963531,0.0289992056787014,0.07577850297093391,0.15113504976034164,"[true, true, true]",False,False,False,67001,0,0843ed3f032eeea0612c508f007d708852bd5b1fffa62c033181097389bc1972,validation_004,0,3,1533910378,6,,
4,0.8,A,mainline,True,False,48.24,19.600000000000023,1,accelerate,2.0,2.0000000000000284,40.64,21.600000000000023,1,1,accelerate-accelerate,-0.12983721494674683,0.002645682543516159,-0.04962123930454254,1,0.002645682543516159,-0.04962123930454254,0.0522669218480587,0.13248289749026299,"[true, true, true]",False,False,False,67001,0,0843ed3f032eeea0612c508f007d708852bd5b1fffa62c033181097389bc1972,validation_004,0,3,1533910378,6,,
4,0.8,B,ramp,True,False,40.64,21.600000000000023,1,accelerate,2.0,2.0000000000000284,48.24,19.600000000000023,1,1,accelerate-accelerate,0.03024575673043728,0.10591117292642593,-0.043371815234422684,1,0.10591117292642593,0.03024575673043728,0.07566541619598866,0.14928298816084862,"[true, true, true]",False,False,False,67001,0,0843ed3f032eeea0612c508f007d708852bd5b1fffa62c033181097389bc1972,validation_004,0,3,1533910378,6,,
5,1.0,A,mainline,True,False,52.20000000000001,20.00000000000003,1,accelerate,2.0,2.0000000000000284,45.00000000000001,22.00000000000003,1,1,accelerate-accelerate,-0.12981943786144257,0.001649077981710434,-0.04746662825345993,1,0.001649077981710434,-0.04746662825345993,0.049115706235170364,0.131468515843153,"[true, true, true]",False,False,False,67001,0,0843ed3f032eeea0612c508f007d708852bd5b1fffa62c033181097389bc1972,validation_004,0,3,1533910378,6,,
5,1.0,B,ramp,True,False,45.00000000000001,22.00000000000003,1,accelerate,2.0,2.0000000000000284,52.20000000000001,20.00000000000003,1,1,accelerate-accelerate,0.030962394550442696,0.10698014497756958,-0.04075932875275612,1,0.10698014497756958,0.030962394550442696,0.07601775042712688,0.1477394737303257,"[true, true, true]",False,False,False,67001,0,0843ed3f032eeea0612c508f007d708852bd5b1fffa62c033181097389bc1972,validation_004,0,3,1533910378,6,,
6,1.2000000000000002,A,mainline,True,False,56.240000000000016,20.400000000000034,1,accelerate,2.0,2.0000000000000284,49.44000000000001,22.400000000000034,1,1,accelerate-accelerate,-0.13078966736793518,0.0009214840829372406,-0.045486003160476685,1,0.0009214840829372406,-0.045486003160476685,0.046407487243413925,0.13171115145087242,"[true, true, true]",False,False,False,67001,0,0843ed3f032eeea0612c508f007d708852bd5b1fffa62c033181097389bc1972,validation_004,0,3,1533910378,6,,
6,1.2000000000000002,B,ramp,True,False,49.44000000000001,22.400000000000034,1,accelerate,2.0,2.0000000000000284,56.240000000000016,20.400000000000034,1,1,accelerate-accelerate,0.03131195530295372,0.10834819078445435,-0.03830953314900398,1,0.10834819078445435,0.03131195530295372,0.07703623548150063,0.14665772393345833,"[true, true, true]",False,False,False,67001,0,0843ed3f032eeea0612c508f007d708852bd5b1fffa62c033181097389bc1972,validation_004,0,3,1533910378,6,,
7,1.4000000000000001,A,mainline,True,False,60.36000000000002,20.80000000000004,1,accelerate,2.0,2.0000000000000284,53.96000000000002,22.80000000000004,1,1,accelerate-accelerate,-0.13137449324131012,-0.00022080913186073303,-0.04361520707607269,1,-0.00022080913186073303,-0.04361520707607269,0.04339439794421196,0.1311536841094494,"[true, true, true]",False,False,False,67001,0,0843ed3f032eeea0612c508f007d708852bd5b1fffa62c033181097389bc1972,validation_004,0,3,1533910378,6,,
7,1.4000000000000001,B,ramp,True,False,53.96000000000002,22.80000000000004,1,accelerate,2.0,2.0000000000000284,60.36000000000002,20.80000000000004,1,1,accelerate-accelerate,0.03203698620200157,0.10960941761732101,-0.03629860281944275,1,0.10960941761732101,0.03203698620200157,0.07757243141531944,0.14590802043676376,"[true, true, true]",False,False,False,67001,0,0843ed3f032eeea0612c508f007d708852bd5b1fffa62c033181097389bc1972,validation_004,0,3,1533910378,6,,
8,1.6,A,mainline,True,False,64.56000000000003,21.200000000000045,1,accelerate,2.0,2.0000000000000284,58.56000000000003,23.200000000000045,1,1,accelerate-accelerate,-0.1302361786365509,-0.0013865604996681213,-0.041072651743888855,1,-0.0013865604996681213,-0.041072651743888855,0.039686091244220734,0.12884961813688278,"[true, true, true]",False,False,False,67001,0,0843ed3f032eeea0612c508f007d708852bd5b1fffa62c033181097389bc1972,validation_004,0,3,1533910378,6,,
8,1.6,B,ramp,True,False,58.56000000000003,23.200000000000045,1,accelerate,2.0,2.0000000000000284,64.56000000000003,21.200000000000045,1,1,accelerate-accelerate,0.033855415880680084,0.11001155525445938,-0.03448013588786125,1,0.11001155525445938,0.033855415880680084,0.0761561393737793,0.14449169114232063,"[true, true, true]",False,False,False,67001,0,0843ed3f032eeea0612c508f007d708852bd5b1fffa62c033181097389bc1972,validation_004,0,3,1533910378,6,,
9,1.8,A,mainline,True,False,68.84000000000003,21.60000000000005,1,accelerate,2.0,2.0000000000000284,63.24000000000004,23.60000000000005,1,1,accelerate-accelerate,-0.12988224625587463,-0.0021221227943897247,-0.038230039179325104,1,-0.0021221227943897247,-0.038230039179325104,0.03610791638493538,0.1277601234614849,"[true, true, true]",False,False,False,67001,0,0843ed3f032eeea0612c508f007d708852bd5b1fffa62c033181097389bc1972,validation_004,0,3,1533910378,6,,
9,1.8,B,ramp,True,False,63.24000000000004,23.60000000000005,1,accelerate,2.0,2.0000000000000284,68.84000000000003,21.60000000000005,1,1,accelerate-accelerate,0.03551319241523743,0.1113685667514801,-0.032831668853759766,1,0.1113685667514801,0.03551319241523743,0.07585537433624268,0.14420023560523987,"[true, true, true]",False,False,False,67001,0,0843ed3f032eeea0612c508f007d708852bd5b1fffa62c033181097389bc1972,validation_004,0,3,1533910378,6,,
10,2.0,A,mainline,True,False,73.20000000000003,22.000000000000057,1,accelerate,2.0,2.0000000000000284,68.00000000000006,24.000000000000057,1,1,accelerate-accelerate,-0.12979038059711456,-0.002526484429836273,-0.03469797223806381,1,-0.002526484429836273,-0.03469797223806381,0.03217148780822754,0.1272638961672783,"[true, true, true]",False,False,False,67001,0,0843ed3f032eeea0612c508f007d708852bd5b1fffa62c033181097389bc1972,validation_004,0,3,1533910378,6,,
10,2.0,B,ramp,True,False,68.00000000000006,24.000000000000057,1,accelerate,2.0,2.0000000000000284,73.20000000000003,22.000000000000057,1,1,accelerate-accelerate,0.037013325840234756,0.11308364570140839,-0.031322311609983444,1,0.11308364570140839,0.037013325840234756,0.07607031986117363,0.14440595731139183,"[true, true, true]",False,False,False,67001,0,0843ed3f032eeea0612c508f007d708852bd5b1fffa62c033181097389bc1972,validation_004,0,3,1533910378,6,,
11,2.2,A,mainline,True,False,77.64000000000004,22.400000000000063,1,accelerate,2.0,2.0000000000000284,72.84000000000006,24.400000000000063,1,1,accelerate-accelerate,-0.1296483725309372,-0.003048516809940338,-0.030937958508729935,1,-0.003048516809940338,-0.030937958508729935,0.027889441698789597,0.12659985572099686,"[true, true, true]",False,False,False,67001,0,0843ed3f032eeea0612c508f007d708852bd5b1fffa62c033181097389bc1972,validation_004,0,3,1533910378,6,,
11,2.2,B,ramp,True,False,72.84000000000006,24.400000000000063,1,accelerate,2.0,2.0000000000000284,77.64000000000004,22.400000000000063,1,1,accelerate-accelerate,0.03824230283498764,0.11416253447532654,-0.029923738911747932,1,0.11416253447532654,0.03824230283498764,0.0759202316403389,0.14408627338707447,"[true, true, true]",False,False,False,67001,0,0843ed3f032eeea0612c508f007d708852bd5b1fffa62c033181097389bc1972,validation_004,0,3,1533910378,6,,
12,2.4000000000000004,A,mainline,True,False,82.16000000000005,22.800000000000068,1,accelerate,2.0,2.0000000000000284,77.76000000000006,24.800000000000068,1,1,accelerate-accelerate,-0.1298287808895111,-0.005150705575942993,-0.02817900851368904,1,-0.005150705575942993,-0.02817900851368904,0.023028302937746048,0.12467807531356812,"[true, true, true]",False,False,False,67001,0,0843ed3f032eeea0612c508f007d708852bd5b1fffa62c033181097389bc1972,validation_004,0,3,1533910378,6,,
12,2.4000000000000004,B,ramp,True,False,77.76000000000006,24.800000000000068,1,accelerate,2.0,2.0000000000000284,82.16000000000005,22.800000000000068,1,1,accelerate-accelerate,0.039030302315950394,0.11419066786766052,-0.02867630496621132,1,0.11419066786766052,0.039030302315950394,0.07516036555171013,0.14286697283387184,"[true, true, true]",False,False,False,67001,0,0843ed3f032eeea0612c508f007d708852bd5b1fffa62c033181097389bc1972,validation_004,0,3,1533910378,6,,
13,2.6,A,mainline,True,False,86.76000000000006,23.200000000000074,1,accelerate,2.0,2.0000000000000284,82.76000000000008,25.200000000000074,1,1,accelerate-accelerate,-0.12994037568569183,-0.007613293826580048,-0.02582959085702896,1,-0.007613293826580048,-0.02582959085702896,0.018216297030448914,0.12232708185911179,"[true, true, true]",False,False,False,67001,0,0843ed3f032eeea0612c508f007d708852bd5b1fffa62c033181097389bc1972,validation_004,0,3,1533910378,6,,
13,2.6,B,ramp,True,False,82.76000000000008,25.200000000000074,1,accelerate,2.0,2.0000000000000284,86.76000000000006,23.200000000000074,1,1,accelerate-accelerate,0.03982923924922943,0.11422207951545715,-0.027419572696089745,1,0.11422207951545715,0.03982923924922943,0.07439284026622772,0.1416416522115469,"[true, true, true]",False,False,False,67001,0,0843ed3f032eeea0612c508f007d708852bd5b1fffa62c033181097389bc1972,validation_004,0,3,1533910378,6,,
14,2.8000000000000003,A,mainline,True,False,91.44000000000008,23.60000000000008,1,accelerate,2.0,2.0000000000000284,87.84000000000009,25.60000000000008,1,1,accelerate-accelerate,-0.1300831437110901,-0.010101348161697388,-0.023520976305007935,1,-0.010101348161697388,-0.023520976305007935,0.013419628143310547,0.1199817955493927,"[true, true, true]",False,False,False,67001,0,0843ed3f032eeea0612c508f007d708852bd5b1fffa62c033181097389bc1972,validation_004,0,3,1533910378,6,,
14,2.8000000000000003,B,ramp,True,False,87.84000000000009,25.60000000000008,1,accelerate,2.0,2.0000000000000284,91.44000000000008,23.60000000000008,1,1,accelerate-accelerate,0.04065634310245514,0.11425910145044327,-0.026167774572968483,1,0.11425910145044327,0.04065634310245514,0.07360275834798813,0.14042687602341175,"[true, true, true]",False,False,False,67001,0,0843ed3f032eeea0612c508f007d708852bd5b1fffa62c033181097389bc1972,validation_004,0,3,1533910378,6,,
15,3.0,A,mainline,True,False,96.2000000000001,24.000000000000085,1,accelerate,2.0,2.0000000000000284,93.0000000000001,26.000000000000085,1,1,accelerate-accelerate,-0.12968102097511292,-0.012232556939125061,-0.021672561764717102,1,-0.012232556939125061,-0.021672561764717102,0.009440004825592041,0.11744846403598785,"[true, true, true]",False,False,False,67001,0,0843ed3f032eeea0612c508f007d708852bd5b1fffa62c033181097389bc1972,validation_004,0,3,1533910378,6,,
15,3.0,B,ramp,True,False,93.0000000000001,26.000000000000085,1,accelerate,2.0,2.0000000000000284,96.2000000000001,24.000000000000085,1,1,accelerate-accelerate,0.04157448932528496,0.11426275968551636,-0.024989932775497437,1,0.11426275968551636,0.04157448932528496,0.0726882703602314,0.1392526924610138,"[true, true, true]",False,False,False,67001,0,0843ed3f032eeea0612c508f007d708852bd5b1fffa62c033181097389bc1972,validation_004,0,3,1533910378,6,,
16,3.2,A,mainline,True,False,101.04000000000012,24.40000000000009,1,accelerate,2.0,2.0000000000000284,98.24000000000012,26.40000000000009,1,1,accelerate-accelerate,-0.12961214780807495,-0.013144820928573608,-0.018988538533449173,1,-0.013144820928573608,-0.018988538533449173,0.005843717604875565,0.11646732687950134,"[true, true, true]",False,False,False,67001,0,0843ed3f032eeea0612c508f007d708852bd5b1fffa62c033181097389bc1972,validation_004,0,3,1533910378,6,,
16,3.2,B,ramp,True,False,98.24000000000012,26.40000000000009,1,accelerate,2.0,2.0000000000000284,101.04000000000012,24.40000000000009,1,1,accelerate-accelerate,0.04323725029826164,0.11357109248638153,-0.024698298424482346,1,0.11357109248638153,0.04323725029826164,0.07033384218811989,0.13826939091086388,"[true, true, true]",False,False,False,67001,0,0843ed3f032eeea0612c508f007d708852bd5b1fffa62c033181097389bc1972,validation_004,0,3,1533910378,6,,
17,3.4000000000000004,A,mainline,True,False,105.96000000000015,24.800000000000097,1,accelerate,2.0,2.0000000000000284,103.56000000000014,26.800000000000097,1,1,accelerate-accelerate,-0.13123254477977753,-0.014051128178834915,-0.016588926315307617,1,-0.014051128178834915,-0.016588926315307617,0.002537798136472702,0.11718141660094261,"[true, true, true]",True,True,False,67001,0,0843ed3f032eeea0612c508f007d708852bd5b1fffa62c033181097389bc1972,validation_004,0,3,1533910378,6,-2.9137824657145615,0.0
17,3.4000000000000004,B,ramp,True,False,103.56000000000014,26.800000000000097,1,accelerate,2.0,2.0000000000000284,105.96000000000015,24.800000000000097,1,1,accelerate-accelerate,0.0449598953127861,0.112883061170578,-0.02443641424179077,1,0.112883061170578,0.0449598953127861,0.0679231658577919,0.13731947541236877,"[true, true, true]",True,True,False,67001,0,0843ed3f032eeea0612c508f007d708852bd5b1fffa62c033181097389bc1972,validation_004,0,3,1533910378,6,-2.9137824657145615,0.0
0,0.0,A,ramp,True,False,23.999999999999993,20.0,1,accelerate,0.0,2.0000000000000284,33.199999999999996,18.0,1,1,accelerate-accelerate,-0.1756039708852768,-0.0033773891627788544,-0.020124834030866623,1,-0.0033773891627788544,-0.020124834030866623,0.01674744486808777,0.17222658172249794,"[true, true, true]",False,False,False,67001,0,0843ed3f032eeea0612c508f007d708852bd5b1fffa62c033181097389bc1972,validation_004,1,3,1533910378,7,,
0,0.0,B,mainline,True,False,33.199999999999996,18.0,1,accelerate,0.0,2.0000000000000284,23.999999999999993,20.0,1,1,accelerate-accelerate,0.03165154904127121,0.14235927164554596,0.018410183489322662,1,0.14235927164554596,0.03165154904127121,0.11070772260427475,0.1239490881562233,"[true, true, true]",False,False,False,67001,0,0843ed3f032eeea0612c508f007d708852bd5b1fffa62c033181097389bc1972,validation_004,1,3,1533910378,7,,
1,0.2,A,ramp,True,False,28.039999999999996,20.400000000000006,1,accelerate,2.0,2.0000000000000284,36.839999999999996,18.400000000000006,1,1,accelerate-accelerate,-0.17523996531963348,-0.005268111824989319,-0.020229537039995193,1,-0.005268111824989319,-0.020229537039995193,0.014961425215005875,0.16997185349464417,"[true, true, true]",False,False,False,67001,0,0843ed3f032eeea0612c508f007d708852bd5b1fffa62c033181097389bc1972,validation_004,1,3,1533910378,7,,
1,0.2,B,mainline,True,False,36.839999999999996,18.400000000000006,1,accelerate,2.0,2.0000000000000284,28.039999999999996,20.400000000000006,1,1,accelerate-accelerate,0.03323712944984436,0.1428079903125763,0.018511604517698288,1,0.1428079903125763,0.03323712944984436,0.10957086086273193,0.124296385794878,"[true, true, true]",False,False,False,67001,0,0843ed3f032eeea0612c508f007d708852bd5b1fffa62c033181097389bc1972,validation_004,1,3,1533910378,7,,
2,0.4,A,ramp,True,False,32.16,20.80000000000001,1,accelerate,2.0,2.0000000000000284,40.559999999999995,18.80000000000001,1,1,accelerate-accelerate,-0.1755479872226715,-0.007087957113981247,-0.019818566739559174,1,-0.007087957113981247,-0.019818566739559174,0.012730609625577927,0.16846003010869026,"[true, true, true]",False,False,False,67001,0,0843ed3f032eeea0612c508f007d708852bd5b1fffa62c033181097389bc1972,validation_004,1,3,1533910378,7,,
2,0.4,B,mainline,True,False,40.559999999999995,18.80000000000001,1,accelerate,2.0,2.0000000000000284,32.16,20.80000000000001,1,1,accelerate-accelerate,0.03516164422035217,0.14318518340587616,0.019983261823654175,1,0.14318518340587616,0.03516164422035217,0.10802353918552399,0.12320192158222198,"[true, true, true]",False,False,False,67001,0,0843ed3f032eeea0612c508f007d708852bd5b1fffa62c033181097389bc1972,validation_004,1,3,1533910378,7,,
3,0.6000000000000001,A,ramp,True,False,36.36,21.200000000000017,1,accelerate,2.0,2.0000000000000284,44.36,19.200000000000017,1,1,accelerate-accelerate,-0.1761627048254013,-0.008798841387033463,-0.019147276878356934,1,-0.008798841387033463,-0.019147276878356934,0.010348435491323471,0.16736386343836784,"[true, true, true]",False,False,False,67001,0,0843ed3f032eeea0612c508f007d708852bd5b1fffa62c033181097389bc1972,validation_004,1,3,1533910378,7,,
3,0.6000000000000001,B,mainline,True,False,44.36,19.200000000000017,1,accelerate,2.0,2.0000000000000284,36.36,21.200000000000017,1,1,accelerate-accelerate,0.03702105954289436,0.14350515604019165,0.021739691495895386,1,0.14350515604019165,0.03702105954289436,0.10648409649729729,0.12176546454429626,"[true, true, true]",False,False,False,67001,0,0843ed3f032eeea0612c508f007d708852bd5b1fffa62c033181097389bc1972,validation_004,1,3,1533910378,7,,
4,0.8,A,ramp,True,False,40.64,21.600000000000023,1,accelerate,2.0,2.0000000000000284,48.24,19.600000000000023,1,1,accelerate-accelerate,-0.17627497017383575,-0.010135293006896973,-0.018625017255544662,1,-0.010135293006896973,-0.018625017255544662,0.00848972424864769,0.16613967716693878,"[true, true, true]",False,False,False,67001,0,0843ed3f032eeea0612c508f007d708852bd5b1fffa62c033181097389bc1972,validation_004,1,3,1533910378,7,,
4,0.8,B,mainline,True,False,48.24,19.600000000000023,1,accelerate,2.0,2.0000000000000284,40.64,21.600000000000023,1,1,accelerate-accelerate,0.03884384036064148,0.14379288256168365,0.02370716631412506,1,0.14379288256168365,0.03884384036064148,0.10494904220104218,0.1200857162475586,"[true, true, true]",False,False,False,67001,0,0843ed3f032eeea0612c508f007d708852bd5b1fffa62c033181097389bc1972,validation_004,1,3,1533910378,7,,
5,1.0,A,ramp,True,False,45.00000000000001,22.00000000000003,1,accelerate,2.0,2.0000000000000284,52.20000000000001,20.00000000000003,1,1,accelerate-accelerate,-0.1765054613351822,-0.01141146570444107,-0.018101613968610764,1,-0.01141146570444107,-0.018101613968610764,0.006690148264169693,0.16509399563074112,"[true, true, true]",False,False,False,67001,0,0843ed3f032eeea0612c508f007d708852bd5b1fffa62c033181097389bc1972,validation_004,1,3,1533910378,7,,
5,1.0,B,mainline,True,False,52.20000000000001,20.00000000000003,1,accelerate,2.0,2.0000000000000284,45.00000000000001,22.00000000000003,1,1,accelerate-accelerate,0.040648870170116425,0.14406432211399078,0.025837503373622894,1,0.14406432211399078,0.040648870170116425,0.10341545194387436,0.11822681874036789,"[true, true, true]",False,False,False,67001,0,0843ed3f032eeea0612c508f007d708852bd5b1fffa62c033181097389bc1972,validation_004,1,3,1533910378,7,,
6,1.2000000000000002,A,ramp,True,False,49.44000000000001,22.400000000000034,1,accelerate,2.0,2.0000000000000284,56.240000000000016,20.400000000000034,1,1,accelerate-accelerate,-0.17682908475399017,-0.012649007141590118,-0.01757664605975151,1,-0.012649007141590118,-0.01757664605975151,0.004927638918161392,0.16418007761240005,"[true, true, true]",False,False,False,67001,0,0843ed3f032eeea0612c508f007d708852bd5b1fffa62c033181097389bc1972,validation_004,1,3,1533910378,7,,
6,1.2000000000000002,B,mainline,True,False,56.240000000000016,20.400000000000034,1,accelerate,2.0,2.0000000000000284,49.44000000000001,22.400000000000034,1,1,accelerate-accelerate,0.04244942218065262,0.14433033764362335,0.02809731662273407,1,0.14433033764362335,0.04244942218065262,0.10188091546297073,0.11623302102088928,"[true, true, true]",False,False,False,67001,0,0843ed3f032eeea0612c508f007d708852bd5b1fffa62c033181097389bc1972,validation_004,1,3,1533910378,7,,
7,1.4000000000000001,A,ramp,True,False,53.96000000000002,22.80000000000004,1,accelerate,2.0,2.0000000000000284,60.36000000000002,20.80000000000004,1,1,accelerate-accelerate,-0.17720670998096466,-0.013774525374174118,-0.016905203461647034,1,-0.013774525374174118,-0.016905203461647034,0.0031306780874729156,0.16343218460679054,"[true, true, true]",False,False,False,67001,0,0843ed3f032eeea0612c508f007d708852bd5b1fffa62c033181097389bc1972,validation_004,1,3,1533910378,7,,
7,1.4000000000000001,B,mainline,True,False,60.36000000000002,20.80000000000004,1,accelerate,2.0,2.0000000000000284,53.96000000000002,22.80000000000004,1,1,accelerate-accelerate,0.04408429190516472,0.14480170607566833,0.03032141923904419,1,0.14480170607566833,0.04408429190516472,0.10071741417050362,0.11448028683662415,"[true, true, true]",False,False,False,67001,0,0843ed3f032eeea0612c508f007d708852bd5b1fffa62c033181097389bc1972,validation_004,1,3,1533910378,7,,
8,1.6,A,ramp,True,False,58.56000000000003,23.200000000000045,1,accelerate,2.0,2.0000000000000284,64.56000000000003,21.200000000000045,1,1,accelerate-accelerate,-0.17818382382392883,-0.015263024717569351,-0.01569170504808426,1,-0.015263024717569351,-0.01569170504808426,0.00042868033051490784,0.16292079910635948,"[true, true, true]",False,False,False,67001,0,0843ed3f032eeea0612c508f007d708852bd5b1fffa62c033181097389bc1972,validation_004,1,3,1533910378,7,,
8,1.6,B,mainline,True,False,64.56000000000003,21.200000000000045,1,accelerate,2.0,2.0000000000000284,58.56000000000003,23.200000000000045,1,1,accelerate-accelerate,0.044870525598526,0.14644332230091095,0.032957494258880615,1,0.14644332230091095,0.044870525598526,0.10157279670238495,0.11348582804203033,"[true, true, true]",False,False,False,67001,0,0843ed3f032eeea0612c508f007d708852bd5b1fffa62c033181097389bc1972,validation_004,1,3,1533910378,7,,
9,1.8,A,ramp,True,False,63.24000000000004,23.60000000000005,2,decelerate,2.0,-2.9999999999999716,68.84000000000003,21.60000000000005,2,1,decelerate-accelerate,-0.17837810516357422,-0.01606205850839615,-0.013816405087709427,2,-0.013816405087709427,-0.01606205850839615,0.002245653420686722,0.1645617000758648,"[true, true, true]",False,False,False,67001,0,0843ed3f032eeea0612c508f007d708852bd5b1fffa62c033181097389bc1972,validation_004,1,3,1533910378,7,,
9,1.8,B,mainline,True,False,68.84000000000003,21.60000000000005,1,accelerate,2.0,2.0000000000000284,63.24000000000004,23.60000000000005,2,1,decelerate-accelerate,0.04542509466409683,0.1473766565322876,0.03564408794045448,1,0.1473766565322876,0.04542509466409683,0.10195156186819077,0.11173256859183311,"[true, true, true]",False,False,False,67001,0,0843ed3f032eeea0612c508f007d708852bd5b1fffa62c033181097389bc1972,validation_004,1,3,1533910378,7,,
10,2.0,A,ramp,True,False,67.90000000000005,23.000000000000057,2,decelerate,-3.0,-2.9999999999999716,73.20000000000003,22.000000000000057,2,1,decelerate-accelerate,-0.1784626841545105,-0.0150955431163311,-0.011858996003866196,2,-0.011858996003866196,-0.0150955431163311,0.003236547112464905,0.1666036881506443,"[true, true, true]",False,False,False,67001,0,0843ed3f032eeea0612c508f007d708852bd5b1fffa62c033181097389bc1972,validation_004,1,3,1533910378,7,,
10,2.0,B,mainline,True,False,73.20000000000003,22.000000000000057,1,accelerate,2.0,2.0000000000000284,67.90000000000005,23.000000000000057,2,1,decelerate-accelerate,0.04719498008489609,0.1483508050441742,0.039261072874069214,1,0.1483508050441742,0.04719498008489609,0.1011558249592781,0.10908973217010498,"[true, true, true]",False,False,False,67001,0,0843ed3f032eeea0612c508f007d708852bd5b1fffa62c033181097389bc1972,validation_004,1,3,1533910378,7,,
11,2.2,A,ramp,True,False,72.44000000000007,22.400000000000063,2,decelerate,-3.0,-2.9999999999999716,77.64000000000004,22.400000000000063,2,1,decelerate-accelerate,-0.1783086210489273,-0.01430153101682663,-0.009739179164171219,2,-0.009739179164171219,-0.01430153101682663,0.004562351852655411,0.1685694418847561,"[true, true, true]",False,False,False,67001,0,0843ed3f032eeea0612c508f007d708852bd5b1fffa62c033181097389bc1972,validation_004,1,3,1533910378,7,,
11,2.2,B,mainline,True,False,77.64000000000004,22.400000000000063,1,accelerate,2.0,2.0000000000000284,72.44000000000007,22.400000000000063,2,1,decelerate-accelerate,0.048990629613399506,0.14941689372062683,0.04281216114759445,1,0.14941689372062683,0.048990629613399506,0.10042626410722733,0.10660473257303238,"[true, true, true]",False,False,False,67001,0,0843ed3f032eeea0612c508f007d708852bd5b1fffa62c033181097389bc1972,validation_004,1,3,1533910378,7,,
12,2.4000000000000004,A,ramp,True,False,76.86000000000008,21.800000000000068,2,decelerate,-3.0,-2.9999999999999716,82.16000000000005,22.800000000000068,2,1,decelerate-accelerate,-0.17861318588256836,-0.012808598577976227,-0.007350267842411995,2,-0.007350267842411995,-0.012808598577976227,0.005458330735564232,0.17126291804015636,"[true, true, true]",False,False,False,67001,0,0843ed3f032eeea0612c508f007d708852bd5b1fffa62c033181097389bc1972,validation_004,1,3,1533910378,7,,
12,2.4000000000000004,B,mainline,True,False,82.16000000000005,22.800000000000068,1,accelerate,2.0,2.0000000000000284,76.86000000000008,21.800000000000068,2,1,decelerate-accelerate,0.05126859247684479,0.1505470871925354,0.04585621505975723,1,0.1505470871925354,0.05126859247684479,0.09927849471569061,0.10469087213277817,"[true, true, true]",False,False,False,67001,0,0843ed3f032eeea0612c508f007d708852bd5b1fffa62c033181097389bc1972,validation_004,1,3,1533910378,7,,
13,2.6,A,ramp,True,False,81.1600000000001,21.200000000000074,2,decelerate,-3.0,-2.9999999999999716,86.76000000000006,23.200000000000074,2,1,decelerate-accelerate,-0.17810142040252686,-0.010860752314329147,-0.005356065928936005,2,-0.005356065928936005,-0.010860752314329147,0.005504686385393143,0.17274535447359085,"[true, true, true]",False,False,False,67001,0,0843ed3f032eeea0612c508f007d708852bd5b1fffa62c033181097389bc1972,validation_004,1,3,1533910378,7,,
13,2.6,B,mainline,True,False,86.76000000000006,23.200000000000074,1,accelerate,2.0,2.0000000000000284,81.1600000000001,21.200000000000074,2,1,decelerate-accelerate,0.05481632798910141,0.15142491459846497,0.04852721840143204,1,0.15142491459846497,0.05481632798910141,0.09660858660936356,0.10289769619703293,"[true, true, true]",False,False,False,67001,0,0843ed3f032eeea0612c508f007d708852bd5b1fffa62c033181097389bc1972,validation_004,1,3,1533910378,7,,
14,2.8000000000000003,A,ramp,True,False,85.3400000000001,20.60000000000008,2,decelerate,-3.0,-2.9999999999999716,91.44000000000008,23.60000000000008,2,1,decelerate-accelerate,-0.1776094287633896,-0.008912548422813416,-0.0034374110400676727,2,-0.0034374110400676727,-0.008912548422813416,0.005475137382745743,0.17417201772332191,"[true, true, true]",False,False,False,67001,0,0843ed3f032eeea0612c508f007d708852bd5b1fffa62c033181097389bc1972,validation_004,1,3,1533910378,7,,
14,2.8000000000000003,B,mainline,True,False,91.44000000000008,23.60000000000008,1,accelerate,2.0,2.0000000000000284,85.3400000000001,20.60000000000008,2,1,decelerate-accelerate,0.05847858265042305,0.1523400843143463,0.05119398236274719,1,0.1523400843143463,0.05847858265042305,0.09386150166392326,0.10114610195159912,"[true, true, true]",False,False,False,67001,0,0843ed3f032eeea0612c508f007d708852bd5b1fffa62c033181097389bc1972,validation_004,1,3,1533910378,7,,
15,3.0,A,ramp,True,False,89.40000000000012,20.000000000000085,2,decelerate,-3.0,-2.9999999999999716,96.2000000000001,24.000000000000085,2,1,decelerate-accelerate,-0.1772492229938507,-0.006980590522289276,-0.0016096308827400208,2,-0.0016096308827400208,-0.006980590522289276,0.005370959639549255,0.1756395921111107,"[true, true, true]",False,False,False,67001,0,0843ed3f032eeea0612c508f007d708852bd5b1fffa62c033181097389bc1972,validation_004,1,3,1533910378,7,,
15,3.0,B,mainline,True,False,96.2000000000001,24.000000000000085,1,accelerate,2.0,2.0000000000000284,89.40000000000012,20.000000000000085,2,1,decelerate-accelerate,0.062131285667419434,0.15334880352020264,0.05385075509548187,1,0.15334880352020264,0.062131285667419434,0.0912175178527832,0.09949804842472076,"[true, true, true]",False,False,False,67001,0,0843ed3f032eeea0612c508f007d708852bd5b1fffa62c033181097389bc1972,validation_004,1,3,1533910378,7,,
16,3.2,A,ramp,True,False,93.34000000000015,19.40000000000009,2,decelerate,-3.0,-2.9999999999999716,101.04000000000012,24.40000000000009,2,1,decelerate-accelerate,-0.17693603038787842,-0.0048516541719436646,-0.0004974864423274994,2,-0.0004974864423274994,-0.0048516541719436646,0.004354167729616165,0.17643854394555092,"[true, true, true]",False,False,False,67001,0,0843ed3f032eeea0612c508f007d708852bd5b1fffa62c033181097389bc1972,validation_004,1,3,1533910378,7,,
16,3.2,B,mainline,True,False,101.04000000000012,24.40000000000009,1,accelerate,2.0,2.0000000000000284,93.34000000000015,19.40000000000009,2,1,decelerate-accelerate,0.06646682322025299,0.1550428718328476,0.05615946650505066,1,0.1550428718328476,0.06646682322025299,0.0885760486125946,0.09888340532779694,"[true, true, true]",False,False,False,67001,0,0843ed3f032eeea0612c508f007d708852bd5b1fffa62c033181097389bc1972,validation_004,1,3,1533910378,7,,
17,3.4000000000000004,A,ramp,True,False,97.16000000000017,18.800000000000097,2,decelerate,-3.0,-2.9999999999999716,105.96000000000015,24.800000000000097,2,1,decelerate-accelerate,-0.17554858326911926,-0.0029846951365470886,0.0001341104507446289,2,0.0001341104507446289,-0.0029846951365470886,0.0031188055872917175,0.1756826937198639,"[true, true, true]",False,False,False,67001,0,0843ed3f032eeea0612c508f007d708852bd5b1fffa62c033181097389bc1972,validation_004,1,3,1533910378,7,,
17,3.4000000000000004,B,mainline,True,False,105.96000000000015,24.800000000000097,1,accelerate,2.0,2.0000000000000284,97.16000000000017,18.800000000000097,2,1,decelerate-accelerate,0.07138338685035706,0.1569765955209732,0.05802081525325775,1,0.1569765955209732,0.07138338685035706,0.08559320867061615,0.09895578026771545,"[true, true, true]",False,False,False,67001,0,0843ed3f032eeea0612c508f007d708852bd5b1fffa62c033181097389bc1972,validation_004,1,3,1533910378,7,,
18,3.6,A,ramp,True,False,100.86000000000018,18.200000000000102,2,decelerate,-3.0,-2.9999999999999716,110.96000000000018,25.200000000000102,2,1,decelerate-accelerate,-0.17402803897857666,-0.001105029135942459,0.0007376279681921005,2,0.0007376279681921005,-0.001105029135942459,0.0018426571041345596,0.17476566694676876,"[true, true, true]",False,False,False,67001,0,0843ed3f032eeea0612c508f007d708852bd5b1fffa62c033181097389bc1972,validation_004,1,3,1533910378,7,,
18,3.6,B,mainline,True,False,110.96000000000018,25.200000000000102,1,accelerate,2.0,2.0000000000000284,100.86000000000018,18.200000000000102,2,1,decelerate-accelerate,0.07667100429534912,0.158725768327713,0.059588320553302765,1,0.158725768327713,0.07667100429534912,0.08205476403236389,0.09913744777441025,"[true, true, true]",False,False,False,67001,0,0843ed3f032eeea0612c508f007d708852bd5b1fffa62c033181097389bc1972,validation_004,1,3,1533910378,7,,
19,3.8000000000000003,A,ramp,True,False,104.4400000000002,17.600000000000108,1,accelerate,-3.0,2.0000000000000284,116.04000000000019,25.600000000000108,1,1,accelerate-accelerate,-0.17284154891967773,0.0012800469994544983,0.0011119246482849121,1,0.0012800469994544983,0.0011119246482849121,0.00016812235116958618,0.17412159591913223,"[true, true, true]",False,False,False,67001,0,0843ed3f032eeea0612c508f007d708852bd5b1fffa62c033181097389bc1972,validation_004,1,3,1533910378,7,8.278889988693123,
19,3.8000000000000003,B,mainline,True,False,116.04000000000019,25.600000000000108,1,accelerate,2.0,2.0000000000000284,104.4400000000002,17.600000000000108,1,1,accelerate-accelerate,0.0825248509645462,0.16014477610588074,0.06119392067193985,1,0.16014477610588074,0.0825248509645462,0.07761992514133453,0.09895085543394089,"[true, true, true]",False,False,False,67001,0,0843ed3f032eeea0612c508f007d708852bd5b1fffa62c033181097389bc1972,validation_004,1,3,1533910378,7,8.278889988693123,
20,4.0,A,ramp,True,False,108.00000000000023,18.000000000000114,2,decelerate,2.0,-2.9999999999999716,121.2000000000002,26.000000000000114,2,1,decelerate-accelerate,-0.13078159093856812,-0.004489794373512268,0.008459176868200302,2,0.008459176868200302,-0.004489794373512268,0.01294897124171257,0.13924076780676842,"[true, true, true]",False,False,False,67001,0,0843ed3f032eeea0612c508f007d708852bd5b1fffa62c033181097389bc1972,validation_004,1,3,1533910378,7,10.006090822449153,
20,4.0,B,mainline,True,False,121.2000000000002,26.000000000000114,1,accelerate,2.0,2.0000000000000284,108.00000000000023,18.000000000000114,2,1,decelerate-accelerate,0.09279382973909378,0.15150952339172363,0.05656890571117401,1,0.15150952339172363,0.09279382973909378,0.05871569365262985,0.09494061768054962,"[true, true, true]",False,False,False,67001,0,0843ed3f032eeea0612c508f007d708852bd5b1fffa62c033181097389bc1972,validation_004,1,3,1533910378,7,10.006090822449153,
21,4.2,A,ramp,True,False,111.54000000000025,17.40000000000012,2,decelerate,-3.0,-2.9999999999999716,126.44000000000023,26.40000000000012,2,1,decelerate-accelerate,-0.12811782956123352,-0.0022703781723976135,0.008613379672169685,2,0.008613379672169685,-0.0022703781723976135,0.010883757844567299,0.1367312092334032,"[true, true, true]",False,False,False,67001,0,0843ed3f032eeea0612c508f007d708852bd5b1fffa62c033181097389bc1972,validation_004,1,3,1533910378,7,11.931280205302343,
21,4.2,B,mainline,True,False,126.44000000000023,26.40000000000012,1,accelerate,2.0,2.0000000000000284,111.54000000000025,17.40000000000012,2,1,decelerate-accelerate,0.09860121458768845,0.15277841687202454,0.057448893785476685,1,0.15277841687202454,0.09860121458768845,0.05417720228433609,0.09532952308654785,"[true, true, true]",False,False,False,67001,0,0843ed3f032eeea0612c508f007d708852bd5b1fffa62c033181097389bc1972,validation_004,1,3,1533910378,7,11.931280205302343,
22,4.4,A,ramp,True,False,114.96000000000026,16.800000000000125,2,decelerate,-3.0,-2.9999999999999716,131.76000000000025,26.800000000000125,2,1,decelerate-accelerate,-0.12509559094905853,0.00036017969250679016,0.008636105805635452,2,0.008636105805635452,0.00036017969250679016,0.008275926113128662,0.13373169675469398,"[true, true, true]",False,False,False,67001,0,0843ed3f032eeea0612c508f007d708852bd5b1fffa62c033181097389bc1972,validation_004,1,3,1533910378,7,14.052325524851994,
22,4.4,B,mainline,True,False,131.76000000000025,26.800000000000125,1,accelerate,2.0,2.0000000000000284,114.96000000000026,16.800000000000125,2,1,decelerate-accelerate,0.10381564497947693,0.15331076085567474,0.05750070512294769,1,0.15331076085567474,0.10381564497947693,0.049495115876197815,0.09581005573272705,"[true, true, true]",False,False,False,67001,0,0843ed3f032eeea0612c508f007d708852bd5b1fffa62c033181097389bc1972,validation_004,1,3,1533910378,7,14.052325524851994,
23,4.6000000000000005,A,ramp,True,False,118.26000000000029,16.20000000000013,2,decelerate,-3.0,-3.000000000000007,137.16000000000028,27.20000000000013,2,1,decelerate-accelerate,-0.12191233038902283,0.0032910630106925964,0.0077106039971113205,2,0.0077106039971113205,0.0032910630106925964,0.004419540986418724,0.12962293438613415,"[true, true, true]",False,False,False,67001,0,0843ed3f032eeea0612c508f007d708852bd5b1fffa62c033181097389bc1972,validation_004,1,3,1533910378,7,16.36817503195843,
23,4.6000000000000005,B,mainline,True,False,137.16000000000028,27.20000000000013,1,accelerate,2.0,2.0000000000000284,118.26000000000029,16.20000000000013,2,1,decelerate-accelerate,0.10826905071735382,0.15281252562999725,0.05720271170139313,1,0.15281252562999725,0.10826905071735382,0.04454347491264343,0.09560981392860413,"[true, true, true]",False,False,False,67001,0,0843ed3f032eeea0612c508f007d708852bd5b1fffa62c033181097389bc1972,validation_004,1,3,1533910378,7,16.36817503195843,
24,4.800000000000001,A,ramp,True,False,121.44000000000032,15.600000000000131,2,decelerate,-3.0,-3.000000000000007,142.6400000000003,27.600000000000136,2,1,decelerate-accelerate,-0.11847615987062454,0.005892563611268997,0.006296530365943909,2,0.006296530365943909,0.005892563611268997,0.0004039667546749115,0.12477269023656845,"[true, true, true]",False,False,False,67001,0,0843ed3f032eeea0612c508f007d708852bd5b1fffa62c033181097389bc1972,validation_004,1,3,1533910378,7,18.878840095809096,
24,4.800000000000001,B,mainline,True,False,142.6400000000003,27.600000000000136,1,accelerate,2.0,2.0000000000000284,121.44000000000032,15.600000000000131,2,1,decelerate-accelerate,0.11322858184576035,0.15211714804172516,0.0561818927526474,1,0.15211714804172516,0.11322858184576035,0.03888856619596481,0.09593525528907776,"[true, true, true]",False,False,False,67001,0,0843ed3f032eeea0612c508f007d708852bd5b1fffa62c033181097389bc1972,validation_004,1,3,1533910378,7,18.878840095809096,
25,5.0,A,ramp,True,False,124.50000000000036,15.00000000000013,1,accelerate,-3.0,1.999999999999993,148.20000000000033,28.000000000000142,1,1,accelerate-accelerate,-0.11473863571882248,0.00823390856385231,0.004610318690538406,1,0.00823390856385231,0.004610318690538406,0.003623589873313904,0.12297254428267479,"[true, true, true]",False,False,False,67001,0,0843ed3f032eeea0612c508f007d708852bd5b1fffa62c033181097389bc1972,validation_004,1,3,1533910378,7,21.48528757243021,
25,5.0,B,mainline,True,False,148.20000000000033,28.000000000000142,1,accelerate,2.0,2.0000000000000284,124.50000000000036,15.00000000000013,1,1,accelerate-accelerate,0.11857442557811737,0.15168684720993042,0.054842717945575714,1,0.15168684720993042,0.11857442557811737,0.03311242163181305,0.0968441292643547,"[true, true, true]",False,False,False,67001,0,0843ed3f032eeea0612c508f007d708852bd5b1fffa62c033181097389bc1972,validation_004,1,3,1533910378,7,21.48528757243021,
26,5.2,A,ramp,True,False,127.54000000000039,15.400000000000128,1,accelerate,2.0,1.999999999999993,153.84000000000034,28.400000000000148,1,1,accelerate-accelerate,-0.11417008936405182,0.007946491241455078,0.0033349432051181793,1,0.007946491241455078,0.0033349432051181793,0.004611548036336899,0.1221165806055069,"[true, true, true]",False,False,False,67001,0,0843ed3f032eeea0612c508f007d708852bd5b1fffa62c033181097389bc1972,validation_004,1,3,1533910378,7,24.088551898875266,
26,5.2,B,mainline,True,False,153.84000000000034,28.400000000000148,1,accelerate,2.0,2.0000000000000284,127.54000000000039,15.400000000000128,1,1,accelerate-accelerate,0.12129944562911987,0.15063594281673431,0.05488995462656021,1,0.15063594281673431,0.12129944562911987,0.02933649718761444,0.0957459881901741,"[true, true, true]",False,False,False,67001,0,0843ed3f032eeea0612c508f007d708852bd5b1fffa62c033181097389bc1972,validation_004,1,3,1533910378,7,24.088551898875266,
27,5.4,A,ramp,True,False,130.6600000000004,15.800000000000127,1,accelerate,2.0,2.0000000000000284,159.56000000000037,28.800000000000153,1,1,accelerate-accelerate,-0.11372798681259155,0.007771547883749008,0.0021458659321069717,1,0.007771547883749008,0.0021458659321069717,0.0056256819516420364,0.12149953469634056,"[true, true, true]",False,False,False,67001,0,0843ed3f032eeea0612c508f007d708852bd5b1fffa62c033181097389bc1972,validation_004,1,3,1533910378,7,26.689713867638744,
27,5.4,B,mainline,True,False,159.56000000000037,28.800000000000153,1,accelerate,2.0,2.0000000000000284,130.6600000000004,15.800000000000127,1,1,accelerate-accelerate,0.12408576905727386,0.14883756637573242,0.054524749517440796,1,0.14883756637573242,0.12408576905727386,0.024751797318458557,0.09431281685829163,"[true, true, true]",False,False,False,67001,0,0843ed3f032eeea0612c508f007d708852bd5b1fffa62c033181097389bc1972,validation_004,1,3,1533910378,7,26.689713867638744,
28,5.6000000000000005,A,ramp,True,False,133.86000000000044,16.20000000000013,1,accelerate,2.0,2.0000000000000284,165.3600000000004,29.20000000000016,1,1,accelerate-accelerate,-0.11322210729122162,0.007933307439088821,0.0013854745775461197,1,0.007933307439088821,0.0013854745775461197,0.006547832861542702,0.12115541473031044,"[true, true, true]",False,False,False,67001,0,0843ed3f032eeea0612c508f007d708852bd5b1fffa62c033181097389bc1972,validation_004,1,3,1533910378,7,29.289924386741433,
28,5.6000000000000005,B,mainline,True,False,165.3600000000004,29.20000000000016,1,accelerate,2.0,2.0000000000000284,133.86000000000044,16.20000000000013,1,1,accelerate-accelerate,0.12675783038139343,0.14682148396968842,0.054176270961761475,1,0.14682148396968842,0.12675783038139343,0.020063653588294983,0.09264521300792694,"[true, true, true]",False,False,False,67001,0,0843ed3f032eeea0612c508f007d708852bd5b1fffa62c033181097389bc1972,validation_004,1,3,1533910378,7,29.289924386741433,
29,5.800000000000001,A,ramp,True,False,137.14000000000047,16.600000000000136,1,accelerate,2.0,2.0000000000000284,171.24000000000044,29.600000000000165,1,1,accelerate-accelerate,-0.11278086155653,0.0068725720047950745,-0.00016298331320285797,1,0.0068725720047950745,-0.00016298331320285797,0.0070355553179979324,0.11965343356132507,"[true, true, true]",False,False,False,67001,0,0843ed3f032eeea0612c508f007d708852bd5b1fffa62c033181097389bc1972,validation_004,1,3,1533910378,7,31.889931239476113,
29,5.800000000000001,B,mainline,True,False,171.24000000000044,29.600000000000165,1,accelerate,2.0,1.9999999999966178,137.14000000000047,16.600000000000136,1,1,accelerate-accelerate,0.12947344779968262,0.14474278688430786,0.053809575736522675,1,0.14474278688430786,0.12947344779968262,0.015269339084625244,0.09093321114778519,"[true, true, true]",False,False,False,67001,0,0843ed3f032eeea0612c508f007d708852bd5b1fffa62c033181097389bc1972,validation_004,1,3,1533910378,7,31.889931239476113,
30,6.0,A,ramp,True,False,140.50000000000048,17.000000000000142,1,accelerate,2.0,2.0000000000000284,177.20000000000047,30.0,1,1,accelerate-accelerate,-0.11254913359880447,0.005933176726102829,-0.001679740846157074,1,0.005933176726102829,-0.001679740846157074,0.007612917572259903,0.1184823103249073,"[true, true, true]",False,False,False,67001,0,0843ed3f032eeea0612c508f007d708852bd5b1fffa62c033181097389bc1972,validation_004,1,3,1533910378,7,34.44993123947606,
30,6.0,B,mainline,True,False,177.20000000000047,30.0,1,accelerate,2.0,0.0,140.50000000000048,17.000000000000142,1,1,accelerate-accelerate,0.1322498917579651,0.1426050066947937,0.053365543484687805,1,0.1426050066947937,0.1322498917579651,0.010355114936828613,0.0892394632101059,"[true, true, true]",False,False,False,67001,0,0843ed3f032eeea0612c508f007d708852bd5b1fffa62c033181097389bc1972,validation_004,1,3,1533910378,7,34.44993123947606,
31,6.2,A,ramp,True,False,143.94000000000054,17.400000000000148,1,accelerate,2.0,2.0000000000000284,183.20000000000047,30.0,1,1,accelerate-accelerate,-0.11369319260120392,0.003577880561351776,-0.0030841194093227386,1,0.003577880561351776,-0.0030841194093227386,0.006661999970674515,0.1172710731625557,"[true, true, true]",False,False,False,67001,0,0843ed3f032eeea0612c508f007d708852bd5b1fffa62c033181097389bc1972,validation_004,1,3,1533910378,7,36.92993123947602,
31,6.2,B,mainline,True,False,183.20000000000047,30.0,1,accelerate,2.0,0.0,143.94000000000054,17.400000000000148,1,1,accelerate-accelerate,0.13296866416931152,0.1415644884109497,0.05274639278650284,1,0.1415644884109497,0.13296866416931152,0.008595824241638184,0.08881809562444687,"[true, true, true]",False,False,False,67001,0,0843ed3f032eeea0612c508f007d708852bd5b1fffa62c033181097389bc1972,validation_004,1,3,1533910378,7,36.92993123947602,
32,6.4,A,ramp,True,False,147.46000000000058,17.800000000000153,1,accelerate,2.0,2.0000000000000284,189.20000000000047,30.0,1,1,accelerate-accelerate,-0.1147800087928772,0.0009881556034088135,-0.004427805542945862,1,0.0009881556034088135,-0.004427805542945862,0.005415961146354675,0.11576816439628601,"[true, true, true]",False,False,False,67001,0,0843ed3f032eeea0612c508f007d708852bd5b1fffa62c033181097389bc1972,validation_004,1,3,1533910378,7,39.329931239476,
32,6.4,B,mainline,True,False,189.20000000000047,30.0,1,accelerate,2.0,0.0,147.46000000000058,17.800000000000153,1,1,accelerate-accelerate,0.13299497961997986,0.14143171906471252,0.05217668414115906,1,0.14143171906471252,0.13299497961997986,0.008436739444732666,0.08925503492355347,"[true, true, true]",False,False,False,67001,0,0843ed3f032eeea0612c508f007d708852bd5b1fffa62c033181097389bc1972,validation_004,1,3,1533910378,7,39.329931239476,
33,6.6000000000000005,A,ramp,True,False,151.0600000000006,18.20000000000016,1,accelerate,2.0,2.0000000000000284,195.20000000000047,30.0,1,1,accelerate-accelerate,-0.11591176688671112,-0.001509159803390503,-0.005746716633439064,1,-0.001509159803390503,-0.005746716633439064,0.004237556830048561,0.11440260708332062,"[true, true, true]",False,False,False,67001,0,0843ed3f032eeea0612c508f007d708852bd5b1fffa62c033181097389bc1972,validation_004,1,3,1533910378,7,41.64993123947596,
33,6.6000000000000005,B,mainline,True,False,195.20000000000047,30.0,1,accelerate,2.0,0.0,151.0600000000006,18.20000000000016,1,1,accelerate-accelerate,0.13246214389801025,0.14105716347694397,0.051572203636169434,1,0.14105716347694397,0.13246214389801025,0.008595019578933716,0.08948495984077454,"[true, true, true]",False,False,False,67001,0,0843ed3f032eeea0612c508f007d708852bd5b1fffa62c033181097389bc1972,validation_004,1,3,1533910378,7,41.64993123947596,
34,6.800000000000001,A,ramp,True,False,154.74000000000063,18.600000000000165,1,accelerate,2.0,2.0000000000000284,201.20000000000047,30.0,1,1,accelerate-accelerate,-0.1166485846042633,-0.003908716142177582,-0.0067385658621788025,1,-0.003908716142177582,-0.0067385658621788025,0.0028298497200012207,0.11273986846208572,"[true, true, true]",False,False,False,67001,0,0843ed3f032eeea0612c508f007d708852bd5b1fffa62c033181097389bc1972,validation_004,1,3,1533910378,7,43.88993123947594,
34,6.800000000000001,B,mainline,True,False,201.20000000000047,30.0,1,accelerate,2.0,0.0,154.74000000000063,18.600000000000165,1,1,accelerate-accelerate,0.1324317306280136,0.140770822763443,0.05149026960134506,1,0.140770822763443,0.1324317306280136,0.008339092135429382,0.08928055316209793,"[true, true, true]",False,False,False,67001,0,0843ed3f032eeea0612c508f007d708852bd5b1fffa62c033181097389bc1972,validation_004,1,3,1533910378,7,43.88993123947594,
35,7.0,A,ramp,True,False,158.50000000000065,19.00000000000017,1,accelerate,2.0,2.0000000000000284,207.20000000000047,30.0,1,1,accelerate-accelerate,-0.11726254224777222,-0.006230216473340988,-0.0076106153428554535,1,-0.006230216473340988,-0.0076106153428554535,0.0013803988695144653,0.11103232577443123,"[true, true, true]",False,False,False,67001,0,0843ed3f032eeea0612c508f007d708852bd5b1fffa62c033181097389bc1972,validation_004,1,3,1533910378,7,46.04993123947591,
35,7.0,B,mainline,True,False,207.20000000000047,30.0,1,accelerate,2.0,0.0,158.50000000000065,19.00000000000017,1,1,accelerate-accelerate,0.13277342915534973,0.1405201256275177,0.0517447292804718,1,0.1405201256275177,0.13277342915534973,0.007746696472167969,0.0887753963470459,"[true, true, true]",False,False,False,67001,0,0843ed3f032eeea0612c508f007d708852bd5b1fffa62c033181097389bc1972,validation_004,1,3,1533910378,7,46.04993123947591,
36,7.2,A,ramp,True,False,162.34000000000069,19.400000000000176,2,decelerate,2.0,-2.9999999999999716,213.20000000000047,30.0,2,1,decelerate-accelerate,-0.11746975779533386,-0.008443213999271393,-0.008297154679894447,2,-0.008297154679894447,-0.008443213999271393,0.0001460593193769455,0.10917260311543941,"[true, true, true]",False,False,False,67001,0,0843ed3f032eeea0612c508f007d708852bd5b1fffa62c033181097389bc1972,validation_004,1,3,1533910378,7,48.22993123947586,
36,7.2,B,mainline,True,False,213.20000000000047,30.0,1,accelerate,2.0,0.0,162.34000000000069,19.400000000000176,2,1,decelerate-accelerate,0.13313665986061096,0.1401984542608261,0.05196424573659897,1,0.1401984542608261,0.13313665986061096,0.007061794400215149,0.08823420852422714,"[true, true, true]",False,False,False,67001,0,0843ed3f032eeea0612c508f007d708852bd5b1fffa62c033181097389bc1972,validation_004,1,3,1533910378,7,48.22993123947586,
37,7.4,A,ramp,True,False,166.16000000000074,18.800000000000182,1,accelerate,-3.0,2.0000000000000284,219.20000000000047,30.0,1,1,accelerate-accelerate,-0.11554946005344391,-0.006689388304948807,-0.008728763088583946,1,-0.006689388304948807,-0.008728763088583946,0.0020393747836351395,0.1088600717484951,"[true, true, true]",False,False,False,67001,0,0843ed3f032eeea0612c508f007d708852bd5b1fffa62c033181097389bc1972,validation_004,1,3,1533910378,7,50.42993123947582,
37,7.4,B,mainline,True,False,219.20000000000047,30.0,1,accelerate,2.0,0.0,166.16000000000074,18.800000000000182,1,1,accelerate-accelerate,0.13749434053897858,0.1410202831029892,0.05068695545196533,1,0.1410202831029892,0.13749434053897858,0.00352594256401062,0.09033332765102386,"[true, true, true]",False,False,False,67001,0,0843ed3f032eeea0612c508f007d708852bd5b1fffa62c033181097389bc1972,validation_004,1,3,1533910378,7,50.42993123947582,
38,7.6000000000000005,A,ramp,True,False,169.96000000000078,19.200000000000188,1,accelerate,2.0,2.0000000000000284,225.20000000000047,30.0,1,1,accelerate-accelerate,-0.11647507548332214,-0.009051762521266937,-0.009714044630527496,1,-0.009051762521266937,-0.009714044630527496,0.0006622821092605591,0.1074233129620552,"[true, true, true]",False,False,False,67001,0,0843ed3f032eeea0612c508f007d708852bd5b1fffa62c033181097389bc1972,validation_004,1,3,1533910378,7,52.5499312394758,
38,7.6000000000000005,B,mainline,True,False,225.20000000000047,30.0,1,accelerate,2.0,0.0,169.96000000000078,19.200000000000188,1,1,accelerate-accelerate,0.13761088252067566,0.14135700464248657,0.05112093687057495,1,0.14135700464248657,0.13761088252067566,0.003746122121810913,0.09023606777191162,"[true, true, true]",False,False,False,67001,0,0843ed3f032eeea0612c508f007d708852bd5b1fffa62c033181097389bc1972,validation_004,1,3,1533910378,7,52.5499312394758,
39,7.800000000000001,A,ramp,True,False,173.8400000000008,19.600000000000193,2,decelerate,2.0,-2.9999999999999716,231.20000000000047,30.0,2,1,decelerate-accelerate,-0.09951227903366089,0.014981385320425034,0.0360628217458725,2,0.0360628217458725,0.014981385320425034,0.021081436425447464,0.1355751007795334,"[true, true, true]",False,False,False,67001,0,0843ed3f032eeea0612c508f007d708852bd5b1fffa62c033181097389bc1972,validation_004,1,3,1533910378,7,54.689931239475754,
39,7.800000000000001,B,mainline,True,False,231.20000000000047,30.0,1,accelerate,2.0,0.0,173.8400000000008,19.600000000000193,2,1,decelerate-accelerate,0.12773334980010986,0.19142353534698486,0.047883257269859314,1,0.19142353534698486,0.12773334980010986,0.063690185546875,0.14354027807712555,"[true, true, true]",False,False,False,67001,0,0843ed3f032eeea0612c508f007d708852bd5b1fffa62c033181097389bc1972,validation_004,1,3,1533910378,7,54.689931239475754,
40,8.0,A,ramp,True,False,177.70000000000084,19.0000000000002,2,decelerate,-3.0,-2.9999999999999716,237.20000000000047,30.0,2,1,decelerate-accelerate,-0.09845679998397827,0.013622451573610306,0.035395391285419464,2,0.035395391285419464,0.013622451573610306,0.02177293971180916,0.13385219126939774,"[true, true, true]",False,False,False,67001,0,0843ed3f032eeea0612c508f007d708852bd5b1fffa62c033181097389bc1972,validation_004,1,3,1533910378,7,56.94993123947572,
40,8.0,B,mainline,True,False,237.20000000000047,30.0,1,accelerate,2.0,0.0,177.70000000000084,19.0000000000002,2,1,decelerate-accelerate,0.1298666149377823,0.1900031417608261,0.048222362995147705,1,0.1900031417608261,0.1298666149377823,0.06013652682304382,0.1417807787656784,"[true, true, true]",False,False,False,67001,0,0843ed3f032eeea0612c508f007d708852bd5b1fffa62c033181097389bc1972,validation_004,1,3,1533910378,7,56.94993123947572,
41,8.200000000000001,A,ramp,True,False,181.44000000000088,18.400000000000205,2,decelerate,-3.0,-2.9999999999999716,243.20000000000047,30.0,2,1,decelerate-accelerate,-0.09769369661808014,0.013683989644050598,0.03461291640996933,2,0.03461291640996933,0.013683989644050598,0.02092892676591873,0.13230661302804947,"[true, true, true]",False,False,False,67001,0,0843ed3f032eeea0612c508f007d708852bd5b1fffa62c033181097389bc1972,validation_004,1,3,1533910378,7,59.329931239475684,
41,8.200000000000001,B,mainline,True,False,243.20000000000047,30.0,1,accelerate,2.0,0.0,181.44000000000088,18.400000000000205,2,1,decelerate-accelerate,0.13232654333114624,0.18850815296173096,0.048446692526340485,1,0.18850815296173096,0.13232654333114624,0.05618160963058472,0.14006146043539047,"[true, true, true]",False,False,False,67001,0,0843ed3f032eeea0612c508f007d708852bd5b1fffa62c033181097389bc1972,validation_004,1,3,1533910378,7,59.329931239475684,
42,8.4,A,ramp,True,False,185.0600000000009,17.80000000000021,2,decelerate,-3.0,-2.9999999999999716,249.20000000000047,30.0,2,1,decelerate-accelerate,-0.09754737466573715,0.014052152633666992,0.03373824059963226,2,0.03373824059963226,0.014052152633666992,0.01968608796596527,0.13128561526536942,"[true, true, true]",False,False,False,67001,0,0843ed3f032eeea0612c508f007d708852bd5b1fffa62c033181097389bc1972,validation_004,1,3,1533910378,7,61.829931239475656,
42,8.4,B,mainline,True,False,249.20000000000047,30.0,1,accelerate,2.0,0.0,185.0600000000009,17.80000000000021,2,1,decelerate-accelerate,0.13444173336029053,0.18706965446472168,0.04858677089214325,1,0.18706965446472168,0.13444173336029053,0.05262792110443115,0.13848288357257843,"[true, true, true]",False,False,False,67001,0,0843ed3f032eeea0612c508f007d708852bd5b1fffa62c033181097389bc1972,validation_004,1,3,1533910378,7,61.829931239475656,
43,8.6,A,ramp,True,False,188.56000000000094,17.200000000000216,2,decelerate,-3.0,-2.9999999999999716,255.20000000000047,30.0,2,1,decelerate-accelerate,-0.09728947281837463,0.014332056045532227,0.03285272419452667,2,0.03285272419452667,0.014332056045532227,0.018520668148994446,0.1301421970129013,"[true, true, true]",False,False,False,67001,0,0843ed3f032eeea0612c508f007d708852bd5b1fffa62c033181097389bc1972,validation_004,1,3,1533910378,7,,
43,8.6,B,mainline,True,False,255.20000000000047,30.0,1,accelerate,2.0,0.0,188.56000000000094,17.200000000000216,2,1,decelerate-accelerate,0.13648079335689545,0.18557089567184448,0.04887128621339798,1,0.18557089567184448,0.13648079335689545,0.049090102314949036,0.1366996094584465,"[true, true, true]",False,False,False,67001,0,0843ed3f032eeea0612c508f007d708852bd5b1fffa62c033181097389bc1972,validation_004,1,3,1533910378,7,,
44,8.8,A,ramp,True,False,191.940000000001,16.60000000000022,2,decelerate,-3.0,-2.9999999999999716,261.2000000000005,0.0,2,0,active-inactive,-0.22107169032096863,0.024403974413871765,0.06864327192306519,2,0.06864327192306519,0.024403974413871765,0.04423929750919342,0.2897149622440338,"[true, true, true]",False,False,False,67001,0,0843ed3f032eeea0612c508f007d708852bd5b1fffa62c033181097389bc1972,validation_004,1,3,1533910378,7,,
44,8.8,B,mainline,False,True,261.2000000000005,0.0,0,maintain,0.0,0.0,191.940000000001,16.60000000000022,2,0,active-inactive,0.06659255176782608,0.1337997019290924,-0.010842761024832726,1,0.1337997019290924,0.06659255176782608,0.06720715016126633,0.14464246295392513,"[true, true, true]",False,False,False,67001,0,0843ed3f032eeea0612c508f007d708852bd5b1fffa62c033181097389bc1972,validation_004,1,3,1533910378,7,,
45,9.0,A,ramp,True,False,195.20000000000104,16.000000000000227,2,decelerate,-3.0,-3.000000000000007,261.2000000000005,0.0,2,0,active-inactive,-0.22120817005634308,0.026072662323713303,0.06843586266040802,2,0.06843586266040802,0.026072662323713303,0.04236320033669472,0.2896440327167511,"[true, true, true]",False,False,False,67001,0,0843ed3f032eeea0612c508f007d708852bd5b1fffa62c033181097389bc1972,validation_004,1,3,1533910378,7,,
45,9.0,B,mainline,False,True,261.2000000000005,0.0,0,maintain,0.0,0.0,195.20000000000104,16.000000000000227,2,0,active-inactive,0.06847189366817474,0.13419483602046967,-0.010113019496202469,1,0.13419483602046967,0.06847189366817474,0.06572294235229492,0.14430785551667213,"[true, true, true]",False,False,False,67001,0,0843ed3f032eeea0612c508f007d708852bd5b1fffa62c033181097389bc1972,validation_004,1,3,1533910378,7,,
46,9.200000000000001,A,ramp,True,False,198.34000000000108,15.400000000000226,2,decelerate,-3.0,-3.000000000000007,261.2000000000005,0.0,2,0,active-inactive,-0.2212807834148407,0.02772945538163185,0.06819950044155121,2,0.06819950044155121,0.02772945538163185,0.04047004505991936,0.2894802838563919,"[true, true, true]",False,False,False,67001,0,0843ed3f032eeea0612c508f007d708852bd5b1fffa62c033181097389bc1972,validation_004,1,3,1533910378,7,,
46,9.200000000000001,B,mainline,False,True,261.2000000000005,0.0,0,maintain,0.0,0.0,198.34000000000108,15.400000000000226,2,0,active-inactive,0.07035490870475769,0.13464489579200745,-0.00941353477537632,1,0.13464489579200745,0.07035490870475769,0.06428998708724976,0.14405843056738377,"[true, true, true]",False,False,False,67001,0,0843ed3f032eeea0612c508f007d708852bd5b1fffa62c033181097389bc1972,validation_004,1,3,1533910378,7,,
47,9.4,A,ramp,True,False,201.36000000000112,14.800000000000225,2,decelerate,-3.0,-3.000000000000007,261.2000000000005,0.0,2,0,active-inactive,-0.2212902158498764,0.029370635747909546,0.06793317943811417,2,0.06793317943811417,0.029370635747909546,0.03856254369020462,0.28922339528799057,"[true, true, true]",False,False,False,67001,0,0843ed3f032eeea0612c508f007d708852bd5b1fffa62c033181097389bc1972,validation_004,1,3,1533910378,7,,
47,9.4,B,mainline,False,True,261.2000000000005,0.0,0,maintain,0.0,0.0,201.36000000000112,14.800000000000225,2,0,active-inactive,0.07223096489906311,0.1351025253534317,-0.008709562942385674,1,0.1351025253534317,0.07223096489906311,0.06287156045436859,0.14381208829581738,"[true, true, true]",False,False,False,67001,0,0843ed3f032eeea0612c508f007d708852bd5b1fffa62c033181097389bc1972,validation_004,1,3,1533910378,7,,
48,9.600000000000001,A,ramp,True,False,204.26000000000116,14.200000000000223,2,decelerate,-3.0,-3.000000000000007,261.2000000000005,0.0,2,0,active-inactive,-0.22120793163776398,0.030922994017601013,0.06758906692266464,2,0.06758906692266464,0.030922994017601013,0.03666607290506363,0.2887969985604286,"[true, true, true]",False,False,False,67001,0,0843ed3f032eeea0612c508f007d708852bd5b1fffa62c033181097389bc1972,validation_004,1,3,1533910378,7,,
48,9.600000000000001,B,mainline,False,True,261.2000000000005,0.0,0,maintain,0.0,0.0,204.26000000000116,14.200000000000223,2,0,active-inactive,0.07413087785243988,0.1353878676891327,-0.007889469154179096,1,0.1353878676891327,0.07413087785243988,0.06125698983669281,0.1432773368433118,"[true, true, true]",False,False,False,67001,0,0843ed3f032eeea0612c508f007d708852bd5b1fffa62c033181097389bc1972,validation_004,1,3,1533910378,7,,
49,9.8,A,ramp,True,False,207.0400000000012,13.600000000000222,2,decelerate,-3.0,-3.000000000000007,261.2000000000005,0.0,2,0,active-inactive,-0.2210686206817627,0.03246140107512474,0.06722083687782288,2,0.06722083687782288,0.03246140107512474,0.034759435802698135,0.28828945755958557,"[true, true, true]",False,False,False,67001,0,0843ed3f032eeea0612c508f007d708852bd5b1fffa62c033181097389bc1972,validation_004,1,3,1533910378,7,,
49,9.8,B,mainline,False,True,261.2000000000005,0.0,0,maintain,0.0,0.0,207.0400000000012,13.600000000000222,2,0,active-inactive,0.07599496841430664,0.13561664521694183,-0.007059749215841293,1,0.13561664521694183,0.07599496841430664,0.05962167680263519,0.14267639443278313,"[true, true, true]",False,False,False,67001,0,0843ed3f032eeea0612c508f007d708852bd5b1fffa62c033181097389bc1972,validation_004,1,3,1533910378,7,,
50,10.0,A,ramp,True,False,209.70000000000127,13.00000000000022,2,decelerate,-3.0,-3.000000000000007,261.2000000000005,0.0,2,0,active-inactive,-0.2208745926618576,0.03398427739739418,0.06683020293712616,2,0.06683020293712616,0.03398427739739418,0.03284592553973198,0.28770479559898376,"[true, true, true]",False,False,False,67001,0,0843ed3f032eeea0612c508f007d708852bd5b1fffa62c033181097389bc1972,validation_004,1,3,1533910378,7,,
50,10.0,B,mainline,False,True,261.2000000000005,0.0,0,maintain,0.0,0.0,209.70000000000127,13.00000000000022,2,0,active-inactive,0.07783273607492447,0.13564416766166687,-0.006240903399884701,1,0.13564416766166687,0.07783273607492447,0.0578114315867424,0.14188507106155157,"[true, true, true]",False,False,False,67001,0,0843ed3f032eeea0612c508f007d708852bd5b1fffa62c033181097389bc1972,validation_004,1,3,1533910378,7,,
51,10.200000000000001,A,ramp,True,False,212.24000000000132,12.400000000000219,2,decelerate,-3.0,-3.000000000000007,261.2000000000005,0.0,2,0,active-inactive,-0.22062820196151733,0.03549011051654816,0.06641895323991776,2,0.06641895323991776,0.03549011051654816,0.0309288427233696,0.2870471552014351,"[true, true, true]",False,False,False,67001,0,0843ed3f032eeea0612c508f007d708852bd5b1fffa62c033181097389bc1972,validation_004,1,3,1533910378,7,,
51,10.200000000000001,B,mainline,False,True,261.2000000000005,0.0,0,maintain,0.0,0.0,212.24000000000132,12.400000000000219,2,0,active-inactive,0.0795358419418335,0.1352592408657074,-0.004954234696924686,1,0.1352592408657074,0.0795358419418335,0.0557233989238739,0.14021347556263208,"[true, true, true]",False,False,False,67001,0,0843ed3f032eeea0612c508f007d708852bd5b1fffa62c033181097389bc1972,validation_004,1,3,1533910378,7,,
52,10.4,A,ramp,True,False,214.66000000000136,11.800000000000217,2,decelerate,-3.0,-3.000000000000007,261.2000000000005,0.0,2,0,active-inactive,-0.22024212777614594,0.0368804931640625,0.06598436832427979,2,0.06598436832427979,0.0368804931640625,0.029103875160217285,0.2862264961004257,"[true, true, true]",False,False,False,67001,0,0843ed3f032eeea0612c508f007d708852bd5b1fffa62c033181097389bc1972,validation_004,1,3,1533910378,7,,
52,10.4,B,mainline,False,True,261.2000000000005,0.0,0,maintain,0.0,0.0,214.66000000000136,11.800000000000217,2,0,active-inactive,0.08112048357725143,0.13484248518943787,-0.003553936257958412,1,0.13484248518943787,0.08112048357725143,0.05372200161218643,0.13839642144739628,"[true, true, true]",False,False,False,67001,0,0843ed3f032eeea0612c508f007d708852bd5b1fffa62c033181097389bc1972,validation_004,1,3,1533910378,7,,
53,10.600000000000001,A,ramp,True,False,216.9600000000014,11.200000000000216,2,decelerate,-3.0,-3.000000000000007,261.2000000000005,0.0,2,0,active-inactive,-0.21943357586860657,0.03784620016813278,0.06551368534564972,2,0.06551368534564972,0.03784620016813278,0.027667485177516937,0.2849472612142563,"[true, true, true]",False,False,False,67001,0,0843ed3f032eeea0612c508f007d708852bd5b1fffa62c033181097389bc1972,validation_004,1,3,1533910378,7,,
53,10.600000000000001,B,mainline,False,True,261.2000000000005,0.0,0,maintain,0.0,0.0,216.9600000000014,11.200000000000216,2,0,active-inactive,0.08252847194671631,0.1344652622938156,-0.002054031938314438,1,0.1344652622938156,0.08252847194671631,0.051936790347099304,0.13651929423213005,"[true, true, true]",False,False,False,67001,0,0843ed3f032eeea0612c508f007d708852bd5b1fffa62c033181097389bc1972,validation_004,1,3,1533910378,7,,
54,10.8,A,ramp,True,False,219.14000000000144,10.600000000000215,2,decelerate,-3.0,-3.000000000000007,261.2000000000005,0.0,2,0,active-inactive,-0.21867047250270844,0.03871805593371391,0.0649947077035904,2,0.0649947077035904,0.03871805593371391,0.02627665176987648,0.28366518020629883,"[true, true, true]",False,False,False,67001,0,0843ed3f032eeea0612c508f007d708852bd5b1fffa62c033181097389bc1972,validation_004,1,3,1533910378,7,,
54,10.8,B,mainline,False,True,261.2000000000005,0.0,0,maintain,0.0,0.0,219.14000000000144,10.600000000000215,2,0,active-inactive,0.08390728384256363,0.13398604094982147,-0.0006490852683782578,1,0.13398604094982147,0.08390728384256363,0.05007875710725784,0.13463512621819973,"[true, true, true]",False,False,False,67001,0,0843ed3f032eeea0612c508f007d708852bd5b1fffa62c033181097389bc1972,validation_004,1,3,1533910378,7,,
55,11.0,A,ramp,True,False,221.20000000000147,10.000000000000213,2,decelerate,-3.0,-3.000000000000007,261.2000000000005,0.0,2,0,active-inactive,-0.2179337441921234,0.03951326012611389,0.06443712115287781,2,0.06443712115287781,0.03951326012611389,0.024923861026763916,0.2823708653450012,"[true, true, true]",False,False,False,67001,0,0843ed3f032eeea0612c508f007d708852bd5b1fffa62c033181097389bc1972,validation_004,1,3,1533910378,7,,
55,11.0,B,mainline,False,True,261.2000000000005,0.0,0,maintain,0.0,0.0,221.20000000000147,10.000000000000213,2,0,active-inactive,0.08527407050132751,0.13317328691482544,0.0004839077591896057,1,0.13317328691482544,0.08527407050132751,0.047899216413497925,0.13268937915563583,"[true, true, true]",False,False,False,67001,0,0843ed3f032eeea0612c508f007d708852bd5b1fffa62c033181097389bc1972,validation_004,1,3,1533910378,7,,
56,11.200000000000001,A,ramp,True,False,223.14000000000152,9.400000000000212,2,decelerate,-3.0,-3.000000000000007,261.2000000000005,0.0,2,0,active-inactive,-0.21715840697288513,0.040284864604473114,0.06386692821979523,2,0.06386692821979523,0.040284864604473114,0.023582063615322113,0.28102533519268036,"[true, true, true]",False,False,False,67001,0,0843ed3f032eeea0612c508f007d708852bd5b1fffa62c033181097389bc1972,validation_004,1,3,1533910378,7,,
56,11.200000000000001,B,mainline,False,True,261.2000000000005,0.0,0,maintain,0.0,0.0,223.14000000000152,9.400000000000212,2,0,active-inactive,0.0866047739982605,0.132375568151474,0.0016097798943519592,1,0.132375568151474,0.0866047739982605,0.0457707941532135,0.13076578825712204,"[true, true, true]",False,False,False,67001,0,0843ed3f032eeea0612c508f007d708852bd5b1fffa62c033181097389bc1972,validation_004,1,3,1533910378,7,,
57,11.4,A,ramp,True,False,224.96000000000157,8.80000000000021,2,decelerate,-3.0,-3.000000000000007,261.2000000000005,0.0,2,0,active-inactive,-0.21634672582149506,0.04103311151266098,0.06328581273555756,2,0.06328581273555756,0.04103311151266098,0.022252701222896576,0.2796325385570526,"[true, true, true]",False,False,False,67001,0,0843ed3f032eeea0612c508f007d708852bd5b1fffa62c033181097389bc1972,validation_004,1,3,1533910378,7,,
57,11.4,B,mainline,False,True,261.2000000000005,0.0,0,maintain,0.0,0.0,224.96000000000157,8.80000000000021,2,0,active-inactive,0.08790002763271332,0.13159310817718506,0.0027281902730464935,1,0.13159310817718506,0.08790002763271332,0.04369308054447174,0.12886491790413857,"[true, true, true]",False,False,False,67001,0,0843ed3f032eeea0612c508f007d708852bd5b1fffa62c033181097389bc1972,validation_004,1,3,1533910378,7,,
58,11.600000000000001,A,ramp,True,False,226.66000000000162,8.200000000000209,2,decelerate,-3.0,-3.000000000000007,261.2000000000005,0.0,2,0,active-inactive,-0.21550202369689941,0.04175944626331329,0.06269335746765137,2,0.06269335746765137,0.04175944626331329,0.020933911204338074,0.2781953811645508,"[true, true, true]",False,False,False,67001,0,0843ed3f032eeea0612c508f007d708852bd5b1fffa62c033181097389bc1972,validation_004,1,3,1533910378,7,,
58,11.600000000000001,B,mainline,False,True,261.2000000000005,0.0,0,maintain,0.0,0.0,226.66000000000162,8.200000000000209,2,0,active-inactive,0.08905627578496933,0.13085640966892242,0.003894917666912079,1,0.13085640966892242,0.08905627578496933,0.041800133883953094,0.12696149200201035,"[true, true, true]",False,False,False,67001,0,0843ed3f032eeea0612c508f007d708852bd5b1fffa62c033181097389bc1972,validation_004,1,3,1533910378,7,,
59,11.8,A,ramp,True,False,228.24000000000166,7.6000000000002075,2,decelerate,-3.0,-3.000000000000007,261.2000000000005,0.0,2,0,active-inactive,-0.21476325392723083,0.04261534661054611,0.06185956299304962,2,0.06185956299304962,0.04261534661054611,0.01924421638250351,0.27662281692028046,"[true, true, true]",False,False,False,67001,0,0843ed3f032eeea0612c508f007d708852bd5b1fffa62c033181097389bc1972,validation_004,1,3,1533910378,7,,
59,11.8,B,mainline,False,True,261.2000000000005,0.0,0,maintain,0.0,0.0,228.24000000000166,7.6000000000002075,2,0,active-inactive,0.08995401859283447,0.13020050525665283,0.005174309015274048,1,0.13020050525665283,0.08995401859283447,0.04024648666381836,0.12502619624137878,"[true, true, true]",False,False,False,67001,0,0843ed3f032eeea0612c508f007d708852bd5b1fffa62c033181097389bc1972,validation_004,1,3,1533910378,7,,
60,12.0,A,ramp,True,False,229.7000000000017,7.000000000000206,2,decelerate,-3.0,-3.000000000000007,261.2000000000005,0.0,2,0,active-inactive,-0.2140449583530426,0.04349580779671669,0.061137810349464417,2,0.061137810349464417,0.04349580779671669,0.017642002552747726,0.275182768702507,"[true, true, true]",False,False,False,67001,0,0843ed3f032eeea0612c508f007d708852bd5b1fffa62c033181097389bc1972,validation_004,1,3,1533910378,7,,
60,12.0,B,mainline,False,True,261.2000000000005,0.0,0,maintain,0.0,0.0,229.7000000000017,7.000000000000206,2,0,active-inactive,0.09081311523914337,0.1295730322599411,0.006393300369381905,1,0.1295730322599411,0.09081311523914337,0.03875991702079773,0.1231797318905592,"[true, true, true]",False,False,False,67001,0,0843ed3f032eeea0612c508f007d708852bd5b1fffa62c033181097389bc1972,validation_004,1,3,1533910378,7,,
61,12.200000000000001,A,ramp,True,False,231.04000000000173,6.400000000000205,2,decelerate,-3.0,-3.000000000000007,261.2000000000005,0.0,2,0,active-inactive,-0.21334782242774963,0.04439988359808922,0.06052769348025322,2,0.06052769348025322,0.04439988359808922,0.016127809882164,0.27387551590800285,"[true, true, true]",False,False,False,67001,0,0843ed3f032eeea0612c508f007d708852bd5b1fffa62c033181097389bc1972,validation_004,1,3,1533910378,7,,
61,12.200000000000001,B,mainline,False,True,261.2000000000005,0.0,0,maintain,0.0,0.0,231.04000000000173,6.400000000000205,2,0,active-inactive,0.09155404567718506,0.12903445959091187,0.007411012426018715,1,0.12903445959091187,0.09155404567718506,0.03748041391372681,0.12162344716489315,"[true, true, true]",False,False,False,67001,0,0843ed3f032eeea0612c508f007d708852bd5b1fffa62c033181097389bc1972,validation_004,1,3,1533910378,7,,
62,12.4,A,ramp,True,False,232.26000000000175,5.800000000000203,2,decelerate,-3.0,-3.000000000000007,261.2000000000005,0.0,2,0,active-inactive,-0.2126324474811554,0.045290641486644745,0.059901848435401917,2,0.059901848435401917,0.045290641486644745,0.014611206948757172,0.2725342959165573,"[true, true, true]",False,False,False,67001,0,0843ed3f032eeea0612c508f007d708852bd5b1fffa62c033181097389bc1972,validation_004,1,3,1533910378,7,,
62,12.4,B,mainline,False,True,261.2000000000005,0.0,0,maintain,0.0,0.0,232.26000000000175,5.800000000000203,2,0,active-inactive,0.09251556545495987,0.12855258584022522,0.008003052324056625,1,0.12855258584022522,0.09251556545495987,0.03603702038526535,0.1205495335161686,"[true, true, true]",False,False,False,67001,0,0843ed3f032eeea0612c508f007d708852bd5b1fffa62c033181097389bc1972,validation_004,1,3,1533910378,7,,
63,12.600000000000001,A,ramp,True,False,233.3600000000018,5.200000000000202,2,decelerate,-3.0,-3.000000000000007,261.2000000000005,0.0,2,0,active-inactive,-0.21181388199329376,0.04602285102009773,0.059187181293964386,2,0.059187181293964386,0.04602285102009773,0.013164330273866653,0.27100106328725815,"[true, true, true]",False,False,False,67001,0,0843ed3f032eeea0612c508f007d708852bd5b1fffa62c033181097389bc1972,validation_004,1,3,1533910378,7,,
63,12.600000000000001,B,mainline,False,True,261.2000000000005,0.0,0,maintain,0.0,0.0,233.3600000000018,5.200000000000202,2,0,active-inactive,0.09346064925193787,0.12808941304683685,0.008595671504735947,1,0.12808941304683685,0.09346064925193787,0.03462876379489899,0.1194937415421009,"[true, true, true]",False,False,False,67001,0,0843ed3f032eeea0612c508f007d708852bd5b1fffa62c033181097389bc1972,validation_004,1,3,1533910378,7,,
64,12.8,A,ramp,True,False,234.34000000000185,4.6000000000002,2,decelerate,-3.0,-3.000000000000007,261.2000000000005,0.0,2,0,active-inactive,-0.210812509059906,0.04682498052716255,0.058408550918102264,2,0.058408550918102264,0.04682498052716255,0.011583570390939713,0.26922105997800827,"[true, true, true]",False,False,False,67001,0,0843ed3f032eeea0612c508f007d708852bd5b1fffa62c033181097389bc1972,validation_004,1,3,1533910378,7,,
64,12.8,B,mainline,False,True,261.2000000000005,0.0,0,maintain,0.0,0.0,234.34000000000185,4.6000000000002,2,0,active-inactive,0.09362246096134186,0.1272229254245758,0.009342113509774208,1,0.1272229254245758,0.09362246096134186,0.03360046446323395,0.1178808119148016,"[true, true, true]",False,False,False,67001,0,0843ed3f032eeea0612c508f007d708852bd5b1fffa62c033181097389bc1972,validation_004,1,3,1533910378,7,,
65,13.0,A,ramp,True,False,235.2000000000019,4.000000000000199,2,decelerate,-3.0,-2.9999999999999982,261.2000000000005,0.0,2,0,active-inactive,-0.20974202454090118,0.04765257611870766,0.057605039328336716,2,0.057605039328336716,0.04765257611870766,0.009952463209629059,0.2673470638692379,"[true, true, true]",False,False,False,67001,0,0843ed3f032eeea0612c508f007d708852bd5b1fffa62c033181097389bc1972,validation_004,1,3,1533910378,7,,
65,13.0,B,mainline,False,True,261.2000000000005,0.0,0,maintain,0.0,0.0,235.2000000000019,4.000000000000199,2,0,active-inactive,0.09376370161771774,0.12636181712150574,0.01007506251335144,1,0.12636181712150574,0.09376370161771774,0.032598115503787994,0.1162867546081543,"[true, true, true]",False,False,False,67001,0,0843ed3f032eeea0612c508f007d708852bd5b1fffa62c033181097389bc1972,validation_004,1,3,1533910378,7,,
66,13.200000000000001,A,ramp,True,False,235.94000000000193,3.4000000000001993,2,decelerate,-3.0,-2.9999999999999982,261.2000000000005,0.0,2,0,active-inactive,-0.2086663842201233,0.048449862748384476,0.05679035931825638,2,0.05679035931825638,0.048449862748384476,0.008340496569871902,0.26545674353837967,"[true, true, true]",False,False,False,67001,0,0843ed3f032eeea0612c508f007d708852bd5b1fffa62c033181097389bc1972,validation_004,1,3,1533910378,7,,
66,13.200000000000001,B,mainline,False,True,261.2000000000005,0.0,0,maintain,0.0,0.0,235.94000000000193,3.4000000000001993,2,0,active-inactive,0.09388502687215805,0.12550653517246246,0.010794302448630333,1,0.12550653517246246,0.09388502687215805,0.03162150830030441,0.11471223272383213,"[true, true, true]",False,False,False,67001,0,0843ed3f032eeea0612c508f007d708852bd5b1fffa62c033181097389bc1972,validation_004,1,3,1533910378,7,,
67,13.4,A,ramp,True,False,236.56000000000196,2.8000000000001997,2,decelerate,-3.0,-2.9999999999999982,261.2000000000005,0.0,2,0,active-inactive,-0.20758649706840515,0.0492168627679348,0.055965714156627655,2,0.055965714156627655,0.0492168627679348,0.006748851388692856,0.2635522112250328,"[true, true, true]",False,False,False,67001,0,0843ed3f032eeea0612c508f007d708852bd5b1fffa62c033181097389bc1972,validation_004,1,3,1533910378,7,,
67,13.4,B,mainline,False,True,261.2000000000005,0.0,0,maintain,0.0,0.0,236.56000000000196,2.8000000000001997,2,0,active-inactive,0.09400229156017303,0.12465623021125793,0.011514011770486832,1,0.12465623021125793,0.09400229156017303,0.0306539386510849,0.1131422184407711,"[true, true, true]",False,False,False,67001,0,0843ed3f032eeea0612c508f007d708852bd5b1fffa62c033181097389bc1972,validation_004,1,3,1533910378,7,,
68,13.600000000000001,A,ramp,True,False,237.060000000002,2.2000000000002,2,decelerate,-3.0,-2.9999999999999982,261.2000000000005,0.0,2,0,active-inactive,-0.20652790367603302,0.04996214807033539,0.05516171455383301,2,0.05516171455383301,0.04996214807033539,0.00519956648349762,0.26168961822986603,"[true, true, true]",False,False,False,67001,0,0843ed3f032eeea0612c508f007d708852bd5b1fffa62c033181097389bc1972,validation_004,1,3,1533910378,7,,
68,13.600000000000001,B,mainline,False,True,261.2000000000005,0.0,0,maintain,0.0,0.0,237.060000000002,2.2000000000002,2,0,active-inactive,0.09424112737178802,0.12380778789520264,0.012322723865509033,1,0.12380778789520264,0.09424112737178802,0.029566660523414612,0.1114850640296936,"[true, true, true]",False,False,False,67001,0,0843ed3f032eeea0612c508f007d708852bd5b1fffa62c033181097389bc1972,validation_004,1,3,1533910378,7,,
69,13.8,A,ramp,True,False,237.44000000000204,1.6000000000002004,2,decelerate,-3.0,-2.9999999999999982,261.2000000000005,0.0,2,0,active-inactive,-0.20560133457183838,0.05072410777211189,0.05451077222824097,2,0.05451077222824097,0.05072410777211189,0.003786664456129074,0.26011210680007935,"[true, true, true]",False,False,False,67001,0,0843ed3f032eeea0612c508f007d708852bd5b1fffa62c033181097389bc1972,validation_004,1,3,1533910378,7,,
69,13.8,B,mainline,False,True,261.2000000000005,0.0,0,maintain,0.0,0.0,237.44000000000204,1.6000000000002004,2,0,active-inactive,0.09434367716312408,0.12277227640151978,0.013135258108377457,1,0.12277227640151978,0.09434367716312408,0.02842859923839569,0.10963701829314232,"[true, true, true]",False,False,False,67001,0,0843ed3f032eeea0612c508f007d708852bd5b1fffa62c033181097389bc1972,validation_004,1,3,1533910378,7,,
70,14.0,A,ramp,True,False,237.7000000000021,1.0000000000002007,2,decelerate,-3.0,-3.0000000000000004,261.2000000000005,0.0,2,0,active-inactive,-0.20467622578144073,0.0514567531645298,0.05385692045092583,2,0.05385692045092583,0.0514567531645298,0.0024001672863960266,0.25853314623236656,"[true, true, true]",False,False,False,67001,0,0843ed3f032eeea0612c508f007d708852bd5b1fffa62c033181097389bc1972,validation_004,1,3,1533910378,7,,
70,14.0,B,mainline,False,True,261.2000000000005,0.0,0,maintain,0.0,0.0,237.7000000000021,1.0000000000002007,2,0,active-inactive,0.09428790956735611,0.12143350392580032,0.013892501592636108,1,0.12143350392580032,0.09428790956735611,0.027145594358444214,0.10754100233316422,"[true, true, true]",False,False,False,67001,0,0843ed3f032eeea0612c508f007d708852bd5b1fffa62c033181097389bc1972,validation_004,1,3,1533910378,7,,
71,14.200000000000001,A,ramp,True,False,237.84000000000214,0.40000000000020064,2,decelerate,-3.0,0.0,261.2000000000005,0.0,2,0,active-inactive,-0.20375335216522217,0.05215991288423538,0.05320108309388161,2,0.05320108309388161,0.05215991288423538,0.001041170209646225,0.2569544352591038,"[true, true, true]",False,False,False,67001,0,0843ed3f032eeea0612c508f007d708852bd5b1fffa62c033181097389bc1972,validation_004,1,3,1533910378,7,,
71,14.200000000000001,B,mainline,False,True,261.2000000000005,0.0,0,maintain,0.0,0.0,237.84000000000214,0.40000000000020064,2,0,active-inactive,0.09425560384988785,0.12020404636859894,0.014651842415332794,1,0.12020404636859894,0.09425560384988785,0.02594844251871109,0.10555220395326614,"[true, true, true]",False,False,False,67001,0,0843ed3f032eeea0612c508f007d708852bd5b1fffa62c033181097389bc1972,validation_004,1,3,1533910378,7,,
72,14.4,A,ramp,True,False,237.86666666666886,0.0,1,accelerate,-3.0,1.9999999999999996,261.2000000000005,0.0,1,0,active-inactive,-0.20294518768787384,0.05262575298547745,0.05251448228955269,1,0.05262575298547745,0.05251448228955269,0.00011127069592475891,0.2555709406733513,"[true, true, true]",False,False,False,67001,0,0843ed3f032eeea0612c508f007d708852bd5b1fffa62c033181097389bc1972,validation_004,1,3,1533910378,7,,
72,14.4,B,mainline,False,True,261.2000000000005,0.0,0,maintain,0.0,0.0,237.86666666666886,0.0,1,0,active-inactive,0.09418732672929764,0.11967073380947113,0.01526852697134018,1,0.11967073380947113,0.09418732672929764,0.025483407080173492,0.10440220683813095,"[true, true, true]",False,False,False,67001,0,0843ed3f032eeea0612c508f007d708852bd5b1fffa62c033181097389bc1972,validation_004,1,3,1533910378,7,,
73,14.600000000000001,A,ramp,True,False,237.90666666666885,0.4,1,accelerate,2.0,1.9999999999999996,261.2000000000005,0.0,1,0,active-inactive,-0.20260196924209595,0.05223295837640762,0.051761381328105927,1,0.05223295837640762,0.051761381328105927,0.0004715770483016968,0.25483492761850357,"[true, true, true]",False,False,False,67001,0,0843ed3f032eeea0612c508f007d708852bd5b1fffa62c033181097389bc1972,validation_004,1,3,1533910378,7,,
73,14.600000000000001,B,mainline,False,True,261.2000000000005,0.0,0,maintain,0.0,0.0,237.90666666666885,0.4,1,0,active-inactive,0.093313068151474,0.12024103105068207,0.015175491571426392,1,0.12024103105068207,0.093313068151474,0.02692796289920807,0.10506553947925568,"[true, true, true]",False,False,False,67001,0,0843ed3f032eeea0612c508f007d708852bd5b1fffa62c033181097389bc1972,validation_004,1,3,1533910378,7,,
74,14.8,A,ramp,True,False,238.02666666666886,0.7999999999999999,1,accelerate,2.0,2.0000000000000018,261.2000000000005,0.0,1,0,active-inactive,-0.20227649807929993,0.05182035267353058,0.05108679085969925,1,0.05182035267353058,0.05108679085969925,0.0007335618138313293,0.2540968507528305,"[true, true, true]",False,False,False,67001,0,0843ed3f032eeea0612c508f007d708852bd5b1fffa62c033181097389bc1972,validation_004,1,3,1533910378,7,,
74,14.8,B,mainline,False,True,261.2000000000005,0.0,0,maintain,0.0,0.0,238.02666666666886,0.7999999999999999,1,0,active-inactive,0.0925455242395401,0.12079651653766632,0.015035256743431091,1,0.12079651653766632,0.0925455242395401,0.02825099229812622,0.10576125979423523,"[true, true, true]",False,False,False,67001,0,0843ed3f032eeea0612c508f007d708852bd5b1fffa62c033181097389bc1972,validation_004,1,3,1533910378,7,,
75,15.0,A,ramp,True,False,238.22666666666888,1.2,1,accelerate,2.0,2.0000000000000018,261.2000000000005,0.0,1,0,active-inactive,-0.20204390585422516,0.05142576992511749,0.05052715539932251,1,0.05142576992511749,0.05052715539932251,0.0008986145257949829,0.25346967577934265,"[true, true, true]",False,False,False,67001,0,0843ed3f032eeea0612c508f007d708852bd5b1fffa62c033181097389bc1972,validation_004,1,3,1533910378,7,,
75,15.0,B,mainline,False,True,261.2000000000005,0.0,0,maintain,0.0,0.0,238.22666666666888,1.2,1,0,active-inactive,0.09164445102214813,0.12152282893657684,0.014898918569087982,1,0.12152282893657684,0.09164445102214813,0.02987837791442871,0.10662391036748886,"[true, true, true]",False,False,False,67001,0,0843ed3f032eeea0612c508f007d708852bd5b1fffa62c033181097389bc1972,validation_004,1,3,1533910378,7,,
76,15.200000000000001,A,ramp,True,False,238.50666666666885,1.6000000000000003,1,accelerate,2.0,1.9999999999999973,261.2000000000005,0.0,1,0,active-inactive,-0.20190314948558807,0.05096569284796715,0.04994988068938255,1,0.05096569284796715,0.04994988068938255,0.0010158121585845947,0.2528688423335552,"[true, true, true]",False,False,False,67001,0,0843ed3f032eeea0612c508f007d708852bd5b1fffa62c033181097389bc1972,validation_004,1,3,1533910378,7,,
76,15.200000000000001,B,mainline,False,True,261.2000000000005,0.0,0,maintain,0.0,0.0,238.50666666666885,1.6000000000000003,1,0,active-inactive,0.09082894027233124,0.12227563560009003,0.0147804394364357,1,0.12227563560009003,0.09082894027233124,0.03144669532775879,0.10749519616365433,"[true, true, true]",False,False,False,67001,0,0843ed3f032eeea0612c508f007d708852bd5b1fffa62c033181097389bc1972,validation_004,1,3,1533910378,7,,
77,15.4,A,ramp,True,False,238.86666666666886,2.0000000000000004,1,accelerate,2.0,2.0000000000000018,261.2000000000005,0.0,1,0,active-inactive,-0.20182543992996216,0.050524935126304626,0.04944942891597748,1,0.050524935126304626,0.04944942891597748,0.0010755062103271484,0.2523503750562668,"[true, true, true]",False,False,False,67001,0,0843ed3f032eeea0612c508f007d708852bd5b1fffa62c033181097389bc1972,validation_004,1,3,1533910378,7,,
77,15.4,B,mainline,False,True,261.2000000000005,0.0,0,maintain,0.0,0.0,238.86666666666886,2.0000000000000004,1,0,active-inactive,0.09013481438159943,0.12297771871089935,0.014638394117355347,1,0.12297771871089935,0.09013481438159943,0.03284290432929993,0.108339324593544,"[true, true, true]",False,False,False,67001,0,0843ed3f032eeea0612c508f007d708852bd5b1fffa62c033181097389bc1972,validation_004,1,3,1533910378,7,,
78,15.600000000000001,A,ramp,True,False,239.30666666666886,2.400000000000001,1,accelerate,2.0,2.0000000000000018,261.2000000000005,0.0,1,0,active-inactive,-0.20180226862430573,0.050104737281799316,0.049017004668712616,1,0.050104737281799316,0.049017004668712616,0.0010877326130867004,0.25190700590610504,"[true, true, true]",False,False,False,67001,0,0843ed3f032eeea0612c508f007d708852bd5b1fffa62c033181097389bc1972,validation_004,1,3,1533910378,7,,
78,15.600000000000001,B,mainline,False,True,261.2000000000005,0.0,0,maintain,0.0,0.0,239.30666666666886,2.400000000000001,1,0,active-inactive,0.0895746648311615,0.12367858737707138,0.014462046325206757,1,0.12367858737707138,0.0895746648311615,0.03410392254590988,0.10921654105186462,"[true, true, true]",False,False,False,67001,0,0843ed3f032eeea0612c508f007d708852bd5b1fffa62c033181097389bc1972,validation_004,1,3,1533910378,7,,
79,15.8,A,ramp,True,False,239.82666666666884,2.800000000000001,1,accelerate,2.0,2.0000000000000018,261.2000000000005,0.0,1,0,active-inactive,-0.20184969902038574,0.04971219599246979,0.04867066442966461,1,0.04971219599246979,0.04867066442966461,0.0010415315628051758,0.25156189501285553,"[true, true, true]",False,False,False,67001,0,0843ed3f032eeea0612c508f007d708852bd5b1fffa62c033181097389bc1972,validation_004,1,3,1533910378,7,,
79,15.8,B,mainline,False,True,261.2000000000005,0.0,0,maintain,0.0,0.0,239.82666666666884,2.800000000000001,1,0,active-inactive,0.089150570333004,0.12407977133989334,0.014175627380609512,1,0.12407977133989334,0.089150570333004,0.03492920100688934,0.10990414395928383,"[true, true, true]",False,False,False,67001,0,0843ed3f032eeea0612c508f007d708852bd5b1fffa62c033181097389bc1972,validation_004,1,3,1533910378,7,,
80,16.0,A,ramp,True,False,240.42666666666886,3.2000000000000015,1,accelerate,2.0,2.0000000000000018,261.2000000000005,0.0,1,0,active-inactive,-0.20202717185020447,0.04936924949288368,0.04848072677850723,1,0.04936924949288368,0.04848072677850723,0.0008885227143764496,0.25139642134308815,"[true, true, true]",False,False,False,67001,0,0843ed3f032eeea0612c508f007d708852bd5b1fffa62c033181097389bc1972,validation_004,1,3,1533910378,7,,
80,16.0,B,mainline,False,True,261.2000000000005,0.0,0,maintain,0.0,0.0,240.42666666666886,3.2000000000000015,1,0,active-inactive,0.0887780711054802,0.12445300817489624,0.01386817917227745,1,0.12445300817489624,0.0887780711054802,0.035674937069416046,0.11058482900261879,"[true, true, true]",False,False,False,67001,0,0843ed3f032eeea0612c508f007d708852bd5b1fffa62c033181097389bc1972,validation_004,1,3,1533910378,7,,
81,16.2,A,ramp,True,False,241.10666666666887,3.600000000000002,1,accelerate,2.0,1.999999999999993,261.2000000000005,0.0,1,0,active-inactive,-0.2022467702627182,0.049046147614717484,0.0483413003385067,1,0.049046147614717484,0.0483413003385067,0.0007048472762107849,0.2512929178774357,"[true, true, true]",False,False,False,67001,0,0843ed3f032eeea0612c508f007d708852bd5b1fffa62c033181097389bc1972,validation_004,1,3,1533910378,7,,
81,16.2,B,mainline,False,True,261.2000000000005,0.0,0,maintain,0.0,0.0,241.10666666666887,3.600000000000002,1,0,active-inactive,0.08833977580070496,0.1248893290758133,0.013383671641349792,1,0.1248893290758133,0.08833977580070496,0.03654955327510834,0.1115056574344635,"[true, true, true]",False,False,False,67001,0,0843ed3f032eeea0612c508f007d708852bd5b1fffa62c033181097389bc1972,validation_004,1,3,1533910378,7,,
82,16.400000000000002,A,ramp,True,False,241.86666666666886,4.000000000000002,1,accelerate,2.0,1.999999999999993,261.2000000000005,0.0,1,0,active-inactive,-0.20250435173511505,0.04874228686094284,0.04824667051434517,1,0.04874228686094284,0.04824667051434517,0.0004956163465976715,0.2512466385960579,"[true, true, true]",False,False,False,67001,0,0843ed3f032eeea0612c508f007d708852bd5b1fffa62c033181097389bc1972,validation_004,1,3,1533910378,7,,
82,16.400000000000002,B,mainline,False,True,261.2000000000005,0.0,0,maintain,0.0,0.0,241.86666666666886,4.000000000000002,1,0,active-inactive,0.08787232637405396,0.12536437809467316,0.012779444456100464,1,0.12536437809467316,0.08787232637405396,0.0374920517206192,0.11258493363857269,"[true, true, true]",False,False,False,67001,0,0843ed3f032eeea0612c508f007d708852bd5b1fffa62c033181097389bc1972,validation_004,1,3,1533910378,7,,
83,16.6,A,ramp,True,False,242.70666666666887,4.4,1,accelerate,2.0,1.999999999999993,261.2000000000005,0.0,1,0,active-inactive,-0.2027958631515503,0.04845716431736946,0.04819139465689659,1,0.04845716431736946,0.04819139465689659,0.0002657696604728699,0.25125302746891975,"[true, true, true]",False,False,False,67001,0,0843ed3f032eeea0612c508f007d708852bd5b1fffa62c033181097389bc1972,validation_004,1,3,1533910378,7,,
83,16.6,B,mainline,False,True,261.2000000000005,0.0,0,maintain,0.0,0.0,242.70666666666887,4.4,1,0,active-inactive,0.08745640516281128,0.12582755088806152,0.012171149253845215,1,0.12582755088806152,0.08745640516281128,0.038371145725250244,0.11365640163421631,"[true, true, true]",False,False,False,67001,0,0843ed3f032eeea0612c508f007d708852bd5b1fffa62c033181097389bc1972,validation_004,1,3,1533910378,7,,
84,16.8,A,ramp,True,False,243.62666666666885,4.799999999999999,1,accelerate,2.0,1.999999999999993,261.2000000000005,0.0,1,0,active-inactive,-0.2031175196170807,0.048190392553806305,0.04817026108503342,1,0.048190392553806305,0.04817026108503342,2.0131468772888184e-05,0.251307912170887,"[true, true, true]",False,False,False,67001,0,0843ed3f032eeea0612c508f007d708852bd5b1fffa62c033181097389bc1972,validation_004,1,3,1533910378,7,,
84,16.8,B,mainline,False,True,261.2000000000005,0.0,0,maintain,0.0,0.0,243.62666666666885,4.799999999999999,1,0,active-inactive,0.08702115714550018,0.1263568103313446,0.01162712275981903,1,0.1263568103313446,0.08702115714550018,0.03933565318584442,0.11472968757152557,"[true, true, true]",False,False,False,67001,0,0843ed3f032eeea0612c508f007d708852bd5b1fffa62c033181097389bc1972,validation_004,1,3,1533910378,7,,
85,17.0,A,ramp,True,False,244.62666666666885,5.1999999999999975,2,decelerate,2.0,-3.000000000000007,261.2000000000005,0.0,2,0,active-inactive,-0.20346564054489136,0.047941550612449646,0.048178307712078094,2,0.048178307712078094,0.047941550612449646,0.00023675709962844849,0.25164394825696945,"[true, true, true]",False,False,False,67001,0,0843ed3f032eeea0612c508f007d708852bd5b1fffa62c033181097389bc1972,validation_004,1,3,1533910378,7,,
85,17.0,B,mainline,False,True,261.2000000000005,0.0,0,maintain,0.0,0.0,244.62666666666885,5.1999999999999975,2,0,active-inactive,0.08651744574308395,0.12700515985488892,0.011193839833140373,1,0.12700515985488892,0.08651744574308395,0.04048771411180496,0.11581132002174854,"[true, true, true]",False,False,False,67001,0,0843ed3f032eeea0612c508f007d708852bd5b1fffa62c033181097389bc1972,validation_004,1,3,1533910378,7,,
86,17.2,A,ramp,True,False,245.60666666666884,4.599999999999996,1,accelerate,-3.0,1.999999999999993,261.2000000000005,0.0,1,0,active-inactive,-0.20319190621376038,0.048789262771606445,0.04829131439328194,1,0.048789262771606445,0.04829131439328194,0.0004979483783245087,0.2519811689853668,"[true, true, true]",False,False,False,67001,0,0843ed3f032eeea0612c508f007d708852bd5b1fffa62c033181097389bc1972,validation_004,1,3,1533910378,7,,
86,17.2,B,mainline,False,True,261.2000000000005,0.0,0,maintain,0.0,0.0,245.60666666666884,4.599999999999996,1,0,active-inactive,0.08758056163787842,0.1261305958032608,0.012184230610728264,1,0.1261305958032608,0.08758056163787842,0.038550034165382385,0.11394636519253254,"[true, true, true]",False,False,False,67001,0,0843ed3f032eeea0612c508f007d708852bd5b1fffa62c033181097389bc1972,validation_004,1,3,1533910378,7,,
87,17.400000000000002,A,ramp,True,False,246.56666666666885,4.999999999999995,1,accelerate,2.0,1.999999999999993,261.2000000000005,0.0,1,0,active-inactive,-0.2035222202539444,0.04852557182312012,0.04827950894832611,1,0.04852557182312012,0.04827950894832611,0.00024606287479400635,0.2520477920770645,"[true, true, true]",False,False,False,67001,0,0843ed3f032eeea0612c508f007d708852bd5b1fffa62c033181097389bc1972,validation_004,1,3,1533910378,7,,
87,17.400000000000002,B,mainline,False,True,261.2000000000005,0.0,0,maintain,0.0,0.0,246.56666666666885,4.999999999999995,1,0,active-inactive,0.08705148100852966,0.1267794370651245,0.011748295277357101,1,0.1267794370651245,0.08705148100852966,0.03972795605659485,0.11503114178776741,"[true, true, true]",False,False,False,67001,0,0843ed3f032eeea0612c508f007d708852bd5b1fffa62c033181097389bc1972,validation_004,1,3,1533910378,7,,
88,17.6,A,ramp,True,False,247.60666666666884,5.399999999999993,2,decelerate,2.0,-3.000000000000007,261.2000000000005,0.0,2,0,active-inactive,-0.20387433469295502,0.04827996715903282,0.048290371894836426,2,0.048290371894836426,0.04827996715903282,1.0404735803604126e-05,0.25216470658779144,"[true, true, true]",False,False,False,67001,0,0843ed3f032eeea0612c508f007d708852bd5b1fffa62c033181097389bc1972,validation_004,1,3,1533910378,7,,
88,17.6,B,mainline,False,True,261.2000000000005,0.0,0,maintain,0.0,0.0,247.60666666666884,5.399999999999993,2,0,active-inactive,0.08654847741127014,0.12743118405342102,0.011322066187858582,1,0.12743118405342102,0.08654847741127014,0.04088270664215088,0.11610911786556244,"[true, true, true]",False,False,False,67001,0,0843ed3f032eeea0612c508f007d708852bd5b1fffa62c033181097389bc1972,validation_004,1,3,1533910378,7,,
89,17.8,A,ramp,True,False,248.62666666666885,4.799999999999992,1,accelerate,-3.0,1.999999999999993,261.2000000000005,0.0,1,0,active-inactive,-0.203761488199234,0.04908625781536102,0.04834989458322525,1,0.04908625781536102,0.04834989458322525,0.0007363632321357727,0.25284774601459503,"[true, true, true]",False,False,False,67001,0,0843ed3f032eeea0612c508f007d708852bd5b1fffa62c033181097389bc1972,validation_004,1,3,1533910378,7,,
89,17.8,B,mainline,False,True,261.2000000000005,0.0,0,maintain,0.0,0.0,248.62666666666885,4.799999999999992,1,0,active-inactive,0.08760927617549896,0.12655974924564362,0.012319520115852356,1,0.12655974924564362,0.08760927617549896,0.03895047307014465,0.11424022912979126,"[true, true, true]",False,False,False,67001,0,0843ed3f032eeea0612c508f007d708852bd5b1fffa62c033181097389bc1972,validation_004,1,3,1533910378,7,,
90,18.0,A,ramp,True,False,249.62666666666885,5.19999999999999,1,accelerate,2.0,1.999999999999993,261.2000000000005,0.0,1,0,active-inactive,-0.20431238412857056,0.04876392334699631,0.04826115444302559,1,0.04876392334699631,0.04826115444302559,0.0005027689039707184,0.25307630747556686,"[true, true, true]",False,False,False,67001,0,0843ed3f032eeea0612c508f007d708852bd5b1fffa62c033181097389bc1972,validation_004,1,3,1533910378,7,,
90,18.0,B,mainline,False,True,261.2000000000005,0.0,0,maintain,0.0,0.0,249.62666666666885,5.19999999999999,1,0,active-inactive,0.08707569539546967,0.1272115409374237,0.011890683323144913,1,0.1272115409374237,0.08707569539546967,0.04013584554195404,0.1153208576142788,"[true, true, true]",False,False,False,67001,0,0843ed3f032eeea0612c508f007d708852bd5b1fffa62c033181097389bc1972,validation_004,1,3,1533910378,7,,
91,18.2,A,ramp,True,False,250.70666666666887,5.599999999999989,1,accelerate,2.0,1.999999999999993,261.2000000000005,0.0,1,0,active-inactive,-0.2048986703157425,0.048455480486154556,0.04818752408027649,1,0.048455480486154556,0.04818752408027649,0.000267956405878067,0.25335415080189705,"[true, true, true]",False,False,False,67001,0,0843ed3f032eeea0612c508f007d708852bd5b1fffa62c033181097389bc1972,validation_004,1,3,1533910378,7,,
91,18.2,B,mainline,False,True,261.2000000000005,0.0,0,maintain,0.0,0.0,250.70666666666887,5.599999999999989,1,0,active-inactive,0.0865665003657341,0.12786602973937988,0.011471536010503769,1,0.12786602973937988,0.0865665003657341,0.04129952937364578,0.11639449372887611,"[true, true, true]",False,False,False,67001,0,0843ed3f032eeea0612c508f007d708852bd5b1fffa62c033181097389bc1972,validation_004,1,3,1533910378,7,,
92,18.400000000000002,A,ramp,True,False,251.86666666666883,5.999999999999988,1,accelerate,2.0,1.999999999999993,261.2000000000005,0.0,1,0,active-inactive,-0.20551922917366028,0.04816048592329025,0.0481267012655735,1,0.04816048592329025,0.0481267012655735,3.37846577167511e-05,0.25367971509695053,"[true, true, true]",False,False,False,67001,0,0843ed3f032eeea0612c508f007d708852bd5b1fffa62c033181097389bc1972,validation_004,1,3,1533910378,7,,
92,18.400000000000002,B,mainline,False,True,261.2000000000005,0.0,0,maintain,0.0,0.0,251.86666666666883,5.999999999999988,1,0,active-inactive,0.08607985079288483,0.12852326035499573,0.011062204837799072,1,0.12852326035499573,0.08607985079288483,0.0424434095621109,0.11746105551719666,"[true, true, true]",False,False,False,67001,0,0843ed3f032eeea0612c508f007d708852bd5b1fffa62c033181097389bc1972,validation_004,1,3,1533910378,7,,
93,18.6,A,ramp,True,False,253.10666666666884,6.399999999999986,2,decelerate,2.0,-3.000000000000007,261.2000000000005,0.0,2,0,active-inactive,-0.2061728537082672,0.04787852242588997,0.048076167702674866,2,0.048076167702674866,0.04787852242588997,0.00019764527678489685,0.2542490214109421,"[true, true, true]",False,False,False,67001,0,0843ed3f032eeea0612c508f007d708852bd5b1fffa62c033181097389bc1972,validation_004,1,3,1533910378,7,,
93,18.6,B,mainline,False,True,261.2000000000005,0.0,0,maintain,0.0,0.0,253.10666666666884,6.399999999999986,2,0,active-inactive,0.08561371266841888,0.12918323278427124,0.010662892833352089,1,0.12918323278427124,0.08561371266841888,0.043569520115852356,0.11852033995091915,"[true, true, true]",False,False,False,67001,0,0843ed3f032eeea0612c508f007d708852bd5b1fffa62c033181097389bc1972,validation_004,1,3,1533910378,7,,
94,18.8,A,ramp,True,False,254.32666666666884,5.799999999999985,1,accelerate,-3.0,1.999999999999993,261.2000000000005,0.0,1,0,active-inactive,-0.2062758207321167,0.04867124557495117,0.048098474740982056,1,0.04867124557495117,0.048098474740982056,0.0005727708339691162,0.25494706630706787,"[true, true, true]",False,False,False,67001,0,0843ed3f032eeea0612c508f007d708852bd5b1fffa62c033181097389bc1972,validation_004,1,3,1533910378,7,,
94,18.8,B,mainline,False,True,261.2000000000005,0.0,0,maintain,0.0,0.0,254.32666666666884,5.799999999999985,1,0,active-inactive,0.08670878410339355,0.12832015752792358,0.011687517166137695,1,0.12832015752792358,0.08670878410339355,0.04161137342453003,0.11663264036178589,"[true, true, true]",False,False,False,67001,0,0843ed3f032eeea0612c508f007d708852bd5b1fffa62c033181097389bc1972,validation_004,1,3,1533910378,7,,
95,19.0,A,ramp,True,False,255.52666666666883,6.199999999999983,1,accelerate,2.0,1.999999999999993,261.2000000000005,0.0,1,0,active-inactive,-0.2069036364555359,0.04837345331907272,0.048017460852861404,1,0.04837345331907272,0.048017460852861404,0.00035599246621131897,0.2552770897746086,"[true, true, true]",False,False,False,67001,0,0843ed3f032eeea0612c508f007d708852bd5b1fffa62c033181097389bc1972,validation_004,1,3,1533910378,7,,
95,19.0,B,mainline,False,True,261.2000000000005,0.0,0,maintain,0.0,0.0,255.52666666666883,6.199999999999983,1,0,active-inactive,0.08620872348546982,0.1289805918931961,0.011286059394478798,1,0.1289805918931961,0.08620872348546982,0.04277186840772629,0.11769453249871731,"[true, true, true]",False,False,False,67001,0,0843ed3f032eeea0612c508f007d708852bd5b1fffa62c033181097389bc1972,validation_004,1,3,1533910378,7,,
96,19.200000000000003,A,ramp,True,False,256.80666666666883,6.599999999999982,2,decelerate,2.0,-3.000000000000007,261.2000000000005,0.0,2,0,active-inactive,-0.20743630826473236,0.04796622321009636,0.047996263951063156,2,0.047996263951063156,0.04796622321009636,3.0040740966796875e-05,0.2554325722157955,"[true, true, true]",False,False,False,67001,0,0843ed3f032eeea0612c508f007d708852bd5b1fffa62c033181097389bc1972,validation_004,1,3,1533910378,7,,
96,19.200000000000003,B,mainline,False,True,261.2000000000005,0.0,0,maintain,0.0,0.0,256.80666666666883,6.599999999999982,2,0,active-inactive,0.08577046543359756,0.12958112359046936,0.010911872610449791,1,0.12958112359046936,0.08577046543359756,0.043810658156871796,0.11866925098001957,"[true, true, true]",False,False,False,67001,0,0843ed3f032eeea0612c508f007d708852bd5b1fffa62c033181097389bc1972,validation_004,1,3,1533910378,7,,
97,19.400000000000002,A,ramp,True,False,258.0666666666688,5.9999999999999805,1,accelerate,-3.0,1.999999999999993,261.2000000000005,0.0,1,0,active-inactive,-0.20761358737945557,0.048823852092027664,0.04796689748764038,1,0.048823852092027664,0.04796689748764038,0.0008569546043872833,0.25643743947148323,"[true, true, true]",False,False,False,67001,0,0843ed3f032eeea0612c508f007d708852bd5b1fffa62c033181097389bc1972,validation_004,1,3,1533910378,7,,
97,19.400000000000002,B,mainline,False,True,261.2000000000005,0.0,0,maintain,0.0,0.0,258.0666666666688,5.9999999999999805,1,0,active-inactive,0.08676348626613617,0.1285066455602646,0.011912629008293152,1,0.1285066455602646,0.08676348626613617,0.04174315929412842,0.11659401655197144,"[true, true, true]",False,False,False,67001,0,0843ed3f032eeea0612c508f007d708852bd5b1fffa62c033181097389bc1972,validation_004,1,3,1533910378,7,,
98,19.6,A,ramp,True,False,259.30666666666883,6.399999999999979,1,accelerate,2.0,0.0,261.2000000000005,0.0,1,0,active-inactive,-0.20806625485420227,0.048352308571338654,0.047930795699357986,1,0.048352308571338654,0.047930795699357986,0.0004215128719806671,0.2564185634255409,"[true, true, true]",False,True,False,67001,0,0843ed3f032eeea0612c508f007d708852bd5b1fffa62c033181097389bc1972,validation_004,1,3,1533910378,7,,
98,19.6,B,mainline,False,True,261.2000000000005,0.0,0,maintain,0.0,0.0,259.30666666666883,6.399999999999979,1,0,active-inactive,0.08632940798997879,0.1290709376335144,0.011552751064300537,1,0.1290709376335144,0.08632940798997879,0.042741529643535614,0.11751818656921387,"[true, true, true]",False,True,False,67001,0,0843ed3f032eeea0612c508f007d708852bd5b1fffa62c033181097389bc1972,validation_004,1,3,1533910378,7,,
0,0.0,A,mainline,True,False,38.4,16.0,1,accelerate,0.0,2.0000000000000284,32.0,20.0,1,1,accelerate-accelerate,-0.13537132740020752,0.0057924166321754456,-0.05748182535171509,1,0.0057924166321754456,-0.05748182535171509,0.06327424198389053,0.14116374403238297,"[true, true, true]",False,False,False,67001,0,0843ed3f032eeea0612c508f007d708852bd5b1fffa62c033181097389bc1972,validation_005,0,4,1209862819,8,,
0,0.0,B,ramp,True,False,32.0,20.0,1,accelerate,0.0,2.0000000000000284,38.4,16.0,1,1,accelerate-accelerate,0.030202196910977364,0.10220391303300858,-0.05413470417261124,1,0.10220391303300858,0.030202196910977364,0.07200171612203121,0.1563386172056198,"[true, true, true]",False,False,False,67001,0,0843ed3f032eeea0612c508f007d708852bd5b1fffa62c033181097389bc1972,validation_005,0,4,1209862819,8,,
1,0.2,A,mainline,True,False,41.64,16.400000000000006,1,accelerate,2.0,2.0000000000000284,36.04,20.400000000000006,1,1,accelerate-accelerate,-0.13112159073352814,0.004668921232223511,-0.055604487657547,1,0.004668921232223511,-0.055604487657547,0.06027340888977051,0.13579051196575165,"[true, true, true]",False,False,False,67001,0,0843ed3f032eeea0612c508f007d708852bd5b1fffa62c033181097389bc1972,validation_005,0,4,1209862819,8,,
1,0.2,B,ramp,True,False,36.04,20.400000000000006,1,accelerate,2.0,2.0000000000000284,41.64,16.400000000000006,1,1,accelerate-accelerate,0.03254996985197067,0.10299991816282272,-0.05200548842549324,1,0.10299991816282272,0.03254996985197067,0.07044994831085205,0.15500540658831596,"[true, true, true]",False,False,False,67001,0,0843ed3f032eeea0612c508f007d708852bd5b1fffa62c033181097389bc1972,validation_005,0,4,1209862819,8,,
2,0.4,A,mainline,True,False,44.96,16.80000000000001,1,accelerate,2.0,2.0000000000000284,40.160000000000004,20.80000000000001,1,1,accelerate-accelerate,-0.1273779273033142,0.004050932824611664,-0.05289644002914429,1,0.004050932824611664,-0.05289644002914429,0.05694737285375595,0.13142886012792587,"[true, true, true]",False,False,False,67001,0,0843ed3f032eeea0612c508f007d708852bd5b1fffa62c033181097389bc1972,validation_005,0,4,1209862819,8,,
2,0.4,B,ramp,True,False,40.160000000000004,20.80000000000001,1,accelerate,2.0,2.0000000000000284,44.96,16.80000000000001,1,1,accelerate-accelerate,0.034846410155296326,0.1035056859254837,-0.05005884915590286,1,0.1035056859254837,0.034846410155296326,0.06865927577018738,0.15356453508138657,"[true, true, true]",False,False,False,67001,0,0843ed3f032eeea0612c508f007d708852bd5b1fffa62c033181097389bc1972,validation_005,0,4,1209862819,8,,
3,0.6000000000000001,A,mainline,True,False,48.36000000000001,17.200000000000017,1,accelerate,2.0,2.0000000000000284,44.36000000000001,21.200000000000017,1,1,accelerate-accelerate,-0.12558861076831818,0.003607742488384247,-0.05055970698595047,1,0.003607742488384247,-0.05055970698595047,0.05416744947433472,0.12919635325670242,"[true, true, true]",False,False,False,67001,0,0843ed3f032eeea0612c508f007d708852bd5b1fffa62c033181097389bc1972,validation_005,0,4,1209862819,8,,
3,0.6000000000000001,B,ramp,True,False,44.36000000000001,21.200000000000017,1,accelerate,2.0,2.0000000000000284,48.36000000000001,17.200000000000017,1,1,accelerate-accelerate,0.03661463037133217,0.10385098308324814,-0.04816140979528427,1,0.10385098308324814,0.03661463037133217,0.06723635271191597,0.1520123928785324,"[true, true, true]",False,False,False,67001,0,0843ed3f032eeea0612c508f007d708852bd5b1fffa62c033181097389bc1972,validation_005,0,4,1209862819,8,,
4,0.8,A,mainline,True,False,51.84000000000001,17.600000000000023,1,accelerate,2.0,2.0000000000000284,48.64000000000001,21.600000000000023,1,1,accelerate-accelerate,-0.1256231814622879,0.003207903355360031,-0.04820924997329712,1,0.003207903355360031,-0.04820924997329712,0.05141715332865715,0.12883108481764793,"[true, true, true]",False,False,False,67001,0,0843ed3f032eeea0612c508f007d708852bd5b1fffa62c033181097389bc1972,validation_005,0,4,1209862819,8,,
4,0.8,B,ramp,True,False,48.64000000000001,21.600000000000023,1,accelerate,2.0,2.0000000000000284,51.84000000000001,17.600000000000023,1,1,accelerate-accelerate,0.03728721663355827,0.10482046008110046,-0.046424731612205505,1,0.10482046008110046,0.03728721663355827,0.06753324344754219,0.15124519169330597,"[true, true, true]",False,False,False,67001,0,0843ed3f032eeea0612c508f007d708852bd5b1fffa62c033181097389bc1972,validation_005,0,4,1209862819,8,,
5,1.0,A,mainline,True,False,55.40000000000001,18.00000000000003,1,accelerate,2.0,2.0000000000000284,53.000000000000014,22.00000000000003,1,1,accelerate-accelerate,-0.12598857283592224,0.002778463065624237,-0.04605323076248169,1,0.002778463065624237,-0.04605323076248169,0.048831693828105927,0.12876703590154648,"[true, true, true]",False,False,False,67001,0,0843ed3f032eeea0612c508f007d708852bd5b1fffa62c033181097389bc1972,validation_005,0,4,1209862819,8,,
5,1.0,B,ramp,True,False,53.000000000000014,22.00000000000003,1,accelerate,2.0,2.0000000000000284,55.40000000000001,18.00000000000003,1,1,accelerate-accelerate,0.037783343344926834,0.10594349354505539,-0.04451223462820053,1,0.10594349354505539,0.037783343344926834,0.06816015020012856,0.15045572817325592,"[true, true, true]",False,False,False,67001,0,0843ed3f032eeea0612c508f007d708852bd5b1fffa62c033181097389bc1972,validation_005,0,4,1209862819,8,,
6,1.2000000000000002,A,mainline,True,False,59.04000000000002,18.400000000000034,1,accelerate,2.0,2.0000000000000284,57.44000000000002,22.400000000000034,1,1,accelerate-accelerate,-0.12650465965270996,0.002338521182537079,-0.0439528152346611,1,0.002338521182537079,-0.0439528152346611,0.04629133641719818,0.12884318083524704,"[true, true, true]",False,False,False,67001,0,0843ed3f032eeea0612c508f007d708852bd5b1fffa62c033181097389bc1972,validation_005,0,4,1209862819,8,,
6,1.2000000000000002,B,ramp,True,False,57.44000000000002,22.400000000000034,1,accelerate,2.0,2.0000000000000284,59.04000000000002,18.400000000000034,1,1,accelerate-accelerate,0.03820210322737694,0.10715270042419434,-0.04245315492153168,1,0.10715270042419434,0.03820210322737694,0.0689505971968174,0.149605855345726,"[true, true, true]",False,False,False,67001,0,0843ed3f032eeea0612c508f007d708852bd5b1fffa62c033181097389bc1972,validation_005,0,4,1209862819,8,,
7,1.4000000000000001,A,mainline,True,False,62.760000000000026,18.80000000000004,1,accelerate,2.0,2.0000000000000284,61.96000000000003,22.80000000000004,1,1,accelerate-accelerate,-0.1260828971862793,0.0023618675768375397,-0.04111552983522415,1,0.0023618675768375397,-0.04111552983522415,0.04347739741206169,0.12844476476311684,"[true, true, true]",False,False,False,67001,0,0843ed3f032eeea0612c508f007d708852bd5b1fffa62c033181097389bc1972,validation_005,0,4,1209862819,8,,
7,1.4000000000000001,B,ramp,True,False,61.96000000000003,22.80000000000004,1,accelerate,2.0,2.0000000000000284,62.760000000000026,18.80000000000004,1,1,accelerate-accelerate,0.03950555622577667,0.10806135833263397,-0.04012773185968399,1,0.10806135833263397,0.03950555622577667,0.0685558021068573,0.14818909019231796,"[true, true, true]",False,False,False,67001,0,0843ed3f032eeea0612c508f007d708852bd5b1fffa62c033181097389bc1972,validation_005,0,4,1209862819,8,,
8,1.6,A,mainline,True,False,66.56000000000003,19.200000000000045,1,accelerate,2.0,2.0000000000000284,66.56000000000004,23.200000000000045,1,1,accelerate-accelerate,-0.12522290647029877,0.0015814527869224548,-0.038756363093853,1,0.0015814527869224548,-0.038756363093853,0.04033781588077545,0.12680435925722122,"[true, true, true]",False,False,False,67001,0,0843ed3f032eeea0612c508f007d708852bd5b1fffa62c033181097389bc1972,validation_005,0,4,1209862819,8,,
8,1.6,B,ramp,True,False,66.56000000000004,23.200000000000045,1,accelerate,2.0,2.0000000000000284,66.56000000000003,19.200000000000045,1,1,accelerate-accelerate,0.040938589721918106,0.1096629723906517,-0.03832456097006798,1,0.1096629723906517,0.040938589721918106,0.0687243826687336,0.14798753336071968,"[true, true, true]",False,False,False,67001,0,0843ed3f032eeea0612c508f007d708852bd5b1fffa62c033181097389bc1972,validation_005,0,4,1209862819,8,,
9,1.8,A,mainline,True,False,70.44000000000004,19.60000000000005,1,accelerate,2.0,2.0000000000000284,71.24000000000007,23.60000000000005,1,1,accelerate-accelerate,-0.12449181824922562,0.0010914765298366547,-0.03611258417367935,1,0.0010914765298366547,-0.03611258417367935,0.037204060703516006,0.12558329477906227,"[true, true, true]",False,False,False,67001,0,0843ed3f032eeea0612c508f007d708852bd5b1fffa62c033181097389bc1972,validation_005,0,4,1209862819,8,,
9,1.8,B,ramp,True,False,71.24000000000007,23.60000000000005,1,accelerate,2.0,2.0000000000000284,70.44000000000004,19.60000000000005,1,1,accelerate-accelerate,0.042222511023283005,0.11128732562065125,-0.036853112280368805,1,0.11128732562065125,0.042222511023283005,0.06906481459736824,0.14814043790102005,"[true, true, true]",False,False,False,67001,0,0843ed3f032eeea0612c508f007d708852bd5b1fffa62c033181097389bc1972,validation_005,0,4,1209862819,8,,
10,2.0,A,mainline,True,False,74.40000000000005,20.000000000000057,1,accelerate,2.0,2.0000000000000284,76.00000000000009,24.000000000000057,1,1,accelerate-accelerate,-0.12432034313678741,0.0005123987793922424,-0.03295619413256645,1,0.0005123987793922424,-0.03295619413256645,0.033468592911958694,0.12483274191617966,"[true, true, true]",False,False,False,67001,0,0843ed3f032eeea0612c508f007d708852bd5b1fffa62c033181097389bc1972,validation_005,0,4,1209862819,8,,
10,2.0,B,ramp,True,False,76.00000000000009,24.000000000000057,1,accelerate,2.0,2.0000000000000284,74.40000000000005,20.000000000000057,1,1,accelerate-accelerate,0.04296301677823067,0.11166000366210938,-0.03555432707071304,1,0.11166000366210938,0.04296301677823067,0.06869698688387871,0.14721433073282242,"[true, true, true]",False,False,False,67001,0,0843ed3f032eeea0612c508f007d708852bd5b1fffa62c033181097389bc1972,validation_005,0,4,1209862819,8,,
11,2.2,A,mainline,True,False,78.44000000000005,20.400000000000063,1,accelerate,2.0,2.0000000000000284,80.84000000000009,24.400000000000063,1,1,accelerate-accelerate,-0.12377794086933136,-0.0005539357662200928,-0.029962070286273956,1,-0.0005539357662200928,-0.029962070286273956,0.029408134520053864,0.12322400510311127,"[true, true, true]",False,False,False,67001,0,0843ed3f032eeea0612c508f007d708852bd5b1fffa62c033181097389bc1972,validation_005,0,4,1209862819,8,,
11,2.2,B,ramp,True,False,80.84000000000009,24.400000000000063,1,accelerate,2.0,2.0000000000000284,78.44000000000005,20.400000000000063,1,1,accelerate-accelerate,0.04370586574077606,0.11204645037651062,-0.034236788749694824,1,0.11204645037651062,0.04370586574077606,0.06834058463573456,0.14628323912620544,"[true, true, true]",False,False,False,67001,0,0843ed3f032eeea0612c508f007d708852bd5b1fffa62c033181097389bc1972,validation_005,0,4,1209862819,8,,
12,2.4000000000000004,A,mainline,True,False,82.56000000000007,20.800000000000068,1,accelerate,2.0,2.0000000000000284,85.76000000000009,24.800000000000068,1,1,accelerate-accelerate,-0.12333004176616669,-0.0022813454270362854,-0.027811270207166672,1,-0.0022813454270362854,-0.027811270207166672,0.025529924780130386,0.1210486963391304,"[true, true, true]",False,False,False,67001,0,0843ed3f032eeea0612c508f007d708852bd5b1fffa62c033181097389bc1972,validation_005,0,4,1209862819,8,,
12,2.4000000000000004,B,ramp,True,False,85.76000000000009,24.800000000000068,1,accelerate,2.0,2.0000000000000284,82.56000000000007,20.800000000000068,1,1,accelerate-accelerate,0.04441085085272789,0.11231616139411926,-0.03294958919286728,1,0.11231616139411926,0.04441085085272789,0.06790531054139137,0.14526575058698654,"[true, true, true]",False,False,False,67001,0,0843ed3f032eeea0612c508f007d708852bd5b1fffa62c033181097389bc1972,validation_005,0,4,1209862819,8,,
13,2.6,A,mainline,True,False,86.76000000000009,21.200000000000074,1,accelerate,2.0,2.0000000000000284,90.7600000000001,25.200000000000074,1,1,accelerate-accelerate,-0.12309965491294861,-0.004495508968830109,-0.025922589004039764,1,-0.004495508968830109,-0.025922589004039764,0.021427080035209656,0.1186041459441185,"[true, true, true]",False,False,False,67001,0,0843ed3f032eeea0612c508f007d708852bd5b1fffa62c033181097389bc1972,validation_005,0,4,1209862819,8,,
13,2.6,B,ramp,True,False,90.7600000000001,25.200000000000074,1,accelerate,2.0,2.0000000000000284,86.76000000000009,21.200000000000074,1,1,accelerate-accelerate,0.04506995528936386,0.11238610744476318,-0.03173903003334999,1,0.11238610744476318,0.04506995528936386,0.06731615215539932,0.14412513747811317,"[true, true, true]",False,False,False,67001,0,0843ed3f032eeea0612c508f007d708852bd5b1fffa62c033181097389bc1972,validation_005,0,4,1209862819,8,,
14,2.8000000000000003,A,mainline,True,False,91.0400000000001,21.60000000000008,1,accelerate,2.0,2.0000000000000284,95.84000000000012,25.60000000000008,1,1,accelerate-accelerate,-0.12288545817136765,-0.006783626973628998,-0.0240185484290123,1,-0.006783626973628998,-0.0240185484290123,0.0172349214553833,0.11610183119773865,"[true, true, true]",False,False,False,67001,0,0843ed3f032eeea0612c508f007d708852bd5b1fffa62c033181097389bc1972,validation_005,0,4,1209862819,8,,
14,2.8000000000000003,B,ramp,True,False,95.84000000000012,25.60000000000008,1,accelerate,2.0,2.0000000000000284,91.0400000000001,21.60000000000008,1,1,accelerate-accelerate,0.045788075774908066,0.1124635711312294,-0.030555609613656998,1,0.1124635711312294,0.045788075774908066,0.06667549535632133,0.1430191807448864,"[true, true, true]",False,False,False,67001,0,0843ed3f032eeea0612c508f007d708852bd5b1fffa62c033181097389bc1972,validation_005,0,4,1209862819,8,,
15,3.0,A,mainline,True,False,95.40000000000013,22.000000000000085,1,accelerate,2.0,2.0000000000000284,101.00000000000013,26.000000000000085,1,1,accelerate-accelerate,-0.1228237897157669,-0.009312018752098083,-0.022253818809986115,1,-0.009312018752098083,-0.022253818809986115,0.012941800057888031,0.11351177096366882,"[true, true, true]",False,False,False,67001,0,0843ed3f032eeea0612c508f007d708852bd5b1fffa62c033181097389bc1972,validation_005,0,4,1209862819,8,1.3341739149457368,
15,3.0,B,ramp,True,False,101.00000000000013,26.000000000000085,1,accelerate,2.0,2.0000000000000284,95.40000000000013,22.000000000000085,1,1,accelerate-accelerate,0.04715724289417267,0.11194121837615967,-0.030137494206428528,1,0.11194121837615967,0.04715724289417267,0.064783975481987,0.1420787125825882,"[true, true, true]",False,False,False,67001,0,0843ed3f032eeea0612c508f007d708852bd5b1fffa62c033181097389bc1972,validation_005,0,4,1209862819,8,1.3341739149457368,
16,3.2,A,mainline,True,False,99.84000000000016,22.40000000000009,1,accelerate,2.0,2.0000000000000284,106.24000000000015,26.40000000000009,1,1,accelerate-accelerate,-0.12173888087272644,0.013240937143564224,-0.02232380211353302,1,0.013240937143564224,-0.02232380211353302,0.035564739257097244,0.13497981801629066,"[true, true, true]",False,False,False,67001,0,0843ed3f032eeea0612c508f007d708852bd5b1fffa62c033181097389bc1972,validation_005,0,4,1209862819,8,2.0937561449612616,
16,3.2,B,ramp,True,False,106.24000000000015,26.40000000000009,1,accelerate,2.0,2.0000000000000284,99.84000000000016,22.40000000000009,1,1,accelerate-accelerate,0.07136701047420502,0.08904685825109482,-0.044235728681087494,1,0.08904685825109482,0.07136701047420502,0.0176798477768898,0.1332825869321823,"[true, true, true]",False,False,False,67001,0,0843ed3f032eeea0612c508f007d708852bd5b1fffa62c033181097389bc1972,validation_005,0,4,1209862819,8,2.0937561449612616,
17,3.4000000000000004,A,mainline,True,False,104.36000000000017,22.800000000000097,1,accelerate,2.0,2.0000000000000284,111.56000000000017,26.800000000000097,1,1,accelerate-accelerate,-0.12238676846027374,0.011173732578754425,-0.021639384329319,1,0.011173732578754425,-0.021639384329319,0.032813116908073425,0.13356050103902817,"[true, true, true]",False,False,False,67001,0,0843ed3f032eeea0612c508f007d708852bd5b1fffa62c033181097389bc1972,validation_005,0,4,1209862819,8,2.855467555817114,
17,3.4000000000000004,B,ramp,True,False,111.56000000000017,26.800000000000097,1,accelerate,2.0,2.0000000000000284,104.36000000000017,22.800000000000097,1,1,accelerate-accelerate,0.07221440970897675,0.08812715113162994,-0.04359195753931999,1,0.08812715113162994,0.07221440970897675,0.015912741422653198,0.13171910867094994,"[true, true, true]",False,False,False,67001,0,0843ed3f032eeea0612c508f007d708852bd5b1fffa62c033181097389bc1972,validation_005,0,4,1209862819,8,2.855467555817114,
18,3.6,A,mainline,True,False,108.96000000000018,23.200000000000102,1,accelerate,2.0,2.0000000000000284,116.96000000000019,27.200000000000102,1,1,accelerate-accelerate,-0.12352581322193146,0.009684788063168526,-0.02094075083732605,1,0.009684788063168526,-0.02094075083732605,0.030625538900494576,0.13321060128509998,"[true, true, true]",False,False,False,67001,0,0843ed3f032eeea0612c508f007d708852bd5b1fffa62c033181097389bc1972,validation_005,0,4,1209862819,8,3.627845262100678,
18,3.6,B,ramp,True,False,116.96000000000019,27.200000000000102,1,accelerate,2.0,2.0000000000000284,108.96000000000018,23.200000000000102,1,1,accelerate-accelerate,0.07359621673822403,0.08735346794128418,-0.04243719205260277,1,0.08735346794128418,0.07359621673822403,0.01375725120306015,0.12979065999388695,"[true, true, true]",False,False,False,67001,0,0843ed3f032eeea0612c508f007d708852bd5b1fffa62c033181097389bc1972,validation_005,0,4,1209862819,8,3.627845262100678,
19,3.8000000000000003,A,mainline,True,False,113.6400000000002,23.600000000000108,1,accelerate,2.0,2.0000000000000284,122.44000000000023,27.600000000000108,1,1,accelerate-accelerate,-0.12460722029209137,0.00898900255560875,-0.01979449763894081,1,0.00898900255560875,-0.01979449763894081,0.02878350019454956,0.13359622284770012,"[true, true, true]",False,False,False,67001,0,0843ed3f032eeea0612c508f007d708852bd5b1fffa62c033181097389bc1972,validation_005,0,4,1209862819,8,4.414046424607207,
19,3.8000000000000003,B,ramp,True,False,122.44000000000023,27.600000000000108,1,accelerate,2.0,2.0000000000000284,113.6400000000002,23.600000000000108,1,1,accelerate-accelerate,0.07542160153388977,0.08669749647378922,-0.04084666445851326,1,0.08669749647378922,0.07542160153388977,0.011275894939899445,0.12754416093230247,"[true, true, true]",False,False,False,67001,0,0843ed3f032eeea0612c508f007d708852bd5b1fffa62c033181097389bc1972,validation_005,0,4,1209862819,8,4.414046424607207,
20,4.0,A,mainline,True,False,118.40000000000022,24.000000000000114,1,accelerate,2.0,2.0000000000000284,128.00000000000026,28.000000000000114,1,1,accelerate-accelerate,-0.12572216987609863,0.008494427427649498,-0.018544137477874756,1,0.008494427427649498,-0.018544137477874756,0.027038564905524254,0.13421659730374813,"[true, true, true]",False,False,False,67001,0,0843ed3f032eeea0612c508f007d708852bd5b1fffa62c033181097389bc1972,validation_005,0,4,1209862819,8,5.210323212667163,
20,4.0,B,ramp,True,False,128.00000000000026,28.000000000000114,1,accelerate,2.0,2.0000000000000284,118.40000000000022,24.000000000000114,1,1,accelerate-accelerate,0.0773293599486351,0.08598257601261139,-0.0392894372344017,1,0.08598257601261139,0.0773293599486351,0.008653216063976288,0.1252720132470131,"[true, true, true]",False,False,False,67001,0,0843ed3f032eeea0612c508f007d708852bd5b1fffa62c033181097389bc1972,validation_005,0,4,1209862819,8,5.210323212667163,
21,4.2,A,mainline,True,False,123.24000000000024,24.40000000000012,1,accelerate,2.0,2.0000000000000284,133.64000000000027,28.40000000000012,1,1,accelerate-accelerate,-0.12711672484874725,0.008141927421092987,-0.017102807760238647,1,0.008141927421092987,-0.017102807760238647,0.025244735181331635,0.13525865226984024,"[true, true, true]",False,False,False,67001,0,0843ed3f032eeea0612c508f007d708852bd5b1fffa62c033181097389bc1972,validation_005,0,4,1209862819,8,6.01006877212933,
21,4.2,B,ramp,True,False,133.64000000000027,28.40000000000012,1,accelerate,2.0,2.0000000000000284,123.24000000000024,24.40000000000012,1,1,accelerate-accelerate,0.07923250645399094,0.08524299412965775,-0.037742894142866135,1,0.08524299412965775,0.07923250645399094,0.006010487675666809,0.12298588827252388,"[true, true, true]",False,False,False,67001,0,0843ed3f032eeea0612c508f007d708852bd5b1fffa62c033181097389bc1972,validation_005,0,4,1209862819,8,6.01006877212933,
22,4.4,A,mainline,True,False,128.16000000000025,24.800000000000125,1,accelerate,2.0,2.0000000000000284,139.3600000000003,28.800000000000125,1,1,accelerate-accelerate,-0.12831220030784607,0.007485687732696533,-0.015556730329990387,1,0.007485687732696533,-0.015556730329990387,0.02304241806268692,0.1357978880405426,"[true, true, true]",False,False,False,67001,0,0843ed3f032eeea0612c508f007d708852bd5b1fffa62c033181097389bc1972,validation_005,0,4,1209862819,8,6.810068760523961,
22,4.4,B,ramp,True,False,139.3600000000003,28.800000000000125,1,accelerate,2.0,2.0000000000000284,128.16000000000025,24.800000000000125,1,1,accelerate-accelerate,0.08113089203834534,0.08448516577482224,-0.036206819117069244,1,0.08448516577482224,0.08113089203834534,0.003354273736476898,0.12069198489189148,"[true, true, true]",False,False,False,67001,0,0843ed3f032eeea0612c508f007d708852bd5b1fffa62c033181097389bc1972,validation_005,0,4,1209862819,8,6.810068760523961,
23,4.6000000000000005,A,mainline,True,False,133.16000000000025,25.20000000000013,1,accelerate,2.0,2.0000000000000284,145.16000000000034,29.20000000000013,1,1,accelerate-accelerate,-0.13077114522457123,0.006827946752309799,-0.014301285147666931,1,0.006827946752309799,-0.014301285147666931,0.02112923189997673,0.13759909197688103,"[true, true, true]",False,False,False,67001,0,0843ed3f032eeea0612c508f007d708852bd5b1fffa62c033181097389bc1972,validation_005,0,4,1209862819,8,7.610068760523944,
23,4.6000000000000005,B,ramp,True,False,145.16000000000034,29.20000000000013,1,accelerate,2.0,2.0000000000000284,133.16000000000025,25.20000000000013,1,1,accelerate-accelerate,0.08276760578155518,0.08386092633008957,-0.034370798617601395,1,0.08386092633008957,0.08276760578155518,0.0010933205485343933,0.11823172494769096,"[true, true, true]",False,False,False,67001,0,0843ed3f032eeea0612c508f007d708852bd5b1fffa62c033181097389bc1972,validation_005,0,4,1209862819,8,7.610068760523944,
24,4.800000000000001,A,mainline,True,False,138.2400000000003,25.600000000000136,1,accelerate,2.0,2.0000000000000284,151.04000000000036,29.600000000000136,1,0,accelerate-maintain,-0.1343384087085724,0.0057720281183719635,-0.01286427304148674,1,0.0057720281183719635,-0.01286427304148674,0.018636301159858704,0.14011043682694435,"[true, true, true]",False,False,False,67001,0,0843ed3f032eeea0612c508f007d708852bd5b1fffa62c033181097389bc1972,validation_005,0,4,1209862819,8,8.370068760523992,
24,4.800000000000001,B,ramp,True,False,151.04000000000036,29.600000000000136,0,maintain,2.0,0.0,138.2400000000003,25.600000000000136,1,0,accelerate-maintain,0.08360403776168823,0.08322175592184067,-0.03227504342794418,0,0.08360403776168823,0.08322175592184067,0.0003822818398475647,0.11587908118963242,"[true, true, true]",False,False,False,67001,0,0843ed3f032eeea0612c508f007d708852bd5b1fffa62c033181097389bc1972,validation_005,0,4,1209862819,8,8.370068760523992,
25,5.0,A,mainline,True,False,143.40000000000032,26.000000000000142,1,accelerate,2.0,2.0000000000000284,156.96000000000043,29.600000000000136,1,0,accelerate-maintain,-0.1392158716917038,0.002736765891313553,-0.011252716183662415,1,0.002736765891313553,-0.011252716183662415,0.013989482074975967,0.14195263758301735,"[true, true, true]",False,False,False,67001,0,0843ed3f032eeea0612c508f007d708852bd5b1fffa62c033181097389bc1972,validation_005,0,4,1209862819,8,9.050068760524056,
25,5.0,B,ramp,True,False,156.96000000000043,29.600000000000136,0,maintain,0.0,0.0,143.40000000000032,26.000000000000142,1,0,accelerate-maintain,0.08379580080509186,0.08296392112970352,-0.030176036059856415,0,0.08379580080509186,0.08296392112970352,0.0008318796753883362,0.11397183686494827,"[true, true, true]",False,False,False,67001,0,0843ed3f032eeea0612c508f007d708852bd5b1fffa62c033181097389bc1972,validation_005,0,4,1209862819,8,9.050068760524056,
26,5.2,A,mainline,True,False,148.64000000000033,26.400000000000148,1,accelerate,2.0,2.0000000000000284,162.8800000000005,29.600000000000136,1,0,accelerate-maintain,-0.14469239115715027,0.0008741170167922974,-0.010055605322122574,1,0.0008741170167922974,-0.010055605322122574,0.010929722338914871,0.14556650817394257,"[true, true, true]",False,False,False,67001,0,0843ed3f032eeea0612c508f007d708852bd5b1fffa62c033181097389bc1972,validation_005,0,4,1209862819,8,9.650068760524078,
26,5.2,B,ramp,True,False,162.8800000000005,29.600000000000136,0,maintain,0.0,0.0,148.64000000000033,26.400000000000148,1,0,accelerate-maintain,0.08397216349840164,0.0828610509634018,-0.027803007513284683,0,0.08397216349840164,0.0828610509634018,0.0011111125349998474,0.11177517101168633,"[true, true, true]",False,False,False,67001,0,0843ed3f032eeea0612c508f007d708852bd5b1fffa62c033181097389bc1972,validation_005,0,4,1209862819,8,9.650068760524078,
27,5.4,A,mainline,True,False,153.96000000000038,26.800000000000153,1,accelerate,2.0,2.0000000000000284,168.80000000000058,29.600000000000136,1,0,accelerate-maintain,-0.1499488353729248,-0.00015482306480407715,-0.00884132832288742,1,-0.00015482306480407715,-0.00884132832288742,0.008686505258083344,0.14979401230812073,"[true, true, true]",False,False,False,67001,0,0843ed3f032eeea0612c508f007d708852bd5b1fffa62c033181097389bc1972,validation_005,0,4,1209862819,8,10.170068760524117,
27,5.4,B,ramp,True,False,168.80000000000058,29.600000000000136,0,maintain,0.0,0.0,153.96000000000038,26.800000000000153,1,0,accelerate-maintain,0.08415190875530243,0.0827188640832901,-0.025459274649620056,0,0.08415190875530243,0.0827188640832901,0.001433044672012329,0.10961118340492249,"[true, true, true]",False,False,False,67001,0,0843ed3f032eeea0612c508f007d708852bd5b1fffa62c033181097389bc1972,validation_005,0,4,1209862819,8,10.170068760524117,
28,5.6000000000000005,A,mainline,True,False,159.3600000000004,27.20000000000016,1,accelerate,2.0,2.0000000000000284,174.72000000000065,29.600000000000136,1,0,accelerate-maintain,-0.15525834262371063,-0.0011490769684314728,-0.007639102637767792,1,-0.0011490769684314728,-0.007639102637767792,0.006490025669336319,0.15410926565527916,"[true, true, true]",False,False,False,67001,0,0843ed3f032eeea0612c508f007d708852bd5b1fffa62c033181097389bc1972,validation_005,0,4,1209862819,8,10.610068760524172,
28,5.6000000000000005,B,ramp,True,False,174.72000000000065,29.600000000000136,0,maintain,0.0,0.0,159.3600000000004,27.20000000000016,1,0,accelerate-maintain,0.08494600653648376,0.08287444710731506,-0.023481447249650955,0,0.08494600653648376,0.08287444710731506,0.002071559429168701,0.10842745378613472,"[true, true, true]",False,False,False,67001,0,0843ed3f032eeea0612c508f007d708852bd5b1fffa62c033181097389bc1972,validation_005,0,4,1209862819,8,10.610068760524172,
29,5.800000000000001,A,mainline,True,False,164.84000000000043,27.600000000000165,1,accelerate,2.0,2.0000000000000284,180.64000000000073,29.600000000000136,1,0,accelerate-maintain,-0.16041839122772217,-0.0019869953393936157,-0.006778951734304428,1,-0.0019869953393936157,-0.006778951734304428,0.004791956394910812,0.15843139588832855,"[true, true, true]",False,False,False,67001,0,0843ed3f032eeea0612c508f007d708852bd5b1fffa62c033181097389bc1972,validation_005,0,4,1209862819,8,10.970068760524185,
29,5.800000000000001,B,ramp,True,False,180.64000000000073,29.600000000000136,0,maintain,0.0,0.0,164.84000000000043,27.600000000000165,1,0,accelerate-maintain,0.08597010374069214,0.08373803645372391,-0.021602272987365723,0,0.08597010374069214,0.08373803645372391,0.002232067286968231,0.10757237672805786,"[true, true, true]",False,False,False,67001,0,0843ed3f032eeea0612c508f007d708852bd5b1fffa62c033181097389bc1972,validation_005,0,4,1209862819,8,10.970068760524185,
30,6.0,A,mainline,True,False,170.4000000000005,28.00000000000017,1,accelerate,2.0,2.0000000000000284,186.5600000000008,29.600000000000136,1,0,accelerate-maintain,-0.1642691045999527,-0.0031563155353069305,-0.006512850522994995,1,-0.0031563155353069305,-0.006512850522994995,0.0033565349876880646,0.16111278906464577,"[true, true, true]",False,False,False,67001,0,0843ed3f032eeea0612c508f007d708852bd5b1fffa62c033181097389bc1972,validation_005,0,4,1209862819,8,11.250068760524215,
30,6.0,B,ramp,True,False,186.5600000000008,29.600000000000136,0,maintain,0.0,0.0,170.4000000000005,28.00000000000017,1,0,accelerate-maintain,0.08747135102748871,0.08509472012519836,-0.021124228835105896,0,0.08747135102748871,0.08509472012519836,0.0023766309022903442,0.1085955798625946,"[true, true, true]",False,False,False,67001,0,0843ed3f032eeea0612c508f007d708852bd5b1fffa62c033181097389bc1972,validation_005,0,4,1209862819,8,11.250068760524215,
31,6.2,A,mainline,True,False,176.04000000000053,28.400000000000176,1,accelerate,2.0,2.0000000000000284,192.48000000000087,29.600000000000136,1,0,accelerate-maintain,-0.16786956787109375,-0.004499789327383041,-0.00595516711473465,1,-0.004499789327383041,-0.00595516711473465,0.0014553777873516083,0.1633697785437107,"[true, true, true]",False,False,False,67001,0,0843ed3f032eeea0612c508f007d708852bd5b1fffa62c033181097389bc1972,validation_005,0,4,1209862819,8,11.45006876052426,
31,6.2,B,ramp,True,False,192.48000000000087,29.600000000000136,0,maintain,0.0,0.0,176.04000000000053,28.400000000000176,1,0,accelerate-maintain,0.08938932418823242,0.086484394967556,-0.01999605819582939,0,0.08938932418823242,0.086484394967556,0.002904929220676422,0.10938538238406181,"[true, true, true]",False,False,False,67001,0,0843ed3f032eeea0612c508f007d708852bd5b1fffa62c033181097389bc1972,validation_005,0,4,1209862819,8,11.45006876052426,
32,6.4,A,mainline,True,False,181.76000000000056,28.800000000000182,2,decelerate,2.0,-2.9999999999999716,198.40000000000094,29.600000000000136,2,0,decelerate-maintain,-0.17168743908405304,-0.005851738154888153,-0.00552806630730629,2,-0.00552806630730629,-0.005851738154888153,0.0003236718475818634,0.16615937277674675,"[true, true, true]",False,False,False,67001,0,0843ed3f032eeea0612c508f007d708852bd5b1fffa62c033181097389bc1972,validation_005,0,4,1209862819,8,11.670068760524288,
32,6.4,B,ramp,True,False,198.40000000000094,29.600000000000136,0,maintain,0.0,0.0,181.76000000000056,28.800000000000182,2,0,decelerate-maintain,0.09055658429861069,0.08763374388217926,-0.018199730664491653,0,0.09055658429861069,0.08763374388217926,0.002922840416431427,0.10875631496310234,"[true, true, true]",False,False,False,67001,0,0843ed3f032eeea0612c508f007d708852bd5b1fffa62c033181097389bc1972,validation_005,0,4,1209862819,8,11.670068760524288,
33,6.6000000000000005,A,mainline,True,False,187.4600000000006,28.200000000000188,1,accelerate,-3.0,2.0000000000000284,204.32000000000102,29.600000000000136,1,0,accelerate-maintain,-0.17309030890464783,-0.004457011818885803,-0.007343750447034836,1,-0.004457011818885803,-0.007343750447034836,0.0028867386281490326,0.16863329708576202,"[true, true, true]",False,False,False,67001,0,0843ed3f032eeea0612c508f007d708852bd5b1fffa62c033181097389bc1972,validation_005,0,4,1209862819,8,11.910068760524297,
33,6.6000000000000005,B,ramp,True,False,204.32000000000102,29.600000000000136,0,maintain,0.0,0.0,187.4600000000006,28.200000000000188,1,0,accelerate-maintain,0.09117278456687927,0.08873355388641357,-0.015618950128555298,0,0.09117278456687927,0.08873355388641357,0.0024392306804656982,0.10679173469543457,"[true, true, true]",False,False,False,67001,0,0843ed3f032eeea0612c508f007d708852bd5b1fffa62c033181097389bc1972,validation_005,0,4,1209862819,8,11.910068760524297,
34,6.800000000000001,A,mainline,True,False,193.14000000000067,28.600000000000193,1,accelerate,2.0,2.0000000000000284,210.2400000000011,29.600000000000136,1,0,accelerate-maintain,-0.17724870145320892,-0.005919374525547028,-0.007881708443164825,1,-0.005919374525547028,-0.007881708443164825,0.001962333917617798,0.1713293269276619,"[true, true, true]",False,False,False,67001,0,0843ed3f032eeea0612c508f007d708852bd5b1fffa62c033181097389bc1972,validation_005,0,4,1209862819,8,12.070068760524322,
34,6.800000000000001,B,ramp,True,False,210.2400000000011,29.600000000000136,0,maintain,0.0,0.0,193.14000000000067,28.600000000000193,1,0,accelerate-maintain,0.09065251797437668,0.08904323726892471,-0.013166208751499653,0,0.09065251797437668,0.08904323726892471,0.0016092807054519653,0.10381872672587633,"[true, true, true]",False,False,False,67001,0,0843ed3f032eeea0612c508f007d708852bd5b1fffa62c033181097389bc1972,validation_005,0,4,1209862819,8,12.070068760524322,
35,7.0,A,mainline,True,False,198.90000000000072,29.0000000000002,1,accelerate,2.0,2.0000000000000284,216.16000000000116,29.600000000000136,1,0,accelerate-maintain,-0.1812436282634735,-0.00713396817445755,-0.008244127035140991,1,-0.00713396817445755,-0.008244127035140991,0.0011101588606834412,0.17410966008901596,"[true, true, true]",False,False,False,67001,0,0843ed3f032eeea0612c508f007d708852bd5b1fffa62c033181097389bc1972,validation_005,0,4,1209862819,8,12.150068760524363,
35,7.0,B,ramp,True,False,216.16000000000116,29.600000000000136,0,maintain,0.0,0.0,198.90000000000072,29.0000000000002,1,0,accelerate-maintain,0.09021937847137451,0.08915075659751892,-0.010851816274225712,0,0.09021937847137451,0.08915075659751892,0.0010686218738555908,0.10107119474560022,"[true, true, true]",False,False,False,67001,0,0843ed3f032eeea0612c508f007d708852bd5b1fffa62c033181097389bc1972,validation_005,0,4,1209862819,8,12.150068760524363,
36,7.2,A,mainline,True,False,204.74000000000075,29.400000000000205,1,accelerate,2.0,2.0000000000000284,222.08000000000123,29.600000000000136,1,0,accelerate-maintain,-0.18509995937347412,-0.007413089275360107,-0.00860864669084549,1,-0.007413089275360107,-0.00860864669084549,0.001195557415485382,0.177686870098114,"[true, true, true]",False,False,False,67001,0,0843ed3f032eeea0612c508f007d708852bd5b1fffa62c033181097389bc1972,validation_005,0,4,1209862819,8,12.150068760524391,60.75034380259951
36,7.2,B,ramp,True,False,222.08000000000123,29.600000000000136,0,maintain,0.0,0.0,204.74000000000075,29.400000000000205,1,0,accelerate-maintain,0.08976782858371735,0.08922219276428223,-0.008526341058313847,0,0.08976782858371735,0.08922219276428223,0.0005456358194351196,0.09829416964203119,"[true, true, true]",False,False,False,67001,0,0843ed3f032eeea0612c508f007d708852bd5b1fffa62c033181097389bc1972,validation_005,0,4,1209862819,8,12.150068760524391,60.75034380259951
37,7.4,A,mainline,True,False,210.6600000000008,29.80000000000021,1,accelerate,2.0,0.0,228.0000000000013,29.600000000000136,1,0,accelerate-maintain,-0.18886315822601318,-0.007782749831676483,-0.008935634046792984,1,-0.007782749831676483,-0.008935634046792984,0.0011528842151165009,0.1810804083943367,"[true, true, true]",False,False,False,67001,0,0843ed3f032eeea0612c508f007d708852bd5b1fffa62c033181097389bc1972,validation_005,0,4,1209862819,8,12.080068760524455,30.200171901321436
37,7.4,B,ramp,True,False,228.0000000000013,29.600000000000136,0,maintain,0.0,0.0,210.6600000000008,29.80000000000021,1,0,accelerate-maintain,0.08929779380559921,0.08925756812095642,-0.006189660169184208,0,0.08929779380559921,0.08925756812095642,4.022568464279175e-05,0.09548745397478342,"[true, true, true]",False,False,False,67001,0,0843ed3f032eeea0612c508f007d708852bd5b1fffa62c033181097389bc1972,validation_005,0,4,1209862819,8,12.080068760524455,30.200171901321436
38,7.6000000000000005,A,mainline,True,False,216.6500000000008,30.0,1,accelerate,2.0,0.0,233.92000000000138,29.600000000000136,1,1,accelerate-accelerate,-0.19240622222423553,-0.007827233523130417,-0.009338364005088806,1,-0.007827233523130417,-0.009338364005088806,0.0015111304819583893,0.18457898870110512,"[true, true, true]",False,False,False,67001,0,0843ed3f032eeea0612c508f007d708852bd5b1fffa62c033181097389bc1972,validation_005,0,4,1209862819,8,12.040068760524491,
38,7.6000000000000005,B,ramp,True,False,233.92000000000138,29.600000000000136,1,accelerate,0.0,1.9999999999971863,216.6500000000008,30.0,1,1,accelerate-accelerate,0.08898353576660156,0.08943462371826172,-0.0039545269683003426,1,0.08943462371826172,0.08898353576660156,0.00045108795166015625,0.09338915068656206,"[true, true, true]",False,False,False,67001,0,0843ed3f032eeea0612c508f007d708852bd5b1fffa62c033181097389bc1972,validation_005,0,4,1209862819,8,12.040068760524491,
39,7.800000000000001,A,mainline,True,False,222.6500000000008,30.0,1,accelerate,2.0,0.0,239.88000000000142,30.0,1,0,accelerate-maintain,-0.1941913664340973,-0.0062692612409591675,-0.009740829467773438,1,-0.0062692612409591675,-0.009740829467773438,0.00347156822681427,0.18792210519313812,"[true, true, true]",False,False,False,67001,0,0843ed3f032eeea0612c508f007d708852bd5b1fffa62c033181097389bc1972,validation_005,0,4,1209862819,8,12.040068760524491,
39,7.800000000000001,B,ramp,True,False,239.88000000000142,30.0,0,maintain,2.0,0.0,222.6500000000008,30.0,1,0,accelerate-maintain,0.08940877765417099,0.08906380832195282,-0.0019681230187416077,0,0.08940877765417099,0.08906380832195282,0.00034496933221817017,0.0913769006729126,"[true, true, true]",False,False,False,67001,0,0843ed3f032eeea0612c508f007d708852bd5b1fffa62c033181097389bc1972,validation_005,0,4,1209862819,8,12.040068760524491,
40,8.0,A,mainline,True,False,228.6500000000008,30.0,1,accelerate,2.0,0.0,245.88000000000142,30.0,1,1,accelerate-accelerate,-0.1883687674999237,0.023805784061551094,0.020475056022405624,1,0.023805784061551094,0.020475056022405624,0.0033307280391454697,0.2121745515614748,"[true, true, true]",False,False,False,67001,0,0843ed3f032eeea0612c508f007d708852bd5b1fffa62c033181097389bc1972,validation_005,0,4,1209862819,8,12.040068760524491,
40,8.0,B,ramp,True,False,245.88000000000142,30.0,1,accelerate,0.0,0.0,228.6500000000008,30.0,1,1,accelerate-accelerate,0.09439808130264282,0.11816340684890747,0.0017140023410320282,1,0.11816340684890747,0.09439808130264282,0.02376532554626465,0.11644940450787544,"[true, true, true]",False,False,False,67001,0,0843ed3f032eeea0612c508f007d708852bd5b1fffa62c033181097389bc1972,validation_005,0,4,1209862819,8,12.040068760524491,
41,8.200000000000001,A,mainline,True,False,234.6500000000008,30.0,1,accelerate,2.0,0.0,251.88000000000142,30.0,1,1,accelerate-accelerate,-0.1894364356994629,0.025039687752723694,0.02054823935031891,1,0.025039687752723694,0.02054823935031891,0.004491448402404785,0.21447612345218658,"[true, true, true]",False,False,False,67001,0,0843ed3f032eeea0612c508f007d708852bd5b1fffa62c033181097389bc1972,validation_005,0,4,1209862819,8,12.040068760524463,
41,8.200000000000001,B,ramp,True,False,251.88000000000142,30.0,1,accelerate,2.0,0.0,234.6500000000008,30.0,1,1,accelerate-accelerate,0.09497779607772827,0.11761444807052612,0.0020801592618227005,1,0.11761444807052612,0.09497779607772827,0.02263665199279785,0.11553428880870342,"[true, true, true]",False,False,False,67001,0,0843ed3f032eeea0612c508f007d708852bd5b1fffa62c033181097389bc1972,validation_005,0,4,1209862819,8,12.040068760524463,
42,8.4,A,mainline,True,False,240.6500000000008,30.0,1,accelerate,2.0,0.0,257.8800000000014,30.0,1,1,accelerate-accelerate,-0.19063425064086914,0.026744628325104713,0.021145768463611603,1,0.026744628325104713,0.021145768463611603,0.005598859861493111,0.21737887896597385,"[true, true, true]",False,False,False,67001,0,0843ed3f032eeea0612c508f007d708852bd5b1fffa62c033181097389bc1972,validation_005,0,4,1209862819,8,,
42,8.4,B,ramp,True,False,257.8800000000014,30.0,1,accelerate,2.0,0.0,240.6500000000008,30.0,1,1,accelerate-accelerate,0.09563502669334412,0.11726567149162292,0.0023454688489437103,1,0.11726567149162292,0.09563502669334412,0.02163064479827881,0.11492020264267921,"[true, true, true]",False,False,False,67001,0,0843ed3f032eeea0612c508f007d708852bd5b1fffa62c033181097389bc1972,validation_005,0,4,1209862819,8,,
43,8.6,A,mainline,True,False,246.6500000000008,30.0,1,accelerate,2.0,0.0,260.8800000000014,0.0,1,0,active-inactive,-0.25886332988739014,0.04045192897319794,0.03693489730358124,1,0.04045192897319794,0.03693489730358124,0.0035170316696166992,0.2993152588605881,"[true, true, true]",False,False,False,67001,0,0843ed3f032eeea0612c508f007d708852bd5b1fffa62c033181097389bc1972,validation_005,0,4,1209862819,8,,
43,8.6,B,ramp,False,True,260.8800000000014,0.0,0,maintain,0.0,0.0,246.6500000000008,30.0,1,0,active-inactive,0.04151930660009384,0.150436669588089,-0.04393839091062546,1,0.150436669588089,0.04151930660009384,0.10891736298799515,0.19437506049871445,"[true, true, true]",False,False,False,67001,0,0843ed3f032eeea0612c508f007d708852bd5b1fffa62c033181097389bc1972,validation_005,0,4,1209862819,8,,
44,8.8,A,mainline,True,False,252.6500000000008,30.0,1,accelerate,2.0,0.0,260.8800000000014,0.0,1,0,active-inactive,-0.25852125883102417,0.04203696548938751,0.03682713210582733,1,0.04203696548938751,0.03682713210582733,0.005209833383560181,0.3005582243204117,"[true, true, true]",False,False,False,67001,0,0843ed3f032eeea0612c508f007d708852bd5b1fffa62c033181097389bc1972,validation_005,0,4,1209862819,8,,
44,8.8,B,ramp,False,True,260.8800000000014,0.0,0,maintain,0.0,0.0,252.6500000000008,30.0,1,0,active-inactive,0.040478870272636414,0.1502089947462082,-0.04118487983942032,1,0.1502089947462082,0.040478870272636414,0.10973012447357178,0.1913938745856285,"[true, true, true]",False,False,False,67001,0,0843ed3f032eeea0612c508f007d708852bd5b1fffa62c033181097389bc1972,validation_005,0,4,1209862819,8,,
45,9.0,A,mainline,True,False,258.6500000000008,30.0,1,accelerate,2.0,0.0,260.8800000000014,0.0,1,0,active-inactive,-0.2579631209373474,0.04358651116490364,0.03680804371833801,1,0.04358651116490364,0.03680804371833801,0.006778467446565628,0.30154963210225105,"[true, true, true]",False,True,False,67001,0,0843ed3f032eeea0612c508f007d708852bd5b1fffa62c033181097389bc1972,validation_005,0,4,1209862819,8,,
45,9.0,B,ramp,False,True,260.8800000000014,0.0,0,maintain,0.0,0.0,258.6500000000008,30.0,1,0,active-inactive,0.038701508194208145,0.1498994678258896,-0.03816135600209236,1,0.1498994678258896,0.038701508194208145,0.11119795963168144,0.18806082382798195,"[true, true, true]",False,True,False,67001,0,0843ed3f032eeea0612c508f007d708852bd5b1fffa62c033181097389bc1972,validation_005,0,4,1209862819,8,,
0,0.0,A,ramp,True,False,32.0,20.0,1,accelerate,0.0,2.0000000000000284,38.4,16.0,1,1,accelerate-accelerate,-0.17873640358448029,-0.007860139012336731,-0.022162050008773804,1,-0.007860139012336731,-0.022162050008773804,0.014301910996437073,0.17087626457214355,"[true, true, true]",False,False,False,67001,0,0843ed3f032eeea0612c508f007d708852bd5b1fffa62c033181097389bc1972,validation_005,1,4,1209862819,9,,
0,0.0,B,mainline,True,False,38.4,16.0,1,accelerate,0.0,2.0000000000000284,32.0,20.0,1,1,accelerate-accelerate,0.03167261928319931,0.14217595756053925,0.015274886041879654,1,0.14217595756053925,0.03167261928319931,0.11050333827733994,0.1269010715186596,"[true, true, true]",False,False,False,67001,0,0843ed3f032eeea0612c508f007d708852bd5b1fffa62c033181097389bc1972,validation_005,1,4,1209862819,9,,
1,0.2,A,ramp,True,False,36.04,20.400000000000006,1,accelerate,2.0,2.0000000000000284,41.64,16.400000000000006,1,1,accelerate-accelerate,-0.17781516909599304,-0.010870099067687988,-0.021964263170957565,1,-0.010870099067687988,-0.021964263170957565,0.011094164103269577,0.16694507002830505,"[true, true, true]",False,False,False,67001,0,0843ed3f032eeea0612c508f007d708852bd5b1fffa62c033181097389bc1972,validation_005,1,4,1209862819,9,,
1,0.2,B,mainline,True,False,41.64,16.400000000000006,1,accelerate,2.0,2.0000000000000284,36.04,20.400000000000006,1,1,accelerate-accelerate,0.032551899552345276,0.14230085909366608,0.015036150813102722,1,0.14230085909366608,0.032551899552345276,0.1097489595413208,0.12726470828056335,"[true, true, true]",False,False,False,67001,0,0843ed3f032eeea0612c508f007d708852bd5b1fffa62c033181097389bc1972,validation_005,1,4,1209862819,9,,
2,0.4,A,ramp,True,False,40.160000000000004,20.80000000000001,1,accelerate,2.0,2.0000000000000284,44.96,16.80000000000001,1,1,accelerate-accelerate,-0.17697328329086304,-0.013427890837192535,-0.021421335637569427,1,-0.013427890837192535,-0.021421335637569427,0.007993444800376892,0.1635453924536705,"[true, true, true]",False,False,False,67001,0,0843ed3f032eeea0612c508f007d708852bd5b1fffa62c033181097389bc1972,validation_005,1,4,1209862819,9,,
2,0.4,B,mainline,True,False,44.96,16.80000000000001,1,accelerate,2.0,2.0000000000000284,40.160000000000004,20.80000000000001,1,1,accelerate-accelerate,0.03405144810676575,0.14253656566143036,0.016198955476284027,1,0.14253656566143036,0.03405144810676575,0.10848511755466461,0.12633761018514633,"[true, true, true]",False,False,False,67001,0,0843ed3f032eeea0612c508f007d708852bd5b1fffa62c033181097389bc1972,validation_005,1,4,1209862819,9,,
3,0.6000000000000001,A,ramp,True,False,44.36000000000001,21.200000000000017,1,accelerate,2.0,2.0000000000000284,48.36000000000001,17.200000000000017,1,1,accelerate-accelerate,-0.1762632429599762,-0.01514006033539772,-0.020875226706266403,1,-0.01514006033539772,-0.020875226706266403,0.005735166370868683,0.16112318262457848,"[true, true, true]",False,False,False,67001,0,0843ed3f032eeea0612c508f007d708852bd5b1fffa62c033181097389bc1972,validation_005,1,4,1209862819,9,,
3,0.6000000000000001,B,mainline,True,False,48.36000000000001,17.200000000000017,1,accelerate,2.0,2.0000000000000284,44.36000000000001,21.200000000000017,1,1,accelerate-accelerate,0.035742394626140594,0.14282898604869843,0.017761606723070145,1,0.14282898604869843,0.035742394626140594,0.10708659142255783,0.12506737932562828,"[true, true, true]",False,False,False,67001,0,0843ed3f032eeea0612c508f007d708852bd5b1fffa62c033181097389bc1972,validation_005,1,4,1209862819,9,,
4,0.8,A,ramp,True,False,48.64000000000001,21.600000000000023,1,accelerate,2.0,2.0000000000000284,51.84000000000001,17.600000000000023,1,1,accelerate-accelerate,-0.1759643852710724,-0.01662583276629448,-0.020399976521730423,1,-0.01662583276629448,-0.020399976521730423,0.0037741437554359436,0.1593385525047779,"[true, true, true]",False,False,False,67001,0,0843ed3f032eeea0612c508f007d708852bd5b1fffa62c033181097389bc1972,validation_005,1,4,1209862819,9,,
4,0.8,B,mainline,True,False,51.84000000000001,17.600000000000023,1,accelerate,2.0,2.0000000000000284,48.64000000000001,21.600000000000023,1,1,accelerate-accelerate,0.03752609342336655,0.1431676298379898,0.019402027130126953,1,0.1431676298379898,0.03752609342336655,0.10564153641462326,0.12376560270786285,"[true, true, true]",False,False,False,67001,0,0843ed3f032eeea0612c508f007d708852bd5b1fffa62c033181097389bc1972,validation_005,1,4,1209862819,9,,
5,1.0,A,ramp,True,False,53.000000000000014,22.00000000000003,1,accelerate,2.0,2.0000000000000284,55.40000000000001,18.00000000000003,1,1,accelerate-accelerate,-0.17596186697483063,-0.017829805612564087,-0.01988093927502632,1,-0.017829805612564087,-0.01988093927502632,0.0020511336624622345,0.15813206136226654,"[true, true, true]",False,False,False,67001,0,0843ed3f032eeea0612c508f007d708852bd5b1fffa62c033181097389bc1972,validation_005,1,4,1209862819,9,,
5,1.0,B,mainline,True,False,55.40000000000001,18.00000000000003,1,accelerate,2.0,2.0000000000000284,53.000000000000014,22.00000000000003,1,1,accelerate-accelerate,0.03937021642923355,0.1435314267873764,0.02122700959444046,1,0.1435314267873764,0.03937021642923355,0.10416121035814285,0.12230441719293594,"[true, true, true]",False,False,False,67001,0,0843ed3f032eeea0612c508f007d708852bd5b1fffa62c033181097389bc1972,validation_005,1,4,1209862819,9,,
6,1.2000000000000002,A,ramp,True,False,57.44000000000002,22.400000000000034,1,accelerate,2.0,2.0000000000000284,59.04000000000002,18.400000000000034,1,1,accelerate-accelerate,-0.17634963989257812,-0.018281415104866028,-0.019161716103553772,1,-0.018281415104866028,-0.019161716103553772,0.0008803009986877441,0.1580682247877121,"[true, true, true]",False,False,False,67001,0,0843ed3f032eeea0612c508f007d708852bd5b1fffa62c033181097389bc1972,validation_005,1,4,1209862819,9,,
6,1.2000000000000002,B,mainline,True,False,59.04000000000002,18.400000000000034,1,accelerate,2.0,2.0000000000000284,57.44000000000002,22.400000000000034,1,1,accelerate-accelerate,0.04118013754487038,0.1438649445772171,0.023173749446868896,1,0.1438649445772171,0.04118013754487038,0.10268480703234673,0.1206911951303482,"[true, true, true]",False,False,False,67001,0,0843ed3f032eeea0612c508f007d708852bd5b1fffa62c033181097389bc1972,validation_005,1,4,1209862819,9,,
7,1.4000000000000001,A,ramp,True,False,61.96000000000003,22.80000000000004,2,decelerate,2.0,-2.9999999999999716,62.760000000000026,18.80000000000004,2,1,decelerate-accelerate,-0.17642104625701904,-0.018094640225172043,-0.01748262718319893,2,-0.01748262718319893,-0.018094640225172043,0.000612013041973114,0.15893841907382011,"[true, true, true]",False,False,False,67001,0,0843ed3f032eeea0612c508f007d708852bd5b1fffa62c033181097389bc1972,validation_005,1,4,1209862819,9,,
7,1.4000000000000001,B,mainline,True,False,62.760000000000026,18.80000000000004,1,accelerate,2.0,2.0000000000000284,61.96000000000003,22.80000000000004,2,1,decelerate-accelerate,0.04232435300946236,0.14484959840774536,0.025056980550289154,1,0.14484959840774536,0.04232435300946236,0.102525245398283,0.11979261785745621,"[true, true, true]",False,False,False,67001,0,0843ed3f032eeea0612c508f007d708852bd5b1fffa62c033181097389bc1972,validation_005,1,4,1209862819,9,,
8,1.6,A,ramp,True,False,66.46000000000004,22.200000000000045,2,decelerate,-3.0,-2.9999999999999716,66.56000000000003,19.200000000000045,2,1,decelerate-accelerate,-0.17592336237430573,-0.01674935221672058,-0.015362724661827087,2,-0.015362724661827087,-0.01674935221672058,0.0013866275548934937,0.16056063771247864,"[true, true, true]",False,False,False,67001,0,0843ed3f032eeea0612c508f007d708852bd5b1fffa62c033181097389bc1972,validation_005,1,4,1209862819,9,,
8,1.6,B,mainline,True,False,66.56000000000003,19.200000000000045,1,accelerate,2.0,2.0000000000000284,66.46000000000004,22.200000000000045,2,1,decelerate-accelerate,0.044626444578170776,0.14611640572547913,0.027732044458389282,1,0.14611640572547913,0.044626444578170776,0.10148996114730835,0.11838436126708984,"[true, true, true]",False,False,False,67001,0,0843ed3f032eeea0612c508f007d708852bd5b1fffa62c033181097389bc1972,validation_005,1,4,1209862819,9,,
9,1.8,A,ramp,True,False,70.84000000000005,21.60000000000005,2,decelerate,-3.0,-2.9999999999999716,70.44000000000004,19.60000000000005,2,1,decelerate-accelerate,-0.17561882734298706,-0.015472568571567535,-0.013292372226715088,2,-0.013292372226715088,-0.015472568571567535,0.0021801963448524475,0.16232645511627197,"[true, true, true]",False,False,False,67001,0,0843ed3f032eeea0612c508f007d708852bd5b1fffa62c033181097389bc1972,validation_005,1,4,1209862819,9,,
9,1.8,B,mainline,True,False,70.44000000000004,19.60000000000005,1,accelerate,2.0,2.0000000000000284,70.84000000000005,21.60000000000005,2,1,decelerate-accelerate,0.047058939933776855,0.14747542142868042,0.030316971242427826,1,0.14747542142868042,0.047058939933776855,0.10041648149490356,0.1171584501862526,"[true, true, true]",False,False,False,67001,0,0843ed3f032eeea0612c508f007d708852bd5b1fffa62c033181097389bc1972,validation_005,1,4,1209862819,9,,
10,2.0,A,ramp,True,False,75.10000000000007,21.000000000000057,2,decelerate,-3.0,-2.9999999999999716,74.40000000000005,20.000000000000057,2,1,decelerate-accelerate,-0.17473770678043365,-0.014559861272573471,-0.011035118252038956,2,-0.011035118252038956,-0.014559861272573471,0.0035247430205345154,0.1637025885283947,"[true, true, true]",False,False,False,67001,0,0843ed3f032eeea0612c508f007d708852bd5b1fffa62c033181097389bc1972,validation_005,1,4,1209862819,9,,
10,2.0,B,mainline,True,False,74.40000000000005,20.000000000000057,1,accelerate,2.0,2.0000000000000284,75.10000000000007,21.000000000000057,2,1,decelerate-accelerate,0.04947411268949509,0.14889557659626007,0.03295815363526344,1,0.14889557659626007,0.04947411268949509,0.09942146390676498,0.11593742296099663,"[true, true, true]",False,False,False,67001,0,0843ed3f032eeea0612c508f007d708852bd5b1fffa62c033181097389bc1972,validation_005,1,4,1209862819,9,,
11,2.2,A,ramp,True,False,79.24000000000008,20.400000000000063,2,decelerate,-3.0,-2.9999999999999716,78.44000000000005,20.400000000000063,2,1,decelerate-accelerate,-0.17396393418312073,-0.013741109520196915,-0.008802548050880432,2,-0.008802548050880432,-0.013741109520196915,0.0049385614693164825,0.1651613861322403,"[true, true, true]",False,False,False,67001,0,0843ed3f032eeea0612c508f007d708852bd5b1fffa62c033181097389bc1972,validation_005,1,4,1209862819,9,,
11,2.2,B,mainline,True,False,78.44000000000005,20.400000000000063,1,accelerate,2.0,2.0000000000000284,79.24000000000008,20.400000000000063,2,1,decelerate-accelerate,0.05156997591257095,0.15009674429893494,0.035889141261577606,1,0.15009674429893494,0.05156997591257095,0.09852676838636398,0.11420760303735733,"[true, true, true]",False,False,False,67001,0,0843ed3f032eeea0612c508f007d708852bd5b1fffa62c033181097389bc1972,validation_005,1,4,1209862819,9,,
12,2.4000000000000004,A,ramp,True,False,83.26000000000009,19.800000000000068,2,decelerate,-3.0,-2.9999999999999716,82.56000000000007,20.800000000000068,2,1,decelerate-accelerate,-0.17396476864814758,-0.012296430766582489,-0.006668657064437866,2,-0.006668657064437866,-0.012296430766582489,0.005627773702144623,0.16729611158370972,"[true, true, true]",False,False,False,67001,0,0843ed3f032eeea0612c508f007d708852bd5b1fffa62c033181097389bc1972,validation_005,1,4,1209862819,9,,
12,2.4000000000000004,B,mainline,True,False,82.56000000000007,20.800000000000068,1,accelerate,2.0,2.0000000000000284,83.26000000000009,19.800000000000068,2,1,decelerate-accelerate,0.054538752883672714,0.15079034864902496,0.03884684294462204,1,0.15079034864902496,0.054538752883672714,0.09625159576535225,0.11194350570440292,"[true, true, true]",False,False,False,67001,0,0843ed3f032eeea0612c508f007d708852bd5b1fffa62c033181097389bc1972,validation_005,1,4,1209862819,9,,
13,2.6,A,ramp,True,False,87.1600000000001,19.200000000000074,2,decelerate,-3.0,-2.9999999999999716,86.76000000000009,21.200000000000074,2,1,decelerate-accelerate,-0.17360572516918182,-0.010052822530269623,-0.005122411996126175,2,-0.005122411996126175,-0.010052822530269623,0.004930410534143448,0.16848331317305565,"[true, true, true]",False,False,False,67001,0,0843ed3f032eeea0612c508f007d708852bd5b1fffa62c033181097389bc1972,validation_005,1,4,1209862819,9,,
13,2.6,B,mainline,True,False,86.76000000000009,21.200000000000074,1,accelerate,2.0,2.0000000000000284,87.1600000000001,19.200000000000074,2,1,decelerate-accelerate,0.05796091631054878,0.15146932005882263,0.04152381047606468,1,0.15146932005882263,0.05796091631054878,0.09350840374827385,0.10994550958275795,"[true, true, true]",False,False,False,67001,0,0843ed3f032eeea0612c508f007d708852bd5b1fffa62c033181097389bc1972,validation_005,1,4,1209862819,9,,
14,2.8000000000000003,A,ramp,True,False,90.94000000000011,18.60000000000008,2,decelerate,-3.0,-2.9999999999999716,91.0400000000001,21.60000000000008,2,1,decelerate-accelerate,-0.17355382442474365,-0.00766870379447937,-0.003879781812429428,2,-0.003879781812429428,-0.00766870379447937,0.003788921982049942,0.16967404261231422,"[true, true, true]",False,False,False,67001,0,0843ed3f032eeea0612c508f007d708852bd5b1fffa62c033181097389bc1972,validation_005,1,4,1209862819,9,,
14,2.8000000000000003,B,mainline,True,False,91.0400000000001,21.60000000000008,1,accelerate,2.0,2.0000000000000284,90.94000000000011,18.60000000000008,2,1,decelerate-accelerate,0.061371590942144394,0.15223705768585205,0.044198617339134216,1,0.15223705768585205,0.061371590942144394,0.09086546674370766,0.10803844034671783,"[true, true, true]",False,False,False,67001,0,0843ed3f032eeea0612c508f007d708852bd5b1fffa62c033181097389bc1972,validation_005,1,4,1209862819,9,,
15,3.0,A,ramp,True,False,94.60000000000014,18.000000000000085,2,decelerate,-3.0,-2.9999999999999716,95.40000000000013,22.000000000000085,2,1,decelerate-accelerate,-0.17330345511436462,-0.005726177245378494,-0.002683708444237709,2,-0.002683708444237709,-0.005726177245378494,0.0030424688011407852,0.17061974667012691,"[true, true, true]",False,False,False,67001,0,0843ed3f032eeea0612c508f007d708852bd5b1fffa62c033181097389bc1972,validation_005,1,4,1209862819,9,,
15,3.0,B,mainline,True,False,95.40000000000013,22.000000000000085,1,accelerate,2.0,2.0000000000000284,94.60000000000014,18.000000000000085,2,1,decelerate-accelerate,0.06477154046297073,0.1530962437391281,0.046866923570632935,1,0.1530962437391281,0.06477154046297073,0.08832470327615738,0.10622932016849518,"[true, true, true]",False,False,False,67001,0,0843ed3f032eeea0612c508f007d708852bd5b1fffa62c033181097389bc1972,validation_005,1,4,1209862819,9,,
16,3.2,A,ramp,True,False,98.14000000000016,17.40000000000009,2,decelerate,-3.0,-2.9999999999999716,99.84000000000016,22.40000000000009,2,1,decelerate-accelerate,-0.17291444540023804,-0.003934774547815323,-0.0015994403511285782,2,-0.0015994403511285782,-0.003934774547815323,0.0023353341966867447,0.17131500504910946,"[true, true, true]",False,False,False,67001,0,0843ed3f032eeea0612c508f007d708852bd5b1fffa62c033181097389bc1972,validation_005,1,4,1209862819,9,,
16,3.2,B,mainline,True,False,99.84000000000016,22.40000000000009,1,accelerate,2.0,2.0000000000000284,98.14000000000016,17.40000000000009,2,1,decelerate-accelerate,0.06831903755664825,0.15418070554733276,0.049447767436504364,1,0.15418070554733276,0.06831903755664825,0.08586166799068451,0.1047329381108284,"[true, true, true]",False,False,False,67001,0,0843ed3f032eeea0612c508f007d708852bd5b1fffa62c033181097389bc1972,validation_005,1,4,1209862819,9,,
17,3.4000000000000004,A,ramp,True,False,101.56000000000017,16.800000000000097,2,decelerate,-3.0,-2.9999999999999716,104.36000000000017,22.800000000000097,2,1,decelerate-accelerate,-0.171901136636734,-0.0019206292927265167,-0.0008229613304138184,2,-0.0008229613304138184,-0.0019206292927265167,0.0010976679623126984,0.1710781753063202,"[true, true, true]",False,False,False,67001,0,0843ed3f032eeea0612c508f007d708852bd5b1fffa62c033181097389bc1972,validation_005,1,4,1209862819,9,,
17,3.4000000000000004,B,mainline,True,False,104.36000000000017,22.800000000000097,1,accelerate,2.0,2.0000000000000284,101.56000000000017,16.800000000000097,2,1,decelerate-accelerate,0.07275178283452988,0.15611419081687927,0.0515788272023201,1,0.15611419081687927,0.07275178283452988,0.0833624079823494,0.10453536361455917,"[true, true, true]",False,False,False,67001,0,0843ed3f032eeea0612c508f007d708852bd5b1fffa62c033181097389bc1972,validation_005,1,4,1209862819,9,,
18,3.6,A,ramp,True,False,104.86000000000018,16.200000000000102,1,accelerate,-3.0,2.0000000000000284,108.96000000000018,23.200000000000102,1,1,accelerate-accelerate,-0.17111143469810486,0.00035819411277770996,-0.00018064305186271667,1,0.00035819411277770996,-0.00018064305186271667,0.0005388371646404266,0.17146962881088257,"[true, true, true]",False,False,False,67001,0,0843ed3f032eeea0612c508f007d708852bd5b1fffa62c033181097389bc1972,validation_005,1,4,1209862819,9,0.5799520263603171,
18,3.6,B,mainline,True,False,108.96000000000018,23.200000000000102,1,accelerate,2.0,2.0000000000000284,104.86000000000018,16.200000000000102,1,1,accelerate-accelerate,0.0774901807308197,0.15778891742229462,0.053453005850315094,1,0.15778891742229462,0.0774901807308197,0.08029873669147491,0.10433591157197952,"[true, true, true]",False,False,False,67001,0,0843ed3f032eeea0612c508f007d708852bd5b1fffa62c033181097389bc1972,validation_005,1,4,1209862819,9,0.5799520263603171,
19,3.8000000000000003,A,ramp,True,False,108.1400000000002,16.600000000000108,2,decelerate,2.0,-2.9999999999999716,113.6400000000002,23.600000000000108,2,1,decelerate-accelerate,-0.13467775285243988,-0.00649232417345047,0.00396331399679184,2,0.00396331399679184,-0.00649232417345047,0.01045563817024231,0.13864106684923172,"[true, true, true]",False,False,False,67001,0,0843ed3f032eeea0612c508f007d708852bd5b1fffa62c033181097389bc1972,validation_005,1,4,1209862819,9,2.105018548202821,
19,3.8000000000000003,B,mainline,True,False,113.6400000000002,23.600000000000108,1,accelerate,2.0,2.0000000000000284,108.1400000000002,16.600000000000108,2,1,decelerate-accelerate,0.08740173280239105,0.15012840926647186,0.04909954220056534,1,0.15012840926647186,0.08740173280239105,0.06272667646408081,0.10102886706590652,"[true, true, true]",False,False,False,67001,0,0843ed3f032eeea0612c508f007d708852bd5b1fffa62c033181097389bc1972,validation_005,1,4,1209862819,9,2.105018548202821,
20,4.0,A,ramp,True,False,111.40000000000022,16.000000000000114,2,decelerate,-3.0,-3.000000000000007,118.40000000000022,24.000000000000114,2,1,decelerate-accelerate,-0.13118237257003784,-0.004027754068374634,0.004201211035251617,2,0.004201211035251617,-0.004027754068374634,0.008228965103626251,0.13538358360528946,"[true, true, true]",False,False,False,67001,0,0843ed3f032eeea0612c508f007d708852bd5b1fffa62c033181097389bc1972,validation_005,1,4,1209862819,9,3.8283308809178607,
20,4.0,B,mainline,True,False,118.40000000000022,24.000000000000114,1,accelerate,2.0,2.0000000000000284,111.40000000000022,16.000000000000114,2,1,decelerate-accelerate,0.0931212455034256,0.15148666501045227,0.05012193322181702,1,0.15148666501045227,0.0931212455034256,0.05836541950702667,0.10136473178863525,"[true, true, true]",False,False,False,67001,0,0843ed3f032eeea0612c508f007d708852bd5b1fffa62c033181097389bc1972,validation_005,1,4,1209862819,9,3.8283308809178607,
21,4.2,A,ramp,True,False,114.54000000000023,15.400000000000112,2,decelerate,-3.0,-3.000000000000007,123.24000000000024,24.40000000000012,2,1,decelerate-accelerate,-0.12765836715698242,-0.001663506031036377,0.00449545681476593,2,0.00449545681476593,-0.001663506031036377,0.006158962845802307,0.13215382397174835,"[true, true, true]",False,False,False,67001,0,0843ed3f032eeea0612c508f007d708852bd5b1fffa62c033181097389bc1972,validation_005,1,4,1209862819,9,5.748216780719133,
21,4.2,B,mainline,True,False,123.24000000000024,24.40000000000012,1,accelerate,2.0,2.0000000000000284,114.54000000000023,15.400000000000112,2,1,decelerate-accelerate,0.09874967485666275,0.152562215924263,0.05140592157840729,1,0.152562215924263,0.09874967485666275,0.05381254106760025,0.10115629434585571,"[true, true, true]",False,False,False,67001,0,0843ed3f032eeea0612c508f007d708852bd5b1fffa62c033181097389bc1972,validation_005,1,4,1209862819,9,5.748216780719133,
22,4.4,A,ramp,True,False,117.56000000000024,14.80000000000011,2,decelerate,-3.0,-3.000000000000007,128.16000000000025,24.800000000000125,2,1,decelerate-accelerate,-0.12427432090044022,0.0005137994885444641,0.004726996645331383,2,0.004726996645331383,0.0005137994885444641,0.004213197156786919,0.1290013175457716,"[true, true, true]",False,False,False,67001,0,0843ed3f032eeea0612c508f007d708852bd5b1fffa62c033181097389bc1972,validation_005,1,4,1209862819,9,7.863802604121716,
22,4.4,B,mainline,True,False,128.16000000000025,24.800000000000125,1,accelerate,2.0,2.0000000000000284,117.56000000000024,14.80000000000011,2,1,decelerate-accelerate,0.10385484993457794,0.15372848510742188,0.05152468383312225,1,0.15372848510742188,0.10385484993457794,0.04987363517284393,0.10220380127429962,"[true, true, true]",False,False,False,67001,0,0843ed3f032eeea0612c508f007d708852bd5b1fffa62c033181097389bc1972,validation_005,1,4,1209862819,9,7.863802604121716,
23,4.6000000000000005,A,ramp,True,False,120.46000000000028,14.20000000000011,2,decelerate,-3.0,-3.000000000000007,133.16000000000025,25.20000000000013,2,1,decelerate-accelerate,-0.12100144475698471,0.003254186362028122,0.004299737513065338,2,0.004299737513065338,0.003254186362028122,0.0010455511510372162,0.12530118227005005,"[true, true, true]",False,False,False,67001,0,0843ed3f032eeea0612c508f007d708852bd5b1fffa62c033181097389bc1972,validation_005,1,4,1209862819,9,10.174989591884241,
23,4.6000000000000005,B,mainline,True,False,133.16000000000025,25.20000000000013,1,accelerate,2.0,2.0000000000000284,120.46000000000028,14.20000000000011,2,1,decelerate-accelerate,0.10836200416088104,0.15361402928829193,0.05142037570476532,1,0.15361402928829193,0.10836200416088104,0.04525202512741089,0.10219365358352661,"[true, true, true]",False,False,False,67001,0,0843ed3f032eeea0612c508f007d708852bd5b1fffa62c033181097389bc1972,validation_005,1,4,1209862819,9,10.174989591884241,
24,4.800000000000001,A,ramp,True,False,123.24000000000031,13.600000000000108,1,accelerate,-3.0,1.999999999999993,138.2400000000003,25.600000000000136,1,1,accelerate-accelerate,-0.11800848692655563,0.0058863721787929535,0.003291826695203781,1,0.0058863721787929535,0.003291826695203781,0.0025945454835891724,0.12389485910534859,"[true, true, true]",False,False,False,67001,0,0843ed3f032eeea0612c508f007d708852bd5b1fffa62c033181097389bc1972,validation_005,1,4,1209862819,9,12.582493128460698,
24,4.800000000000001,B,mainline,True,False,138.2400000000003,25.600000000000136,1,accelerate,2.0,2.0000000000000284,123.24000000000031,13.600000000000108,1,1,accelerate-accelerate,0.11258955299854279,0.1533721536397934,0.051556289196014404,1,0.1533721536397934,0.11258955299854279,0.04078260064125061,0.10181586444377899,"[true, true, true]",False,False,False,67001,0,0843ed3f032eeea0612c508f007d708852bd5b1fffa62c033181097389bc1972,validation_005,1,4,1209862819,9,12.582493128460698,
25,5.0,A,ramp,True,False,126.00000000000033,14.000000000000107,1,accelerate,2.0,1.999999999999993,143.40000000000032,26.000000000000142,1,1,accelerate-accelerate,-0.11805154383182526,0.0058473944664001465,0.0025182589888572693,1,0.0058473944664001465,0.0025182589888572693,0.003329135477542877,0.1238989382982254,"[true, true, true]",False,False,False,67001,0,0843ed3f032eeea0612c508f007d708852bd5b1fffa62c033181097389bc1972,validation_005,1,4,1209862819,9,14.98699044924436,
25,5.0,B,mainline,True,False,143.40000000000032,26.000000000000142,1,accelerate,2.0,2.0000000000000284,126.00000000000033,14.000000000000107,1,1,accelerate-accelerate,0.11448715627193451,0.15313094854354858,0.05179467797279358,1,0.15313094854354858,0.11448715627193451,0.038643792271614075,0.101336270570755,"[true, true, true]",False,False,False,67001,0,0843ed3f032eeea0612c508f007d708852bd5b1fffa62c033181097389bc1972,validation_005,1,4,1209862819,9,14.98699044924436,
26,5.2,A,ramp,True,False,128.84000000000034,14.400000000000105,1,accelerate,2.0,1.999999999999993,148.64000000000033,26.400000000000148,1,1,accelerate-accelerate,-0.11822953075170517,0.005936767905950546,0.0018632467836141586,1,0.005936767905950546,0.0018632467836141586,0.004073521122336388,0.12416629865765572,"[true, true, true]",False,False,False,67001,0,0843ed3f032eeea0612c508f007d708852bd5b1fffa62c033181097389bc1972,validation_005,1,4,1209862819,9,17.389130760065484,
26,5.2,B,mainline,True,False,148.64000000000033,26.400000000000148,1,accelerate,2.0,2.0000000000000284,128.84000000000034,14.400000000000105,1,1,accelerate-accelerate,0.1164109855890274,0.15190017223358154,0.05218762159347534,1,0.15190017223358154,0.1164109855890274,0.03548918664455414,0.0997125506401062,"[true, true, true]",False,False,False,67001,0,0843ed3f032eeea0612c508f007d708852bd5b1fffa62c033181097389bc1972,validation_005,1,4,1209862819,9,17.389130760065484,
27,5.4,A,ramp,True,False,131.76000000000036,14.800000000000104,1,accelerate,2.0,1.999999999999993,153.96000000000038,26.800000000000153,1,1,accelerate-accelerate,-0.11811234056949615,0.005912624299526215,0.0008809100836515427,1,0.005912624299526215,0.0008809100836515427,0.005031714215874672,0.12402496486902237,"[true, true, true]",False,False,False,67001,0,0843ed3f032eeea0612c508f007d708852bd5b1fffa62c033181097389bc1972,validation_005,1,4,1209862819,9,19.78982466217809,
27,5.4,B,mainline,True,False,153.96000000000038,26.800000000000153,1,accelerate,2.0,2.0000000000000284,131.76000000000036,14.800000000000104,1,1,accelerate-accelerate,0.11842958629131317,0.15027716755867004,0.05240771174430847,1,0.15027716755867004,0.11842958629131317,0.03184758126735687,0.09786945581436157,"[true, true, true]",False,False,False,67001,0,0843ed3f032eeea0612c508f007d708852bd5b1fffa62c033181097389bc1972,validation_005,1,4,1209862819,9,19.78982466217809,
28,5.6000000000000005,A,ramp,True,False,134.76000000000036,15.200000000000102,1,accelerate,2.0,1.999999999999993,159.3600000000004,27.20000000000016,1,1,accelerate-accelerate,-0.1179688423871994,0.00618097186088562,-1.6100704669952393e-05,1,0.00618097186088562,-1.6100704669952393e-05,0.0061970725655555725,0.12414981424808502,"[true, true, true]",False,False,False,67001,0,0843ed3f032eeea0612c508f007d708852bd5b1fffa62c033181097389bc1972,validation_005,1,4,1209862819,9,22.189929302244252,
28,5.6000000000000005,B,mainline,True,False,159.3600000000004,27.20000000000016,1,accelerate,2.0,2.0000000000000284,134.76000000000036,15.200000000000102,1,1,accelerate-accelerate,0.12080127000808716,0.1483783721923828,0.05226357281208038,1,0.1483783721923828,0.12080127000808716,0.027577102184295654,0.09611479938030243,"[true, true, true]",False,False,False,67001,0,0843ed3f032eeea0612c508f007d708852bd5b1fffa62c033181097389bc1972,validation_005,1,4,1209862819,9,22.189929302244252,
29,5.800000000000001,A,ramp,True,False,137.8400000000004,15.600000000000101,1,accelerate,2.0,1.999999999999993,164.84000000000043,27.600000000000165,1,1,accelerate-accelerate,-0.11788706481456757,0.00561261922121048,-0.0015195775777101517,1,0.00561261922121048,-0.0015195775777101517,0.007132196798920631,0.12349968403577805,"[true, true, true]",False,False,False,67001,0,0843ed3f032eeea0612c508f007d708852bd5b1fffa62c033181097389bc1972,validation_005,1,4,1209862819,9,24.589931239476186,
29,5.800000000000001,B,mainline,True,False,164.84000000000043,27.600000000000165,1,accelerate,2.0,2.0000000000000284,137.8400000000004,15.600000000000101,1,1,accelerate-accelerate,0.12331055104732513,0.14637812972068787,0.0520554855465889,1,0.14637812972068787,0.12331055104732513,0.023067578673362732,0.09432264417409897,"[true, true, true]",False,False,False,67001,0,0843ed3f032eeea0612c508f007d708852bd5b1fffa62c033181097389bc1972,validation_005,1,4,1209862819,9,24.589931239476186,
30,6.0,A,ramp,True,False,141.00000000000043,16.0000000000001,1,accelerate,2.0,2.0000000000000284,170.4000000000005,28.00000000000017,1,1,accelerate-accelerate,-0.11769381165504456,0.00478033721446991,-0.0029059238731861115,1,0.00478033721446991,-0.0029059238731861115,0.007686261087656021,0.12247414886951447,"[true, true, true]",False,False,False,67001,0,0843ed3f032eeea0612c508f007d708852bd5b1fffa62c033181097389bc1972,validation_005,1,4,1209862819,9,26.98993123947622,
30,6.0,B,mainline,True,False,170.4000000000005,28.00000000000017,1,accelerate,2.0,2.0000000000000284,141.00000000000043,16.0000000000001,1,1,accelerate-accelerate,0.12590917944908142,0.144314706325531,0.05183868110179901,1,0.144314706325531,0.12590917944908142,0.018405526876449585,0.092476025223732,"[true, true, true]",False,False,False,67001,0,0843ed3f032eeea0612c508f007d708852bd5b1fffa62c033181097389bc1972,validation_005,1,4,1209862819,9,26.98993123947622,
31,6.2,A,ramp,True,False,144.24000000000044,16.400000000000105,1,accelerate,2.0,2.0000000000000284,176.04000000000053,28.400000000000176,1,1,accelerate-accelerate,-0.11753978580236435,0.004052609205245972,-0.004226066172122955,1,0.004052609205245972,-0.004226066172122955,0.008278675377368927,0.12159239500761032,"[true, true, true]",False,False,False,67001,0,0843ed3f032eeea0612c508f007d708852bd5b1fffa62c033181097389bc1972,validation_005,1,4,1209862819,9,29.389931239476198,
31,6.2,B,mainline,True,False,176.04000000000053,28.400000000000176,1,accelerate,2.0,2.0000000000000284,144.24000000000044,16.400000000000105,1,1,accelerate-accelerate,0.12853460013866425,0.1422021985054016,0.05158861726522446,1,0.1422021985054016,0.12853460013866425,0.013667598366737366,0.09061358124017715,"[true, true, true]",False,False,False,67001,0,0843ed3f032eeea0612c508f007d708852bd5b1fffa62c033181097389bc1972,validation_005,1,4,1209862819,9,29.389931239476198,
32,6.4,A,ramp,True,False,147.56000000000049,16.80000000000011,1,accelerate,2.0,2.0000000000000284,181.76000000000056,28.800000000000182,1,1,accelerate-accelerate,-0.11735112220048904,0.0031728968024253845,-0.005508458241820335,1,0.0031728968024253845,-0.005508458241820335,0.00868135504424572,0.12052401900291443,"[true, true, true]",False,False,False,67001,0,0843ed3f032eeea0612c508f007d708852bd5b1fffa62c033181097389bc1972,validation_005,1,4,1209862819,9,31.789931239476232,
32,6.4,B,mainline,True,False,181.76000000000056,28.800000000000182,1,accelerate,2.0,2.0000000000000284,147.56000000000049,16.80000000000011,1,1,accelerate-accelerate,0.13084492087364197,0.14054188132286072,0.05088898539543152,1,0.14054188132286072,0.13084492087364197,0.00969696044921875,0.0896528959274292,"[true, true, true]",False,False,False,67001,0,0843ed3f032eeea0612c508f007d708852bd5b1fffa62c033181097389bc1972,validation_005,1,4,1209862819,9,31.789931239476232,
33,6.6000000000000005,A,ramp,True,False,150.9600000000005,17.200000000000117,1,accelerate,2.0,2.0000000000000284,187.5600000000006,29.200000000000188,1,1,accelerate-accelerate,-0.11703509837388992,0.0018585510551929474,-0.006740381941199303,1,0.0018585510551929474,-0.006740381941199303,0.00859893299639225,0.11889364942908287,"[true, true, true]",False,False,False,67001,0,0843ed3f032eeea0612c508f007d708852bd5b1fffa62c033181097389bc1972,validation_005,1,4,1209862819,9,34.18993123947624,
33,6.6000000000000005,B,mainline,True,False,187.5600000000006,29.200000000000188,1,accelerate,2.0,2.0000000000000284,150.9600000000005,17.200000000000117,1,1,accelerate-accelerate,0.13224902749061584,0.13997907936573029,0.050163790583610535,1,0.13997907936573029,0.13224902749061584,0.007730051875114441,0.08981528878211975,"[true, true, true]",False,False,False,67001,0,0843ed3f032eeea0612c508f007d708852bd5b1fffa62c033181097389bc1972,validation_005,1,4,1209862819,9,34.18993123947624,
34,6.800000000000001,A,ramp,True,False,154.4400000000005,17.600000000000122,1,accelerate,2.0,2.0000000000000284,193.44000000000062,29.600000000000193,1,1,accelerate-accelerate,-0.1163458526134491,0.000591471791267395,-0.007683688774704933,1,0.000591471791267395,-0.007683688774704933,0.008275160565972328,0.11693732440471649,"[true, true, true]",False,False,False,67001,0,0843ed3f032eeea0612c508f007d708852bd5b1fffa62c033181097389bc1972,validation_005,1,4,1209862819,9,36.58993123947624,
34,6.800000000000001,B,mainline,True,False,193.44000000000062,29.600000000000193,1,accelerate,2.0,1.9999999999960494,154.4400000000005,17.600000000000122,1,1,accelerate-accelerate,0.13365758955478668,0.13939589262008667,0.04938212037086487,1,0.13939589262008667,0.13365758955478668,0.005738303065299988,0.0900137722492218,"[true, true, true]",False,False,False,67001,0,0843ed3f032eeea0612c508f007d708852bd5b1fffa62c033181097389bc1972,validation_005,1,4,1209862819,9,36.58993123947624,
35,7.0,A,ramp,True,False,158.00000000000054,18.000000000000128,1,accelerate,2.0,2.0000000000000284,199.40000000000066,30.0,1,1,accelerate-accelerate,-0.11563854664564133,-0.0006452053785324097,-0.008599823340773582,1,-0.0006452053785324097,-0.008599823340773582,0.007954617962241173,0.11499334126710892,"[true, true, true]",False,False,False,67001,0,0843ed3f032eeea0612c508f007d708852bd5b1fffa62c033181097389bc1972,validation_005,1,4,1209862819,9,38.94993123947623,
35,7.0,B,mainline,True,False,199.40000000000066,30.0,1,accelerate,2.0,0.0,158.00000000000054,18.000000000000128,1,1,accelerate-accelerate,0.13509826362133026,0.1387883722782135,0.048552922904491425,1,0.1387883722782135,0.13509826362133026,0.0036901086568832397,0.09023544937372208,"[true, true, true]",False,False,False,67001,0,0843ed3f032eeea0612c508f007d708852bd5b1fffa62c033181097389bc1972,validation_005,1,4,1209862819,9,38.94993123947623,
36,7.2,A,ramp,True,False,161.64000000000055,18.400000000000134,1,accelerate,2.0,2.0000000000000284,205.40000000000066,30.0,1,1,accelerate-accelerate,-0.11598656326532364,-0.00304257869720459,-0.00925968587398529,1,-0.00304257869720459,-0.00925968587398529,0.006217107176780701,0.11294398456811905,"[true, true, true]",False,False,False,67001,0,0843ed3f032eeea0612c508f007d708852bd5b1fffa62c033181097389bc1972,validation_005,1,4,1209862819,9,41.2299312394762,
36,7.2,B,mainline,True,False,205.40000000000066,30.0,1,accelerate,2.0,0.0,161.64000000000055,18.400000000000134,1,1,accelerate-accelerate,0.13504734635353088,0.13825491070747375,0.0482206866145134,1,0.13825491070747375,0.13504734635353088,0.003207564353942871,0.09003422409296036,"[true, true, true]",False,False,False,67001,0,0843ed3f032eeea0612c508f007d708852bd5b1fffa62c033181097389bc1972,validation_005,1,4,1209862819,9,41.2299312394762,
37,7.4,A,ramp,True,False,165.36000000000058,18.80000000000014,1,accelerate,2.0,2.0000000000000284,211.40000000000066,30.0,1,1,accelerate-accelerate,-0.1162157952785492,-0.005417671054601669,-0.009855519980192184,1,-0.005417671054601669,-0.009855519980192184,0.004437848925590515,0.11079812422394753,"[true, true, true]",False,False,False,67001,0,0843ed3f032eeea0612c508f007d708852bd5b1fffa62c033181097389bc1972,validation_005,1,4,1209862819,9,43.42993123947616,
37,7.4,B,mainline,True,False,211.40000000000066,30.0,1,accelerate,2.0,0.0,165.36000000000058,18.80000000000014,1,1,accelerate-accelerate,0.13550090789794922,0.13808012008666992,0.04829031229019165,1,0.13808012008666992,0.13550090789794922,0.002579212188720703,0.08978980779647827,"[true, true, true]",False,False,False,67001,0,0843ed3f032eeea0612c508f007d708852bd5b1fffa62c033181097389bc1972,validation_005,1,4,1209862819,9,43.42993123947616,
38,7.6000000000000005,A,ramp,True,False,169.16000000000062,19.200000000000145,1,accelerate,2.0,2.0000000000000284,217.40000000000066,30.0,1,1,accelerate-accelerate,-0.11645529419183731,-0.007620826363563538,-0.010456535965204239,1,-0.007620826363563538,-0.010456535965204239,0.0028357096016407013,0.10883446782827377,"[true, true, true]",False,False,False,67001,0,0843ed3f032eeea0612c508f007d708852bd5b1fffa62c033181097389bc1972,validation_005,1,4,1209862819,9,45.54993123947614,
38,7.6000000000000005,B,mainline,True,False,217.40000000000066,30.0,1,accelerate,2.0,0.0,169.16000000000062,19.200000000000145,1,1,accelerate-accelerate,0.1360304057598114,0.1382860243320465,0.04824948310852051,1,0.1382860243320465,0.1360304057598114,0.0022556185722351074,0.090036541223526,"[true, true, true]",False,False,False,67001,0,0843ed3f032eeea0612c508f007d708852bd5b1fffa62c033181097389bc1972,validation_005,1,4,1209862819,9,45.54993123947614,
39,7.800000000000001,A,ramp,True,False,173.04000000000065,19.60000000000015,1,accelerate,2.0,2.0000000000000284,223.40000000000066,30.0,1,1,accelerate-accelerate,-0.11726721376180649,-0.009621582925319672,-0.011277984827756882,1,-0.009621582925319672,-0.011277984827756882,0.00165640190243721,0.10764563083648682,"[true, true, true]",False,False,False,67001,0,0843ed3f032eeea0612c508f007d708852bd5b1fffa62c033181097389bc1972,validation_005,1,4,1209862819,9,47.5899312394761,
39,7.800000000000001,B,mainline,True,False,223.40000000000066,30.0,1,accelerate,2.0,0.0,173.04000000000065,19.60000000000015,1,1,accelerate-accelerate,0.13590356707572937,0.13862952589988708,0.048676177859306335,1,0.13862952589988708,0.13590356707572937,0.002725958824157715,0.08995334804058075,"[true, true, true]",False,False,False,67001,0,0843ed3f032eeea0612c508f007d708852bd5b1fffa62c033181097389bc1972,validation_005,1,4,1209862819,9,47.5899312394761,
40,8.0,A,ramp,True,False,177.00000000000068,20.000000000000156,2,decelerate,2.0,-2.9999999999999716,229.40000000000066,30.0,2,1,decelerate-accelerate,-0.0983683168888092,0.016653552651405334,0.034496624022722244,2,0.034496624022722244,0.016653552651405334,0.01784307137131691,0.13286494091153145,"[true, true, true]",False,False,False,67001,0,0843ed3f032eeea0612c508f007d708852bd5b1fffa62c033181097389bc1972,validation_005,1,4,1209862819,9,49.649931239476075,
40,8.0,B,mainline,True,False,229.40000000000066,30.0,1,accelerate,2.0,0.0,177.00000000000068,20.000000000000156,2,1,decelerate-accelerate,0.1284647285938263,0.18940198421478271,0.04660780727863312,1,0.18940198421478271,0.1284647285938263,0.06093725562095642,0.1427941769361496,"[true, true, true]",False,False,False,67001,0,0843ed3f032eeea0612c508f007d708852bd5b1fffa62c033181097389bc1972,validation_005,1,4,1209862819,9,49.649931239476075,
41,8.200000000000001,A,ramp,True,False,180.9400000000007,19.400000000000162,2,decelerate,-3.0,-2.9999999999999716,235.40000000000066,30.0,2,1,decelerate-accelerate,-0.09727976471185684,0.015698987990617752,0.033908911049366,2,0.033908911049366,0.015698987990617752,0.018209923058748245,0.13118867576122284,"[true, true, true]",False,False,False,67001,0,0843ed3f032eeea0612c508f007d708852bd5b1fffa62c033181097389bc1972,validation_005,1,4,1209862819,9,51.82993123947605,
41,8.200000000000001,B,mainline,True,False,235.40000000000066,30.0,1,accelerate,2.0,0.0,180.9400000000007,19.400000000000162,2,1,decelerate-accelerate,0.13048458099365234,0.18798275291919708,0.04694121330976486,1,0.18798275291919708,0.13048458099365234,0.05749817192554474,0.14104153960943222,"[true, true, true]",False,False,False,67001,0,0843ed3f032eeea0612c508f007d708852bd5b1fffa62c033181097389bc1972,validation_005,1,4,1209862819,9,51.82993123947605,
42,8.4,A,ramp,True,False,184.76000000000073,18.800000000000168,2,decelerate,-3.0,-2.9999999999999716,241.40000000000066,30.0,2,1,decelerate-accelerate,-0.09701994061470032,0.015759237110614777,0.03317275270819664,2,0.03317275270819664,0.015759237110614777,0.017413515597581863,0.13019269332289696,"[true, true, true]",False,False,False,67001,0,0843ed3f032eeea0612c508f007d708852bd5b1fffa62c033181097389bc1972,validation_005,1,4,1209862819,9,54.12993123947601,
42,8.4,B,mainline,True,False,241.40000000000066,30.0,1,accelerate,2.0,0.0,184.76000000000073,18.800000000000168,2,1,decelerate-accelerate,0.13223834335803986,0.18644492328166962,0.04752747714519501,1,0.18644492328166962,0.13223834335803986,0.05420657992362976,0.1389174461364746,"[true, true, true]",False,False,False,67001,0,0843ed3f032eeea0612c508f007d708852bd5b1fffa62c033181097389bc1972,validation_005,1,4,1209862819,9,54.12993123947601,
43,8.6,A,ramp,True,False,188.46000000000078,18.200000000000173,2,decelerate,-3.0,-2.9999999999999716,247.40000000000066,30.0,2,1,decelerate-accelerate,-0.09681583195924759,0.01627209037542343,0.032381415367126465,2,0.032381415367126465,0.01627209037542343,0.016109324991703033,0.12919724732637405,"[true, true, true]",False,False,False,67001,0,0843ed3f032eeea0612c508f007d708852bd5b1fffa62c033181097389bc1972,validation_005,1,4,1209862819,9,56.54993123947597,
43,8.6,B,mainline,True,False,247.40000000000066,30.0,1,accelerate,2.0,0.0,188.46000000000078,18.200000000000173,2,1,decelerate-accelerate,0.13442564010620117,0.18476295471191406,0.04809608310461044,1,0.18476295471191406,0.13442564010620117,0.05033731460571289,0.13666687160730362,"[true, true, true]",False,False,False,67001,0,0843ed3f032eeea0612c508f007d708852bd5b1fffa62c033181097389bc1972,validation_005,1,4,1209862819,9,56.54993123947597,
44,8.8,A,ramp,True,False,192.04000000000082,17.60000000000018,2,decelerate,-3.0,-2.9999999999999716,253.40000000000066,30.0,2,1,decelerate-accelerate,-0.09649074077606201,0.0167011097073555,0.03158247470855713,2,0.03158247470855713,0.0167011097073555,0.01488136500120163,0.12807321548461914,"[true, true, true]",False,False,False,67001,0,0843ed3f032eeea0612c508f007d708852bd5b1fffa62c033181097389bc1972,validation_005,1,4,1209862819,9,59.08993123947593,
44,8.8,B,mainline,True,False,253.40000000000066,30.0,1,accelerate,2.0,0.0,192.04000000000082,17.60000000000018,2,1,decelerate-accelerate,0.13655400276184082,0.18321990966796875,0.048373207449913025,1,0.18321990966796875,0.13655400276184082,0.04666590690612793,0.13484670221805573,"[true, true, true]",False,False,False,67001,0,0843ed3f032eeea0612c508f007d708852bd5b1fffa62c033181097389bc1972,validation_005,1,4,1209862819,9,59.08993123947593,
45,9.0,A,ramp,True,False,195.50000000000085,17.000000000000185,2,decelerate,-3.0,-2.9999999999999716,259.40000000000066,30.0,2,1,decelerate-accelerate,-0.09633611887693405,0.016958244144916534,0.030743015930056572,2,0.030743015930056572,0.016958244144916534,0.013784771785140038,0.12707913480699062,"[true, true, true]",False,False,False,67001,0,0843ed3f032eeea0612c508f007d708852bd5b1fffa62c033181097389bc1972,validation_005,1,4,1209862819,9,,
45,9.0,B,mainline,True,False,259.40000000000066,30.0,1,accelerate,2.0,0.0,195.50000000000085,17.000000000000185,2,1,decelerate-accelerate,0.13831929862499237,0.18147847056388855,0.04887712001800537,1,0.18147847056388855,0.13831929862499237,0.04315917193889618,0.13260135054588318,"[true, true, true]",False,False,False,67001,0,0843ed3f032eeea0612c508f007d708852bd5b1fffa62c033181097389bc1972,validation_005,1,4,1209862819,9,,
46,9.200000000000001,A,ramp,True,False,198.84000000000088,16.40000000000019,2,decelerate,-3.0,-3.000000000000007,260.90000000000066,0.0,2,0,active-inactive,-0.22171427309513092,0.027339749038219452,0.06776203960180283,2,0.06776203960180283,0.027339749038219452,0.040422290563583374,0.28947631269693375,"[true, true, true]",False,False,False,67001,0,0843ed3f032eeea0612c508f007d708852bd5b1fffa62c033181097389bc1972,validation_005,1,4,1209862819,9,,
46,9.200000000000001,B,mainline,False,True,260.90000000000066,0.0,0,maintain,0.0,0.0,198.84000000000088,16.40000000000019,2,0,active-inactive,0.06844035536050797,0.1340026557445526,-0.010297384113073349,1,0.1340026557445526,0.06844035536050797,0.06556230038404465,0.14430003985762596,"[true, true, true]",False,False,False,67001,0,0843ed3f032eeea0612c508f007d708852bd5b1fffa62c033181097389bc1972,validation_005,1,4,1209862819,9,,
47,9.4,A,ramp,True,False,202.0600000000009,15.800000000000193,2,decelerate,-3.0,-3.000000000000007,260.90000000000066,0.0,2,0,active-inactive,-0.2218794971704483,0.028965193778276443,0.06759478896856308,2,0.06759478896856308,0.028965193778276443,0.038629595190286636,0.2894742861390114,"[true, true, true]",False,False,False,67001,0,0843ed3f032eeea0612c508f007d708852bd5b1fffa62c033181097389bc1972,validation_005,1,4,1209862819,9,,
47,9.4,B,mainline,False,True,260.90000000000066,0.0,0,maintain,0.0,0.0,202.0600000000009,15.800000000000193,2,0,active-inactive,0.0703810378909111,0.13449910283088684,-0.009675953537225723,1,0.13449910283088684,0.0703810378909111,0.06411806493997574,0.14417505636811256,"[true, true, true]",False,False,False,67001,0,0843ed3f032eeea0612c508f007d708852bd5b1fffa62c033181097389bc1972,validation_005,1,4,1209862819,9,,
48,9.600000000000001,A,ramp,True,False,205.16000000000093,15.200000000000191,2,decelerate,-3.0,-3.000000000000007,260.90000000000066,0.0,2,0,active-inactive,-0.22197820246219635,0.030580509454011917,0.06739646196365356,2,0.06739646196365356,0.030580509454011917,0.03681595250964165,0.2893746644258499,"[true, true, true]",False,False,False,67001,0,0843ed3f032eeea0612c508f007d708852bd5b1fffa62c033181097389bc1972,validation_005,1,4,1209862819,9,,
48,9.600000000000001,B,mainline,False,True,260.90000000000066,0.0,0,maintain,0.0,0.0,205.16000000000093,15.200000000000191,2,0,active-inactive,0.07231692969799042,0.1348952203989029,-0.00897536426782608,1,0.1348952203989029,0.07231692969799042,0.06257829070091248,0.14387058466672897,"[true, true, true]",False,False,False,67001,0,0843ed3f032eeea0612c508f007d708852bd5b1fffa62c033181097389bc1972,validation_005,1,4,1209862819,9,,
49,9.8,A,ramp,True,False,208.14000000000098,14.60000000000019,2,decelerate,-3.0,-3.000000000000007,260.90000000000066,0.0,2,0,active-inactive,-0.22197945415973663,0.03210877627134323,0.0671154260635376,2,0.0671154260635376,0.03210877627134323,0.035006649792194366,0.28909488022327423,"[true, true, true]",False,False,False,67001,0,0843ed3f032eeea0612c508f007d708852bd5b1fffa62c033181097389bc1972,validation_005,1,4,1209862819,9,,
49,9.8,B,mainline,False,True,260.90000000000066,0.0,0,maintain,0.0,0.0,208.14000000000098,14.60000000000019,2,0,active-inactive,0.07425221800804138,0.13518129289150238,-0.008190957829356194,1,0.13518129289150238,0.07425221800804138,0.060929074883461,0.14337225072085857,"[true, true, true]",False,False,False,67001,0,0843ed3f032eeea0612c508f007d708852bd5b1fffa62c033181097389bc1972,validation_005,1,4,1209862819,9,,
50,10.0,A,ramp,True,False,211.00000000000102,14.000000000000188,2,decelerate,-3.0,-3.000000000000007,260.90000000000066,0.0,2,0,active-inactive,-0.22191719710826874,0.033624351024627686,0.06680407375097275,2,0.06680407375097275,0.033624351024627686,0.03317972272634506,0.2887212708592415,"[true, true, true]",False,False,False,67001,0,0843ed3f032eeea0612c508f007d708852bd5b1fffa62c033181097389bc1972,validation_005,1,4,1209862819,9,,
50,10.0,B,mainline,False,True,260.90000000000066,0.0,0,maintain,0.0,0.0,211.00000000000102,14.000000000000188,2,0,active-inactive,0.07614672183990479,0.13546837866306305,-0.007386479526758194,1,0.13546837866306305,0.07614672183990479,0.059321656823158264,0.14285485818982124,"[true, true, true]",False,False,False,67001,0,0843ed3f032eeea0612c508f007d708852bd5b1fffa62c033181097389bc1972,validation_005,1,4,1209862819,9,,
51,10.200000000000001,A,ramp,True,False,213.74000000000106,13.400000000000187,2,decelerate,-3.0,-3.000000000000007,260.90000000000066,0.0,2,0,active-inactive,-0.2217947244644165,0.035128433257341385,0.06646555662155151,2,0.06646555662155151,0.035128433257341385,0.03133712336421013,0.288260281085968,"[true, true, true]",False,False,False,67001,0,0843ed3f032eeea0612c508f007d708852bd5b1fffa62c033181097389bc1972,validation_005,1,4,1209862819,9,,
51,10.200000000000001,B,mainline,False,True,260.90000000000066,0.0,0,maintain,0.0,0.0,213.74000000000106,13.400000000000187,2,0,active-inactive,0.07795033603906631,0.13535331189632416,-0.006303312256932259,1,0.13535331189632416,0.07795033603906631,0.05740297585725784,0.14165662415325642,"[true, true, true]",False,False,False,67001,0,0843ed3f032eeea0612c508f007d708852bd5b1fffa62c033181097389bc1972,validation_005,1,4,1209862819,9,,
52,10.4,A,ramp,True,False,216.3600000000011,12.800000000000185,2,decelerate,-3.0,-3.000000000000007,260.90000000000066,0.0,2,0,active-inactive,-0.22151239216327667,0.03650938346982002,0.06609633564949036,2,0.06609633564949036,0.03650938346982002,0.029586952179670334,0.28760872781276703,"[true, true, true]",False,False,False,67001,0,0843ed3f032eeea0612c508f007d708852bd5b1fffa62c033181097389bc1972,validation_005,1,4,1209862819,9,,
52,10.4,B,mainline,False,True,260.90000000000066,0.0,0,maintain,0.0,0.0,216.3600000000011,12.800000000000185,2,0,active-inactive,0.07966621965169907,0.13489069044589996,-0.004958910867571831,1,0.13489069044589996,0.07966621965169907,0.0552244707942009,0.1398496013134718,"[true, true, true]",False,False,False,67001,0,0843ed3f032eeea0612c508f007d708852bd5b1fffa62c033181097389bc1972,validation_005,1,4,1209862819,9,,
53,10.600000000000001,A,ramp,True,False,218.86000000000112,12.200000000000184,2,decelerate,-3.0,-3.000000000000007,260.90000000000066,0.0,2,0,active-inactive,-0.2208314687013626,0.037505123764276505,0.06568597257137299,2,0.06568597257137299,0.037505123764276505,0.02818084880709648,0.2865174412727356,"[true, true, true]",False,False,False,67001,0,0843ed3f032eeea0612c508f007d708852bd5b1fffa62c033181097389bc1972,validation_005,1,4,1209862819,9,,
53,10.600000000000001,B,mainline,False,True,260.90000000000066,0.0,0,maintain,0.0,0.0,218.86000000000112,12.200000000000184,2,0,active-inactive,0.08134796470403671,0.1344478279352188,-0.0036180811002850533,1,0.1344478279352188,0.08134796470403671,0.0530998632311821,0.13806590903550386,"[true, true, true]",False,False,False,67001,0,0843ed3f032eeea0612c508f007d708852bd5b1fffa62c033181097389bc1972,validation_005,1,4,1209862819,9,,
54,10.8,A,ramp,True,False,221.24000000000115,11.600000000000183,2,decelerate,-3.0,-3.000000000000007,260.90000000000066,0.0,2,0,active-inactive,-0.22012168169021606,0.038457177579402924,0.06524334847927094,2,0.06524334847927094,0.038457177579402924,0.02678617089986801,0.285365030169487,"[true, true, true]",False,False,False,67001,0,0843ed3f032eeea0612c508f007d708852bd5b1fffa62c033181097389bc1972,validation_005,1,4,1209862819,9,,
54,10.8,B,mainline,False,True,260.90000000000066,0.0,0,maintain,0.0,0.0,221.24000000000115,11.600000000000183,2,0,active-inactive,0.0829339325428009,0.13403335213661194,-0.002235904335975647,1,0.13403335213661194,0.0829339325428009,0.051099419593811035,0.13626925647258759,"[true, true, true]",False,False,False,67001,0,0843ed3f032eeea0612c508f007d708852bd5b1fffa62c033181097389bc1972,validation_005,1,4,1209862819,9,,
55,11.0,A,ramp,True,False,223.5000000000012,11.000000000000181,2,decelerate,-3.0,-3.000000000000007,260.90000000000066,0.0,2,0,active-inactive,-0.21948274970054626,0.03929034620523453,0.06473595649003983,2,0.06473595649003983,0.03929034620523453,0.025445610284805298,0.2842187061905861,"[true, true, true]",False,False,False,67001,0,0843ed3f032eeea0612c508f007d708852bd5b1fffa62c033181097389bc1972,validation_005,1,4,1209862819,9,,
55,11.0,B,mainline,False,True,260.90000000000066,0.0,0,maintain,0.0,0.0,223.5000000000012,11.000000000000181,2,0,active-inactive,0.08434353023767471,0.13355323672294617,-0.0008291099220514297,1,0.13355323672294617,0.08434353023767471,0.049209706485271454,0.1343823466449976,"[true, true, true]",False,False,False,67001,0,0843ed3f032eeea0612c508f007d708852bd5b1fffa62c033181097389bc1972,validation_005,1,4,1209862819,9,,
56,11.200000000000001,A,ramp,True,False,225.64000000000124,10.40000000000018,2,decelerate,-3.0,-3.000000000000007,260.90000000000066,0.0,2,0,active-inactive,-0.21879681944847107,0.04009957239031792,0.06420953571796417,2,0.06420953571796417,0.04009957239031792,0.024109963327646255,0.28300635516643524,"[true, true, true]",False,False,False,67001,0,0843ed3f032eeea0612c508f007d708852bd5b1fffa62c033181097389bc1972,validation_005,1,4,1209862819,9,,
56,11.200000000000001,B,mainline,False,True,260.90000000000066,0.0,0,maintain,0.0,0.0,225.64000000000124,10.40000000000018,2,0,active-inactive,0.08573982119560242,0.13273631036281586,0.0003048628568649292,1,0.13273631036281586,0.08573982119560242,0.04699648916721344,0.13243144750595093,"[true, true, true]",False,False,False,67001,0,0843ed3f032eeea0612c508f007d708852bd5b1fffa62c033181097389bc1972,validation_005,1,4,1209862819,9,,
57,11.4,A,ramp,True,False,227.66000000000128,9.800000000000178,2,decelerate,-3.0,-3.000000000000007,260.90000000000066,0.0,2,0,active-inactive,-0.21806693077087402,0.040885116904973984,0.06366622447967529,2,0.06366622447967529,0.040885116904973984,0.02278110757470131,0.2817331552505493,"[true, true, true]",False,False,False,67001,0,0843ed3f032eeea0612c508f007d708852bd5b1fffa62c033181097389bc1972,validation_005,1,4,1209862819,9,,
57,11.4,B,mainline,False,True,260.90000000000066,0.0,0,maintain,0.0,0.0,227.66000000000128,9.800000000000178,2,0,active-inactive,0.08688337355852127,0.1319960057735443,0.0015486031770706177,1,0.1319960057735443,0.08688337355852127,0.04511263221502304,0.1304474025964737,"[true, true, true]",False,False,False,67001,0,0843ed3f032eeea0612c508f007d708852bd5b1fffa62c033181097389bc1972,validation_005,1,4,1209862819,9,,
58,11.600000000000001,A,ramp,True,False,229.5600000000013,9.200000000000177,2,decelerate,-3.0,-3.000000000000007,260.90000000000066,0.0,2,0,active-inactive,-0.217295840382576,0.04164722561836243,0.06310805678367615,2,0.06310805678367615,0.04164722561836243,0.02146083116531372,0.28040389716625214,"[true, true, true]",False,False,False,67001,0,0843ed3f032eeea0612c508f007d708852bd5b1fffa62c033181097389bc1972,validation_005,1,4,1209862819,9,,
58,11.600000000000001,B,mainline,False,True,260.90000000000066,0.0,0,maintain,0.0,0.0,229.5600000000013,9.200000000000177,2,0,active-inactive,0.0878307968378067,0.13131645321846008,0.0028715841472148895,1,0.13131645321846008,0.0878307968378067,0.04348565638065338,0.1284448690712452,"[true, true, true]",False,False,False,67001,0,0843ed3f032eeea0612c508f007d708852bd5b1fffa62c033181097389bc1972,validation_005,1,4,1209862819,9,,
59,11.8,A,ramp,True,False,231.34000000000134,8.600000000000176,2,decelerate,-3.0,-3.000000000000007,260.90000000000066,0.0,2,0,active-inactive,-0.21648621559143066,0.042386092245578766,0.06253698468208313,2,0.06253698468208313,0.042386092245578766,0.020150892436504364,0.2790232002735138,"[true, true, true]",False,False,False,67001,0,0843ed3f032eeea0612c508f007d708852bd5b1fffa62c033181097389bc1972,validation_005,1,4,1209862819,9,,
59,11.8,B,mainline,False,True,260.90000000000066,0.0,0,maintain,0.0,0.0,231.34000000000134,8.600000000000176,2,0,active-inactive,0.08876004815101624,0.1306465119123459,0.004177829250693321,1,0.1306465119123459,0.08876004815101624,0.04188646376132965,0.12646868266165257,"[true, true, true]",False,False,False,67001,0,0843ed3f032eeea0612c508f007d708852bd5b1fffa62c033181097389bc1972,validation_005,1,4,1209862819,9,,
60,12.0,A,ramp,True,False,233.00000000000136,8.000000000000174,2,decelerate,-3.0,-3.000000000000007,260.90000000000066,0.0,2,0,active-inactive,-0.2156405746936798,0.04310191050171852,0.06195477396249771,2,0.06195477396249771,0.04310191050171852,0.01885286346077919,0.2775953486561775,"[true, true, true]",False,False,False,67001,0,0843ed3f032eeea0612c508f007d708852bd5b1fffa62c033181097389bc1972,validation_005,1,4,1209862819,9,,
60,12.0,B,mainline,False,True,260.90000000000066,0.0,0,maintain,0.0,0.0,233.00000000000136,8.000000000000174,2,0,active-inactive,0.08967214822769165,0.12998637557029724,0.005466774106025696,1,0.12998637557029724,0.08967214822769165,0.04031422734260559,0.12451960146427155,"[true, true, true]",False,False,False,67001,0,0843ed3f032eeea0612c508f007d708852bd5b1fffa62c033181097389bc1972,validation_005,1,4,1209862819,9,,
61,12.200000000000001,A,ramp,True,False,234.5400000000014,7.400000000000173,2,decelerate,-3.0,-3.000000000000007,260.90000000000066,0.0,2,0,active-inactive,-0.21478787064552307,0.04381885752081871,0.061447661370038986,2,0.061447661370038986,0.04381885752081871,0.017628803849220276,0.27623553201556206,"[true, true, true]",False,False,False,67001,0,0843ed3f032eeea0612c508f007d708852bd5b1fffa62c033181097389bc1972,validation_005,1,4,1209862819,9,,
61,12.200000000000001,B,mainline,False,True,260.90000000000066,0.0,0,maintain,0.0,0.0,234.5400000000014,7.400000000000173,2,0,active-inactive,0.09061498194932938,0.12933890521526337,0.0066453926265239716,1,0.12933890521526337,0.09061498194932938,0.03872392326593399,0.1226935125887394,"[true, true, true]",False,False,False,67001,0,0843ed3f032eeea0612c508f007d708852bd5b1fffa62c033181097389bc1972,validation_005,1,4,1209862819,9,,
62,12.4,A,ramp,True,False,235.96000000000146,6.800000000000171,2,decelerate,-3.0,-3.000000000000007,260.90000000000066,0.0,2,0,active-inactive,-0.2139996439218521,0.044756047427654266,0.060885146260261536,2,0.060885146260261536,0.044756047427654266,0.01612909883260727,0.27488479018211365,"[true, true, true]",False,False,False,67001,0,0843ed3f032eeea0612c508f007d708852bd5b1fffa62c033181097389bc1972,validation_005,1,4,1209862819,9,,
62,12.4,B,mainline,False,True,260.90000000000066,0.0,0,maintain,0.0,0.0,235.96000000000146,6.800000000000171,2,0,active-inactive,0.09167288988828659,0.12875276803970337,0.0074246786534786224,1,0.12875276803970337,0.09167288988828659,0.03707987815141678,0.12132808938622475,"[true, true, true]",False,False,False,67001,0,0843ed3f032eeea0612c508f007d708852bd5b1fffa62c033181097389bc1972,validation_005,1,4,1209862819,9,,
63,12.600000000000001,A,ramp,True,False,237.2600000000015,6.20000000000017,2,decelerate,-3.0,-3.000000000000007,260.90000000000066,0.0,2,0,active-inactive,-0.21312010288238525,0.045812539756298065,0.060240257531404495,2,0.060240257531404495,0.045812539756298065,0.01442771777510643,0.27336036041378975,"[true, true, true]",False,False,False,67001,0,0843ed3f032eeea0612c508f007d708852bd5b1fffa62c033181097389bc1972,validation_005,1,4,1209862819,9,,
63,12.600000000000001,B,mainline,False,True,260.90000000000066,0.0,0,maintain,0.0,0.0,237.2600000000015,6.20000000000017,2,0,active-inactive,0.09272469580173492,0.12833863496780396,0.008076043799519539,1,0.12833863496780396,0.09272469580173492,0.03561393916606903,0.12026259116828442,"[true, true, true]",False,False,False,67001,0,0843ed3f032eeea0612c508f007d708852bd5b1fffa62c033181097389bc1972,validation_005,1,4,1209862819,9,,
64,12.8,A,ramp,True,False,238.44000000000153,5.600000000000168,2,decelerate,-3.0,-3.000000000000007,260.90000000000066,0.0,2,0,active-inactive,-0.2122361660003662,0.046843234449625015,0.05958158150315285,2,0.05958158150315285,0.046843234449625015,0.012738347053527832,0.27181774750351906,"[true, true, true]",False,False,False,67001,0,0843ed3f032eeea0612c508f007d708852bd5b1fffa62c033181097389bc1972,validation_005,1,4,1209862819,9,,
64,12.8,B,mainline,False,True,260.90000000000066,0.0,0,maintain,0.0,0.0,238.44000000000153,5.600000000000168,2,0,active-inactive,0.09376218914985657,0.12797191739082336,0.008837355300784111,1,0.12797191739082336,0.09376218914985657,0.0342097282409668,0.11913456209003925,"[true, true, true]",False,False,False,67001,0,0843ed3f032eeea0612c508f007d708852bd5b1fffa62c033181097389bc1972,validation_005,1,4,1209862819,9,,
65,13.0,A,ramp,True,False,239.50000000000156,5.000000000000167,2,decelerate,-3.0,-3.000000000000007,260.90000000000066,0.0,2,0,active-inactive,-0.21123124659061432,0.04775521904230118,0.058836787939071655,2,0.058836787939071655,0.04775521904230118,0.011081568896770477,0.270068034529686,"[true, true, true]",False,False,False,67001,0,0843ed3f032eeea0612c508f007d708852bd5b1fffa62c033181097389bc1972,validation_005,1,4,1209862819,9,,
65,13.0,B,mainline,False,True,260.90000000000066,0.0,0,maintain,0.0,0.0,239.50000000000156,5.000000000000167,2,0,active-inactive,0.09424999356269836,0.12729164958000183,0.009589910507202148,1,0.12729164958000183,0.09424999356269836,0.03304165601730347,0.11770173907279968,"[true, true, true]",False,False,False,67001,0,0843ed3f032eeea0612c508f007d708852bd5b1fffa62c033181097389bc1972,validation_005,1,4,1209862819,9,,
66,13.200000000000001,A,ramp,True,False,240.4400000000016,4.400000000000166,2,decelerate,-3.0,-2.9999999999999982,260.90000000000066,0.0,2,0,active-inactive,-0.21017897129058838,0.048605553805828094,0.05805281549692154,2,0.05805281549692154,0.048605553805828094,0.009447261691093445,0.2682317867875099,"[true, true, true]",False,False,False,67001,0,0843ed3f032eeea0612c508f007d708852bd5b1fffa62c033181097389bc1972,validation_005,1,4,1209862819,9,,
66,13.200000000000001,B,mainline,False,True,260.90000000000066,0.0,0,maintain,0.0,0.0,240.4400000000016,4.400000000000166,2,0,active-inactive,0.09440520405769348,0.12642860412597656,0.01033170148730278,1,0.12642860412597656,0.09440520405769348,0.03202340006828308,0.11609690263867378,"[true, true, true]",False,False,False,67001,0,0843ed3f032eeea0612c508f007d708852bd5b1fffa62c033181097389bc1972,validation_005,1,4,1209862819,9,,
67,13.4,A,ramp,True,False,241.2600000000016,3.800000000000165,2,decelerate,-3.0,-2.9999999999999982,260.90000000000066,0.0,2,0,active-inactive,-0.20912081003189087,0.04942593723535538,0.05725638568401337,2,0.05725638568401337,0.04942593723535538,0.00783044844865799,0.26637719571590424,"[true, true, true]",False,False,False,67001,0,0843ed3f032eeea0612c508f007d708852bd5b1fffa62c033181097389bc1972,validation_005,1,4,1209862819,9,,
67,13.4,B,mainline,False,True,260.90000000000066,0.0,0,maintain,0.0,0.0,241.2600000000016,3.800000000000165,2,0,active-inactive,0.09453973174095154,0.12557068467140198,0.011060060933232307,1,0.12557068467140198,0.09453973174095154,0.03103095293045044,0.11451062373816967,"[true, true, true]",False,False,False,67001,0,0843ed3f032eeea0612c508f007d708852bd5b1fffa62c033181097389bc1972,validation_005,1,4,1209862819,9,,
68,13.600000000000001,A,ramp,True,False,241.96000000000166,3.2000000000001654,2,decelerate,-3.0,-2.9999999999999982,260.90000000000066,0.0,2,0,active-inactive,-0.20805799961090088,0.0502164363861084,0.05644894391298294,2,0.05644894391298294,0.0502164363861084,0.006232507526874542,0.2645069435238838,"[true, true, true]",False,False,False,67001,0,0843ed3f032eeea0612c508f007d708852bd5b1fffa62c033181097389bc1972,validation_005,1,4,1209862819,9,,
68,13.600000000000001,B,mainline,False,True,260.90000000000066,0.0,0,maintain,0.0,0.0,241.96000000000166,3.2000000000001654,2,0,active-inactive,0.0946536585688591,0.12471894919872284,0.011777030304074287,1,0.12471894919872284,0.0946536585688591,0.03006529062986374,0.11294191889464855,"[true, true, true]",False,False,False,67001,0,0843ed3f032eeea0612c508f007d708852bd5b1fffa62c033181097389bc1972,validation_005,1,4,1209862819,9,,
69,13.8,A,ramp,True,False,242.5400000000017,2.6000000000001657,2,decelerate,-3.0,-2.9999999999999982,260.90000000000066,0.0,2,0,active-inactive,-0.20699161291122437,0.05097700655460358,0.05563186854124069,2,0.05563186854124069,0.05097700655460358,0.0046548619866371155,0.26262348145246506,"[true, true, true]",False,False,False,67001,0,0843ed3f032eeea0612c508f007d708852bd5b1fffa62c033181097389bc1972,validation_005,1,4,1209862819,9,,
69,13.8,B,mainline,False,True,260.90000000000066,0.0,0,maintain,0.0,0.0,242.5400000000017,2.6000000000001657,2,0,active-inactive,0.09477540105581284,0.12379634380340576,0.012507669627666473,1,0.12379634380340576,0.09477540105581284,0.029020942747592926,0.11128867417573929,"[true, true, true]",False,False,False,67001,0,0843ed3f032eeea0612c508f007d708852bd5b1fffa62c033181097389bc1972,validation_005,1,4,1209862819,9,,
70,14.0,A,ramp,True,False,243.00000000000173,2.000000000000166,2,decelerate,-3.0,-2.9999999999999982,260.90000000000066,0.0,2,0,active-inactive,-0.20593315362930298,0.05165606737136841,0.05473952740430832,2,0.05473952740430832,0.05165606737136841,0.003083460032939911,0.2606726810336113,"[true, true, true]",False,False,False,67001,0,0843ed3f032eeea0612c508f007d708852bd5b1fffa62c033181097389bc1972,validation_005,1,4,1209862819,9,,
70,14.0,B,mainline,False,True,260.90000000000066,0.0,0,maintain,0.0,0.0,243.00000000000173,2.000000000000166,2,0,active-inactive,0.09481321275234222,0.12243389338254929,0.013175740838050842,1,0.12243389338254929,0.09481321275234222,0.027620680630207062,0.10925815254449844,"[true, true, true]",False,False,False,67001,0,0843ed3f032eeea0612c508f007d708852bd5b1fffa62c033181097389bc1972,validation_005,1,4,1209862819,9,,
71,14.200000000000001,A,ramp,True,False,243.34000000000177,1.4000000000001664,2,decelerate,-3.0,-3.0000000000000004,260.90000000000066,0.0,2,0,active-inactive,-0.20497660338878632,0.05233728513121605,0.053957730531692505,2,0.053957730531692505,0.05233728513121605,0.0016204454004764557,0.2589343339204788,"[true, true, true]",False,False,False,67001,0,0843ed3f032eeea0612c508f007d708852bd5b1fffa62c033181097389bc1972,validation_005,1,4,1209862819,9,,
71,14.200000000000001,B,mainline,False,True,260.90000000000066,0.0,0,maintain,0.0,0.0,243.34000000000177,1.4000000000001664,2,0,active-inactive,0.09487253427505493,0.1210622563958168,0.013813551515340805,1,0.1210622563958168,0.09487253427505493,0.02618972212076187,0.107248704880476,"[true, true, true]",False,False,False,67001,0,0843ed3f032eeea0612c508f007d708852bd5b1fffa62c033181097389bc1972,validation_005,1,4,1209862819,9,,
72,14.4,A,ramp,True,False,243.5600000000018,0.8000000000001666,2,decelerate,-3.0,-3.0000000000000004,260.90000000000066,0.0,2,0,active-inactive,-0.20407849550247192,0.053019601851701736,0.05325543135404587,2,0.05325543135404587,0.053019601851701736,0.00023582950234413147,0.2573339268565178,"[true, true, true]",False,False,False,67001,0,0843ed3f032eeea0612c508f007d708852bd5b1fffa62c033181097389bc1972,validation_005,1,4,1209862819,9,,
72,14.4,B,mainline,False,True,260.90000000000066,0.0,0,maintain,0.0,0.0,243.5600000000018,0.8000000000001666,2,0,active-inactive,0.09508384764194489,0.11994028091430664,0.014478310942649841,1,0.11994028091430664,0.09508384764194489,0.024856433272361755,0.1054619699716568,"[true, true, true]",False,False,False,67001,0,0843ed3f032eeea0612c508f007d708852bd5b1fffa62c033181097389bc1972,validation_005,1,4,1209862819,9,,
73,14.600000000000001,A,ramp,True,False,243.66000000000182,0.2000000000001665,1,accelerate,-3.0,1.9999999999999996,260.90000000000066,0.0,1,0,active-inactive,-0.20317460596561432,0.053680457174777985,0.05255983769893646,1,0.053680457174777985,0.05255983769893646,0.0011206194758415222,0.2568550631403923,"[true, true, true]",False,False,False,67001,0,0843ed3f032eeea0612c508f007d708852bd5b1fffa62c033181097389bc1972,validation_005,1,4,1209862819,9,,
73,14.600000000000001,B,mainline,False,True,260.90000000000066,0.0,0,maintain,0.0,0.0,243.66000000000182,0.2000000000001665,1,0,active-inactive,0.09524421393871307,0.11912010610103607,0.01526857540011406,1,0.11912010610103607,0.09524421393871307,0.023875892162322998,0.10385153070092201,"[true, true, true]",False,False,False,67001,0,0843ed3f032eeea0612c508f007d708852bd5b1fffa62c033181097389bc1972,validation_005,1,4,1209862819,9,,
74,14.8,A,ramp,True,False,243.74000000000186,0.6000000000001664,1,accelerate,2.0,1.9999999999999996,260.90000000000066,0.0,1,0,active-inactive,-0.20272378623485565,0.0531594380736351,0.051564425230026245,1,0.0531594380736351,0.051564425230026245,0.0015950128436088562,0.25588322430849075,"[true, true, true]",False,False,False,67001,0,0843ed3f032eeea0612c508f007d708852bd5b1fffa62c033181097389bc1972,validation_005,1,4,1209862819,9,,
74,14.8,B,mainline,False,True,260.90000000000066,0.0,0,maintain,0.0,0.0,243.74000000000186,0.6000000000001664,1,0,active-inactive,0.09435071051120758,0.11968905478715897,0.015190653502941132,1,0.11968905478715897,0.09435071051120758,0.025338344275951385,0.10449840128421783,"[true, true, true]",False,False,False,67001,0,0843ed3f032eeea0612c508f007d708852bd5b1fffa62c033181097389bc1972,validation_005,1,4,1209862819,9,,
75,15.0,A,ramp,True,False,243.90000000000188,1.0000000000001663,1,accelerate,2.0,2.0000000000000018,260.90000000000066,0.0,1,0,active-inactive,-0.20239363610744476,0.052657600492239,0.05073417350649834,1,0.052657600492239,0.05073417350649834,0.0019234269857406616,0.25505123659968376,"[true, true, true]",False,False,False,67001,0,0843ed3f032eeea0612c508f007d708852bd5b1fffa62c033181097389bc1972,validation_005,1,4,1209862819,9,,
75,15.0,B,mainline,False,True,260.90000000000066,0.0,0,maintain,0.0,0.0,243.90000000000188,1.0000000000001663,1,0,active-inactive,0.09310200065374374,0.12063631415367126,0.015146013349294662,1,0.12063631415367126,0.09310200065374374,0.02753431349992752,0.1054903008043766,"[true, true, true]",False,False,False,67001,0,0843ed3f032eeea0612c508f007d708852bd5b1fffa62c033181097389bc1972,validation_005,1,4,1209862819,9,,
76,15.200000000000001,A,ramp,True,False,244.1400000000019,1.4000000000001667,1,accelerate,2.0,2.0000000000000018,260.90000000000066,0.0,1,0,active-inactive,-0.20216046273708344,0.05217766761779785,0.050030797719955444,1,0.05217766761779785,0.050030797719955444,0.0021468698978424072,0.2543381303548813,"[true, true, true]",False,False,False,67001,0,0843ed3f032eeea0612c508f007d708852bd5b1fffa62c033181097389bc1972,validation_005,1,4,1209862819,9,,
76,15.200000000000001,B,mainline,False,True,260.90000000000066,0.0,0,maintain,0.0,0.0,244.1400000000019,1.4000000000001667,1,0,active-inactive,0.0919690728187561,0.12154800444841385,0.01505982130765915,1,0.12154800444841385,0.0919690728187561,0.029578931629657745,0.1064881831407547,"[true, true, true]",False,False,False,67001,0,0843ed3f032eeea0612c508f007d708852bd5b1fffa62c033181097389bc1972,validation_005,1,4,1209862819,9,,
77,15.4,A,ramp,True,False,244.46000000000194,1.800000000000167,1,accelerate,2.0,2.0000000000000018,260.90000000000066,0.0,1,0,active-inactive,-0.20200484991073608,0.051719434559345245,0.04942730441689491,1,0.051719434559345245,0.04942730441689491,0.0022921301424503326,0.25372428447008133,"[true, true, true]",False,False,False,67001,0,0843ed3f032eeea0612c508f007d708852bd5b1fffa62c033181097389bc1972,validation_005,1,4,1209862819,9,,
77,15.4,B,mainline,False,True,260.90000000000066,0.0,0,maintain,0.0,0.0,244.46000000000194,1.800000000000167,1,0,active-inactive,0.09130530804395676,0.12216651439666748,0.014901198446750641,1,0.12216651439666748,0.09130530804395676,0.030861206352710724,0.10726531594991684,"[true, true, true]",False,False,False,67001,0,0843ed3f032eeea0612c508f007d708852bd5b1fffa62c033181097389bc1972,validation_005,1,4,1209862819,9,,
78,15.600000000000001,A,ramp,True,False,244.86000000000197,2.200000000000167,1,accelerate,2.0,2.0000000000000018,260.90000000000066,0.0,1,0,active-inactive,-0.2019301950931549,0.05128808319568634,0.048925288021564484,1,0.05128808319568634,0.048925288021564484,0.0023627951741218567,0.25321827828884125,"[true, true, true]",False,False,False,67001,0,0843ed3f032eeea0612c508f007d708852bd5b1fffa62c033181097389bc1972,validation_005,1,4,1209862819,9,,
78,15.600000000000001,B,mainline,False,True,260.90000000000066,0.0,0,maintain,0.0,0.0,244.86000000000197,2.200000000000167,1,0,active-inactive,0.09074023365974426,0.1227380782365799,0.014700345695018768,1,0.1227380782365799,0.09074023365974426,0.03199784457683563,0.10803773254156113,"[true, true, true]",False,False,False,67001,0,0843ed3f032eeea0612c508f007d708852bd5b1fffa62c033181097389bc1972,validation_005,1,4,1209862819,9,,
79,15.8,A,ramp,True,False,245.340000000002,2.6000000000001675,1,accelerate,2.0,2.0000000000000018,260.90000000000066,0.0,1,0,active-inactive,-0.2019982635974884,0.05090776085853577,0.04859701916575432,1,0.05090776085853577,0.04859701916575432,0.0023107416927814484,0.25290602445602417,"[true, true, true]",False,False,False,67001,0,0843ed3f032eeea0612c508f007d708852bd5b1fffa62c033181097389bc1972,validation_005,1,4,1209862819,9,,
79,15.8,B,mainline,False,True,260.90000000000066,0.0,0,maintain,0.0,0.0,245.340000000002,2.6000000000001675,1,0,active-inactive,0.09023956954479218,0.1232895478606224,0.01447448879480362,1,0.1232895478606224,0.09023956954479218,0.03304997831583023,0.10881505906581879,"[true, true, true]",False,False,False,67001,0,0843ed3f032eeea0612c508f007d708852bd5b1fffa62c033181097389bc1972,validation_005,1,4,1209862819,9,,
80,16.0,A,ramp,True,False,245.90000000000205,3.000000000000168,1,accelerate,2.0,2.0000000000000018,260.90000000000066,0.0,1,0,active-inactive,-0.20211903750896454,0.05054868012666702,0.048333585262298584,1,0.05054868012666702,0.048333585262298584,0.0022150948643684387,0.25266771763563156,"[true, true, true]",False,False,False,67001,0,0843ed3f032eeea0612c508f007d708852bd5b1fffa62c033181097389bc1972,validation_005,1,4,1209862819,9,,
80,16.0,B,mainline,False,True,260.90000000000066,0.0,0,maintain,0.0,0.0,245.90000000000205,3.000000000000168,1,0,active-inactive,0.08979722857475281,0.12382222712039948,0.01422688364982605,1,0.12382222712039948,0.08979722857475281,0.03402499854564667,0.10959534347057343,"[true, true, true]",False,False,False,67001,0,0843ed3f032eeea0612c508f007d708852bd5b1fffa62c033181097389bc1972,validation_005,1,4,1209862819,9,,
81,16.2,A,ramp,True,False,246.54000000000207,3.400000000000168,1,accelerate,2.0,2.0000000000000018,260.90000000000066,0.0,1,0,active-inactive,-0.2022869884967804,0.05021016299724579,0.048127517104148865,1,0.05021016299724579,0.048127517104148865,0.002082645893096924,0.2524971514940262,"[true, true, true]",False,False,False,67001,0,0843ed3f032eeea0612c508f007d708852bd5b1fffa62c033181097389bc1972,validation_005,1,4,1209862819,9,,
81,16.2,B,mainline,False,True,260.90000000000066,0.0,0,maintain,0.0,0.0,246.54000000000207,3.400000000000168,1,0,active-inactive,0.08928480744361877,0.12437546998262405,0.014044515788555145,1,0.12437546998262405,0.08928480744361877,0.03509066253900528,0.11033095419406891,"[true, true, true]",False,False,False,67001,0,0843ed3f032eeea0612c508f007d708852bd5b1fffa62c033181097389bc1972,validation_005,1,4,1209862819,9,,
82,16.400000000000002,A,ramp,True,False,247.2600000000021,3.8000000000001686,1,accelerate,2.0,1.999999999999993,260.90000000000066,0.0,1,0,active-inactive,-0.20251743495464325,0.04988595098257065,0.04796591028571129,1,0.04988595098257065,0.04796591028571129,0.0019200406968593597,0.2524033859372139,"[true, true, true]",False,False,False,67001,0,0843ed3f032eeea0612c508f007d708852bd5b1fffa62c033181097389bc1972,validation_005,1,4,1209862819,9,,
82,16.400000000000002,B,mainline,False,True,260.90000000000066,0.0,0,maintain,0.0,0.0,247.2600000000021,3.8000000000001686,1,0,active-inactive,0.08859556913375854,0.12499462068080902,0.013593502342700958,1,0.12499462068080902,0.08859556913375854,0.036399051547050476,0.11140111833810806,"[true, true, true]",False,False,False,67001,0,0843ed3f032eeea0612c508f007d708852bd5b1fffa62c033181097389bc1972,validation_005,1,4,1209862819,9,,
83,16.6,A,ramp,True,False,248.06000000000213,4.200000000000168,1,accelerate,2.0,1.999999999999993,260.90000000000066,0.0,1,0,active-inactive,-0.2029486894607544,0.04953567683696747,0.04779680818319321,1,0.04953567683696747,0.04779680818319321,0.0017388686537742615,0.25248436629772186,"[true, true, true]",False,False,False,67001,0,0843ed3f032eeea0612c508f007d708852bd5b1fffa62c033181097389bc1972,validation_005,1,4,1209862819,9,,
83,16.6,B,mainline,False,True,260.90000000000066,0.0,0,maintain,0.0,0.0,248.06000000000213,4.200000000000168,1,0,active-inactive,0.08797796070575714,0.12563514709472656,0.013138748705387115,1,0.12563514709472656,0.08797796070575714,0.03765718638896942,0.11249639838933945,"[true, true, true]",False,False,False,67001,0,0843ed3f032eeea0612c508f007d708852bd5b1fffa62c033181097389bc1972,validation_005,1,4,1209862819,9,,
84,16.8,A,ramp,True,False,248.94000000000216,4.600000000000167,1,accelerate,2.0,1.999999999999993,260.90000000000066,0.0,1,0,active-inactive,-0.20342706143856049,0.049200646579265594,0.04766323044896126,1,0.049200646579265594,0.04766323044896126,0.0015374161303043365,0.2526277080178261,"[true, true, true]",False,False,False,67001,0,0843ed3f032eeea0612c508f007d708852bd5b1fffa62c033181097389bc1972,validation_005,1,4,1209862819,9,,
84,16.8,B,mainline,False,True,260.90000000000066,0.0,0,maintain,0.0,0.0,248.94000000000216,4.600000000000167,1,0,active-inactive,0.08739921450614929,0.12627898156642914,0.012693174183368683,1,0.12627898156642914,0.08739921450614929,0.038879767060279846,0.11358580738306046,"[true, true, true]",False,False,False,67001,0,0843ed3f032eeea0612c508f007d708852bd5b1fffa62c033181097389bc1972,validation_005,1,4,1209862819,9,,
85,17.0,A,ramp,True,False,249.9000000000022,5.000000000000165,1,accelerate,2.0,1.999999999999993,260.90000000000066,0.0,1,0,active-inactive,-0.20394964516162872,0.04888018220663071,0.04755966365337372,1,0.04888018220663071,0.04755966365337372,0.0013205185532569885,0.25282982736825943,"[true, true, true]",False,False,False,67001,0,0843ed3f032eeea0612c508f007d708852bd5b1fffa62c033181097389bc1972,validation_005,1,4,1209862819,9,,
85,17.0,B,mainline,False,True,260.90000000000066,0.0,0,maintain,0.0,0.0,249.9000000000022,5.000000000000165,1,0,active-inactive,0.08685524016618729,0.12692604959011078,0.012256963178515434,1,0.12692604959011078,0.08685524016618729,0.04007080942392349,0.11466908641159534,"[true, true, true]",False,False,False,67001,0,0843ed3f032eeea0612c508f007d708852bd5b1fffa62c033181097389bc1972,validation_005,1,4,1209862819,9,,
86,17.2,A,ramp,True,False,250.94000000000224,5.400000000000164,1,accelerate,2.0,1.999999999999993,260.90000000000066,0.0,1,0,active-inactive,-0.20451363921165466,0.04857369139790535,0.04748097062110901,1,0.04857369139790535,0.04748097062110901,0.001092720776796341,0.25308733060956,"[true, true, true]",False,False,False,67001,0,0843ed3f032eeea0612c508f007d708852bd5b1fffa62c033181097389bc1972,validation_005,1,4,1209862819,9,,
86,17.2,B,mainline,False,True,260.90000000000066,0.0,0,maintain,0.0,0.0,250.94000000000224,5.400000000000164,1,0,active-inactive,0.08634214103221893,0.1275763213634491,0.011830365285277367,1,0.1275763213634491,0.08634214103221893,0.041234180331230164,0.11574595607817173,"[true, true, true]",False,False,False,67001,0,0843ed3f032eeea0612c508f007d708852bd5b1fffa62c033181097389bc1972,validation_005,1,4,1209862819,9,,
87,17.400000000000002,A,ramp,True,False,252.06000000000225,5.800000000000162,1,accelerate,2.0,1.999999999999993,260.90000000000066,0.0,1,0,active-inactive,-0.2051163911819458,0.04828065633773804,0.04742230474948883,1,0.04828065633773804,0.04742230474948883,0.0008583515882492065,0.25339704751968384,"[true, true, true]",False,False,False,67001,0,0843ed3f032eeea0612c508f007d708852bd5b1fffa62c033181097389bc1972,validation_005,1,4,1209862819,9,,
87,17.400000000000002,B,mainline,False,True,260.90000000000066,0.0,0,maintain,0.0,0.0,252.06000000000225,5.800000000000162,1,0,active-inactive,0.08585634082555771,0.12822969257831573,0.01141357608139515,1,0.12822969257831573,0.08585634082555771,0.042373351752758026,0.11681611649692059,"[true, true, true]",False,False,False,67001,0,0843ed3f032eeea0612c508f007d708852bd5b1fffa62c033181097389bc1972,validation_005,1,4,1209862819,9,,
88,17.6,A,ramp,True,False,253.2600000000023,6.200000000000161,1,accelerate,2.0,1.999999999999993,260.90000000000066,0.0,1,0,active-inactive,-0.20575547218322754,0.048000581562519073,0.04737914726138115,1,0.048000581562519073,0.04737914726138115,0.0006214343011379242,0.2537560537457466,"[true, true, true]",False,False,False,67001,0,0843ed3f032eeea0612c508f007d708852bd5b1fffa62c033181097389bc1972,validation_005,1,4,1209862819,9,,
88,17.6,B,mainline,False,True,260.90000000000066,0.0,0,maintain,0.0,0.0,253.2600000000023,6.200000000000161,1,0,active-inactive,0.0853944942355156,0.12888610363006592,0.011006755754351616,1,0.12888610363006592,0.0853944942355156,0.043491609394550323,0.1178793478757143,"[true, true, true]",False,False,False,67001,0,0843ed3f032eeea0612c508f007d708852bd5b1fffa62c033181097389bc1972,validation_005,1,4,1209862819,9,,
89,17.8,A,ramp,True,False,254.54000000000232,6.6000000000001595,1,accelerate,2.0,1.999999999999993,260.90000000000066,0.0,1,0,active-inactive,-0.20637580752372742,0.04768207669258118,0.047368574887514114,1,0.04768207669258118,0.047368574887514114,0.0003135018050670624,0.2540578842163086,"[true, true, true]",False,False,False,67001,0,0843ed3f032eeea0612c508f007d708852bd5b1fffa62c033181097389bc1972,validation_005,1,4,1209862819,9,,
89,17.8,B,mainline,False,True,260.90000000000066,0.0,0,maintain,0.0,0.0,254.54000000000232,6.6000000000001595,1,0,active-inactive,0.08496499061584473,0.12952855229377747,0.010614734143018723,1,0.12952855229377747,0.08496499061584473,0.04456356167793274,0.11891381815075874,"[true, true, true]",False,False,False,67001,0,0843ed3f032eeea0612c508f007d708852bd5b1fffa62c033181097389bc1972,validation_005,1,4,1209862819,9,,
90,18.0,A,ramp,True,False,255.90000000000234,7.000000000000158,2,decelerate,2.0,-3.000000000000007,260.90000000000066,0.0,2,0,active-inactive,-0.20690380036830902,0.047255739569664,0.047415487468242645,2,0.047415487468242645,0.047255739569664,0.0001597478985786438,0.25431928783655167,"[true, true, true]",False,False,False,67001,0,0843ed3f032eeea0612c508f007d708852bd5b1fffa62c033181097389bc1972,validation_005,1,4,1209862819,9,,
90,18.0,B,mainline,False,True,260.90000000000066,0.0,0,maintain,0.0,0.0,255.90000000000234,7.000000000000158,2,0,active-inactive,0.08461598306894302,0.1300812065601349,0.01025867648422718,1,0.1300812065601349,0.08461598306894302,0.045465223491191864,0.11982253007590771,"[true, true, true]",False,False,False,67001,0,0843ed3f032eeea0612c508f007d708852bd5b1fffa62c033181097389bc1972,validation_005,1,4,1209862819,9,,
91,18.2,A,ramp,True,False,257.2400000000024,6.400000000000157,1,accelerate,-3.0,1.999999999999993,260.90000000000066,0.0,1,0,active-inactive,-0.20712979137897491,0.04814155772328377,0.04743798077106476,1,0.04814155772328377,0.04743798077106476,0.0007035769522190094,0.2552713491022587,"[true, true, true]",False,False,False,67001,0,0843ed3f032eeea0612c508f007d708852bd5b1fffa62c033181097389bc1972,validation_005,1,4,1209862819,9,,
91,18.2,B,mainline,False,True,260.90000000000066,0.0,0,maintain,0.0,0.0,257.2400000000024,6.400000000000157,1,0,active-inactive,0.08575586974620819,0.12921938300132751,0.011296816170215607,1,0.12921938300132751,0.08575586974620819,0.043463513255119324,0.11792256683111191,"[true, true, true]",False,False,False,67001,0,0843ed3f032eeea0612c508f007d708852bd5b1fffa62c033181097389bc1972,validation_005,1,4,1209862819,9,,
92,18.400000000000002,A,ramp,True,False,258.5600000000024,6.800000000000155,1,accelerate,2.0,1.999999999999993,260.90000000000066,0.0,1,0,active-inactive,-0.207637220621109,0.04769754409790039,0.047460462898015976,1,0.04769754409790039,0.047460462898015976,0.00023708119988441467,0.2553347647190094,"[true, true, true]",False,False,False,67001,0,0843ed3f032eeea0612c508f007d708852bd5b1fffa62c033181097389bc1972,validation_005,1,4,1209862819,9,,
92,18.400000000000002,B,mainline,False,True,260.90000000000066,0.0,0,maintain,0.0,0.0,258.5600000000024,6.800000000000155,1,0,active-inactive,0.08537626266479492,0.1297723352909088,0.010939463973045349,1,0.1297723352909088,0.08537626266479492,0.04439607262611389,0.11883287131786346,"[true, true, true]",False,False,False,67001,0,0843ed3f032eeea0612c508f007d708852bd5b1fffa62c033181097389bc1972,validation_005,1,4,1209862819,9,,
93,18.6,A,ramp,True,False,259.9600000000025,7.200000000000154,2,decelerate,2.0,0.0,260.90000000000066,0.0,2,0,active-inactive,-0.2081701010465622,0.04726182669401169,0.04748902469873428,2,0.04748902469873428,0.04726182669401169,0.00022719800472259521,0.2556591257452965,"[true, true, true]",False,True,False,67001,0,0843ed3f032eeea0612c508f007d708852bd5b1fffa62c033181097389bc1972,validation_005,1,4,1209862819,9,,
93,18.6,B,mainline,False,True,260.90000000000066,0.0,0,maintain,0.0,0.0,259.9600000000025,7.200000000000154,2,0,active-inactive,0.08501513302326202,0.13032449781894684,0.010593248531222343,1,0.13032449781894684,0.08501513302326202,0.045309364795684814,0.1197312492877245,"[true, true, true]",False,True,False,67001,0,0843ed3f032eeea0612c508f007d708852bd5b1fffa62c033181097389bc1972,validation_005,1,4,1209862819,9,,
0,0.0,A,mainline,True,False,38.4,16.0,1,accelerate,0.0,2.0000000000000284,33.199999999999996,18.0,1,1,accelerate-accelerate,-0.13954585790634155,0.003707505762577057,-0.06162607669830322,1,0.003707505762577057,-0.06162607669830322,0.06533358246088028,0.1432533636689186,"[true, true, true]",False,False,False,67001,0,0843ed3f032eeea0612c508f007d708852bd5b1fffa62c033181097389bc1972,validation_006,0,5,603649955,10,,
0,0.0,B,ramp,True,False,33.199999999999996,18.0,1,accelerate,0.0,2.0000000000000284,38.4,16.0,1,1,accelerate-accelerate,0.0238642618060112,0.10135219246149063,-0.05321049690246582,1,0.10135219246149063,0.0238642618060112,0.07748793065547943,0.15456268936395645,"[true, true, true]",False,False,False,67001,0,0843ed3f032eeea0612c508f007d708852bd5b1fffa62c033181097389bc1972,validation_006,0,5,603649955,10,,
1,0.2,A,mainline,True,False,41.64,16.400000000000006,1,accelerate,2.0,2.0000000000000284,36.839999999999996,18.400000000000006,1,1,accelerate-accelerate,-0.13609366118907928,0.0025932900607585907,-0.06087658554315567,1,0.0025932900607585907,-0.06087658554315567,0.06346987560391426,0.13868695124983788,"[true, true, true]",False,False,False,67001,0,0843ed3f032eeea0612c508f007d708852bd5b1fffa62c033181097389bc1972,validation_006,0,5,603649955,10,,
1,0.2,B,ramp,True,False,36.839999999999996,18.400000000000006,1,accelerate,2.0,2.0000000000000284,41.64,16.400000000000006,1,1,accelerate-accelerate,0.0261820200830698,0.10219530761241913,-0.051431745290756226,1,0.10219530761241913,0.0261820200830698,0.07601328752934933,0.15362705290317535,"[true, true, true]",False,False,False,67001,0,0843ed3f032eeea0612c508f007d708852bd5b1fffa62c033181097389bc1972,validation_006,0,5,603649955,10,,
2,0.4,A,mainline,True,False,44.96,16.80000000000001,1,accelerate,2.0,2.0000000000000284,40.559999999999995,18.80000000000001,1,1,accelerate-accelerate,-0.1328173577785492,0.0017324388027191162,-0.057913824915885925,1,0.0017324388027191162,-0.057913824915885925,0.05964626371860504,0.1345497965812683,"[true, true, true]",False,False,False,67001,0,0843ed3f032eeea0612c508f007d708852bd5b1fffa62c033181097389bc1972,validation_006,0,5,603649955,10,,
2,0.4,B,ramp,True,False,40.559999999999995,18.80000000000001,1,accelerate,2.0,2.0000000000000284,44.96,16.80000000000001,1,1,accelerate-accelerate,0.028527801856398582,0.10290347784757614,-0.04936543479561806,1,0.10290347784757614,0.028527801856398582,0.07437567599117756,0.1522689126431942,"[true, true, true]",False,False,False,67001,0,0843ed3f032eeea0612c508f007d708852bd5b1fffa62c033181097389bc1972,validation_006,0,5,603649955,10,,
3,0.6000000000000001,A,mainline,True,False,48.36000000000001,17.200000000000017,1,accelerate,2.0,2.0000000000000284,44.36,19.200000000000017,1,1,accelerate-accelerate,-0.13197776675224304,0.0013062506914138794,-0.054997578263282776,1,0.0013062506914138794,-0.054997578263282776,0.056303828954696655,0.13328401744365692,"[true, true, true]",False,False,False,67001,0,0843ed3f032eeea0612c508f007d708852bd5b1fffa62c033181097389bc1972,validation_006,0,5,603649955,10,,
3,0.6000000000000001,B,ramp,True,False,44.36,19.200000000000017,1,accelerate,2.0,2.0000000000000284,48.36000000000001,17.200000000000017,1,1,accelerate-accelerate,0.03018796443939209,0.10356634855270386,-0.04737972468137741,1,0.10356634855270386,0.03018796443939209,0.07337838411331177,0.15094607323408127,"[true, true, true]",False,False,False,67001,0,0843ed3f032eeea0612c508f007d708852bd5b1fffa62c033181097389bc1972,validation_006,0,5,603649955,10,,
4,0.8,A,mainline,True,False,51.84000000000001,17.600000000000023,1,accelerate,2.0,2.0000000000000284,48.24,19.600000000000023,1,1,accelerate-accelerate,-0.13182276487350464,0.0009003430604934692,-0.052494920790195465,1,0.0009003430604934692,-0.052494920790195465,0.053395263850688934,0.1327231079339981,"[true, true, true]",False,False,False,67001,0,0843ed3f032eeea0612c508f007d708852bd5b1fffa62c033181097389bc1972,validation_006,0,5,603649955,10,,
4,0.8,B,ramp,True,False,48.24,19.600000000000023,1,accelerate,2.0,2.0000000000000284,51.84000000000001,17.600000000000023,1,1,accelerate-accelerate,0.030840111896395683,0.10462918132543564,-0.045713186264038086,1,0.10462918132543564,0.030840111896395683,0.07378906942903996,0.15034236758947372,"[true, true, true]",False,False,False,67001,0,0843ed3f032eeea0612c508f007d708852bd5b1fffa62c033181097389bc1972,validation_006,0,5,603649955,10,,
5,1.0,A,mainline,True,False,55.40000000000001,18.00000000000003,1,accelerate,2.0,2.0000000000000284,52.20000000000001,20.00000000000003,1,1,accelerate-accelerate,-0.13201424479484558,0.0004779733717441559,-0.05021984875202179,1,0.0004779733717441559,-0.05021984875202179,0.050697822123765945,0.13249221816658974,"[true, true, true]",False,False,False,67001,0,0843ed3f032eeea0612c508f007d708852bd5b1fffa62c033181097389bc1972,validation_006,0,5,603649955,10,,
5,1.0,B,ramp,True,False,52.20000000000001,20.00000000000003,1,accelerate,2.0,2.0000000000000284,55.40000000000001,18.00000000000003,1,1,accelerate-accelerate,0.0313551127910614,0.10581972450017929,-0.04381813853979111,1,0.10581972450017929,0.0313551127910614,0.07446461170911789,0.1496378630399704,"[true, true, true]",False,False,False,67001,0,0843ed3f032eeea0612c508f007d708852bd5b1fffa62c033181097389bc1972,validation_006,0,5,603649955,10,,
6,1.2000000000000002,A,mainline,True,False,59.04000000000002,18.400000000000034,1,accelerate,2.0,2.0000000000000284,56.240000000000016,20.400000000000034,1,1,accelerate-accelerate,-0.13233046233654022,5.838274955749512e-05,-0.047993555665016174,1,5.838274955749512e-05,-0.047993555665016174,0.04805193841457367,0.13238884508609772,"[true, true, true]",False,False,False,67001,0,0843ed3f032eeea0612c508f007d708852bd5b1fffa62c033181097389bc1972,validation_006,0,5,603649955,10,,
6,1.2000000000000002,B,ramp,True,False,56.240000000000016,20.400000000000034,1,accelerate,2.0,2.0000000000000284,59.04000000000002,18.400000000000034,1,1,accelerate-accelerate,0.03178611025214195,0.10710109770298004,-0.04176744818687439,1,0.10710109770298004,0.03178611025214195,0.07531498745083809,0.14886854588985443,"[true, true, true]",False,False,False,67001,0,0843ed3f032eeea0612c508f007d708852bd5b1fffa62c033181097389bc1972,validation_006,0,5,603649955,10,,
7,1.4000000000000001,A,mainline,True,False,62.760000000000026,18.80000000000004,1,accelerate,2.0,2.0000000000000284,60.36000000000002,20.80000000000004,1,1,accelerate-accelerate,-0.13139289617538452,-0.00035696476697921753,-0.04525765776634216,1,-0.00035696476697921753,-0.04525765776634216,0.044900692999362946,0.1310359314084053,"[true, true, true]",False,False,False,67001,0,0843ed3f032eeea0612c508f007d708852bd5b1fffa62c033181097389bc1972,validation_006,0,5,603649955,10,,
7,1.4000000000000001,B,ramp,True,False,60.36000000000002,20.80000000000004,1,accelerate,2.0,2.0000000000000284,62.760000000000026,18.80000000000004,1,1,accelerate-accelerate,0.03313842788338661,0.10764311254024506,-0.039362695068120956,1,0.10764311254024506,0.03313842788338661,0.07450468465685844,0.147005807608366,"[true, true, true]",False,False,False,67001,0,0843ed3f032eeea0612c508f007d708852bd5b1fffa62c033181097389bc1972,validation_006,0,5,603649955,10,,
8,1.6,A,mainline,True,False,66.56000000000003,19.200000000000045,1,accelerate,2.0,2.0000000000000284,64.56000000000003,21.200000000000045,1,1,accelerate-accelerate,-0.13006506860256195,-0.0014469102025032043,-0.04240813106298447,1,-0.0014469102025032043,-0.04240813106298447,0.04096122086048126,0.12861815840005875,"[true, true, true]",False,False,False,67001,0,0843ed3f032eeea0612c508f007d708852bd5b1fffa62c033181097389bc1972,validation_006,0,5,603649955,10,,
8,1.6,B,ramp,True,False,64.56000000000003,21.200000000000045,1,accelerate,2.0,2.0000000000000284,66.56000000000003,19.200000000000045,1,1,accelerate-accelerate,0.034570008516311646,0.10923504084348679,-0.03761758282780647,1,0.10923504084348679,0.034570008516311646,0.07466503232717514,0.14685262367129326,"[true, true, true]",False,False,False,67001,0,0843ed3f032eeea0612c508f007d708852bd5b1fffa62c033181097389bc1972,validation_006,0,5,603649955,10,,
9,1.8,A,mainline,True,False,70.44000000000004,19.60000000000005,1,accelerate,2.0,2.0000000000000284,68.84000000000003,21.60000000000005,1,1,accelerate-accelerate,-0.1292254477739334,-0.0023376159369945526,-0.04032263904809952,1,-0.0023376159369945526,-0.04032263904809952,0.037985023111104965,0.12688783183693886,"[true, true, true]",False,False,False,67001,0,0843ed3f032eeea0612c508f007d708852bd5b1fffa62c033181097389bc1972,validation_006,0,5,603649955,10,,
9,1.8,B,ramp,True,False,68.84000000000003,21.60000000000005,1,accelerate,2.0,2.0000000000000284,70.44000000000004,19.60000000000005,1,1,accelerate-accelerate,0.03593454882502556,0.11096728593111038,-0.03609481453895569,1,0.11096728593111038,0.03593454882502556,0.07503273710608482,0.14706210047006607,"[true, true, true]",False,False,False,67001,0,0843ed3f032eeea0612c508f007d708852bd5b1fffa62c033181097389bc1972,validation_006,0,5,603649955,10,,
10,2.0,A,mainline,True,False,74.40000000000005,20.000000000000057,1,accelerate,2.0,2.0000000000000284,73.20000000000003,22.000000000000057,1,1,accelerate-accelerate,-0.12886644899845123,-0.0028630681335926056,-0.037522315979003906,1,-0.0028630681335926056,-0.037522315979003906,0.0346592478454113,0.12600338086485863,"[true, true, true]",False,False,False,67001,0,0843ed3f032eeea0612c508f007d708852bd5b1fffa62c033181097389bc1972,validation_006,0,5,603649955,10,,
10,2.0,B,ramp,True,False,73.20000000000003,22.000000000000057,1,accelerate,2.0,2.0000000000000284,74.40000000000005,20.000000000000057,1,1,accelerate-accelerate,0.037306271493434906,0.1127476766705513,-0.03454302251338959,1,0.1127476766705513,0.037306271493434906,0.0754414051771164,0.1472906991839409,"[true, true, true]",False,False,False,67001,0,0843ed3f032eeea0612c508f007d708852bd5b1fffa62c033181097389bc1972,validation_006,0,5,603649955,10,,
11,2.2,A,mainline,True,False,78.44000000000005,20.400000000000063,1,accelerate,2.0,2.0000000000000284,77.64000000000004,22.400000000000063,1,1,accelerate-accelerate,-0.1285187304019928,-0.003964800387620926,-0.034787021577358246,1,-0.003964800387620926,-0.034787021577358246,0.03082222118973732,0.12455393001437187,"[true, true, true]",False,False,False,67001,0,0843ed3f032eeea0612c508f007d708852bd5b1fffa62c033181097389bc1972,validation_006,0,5,603649955,10,,
11,2.2,B,ramp,True,False,77.64000000000004,22.400000000000063,1,accelerate,2.0,2.0000000000000284,78.44000000000005,20.400000000000063,1,1,accelerate-accelerate,0.0381925106048584,0.11339008808135986,-0.03315126895904541,1,0.11339008808135986,0.0381925106048584,0.07519757747650146,0.14654135704040527,"[true, true, true]",False,False,False,67001,0,0843ed3f032eeea0612c508f007d708852bd5b1fffa62c033181097389bc1972,validation_006,0,5,603649955,10,,
12,2.4000000000000004,A,mainline,True,False,82.56000000000007,20.800000000000068,1,accelerate,2.0,2.0000000000000284,82.16000000000005,22.800000000000068,1,1,accelerate-accelerate,-0.1282573938369751,-0.005403388291597366,-0.03203437477350235,1,-0.005403388291597366,-0.03203437477350235,0.026630986481904984,0.12285400554537773,"[true, true, true]",False,False,False,67001,0,0843ed3f032eeea0612c508f007d708852bd5b1fffa62c033181097389bc1972,validation_006,0,5,603649955,10,,
12,2.4000000000000004,B,ramp,True,False,82.16000000000005,22.800000000000068,1,accelerate,2.0,2.0000000000000284,82.56000000000007,20.800000000000068,1,1,accelerate-accelerate,0.03888701647520065,0.11356929689645767,-0.03185423091053963,1,0.11356929689645767,0.03888701647520065,0.07468228042125702,0.1454235278069973,"[true, true, true]",False,False,False,67001,0,0843ed3f032eeea0612c508f007d708852bd5b1fffa62c033181097389bc1972,validation_006,0,5,603649955,10,,
13,2.6,A,mainline,True,False,86.76000000000009,21.200000000000074,1,accelerate,2.0,2.0000000000000284,86.76000000000006,23.200000000000074,1,1,accelerate-accelerate,-0.12813206017017365,-0.007542066276073456,-0.03011864423751831,1,-0.007542066276073456,-0.03011864423751831,0.022576577961444855,0.12058999389410019,"[true, true, true]",False,False,False,67001,0,0843ed3f032eeea0612c508f007d708852bd5b1fffa62c033181097389bc1972,validation_006,0,5,603649955,10,,
13,2.6,B,ramp,True,False,86.76000000000006,23.200000000000074,1,accelerate,2.0,2.0000000000000284,86.76000000000009,21.200000000000074,1,1,accelerate-accelerate,0.03956399857997894,0.11365601420402527,-0.03058641031384468,1,0.11365601420402527,0.03956399857997894,0.07409201562404633,0.14424242451786995,"[true, true, true]",False,False,False,67001,0,0843ed3f032eeea0612c508f007d708852bd5b1fffa62c033181097389bc1972,validation_006,0,5,603649955,10,,
14,2.8000000000000003,A,mainline,True,False,91.0400000000001,21.60000000000008,1,accelerate,2.0,2.0000000000000284,91.44000000000008,23.60000000000008,1,1,accelerate-accelerate,-0.1278475970029831,-0.009599998593330383,-0.028363779187202454,1,-0.009599998593330383,-0.028363779187202454,0.01876378059387207,0.11824759840965271,"[true, true, true]",False,False,False,67001,0,0843ed3f032eeea0612c508f007d708852bd5b1fffa62c033181097389bc1972,validation_006,0,5,603649955,10,,
14,2.8000000000000003,B,ramp,True,False,91.44000000000008,23.60000000000008,1,accelerate,2.0,2.0000000000000284,91.0400000000001,21.60000000000008,1,1,accelerate-accelerate,0.04028651863336563,0.11374742537736893,-0.029336074367165565,1,0.11374742537736893,0.04028651863336563,0.0734609067440033,0.1430834997445345,"[true, true, true]",False,False,False,67001,0,0843ed3f032eeea0612c508f007d708852bd5b1fffa62c033181097389bc1972,validation_006,0,5,603649955,10,,
15,3.0,A,mainline,True,False,95.40000000000013,22.000000000000085,1,accelerate,2.0,2.0000000000000284,96.2000000000001,24.000000000000085,1,1,accelerate-accelerate,-0.12731902301311493,-0.011755350977182388,-0.02634350210428238,1,-0.011755350977182388,-0.02634350210428238,0.01458815112709999,0.11556367203593254,"[true, true, true]",False,False,False,67001,0,0843ed3f032eeea0612c508f007d708852bd5b1fffa62c033181097389bc1972,validation_006,0,5,603649955,10,,
15,3.0,B,ramp,True,False,96.2000000000001,24.000000000000085,1,accelerate,2.0,2.0000000000000284,95.40000000000013,22.000000000000085,1,1,accelerate-accelerate,0.041547324508428574,0.11334820836782455,-0.028713539242744446,1,0.11334820836782455,0.041547324508428574,0.07180088385939598,0.142061747610569,"[true, true, true]",False,False,False,67001,0,0843ed3f032eeea0612c508f007d708852bd5b1fffa62c033181097389bc1972,validation_006,0,5,603649955,10,,
16,3.2,A,mainline,True,False,99.84000000000016,22.40000000000009,1,accelerate,2.0,2.0000000000000284,101.04000000000012,24.40000000000009,1,1,accelerate-accelerate,-0.12660443782806396,-0.013600751757621765,-0.02386147528886795,1,-0.013600751757621765,-0.02386147528886795,0.010260723531246185,0.1130036860704422,"[true, true, true]",False,False,False,67001,0,0843ed3f032eeea0612c508f007d708852bd5b1fffa62c033181097389bc1972,validation_006,0,5,603649955,10,,
16,3.2,B,ramp,True,False,101.04000000000012,24.40000000000009,1,accelerate,2.0,2.0000000000000284,99.84000000000016,22.40000000000009,1,1,accelerate-accelerate,0.04306459426879883,0.11274825036525726,-0.02836446836590767,1,0.11274825036525726,0.04306459426879883,0.06968365609645844,0.14111271873116493,"[true, true, true]",False,False,False,67001,0,0843ed3f032eeea0612c508f007d708852bd5b1fffa62c033181097389bc1972,validation_006,0,5,603649955,10,,
17,3.4000000000000004,A,mainline,True,False,104.36000000000017,22.800000000000097,1,accelerate,2.0,2.0000000000000284,105.96000000000015,24.800000000000097,1,1,accelerate-accelerate,-0.12680703401565552,-0.01498626172542572,-0.0213102325797081,1,-0.01498626172542572,-0.0213102325797081,0.006323970854282379,0.1118207722902298,"[true, true, true]",True,True,False,67001,0,0843ed3f032eeea0612c508f007d708852bd5b1fffa62c033181097389bc1972,validation_006,0,5,603649955,10,-3.1919356250257778,0.0
17,3.4000000000000004,B,ramp,True,False,105.96000000000015,24.800000000000097,1,accelerate,2.0,2.0000000000000284,104.36000000000017,22.800000000000097,1,1,accelerate-accelerate,0.044641781598329544,0.11214016377925873,-0.02804550901055336,1,0.11214016377925873,0.044641781598329544,0.06749838218092918,0.1401856727898121,"[true, true, true]",True,True,False,67001,0,0843ed3f032eeea0612c508f007d708852bd5b1fffa62c033181097389bc1972,validation_006,0,5,603649955,10,-3.1919356250257778,0.0
0,0.0,A,ramp,True,False,33.199999999999996,18.0,1,accelerate,0.0,2.0000000000000284,38.4,16.0,1,1,accelerate-accelerate,-0.1784941852092743,-0.005841698497533798,-0.023059703409671783,1,-0.005841698497533798,-0.023059703409671783,0.017218004912137985,0.1726524867117405,"[true, true, true]",False,False,False,67001,0,0843ed3f032eeea0612c508f007d708852bd5b1fffa62c033181097389bc1972,validation_006,1,5,603649955,11,,
0,0.0,B,mainline,True,False,38.4,16.0,1,accelerate,0.0,2.0000000000000284,33.199999999999996,18.0,1,1,accelerate-accelerate,0.033781953155994415,0.14227432012557983,0.01792684942483902,1,0.14227432012557983,0.033781953155994415,0.10849236696958542,0.12434747070074081,"[true, true, true]",False,False,False,67001,0,0843ed3f032eeea0612c508f007d708852bd5b1fffa62c033181097389bc1972,validation_006,1,5,603649955,11,,
1,0.2,A,ramp,True,False,36.839999999999996,18.400000000000006,1,accelerate,2.0,2.0000000000000284,41.64,16.400000000000006,1,1,accelerate-accelerate,-0.17768266797065735,-0.008848302066326141,-0.022860925644636154,1,-0.008848302066326141,-0.022860925644636154,0.014012623578310013,0.1688343659043312,"[true, true, true]",False,False,False,67001,0,0843ed3f032eeea0612c508f007d708852bd5b1fffa62c033181097389bc1972,validation_006,1,5,603649955,11,,
1,0.2,B,mainline,True,False,41.64,16.400000000000006,1,accelerate,2.0,2.0000000000000284,36.839999999999996,18.400000000000006,1,1,accelerate-accelerate,0.03485172241926193,0.14256024360656738,0.01733345538377762,1,0.14256024360656738,0.03485172241926193,0.10770852118730545,0.12522678822278976,"[true, true, true]",False,False,False,67001,0,0843ed3f032eeea0612c508f007d708852bd5b1fffa62c033181097389bc1972,validation_006,1,5,603649955,11,,
2,0.4,A,ramp,True,False,40.559999999999995,18.80000000000001,1,accelerate,2.0,2.0000000000000284,44.96,16.80000000000001,1,1,accelerate-accelerate,-0.17735449969768524,-0.011632800102233887,-0.022097885608673096,1,-0.011632800102233887,-0.022097885608673096,0.010465085506439209,0.16572169959545135,"[true, true, true]",False,False,False,67001,0,0843ed3f032eeea0612c508f007d708852bd5b1fffa62c033181097389bc1972,validation_006,1,5,603649955,11,,
2,0.4,B,mainline,True,False,44.96,16.80000000000001,1,accelerate,2.0,2.0000000000000284,40.559999999999995,18.80000000000001,1,1,accelerate-accelerate,0.0367758646607399,0.1431553214788437,0.01789974421262741,1,0.1431553214788437,0.0367758646607399,0.10637945681810379,0.12525557726621628,"[true, true, true]",False,False,False,67001,0,0843ed3f032eeea0612c508f007d708852bd5b1fffa62c033181097389bc1972,validation_006,1,5,603649955,11,,
3,0.6000000000000001,A,ramp,True,False,44.36,19.200000000000017,1,accelerate,2.0,2.0000000000000284,48.36000000000001,17.200000000000017,1,1,accelerate-accelerate,-0.1766541302204132,-0.013419285416603088,-0.021565791219472885,1,-0.013419285416603088,-0.021565791219472885,0.008146505802869797,0.16323484480381012,"[true, true, true]",False,False,False,67001,0,0843ed3f032eeea0612c508f007d708852bd5b1fffa62c033181097389bc1972,validation_006,1,5,603649955,11,,
3,0.6000000000000001,B,mainline,True,False,48.36000000000001,17.200000000000017,1,accelerate,2.0,2.0000000000000284,44.36,19.200000000000017,1,1,accelerate-accelerate,0.03841034322977066,0.1435152292251587,0.01906587928533554,1,0.1435152292251587,0.03841034322977066,0.10510488599538803,0.12444934993982315,"[true, true, true]",False,False,False,67001,0,0843ed3f032eeea0612c508f007d708852bd5b1fffa62c033181097389bc1972,validation_006,1,5,603649955,11,,
4,0.8,A,ramp,True,False,48.24,19.600000000000023,1,accelerate,2.0,2.0000000000000284,51.84000000000001,17.600000000000023,1,1,accelerate-accelerate,-0.1763913780450821,-0.014888335019350052,-0.021040532737970352,1,-0.014888335019350052,-0.021040532737970352,0.0061521977186203,0.16150304302573204,"[true, true, true]",False,False,False,67001,0,0843ed3f032eeea0612c508f007d708852bd5b1fffa62c033181097389bc1972,validation_006,1,5,603649955,11,,
4,0.8,B,mainline,True,False,51.84000000000001,17.600000000000023,1,accelerate,2.0,2.0000000000000284,48.24,19.600000000000023,1,1,accelerate-accelerate,0.04013662040233612,0.14389368891716003,0.02059757336974144,1,0.14389368891716003,0.04013662040233612,0.10375706851482391,0.1232961155474186,"[true, true, true]",False,False,False,67001,0,0843ed3f032eeea0612c508f007d708852bd5b1fffa62c033181097389bc1972,validation_006,1,5,603649955,11,,
5,1.0,A,ramp,True,False,52.20000000000001,20.00000000000003,1,accelerate,2.0,2.0000000000000284,55.40000000000001,18.00000000000003,1,1,accelerate-accelerate,-0.17642763257026672,-0.016071710735559464,-0.02047085016965866,1,-0.016071710735559464,-0.02047085016965866,0.004399139434099197,0.16035592183470726,"[true, true, true]",False,False,False,67001,0,0843ed3f032eeea0612c508f007d708852bd5b1fffa62c033181097389bc1972,validation_006,1,5,603649955,11,,
5,1.0,B,mainline,True,False,55.40000000000001,18.00000000000003,1,accelerate,2.0,2.0000000000000284,52.20000000000001,20.00000000000003,1,1,accelerate-accelerate,0.04192861542105675,0.14429377019405365,0.02236059680581093,1,0.14429377019405365,0.04192861542105675,0.1023651547729969,0.12193317338824272,"[true, true, true]",False,False,False,67001,0,0843ed3f032eeea0612c508f007d708852bd5b1fffa62c033181097389bc1972,validation_006,1,5,603649955,11,,
6,1.2000000000000002,A,ramp,True,False,56.240000000000016,20.400000000000034,1,accelerate,2.0,2.0000000000000284,59.04000000000002,18.400000000000034,1,1,accelerate-accelerate,-0.17662931978702545,-0.016463592648506165,-0.0195874385535717,1,-0.016463592648506165,-0.0195874385535717,0.0031238459050655365,0.1601657271385193,"[true, true, true]",False,False,False,67001,0,0843ed3f032eeea0612c508f007d708852bd5b1fffa62c033181097389bc1972,validation_006,1,5,603649955,11,,
6,1.2000000000000002,B,mainline,True,False,59.04000000000002,18.400000000000034,1,accelerate,2.0,2.0000000000000284,56.240000000000016,20.400000000000034,1,1,accelerate-accelerate,0.04360935837030411,0.1446034461259842,0.024319887161254883,1,0.1446034461259842,0.04360935837030411,0.10099408775568008,0.12028355896472931,"[true, true, true]",False,False,False,67001,0,0843ed3f032eeea0612c508f007d708852bd5b1fffa62c033181097389bc1972,validation_006,1,5,603649955,11,,
7,1.4000000000000001,A,ramp,True,False,60.36000000000002,20.80000000000004,1,accelerate,2.0,2.0000000000000284,62.760000000000026,18.80000000000004,1,1,accelerate-accelerate,-0.17716792225837708,-0.01668386533856392,-0.01817827671766281,1,-0.01668386533856392,-0.01817827671766281,0.0014944113790988922,0.16048405691981316,"[true, true, true]",False,False,False,67001,0,0843ed3f032eeea0612c508f007d708852bd5b1fffa62c033181097389bc1972,validation_006,1,5,603649955,11,,
7,1.4000000000000001,B,mainline,True,False,62.760000000000026,18.80000000000004,1,accelerate,2.0,2.0000000000000284,60.36000000000002,20.80000000000004,1,1,accelerate-accelerate,0.0447535365819931,0.1458103507757187,0.026507951319217682,1,0.1458103507757187,0.0447535365819931,0.10105681419372559,0.11930239945650101,"[true, true, true]",False,False,False,67001,0,0843ed3f032eeea0612c508f007d708852bd5b1fffa62c033181097389bc1972,validation_006,1,5,603649955,11,,
8,1.6,A,ramp,True,False,64.56000000000003,21.200000000000045,2,decelerate,2.0,-2.9999999999999716,66.56000000000003,19.200000000000045,2,1,decelerate-accelerate,-0.17687733471393585,-0.016449958086013794,-0.016063541173934937,2,-0.016063541173934937,-0.016449958086013794,0.0003864169120788574,0.16081379354000092,"[true, true, true]",False,False,False,67001,0,0843ed3f032eeea0612c508f007d708852bd5b1fffa62c033181097389bc1972,validation_006,1,5,603649955,11,,
8,1.6,B,mainline,True,False,66.56000000000003,19.200000000000045,1,accelerate,2.0,2.0000000000000284,64.56000000000003,21.200000000000045,2,1,decelerate-accelerate,0.04581666737794876,0.1467304527759552,0.028214231133461,1,0.1467304527759552,0.04581666737794876,0.10091378539800644,0.1185162216424942,"[true, true, true]",False,False,False,67001,0,0843ed3f032eeea0612c508f007d708852bd5b1fffa62c033181097389bc1972,validation_006,1,5,603649955,11,,
9,1.8,A,ramp,True,False,68.74000000000004,20.60000000000005,2,decelerate,-3.0,-2.9999999999999716,70.44000000000004,19.60000000000005,2,1,decelerate-accelerate,-0.17670930922031403,-0.015244245529174805,-0.014063708484172821,2,-0.014063708484172821,-0.015244245529174805,0.0011805370450019836,0.1626456007361412,"[true, true, true]",False,False,False,67001,0,0843ed3f032eeea0612c508f007d708852bd5b1fffa62c033181097389bc1972,validation_006,1,5,603649955,11,,
9,1.8,B,mainline,True,False,70.44000000000004,19.60000000000005,1,accelerate,2.0,2.0000000000000284,68.74000000000004,20.60000000000005,2,1,decelerate-accelerate,0.04821179062128067,0.1481521725654602,0.030572764575481415,1,0.1481521725654602,0.04821179062128067,0.09994038194417953,0.11757940798997879,"[true, true, true]",False,False,False,67001,0,0843ed3f032eeea0612c508f007d708852bd5b1fffa62c033181097389bc1972,validation_006,1,5,603649955,11,,
10,2.0,A,ramp,True,False,72.80000000000004,20.000000000000057,2,decelerate,-3.0,-2.9999999999999716,74.40000000000005,20.000000000000057,2,1,decelerate-accelerate,-0.17641550302505493,-0.01406131312251091,-0.012020722031593323,2,-0.012020722031593323,-0.01406131312251091,0.0020405910909175873,0.1643947809934616,"[true, true, true]",False,False,False,67001,0,0843ed3f032eeea0612c508f007d708852bd5b1fffa62c033181097389bc1972,validation_006,1,5,603649955,11,,
10,2.0,B,mainline,True,False,74.40000000000005,20.000000000000057,1,accelerate,2.0,2.0000000000000284,72.80000000000004,20.000000000000057,2,1,decelerate-accelerate,0.050555579364299774,0.14961162209510803,0.032972536981105804,1,0.14961162209510803,0.050555579364299774,0.09905604273080826,0.11663908511400223,"[true, true, true]",False,False,False,67001,0,0843ed3f032eeea0612c508f007d708852bd5b1fffa62c033181097389bc1972,validation_006,1,5,603649955,11,,
11,2.2,A,ramp,True,False,76.74000000000005,19.400000000000063,2,decelerate,-3.0,-2.9999999999999716,78.44000000000005,20.400000000000063,2,1,decelerate-accelerate,-0.17578302323818207,-0.013193730264902115,-0.00986388511955738,2,-0.00986388511955738,-0.013193730264902115,0.003329845145344734,0.1659191381186247,"[true, true, true]",False,False,False,67001,0,0843ed3f032eeea0612c508f007d708852bd5b1fffa62c033181097389bc1972,validation_006,1,5,603649955,11,,
11,2.2,B,mainline,True,False,78.44000000000005,20.400000000000063,1,accelerate,2.0,2.0000000000000284,76.74000000000005,19.400000000000063,2,1,decelerate-accelerate,0.05298607051372528,0.15067686140537262,0.0357586033642292,1,0.15067686140537262,0.05298607051372528,0.09769079089164734,0.11491825804114342,"[true, true, true]",False,False,False,67001,0,0843ed3f032eeea0612c508f007d708852bd5b1fffa62c033181097389bc1972,validation_006,1,5,603649955,11,,
12,2.4000000000000004,A,ramp,True,False,80.56000000000007,18.800000000000068,2,decelerate,-3.0,-2.9999999999999716,82.56000000000007,20.800000000000068,2,1,decelerate-accelerate,-0.17593184113502502,-0.011825159192085266,-0.007809855043888092,2,-0.007809855043888092,-0.011825159192085266,0.004015304148197174,0.16812198609113693,"[true, true, true]",False,False,False,67001,0,0843ed3f032eeea0612c508f007d708852bd5b1fffa62c033181097389bc1972,validation_006,1,5,603649955,11,,
12,2.4000000000000004,B,mainline,True,False,82.56000000000007,20.800000000000068,1,accelerate,2.0,2.0000000000000284,80.56000000000007,18.800000000000068,2,1,decelerate-accelerate,0.05662353336811066,0.15152284502983093,0.038099728524684906,1,0.15152284502983093,0.05662353336811066,0.09489931166172028,0.11342311650514603,"[true, true, true]",False,False,False,67001,0,0843ed3f032eeea0612c508f007d708852bd5b1fffa62c033181097389bc1972,validation_006,1,5,603649955,11,,
13,2.6,A,ramp,True,False,84.26000000000009,18.200000000000074,2,decelerate,-3.0,-2.9999999999999716,86.76000000000009,21.200000000000074,2,1,decelerate-accelerate,-0.17583996057510376,-0.00948593020439148,-0.006413806229829788,2,-0.006413806229829788,-0.00948593020439148,0.0030721239745616913,0.16942615434527397,"[true, true, true]",False,False,False,67001,0,0843ed3f032eeea0612c508f007d708852bd5b1fffa62c033181097389bc1972,validation_006,1,5,603649955,11,,
13,2.6,B,mainline,True,False,86.76000000000009,21.200000000000074,1,accelerate,2.0,2.0000000000000284,84.26000000000009,18.200000000000074,2,1,decelerate-accelerate,0.06016344204545021,0.15237924456596375,0.0405498743057251,1,0.15237924456596375,0.06016344204545021,0.09221580252051353,0.11182937026023865,"[true, true, true]",False,False,False,67001,0,0843ed3f032eeea0612c508f007d708852bd5b1fffa62c033181097389bc1972,validation_006,1,5,603649955,11,,
14,2.8000000000000003,A,ramp,True,False,87.8400000000001,17.60000000000008,2,decelerate,-3.0,-2.9999999999999716,91.0400000000001,21.60000000000008,2,1,decelerate-accelerate,-0.1759031116962433,-0.007155906409025192,-0.005088642239570618,2,-0.005088642239570618,-0.007155906409025192,0.0020672641694545746,0.17081446945667267,"[true, true, true]",False,False,False,67001,0,0843ed3f032eeea0612c508f007d708852bd5b1fffa62c033181097389bc1972,validation_006,1,5,603649955,11,,
14,2.8000000000000003,B,mainline,True,False,91.0400000000001,21.60000000000008,1,accelerate,2.0,2.0000000000000284,87.8400000000001,17.60000000000008,2,1,decelerate-accelerate,0.0635458305478096,0.15320304036140442,0.04317983239889145,1,0.15320304036140442,0.0635458305478096,0.08965720981359482,0.11002320796251297,"[true, true, true]",False,False,False,67001,0,0843ed3f032eeea0612c508f007d708852bd5b1fffa62c033181097389bc1972,validation_006,1,5,603649955,11,,
15,3.0,A,ramp,True,False,91.30000000000011,17.000000000000085,2,decelerate,-3.0,-2.9999999999999716,95.40000000000013,22.000000000000085,2,1,decelerate-accelerate,-0.1754072904586792,-0.005092304199934006,-0.003990292549133301,2,-0.003990292549133301,-0.005092304199934006,0.001102011650800705,0.1714169979095459,"[true, true, true]",False,False,False,67001,0,0843ed3f032eeea0612c508f007d708852bd5b1fffa62c033181097389bc1972,validation_006,1,5,603649955,11,,
15,3.0,B,mainline,True,False,95.40000000000013,22.000000000000085,1,accelerate,2.0,2.0000000000000284,91.30000000000011,17.000000000000085,2,1,decelerate-accelerate,0.06692078709602356,0.1541171669960022,0.04580003768205643,1,0.1541171669960022,0.06692078709602356,0.08719637989997864,0.10831712931394577,"[true, true, true]",False,False,False,67001,0,0843ed3f032eeea0612c508f007d708852bd5b1fffa62c033181097389bc1972,validation_006,1,5,603649955,11,,
16,3.2,A,ramp,True,False,94.64000000000013,16.40000000000009,1,accelerate,-3.0,2.0000000000000284,99.84000000000016,22.40000000000009,1,1,accelerate-accelerate,-0.17443084716796875,-0.0031168386340141296,-0.003196023404598236,1,-0.0031168386340141296,-0.003196023404598236,7.918477058410645e-05,0.17131400853395462,"[true, true, true]",False,False,False,67001,0,0843ed3f032eeea0612c508f007d708852bd5b1fffa62c033181097389bc1972,validation_006,1,5,603649955,11,,
16,3.2,B,mainline,True,False,99.84000000000016,22.40000000000009,1,accelerate,2.0,2.0000000000000284,94.64000000000013,16.40000000000009,1,1,accelerate-accelerate,0.07122451066970825,0.1559171974658966,0.047952935099601746,1,0.1559171974658966,0.07122451066970825,0.08469268679618835,0.10796426236629486,"[true, true, true]",False,False,False,67001,0,0843ed3f032eeea0612c508f007d708852bd5b1fffa62c033181097389bc1972,validation_006,1,5,603649955,11,,
17,3.4000000000000004,A,ramp,True,False,97.96000000000015,16.800000000000097,2,decelerate,2.0,-2.9999999999999716,104.36000000000017,22.800000000000097,2,1,decelerate-accelerate,-0.17387372255325317,-0.002907663583755493,-0.0019312668591737747,2,-0.0019312668591737747,-0.002907663583755493,0.0009763967245817184,0.1719424556940794,"[true, true, true]",False,False,False,67001,0,0843ed3f032eeea0612c508f007d708852bd5b1fffa62c033181097389bc1972,validation_006,1,5,603649955,11,,
17,3.4000000000000004,B,mainline,True,False,104.36000000000017,22.800000000000097,1,accelerate,2.0,2.0000000000000284,97.96000000000015,16.800000000000097,2,1,decelerate-accelerate,0.07279770821332932,0.15731576085090637,0.050239160656929016,1,0.15731576085090637,0.07279770821332932,0.08451805263757706,0.10707660019397736,"[true, true, true]",False,False,False,67001,0,0843ed3f032eeea0612c508f007d708852bd5b1fffa62c033181097389bc1972,validation_006,1,5,603649955,11,,
18,3.6,A,ramp,True,False,101.26000000000016,16.200000000000102,1,accelerate,-3.0,2.0000000000000284,108.96000000000018,23.200000000000102,1,1,accelerate-accelerate,-0.17296016216278076,-0.0009111315011978149,-0.001195451244711876,1,-0.0009111315011978149,-0.001195451244711876,0.000284319743514061,0.17204903066158295,"[true, true, true]",False,False,False,67001,0,0843ed3f032eeea0612c508f007d708852bd5b1fffa62c033181097389bc1972,validation_006,1,5,603649955,11,,
18,3.6,B,mainline,True,False,108.96000000000018,23.200000000000102,1,accelerate,2.0,2.0000000000000284,101.26000000000016,16.200000000000102,1,1,accelerate-accelerate,0.0775761753320694,0.15892550349235535,0.05210680514574051,1,0.15892550349235535,0.0775761753320694,0.08134932816028595,0.10681869834661484,"[true, true, true]",False,False,False,67001,0,0843ed3f032eeea0612c508f007d708852bd5b1fffa62c033181097389bc1972,validation_006,1,5,603649955,11,,
19,3.8000000000000003,A,ramp,True,False,104.54000000000018,16.600000000000108,1,accelerate,2.0,2.0000000000000284,113.6400000000002,23.600000000000108,1,1,accelerate-accelerate,-0.17281043529510498,3.575533628463745e-05,-0.00022471323609352112,1,3.575533628463745e-05,-0.00022471323609352112,0.00026046857237815857,0.17284619063138962,"[true, true, true]",False,False,False,67001,0,0843ed3f032eeea0612c508f007d708852bd5b1fffa62c033181097389bc1972,validation_006,1,5,603649955,11,5.578133036821129,
19,3.8000000000000003,B,mainline,True,False,113.6400000000002,23.600000000000108,1,accelerate,2.0,2.0000000000000284,104.54000000000018,16.600000000000108,1,1,accelerate-accelerate,0.08037696033716202,0.15946996212005615,0.05359620600938797,1,0.15946996212005615,0.08037696033716202,0.07909300178289413,0.10587375611066818,"[true, true, true]",False,False,False,67001,0,0843ed3f032eeea0612c508f007d708852bd5b1fffa62c033181097389bc1972,validation_006,1,5,603649955,11,5.578133036821129,
20,4.0,A,ramp,True,False,107.9000000000002,17.000000000000114,2,decelerate,2.0,-2.9999999999999716,118.40000000000022,24.000000000000114,2,1,decelerate-accelerate,-0.134492889046669,-0.007787793874740601,0.005604863166809082,2,0.005604863166809082,-0.007787793874740601,0.013392657041549683,0.1400977522134781,"[true, true, true]",False,False,False,67001,0,0843ed3f032eeea0612c508f007d708852bd5b1fffa62c033181097389bc1972,validation_006,1,5,603649955,11,7.103791021338424,
20,4.0,B,mainline,True,False,118.40000000000022,24.000000000000114,1,accelerate,2.0,2.0000000000000284,107.9000000000002,17.000000000000114,2,1,decelerate-accelerate,0.08852868527173996,0.1527637243270874,0.050466232001781464,1,0.1527637243270874,0.08852868527173996,0.06423503905534744,0.10229749232530594,"[true, true, true]",False,False,False,67001,0,0843ed3f032eeea0612c508f007d708852bd5b1fffa62c033181097389bc1972,validation_006,1,5,603649955,11,7.103791021338424,
21,4.2,A,ramp,True,False,111.24000000000024,16.40000000000012,2,decelerate,-3.0,-3.000000000000007,123.24000000000024,24.40000000000012,2,1,decelerate-accelerate,-0.1308593600988388,-0.005318135023117065,0.005670610815286636,2,0.005670610815286636,-0.005318135023117065,0.010988745838403702,0.13652997091412544,"[true, true, true]",False,False,False,67001,0,0843ed3f032eeea0612c508f007d708852bd5b1fffa62c033181097389bc1972,validation_006,1,5,603649955,11,8.827763404415776,
21,4.2,B,mainline,True,False,123.24000000000024,24.40000000000012,1,accelerate,2.0,2.0000000000000284,111.24000000000024,16.40000000000012,2,1,decelerate-accelerate,0.09420821070671082,0.15394890308380127,0.05158086121082306,1,0.15394890308380127,0.09420821070671082,0.059740692377090454,0.10236804187297821,"[true, true, true]",False,False,False,67001,0,0843ed3f032eeea0612c508f007d708852bd5b1fffa62c033181097389bc1972,validation_006,1,5,603649955,11,8.827763404415776,
22,4.4,A,ramp,True,False,114.46000000000026,15.800000000000122,2,decelerate,-3.0,-3.000000000000007,128.16000000000025,24.800000000000125,2,1,decelerate-accelerate,-0.12725576758384705,-0.0029314011335372925,0.005785487592220306,2,0.005785487592220306,-0.0029314011335372925,0.008716888725757599,0.13304125517606735,"[true, true, true]",False,False,False,67001,0,0843ed3f032eeea0612c508f007d708852bd5b1fffa62c033181097389bc1972,validation_006,1,5,603649955,11,10.748216780719076,
22,4.4,B,mainline,True,False,128.16000000000025,24.800000000000125,1,accelerate,2.0,2.0000000000000284,114.46000000000026,15.800000000000122,2,1,decelerate-accelerate,0.09986051172018051,0.15504533052444458,0.05282662808895111,1,0.15504533052444458,0.09986051172018051,0.05518481880426407,0.10221870243549347,"[true, true, true]",False,False,False,67001,0,0843ed3f032eeea0612c508f007d708852bd5b1fffa62c033181097389bc1972,validation_006,1,5,603649955,11,10.748216780719076,
23,4.6000000000000005,A,ramp,True,False,117.56000000000029,15.20000000000012,2,decelerate,-3.0,-3.000000000000007,133.16000000000025,25.20000000000013,2,1,decelerate-accelerate,-0.12413159012794495,-0.00086955726146698,0.005355268716812134,2,0.005355268716812134,-0.00086955726146698,0.006224825978279114,0.12948685884475708,"[true, true, true]",False,False,False,67001,0,0843ed3f032eeea0612c508f007d708852bd5b1fffa62c033181097389bc1972,validation_006,1,5,603649955,11,12.86417698211838,
23,4.6000000000000005,B,mainline,True,False,133.16000000000025,25.20000000000013,1,accelerate,2.0,2.0000000000000284,117.56000000000029,15.20000000000012,2,1,decelerate-accelerate,0.10461351275444031,0.15490520000457764,0.05287046730518341,1,0.15490520000457764,0.10461351275444031,0.05029168725013733,0.10203473269939423,"[true, true, true]",False,False,False,67001,0,0843ed3f032eeea0612c508f007d708852bd5b1fffa62c033181097389bc1972,validation_006,1,5,603649955,11,12.86417698211838,
24,4.800000000000001,A,ramp,True,False,120.5400000000003,14.600000000000119,2,decelerate,-3.0,-3.000000000000007,138.2400000000003,25.600000000000136,2,1,decelerate-accelerate,-0.12084967643022537,0.0012979656457901,0.00435669906437397,2,0.00435669906437397,0.0012979656457901,0.00305873341858387,0.12520637549459934,"[true, true, true]",False,False,False,67001,0,0843ed3f032eeea0612c508f007d708852bd5b1fffa62c033181097389bc1972,validation_006,1,5,603649955,11,15.175519781525054,
24,4.800000000000001,B,mainline,True,False,138.2400000000003,25.600000000000136,1,accelerate,2.0,2.0000000000000284,120.5400000000003,14.600000000000119,2,1,decelerate-accelerate,0.10919824987649918,0.1545325219631195,0.05269589275121689,1,0.1545325219631195,0.10919824987649918,0.04533427208662033,0.10183662921190262,"[true, true, true]",False,False,False,67001,0,0843ed3f032eeea0612c508f007d708852bd5b1fffa62c033181097389bc1972,validation_006,1,5,603649955,11,15.175519781525054,
25,5.0,A,ramp,True,False,123.40000000000032,14.000000000000117,1,accelerate,-3.0,1.999999999999993,143.40000000000032,26.000000000000142,1,1,accelerate-accelerate,-0.11791235953569412,0.00397370383143425,0.0031812675297260284,1,0.00397370383143425,0.0031812675297260284,0.0007924363017082214,0.12188606336712837,"[true, true, true]",False,False,False,67001,0,0843ed3f032eeea0612c508f007d708852bd5b1fffa62c033181097389bc1972,validation_006,1,5,603649955,11,17.58298931010941,
25,5.0,B,mainline,True,False,143.40000000000032,26.000000000000142,1,accelerate,2.0,2.0000000000000284,123.40000000000032,14.000000000000117,1,1,accelerate-accelerate,0.11380039900541306,0.15414313971996307,0.05250900983810425,1,0.15414313971996307,0.11380039900541306,0.04034274071455002,0.10163412988185883,"[true, true, true]",False,False,False,67001,0,0843ed3f032eeea0612c508f007d708852bd5b1fffa62c033181097389bc1972,validation_006,1,5,603649955,11,17.58298931010941,
26,5.2,A,ramp,True,False,126.24000000000034,14.400000000000116,1,accelerate,2.0,1.999999999999993,148.64000000000033,26.400000000000148,1,1,accelerate-accelerate,-0.11785108596086502,0.003923628479242325,0.0022972896695137024,1,0.003923628479242325,0.0022972896695137024,0.0016263388097286224,0.12177471444010735,"[true, true, true]",False,False,False,67001,0,0843ed3f032eeea0612c508f007d708852bd5b1fffa62c033181097389bc1972,validation_006,1,5,603649955,11,19.987328805416894,
26,5.2,B,mainline,True,False,148.64000000000033,26.400000000000148,1,accelerate,2.0,2.0000000000000284,126.24000000000034,14.400000000000116,1,1,accelerate-accelerate,0.11583376675844193,0.15341389179229736,0.05282185971736908,1,0.15341389179229736,0.11583376675844193,0.03758012503385544,0.10059203207492828,"[true, true, true]",False,False,False,67001,0,0843ed3f032eeea0612c508f007d708852bd5b1fffa62c033181097389bc1972,validation_006,1,5,603649955,11,19.987328805416894,
27,5.4,A,ramp,True,False,129.16000000000037,14.800000000000114,1,accelerate,2.0,1.999999999999993,153.96000000000038,26.800000000000153,1,1,accelerate-accelerate,-0.11755671352148056,0.0038128159940242767,0.0011598765850067139,1,0.0038128159940242767,0.0011598765850067139,0.002652939409017563,0.12136952951550484,"[true, true, true]",False,False,False,67001,0,0843ed3f032eeea0612c508f007d708852bd5b1fffa62c033181097389bc1972,validation_006,1,5,603649955,11,22.38928768916307,
27,5.4,B,mainline,True,False,153.96000000000038,26.800000000000153,1,accelerate,2.0,2.0000000000000284,129.16000000000037,14.800000000000114,1,1,accelerate-accelerate,0.11783377826213837,0.15180283784866333,0.05295337736606598,1,0.15180283784866333,0.11783377826213837,0.03396905958652496,0.09884946048259735,"[true, true, true]",False,False,False,67001,0,0843ed3f032eeea0612c508f007d708852bd5b1fffa62c033181097389bc1972,validation_006,1,5,603649955,11,22.38928768916307,
28,5.6000000000000005,A,ramp,True,False,132.16000000000037,15.200000000000113,1,accelerate,2.0,1.999999999999993,159.3600000000004,27.20000000000016,1,1,accelerate-accelerate,-0.11733280122280121,0.003989279270172119,0.00010791607201099396,1,0.003989279270172119,0.00010791607201099396,0.003881363198161125,0.12132208049297333,"[true, true, true]",False,False,False,67001,0,0843ed3f032eeea0612c508f007d708852bd5b1fffa62c033181097389bc1972,validation_006,1,5,603649955,11,24.789862200654994,
28,5.6000000000000005,B,mainline,True,False,159.3600000000004,27.20000000000016,1,accelerate,2.0,2.0000000000000284,132.16000000000037,15.200000000000113,1,1,accelerate-accelerate,0.12003757059574127,0.15003596246242523,0.05298681557178497,1,0.15003596246242523,0.12003757059574127,0.02999839186668396,0.09704914689064026,"[true, true, true]",False,False,False,67001,0,0843ed3f032eeea0612c508f007d708852bd5b1fffa62c033181097389bc1972,validation_006,1,5,603649955,11,24.789862200654994,
29,5.800000000000001,A,ramp,True,False,135.2400000000004,15.600000000000112,1,accelerate,2.0,1.999999999999993,164.84000000000043,27.600000000000165,1,1,accelerate-accelerate,-0.1171773374080658,0.003559485077857971,-0.0013734996318817139,1,0.003559485077857971,-0.0013734996318817139,0.004932984709739685,0.12073682248592377,"[true, true, true]",False,False,False,67001,0,0843ed3f032eeea0612c508f007d708852bd5b1fffa62c033181097389bc1972,validation_006,1,5,603649955,11,27.189930726638437,
29,5.800000000000001,B,mainline,True,False,164.84000000000043,27.600000000000165,1,accelerate,2.0,2.0000000000000284,135.2400000000004,15.600000000000112,1,1,accelerate-accelerate,0.12253174930810928,0.14804419875144958,0.05275866389274597,1,0.14804419875144958,0.12253174930810928,0.0255124494433403,0.09528553485870361,"[true, true, true]",False,False,False,67001,0,0843ed3f032eeea0612c508f007d708852bd5b1fffa62c033181097389bc1972,validation_006,1,5,603649955,11,27.189930726638437,
30,6.0,A,ramp,True,False,138.40000000000043,16.00000000000011,1,accelerate,2.0,2.0000000000000284,170.4000000000005,28.00000000000017,1,1,accelerate-accelerate,-0.11695516109466553,0.0024123340845108032,-0.0030737873166799545,1,0.0024123340845108032,-0.0030737873166799545,0.005486121401190758,0.11936749517917633,"[true, true, true]",False,False,False,67001,0,0843ed3f032eeea0612c508f007d708852bd5b1fffa62c033181097389bc1972,validation_006,1,5,603649955,11,29.589931239476215,
30,6.0,B,mainline,True,False,170.4000000000005,28.00000000000017,1,accelerate,2.0,2.0000000000000284,138.40000000000043,16.00000000000011,1,1,accelerate-accelerate,0.12509660422801971,0.14598816633224487,0.05252022296190262,1,0.14598816633224487,0.12509660422801971,0.02089156210422516,0.09346794337034225,"[true, true, true]",False,False,False,67001,0,0843ed3f032eeea0612c508f007d708852bd5b1fffa62c033181097389bc1972,validation_006,1,5,603649955,11,29.589931239476215,
31,6.2,A,ramp,True,False,141.64000000000044,16.400000000000116,1,accelerate,2.0,2.0000000000000284,176.04000000000053,28.400000000000176,1,1,accelerate-accelerate,-0.11678246408700943,0.0016869381070137024,-0.004391677677631378,1,0.0016869381070137024,-0.004391677677631378,0.006078615784645081,0.11846940219402313,"[true, true, true]",False,False,False,67001,0,0843ed3f032eeea0612c508f007d708852bd5b1fffa62c033181097389bc1972,validation_006,1,5,603649955,11,31.989931239476192,
31,6.2,B,mainline,True,False,176.04000000000053,28.400000000000176,1,accelerate,2.0,2.0000000000000284,141.64000000000044,16.400000000000116,1,1,accelerate-accelerate,0.12768206000328064,0.14388135075569153,0.052249424159526825,1,0.14388135075569153,0.12768206000328064,0.01619929075241089,0.0916319265961647,"[true, true, true]",False,False,False,67001,0,0843ed3f032eeea0612c508f007d708852bd5b1fffa62c033181097389bc1972,validation_006,1,5,603649955,11,31.989931239476192,
32,6.4,A,ramp,True,False,144.9600000000005,16.80000000000012,1,accelerate,2.0,2.0000000000000284,181.76000000000056,28.800000000000182,1,1,accelerate-accelerate,-0.11658208072185516,0.0008185282349586487,-0.005662735551595688,1,0.0008185282349586487,-0.005662735551595688,0.0064812637865543365,0.11740060895681381,"[true, true, true]",False,False,False,67001,0,0843ed3f032eeea0612c508f007d708852bd5b1fffa62c033181097389bc1972,validation_006,1,5,603649955,11,34.3899312394762,
32,6.4,B,mainline,True,False,181.76000000000056,28.800000000000182,1,accelerate,2.0,2.0000000000000284,144.9600000000005,16.80000000000012,1,1,accelerate-accelerate,0.12993448972702026,0.14221695065498352,0.05191172659397125,1,0.14221695065498352,0.12993448972702026,0.012282460927963257,0.09030522406101227,"[true, true, true]",False,False,False,67001,0,0843ed3f032eeea0612c508f007d708852bd5b1fffa62c033181097389bc1972,validation_006,1,5,603649955,11,34.3899312394762,
33,6.6000000000000005,A,ramp,True,False,148.36000000000053,17.200000000000127,1,accelerate,2.0,2.0000000000000284,187.5600000000006,29.200000000000188,1,1,accelerate-accelerate,-0.11625898629426956,-0.0004786178469657898,-0.006877424195408821,1,-0.0004786178469657898,-0.006877424195408821,0.006398806348443031,0.11578036844730377,"[true, true, true]",False,False,False,67001,0,0843ed3f032eeea0612c508f007d708852bd5b1fffa62c033181097389bc1972,validation_006,1,5,603649955,11,36.7899312394762,
33,6.6000000000000005,B,mainline,True,False,187.5600000000006,29.200000000000188,1,accelerate,2.0,2.0000000000000284,148.36000000000053,17.200000000000127,1,1,accelerate-accelerate,0.13133971393108368,0.141649067401886,0.05120763182640076,1,0.141649067401886,0.13133971393108368,0.010309353470802307,0.09044143557548523,"[true, true, true]",False,False,False,67001,0,0843ed3f032eeea0612c508f007d708852bd5b1fffa62c033181097389bc1972,validation_006,1,5,603649955,11,36.7899312394762,
34,6.800000000000001,A,ramp,True,False,151.84000000000054,17.600000000000133,1,accelerate,2.0,2.0000000000000284,193.44000000000062,29.600000000000193,1,1,accelerate-accelerate,-0.11571097373962402,-0.0017293170094490051,-0.00790340080857277,1,-0.0017293170094490051,-0.00790340080857277,0.006174083799123764,0.11398165673017502,"[true, true, true]",False,False,False,67001,0,0843ed3f032eeea0612c508f007d708852bd5b1fffa62c033181097389bc1972,validation_006,1,5,603649955,11,39.18993123947621,
34,6.800000000000001,B,mainline,True,False,193.44000000000062,29.600000000000193,1,accelerate,2.0,1.9999999999960494,151.84000000000054,17.600000000000133,1,1,accelerate-accelerate,0.1328127384185791,0.14104941487312317,0.05044778436422348,1,0.14104941487312317,0.1328127384185791,0.008236676454544067,0.09060163050889969,"[true, true, true]",False,False,False,67001,0,0843ed3f032eeea0612c508f007d708852bd5b1fffa62c033181097389bc1972,validation_006,1,5,603649955,11,39.18993123947621,
35,7.0,A,ramp,True,False,155.40000000000057,18.00000000000014,1,accelerate,2.0,2.0000000000000284,199.40000000000066,30.0,1,1,accelerate-accelerate,-0.1150047779083252,-0.0029430612921714783,-0.008798535913228989,1,-0.0029430612921714783,-0.008798535913228989,0.00585547462105751,0.11206171661615372,"[true, true, true]",False,False,False,67001,0,0843ed3f032eeea0612c508f007d708852bd5b1fffa62c033181097389bc1972,validation_006,1,5,603649955,11,41.549931239476194,
35,7.0,B,mainline,True,False,199.40000000000066,30.0,1,accelerate,2.0,0.0,155.40000000000057,18.00000000000014,1,1,accelerate-accelerate,0.13423408567905426,0.14057248830795288,0.04963098466396332,1,0.14057248830795288,0.13423408567905426,0.006338402628898621,0.09094150364398956,"[true, true, true]",False,False,False,67001,0,0843ed3f032eeea0612c508f007d708852bd5b1fffa62c033181097389bc1972,validation_006,1,5,603649955,11,41.549931239476194,
36,7.2,A,ramp,True,False,159.0400000000006,18.400000000000144,1,accelerate,2.0,2.0000000000000284,205.40000000000066,30.0,1,1,accelerate-accelerate,-0.11560393869876862,-0.0052417367696762085,-0.009544719010591507,1,-0.0052417367696762085,-0.009544719010591507,0.0043029822409152985,0.11036220192909241,"[true, true, true]",False,False,False,67001,0,0843ed3f032eeea0612c508f007d708852bd5b1fffa62c033181097389bc1972,validation_006,1,5,603649955,11,43.82993123947617,
36,7.2,B,mainline,True,False,205.40000000000066,30.0,1,accelerate,2.0,0.0,159.0400000000006,18.400000000000144,1,1,accelerate-accelerate,0.13437864184379578,0.14042022824287415,0.04943336546421051,1,0.14042022824287415,0.13437864184379578,0.006041586399078369,0.09098686277866364,"[true, true, true]",False,False,False,67001,0,0843ed3f032eeea0612c508f007d708852bd5b1fffa62c033181097389bc1972,validation_006,1,5,603649955,11,43.82993123947617,
37,7.4,A,ramp,True,False,162.76000000000062,18.80000000000015,1,accelerate,2.0,2.0000000000000284,211.40000000000066,30.0,1,1,accelerate-accelerate,-0.11583924293518066,-0.007591627538204193,-0.010119237005710602,1,-0.007591627538204193,-0.010119237005710602,0.0025276094675064087,0.10824761539697647,"[true, true, true]",False,False,False,67001,0,0843ed3f032eeea0612c508f007d708852bd5b1fffa62c033181097389bc1972,validation_006,1,5,603649955,11,46.02993123947613,
37,7.4,B,mainline,True,False,211.40000000000066,30.0,1,accelerate,2.0,0.0,162.76000000000062,18.80000000000015,1,1,accelerate-accelerate,0.13472959399223328,0.14015942811965942,0.049749910831451416,1,0.14015942811965942,0.13472959399223328,0.0054298341274261475,0.09040951728820801,"[true, true, true]",False,False,False,67001,0,0843ed3f032eeea0612c508f007d708852bd5b1fffa62c033181097389bc1972,validation_006,1,5,603649955,11,46.02993123947613,
38,7.6000000000000005,A,ramp,True,False,166.56000000000066,19.200000000000156,1,accelerate,2.0,2.0000000000000284,217.40000000000066,30.0,1,1,accelerate-accelerate,-0.11608202755451202,-0.009606566280126572,-0.010709866881370544,1,-0.009606566280126572,-0.010709866881370544,0.0011033006012439728,0.10647546127438545,"[true, true, true]",False,False,False,67001,0,0843ed3f032eeea0612c508f007d708852bd5b1fffa62c033181097389bc1972,validation_006,1,5,603649955,11,48.1499312394761,
38,7.6000000000000005,B,mainline,True,False,217.40000000000066,30.0,1,accelerate,2.0,0.0,166.56000000000066,19.200000000000156,1,1,accelerate-accelerate,0.13535502552986145,0.13993613421916962,0.049980178475379944,1,0.13993613421916962,0.13535502552986145,0.0045811086893081665,0.08995595574378967,"[true, true, true]",False,False,False,67001,0,0843ed3f032eeea0612c508f007d708852bd5b1fffa62c033181097389bc1972,validation_006,1,5,603649955,11,48.1499312394761,
39,7.800000000000001,A,ramp,True,False,170.44000000000068,19.60000000000016,1,accelerate,2.0,2.0000000000000284,223.40000000000066,30.0,1,1,accelerate-accelerate,-0.116484135389328,-0.011149972677230835,-0.011387668550014496,1,-0.011149972677230835,-0.011387668550014496,0.0002376958727836609,0.10533416271209717,"[true, true, true]",False,False,False,67001,0,0843ed3f032eeea0612c508f007d708852bd5b1fffa62c033181097389bc1972,validation_006,1,5,603649955,11,50.18993123947607,
39,7.800000000000001,B,mainline,True,False,223.40000000000066,30.0,1,accelerate,2.0,0.0,170.44000000000068,19.60000000000016,1,1,accelerate-accelerate,0.13555866479873657,0.1403525173664093,0.05027589201927185,1,0.1403525173664093,0.13555866479873657,0.0047938525676727295,0.09007662534713745,"[true, true, true]",False,False,False,67001,0,0843ed3f032eeea0612c508f007d708852bd5b1fffa62c033181097389bc1972,validation_006,1,5,603649955,11,50.18993123947607,
40,8.0,A,ramp,True,False,174.40000000000072,20.000000000000167,2,decelerate,2.0,-2.9999999999999716,229.40000000000066,30.0,2,1,decelerate-accelerate,-0.0967649444937706,0.015183858573436737,0.034792765974998474,2,0.034792765974998474,0.015183858573436737,0.019608907401561737,0.13155771046876907,"[true, true, true]",False,False,False,67001,0,0843ed3f032eeea0612c508f007d708852bd5b1fffa62c033181097389bc1972,validation_006,1,5,603649955,11,52.24993123947604,
40,8.0,B,mainline,True,False,229.40000000000066,30.0,1,accelerate,2.0,0.0,174.40000000000072,20.000000000000167,2,1,decelerate-accelerate,0.12704573571681976,0.1907716989517212,0.04761738330125809,1,0.1907716989517212,0.12704573571681976,0.06372596323490143,0.1431543156504631,"[true, true, true]",False,False,False,67001,0,0843ed3f032eeea0612c508f007d708852bd5b1fffa62c033181097389bc1972,validation_006,1,5,603649955,11,52.24993123947604,
41,8.200000000000001,A,ramp,True,False,178.34000000000074,19.400000000000173,2,decelerate,-3.0,-2.9999999999999716,235.40000000000066,30.0,2,1,decelerate-accelerate,-0.09589016437530518,0.014133799821138382,0.03420063108205795,2,0.03420063108205795,0.014133799821138382,0.02006683126091957,0.13009079545736313,"[true, true, true]",False,False,False,67001,0,0843ed3f032eeea0612c508f007d708852bd5b1fffa62c033181097389bc1972,validation_006,1,5,603649955,11,54.42993123947599,
41,8.200000000000001,B,mainline,True,False,235.40000000000066,30.0,1,accelerate,2.0,0.0,178.34000000000074,19.400000000000173,2,1,decelerate-accelerate,0.12925025820732117,0.18934321403503418,0.04787936061620712,1,0.18934321403503418,0.12925025820732117,0.06009295582771301,0.14146385341882706,"[true, true, true]",False,False,False,67001,0,0843ed3f032eeea0612c508f007d708852bd5b1fffa62c033181097389bc1972,validation_006,1,5,603649955,11,54.42993123947599,
42,8.4,A,ramp,True,False,182.1600000000008,18.80000000000018,2,decelerate,-3.0,-2.9999999999999716,241.40000000000066,30.0,2,1,decelerate-accelerate,-0.09570576995611191,0.014017745852470398,0.0334879606962204,2,0.0334879606962204,0.014017745852470398,0.01947021484375,0.1291937306523323,"[true, true, true]",False,False,False,67001,0,0843ed3f032eeea0612c508f007d708852bd5b1fffa62c033181097389bc1972,validation_006,1,5,603649955,11,56.729931239475945,
42,8.4,B,mainline,True,False,241.40000000000066,30.0,1,accelerate,2.0,0.0,182.1600000000008,18.80000000000018,2,1,decelerate-accelerate,0.13098891079425812,0.18800950050354004,0.048308566212654114,1,0.18800950050354004,0.13098891079425812,0.05702058970928192,0.13970093429088593,"[true, true, true]",False,False,False,67001,0,0843ed3f032eeea0612c508f007d708852bd5b1fffa62c033181097389bc1972,validation_006,1,5,603649955,11,56.729931239475945,
43,8.6,A,ramp,True,False,185.86000000000084,18.200000000000184,2,decelerate,-3.0,-2.9999999999999716,247.40000000000066,30.0,2,1,decelerate-accelerate,-0.09578971564769745,0.01445547491312027,0.0326799638569355,2,0.0326799638569355,0.01445547491312027,0.01822448894381523,0.12846967950463295,"[true, true, true]",False,False,False,67001,0,0843ed3f032eeea0612c508f007d708852bd5b1fffa62c033181097389bc1972,validation_006,1,5,603649955,11,59.149931239475904,
43,8.6,B,mainline,True,False,247.40000000000066,30.0,1,accelerate,2.0,0.0,185.86000000000084,18.200000000000184,2,1,decelerate-accelerate,0.13310538232326508,0.1865931749343872,0.048424847424030304,1,0.1865931749343872,0.13310538232326508,0.05348779261112213,0.1381683275103569,"[true, true, true]",False,False,False,67001,0,0843ed3f032eeea0612c508f007d708852bd5b1fffa62c033181097389bc1972,validation_006,1,5,603649955,11,59.149931239475904,
44,8.8,A,ramp,True,False,189.44000000000088,17.60000000000019,2,decelerate,-3.0,-2.9999999999999716,253.40000000000066,30.0,2,1,decelerate-accelerate,-0.0957639142870903,0.014803893864154816,0.03186027333140373,2,0.03186027333140373,0.014803893864154816,0.017056379467248917,0.12762418761849403,"[true, true, true]",False,False,False,67001,0,0843ed3f032eeea0612c508f007d708852bd5b1fffa62c033181097389bc1972,validation_006,1,5,603649955,11,61.68993123947587,
44,8.8,B,mainline,True,False,253.40000000000066,30.0,1,accelerate,2.0,0.0,189.44000000000088,17.60000000000019,2,1,decelerate-accelerate,0.13524127006530762,0.1850498616695404,0.04869944602251053,1,0.1850498616695404,0.13524127006530762,0.04980859160423279,0.13635041564702988,"[true, true, true]",False,False,False,67001,0,0843ed3f032eeea0612c508f007d708852bd5b1fffa62c033181097389bc1972,validation_006,1,5,603649955,11,61.68993123947587,
45,9.0,A,ramp,True,False,192.90000000000092,17.000000000000195,2,decelerate,-3.0,-2.9999999999999716,259.40000000000066,30.0,2,1,decelerate-accelerate,-0.09561893343925476,0.015063483268022537,0.03102678433060646,2,0.03102678433060646,0.015063483268022537,0.015963301062583923,0.12664571776986122,"[true, true, true]",False,False,False,67001,0,0843ed3f032eeea0612c508f007d708852bd5b1fffa62c033181097389bc1972,validation_006,1,5,603649955,11,,
45,9.0,B,mainline,True,False,259.40000000000066,30.0,1,accelerate,2.0,0.0,192.90000000000092,17.000000000000195,2,1,decelerate-accelerate,0.13713327050209045,0.18346115946769714,0.04908722639083862,1,0.18346115946769714,0.13713327050209045,0.04632788896560669,0.13437393307685852,"[true, true, true]",False,False,False,67001,0,0843ed3f032eeea0612c508f007d708852bd5b1fffa62c033181097389bc1972,validation_006,1,5,603649955,11,,
46,9.200000000000001,A,ramp,True,False,196.24000000000095,16.4000000000002,2,decelerate,-3.0,-3.000000000000007,260.90000000000066,0.0,2,0,active-inactive,-0.2208109349012375,0.026614956557750702,0.06776715815067291,2,0.06776715815067291,0.026614956557750702,0.04115220159292221,0.2885780930519104,"[true, true, true]",False,False,False,67001,0,0843ed3f032eeea0612c508f007d708852bd5b1fffa62c033181097389bc1972,validation_006,1,5,603649955,11,,
46,9.200000000000001,B,mainline,False,True,260.90000000000066,0.0,0,maintain,0.0,0.0,196.24000000000095,16.4000000000002,2,0,active-inactive,0.06762480735778809,0.13397815823554993,-0.010068962350487709,1,0.13397815823554993,0.06762480735778809,0.06635335087776184,0.14404712058603764,"[true, true, true]",False,False,False,67001,0,0843ed3f032eeea0612c508f007d708852bd5b1fffa62c033181097389bc1972,validation_006,1,5,603649955,11,,
47,9.4,A,ramp,True,False,199.46000000000097,15.800000000000203,2,decelerate,-3.0,-3.000000000000007,260.90000000000066,0.0,2,0,active-inactive,-0.22098025679588318,0.02824152633547783,0.06759651005268097,2,0.06759651005268097,0.02824152633547783,0.03935498371720314,0.28857676684856415,"[true, true, true]",False,False,False,67001,0,0843ed3f032eeea0612c508f007d708852bd5b1fffa62c033181097389bc1972,validation_006,1,5,603649955,11,,
47,9.4,B,mainline,False,True,260.90000000000066,0.0,0,maintain,0.0,0.0,199.46000000000097,15.800000000000203,2,0,active-inactive,0.0695696473121643,0.13447147607803345,-0.009448396041989326,1,0.13447147607803345,0.0695696473121643,0.06490182876586914,0.14391987212002277,"[true, true, true]",False,False,False,67001,0,0843ed3f032eeea0612c508f007d708852bd5b1fffa62c033181097389bc1972,validation_006,1,5,603649955,11,,
48,9.600000000000001,A,ramp,True,False,202.56000000000103,15.200000000000202,2,decelerate,-3.0,-3.000000000000007,260.90000000000066,0.0,2,0,active-inactive,-0.22108094394207,0.0298600010573864,0.06739204376935959,2,0.06739204376935959,0.0298600010573864,0.03753204271197319,0.2884729877114296,"[true, true, true]",False,False,False,67001,0,0843ed3f032eeea0612c508f007d708852bd5b1fffa62c033181097389bc1972,validation_006,1,5,603649955,11,,
48,9.600000000000001,B,mainline,False,True,260.90000000000066,0.0,0,maintain,0.0,0.0,202.56000000000103,15.200000000000202,2,0,active-inactive,0.07147549092769623,0.13495659828186035,-0.008799538016319275,1,0.13495659828186035,0.07147549092769623,0.06348110735416412,0.14375613629817963,"[true, true, true]",False,False,False,67001,0,0843ed3f032eeea0612c508f007d708852bd5b1fffa62c033181097389bc1972,validation_006,1,5,603649955,11,,
49,9.8,A,ramp,True,False,205.54000000000107,14.6000000000002,2,decelerate,-3.0,-3.000000000000007,260.90000000000066,0.0,2,0,active-inactive,-0.22109775245189667,0.03142912685871124,0.06712701916694641,2,0.06712701916694641,0.03142912685871124,0.03569789230823517,0.2882247716188431,"[true, true, true]",False,False,False,67001,0,0843ed3f032eeea0612c508f007d708852bd5b1fffa62c033181097389bc1972,validation_006,1,5,603649955,11,,
49,9.8,B,mainline,False,True,260.90000000000066,0.0,0,maintain,0.0,0.0,205.54000000000107,14.6000000000002,2,0,active-inactive,0.07340233027935028,0.13527244329452515,-0.008032596670091152,1,0.13527244329452515,0.07340233027935028,0.061870113015174866,0.1433050399646163,"[true, true, true]",False,False,False,67001,0,0843ed3f032eeea0612c508f007d708852bd5b1fffa62c033181097389bc1972,validation_006,1,5,603649955,11,,
50,10.0,A,ramp,True,False,208.4000000000011,14.000000000000199,2,decelerate,-3.0,-3.000000000000007,260.90000000000066,0.0,2,0,active-inactive,-0.22103428840637207,0.032950591295957565,0.06680503487586975,2,0.06680503487586975,0.032950591295957565,0.033854443579912186,0.2878393232822418,"[true, true, true]",False,False,False,67001,0,0843ed3f032eeea0612c508f007d708852bd5b1fffa62c033181097389bc1972,validation_006,1,5,603649955,11,,
50,10.0,B,mainline,False,True,260.90000000000066,0.0,0,maintain,0.0,0.0,208.4000000000011,14.000000000000199,2,0,active-inactive,0.07530052214860916,0.13555599749088287,-0.007226157002151012,1,0.13555599749088287,0.07530052214860916,0.06025547534227371,0.14278215449303389,"[true, true, true]",False,False,False,67001,0,0843ed3f032eeea0612c508f007d708852bd5b1fffa62c033181097389bc1972,validation_006,1,5,603649955,11,,
51,10.200000000000001,A,ramp,True,False,211.14000000000115,13.400000000000198,2,decelerate,-3.0,-3.000000000000007,260.90000000000066,0.0,2,0,active-inactive,-0.2209097146987915,0.03446156904101372,0.0664544627070427,2,0.0664544627070427,0.03446156904101372,0.031992893666028976,0.2873641774058342,"[true, true, true]",False,False,False,67001,0,0843ed3f032eeea0612c508f007d708852bd5b1fffa62c033181097389bc1972,validation_006,1,5,603649955,11,,
51,10.200000000000001,B,mainline,False,True,260.90000000000066,0.0,0,maintain,0.0,0.0,211.14000000000115,13.400000000000198,2,0,active-inactive,0.07716716825962067,0.13570018112659454,-0.006418884731829166,1,0.13570018112659454,0.07716716825962067,0.05853301286697388,0.1421190658584237,"[true, true, true]",False,False,False,67001,0,0843ed3f032eeea0612c508f007d708852bd5b1fffa62c033181097389bc1972,validation_006,1,5,603649955,11,,
52,10.4,A,ramp,True,False,213.76000000000118,12.800000000000196,2,decelerate,-3.0,-3.000000000000007,260.90000000000066,0.0,2,0,active-inactive,-0.22066202759742737,0.035890109837055206,0.0660741850733757,2,0.0660741850733757,0.035890109837055206,0.030184075236320496,0.28673621267080307,"[true, true, true]",False,False,False,67001,0,0843ed3f032eeea0612c508f007d708852bd5b1fffa62c033181097389bc1972,validation_006,1,5,603649955,11,,
52,10.4,B,mainline,False,True,260.90000000000066,0.0,0,maintain,0.0,0.0,213.76000000000118,12.800000000000196,2,0,active-inactive,0.07890763133764267,0.13532261550426483,-0.00516873225569725,1,0.13532261550426483,0.07890763133764267,0.05641498416662216,0.14049134775996208,"[true, true, true]",False,False,False,67001,0,0843ed3f032eeea0612c508f007d708852bd5b1fffa62c033181097389bc1972,validation_006,1,5,603649955,11,,
53,10.600000000000001,A,ramp,True,False,216.2600000000012,12.200000000000195,2,decelerate,-3.0,-3.000000000000007,260.90000000000066,0.0,2,0,active-inactive,-0.21997788548469543,0.03689274936914444,0.06565043330192566,2,0.06565043330192566,0.03689274936914444,0.02875768393278122,0.2856283187866211,"[true, true, true]",False,False,False,67001,0,0843ed3f032eeea0612c508f007d708852bd5b1fffa62c033181097389bc1972,validation_006,1,5,603649955,11,,
53,10.600000000000001,B,mainline,False,True,260.90000000000066,0.0,0,maintain,0.0,0.0,216.2600000000012,12.200000000000195,2,0,active-inactive,0.08059364557266235,0.13487720489501953,-0.003826308995485306,1,0.13487720489501953,0.08059364557266235,0.05428355932235718,0.13870351389050484,"[true, true, true]",False,False,False,67001,0,0843ed3f032eeea0612c508f007d708852bd5b1fffa62c033181097389bc1972,validation_006,1,5,603649955,11,,
54,10.8,A,ramp,True,False,218.64000000000124,11.600000000000193,2,decelerate,-3.0,-3.000000000000007,260.90000000000066,0.0,2,0,active-inactive,-0.2193232923746109,0.03780645877122879,0.06517358869314194,2,0.06517358869314194,0.03780645877122879,0.027367129921913147,0.28449688106775284,"[true, true, true]",False,False,False,67001,0,0843ed3f032eeea0612c508f007d708852bd5b1fffa62c033181097389bc1972,validation_006,1,5,603649955,11,,
54,10.8,B,mainline,False,True,260.90000000000066,0.0,0,maintain,0.0,0.0,218.64000000000124,11.600000000000193,2,0,active-inactive,0.0821133553981781,0.13447034358978271,-0.0023906640708446503,1,0.13447034358978271,0.0821133553981781,0.052356988191604614,0.13686100766062737,"[true, true, true]",False,False,False,67001,0,0843ed3f032eeea0612c508f007d708852bd5b1fffa62c033181097389bc1972,validation_006,1,5,603649955,11,,
55,11.0,A,ramp,True,False,220.90000000000128,11.000000000000192,2,decelerate,-3.0,-3.000000000000007,260.90000000000066,0.0,2,0,active-inactive,-0.21868126094341278,0.03864772990345955,0.06465373188257217,2,0.06465373188257217,0.03864772990345955,0.026006001979112625,0.28333499282598495,"[true, true, true]",False,False,False,67001,0,0843ed3f032eeea0612c508f007d708852bd5b1fffa62c033181097389bc1972,validation_006,1,5,603649955,11,,
55,11.0,B,mainline,False,True,260.90000000000066,0.0,0,maintain,0.0,0.0,220.90000000000128,11.000000000000192,2,0,active-inactive,0.08352480828762054,0.1339864432811737,-0.000981554388999939,1,0.1339864432811737,0.08352480828762054,0.05046163499355316,0.13496799767017365,"[true, true, true]",False,False,False,67001,0,0843ed3f032eeea0612c508f007d708852bd5b1fffa62c033181097389bc1972,validation_006,1,5,603649955,11,,
56,11.200000000000001,A,ramp,True,False,223.04000000000133,10.40000000000019,2,decelerate,-3.0,-3.000000000000007,260.90000000000066,0.0,2,0,active-inactive,-0.21799336373806,0.03946515545248985,0.06411568075418472,2,0.06411568075418472,0.03946515545248985,0.02465052530169487,0.2821090444922447,"[true, true, true]",False,False,False,67001,0,0843ed3f032eeea0612c508f007d708852bd5b1fffa62c033181097389bc1972,validation_006,1,5,603649955,11,,
56,11.200000000000001,B,mainline,False,True,260.90000000000066,0.0,0,maintain,0.0,0.0,223.04000000000133,10.40000000000019,2,0,active-inactive,0.08492346107959747,0.13316287100315094,0.00015229545533657074,1,0.13316287100315094,0.08492346107959747,0.04823940992355347,0.13301057554781437,"[true, true, true]",False,False,False,67001,0,0843ed3f032eeea0612c508f007d708852bd5b1fffa62c033181097389bc1972,validation_006,1,5,603649955,11,,
57,11.4,A,ramp,True,False,225.06000000000137,9.800000000000189,2,decelerate,-3.0,-3.000000000000007,260.90000000000066,0.0,2,0,active-inactive,-0.2172628492116928,0.04025893658399582,0.06356181204319,2,0.06356181204319,0.04025893658399582,0.023302875459194183,0.2808246612548828,"[true, true, true]",False,False,False,67001,0,0843ed3f032eeea0612c508f007d708852bd5b1fffa62c033181097389bc1972,validation_006,1,5,603649955,11,,
57,11.4,B,mainline,False,True,260.90000000000066,0.0,0,maintain,0.0,0.0,225.06000000000137,9.800000000000189,2,0,active-inactive,0.0862850546836853,0.13235361874103546,0.0012796372175216675,1,0.13235361874103546,0.0862850546836853,0.04606856405735016,0.1310739815235138,"[true, true, true]",False,False,False,67001,0,0843ed3f032eeea0612c508f007d708852bd5b1fffa62c033181097389bc1972,validation_006,1,5,603649955,11,,
58,11.600000000000001,A,ramp,True,False,226.9600000000014,9.200000000000188,2,decelerate,-3.0,-3.000000000000007,260.90000000000066,0.0,2,0,active-inactive,-0.21649274230003357,0.04102923721075058,0.06299436092376709,2,0.06299436092376709,0.04102923721075058,0.02196512371301651,0.27948710322380066,"[true, true, true]",False,False,False,67001,0,0843ed3f032eeea0612c508f007d708852bd5b1fffa62c033181097389bc1972,validation_006,1,5,603649955,11,,
58,11.600000000000001,B,mainline,False,True,260.90000000000066,0.0,0,maintain,0.0,0.0,226.9600000000014,9.200000000000188,2,0,active-inactive,0.08742804825305939,0.13161203265190125,0.0024982579052448273,1,0.13161203265190125,0.08742804825305939,0.04418398439884186,0.12911377474665642,"[true, true, true]",False,False,False,67001,0,0843ed3f032eeea0612c508f007d708852bd5b1fffa62c033181097389bc1972,validation_006,1,5,603649955,11,,
59,11.8,A,ramp,True,False,228.74000000000143,8.600000000000186,2,decelerate,-3.0,-3.000000000000007,260.90000000000066,0.0,2,0,active-inactive,-0.21568574011325836,0.04177628085017204,0.0624154657125473,2,0.0624154657125473,0.04177628085017204,0.02063918486237526,0.27810120582580566,"[true, true, true]",False,False,False,67001,0,0843ed3f032eeea0612c508f007d708852bd5b1fffa62c033181097389bc1972,validation_006,1,5,603649955,11,,
59,11.8,B,mainline,False,True,260.90000000000066,0.0,0,maintain,0.0,0.0,228.74000000000143,8.600000000000186,2,0,active-inactive,0.08835988491773605,0.13093653321266174,0.003804147243499756,1,0.13093653321266174,0.08835988491773605,0.04257664829492569,0.127132385969162,"[true, true, true]",False,False,False,67001,0,0843ed3f032eeea0612c508f007d708852bd5b1fffa62c033181097389bc1972,validation_006,1,5,603649955,11,,
60,12.0,A,ramp,True,False,230.40000000000146,8.000000000000185,2,decelerate,-3.0,-3.000000000000007,260.90000000000066,0.0,2,0,active-inactive,-0.21488982439041138,0.042550332844257355,0.06175026670098305,2,0.06175026670098305,0.042550332844257355,0.019199933856725693,0.2766400910913944,"[true, true, true]",False,False,False,67001,0,0843ed3f032eeea0612c508f007d708852bd5b1fffa62c033181097389bc1972,validation_006,1,5,603649955,11,,
60,12.0,B,mainline,False,True,260.90000000000066,0.0,0,maintain,0.0,0.0,230.40000000000146,8.000000000000185,2,0,active-inactive,0.08927524089813232,0.13027115166187286,0.00509231723845005,1,0.13027115166187286,0.08927524089813232,0.04099591076374054,0.1251788344234228,"[true, true, true]",False,False,False,67001,0,0843ed3f032eeea0612c508f007d708852bd5b1fffa62c033181097389bc1972,validation_006,1,5,603649955,11,,
61,12.200000000000001,A,ramp,True,False,231.9400000000015,7.400000000000183,2,decelerate,-3.0,-3.000000000000007,260.90000000000066,0.0,2,0,active-inactive,-0.21421000361442566,0.04345383495092392,0.06109127402305603,2,0.06109127402305603,0.04345383495092392,0.01763743907213211,0.2753012776374817,"[true, true, true]",False,False,False,67001,0,0843ed3f032eeea0612c508f007d708852bd5b1fffa62c033181097389bc1972,validation_006,1,5,603649955,11,,
61,12.200000000000001,B,mainline,False,True,260.90000000000066,0.0,0,maintain,0.0,0.0,231.9400000000015,7.400000000000183,2,0,active-inactive,0.09017502516508102,0.1296161264181137,0.006362235173583031,1,0.1296161264181137,0.09017502516508102,0.039441101253032684,0.12325389124453068,"[true, true, true]",False,False,False,67001,0,0843ed3f032eeea0612c508f007d708852bd5b1fffa62c033181097389bc1972,validation_006,1,5,603649955,11,,
62,12.4,A,ramp,True,False,233.36000000000155,6.800000000000182,2,decelerate,-3.0,-3.000000000000007,260.90000000000066,0.0,2,0,active-inactive,-0.2135360985994339,0.04436838626861572,0.06049778684973717,2,0.06049778684973717,0.04436838626861572,0.016129400581121445,0.27403388544917107,"[true, true, true]",False,False,False,67001,0,0843ed3f032eeea0612c508f007d708852bd5b1fffa62c033181097389bc1972,validation_006,1,5,603649955,11,,
62,12.4,B,mainline,False,True,260.90000000000066,0.0,0,maintain,0.0,0.0,233.36000000000155,6.800000000000182,2,0,active-inactive,0.09113535284996033,0.12898977100849152,0.00744226947426796,1,0.12898977100849152,0.09113535284996033,0.03785441815853119,0.12154750153422356,"[true, true, true]",False,False,False,67001,0,0843ed3f032eeea0612c508f007d708852bd5b1fffa62c033181097389bc1972,validation_006,1,5,603649955,11,,
63,12.600000000000001,A,ramp,True,False,234.6600000000016,6.2000000000001805,2,decelerate,-3.0,-3.000000000000007,260.90000000000066,0.0,2,0,active-inactive,-0.2128431797027588,0.04526974633336067,0.0598878338932991,2,0.0598878338932991,0.04526974633336067,0.01461808755993843,0.2727310135960579,"[true, true, true]",False,False,False,67001,0,0843ed3f032eeea0612c508f007d708852bd5b1fffa62c033181097389bc1972,validation_006,1,5,603649955,11,,
63,12.600000000000001,B,mainline,False,True,260.90000000000066,0.0,0,maintain,0.0,0.0,234.6600000000016,6.2000000000001805,2,0,active-inactive,0.0921824648976326,0.12850669026374817,0.007907688617706299,1,0.12850669026374817,0.0921824648976326,0.03632422536611557,0.12059900164604187,"[true, true, true]",False,False,False,67001,0,0843ed3f032eeea0612c508f007d708852bd5b1fffa62c033181097389bc1972,validation_006,1,5,603649955,11,,
64,12.8,A,ramp,True,False,235.84000000000162,5.600000000000179,2,decelerate,-3.0,-3.000000000000007,260.90000000000066,0.0,2,0,active-inactive,-0.21203771233558655,0.046137645840644836,0.05921757593750954,2,0.05921757593750954,0.046137645840644836,0.0130799300968647,0.2712552882730961,"[true, true, true]",False,False,False,67001,0,0843ed3f032eeea0612c508f007d708852bd5b1fffa62c033181097389bc1972,validation_006,1,5,603649955,11,,
64,12.8,B,mainline,False,True,260.90000000000066,0.0,0,maintain,0.0,0.0,235.84000000000162,5.600000000000179,2,0,active-inactive,0.09322173148393631,0.12810969352722168,0.008591894060373306,1,0.12810969352722168,0.09322173148393631,0.03488796204328537,0.11951779946684837,"[true, true, true]",False,False,False,67001,0,0843ed3f032eeea0612c508f007d708852bd5b1fffa62c033181097389bc1972,validation_006,1,5,603649955,11,,
65,13.0,A,ramp,True,False,236.90000000000165,5.000000000000178,2,decelerate,-3.0,-3.000000000000007,260.90000000000066,0.0,2,0,active-inactive,-0.21099388599395752,0.047025106847286224,0.05844800919294357,2,0.05844800919294357,0.047025106847286224,0.011422902345657349,0.2694418951869011,"[true, true, true]",False,False,False,67001,0,0843ed3f032eeea0612c508f007d708852bd5b1fffa62c033181097389bc1972,validation_006,1,5,603649955,11,,
65,13.0,B,mainline,False,True,260.90000000000066,0.0,0,maintain,0.0,0.0,236.90000000000165,5.000000000000178,2,0,active-inactive,0.09366129338741302,0.12739311158657074,0.00934254378080368,1,0.12739311158657074,0.09366129338741302,0.033731818199157715,0.11805056780576706,"[true, true, true]",False,False,False,67001,0,0843ed3f032eeea0612c508f007d708852bd5b1fffa62c033181097389bc1972,validation_006,1,5,603649955,11,,
66,13.200000000000001,A,ramp,True,False,237.84000000000168,4.400000000000176,2,decelerate,-3.0,-2.9999999999999982,260.90000000000066,0.0,2,0,active-inactive,-0.20994454622268677,0.04788228124380112,0.05766644701361656,2,0.05766644701361656,0.04788228124380112,0.009784165769815445,0.26761099323630333,"[true, true, true]",False,False,False,67001,0,0843ed3f032eeea0612c508f007d708852bd5b1fffa62c033181097389bc1972,validation_006,1,5,603649955,11,,
66,13.200000000000001,B,mainline,False,True,260.90000000000066,0.0,0,maintain,0.0,0.0,237.84000000000168,4.400000000000176,2,0,active-inactive,0.0938248485326767,0.1265282928943634,0.01008184626698494,1,0.1265282928943634,0.0938248485326767,0.03270344436168671,0.11644644662737846,"[true, true, true]",False,False,False,67001,0,0843ed3f032eeea0612c508f007d708852bd5b1fffa62c033181097389bc1972,validation_006,1,5,603649955,11,,
67,13.4,A,ramp,True,False,238.66000000000173,3.8000000000001757,2,decelerate,-3.0,-2.9999999999999982,260.90000000000066,0.0,2,0,active-inactive,-0.20889082551002502,0.048709165304899216,0.056874342262744904,2,0.056874342262744904,0.048709165304899216,0.008165176957845688,0.26576516777276993,"[true, true, true]",False,False,False,67001,0,0843ed3f032eeea0612c508f007d708852bd5b1fffa62c033181097389bc1972,validation_006,1,5,603649955,11,,
67,13.4,B,mainline,False,True,260.90000000000066,0.0,0,maintain,0.0,0.0,238.66000000000173,3.8000000000001757,2,0,active-inactive,0.09396820515394211,0.12566938996315002,0.010807476937770844,1,0.12566938996315002,0.09396820515394211,0.031701184809207916,0.11486191302537918,"[true, true, true]",False,False,False,67001,0,0843ed3f032eeea0612c508f007d708852bd5b1fffa62c033181097389bc1972,validation_006,1,5,603649955,11,,
68,13.600000000000001,A,ramp,True,False,239.36000000000178,3.200000000000176,2,decelerate,-3.0,-2.9999999999999982,260.90000000000066,0.0,2,0,active-inactive,-0.2078338861465454,0.04950578510761261,0.05607299506664276,2,0.05607299506664276,0.04950578510761261,0.006567209959030151,0.26390688121318817,"[true, true, true]",False,False,False,67001,0,0843ed3f032eeea0612c508f007d708852bd5b1fffa62c033181097389bc1972,validation_006,1,5,603649955,11,,
68,13.600000000000001,B,mainline,False,True,260.90000000000066,0.0,0,maintain,0.0,0.0,239.36000000000178,3.200000000000176,2,0,active-inactive,0.09408853203058243,0.12482035160064697,0.011533234268426895,1,0.12482035160064697,0.09408853203058243,0.030731819570064545,0.11328711733222008,"[true, true, true]",False,False,False,67001,0,0843ed3f032eeea0612c508f007d708852bd5b1fffa62c033181097389bc1972,validation_006,1,5,603649955,11,,
69,13.8,A,ramp,True,False,239.94000000000182,2.6000000000001764,2,decelerate,-3.0,-2.9999999999999982,260.90000000000066,0.0,2,0,active-inactive,-0.2067747414112091,0.0502721443772316,0.055263716727495193,2,0.055263716727495193,0.0502721443772316,0.004991572350263596,0.2620384581387043,"[true, true, true]",False,False,False,67001,0,0843ed3f032eeea0612c508f007d708852bd5b1fffa62c033181097389bc1972,validation_006,1,5,603649955,11,,
69,13.8,B,mainline,False,True,260.90000000000066,0.0,0,maintain,0.0,0.0,239.94000000000182,2.6000000000001764,2,0,active-inactive,0.09420901536941528,0.12397701293230057,0.012265436351299286,1,0.12397701293230057,0.09420901536941528,0.029767997562885284,0.11171157658100128,"[true, true, true]",False,False,False,67001,0,0843ed3f032eeea0612c508f007d708852bd5b1fffa62c033181097389bc1972,validation_006,1,5,603649955,11,,
70,14.0,A,ramp,True,False,240.40000000000185,2.0000000000001767,2,decelerate,-3.0,-2.9999999999999982,260.90000000000066,0.0,2,0,active-inactive,-0.20572280883789062,0.05101114138960838,0.05445767566561699,2,0.05445767566561699,0.05101114138960838,0.003446534276008606,0.2601804845035076,"[true, true, true]",False,False,False,67001,0,0843ed3f032eeea0612c508f007d708852bd5b1fffa62c033181097389bc1972,validation_006,1,5,603649955,11,,
70,14.0,B,mainline,False,True,260.90000000000066,0.0,0,maintain,0.0,0.0,240.40000000000185,2.0000000000001767,2,0,active-inactive,0.09438033401966095,0.12290511280298233,0.012975074350833893,1,0.12290511280298233,0.09438033401966095,0.02852477878332138,0.10993003845214844,"[true, true, true]",False,False,False,67001,0,0843ed3f032eeea0612c508f007d708852bd5b1fffa62c033181097389bc1972,validation_006,1,5,603649955,11,,
71,14.200000000000001,A,ramp,True,False,240.74000000000188,1.400000000000177,2,decelerate,-3.0,-3.0000000000000004,260.90000000000066,0.0,2,0,active-inactive,-0.20482300221920013,0.05177316442131996,0.05382819473743439,2,0.05382819473743439,0.05177316442131996,0.0020550303161144257,0.2586511969566345,"[true, true, true]",False,False,False,67001,0,0843ed3f032eeea0612c508f007d708852bd5b1fffa62c033181097389bc1972,validation_006,1,5,603649955,11,,
71,14.200000000000001,B,mainline,False,True,260.90000000000066,0.0,0,maintain,0.0,0.0,240.74000000000188,1.400000000000177,2,0,active-inactive,0.09439675509929657,0.12152262032032013,0.013689108192920685,1,0.12152262032032013,0.09439675509929657,0.02712586522102356,0.10783351212739944,"[true, true, true]",False,False,False,67001,0,0843ed3f032eeea0612c508f007d708852bd5b1fffa62c033181097389bc1972,validation_006,1,5,603649955,11,,
72,14.4,A,ramp,True,False,240.9600000000019,0.8000000000001772,2,decelerate,-3.0,-3.0000000000000004,260.90000000000066,0.0,2,0,active-inactive,-0.20391800999641418,0.05250303074717522,0.053191713988780975,2,0.053191713988780975,0.05250303074717522,0.0006886832416057587,0.25710972398519516,"[true, true, true]",False,False,False,67001,0,0843ed3f032eeea0612c508f007d708852bd5b1fffa62c033181097389bc1972,validation_006,1,5,603649955,11,,
72,14.4,B,mainline,False,True,260.90000000000066,0.0,0,maintain,0.0,0.0,240.9600000000019,0.8000000000001772,2,0,active-inactive,0.09441153705120087,0.12032302469015121,0.014450691640377045,1,0.12032302469015121,0.09441153705120087,0.025911487638950348,0.10587233304977417,"[true, true, true]",False,False,False,67001,0,0843ed3f032eeea0612c508f007d708852bd5b1fffa62c033181097389bc1972,validation_006,1,5,603649955,11,,
73,14.600000000000001,A,ramp,True,False,241.06000000000193,0.20000000000017715,1,accelerate,-3.0,1.9999999999999996,260.90000000000066,0.0,1,0,active-inactive,-0.20300699770450592,0.05320011079311371,0.05254805088043213,1,0.05320011079311371,0.05254805088043213,0.0006520599126815796,0.25620710849761963,"[true, true, true]",False,False,False,67001,0,0843ed3f032eeea0612c508f007d708852bd5b1fffa62c033181097389bc1972,validation_006,1,5,603649955,11,,
73,14.600000000000001,B,mainline,False,True,260.90000000000066,0.0,0,maintain,0.0,0.0,241.06000000000193,0.20000000000017715,1,0,active-inactive,0.09458404779434204,0.11950106173753738,0.015235524624586105,1,0.11950106173753738,0.09458404779434204,0.024917013943195343,0.10426553711295128,"[true, true, true]",False,False,False,67001,0,0843ed3f032eeea0612c508f007d708852bd5b1fffa62c033181097389bc1972,validation_006,1,5,603649955,11,,
74,14.8,A,ramp,True,False,241.14000000000198,0.6000000000001771,1,accelerate,2.0,1.9999999999999996,260.90000000000066,0.0,1,0,active-inactive,-0.2025887370109558,0.052697475999593735,0.05159202590584755,1,0.052697475999593735,0.05159202590584755,0.0011054500937461853,0.25528621301054955,"[true, true, true]",False,False,False,67001,0,0843ed3f032eeea0612c508f007d708852bd5b1fffa62c033181097389bc1972,validation_006,1,5,603649955,11,,
74,14.8,B,mainline,False,True,260.90000000000066,0.0,0,maintain,0.0,0.0,241.14000000000198,0.6000000000001771,1,0,active-inactive,0.09370703995227814,0.12006507068872452,0.01515108346939087,1,0.12006507068872452,0.09370703995227814,0.02635803073644638,0.10491398721933365,"[true, true, true]",False,False,False,67001,0,0843ed3f032eeea0612c508f007d708852bd5b1fffa62c033181097389bc1972,validation_006,1,5,603649955,11,,
75,15.0,A,ramp,True,False,241.30000000000203,1.000000000000177,1,accelerate,2.0,2.0000000000000018,260.90000000000066,0.0,1,0,active-inactive,-0.20227232575416565,0.052200473845005035,0.05077994242310524,1,0.052200473845005035,0.05077994242310524,0.0014205314218997955,0.2544727995991707,"[true, true, true]",False,False,False,67001,0,0843ed3f032eeea0612c508f007d708852bd5b1fffa62c033181097389bc1972,validation_006,1,5,603649955,11,,
75,15.0,B,mainline,False,True,260.90000000000066,0.0,0,maintain,0.0,0.0,241.30000000000203,1.000000000000177,1,0,active-inactive,0.09267781674861908,0.12083695828914642,0.015063382685184479,1,0.12083695828914642,0.09267781674861908,0.028159141540527344,0.10577357560396194,"[true, true, true]",False,False,False,67001,0,0843ed3f032eeea0612c508f007d708852bd5b1fffa62c033181097389bc1972,validation_006,1,5,603649955,11,,
76,15.200000000000001,A,ramp,True,False,241.54000000000204,1.4000000000001773,1,accelerate,2.0,2.0000000000000018,260.90000000000066,0.0,1,0,active-inactive,-0.20205320417881012,0.05172509700059891,0.05009516701102257,1,0.05172509700059891,0.05009516701102257,0.0016299299895763397,0.253778301179409,"[true, true, true]",False,False,False,67001,0,0843ed3f032eeea0612c508f007d708852bd5b1fffa62c033181097389bc1972,validation_006,1,5,603649955,11,,
76,15.200000000000001,B,mainline,False,True,260.90000000000066,0.0,0,maintain,0.0,0.0,241.54000000000204,1.4000000000001773,1,0,active-inactive,0.09159958362579346,0.12172093987464905,0.014971956610679626,1,0.12172093987464905,0.09159958362579346,0.03012135624885559,0.10674898326396942,"[true, true, true]",False,False,False,67001,0,0843ed3f032eeea0612c508f007d708852bd5b1fffa62c033181097389bc1972,validation_006,1,5,603649955,11,,
77,15.4,A,ramp,True,False,241.8600000000021,1.8000000000001777,1,accelerate,2.0,2.0000000000000018,260.90000000000066,0.0,1,0,active-inactive,-0.20191168785095215,0.051271114498376846,0.04951042681932449,1,0.051271114498376846,0.04951042681932449,0.001760687679052353,0.253182802349329,"[true, true, true]",False,False,False,67001,0,0843ed3f032eeea0612c508f007d708852bd5b1fffa62c033181097389bc1972,validation_006,1,5,603649955,11,,
77,15.4,B,mainline,False,True,260.90000000000066,0.0,0,maintain,0.0,0.0,241.8600000000021,1.8000000000001777,1,0,active-inactive,0.09084348380565643,0.1224377304315567,0.014858659356832504,1,0.1224377304315567,0.09084348380565643,0.03159424662590027,0.1075790710747242,"[true, true, true]",False,False,False,67001,0,0843ed3f032eeea0612c508f007d708852bd5b1fffa62c033181097389bc1972,validation_006,1,5,603649955,11,,
78,15.600000000000001,A,ramp,True,False,242.26000000000212,2.200000000000178,1,accelerate,2.0,2.0000000000000018,260.90000000000066,0.0,1,0,active-inactive,-0.20183493196964264,0.05083803832530975,0.0490078404545784,1,0.05083803832530975,0.0490078404545784,0.0018301978707313538,0.2526729702949524,"[true, true, true]",False,False,False,67001,0,0843ed3f032eeea0612c508f007d708852bd5b1fffa62c033181097389bc1972,validation_006,1,5,603649955,11,,
78,15.600000000000001,B,mainline,False,True,260.90000000000066,0.0,0,maintain,0.0,0.0,242.26000000000212,2.200000000000178,1,0,active-inactive,0.09027042984962463,0.12302730232477188,0.014661837369203568,1,0.12302730232477188,0.09027042984962463,0.03275687247514725,0.10836546495556831,"[true, true, true]",False,False,False,67001,0,0843ed3f032eeea0612c508f007d708852bd5b1fffa62c033181097389bc1972,validation_006,1,5,603649955,11,,
79,15.8,A,ramp,True,False,242.74000000000214,2.600000000000178,1,accelerate,2.0,2.0000000000000018,260.90000000000066,0.0,1,0,active-inactive,-0.20186522603034973,0.05044325813651085,0.048636339604854584,1,0.05044325813651085,0.048636339604854584,0.0018069185316562653,0.2523084841668606,"[true, true, true]",False,False,False,67001,0,0843ed3f032eeea0612c508f007d708852bd5b1fffa62c033181097389bc1972,validation_006,1,5,603649955,11,,
79,15.8,B,mainline,False,True,260.90000000000066,0.0,0,maintain,0.0,0.0,242.74000000000214,2.600000000000178,1,0,active-inactive,0.08978401869535446,0.12357540428638458,0.01442907378077507,1,0.12357540428638458,0.08978401869535446,0.03379138559103012,0.10914633050560951,"[true, true, true]",False,False,False,67001,0,0843ed3f032eeea0612c508f007d708852bd5b1fffa62c033181097389bc1972,validation_006,1,5,603649955,11,,
80,16.0,A,ramp,True,False,243.3000000000022,3.0000000000001785,1,accelerate,2.0,2.0000000000000018,260.90000000000066,0.0,1,0,active-inactive,-0.20199990272521973,0.05008761212229729,0.048391565680503845,1,0.05008761212229729,0.048391565680503845,0.0016960464417934418,0.252087514847517,"[true, true, true]",False,False,False,67001,0,0843ed3f032eeea0612c508f007d708852bd5b1fffa62c033181097389bc1972,validation_006,1,5,603649955,11,,
80,16.0,B,mainline,False,True,260.90000000000066,0.0,0,maintain,0.0,0.0,243.3000000000022,3.0000000000001785,1,0,active-inactive,0.08933782577514648,0.12405823916196823,0.01416708156466484,1,0.12405823916196823,0.08933782577514648,0.03472041338682175,0.10989115759730339,"[true, true, true]",False,False,False,67001,0,0843ed3f032eeea0612c508f007d708852bd5b1fffa62c033181097389bc1972,validation_006,1,5,603649955,11,,
81,16.2,A,ramp,True,False,243.94000000000224,3.400000000000179,1,accelerate,2.0,2.0000000000000018,260.90000000000066,0.0,1,0,active-inactive,-0.20218153297901154,0.04975229129195213,0.04820384830236435,1,0.04975229129195213,0.04820384830236435,0.0015484429895877838,0.25193382427096367,"[true, true, true]",False,False,False,67001,0,0843ed3f032eeea0612c508f007d708852bd5b1fffa62c033181097389bc1972,validation_006,1,5,603649955,11,,
81,16.2,B,mainline,False,True,260.90000000000066,0.0,0,maintain,0.0,0.0,243.94000000000224,3.400000000000179,1,0,active-inactive,0.08896354585886002,0.12443473935127258,0.013845853507518768,1,0.12443473935127258,0.08896354585886002,0.03547119349241257,0.11058888584375381,"[true, true, true]",False,False,False,67001,0,0843ed3f032eeea0612c508f007d708852bd5b1fffa62c033181097389bc1972,validation_006,1,5,603649955,11,,
82,16.400000000000002,A,ramp,True,False,244.66000000000227,3.8000000000001792,1,accelerate,2.0,1.999999999999993,260.90000000000066,0.0,1,0,active-inactive,-0.20240522921085358,0.04943665862083435,0.048066575080156326,1,0.04943665862083435,0.048066575080156326,0.0013700835406780243,0.2518418878316879,"[true, true, true]",False,False,False,67001,0,0843ed3f032eeea0612c508f007d708852bd5b1fffa62c033181097389bc1972,validation_006,1,5,603649955,11,,
82,16.400000000000002,B,mainline,False,True,260.90000000000066,0.0,0,maintain,0.0,0.0,244.66000000000227,3.8000000000001792,1,0,active-inactive,0.08844872564077377,0.12491902709007263,0.013247787952423096,1,0.12491902709007263,0.08844872564077377,0.03647030144929886,0.11167123913764954,"[true, true, true]",False,False,False,67001,0,0843ed3f032eeea0612c508f007d708852bd5b1fffa62c033181097389bc1972,validation_006,1,5,603649955,11,,
83,16.6,A,ramp,True,False,245.4600000000023,4.200000000000179,1,accelerate,2.0,1.999999999999993,260.90000000000066,0.0,1,0,active-inactive,-0.20266661047935486,0.049140188843011856,0.04797372221946716,1,0.049140188843011856,0.04797372221946716,0.001166466623544693,0.2518067993223667,"[true, true, true]",False,False,False,67001,0,0843ed3f032eeea0612c508f007d708852bd5b1fffa62c033181097389bc1972,validation_006,1,5,603649955,11,,
83,16.6,B,mainline,False,True,260.90000000000066,0.0,0,maintain,0.0,0.0,245.4600000000023,4.200000000000179,1,0,active-inactive,0.08787539601325989,0.12552498281002045,0.012761931866407394,1,0.12552498281002045,0.08787539601325989,0.03764958679676056,0.11276305094361305,"[true, true, true]",False,False,False,67001,0,0843ed3f032eeea0612c508f007d708852bd5b1fffa62c033181097389bc1972,validation_006,1,5,603649955,11,,
84,16.8,A,ramp,True,False,246.34000000000233,4.600000000000177,1,accelerate,2.0,1.999999999999993,260.90000000000066,0.0,1,0,active-inactive,-0.2029614895582199,0.04886240512132645,0.04791967198252678,1,0.04886240512132645,0.04791967198252678,0.0009427331387996674,0.25182389467954636,"[true, true, true]",False,False,False,67001,0,0843ed3f032eeea0612c508f007d708852bd5b1fffa62c033181097389bc1972,validation_006,1,5,603649955,11,,
84,16.8,B,mainline,False,True,260.90000000000066,0.0,0,maintain,0.0,0.0,246.34000000000233,4.600000000000177,1,0,active-inactive,0.08731086552143097,0.12616851925849915,0.012315168976783752,1,0.12616851925849915,0.08731086552143097,0.038857653737068176,0.1138533502817154,"[true, true, true]",False,False,False,67001,0,0843ed3f032eeea0612c508f007d708852bd5b1fffa62c033181097389bc1972,validation_006,1,5,603649955,11,,
85,17.0,A,ramp,True,False,247.30000000000237,5.000000000000176,1,accelerate,2.0,1.999999999999993,260.90000000000066,0.0,1,0,active-inactive,-0.20328602194786072,0.0486028827726841,0.04789905995130539,1,0.0486028827726841,0.04789905995130539,0.0007038228213787079,0.2518889047205448,"[true, true, true]",False,False,False,67001,0,0843ed3f032eeea0612c508f007d708852bd5b1fffa62c033181097389bc1972,validation_006,1,5,603649955,11,,
85,17.0,B,mainline,False,True,260.90000000000066,0.0,0,maintain,0.0,0.0,247.30000000000237,5.000000000000176,1,0,active-inactive,0.08678017556667328,0.1268153190612793,0.011877881363034248,1,0.1268153190612793,0.08678017556667328,0.04003514349460602,0.11493743769824505,"[true, true, true]",False,False,False,67001,0,0843ed3f032eeea0612c508f007d708852bd5b1fffa62c033181097389bc1972,validation_006,1,5,603649955,11,,
86,17.2,A,ramp,True,False,248.34000000000242,5.400000000000174,1,accelerate,2.0,1.999999999999993,260.90000000000066,0.0,1,0,active-inactive,-0.20376549661159515,0.048325181007385254,0.047865141183137894,1,0.048325181007385254,0.047865141183137894,0.00046003982424736023,0.2520906776189804,"[true, true, true]",False,False,False,67001,0,0843ed3f032eeea0612c508f007d708852bd5b1fffa62c033181097389bc1972,validation_006,1,5,603649955,11,,
86,17.2,B,mainline,False,True,260.90000000000066,0.0,0,maintain,0.0,0.0,248.34000000000242,5.400000000000174,1,0,active-inactive,0.08627937734127045,0.12746529281139374,0.011450298130512238,1,0.12746529281139374,0.08627937734127045,0.04118591547012329,0.1160149946808815,"[true, true, true]",False,False,False,67001,0,0843ed3f032eeea0612c508f007d708852bd5b1fffa62c033181097389bc1972,validation_006,1,5,603649955,11,,
87,17.400000000000002,A,ramp,True,False,249.46000000000245,5.800000000000173,1,accelerate,2.0,1.999999999999993,260.90000000000066,0.0,1,0,active-inactive,-0.20437481999397278,0.04803506284952164,0.047820303589105606,1,0.04803506284952164,0.047820303589105606,0.00021475926041603088,0.2524098828434944,"[true, true, true]",False,False,False,67001,0,0843ed3f032eeea0612c508f007d708852bd5b1fffa62c033181097389bc1972,validation_006,1,5,603649955,11,,
87,17.400000000000002,B,mainline,False,True,260.90000000000066,0.0,0,maintain,0.0,0.0,249.46000000000245,5.800000000000173,1,0,active-inactive,0.08580488711595535,0.1281183958053589,0.011032551527023315,1,0.1281183958053589,0.08580488711595535,0.042313508689403534,0.11708584427833557,"[true, true, true]",False,False,False,67001,0,0843ed3f032eeea0612c508f007d708852bd5b1fffa62c033181097389bc1972,validation_006,1,5,603649955,11,,
88,17.6,A,ramp,True,False,250.6600000000025,6.200000000000172,2,decelerate,2.0,-3.000000000000007,260.90000000000066,0.0,2,0,active-inactive,-0.2050197869539261,0.04775772988796234,0.04778972268104553,2,0.04778972268104553,0.04775772988796234,3.199279308319092e-05,0.2528095096349716,"[true, true, true]",False,False,False,67001,0,0843ed3f032eeea0612c508f007d708852bd5b1fffa62c033181097389bc1972,validation_006,1,5,603649955,11,,
88,17.6,B,mainline,False,True,260.90000000000066,0.0,0,maintain,0.0,0.0,250.6600000000025,6.200000000000172,2,0,active-inactive,0.08535338938236237,0.1287745237350464,0.010624853894114494,1,0.1287745237350464,0.08535338938236237,0.04342113435268402,0.11814966984093189,"[true, true, true]",False,False,False,67001,0,0843ed3f032eeea0612c508f007d708852bd5b1fffa62c033181097389bc1972,validation_006,1,5,603649955,11,,
89,17.8,A,ramp,True,False,251.84000000000253,5.60000000000017,1,accelerate,-3.0,1.999999999999993,260.90000000000066,0.0,1,0,active-inactive,-0.20511680841445923,0.04855475574731827,0.04783592000603676,1,0.04855475574731827,0.04783592000603676,0.0007188357412815094,0.2536715641617775,"[true, true, true]",False,False,False,67001,0,0843ed3f032eeea0612c508f007d708852bd5b1fffa62c033181097389bc1972,validation_006,1,5,603649955,11,,
89,17.8,B,mainline,False,True,260.90000000000066,0.0,0,maintain,0.0,0.0,251.84000000000253,5.60000000000017,1,0,active-inactive,0.08646547794342041,0.12790796160697937,0.01164114847779274,1,0.12790796160697937,0.08646547794342041,0.04144248366355896,0.11626681312918663,"[true, true, true]",False,False,False,67001,0,0843ed3f032eeea0612c508f007d708852bd5b1fffa62c033181097389bc1972,validation_006,1,5,603649955,11,,
90,18.0,A,ramp,True,False,253.00000000000256,6.000000000000169,1,accelerate,2.0,1.999999999999993,260.90000000000066,0.0,1,0,active-inactive,-0.20574134588241577,0.04826091602444649,0.04778275266289711,1,0.04826091602444649,0.04778275266289711,0.00047816336154937744,0.25400226190686226,"[true, true, true]",False,False,False,67001,0,0843ed3f032eeea0612c508f007d708852bd5b1fffa62c033181097389bc1972,validation_006,1,5,603649955,11,,
90,18.0,B,mainline,False,True,260.90000000000066,0.0,0,maintain,0.0,0.0,253.00000000000256,6.000000000000169,1,0,active-inactive,0.08598469942808151,0.12856517732143402,0.011231452226638794,1,0.12856517732143402,0.08598469942808151,0.04258047789335251,0.11733372509479523,"[true, true, true]",False,False,False,67001,0,0843ed3f032eeea0612c508f007d708852bd5b1fffa62c033181097389bc1972,validation_006,1,5,603649955,11,,
91,18.2,A,ramp,True,False,254.24000000000257,6.400000000000167,1,accelerate,2.0,1.999999999999993,260.90000000000066,0.0,1,0,active-inactive,-0.2063983827829361,0.04798000305891037,0.047738898545503616,1,0.04798000305891037,0.047738898545503616,0.00024110451340675354,0.25437838584184647,"[true, true, true]",False,False,False,67001,0,0843ed3f032eeea0612c508f007d708852bd5b1fffa62c033181097389bc1972,validation_006,1,5,603649955,11,,
91,18.2,B,mainline,False,True,260.90000000000066,0.0,0,maintain,0.0,0.0,254.24000000000257,6.400000000000167,1,0,active-inactive,0.0855238139629364,0.12922513484954834,0.010831762105226517,1,0.12922513484954834,0.0855238139629364,0.04370132088661194,0.11839337274432182,"[true, true, true]",False,False,False,67001,0,0843ed3f032eeea0612c508f007d708852bd5b1fffa62c033181097389bc1972,validation_006,1,5,603649955,11,,
92,18.400000000000002,A,ramp,True,False,255.56000000000262,6.800000000000166,2,decelerate,2.0,-3.000000000000007,260.90000000000066,0.0,2,0,active-inactive,-0.20696063339710236,0.04759003967046738,0.04775242134928703,2,0.04775242134928703,0.04759003967046738,0.00016238167881965637,0.2547130547463894,"[true, true, true]",False,False,False,67001,0,0843ed3f032eeea0612c508f007d708852bd5b1fffa62c033181097389bc1972,validation_006,1,5,603649955,11,,
92,18.400000000000002,B,mainline,False,True,260.90000000000066,0.0,0,maintain,0.0,0.0,255.56000000000262,6.800000000000166,2,0,active-inactive,0.08511228859424591,0.12984108924865723,0.010455181822180748,1,0.12984108924865723,0.08511228859424591,0.044728800654411316,0.11938590742647648,"[true, true, true]",False,False,False,67001,0,0843ed3f032eeea0612c508f007d708852bd5b1fffa62c033181097389bc1972,validation_006,1,5,603649955,11,,
93,18.6,A,ramp,True,False,256.8600000000027,6.2000000000001645,1,accelerate,-3.0,1.999999999999993,260.90000000000066,0.0,1,0,active-inactive,-0.20716920495033264,0.04846424236893654,0.04775957390666008,1,0.04846424236893654,0.04775957390666008,0.0007046684622764587,0.2556334473192692,"[true, true, true]",False,False,False,67001,0,0843ed3f032eeea0612c508f007d708852bd5b1fffa62c033181097389bc1972,validation_006,1,5,603649955,11,,
93,18.6,B,mainline,False,True,260.90000000000066,0.0,0,maintain,0.0,0.0,256.8600000000027,6.2000000000001645,1,0,active-inactive,0.08623084425926208,0.12897950410842896,0.011490140110254288,1,0.12897950410842896,0.08623084425926208,0.04274865984916687,0.11748936399817467,"[true, true, true]",False,False,False,67001,0,0843ed3f032eeea0612c508f007d708852bd5b1fffa62c033181097389bc1972,validation_006,1,5,603649955,11,,
94,18.8,A,ramp,True,False,258.14000000000266,6.600000000000163,1,accelerate,2.0,1.999999999999993,260.90000000000066,0.0,1,0,active-inactive,-0.20765669643878937,0.048008792102336884,0.04776390641927719,1,0.048008792102336884,0.04776390641927719,0.0002448856830596924,0.25566548854112625,"[true, true, true]",False,False,False,67001,0,0843ed3f032eeea0612c508f007d708852bd5b1fffa62c033181097389bc1972,validation_006,1,5,603649955,11,,
94,18.8,B,mainline,False,True,260.90000000000066,0.0,0,maintain,0.0,0.0,258.14000000000266,6.600000000000163,1,0,active-inactive,0.08582852780818939,0.1295320689678192,0.011129546910524368,1,0.1295320689678192,0.08582852780818939,0.04370354115962982,0.11840252205729485,"[true, true, true]",False,False,False,67001,0,0843ed3f032eeea0612c508f007d708852bd5b1fffa62c033181097389bc1972,validation_006,1,5,603649955,11,,
95,19.0,A,ramp,True,False,259.50000000000273,7.000000000000162,2,decelerate,2.0,0.0,260.90000000000066,0.0,2,0,active-inactive,-0.2081701159477234,0.04756215959787369,0.04777528718113899,2,0.04777528718113899,0.04756215959787369,0.00021312758326530457,0.2559454031288624,"[true, true, true]",False,True,False,67001,0,0843ed3f032eeea0612c508f007d708852bd5b1fffa62c033181097389bc1972,validation_006,1,5,603649955,11,,
95,19.0,B,mainline,False,True,260.90000000000066,0.0,0,maintain,0.0,0.0,259.50000000000273,7.000000000000162,2,0,active-inactive,0.0854455977678299,0.13008391857147217,0.010779961943626404,1,0.13008391857147217,0.0854455977678299,0.04463832080364227,0.11930395662784576,"[true, true, true]",False,True,False,67001,0,0843ed3f032eeea0612c508f007d708852bd5b1fffa62c033181097389bc1972,validation_006,1,5,603649955,11,,
0,0.0,A,mainline,True,False,28.0,20.0,1,accelerate,0.0,2.0000000000000284,40.4,18.0,1,1,accelerate-accelerate,-0.14170558750629425,-0.0009927302598953247,-0.05724012851715088,1,-0.0009927302598953247,-0.05724012851715088,0.056247398257255554,0.14071285724639893,"[true, true, true]",False,False,False,67001,0,0843ed3f032eeea0612c508f007d708852bd5b1fffa62c033181097389bc1972,validation_007,0,6,1118928940,12,,
0,0.0,B,ramp,True,False,40.4,18.0,1,accelerate,0.0,2.0000000000000284,28.0,20.0,1,1,accelerate-accelerate,0.008729711174964905,0.09754593670368195,-0.05047958344221115,1,0.09754593670368195,0.008729711174964905,0.08881622552871704,0.1480255201458931,"[true, true, true]",False,False,False,67001,0,0843ed3f032eeea0612c508f007d708852bd5b1fffa62c033181097389bc1972,validation_007,0,6,1118928940,12,,
1,0.2,A,mainline,True,False,32.04,20.400000000000006,1,accelerate,2.0,2.0000000000000284,44.04,18.400000000000006,1,1,accelerate-accelerate,-0.14114387333393097,-0.0017795637249946594,-0.05552315711975098,1,-0.0017795637249946594,-0.05552315711975098,0.05374359339475632,0.1393643096089363,"[true, true, true]",False,False,False,67001,0,0843ed3f032eeea0612c508f007d708852bd5b1fffa62c033181097389bc1972,validation_007,0,6,1118928940,12,,
1,0.2,B,ramp,True,False,44.04,18.400000000000006,1,accelerate,2.0,2.0000000000000284,32.04,20.400000000000006,1,1,accelerate-accelerate,0.010568447411060333,0.09873497486114502,-0.048049479722976685,1,0.09873497486114502,0.010568447411060333,0.08816652745008469,0.1467844545841217,"[true, true, true]",False,False,False,67001,0,0843ed3f032eeea0612c508f007d708852bd5b1fffa62c033181097389bc1972,validation_007,0,6,1118928940,12,,
2,0.4,A,mainline,True,False,36.160000000000004,20.80000000000001,1,accelerate,2.0,2.0000000000000284,47.76,18.80000000000001,1,1,accelerate-accelerate,-0.1407279521226883,-0.0025372356176376343,-0.05321885645389557,1,-0.0025372356176376343,-0.05321885645389557,0.050681620836257935,0.13819071650505066,"[true, true, true]",False,False,False,67001,0,0843ed3f032eeea0612c508f007d708852bd5b1fffa62c033181097389bc1972,validation_007,0,6,1118928940,12,,
2,0.4,B,ramp,True,False,47.76,18.80000000000001,1,accelerate,2.0,2.0000000000000284,36.160000000000004,20.80000000000001,1,1,accelerate-accelerate,0.012214593589305878,0.1000107079744339,-0.045429717749357224,1,0.1000107079744339,0.012214593589305878,0.08779611438512802,0.14544042572379112,"[true, true, true]",False,False,False,67001,0,0843ed3f032eeea0612c508f007d708852bd5b1fffa62c033181097389bc1972,validation_007,0,6,1118928940,12,,
3,0.6000000000000001,A,mainline,True,False,40.36000000000001,21.200000000000017,1,accelerate,2.0,2.0000000000000284,51.56,19.200000000000017,1,1,accelerate-accelerate,-0.14013469219207764,-0.0036136433482170105,-0.051035962998867035,1,-0.0036136433482170105,-0.051035962998867035,0.047422319650650024,0.13652104884386063,"[true, true, true]",False,False,False,67001,0,0843ed3f032eeea0612c508f007d708852bd5b1fffa62c033181097389bc1972,validation_007,0,6,1118928940,12,,
3,0.6000000000000001,B,ramp,True,False,51.56,19.200000000000017,1,accelerate,2.0,2.0000000000000284,40.36000000000001,21.200000000000017,1,1,accelerate-accelerate,0.01374589279294014,0.10134914517402649,-0.0426759347319603,1,0.10134914517402649,0.01374589279294014,0.08760325238108635,0.14402507990598679,"[true, true, true]",False,False,False,67001,0,0843ed3f032eeea0612c508f007d708852bd5b1fffa62c033181097389bc1972,validation_007,0,6,1118928940,12,,
4,0.8,A,mainline,True,False,44.64000000000001,21.600000000000023,1,accelerate,2.0,2.0000000000000284,55.440000000000005,19.600000000000023,1,1,accelerate-accelerate,-0.14007732272148132,-0.004646513611078262,-0.04898799955844879,1,-0.004646513611078262,-0.04898799955844879,0.04434148594737053,0.13543080911040306,"[true, true, true]",False,False,False,67001,0,0843ed3f032eeea0612c508f007d708852bd5b1fffa62c033181097389bc1972,validation_007,0,6,1118928940,12,,
4,0.8,B,ramp,True,False,55.440000000000005,19.600000000000023,1,accelerate,2.0,2.0000000000000284,44.64000000000001,21.600000000000023,1,1,accelerate-accelerate,0.015353411436080933,0.10253435373306274,-0.0396873913705349,1,0.10253435373306274,0.015353411436080933,0.08718094229698181,0.14222174510359764,"[true, true, true]",False,False,False,67001,0,0843ed3f032eeea0612c508f007d708852bd5b1fffa62c033181097389bc1972,validation_007,0,6,1118928940,12,,
5,1.0,A,mainline,True,False,49.000000000000014,22.00000000000003,1,accelerate,2.0,2.0000000000000284,59.40000000000001,20.00000000000003,1,1,accelerate-accelerate,-0.14053764939308167,-0.0058510638773441315,-0.04733571410179138,1,-0.0058510638773441315,-0.04733571410179138,0.04148465022444725,0.13468658551573753,"[true, true, true]",False,False,False,67001,0,0843ed3f032eeea0612c508f007d708852bd5b1fffa62c033181097389bc1972,validation_007,0,6,1118928940,12,,
5,1.0,B,ramp,True,False,59.40000000000001,20.00000000000003,1,accelerate,2.0,2.0000000000000284,49.000000000000014,22.00000000000003,1,1,accelerate-accelerate,0.01697118580341339,0.10370094329118729,-0.03656860068440437,1,0.10370094329118729,0.01697118580341339,0.0867297574877739,0.14026954397559166,"[true, true, true]",False,False,False,67001,0,0843ed3f032eeea0612c508f007d708852bd5b1fffa62c033181097389bc1972,validation_007,0,6,1118928940,12,,
6,1.2000000000000002,A,mainline,True,False,53.44000000000002,22.400000000000034,1,accelerate,2.0,2.0000000000000284,63.44000000000002,20.400000000000034,1,1,accelerate-accelerate,-0.1413002610206604,-0.00761447474360466,-0.04504174739122391,1,-0.00761447474360466,-0.04504174739122391,0.03742727264761925,0.13368578627705574,"[true, true, true]",False,False,False,67001,0,0843ed3f032eeea0612c508f007d708852bd5b1fffa62c033181097389bc1972,validation_007,0,6,1118928940,12,,
6,1.2000000000000002,B,ramp,True,False,63.44000000000002,20.400000000000034,1,accelerate,2.0,2.0000000000000284,53.44000000000002,22.400000000000034,1,1,accelerate-accelerate,0.018007680773735046,0.10574087500572205,-0.03410791978240013,1,0.10574087500572205,0.018007680773735046,0.087733194231987,0.13984879478812218,"[true, true, true]",False,False,False,67001,0,0843ed3f032eeea0612c508f007d708852bd5b1fffa62c033181097389bc1972,validation_007,0,6,1118928940,12,,
7,1.4000000000000001,A,mainline,True,False,57.96000000000003,22.80000000000004,1,accelerate,2.0,2.0000000000000284,67.56000000000003,20.80000000000004,1,1,accelerate-accelerate,-0.14235742390155792,-0.00939268246293068,-0.04257216304540634,1,-0.00939268246293068,-0.04257216304540634,0.03317948058247566,0.13296474143862724,"[true, true, true]",False,False,False,67001,0,0843ed3f032eeea0612c508f007d708852bd5b1fffa62c033181097389bc1972,validation_007,0,6,1118928940,12,,
7,1.4000000000000001,B,ramp,True,False,67.56000000000003,20.80000000000004,1,accelerate,2.0,2.0000000000000284,57.96000000000003,22.80000000000004,1,1,accelerate-accelerate,0.01845388486981392,0.10848724842071533,-0.03235175460577011,1,0.10848724842071533,0.01845388486981392,0.09003336355090141,0.14083900302648544,"[true, true, true]",False,False,False,67001,0,0843ed3f032eeea0612c508f007d708852bd5b1fffa62c033181097389bc1972,validation_007,0,6,1118928940,12,,
8,1.6,A,mainline,True,False,62.56000000000004,23.200000000000045,1,accelerate,2.0,2.0000000000000284,71.76000000000005,21.200000000000045,1,1,accelerate-accelerate,-0.14290185272693634,-0.01032215729355812,-0.039824336767196655,1,-0.01032215729355812,-0.039824336767196655,0.029502179473638535,0.13257969543337822,"[true, true, true]",False,False,False,67001,0,0843ed3f032eeea0612c508f007d708852bd5b1fffa62c033181097389bc1972,validation_007,0,6,1118928940,12,,
8,1.6,B,ramp,True,False,71.76000000000005,21.200000000000045,1,accelerate,2.0,2.0000000000000284,62.56000000000004,23.200000000000045,1,1,accelerate-accelerate,0.019553884863853455,0.11094789206981659,-0.030989322811365128,1,0.11094789206981659,0.019553884863853455,0.09139400720596313,0.14193721488118172,"[true, true, true]",False,False,False,67001,0,0843ed3f032eeea0612c508f007d708852bd5b1fffa62c033181097389bc1972,validation_007,0,6,1118928940,12,,
9,1.8,A,mainline,True,False,67.24000000000005,23.60000000000005,1,accelerate,2.0,2.0000000000000284,76.04000000000005,21.60000000000005,1,1,accelerate-accelerate,-0.14247694611549377,-0.011642854660749435,-0.03689280152320862,1,-0.011642854660749435,-0.03689280152320862,0.025249946862459183,0.13083409145474434,"[true, true, true]",False,False,False,67001,0,0843ed3f032eeea0612c508f007d708852bd5b1fffa62c033181097389bc1972,validation_007,0,6,1118928940,12,,
9,1.8,B,ramp,True,False,76.04000000000005,21.60000000000005,1,accelerate,2.0,2.0000000000000284,67.24000000000005,23.60000000000005,1,1,accelerate-accelerate,0.02127799391746521,0.11273237317800522,-0.02939508855342865,1,0.11273237317800522,0.02127799391746521,0.09145437926054001,0.14212746173143387,"[true, true, true]",False,False,False,67001,0,0843ed3f032eeea0612c508f007d708852bd5b1fffa62c033181097389bc1972,validation_007,0,6,1118928940,12,,
10,2.0,A,mainline,True,False,72.00000000000007,24.000000000000057,1,accelerate,2.0,2.0000000000000284,80.40000000000005,22.000000000000057,1,1,accelerate-accelerate,-0.14221423864364624,-0.01407802477478981,-0.034669890999794006,1,-0.01407802477478981,-0.034669890999794006,0.020591866225004196,0.12813621386885643,"[true, true, true]",False,False,False,67001,0,0843ed3f032eeea0612c508f007d708852bd5b1fffa62c033181097389bc1972,validation_007,0,6,1118928940,12,,
10,2.0,B,ramp,True,False,80.40000000000005,22.000000000000057,1,accelerate,2.0,2.0000000000000284,72.00000000000007,24.000000000000057,1,1,accelerate-accelerate,0.02290348708629608,0.11426880955696106,-0.027868613600730896,1,0.11426880955696106,0.02290348708629608,0.09136532247066498,0.14213742315769196,"[true, true, true]",False,False,False,67001,0,0843ed3f032eeea0612c508f007d708852bd5b1fffa62c033181097389bc1972,validation_007,0,6,1118928940,12,,
11,2.2,A,mainline,True,False,76.84000000000009,24.400000000000063,1,accelerate,2.0,2.0000000000000284,84.84000000000006,22.400000000000063,1,1,accelerate-accelerate,-0.1423621028661728,-0.017160888761281967,-0.03289700672030449,1,-0.017160888761281967,-0.03289700672030449,0.015736117959022522,0.12520121410489082,"[true, true, true]",False,False,False,67001,0,0843ed3f032eeea0612c508f007d708852bd5b1fffa62c033181097389bc1972,validation_007,0,6,1118928940,12,,
11,2.2,B,ramp,True,False,84.84000000000006,22.400000000000063,1,accelerate,2.0,2.0000000000000284,76.84000000000009,24.400000000000063,1,1,accelerate-accelerate,0.024557840079069138,0.11583453416824341,-0.026333842426538467,1,0.11583453416824341,0.024557840079069138,0.09127669408917427,0.14216837659478188,"[true, true, true]",False,False,False,67001,0,0843ed3f032eeea0612c508f007d708852bd5b1fffa62c033181097389bc1972,validation_007,0,6,1118928940,12,,
12,2.4000000000000004,A,mainline,True,False,81.76000000000009,24.800000000000068,1,accelerate,2.0,2.0000000000000284,89.36000000000007,22.800000000000068,1,1,accelerate-accelerate,-0.14222849905490875,-0.02018902078270912,-0.030705958604812622,1,-0.02018902078270912,-0.030705958604812622,0.0105169378221035,0.12203947827219963,"[true, true, true]",False,False,False,67001,0,0843ed3f032eeea0612c508f007d708852bd5b1fffa62c033181097389bc1972,validation_007,0,6,1118928940,12,,
12,2.4000000000000004,B,ramp,True,False,89.36000000000007,22.800000000000068,1,accelerate,2.0,2.0000000000000284,81.76000000000009,24.800000000000068,1,1,accelerate-accelerate,0.026134368032217026,0.115711510181427,-0.02553144469857216,1,0.115711510181427,0.026134368032217026,0.08957714214920998,0.14124295487999916,"[true, true, true]",False,False,False,67001,0,0843ed3f032eeea0612c508f007d708852bd5b1fffa62c033181097389bc1972,validation_007,0,6,1118928940,12,,
13,2.6,A,mainline,True,False,86.7600000000001,25.200000000000074,1,accelerate,2.0,2.0000000000000284,93.96000000000008,23.200000000000074,1,1,accelerate-accelerate,-0.14169973134994507,-0.022742368280887604,-0.0278245210647583,1,-0.022742368280887604,-0.0278245210647583,0.005082152783870697,0.11895736306905746,"[true, true, true]",False,False,False,67001,0,0843ed3f032eeea0612c508f007d708852bd5b1fffa62c033181097389bc1972,validation_007,0,6,1118928940,12,,
13,2.6,B,ramp,True,False,93.96000000000008,23.200000000000074,1,accelerate,2.0,2.0000000000000284,86.7600000000001,25.200000000000074,1,1,accelerate-accelerate,0.027866119518876076,0.11507119238376617,-0.025080744177103043,1,0.11507119238376617,0.027866119518876076,0.0872050728648901,0.14015193656086922,"[true, true, true]",False,False,False,67001,0,0843ed3f032eeea0612c508f007d708852bd5b1fffa62c033181097389bc1972,validation_007,0,6,1118928940,12,,
14,2.8000000000000003,A,mainline,True,False,91.84000000000012,25.60000000000008,1,accelerate,2.0,2.0000000000000284,98.6400000000001,23.60000000000008,1,1,accelerate-accelerate,-0.14074692130088806,-0.024162612855434418,-0.024372544139623642,1,-0.024162612855434418,-0.024372544139623642,0.00020993128418922424,0.11658430844545364,"[true, true, true]",False,False,False,67001,0,0843ed3f032eeea0612c508f007d708852bd5b1fffa62c033181097389bc1972,validation_007,0,6,1118928940,12,,
14,2.8000000000000003,B,ramp,True,False,98.6400000000001,23.60000000000008,1,accelerate,2.0,2.0000000000000284,91.84000000000012,25.60000000000008,1,1,accelerate-accelerate,0.029653361067175865,0.11443269997835159,-0.024657774716615677,1,0.11443269997835159,0.029653361067175865,0.08477933891117573,0.13909047469496727,"[true, true, true]",False,False,False,67001,0,0843ed3f032eeea0612c508f007d708852bd5b1fffa62c033181097389bc1972,validation_007,0,6,1118928940,12,,
15,3.0,A,mainline,True,False,97.00000000000013,26.000000000000085,2,decelerate,2.0,-2.9999999999999716,103.40000000000012,24.000000000000085,2,1,decelerate-accelerate,-0.13952524960041046,-0.025841623544692993,-0.020565882325172424,2,-0.020565882325172424,-0.025841623544692993,0.005275741219520569,0.11895936727523804,"[true, true, true]",False,False,False,67001,0,0843ed3f032eeea0612c508f007d708852bd5b1fffa62c033181097389bc1972,validation_007,0,6,1118928940,12,1.01928781615716,1.01928781615716
15,3.0,B,ramp,True,False,103.40000000000012,24.000000000000085,1,accelerate,2.0,2.0000000000000284,97.00000000000013,26.000000000000085,2,1,decelerate-accelerate,0.03161716088652611,0.11383309960365295,-0.02412889339029789,1,0.11383309960365295,0.03161716088652611,0.08221593871712685,0.13796199299395084,"[true, true, true]",False,False,False,67001,0,0843ed3f032eeea0612c508f007d708852bd5b1fffa62c033181097389bc1972,validation_007,0,6,1118928940,12,1.01928781615716,1.01928781615716
16,3.2,A,mainline,True,False,102.14000000000014,25.40000000000009,1,accelerate,-3.0,2.0000000000000284,108.24000000000014,24.40000000000009,1,1,accelerate-accelerate,-0.13793572783470154,-0.006655849516391754,-0.023088164627552032,1,-0.006655849516391754,-0.023088164627552032,0.01643231511116028,0.13127987831830978,"[true, true, true]",False,False,False,67001,0,0843ed3f032eeea0612c508f007d708852bd5b1fffa62c033181097389bc1972,validation_007,0,6,1118928940,12,0.7816835832100821,0.7816835832100821
16,3.2,B,ramp,True,False,108.24000000000014,24.40000000000009,1,accelerate,2.0,2.0000000000000284,102.14000000000014,25.40000000000009,1,1,accelerate-accelerate,0.057383306324481964,0.0877898633480072,-0.03689152002334595,1,0.0877898633480072,0.057383306324481964,0.030406557023525238,0.12468138337135315,"[true, true, true]",False,False,False,67001,0,0843ed3f032eeea0612c508f007d708852bd5b1fffa62c033181097389bc1972,validation_007,0,6,1118928940,12,0.7816835832100821,0.7816835832100821
17,3.4000000000000004,A,mainline,True,False,107.26000000000016,25.800000000000097,1,accelerate,2.0,2.0000000000000284,113.16000000000017,24.800000000000097,1,1,accelerate-accelerate,-0.13834010064601898,-0.0064122676849365234,-0.02051616832613945,1,-0.0064122676849365234,-0.02051616832613945,0.014103900641202927,0.13192783296108246,"[true, true, true]",False,False,False,67001,0,0843ed3f032eeea0612c508f007d708852bd5b1fffa62c033181097389bc1972,validation_007,0,6,1118928940,12,0.5482485369601875,0.5482485369601875
17,3.4000000000000004,B,ramp,True,False,113.16000000000017,24.800000000000097,1,accelerate,2.0,2.0000000000000284,107.26000000000016,25.800000000000097,1,1,accelerate-accelerate,0.05965674668550491,0.08667716383934021,-0.03616432845592499,1,0.08667716383934021,0.05965674668550491,0.027020417153835297,0.1228414922952652,"[true, true, true]",False,False,False,67001,0,0843ed3f032eeea0612c508f007d708852bd5b1fffa62c033181097389bc1972,validation_007,0,6,1118928940,12,0.5482485369601875,0.5482485369601875
18,3.6,A,mainline,True,False,112.46000000000018,26.200000000000102,1,accelerate,2.0,2.0000000000000284,118.1600000000002,25.200000000000102,1,1,accelerate-accelerate,-0.1393902450799942,-0.006678059697151184,-0.017854128032922745,1,-0.006678059697151184,-0.017854128032922745,0.01117606833577156,0.13271218538284302,"[true, true, true]",False,False,False,67001,0,0843ed3f032eeea0612c508f007d708852bd5b1fffa62c033181097389bc1972,validation_007,0,6,1118928940,12,0.325010408115773,0.325010408115773
18,3.6,B,ramp,True,False,118.1600000000002,25.200000000000102,1,accelerate,2.0,2.0000000000000284,112.46000000000018,26.200000000000102,1,1,accelerate-accelerate,0.061658669263124466,0.08564148843288422,-0.03491919860243797,1,0.08564148843288422,0.061658669263124466,0.02398281916975975,0.12056068703532219,"[true, true, true]",False,False,False,67001,0,0843ed3f032eeea0612c508f007d708852bd5b1fffa62c033181097389bc1972,validation_007,0,6,1118928940,12,0.325010408115773,0.325010408115773
19,3.8000000000000003,A,mainline,True,False,117.7400000000002,26.600000000000108,1,accelerate,2.0,2.0000000000000284,123.24000000000021,25.600000000000108,1,1,accelerate-accelerate,-0.1414468139410019,-0.007833711802959442,-0.01568344235420227,1,-0.007833711802959442,-0.01568344235420227,0.007849730551242828,0.13361310213804245,"[true, true, true]",False,False,False,67001,0,0843ed3f032eeea0612c508f007d708852bd5b1fffa62c033181097389bc1972,validation_007,0,6,1118928940,12,0.11352484902033666,0.11352484902033666
19,3.8000000000000003,B,ramp,True,False,123.24000000000021,25.600000000000108,1,accelerate,2.0,2.0000000000000284,117.7400000000002,26.600000000000108,1,1,accelerate-accelerate,0.06365206837654114,0.08460187911987305,-0.033647555857896805,1,0.08460187911987305,0.06365206837654114,0.02094981074333191,0.11824943497776985,"[true, true, true]",False,False,False,67001,0,0843ed3f032eeea0612c508f007d708852bd5b1fffa62c033181097389bc1972,validation_007,0,6,1118928940,12,0.11352484902033666,0.11352484902033666
20,4.0,A,mainline,True,False,123.10000000000022,27.000000000000114,1,accelerate,2.0,2.0000000000000284,128.40000000000023,26.000000000000114,1,1,accelerate-accelerate,-0.1441643387079239,-0.00918572023510933,-0.014124725013971329,1,-0.00918572023510933,-0.014124725013971329,0.0049390047788619995,0.13497861847281456,"[true, true, true]",True,True,False,67001,0,0843ed3f032eeea0612c508f007d708852bd5b1fffa62c033181097389bc1972,validation_007,0,6,1118928940,12,0.01123831415117138,0.01123831415117138
20,4.0,B,ramp,True,False,128.40000000000023,26.000000000000114,1,accelerate,2.0,2.0000000000000284,123.10000000000022,27.000000000000114,1,1,accelerate-accelerate,0.0656430646777153,0.08355223387479782,-0.03237905353307724,1,0.08355223387479782,0.0656430646777153,0.01790916919708252,0.11593128740787506,"[true, true, true]",True,True,False,67001,0,0843ed3f032eeea0612c508f007d708852bd5b1fffa62c033181097389bc1972,validation_007,0,6,1118928940,12,0.01123831415117138,0.01123831415117138
0,0.0,A,ramp,True,False,40.4,18.0,1,accelerate,0.0,2.0000000000000284,28.0,20.0,1,1,accelerate-accelerate,-0.1693388968706131,0.0029380396008491516,-0.016281895339488983,1,0.0029380396008491516,-0.016281895339488983,0.019219934940338135,0.17227693647146225,"[true, true, true]",False,False,False,67001,0,0843ed3f032eeea0612c508f007d708852bd5b1fffa62c033181097389bc1972,validation_007,1,6,1118928940,13,,
0,0.0,B,mainline,True,False,28.0,20.0,1,accelerate,0.0,2.0000000000000284,40.4,18.0,1,1,accelerate-accelerate,0.03889273852109909,0.13806948065757751,0.028314892202615738,1,0.13806948065757751,0.03889273852109909,0.09917674213647842,0.10975458845496178,"[true, true, true]",False,False,False,67001,0,0843ed3f032eeea0612c508f007d708852bd5b1fffa62c033181097389bc1972,validation_007,1,6,1118928940,13,,
1,0.2,A,ramp,True,False,44.04,18.400000000000006,1,accelerate,2.0,2.0000000000000284,32.04,20.400000000000006,1,1,accelerate-accelerate,-0.16925019025802612,0.0009542033076286316,-0.01641109213232994,1,0.0009542033076286316,-0.01641109213232994,0.017365295439958572,0.17020439356565475,"[true, true, true]",False,False,False,67001,0,0843ed3f032eeea0612c508f007d708852bd5b1fffa62c033181097389bc1972,validation_007,1,6,1118928940,13,,
1,0.2,B,mainline,True,False,32.04,20.400000000000006,1,accelerate,2.0,2.0000000000000284,44.04,18.400000000000006,1,1,accelerate-accelerate,0.04011758416891098,0.13850857317447662,0.02970479428768158,1,0.13850857317447662,0.04011758416891098,0.09839098900556564,0.10880377888679504,"[true, true, true]",False,False,False,67001,0,0843ed3f032eeea0612c508f007d708852bd5b1fffa62c033181097389bc1972,validation_007,1,6,1118928940,13,,
2,0.4,A,ramp,True,False,47.76,18.80000000000001,1,accelerate,2.0,2.0000000000000284,36.160000000000004,20.80000000000001,1,1,accelerate-accelerate,-0.16946586966514587,-0.0005250275135040283,-0.016160860657691956,1,-0.0005250275135040283,-0.016160860657691956,0.015635833144187927,0.16894084215164185,"[true, true, true]",False,False,False,67001,0,0843ed3f032eeea0612c508f007d708852bd5b1fffa62c033181097389bc1972,validation_007,1,6,1118928940,13,,
2,0.4,B,mainline,True,False,36.160000000000004,20.80000000000001,1,accelerate,2.0,2.0000000000000284,47.76,18.80000000000001,1,1,accelerate-accelerate,0.041496843099594116,0.13852062821388245,0.03122635930776596,1,0.13852062821388245,0.041496843099594116,0.09702378511428833,0.10729426890611649,"[true, true, true]",False,False,False,67001,0,0843ed3f032eeea0612c508f007d708852bd5b1fffa62c033181097389bc1972,validation_007,1,6,1118928940,13,,
3,0.6000000000000001,A,ramp,True,False,51.56,19.200000000000017,1,accelerate,2.0,2.0000000000000284,40.36000000000001,21.200000000000017,1,1,accelerate-accelerate,-0.1693742722272873,-0.0014234930276870728,-0.01583455130457878,1,-0.0014234930276870728,-0.01583455130457878,0.014411058276891708,0.16795077919960022,"[true, true, true]",False,False,False,67001,0,0843ed3f032eeea0612c508f007d708852bd5b1fffa62c033181097389bc1972,validation_007,1,6,1118928940,13,,
3,0.6000000000000001,B,mainline,True,False,40.36000000000001,21.200000000000017,1,accelerate,2.0,2.0000000000000284,51.56,19.200000000000017,1,1,accelerate-accelerate,0.04312906041741371,0.13899651169776917,0.033187780529260635,1,0.13899651169776917,0.04312906041741371,0.09586745128035545,0.10580873116850853,"[true, true, true]",False,False,False,67001,0,0843ed3f032eeea0612c508f007d708852bd5b1fffa62c033181097389bc1972,validation_007,1,6,1118928940,13,,
4,0.8,A,ramp,True,False,55.440000000000005,19.600000000000023,1,accelerate,2.0,2.0000000000000284,44.64000000000001,21.600000000000023,1,1,accelerate-accelerate,-0.16914182901382446,-0.002145003527402878,-0.015539050102233887,1,-0.002145003527402878,-0.015539050102233887,0.013394046574831009,0.16699682548642159,"[true, true, true]",False,False,False,67001,0,0843ed3f032eeea0612c508f007d708852bd5b1fffa62c033181097389bc1972,validation_007,1,6,1118928940,13,,
4,0.8,B,mainline,True,False,44.64000000000001,21.600000000000023,1,accelerate,2.0,2.0000000000000284,55.440000000000005,19.600000000000023,1,1,accelerate-accelerate,0.04472304880619049,0.1394590139389038,0.03532131388783455,1,0.1394590139389038,0.04472304880619049,0.09473596513271332,0.10413770005106926,"[true, true, true]",False,False,False,67001,0,0843ed3f032eeea0612c508f007d708852bd5b1fffa62c033181097389bc1972,validation_007,1,6,1118928940,13,,
5,1.0,A,ramp,True,False,59.40000000000001,20.00000000000003,1,accelerate,2.0,2.0000000000000284,49.000000000000014,22.00000000000003,1,1,accelerate-accelerate,-0.1695699244737625,-0.0031320564448833466,-0.014835059642791748,1,-0.0031320564448833466,-0.014835059642791748,0.011703003197908401,0.16643786802887917,"[true, true, true]",False,False,False,67001,0,0843ed3f032eeea0612c508f007d708852bd5b1fffa62c033181097389bc1972,validation_007,1,6,1118928940,13,,
5,1.0,B,mainline,True,False,49.000000000000014,22.00000000000003,1,accelerate,2.0,2.0000000000000284,59.40000000000001,20.00000000000003,1,1,accelerate-accelerate,0.046316906809806824,0.13991481065750122,0.03758278116583824,1,0.13991481065750122,0.046316906809806824,0.0935979038476944,0.10233202949166298,"[true, true, true]",False,False,False,67001,0,0843ed3f032eeea0612c508f007d708852bd5b1fffa62c033181097389bc1972,validation_007,1,6,1118928940,13,,
6,1.2000000000000002,A,ramp,True,False,63.44000000000002,20.400000000000034,1,accelerate,2.0,2.0000000000000284,53.44000000000002,22.400000000000034,1,1,accelerate-accelerate,-0.16929581761360168,-0.0032697319984436035,-0.013426929712295532,1,-0.0032697319984436035,-0.013426929712295532,0.010157197713851929,0.16602608561515808,"[true, true, true]",False,False,False,67001,0,0843ed3f032eeea0612c508f007d708852bd5b1fffa62c033181097389bc1972,validation_007,1,6,1118928940,13,,
6,1.2000000000000002,B,mainline,True,False,53.44000000000002,22.400000000000034,1,accelerate,2.0,2.0000000000000284,63.44000000000002,20.400000000000034,1,1,accelerate-accelerate,0.04727793484926224,0.1399787962436676,0.039703041315078735,1,0.1399787962436676,0.04727793484926224,0.09270086139440536,0.10027575492858887,"[true, true, true]",False,False,False,67001,0,0843ed3f032eeea0612c508f007d708852bd5b1fffa62c033181097389bc1972,validation_007,1,6,1118928940,13,,
7,1.4000000000000001,A,ramp,True,False,67.56000000000003,20.80000000000004,1,accelerate,2.0,2.0000000000000284,57.96000000000003,22.80000000000004,1,1,accelerate-accelerate,-0.1695292890071869,-0.0027367696166038513,-0.011778421700000763,1,-0.0027367696166038513,-0.011778421700000763,0.009041652083396912,0.16679251939058304,"[true, true, true]",False,False,False,67001,0,0843ed3f032eeea0612c508f007d708852bd5b1fffa62c033181097389bc1972,validation_007,1,6,1118928940,13,,
7,1.4000000000000001,B,mainline,True,False,57.96000000000003,22.80000000000004,1,accelerate,2.0,2.0000000000000284,67.56000000000003,20.80000000000004,1,1,accelerate-accelerate,0.04810831695795059,0.13991142809391022,0.041864823549985886,1,0.13991142809391022,0.04810831695795059,0.09180311113595963,0.09804660454392433,"[true, true, true]",False,False,False,67001,0,0843ed3f032eeea0612c508f007d708852bd5b1fffa62c033181097389bc1972,validation_007,1,6,1118928940,13,,
8,1.6,A,ramp,True,False,71.76000000000005,21.200000000000045,1,accelerate,2.0,2.0000000000000284,62.56000000000004,23.200000000000045,1,1,accelerate-accelerate,-0.16987955570220947,-0.0025796666741371155,-0.009787019342184067,1,-0.0025796666741371155,-0.009787019342184067,0.007207352668046951,0.16729988902807236,"[true, true, true]",False,False,False,67001,0,0843ed3f032eeea0612c508f007d708852bd5b1fffa62c033181097389bc1972,validation_007,1,6,1118928940,13,,
8,1.6,B,mainline,True,False,62.56000000000004,23.200000000000045,1,accelerate,2.0,2.0000000000000284,71.76000000000005,21.200000000000045,1,1,accelerate-accelerate,0.04896610602736473,0.14037883281707764,0.04426279664039612,1,0.14037883281707764,0.04896610602736473,0.0914127267897129,0.09611603617668152,"[true, true, true]",False,False,False,67001,0,0843ed3f032eeea0612c508f007d708852bd5b1fffa62c033181097389bc1972,validation_007,1,6,1118928940,13,,
9,1.8,A,ramp,True,False,76.04000000000005,21.60000000000005,1,accelerate,2.0,2.0000000000000284,67.24000000000005,23.60000000000005,1,1,accelerate-accelerate,-0.1698995977640152,-0.0029241926968097687,-0.007402658462524414,1,-0.0029241926968097687,-0.007402658462524414,0.004478465765714645,0.16697540506720543,"[true, true, true]",False,False,False,67001,0,0843ed3f032eeea0612c508f007d708852bd5b1fffa62c033181097389bc1972,validation_007,1,6,1118928940,13,,
9,1.8,B,mainline,True,False,67.24000000000005,23.60000000000005,1,accelerate,2.0,2.0000000000000284,76.04000000000005,21.60000000000005,1,1,accelerate-accelerate,0.05016753822565079,0.14121977984905243,0.046815112233161926,1,0.14121977984905243,0.05016753822565079,0.09105224162340164,0.0944046676158905,"[true, true, true]",False,False,False,67001,0,0843ed3f032eeea0612c508f007d708852bd5b1fffa62c033181097389bc1972,validation_007,1,6,1118928940,13,,
10,2.0,A,ramp,True,False,80.40000000000005,22.000000000000057,1,accelerate,2.0,2.0000000000000284,72.00000000000007,24.000000000000057,1,1,accelerate-accelerate,-0.1696215569972992,-0.0029523558914661407,-0.005116060376167297,1,-0.0029523558914661407,-0.005116060376167297,0.0021637044847011566,0.16666920110583305,"[true, true, true]",False,False,False,67001,0,0843ed3f032eeea0612c508f007d708852bd5b1fffa62c033181097389bc1972,validation_007,1,6,1118928940,13,,
10,2.0,B,mainline,True,False,72.00000000000007,24.000000000000057,1,accelerate,2.0,2.0000000000000284,80.40000000000005,22.000000000000057,1,1,accelerate-accelerate,0.051558807492256165,0.1420256495475769,0.049260810017585754,1,0.1420256495475769,0.051558807492256165,0.09046684205532074,0.09276483952999115,"[true, true, true]",False,False,False,67001,0,0843ed3f032eeea0612c508f007d708852bd5b1fffa62c033181097389bc1972,validation_007,1,6,1118928940,13,,
11,2.2,A,ramp,True,False,84.84000000000006,22.400000000000063,1,accelerate,2.0,2.0000000000000284,76.84000000000009,24.400000000000063,1,1,accelerate-accelerate,-0.16892340779304504,-0.0025241002440452576,-0.003013845533132553,1,-0.0025241002440452576,-0.003013845533132553,0.0004897452890872955,0.1663993075489998,"[true, true, true]",False,False,False,67001,0,0843ed3f032eeea0612c508f007d708852bd5b1fffa62c033181097389bc1972,validation_007,1,6,1118928940,13,,
11,2.2,B,mainline,True,False,76.84000000000009,24.400000000000063,1,accelerate,2.0,2.0000000000000284,84.84000000000006,22.400000000000063,1,1,accelerate-accelerate,0.05297233164310455,0.14286591112613678,0.051704347133636475,1,0.14286591112613678,0.05297233164310455,0.08989357948303223,0.0911615639925003,"[true, true, true]",False,False,False,67001,0,0843ed3f032eeea0612c508f007d708852bd5b1fffa62c033181097389bc1972,validation_007,1,6,1118928940,13,,
12,2.4000000000000004,A,ramp,True,False,89.36000000000007,22.800000000000068,2,decelerate,2.0,-2.9999999999999716,81.76000000000009,24.800000000000068,2,1,decelerate-accelerate,-0.1679821014404297,-0.002298641949892044,-0.001545347273349762,2,-0.001545347273349762,-0.002298641949892044,0.0007532946765422821,0.16643675416707993,"[true, true, true]",False,False,False,67001,0,0843ed3f032eeea0612c508f007d708852bd5b1fffa62c033181097389bc1972,validation_007,1,6,1118928940,13,,
12,2.4000000000000004,B,mainline,True,False,81.76000000000009,24.800000000000068,1,accelerate,2.0,2.0000000000000284,89.36000000000007,22.800000000000068,2,1,decelerate-accelerate,0.05440373346209526,0.14374233782291412,0.05418884754180908,1,0.14374233782291412,0.05440373346209526,0.08933860436081886,0.08955349028110504,"[true, true, true]",False,False,False,67001,0,0843ed3f032eeea0612c508f007d708852bd5b1fffa62c033181097389bc1972,validation_007,1,6,1118928940,13,,
13,2.6,A,ramp,True,False,93.86000000000008,22.200000000000074,2,decelerate,-3.0,-2.9999999999999716,86.7600000000001,25.200000000000074,2,1,decelerate-accelerate,-0.16718411445617676,-0.0013166144490242004,-8.749403059482574e-05,2,-8.749403059482574e-05,-0.0013166144490242004,0.0012291204184293747,0.16709662042558193,"[true, true, true]",False,False,False,67001,0,0843ed3f032eeea0612c508f007d708852bd5b1fffa62c033181097389bc1972,validation_007,1,6,1118928940,13,,
13,2.6,B,mainline,True,False,86.7600000000001,25.200000000000074,1,accelerate,2.0,2.0000000000000284,93.86000000000008,22.200000000000074,2,1,decelerate-accelerate,0.05818543583154678,0.14478212594985962,0.057149261236190796,1,0.14478212594985962,0.05818543583154678,0.08659669011831284,0.08763286471366882,"[true, true, true]",False,False,False,67001,0,0843ed3f032eeea0612c508f007d708852bd5b1fffa62c033181097389bc1972,validation_007,1,6,1118928940,13,,
14,2.8000000000000003,A,ramp,True,False,98.24000000000011,21.60000000000008,2,decelerate,-3.0,-2.9999999999999716,91.84000000000012,25.60000000000008,2,1,decelerate-accelerate,-0.16608025133609772,-0.00034556537866592407,0.0014833733439445496,2,0.0014833733439445496,-0.00034556537866592407,0.0018289387226104736,0.16756362468004227,"[true, true, true]",False,False,False,67001,0,0843ed3f032eeea0612c508f007d708852bd5b1fffa62c033181097389bc1972,validation_007,1,6,1118928940,13,,
14,2.8000000000000003,B,mainline,True,False,91.84000000000012,25.60000000000008,1,accelerate,2.0,2.0000000000000284,98.24000000000011,21.60000000000008,2,1,decelerate-accelerate,0.06195107102394104,0.14592020213603973,0.060118310153484344,1,0.14592020213603973,0.06195107102394104,0.0839691311120987,0.08580189198255539,"[true, true, true]",False,False,False,67001,0,0843ed3f032eeea0612c508f007d708852bd5b1fffa62c033181097389bc1972,validation_007,1,6,1118928940,13,,
15,3.0,A,ramp,True,False,102.50000000000013,21.000000000000085,2,decelerate,-3.0,-2.9999999999999716,97.00000000000013,26.000000000000085,2,1,decelerate-accelerate,-0.1650155484676361,0.000683467835187912,0.0030917301774024963,2,0.0030917301774024963,0.000683467835187912,0.0024082623422145844,0.1681072786450386,"[true, true, true]",False,False,False,67001,0,0843ed3f032eeea0612c508f007d708852bd5b1fffa62c033181097389bc1972,validation_007,1,6,1118928940,13,-0.6687400015388079,0.0
15,3.0,B,mainline,True,False,97.00000000000013,26.000000000000085,1,accelerate,2.0,2.0000000000000284,102.50000000000013,21.000000000000085,2,1,decelerate-accelerate,0.06570055335760117,0.14716288447380066,0.06300842761993408,1,0.14716288447380066,0.06570055335760117,0.0814623311161995,0.08415445685386658,"[true, true, true]",False,False,False,67001,0,0843ed3f032eeea0612c508f007d708852bd5b1fffa62c033181097389bc1972,validation_007,1,6,1118928940,13,-0.6687400015388079,0.0
16,3.2,A,ramp,True,False,106.64000000000014,20.40000000000009,2,decelerate,-3.0,-2.9999999999999716,102.24000000000015,26.40000000000009,2,1,decelerate-accelerate,-0.14150585234165192,-0.019789300858974457,0.012654777616262436,2,0.012654777616262436,-0.019789300858974457,0.03244407847523689,0.15416062995791435,"[true, true, true]",True,True,False,67001,0,0843ed3f032eeea0612c508f007d708852bd5b1fffa62c033181097389bc1972,validation_007,1,6,1118928940,13,-1.9993268765355765,0.0
16,3.2,B,mainline,True,False,102.24000000000015,26.40000000000009,1,accelerate,2.0,2.0000000000000284,106.64000000000014,20.40000000000009,2,1,decelerate-accelerate,0.09742157906293869,0.14491167664527893,0.044848814606666565,1,0.14491167664527893,0.09742157906293869,0.04749009758234024,0.10006286203861237,"[true, true, true]",True,True,False,67001,0,0843ed3f032eeea0612c508f007d708852bd5b1fffa62c033181097389bc1972,validation_007,1,6,1118928940,13,-1.9993268765355765,0.0
0,0.0,A,mainline,True,False,38.4,16.0,1,accelerate,0.0,2.0000000000000284,29.599999999999994,18.0,1,1,accelerate-accelerate,-0.14139708876609802,0.0047804079949855804,-0.062261439859867096,1,0.0047804079949855804,-0.062261439859867096,0.06704184785485268,0.1461774967610836,"[true, true, true]",False,False,False,67001,0,0843ed3f032eeea0612c508f007d708852bd5b1fffa62c033181097389bc1972,validation_008,0,7,1337296561,14,,
0,0.0,B,ramp,True,False,29.599999999999994,18.0,1,accelerate,0.0,2.0000000000000284,38.4,16.0,1,1,accelerate-accelerate,0.024218067526817322,0.10083714127540588,-0.05405334010720253,1,0.10083714127540588,0.024218067526817322,0.07661907374858856,0.1548904813826084,"[true, true, true]",False,False,False,67001,0,0843ed3f032eeea0612c508f007d708852bd5b1fffa62c033181097389bc1972,validation_008,0,7,1337296561,14,,
1,0.2,A,mainline,True,False,41.64,16.400000000000006,1,accelerate,2.0,2.0000000000000284,33.23999999999999,18.400000000000006,1,1,accelerate-accelerate,-0.1379600167274475,0.0032058507204055786,-0.06179673969745636,1,0.0032058507204055786,-0.06179673969745636,0.06500259041786194,0.1411658674478531,"[true, true, true]",False,False,False,67001,0,0843ed3f032eeea0612c508f007d708852bd5b1fffa62c033181097389bc1972,validation_008,0,7,1337296561,14,,
1,0.2,B,ramp,True,False,33.23999999999999,18.400000000000006,1,accelerate,2.0,2.0000000000000284,41.64,16.400000000000006,1,1,accelerate-accelerate,0.026308728381991386,0.10225263237953186,-0.05166405439376831,1,0.10225263237953186,0.026308728381991386,0.07594390399754047,0.15391668677330017,"[true, true, true]",False,False,False,67001,0,0843ed3f032eeea0612c508f007d708852bd5b1fffa62c033181097389bc1972,validation_008,0,7,1337296561,14,,
2,0.4,A,mainline,True,False,44.96,16.80000000000001,1,accelerate,2.0,2.0000000000000284,36.95999999999999,18.80000000000001,1,1,accelerate-accelerate,-0.13528993725776672,0.0026231594383716583,-0.059706270694732666,1,0.0026231594383716583,-0.059706270694732666,0.062329430133104324,0.13791309669613838,"[true, true, true]",False,False,False,67001,0,0843ed3f032eeea0612c508f007d708852bd5b1fffa62c033181097389bc1972,validation_008,0,7,1337296561,14,,
2,0.4,B,ramp,True,False,36.95999999999999,18.80000000000001,1,accelerate,2.0,2.0000000000000284,44.96,16.80000000000001,1,1,accelerate-accelerate,0.028134195134043694,0.1031988263130188,-0.049277596175670624,1,0.1031988263130188,0.028134195134043694,0.0750646311789751,0.15247642248868942,"[true, true, true]",False,False,False,67001,0,0843ed3f032eeea0612c508f007d708852bd5b1fffa62c033181097389bc1972,validation_008,0,7,1337296561,14,,
3,0.6000000000000001,A,mainline,True,False,48.36000000000001,17.200000000000017,1,accelerate,2.0,2.0000000000000284,40.75999999999999,19.200000000000017,1,1,accelerate-accelerate,-0.1337352991104126,0.002144739031791687,-0.05756907910108566,1,0.002144739031791687,-0.05756907910108566,0.05971381813287735,0.13588003814220428,"[true, true, true]",False,False,False,67001,0,0843ed3f032eeea0612c508f007d708852bd5b1fffa62c033181097389bc1972,validation_008,0,7,1337296561,14,,
3,0.6000000000000001,B,ramp,True,False,40.75999999999999,19.200000000000017,1,accelerate,2.0,2.0000000000000284,48.36000000000001,17.200000000000017,1,1,accelerate-accelerate,0.029345694929361343,0.10422255098819733,-0.046871718019247055,1,0.10422255098819733,0.029345694929361343,0.07487685605883598,0.15109426900744438,"[true, true, true]",False,False,False,67001,0,0843ed3f032eeea0612c508f007d708852bd5b1fffa62c033181097389bc1972,validation_008,0,7,1337296561,14,,
4,0.8,A,mainline,True,False,51.84000000000001,17.600000000000023,1,accelerate,2.0,2.0000000000000284,44.63999999999999,19.600000000000023,1,1,accelerate-accelerate,-0.13371750712394714,0.0017156004905700684,-0.05517749488353729,1,0.0017156004905700684,-0.05517749488353729,0.05689309537410736,0.1354331076145172,"[true, true, true]",False,False,False,67001,0,0843ed3f032eeea0612c508f007d708852bd5b1fffa62c033181097389bc1972,validation_008,0,7,1337296561,14,,
4,0.8,B,ramp,True,False,44.63999999999999,19.600000000000023,1,accelerate,2.0,2.0000000000000284,51.84000000000001,17.600000000000023,1,1,accelerate-accelerate,0.030210955068469048,0.10538439452648163,-0.04454398900270462,1,0.10538439452648163,0.030210955068469048,0.07517343945801258,0.14992838352918625,"[true, true, true]",False,False,False,67001,0,0843ed3f032eeea0612c508f007d708852bd5b1fffa62c033181097389bc1972,validation_008,0,7,1337296561,14,,
5,1.0,A,mainline,True,False,55.40000000000001,18.00000000000003,1,accelerate,2.0,2.0000000000000284,48.6,20.00000000000003,1,1,accelerate-accelerate,-0.13394597172737122,0.0012757442891597748,-0.0529361292719841,1,0.0012757442891597748,-0.0529361292719841,0.054211873561143875,0.135221716016531,"[true, true, true]",False,False,False,67001,0,0843ed3f032eeea0612c508f007d708852bd5b1fffa62c033181097389bc1972,validation_008,0,7,1337296561,14,,
5,1.0,B,ramp,True,False,48.6,20.00000000000003,1,accelerate,2.0,2.0000000000000284,55.40000000000001,18.00000000000003,1,1,accelerate-accelerate,0.030697401612997055,0.10660230368375778,-0.042614907026290894,1,0.10660230368375778,0.030697401612997055,0.07590490207076073,0.14921721071004868,"[true, true, true]",False,False,False,67001,0,0843ed3f032eeea0612c508f007d708852bd5b1fffa62c033181097389bc1972,validation_008,0,7,1337296561,14,,
6,1.2000000000000002,A,mainline,True,False,59.04000000000002,18.400000000000034,1,accelerate,2.0,2.0000000000000284,52.64000000000001,20.400000000000034,1,1,accelerate-accelerate,-0.13422347605228424,0.0008448660373687744,-0.050683505833148956,1,0.0008448660373687744,-0.050683505833148956,0.05152837187051773,0.13506834208965302,"[true, true, true]",False,False,False,67001,0,0843ed3f032eeea0612c508f007d708852bd5b1fffa62c033181097389bc1972,validation_008,0,7,1337296561,14,,
6,1.2000000000000002,B,ramp,True,False,52.64000000000001,20.400000000000034,1,accelerate,2.0,2.0000000000000284,59.04000000000002,18.400000000000034,1,1,accelerate-accelerate,0.031131546944379807,0.10788852721452713,-0.04057327285408974,1,0.10788852721452713,0.031131546944379807,0.07675698027014732,0.14846180006861687,"[true, true, true]",False,False,False,67001,0,0843ed3f032eeea0612c508f007d708852bd5b1fffa62c033181097389bc1972,validation_008,0,7,1337296561,14,,
7,1.4000000000000001,A,mainline,True,False,62.760000000000026,18.80000000000004,1,accelerate,2.0,2.0000000000000284,56.76000000000001,20.80000000000004,1,1,accelerate-accelerate,-0.13332220911979675,0.000569365918636322,-0.04786495119333267,1,0.000569365918636322,-0.04786495119333267,0.048434317111968994,0.13389157503843307,"[true, true, true]",False,False,False,67001,0,0843ed3f032eeea0612c508f007d708852bd5b1fffa62c033181097389bc1972,validation_008,0,7,1337296561,14,,
7,1.4000000000000001,B,ramp,True,False,56.76000000000001,20.80000000000004,1,accelerate,2.0,2.0000000000000284,62.760000000000026,18.80000000000004,1,1,accelerate-accelerate,0.03247703239321709,0.10841727256774902,-0.038316741585731506,1,0.10841727256774902,0.03247703239321709,0.07594024017453194,0.14673401415348053,"[true, true, true]",False,False,False,67001,0,0843ed3f032eeea0612c508f007d708852bd5b1fffa62c033181097389bc1972,validation_008,0,7,1337296561,14,,
8,1.6,A,mainline,True,False,66.56000000000003,19.200000000000045,1,accelerate,2.0,2.0000000000000284,60.96000000000002,21.200000000000045,1,1,accelerate-accelerate,-0.13218463957309723,-0.0001148805022239685,-0.04486403614282608,1,-0.0001148805022239685,-0.04486403614282608,0.04474915564060211,0.13206975907087326,"[true, true, true]",False,False,False,67001,0,0843ed3f032eeea0612c508f007d708852bd5b1fffa62c033181097389bc1972,validation_008,0,7,1337296561,14,,
8,1.6,B,ramp,True,False,60.96000000000002,21.200000000000045,1,accelerate,2.0,2.0000000000000284,66.56000000000003,19.200000000000045,1,1,accelerate-accelerate,0.03398970514535904,0.1090930700302124,-0.03656870126724243,1,0.1090930700302124,0.03398970514535904,0.07510336488485336,0.14566177129745483,"[true, true, true]",False,False,False,67001,0,0843ed3f032eeea0612c508f007d708852bd5b1fffa62c033181097389bc1972,validation_008,0,7,1337296561,14,,
9,1.8,A,mainline,True,False,70.44000000000004,19.60000000000005,1,accelerate,2.0,2.0000000000000284,65.24000000000002,21.60000000000005,1,1,accelerate-accelerate,-0.13145408034324646,-0.0013137608766555786,-0.04205581545829773,1,-0.0013137608766555786,-0.04205581545829773,0.04074205458164215,0.13014031946659088,"[true, true, true]",False,False,False,67001,0,0843ed3f032eeea0612c508f007d708852bd5b1fffa62c033181097389bc1972,validation_008,0,7,1337296561,14,,
9,1.8,B,ramp,True,False,65.24000000000002,21.60000000000005,1,accelerate,2.0,2.0000000000000284,70.44000000000004,19.60000000000005,1,1,accelerate-accelerate,0.0353914350271225,0.1108023077249527,-0.03507483750581741,1,0.1108023077249527,0.0353914350271225,0.0754108726978302,0.1458771452307701,"[true, true, true]",False,False,False,67001,0,0843ed3f032eeea0612c508f007d708852bd5b1fffa62c033181097389bc1972,validation_008,0,7,1337296561,14,,
10,2.0,A,mainline,True,False,74.40000000000005,20.000000000000057,1,accelerate,2.0,2.0000000000000284,69.60000000000002,22.000000000000057,1,1,accelerate-accelerate,-0.13096390664577484,-0.001813545823097229,-0.03919713571667671,1,-0.001813545823097229,-0.03919713571667671,0.03738358989357948,0.1291503608226776,"[true, true, true]",False,False,False,67001,0,0843ed3f032eeea0612c508f007d708852bd5b1fffa62c033181097389bc1972,validation_008,0,7,1337296561,14,,
10,2.0,B,ramp,True,False,69.60000000000002,22.000000000000057,1,accelerate,2.0,2.0000000000000284,74.40000000000005,20.000000000000057,1,1,accelerate-accelerate,0.03680169954895973,0.11255833506584167,-0.033553026616573334,1,0.11255833506584167,0.03680169954895973,0.07575663551688194,0.146111361682415,"[true, true, true]",False,False,False,67001,0,0843ed3f032eeea0612c508f007d708852bd5b1fffa62c033181097389bc1972,validation_008,0,7,1337296561,14,,
11,2.2,A,mainline,True,False,78.44000000000005,20.400000000000063,1,accelerate,2.0,2.0000000000000284,74.04000000000003,22.400000000000063,1,1,accelerate-accelerate,-0.13050225377082825,-0.0021423399448394775,-0.036183543503284454,1,-0.0021423399448394775,-0.036183543503284454,0.03404120355844498,0.12835991382598877,"[true, true, true]",False,False,False,67001,0,0843ed3f032eeea0612c508f007d708852bd5b1fffa62c033181097389bc1972,validation_008,0,7,1337296561,14,,
11,2.2,B,ramp,True,False,74.04000000000003,22.400000000000063,1,accelerate,2.0,2.0000000000000284,78.44000000000005,20.400000000000063,1,1,accelerate-accelerate,0.037956975400447845,0.11372143030166626,-0.03210638090968132,1,0.11372143030166626,0.037956975400447845,0.07576445490121841,0.14582781121134758,"[true, true, true]",False,False,False,67001,0,0843ed3f032eeea0612c508f007d708852bd5b1fffa62c033181097389bc1972,validation_008,0,7,1337296561,14,,
12,2.4000000000000004,A,mainline,True,False,82.56000000000007,20.800000000000068,1,accelerate,2.0,2.0000000000000284,78.56000000000004,22.800000000000068,1,1,accelerate-accelerate,-0.13026706874370575,-0.003620702773332596,-0.0334860235452652,1,-0.003620702773332596,-0.0334860235452652,0.029865320771932602,0.12664636597037315,"[true, true, true]",False,False,False,67001,0,0843ed3f032eeea0612c508f007d708852bd5b1fffa62c033181097389bc1972,validation_008,0,7,1337296561,14,,
12,2.4000000000000004,B,ramp,True,False,78.56000000000004,22.800000000000068,1,accelerate,2.0,2.0000000000000284,82.56000000000007,20.800000000000068,1,1,accelerate-accelerate,0.038731370121240616,0.11398027092218399,-0.030807260423898697,1,0.11398027092218399,0.038731370121240616,0.07524890080094337,0.1447875313460827,"[true, true, true]",False,False,False,67001,0,0843ed3f032eeea0612c508f007d708852bd5b1fffa62c033181097389bc1972,validation_008,0,7,1337296561,14,,
13,2.6,A,mainline,True,False,86.76000000000009,21.200000000000074,1,accelerate,2.0,2.0000000000000284,83.16000000000005,23.200000000000074,1,1,accelerate-accelerate,-0.1303263157606125,-0.005965765565633774,-0.03124232590198517,1,-0.005965765565633774,-0.03124232590198517,0.025276560336351395,0.12436055019497871,"[true, true, true]",False,False,False,67001,0,0843ed3f032eeea0612c508f007d708852bd5b1fffa62c033181097389bc1972,validation_008,0,7,1337296561,14,,
13,2.6,B,ramp,True,False,83.16000000000005,23.200000000000074,1,accelerate,2.0,2.0000000000000284,86.76000000000009,21.200000000000074,1,1,accelerate-accelerate,0.03942934423685074,0.11403867602348328,-0.029558856040239334,1,0.11403867602348328,0.03942934423685074,0.07460933178663254,0.1435975320637226,"[true, true, true]",False,False,False,67001,0,0843ed3f032eeea0612c508f007d708852bd5b1fffa62c033181097389bc1972,validation_008,0,7,1337296561,14,,
14,2.8000000000000003,A,mainline,True,False,91.0400000000001,21.60000000000008,1,accelerate,2.0,2.0000000000000284,87.84000000000007,23.60000000000008,1,1,accelerate-accelerate,-0.13006818294525146,-0.008089426904916763,-0.02931593358516693,1,-0.008089426904916763,-0.02931593358516693,0.021226506680250168,0.1219787560403347,"[true, true, true]",False,False,False,67001,0,0843ed3f032eeea0612c508f007d708852bd5b1fffa62c033181097389bc1972,validation_008,0,7,1337296561,14,,
14,2.8000000000000003,B,ramp,True,False,87.84000000000007,23.60000000000008,1,accelerate,2.0,2.0000000000000284,91.0400000000001,21.60000000000008,1,1,accelerate-accelerate,0.040157001465559006,0.11410169303417206,-0.028315387666225433,1,0.11410169303417206,0.040157001465559006,0.07394469156861305,0.1424170807003975,"[true, true, true]",False,False,False,67001,0,0843ed3f032eeea0612c508f007d708852bd5b1fffa62c033181097389bc1972,validation_008,0,7,1337296561,14,,
15,3.0,A,mainline,True,False,95.40000000000013,22.000000000000085,1,accelerate,2.0,2.0000000000000284,92.6000000000001,24.000000000000085,1,1,accelerate-accelerate,-0.12955662608146667,-0.010176427662372589,-0.02739384025335312,1,-0.010176427662372589,-0.02739384025335312,0.01721741259098053,0.11938019841909409,"[true, true, true]",False,False,False,67001,0,0843ed3f032eeea0612c508f007d708852bd5b1fffa62c033181097389bc1972,validation_008,0,7,1337296561,14,,
15,3.0,B,ramp,True,False,92.6000000000001,24.000000000000085,1,accelerate,2.0,2.0000000000000284,95.40000000000013,22.000000000000085,1,1,accelerate-accelerate,0.04093416780233383,0.11416968703269958,-0.02709234692156315,1,0.11416968703269958,0.04093416780233383,0.07323551923036575,0.14126203395426273,"[true, true, true]",False,False,False,67001,0,0843ed3f032eeea0612c508f007d708852bd5b1fffa62c033181097389bc1972,validation_008,0,7,1337296561,14,,
16,3.2,A,mainline,True,False,99.84000000000016,22.40000000000009,1,accelerate,2.0,2.0000000000000284,97.44000000000011,24.40000000000009,1,1,accelerate-accelerate,-0.12846866250038147,-0.012242693454027176,-0.024957723915576935,1,-0.012242693454027176,-0.024957723915576935,0.012715030461549759,0.1162259690463543,"[true, true, true]",False,False,False,67001,0,0843ed3f032eeea0612c508f007d708852bd5b1fffa62c033181097389bc1972,validation_008,0,7,1337296561,14,,
16,3.2,B,ramp,True,False,97.44000000000011,24.40000000000009,1,accelerate,2.0,2.0000000000000284,99.84000000000016,22.40000000000009,1,1,accelerate-accelerate,0.042447805404663086,0.11354520171880722,-0.026744190603494644,1,0.11354520171880722,0.042447805404663086,0.07109739631414413,0.14028939232230186,"[true, true, true]",False,False,False,67001,0,0843ed3f032eeea0612c508f007d708852bd5b1fffa62c033181097389bc1972,validation_008,0,7,1337296561,14,,
17,3.4000000000000004,A,mainline,True,False,104.36000000000017,22.800000000000097,1,accelerate,2.0,2.0000000000000284,102.36000000000014,24.800000000000097,1,1,accelerate-accelerate,-0.12809211015701294,-0.013102393597364426,-0.022001177072525024,1,-0.013102393597364426,-0.022001177072525024,0.008898783475160599,0.11498971655964851,"[true, true, true]",False,False,False,67001,0,0843ed3f032eeea0612c508f007d708852bd5b1fffa62c033181097389bc1972,validation_008,0,7,1337296561,14,-3.3259279415774756,0.0
17,3.4000000000000004,B,ramp,True,False,102.36000000000014,24.800000000000097,1,accelerate,2.0,2.0000000000000284,104.36000000000017,22.800000000000097,1,1,accelerate-accelerate,0.04402714595198631,0.11291532218456268,-0.02643112652003765,1,0.11291532218456268,0.04402714595198631,0.06888817623257637,0.13934644870460033,"[true, true, true]",False,False,False,67001,0,0843ed3f032eeea0612c508f007d708852bd5b1fffa62c033181097389bc1972,validation_008,0,7,1337296561,14,-3.3259279415774756,0.0
18,3.6,A,mainline,True,False,108.96000000000018,23.200000000000102,1,accelerate,2.0,2.0000000000000284,107.36000000000017,25.200000000000102,1,1,accelerate-accelerate,-0.1296059489250183,-0.01600836217403412,-0.022802837193012238,1,-0.01600836217403412,-0.022802837193012238,0.006794475018978119,0.11359758675098419,"[true, true, true]",True,True,False,67001,0,0843ed3f032eeea0612c508f007d708852bd5b1fffa62c033181097389bc1972,validation_008,0,7,1337296561,14,-3.416369466847101,0.0
18,3.6,B,ramp,True,False,107.36000000000017,25.200000000000102,1,accelerate,2.0,2.0000000000000284,108.96000000000018,23.200000000000102,1,1,accelerate-accelerate,0.0719849094748497,0.1062285527586937,-0.03380504995584488,1,0.1062285527586937,0.0719849094748497,0.034243643283843994,0.14003360271453857,"[true, true, true]",True,True,False,67001,0,0843ed3f032eeea0612c508f007d708852bd5b1fffa62c033181097389bc1972,validation_008,0,7,1337296561,14,-3.416369466847101,0.0
0,0.0,A,ramp,True,False,29.599999999999994,18.0,1,accelerate,0.0,2.0000000000000284,38.4,16.0,1,1,accelerate-accelerate,-0.17965230345726013,-0.005817875266075134,-0.02308756858110428,1,-0.005817875266075134,-0.02308756858110428,0.017269693315029144,0.173834428191185,"[true, true, true]",False,False,False,67001,0,0843ed3f032eeea0612c508f007d708852bd5b1fffa62c033181097389bc1972,validation_008,1,7,1337296561,15,,
0,0.0,B,mainline,True,False,38.4,16.0,1,accelerate,0.0,2.0000000000000284,29.599999999999994,18.0,1,1,accelerate-accelerate,0.0311416182667017,0.14443634450435638,0.01859624683856964,1,0.14443634450435638,0.0311416182667017,0.11329472623765469,0.12584009766578674,"[true, true, true]",False,False,False,67001,0,0843ed3f032eeea0612c508f007d708852bd5b1fffa62c033181097389bc1972,validation_008,1,7,1337296561,15,,
1,0.2,A,ramp,True,False,33.23999999999999,18.400000000000006,1,accelerate,2.0,2.0000000000000284,41.64,16.400000000000006,1,1,accelerate-accelerate,-0.17903336882591248,-0.008485540747642517,-0.022876214236021042,1,-0.008485540747642517,-0.022876214236021042,0.014390673488378525,0.17054782807826996,"[true, true, true]",False,False,False,67001,0,0843ed3f032eeea0612c508f007d708852bd5b1fffa62c033181097389bc1972,validation_008,1,7,1337296561,15,,
1,0.2,B,mainline,True,False,41.64,16.400000000000006,1,accelerate,2.0,2.0000000000000284,33.23999999999999,18.400000000000006,1,1,accelerate-accelerate,0.032188765704631805,0.14465294778347015,0.01819722354412079,1,0.14465294778347015,0.032188765704631805,0.11246418207883835,0.12645572423934937,"[true, true, true]",False,False,False,67001,0,0843ed3f032eeea0612c508f007d708852bd5b1fffa62c033181097389bc1972,validation_008,1,7,1337296561,15,,
2,0.4,A,ramp,True,False,36.95999999999999,18.80000000000001,1,accelerate,2.0,2.0000000000000284,44.96,16.80000000000001,1,1,accelerate-accelerate,-0.17916728556156158,-0.010601449757814407,-0.022215798497200012,1,-0.010601449757814407,-0.022215798497200012,0.011614348739385605,0.16856583580374718,"[true, true, true]",False,False,False,67001,0,0843ed3f032eeea0612c508f007d708852bd5b1fffa62c033181097389bc1972,validation_008,1,7,1337296561,15,,
2,0.4,B,mainline,True,False,44.96,16.80000000000001,1,accelerate,2.0,2.0000000000000284,36.95999999999999,18.80000000000001,1,1,accelerate-accelerate,0.03356361761689186,0.14493082463741302,0.018614545464515686,1,0.14493082463741302,0.03356361761689186,0.11136720702052116,0.12631627917289734,"[true, true, true]",False,False,False,67001,0,0843ed3f032eeea0612c508f007d708852bd5b1fffa62c033181097389bc1972,validation_008,1,7,1337296561,15,,
3,0.6000000000000001,A,ramp,True,False,40.75999999999999,19.200000000000017,1,accelerate,2.0,2.0000000000000284,48.36000000000001,17.200000000000017,1,1,accelerate-accelerate,-0.17904242873191833,-0.012202266603708267,-0.02164459601044655,1,-0.012202266603708267,-0.02164459601044655,0.009442329406738281,0.16684016212821007,"[true, true, true]",False,False,False,67001,0,0843ed3f032eeea0612c508f007d708852bd5b1fffa62c033181097389bc1972,validation_008,1,7,1337296561,15,,
3,0.6000000000000001,B,mainline,True,False,48.36000000000001,17.200000000000017,1,accelerate,2.0,2.0000000000000284,40.75999999999999,19.200000000000017,1,1,accelerate-accelerate,0.03555643558502197,0.14538419246673584,0.019983816891908646,1,0.14538419246673584,0.03555643558502197,0.10982775688171387,0.1254003755748272,"[true, true, true]",False,False,False,67001,0,0843ed3f032eeea0612c508f007d708852bd5b1fffa62c033181097389bc1972,validation_008,1,7,1337296561,15,,
4,0.8,A,ramp,True,False,44.63999999999999,19.600000000000023,1,accelerate,2.0,2.0000000000000284,51.84000000000001,17.600000000000023,1,1,accelerate-accelerate,-0.17890165746212006,-0.013549581170082092,-0.02112831547856331,1,-0.013549581170082092,-0.02112831547856331,0.007578734308481216,0.16535207629203796,"[true, true, true]",False,False,False,67001,0,0843ed3f032eeea0612c508f007d708852bd5b1fffa62c033181097389bc1972,validation_008,1,7,1337296561,15,,
4,0.8,B,mainline,True,False,51.84000000000001,17.600000000000023,1,accelerate,2.0,2.0000000000000284,44.63999999999999,19.600000000000023,1,1,accelerate-accelerate,0.0375521183013916,0.14583343267440796,0.021562941372394562,1,0.14583343267440796,0.0375521183013916,0.10828131437301636,0.1242704913020134,"[true, true, true]",False,False,False,67001,0,0843ed3f032eeea0612c508f007d708852bd5b1fffa62c033181097389bc1972,validation_008,1,7,1337296561,15,,
5,1.0,A,ramp,True,False,48.6,20.00000000000003,1,accelerate,2.0,2.0000000000000284,55.40000000000001,18.00000000000003,1,1,accelerate-accelerate,-0.17892494797706604,-0.014796923846006393,-0.020611606538295746,1,-0.014796923846006393,-0.020611606538295746,0.005814682692289352,0.16412802413105965,"[true, true, true]",False,False,False,67001,0,0843ed3f032eeea0612c508f007d708852bd5b1fffa62c033181097389bc1972,validation_008,1,7,1337296561,15,,
5,1.0,B,mainline,True,False,55.40000000000001,18.00000000000003,1,accelerate,2.0,2.0000000000000284,48.6,20.00000000000003,1,1,accelerate-accelerate,0.039377011358737946,0.14617031812667847,0.023334547877311707,1,0.14617031812667847,0.039377011358737946,0.10679330676794052,0.12283577024936676,"[true, true, true]",False,False,False,67001,0,0843ed3f032eeea0612c508f007d708852bd5b1fffa62c033181097389bc1972,validation_008,1,7,1337296561,15,,
6,1.2000000000000002,A,ramp,True,False,52.64000000000001,20.400000000000034,1,accelerate,2.0,2.0000000000000284,59.04000000000002,18.400000000000034,1,1,accelerate-accelerate,-0.1790742576122284,-0.01597713679075241,-0.02009393274784088,1,-0.01597713679075241,-0.02009393274784088,0.0041167959570884705,0.16309712082147598,"[true, true, true]",False,False,False,67001,0,0843ed3f032eeea0612c508f007d708852bd5b1fffa62c033181097389bc1972,validation_008,1,7,1337296561,15,,
6,1.2000000000000002,B,mainline,True,False,59.04000000000002,18.400000000000034,1,accelerate,2.0,2.0000000000000284,52.64000000000001,20.400000000000034,1,1,accelerate-accelerate,0.041096705943346024,0.14643442630767822,0.025258488953113556,1,0.14643442630767822,0.041096705943346024,0.1053377203643322,0.12117593735456467,"[true, true, true]",False,False,False,67001,0,0843ed3f032eeea0612c508f007d708852bd5b1fffa62c033181097389bc1972,validation_008,1,7,1337296561,15,,
7,1.4000000000000001,A,ramp,True,False,56.76000000000001,20.80000000000004,1,accelerate,2.0,2.0000000000000284,62.760000000000026,18.80000000000004,1,1,accelerate-accelerate,-0.1801731139421463,-0.017241105437278748,-0.019227284938097,1,-0.017241105437278748,-0.019227284938097,0.0019861795008182526,0.16293200850486755,"[true, true, true]",False,False,False,67001,0,0843ed3f032eeea0612c508f007d708852bd5b1fffa62c033181097389bc1972,validation_008,1,7,1337296561,15,,
7,1.4000000000000001,B,mainline,True,False,62.760000000000026,18.80000000000004,1,accelerate,2.0,2.0000000000000284,56.76000000000001,20.80000000000004,1,1,accelerate-accelerate,0.042561694979667664,0.14735147356987,0.0275871641933918,1,0.14735147356987,0.042561694979667664,0.10478977859020233,0.1197643093764782,"[true, true, true]",False,False,False,67001,0,0843ed3f032eeea0612c508f007d708852bd5b1fffa62c033181097389bc1972,validation_008,1,7,1337296561,15,,
8,1.6,A,ramp,True,False,60.96000000000002,21.200000000000045,2,decelerate,2.0,-2.9999999999999716,66.56000000000003,19.200000000000045,2,1,decelerate-accelerate,-0.1806243509054184,-0.017660483717918396,-0.017576344311237335,2,-0.017576344311237335,-0.017660483717918396,8.413940668106079e-05,0.16304800659418106,"[true, true, true]",False,False,False,67001,0,0843ed3f032eeea0612c508f007d708852bd5b1fffa62c033181097389bc1972,validation_008,1,7,1337296561,15,,
8,1.6,B,mainline,True,False,66.56000000000003,19.200000000000045,1,accelerate,2.0,2.0000000000000284,60.96000000000002,21.200000000000045,2,1,decelerate-accelerate,0.04365714639425278,0.1488102674484253,0.029652811586856842,1,0.1488102674484253,0.04365714639425278,0.10515312105417252,0.11915745586156845,"[true, true, true]",False,False,False,67001,0,0843ed3f032eeea0612c508f007d708852bd5b1fffa62c033181097389bc1972,validation_008,1,7,1337296561,15,,
9,1.8,A,ramp,True,False,65.14000000000003,20.60000000000005,2,decelerate,-3.0,-2.9999999999999716,70.44000000000004,19.60000000000005,2,1,decelerate-accelerate,-0.18033629655838013,-0.01627008616924286,-0.015552341938018799,2,-0.015552341938018799,-0.01627008616924286,0.0007177442312240601,0.16478395462036133,"[true, true, true]",False,False,False,67001,0,0843ed3f032eeea0612c508f007d708852bd5b1fffa62c033181097389bc1972,validation_008,1,7,1337296561,15,,
9,1.8,B,mainline,True,False,70.44000000000004,19.60000000000005,1,accelerate,2.0,2.0000000000000284,65.14000000000003,20.60000000000005,2,1,decelerate-accelerate,0.04579753428697586,0.1500299870967865,0.03198713809251785,1,0.1500299870967865,0.04579753428697586,0.10423245280981064,0.11804284900426865,"[true, true, true]",False,False,False,67001,0,0843ed3f032eeea0612c508f007d708852bd5b1fffa62c033181097389bc1972,validation_008,1,7,1337296561,15,,
10,2.0,A,ramp,True,False,69.20000000000003,20.000000000000057,2,decelerate,-3.0,-2.9999999999999716,74.40000000000005,20.000000000000057,2,1,decelerate-accelerate,-0.18026122450828552,-0.014886405318975449,-0.013588663190603256,2,-0.013588663190603256,-0.014886405318975449,0.0012977421283721924,0.16667256131768227,"[true, true, true]",False,False,False,67001,0,0843ed3f032eeea0612c508f007d708852bd5b1fffa62c033181097389bc1972,validation_008,1,7,1337296561,15,,
10,2.0,B,mainline,True,False,74.40000000000005,20.000000000000057,1,accelerate,2.0,2.0000000000000284,69.20000000000003,20.000000000000057,2,1,decelerate-accelerate,0.04787909612059593,0.1512836515903473,0.034474652260541916,1,0.1512836515903473,0.04787909612059593,0.10340455546975136,0.11680899932980537,"[true, true, true]",False,False,False,67001,0,0843ed3f032eeea0612c508f007d708852bd5b1fffa62c033181097389bc1972,validation_008,1,7,1337296561,15,,
11,2.2,A,ramp,True,False,73.14000000000004,19.400000000000063,2,decelerate,-3.0,-2.9999999999999716,78.44000000000005,20.400000000000063,2,1,decelerate-accelerate,-0.17984291911125183,-0.013814844191074371,-0.011514395475387573,2,-0.011514395475387573,-0.013814844191074371,0.002300448715686798,0.16832852363586426,"[true, true, true]",False,False,False,67001,0,0843ed3f032eeea0612c508f007d708852bd5b1fffa62c033181097389bc1972,validation_008,1,7,1337296561,15,,
11,2.2,B,mainline,True,False,78.44000000000005,20.400000000000063,1,accelerate,2.0,2.0000000000000284,73.14000000000004,19.400000000000063,2,1,decelerate-accelerate,0.05021899938583374,0.15242889523506165,0.037116169929504395,1,0.15242889523506165,0.05021899938583374,0.1022098958492279,0.11531272530555725,"[true, true, true]",False,False,False,67001,0,0843ed3f032eeea0612c508f007d708852bd5b1fffa62c033181097389bc1972,validation_008,1,7,1337296561,15,,
12,2.4000000000000004,A,ramp,True,False,76.96000000000006,18.800000000000068,2,decelerate,-3.0,-2.9999999999999716,82.56000000000007,20.800000000000068,2,1,decelerate-accelerate,-0.1797148436307907,-0.012682948261499405,-0.009432706981897354,2,-0.009432706981897354,-0.012682948261499405,0.0032502412796020508,0.17028213664889336,"[true, true, true]",False,False,False,67001,0,0843ed3f032eeea0612c508f007d708852bd5b1fffa62c033181097389bc1972,validation_008,1,7,1337296561,15,,
12,2.4000000000000004,B,mainline,True,False,82.56000000000007,20.800000000000068,1,accelerate,2.0,2.0000000000000284,76.96000000000006,18.800000000000068,2,1,decelerate-accelerate,0.05367834493517876,0.15308374166488647,0.039659563452005386,1,0.15308374166488647,0.05367834493517876,0.09940539672970772,0.11342417821288109,"[true, true, true]",False,False,False,67001,0,0843ed3f032eeea0612c508f007d708852bd5b1fffa62c033181097389bc1972,validation_008,1,7,1337296561,15,,
13,2.6,A,ramp,True,False,80.66000000000008,18.200000000000074,2,decelerate,-3.0,-2.9999999999999716,86.76000000000009,21.200000000000074,2,1,decelerate-accelerate,-0.17980937659740448,-0.01072816550731659,-0.007743062451481819,2,-0.007743062451481819,-0.01072816550731659,0.00298510305583477,0.17206631414592266,"[true, true, true]",False,False,False,67001,0,0843ed3f032eeea0612c508f007d708852bd5b1fffa62c033181097389bc1972,validation_008,1,7,1337296561,15,,
13,2.6,B,mainline,True,False,86.76000000000009,21.200000000000074,1,accelerate,2.0,2.0000000000000284,80.66000000000008,18.200000000000074,2,1,decelerate-accelerate,0.057130444794893265,0.15382187068462372,0.04220127686858177,1,0.15382187068462372,0.057130444794893265,0.09669142588973045,0.11162059381604195,"[true, true, true]",False,False,False,67001,0,0843ed3f032eeea0612c508f007d708852bd5b1fffa62c033181097389bc1972,validation_008,1,7,1337296561,15,,
14,2.8000000000000003,A,ramp,True,False,84.2400000000001,17.60000000000008,2,decelerate,-3.0,-2.9999999999999716,91.0400000000001,21.60000000000008,2,1,decelerate-accelerate,-0.17965668439865112,-0.0083974190056324,-0.006467245519161224,2,-0.006467245519161224,-0.0083974190056324,0.0019301734864711761,0.1731894388794899,"[true, true, true]",False,False,False,67001,0,0843ed3f032eeea0612c508f007d708852bd5b1fffa62c033181097389bc1972,validation_008,1,7,1337296561,15,,
14,2.8000000000000003,B,mainline,True,False,91.0400000000001,21.60000000000008,1,accelerate,2.0,2.0000000000000284,84.2400000000001,17.60000000000008,2,1,decelerate-accelerate,0.060576386749744415,0.15464553236961365,0.04473719745874405,1,0.15464553236961365,0.060576386749744415,0.09406914561986923,0.1099083349108696,"[true, true, true]",False,False,False,67001,0,0843ed3f032eeea0612c508f007d708852bd5b1fffa62c033181097389bc1972,validation_008,1,7,1337296561,15,,
15,3.0,A,ramp,True,False,87.7000000000001,17.000000000000085,2,decelerate,-3.0,-2.9999999999999716,95.40000000000013,22.000000000000085,2,1,decelerate-accelerate,-0.17892612516880035,-0.006028801202774048,-0.005525337532162666,2,-0.005525337532162666,-0.006028801202774048,0.0005034636706113815,0.1734007876366377,"[true, true, true]",False,False,False,67001,0,0843ed3f032eeea0612c508f007d708852bd5b1fffa62c033181097389bc1972,validation_008,1,7,1337296561,15,,
15,3.0,B,mainline,True,False,95.40000000000013,22.000000000000085,1,accelerate,2.0,2.0000000000000284,87.7000000000001,17.000000000000085,2,1,decelerate-accelerate,0.06418228894472122,0.15570011734962463,0.04718538373708725,1,0.15570011734962463,0.06418228894472122,0.09151782840490341,0.10851473361253738,"[true, true, true]",False,False,False,67001,0,0843ed3f032eeea0612c508f007d708852bd5b1fffa62c033181097389bc1972,validation_008,1,7,1337296561,15,,
16,3.2,A,ramp,True,False,91.04000000000012,16.40000000000009,1,accelerate,-3.0,2.0000000000000284,99.84000000000016,22.40000000000009,1,1,accelerate-accelerate,-0.1782270073890686,-0.0037614740431308746,-0.004636973142623901,1,-0.0037614740431308746,-0.004636973142623901,0.0008754990994930267,0.17446553334593773,"[true, true, true]",False,False,False,67001,0,0843ed3f032eeea0612c508f007d708852bd5b1fffa62c033181097389bc1972,validation_008,1,7,1337296561,15,,
16,3.2,B,mainline,True,False,99.84000000000016,22.40000000000009,1,accelerate,2.0,2.0000000000000284,91.04000000000012,16.40000000000009,1,1,accelerate-accelerate,0.06865566223859787,0.15758883953094482,0.049200452864170074,1,0.15758883953094482,0.06865566223859787,0.08893317729234695,0.10838838666677475,"[true, true, true]",False,False,False,67001,0,0843ed3f032eeea0612c508f007d708852bd5b1fffa62c033181097389bc1972,validation_008,1,7,1337296561,15,,
17,3.4000000000000004,A,ramp,True,False,94.36000000000014,16.800000000000097,2,decelerate,2.0,-2.9999999999999716,104.36000000000017,22.800000000000097,2,1,decelerate-accelerate,-0.17761540412902832,-0.0037318728864192963,-0.0031454674899578094,2,-0.0031454674899578094,-0.0037318728864192963,0.0005864053964614868,0.1744699366390705,"[true, true, true]",False,False,False,67001,0,0843ed3f032eeea0612c508f007d708852bd5b1fffa62c033181097389bc1972,validation_008,1,7,1337296561,15,,
17,3.4000000000000004,B,mainline,True,False,104.36000000000017,22.800000000000097,1,accelerate,2.0,2.0000000000000284,94.36000000000014,16.800000000000097,2,1,decelerate-accelerate,0.07028979808092117,0.15898512303829193,0.05140756070613861,1,0.15898512303829193,0.07028979808092117,0.08869532495737076,0.10757756233215332,"[true, true, true]",False,False,False,67001,0,0843ed3f032eeea0612c508f007d708852bd5b1fffa62c033181097389bc1972,validation_008,1,7,1337296561,15,,
18,3.6,A,ramp,True,False,97.66000000000015,16.200000000000102,1,accelerate,-3.0,2.0000000000000284,108.96000000000018,23.200000000000102,1,1,accelerate-accelerate,-0.17660903930664062,-0.0018007494509220123,-0.0023871511220932007,1,-0.0018007494509220123,-0.0023871511220932007,0.0005864016711711884,0.1748082898557186,"[true, true, true]",False,False,False,67001,0,0843ed3f032eeea0612c508f007d708852bd5b1fffa62c033181097389bc1972,validation_008,1,7,1337296561,15,,
18,3.6,B,mainline,True,False,108.96000000000018,23.200000000000102,1,accelerate,2.0,2.0000000000000284,97.66000000000015,16.200000000000102,1,1,accelerate-accelerate,0.07511697709560394,0.1606285572052002,0.053161971271038055,1,0.1606285572052002,0.07511697709560394,0.08551158010959625,0.10746658593416214,"[true, true, true]",False,False,False,67001,0,0843ed3f032eeea0612c508f007d708852bd5b1fffa62c033181097389bc1972,validation_008,1,7,1337296561,15,,
19,3.8000000000000003,A,ramp,True,False,100.94000000000017,16.600000000000108,2,decelerate,2.0,-2.9999999999999716,113.6400000000002,23.600000000000108,2,1,decelerate-accelerate,-0.17576242983341217,-0.0018163621425628662,-0.0010432973504066467,2,-0.0010432973504066467,-0.0018163621425628662,0.0007730647921562195,0.17471913248300552,"[true, true, true]",False,False,False,67001,0,0843ed3f032eeea0612c508f007d708852bd5b1fffa62c033181097389bc1972,validation_008,1,7,1337296561,15,,
19,3.8000000000000003,B,mainline,True,False,113.6400000000002,23.600000000000108,1,accelerate,2.0,2.0000000000000284,100.94000000000017,16.600000000000108,2,1,decelerate-accelerate,0.07748663425445557,0.16133135557174683,0.054516419768333435,1,0.16133135557174683,0.07748663425445557,0.08384472131729126,0.10681493580341339,"[true, true, true]",False,False,False,67001,0,0843ed3f032eeea0612c508f007d708852bd5b1fffa62c033181097389bc1972,validation_008,1,7,1337296561,15,,
20,4.0,A,ramp,True,False,104.20000000000019,16.000000000000114,1,accelerate,-3.0,2.0000000000000284,118.40000000000022,24.000000000000114,1,1,accelerate-accelerate,-0.174701988697052,0.0004966109991073608,-0.0006506852805614471,1,0.0004966109991073608,-0.0006506852805614471,0.001147296279668808,0.17519859969615936,"[true, true, true]",False,False,False,67001,0,0843ed3f032eeea0612c508f007d708852bd5b1fffa62c033181097389bc1972,validation_008,1,7,1337296561,15,10.874670639212411,
20,4.0,B,mainline,True,False,118.40000000000022,24.000000000000114,1,accelerate,2.0,2.0000000000000284,104.20000000000019,16.000000000000114,1,1,accelerate-accelerate,0.08302165567874908,0.16224679350852966,0.056383535265922546,1,0.16224679350852966,0.08302165567874908,0.07922513782978058,0.10586325824260712,"[true, true, true]",False,False,False,67001,0,0843ed3f032eeea0612c508f007d708852bd5b1fffa62c033181097389bc1972,validation_008,1,7,1337296561,15,10.874670639212411,
21,4.2,A,ramp,True,False,107.44000000000021,16.40000000000012,2,decelerate,2.0,-3.000000000000007,123.24000000000024,24.40000000000012,2,1,decelerate-accelerate,-0.1323227882385254,-0.0070861950516700745,0.0075655244290828705,2,0.0075655244290828705,-0.0070861950516700745,0.014651719480752945,0.13988831266760826,"[true, true, true]",False,False,False,67001,0,0843ed3f032eeea0612c508f007d708852bd5b1fffa62c033181097389bc1972,validation_008,1,7,1337296561,15,12.59932687653557,
21,4.2,B,mainline,True,False,123.24000000000024,24.40000000000012,1,accelerate,2.0,2.0000000000000284,107.44000000000021,16.40000000000012,2,1,decelerate-accelerate,0.0932072177529335,0.15579453110694885,0.05179715156555176,1,0.15579453110694885,0.0932072177529335,0.06258731335401535,0.1039973795413971,"[true, true, true]",False,False,False,67001,0,0843ed3f032eeea0612c508f007d708852bd5b1fffa62c033181097389bc1972,validation_008,1,7,1337296561,15,12.59932687653557,
22,4.4,A,ramp,True,False,110.66000000000024,15.800000000000122,2,decelerate,-3.0,-3.000000000000007,128.16000000000025,24.800000000000125,2,1,decelerate-accelerate,-0.12845642864704132,-0.004812091588973999,0.007423797622323036,2,0.007423797622323036,-0.004812091588973999,0.012235889211297035,0.13588022626936436,"[true, true, true]",False,False,False,67001,0,0843ed3f032eeea0612c508f007d708852bd5b1fffa62c033181097389bc1972,validation_008,1,7,1337296561,15,14.522726217600734,
22,4.4,B,mainline,True,False,128.16000000000025,24.800000000000125,1,accelerate,2.0,2.0000000000000284,110.66000000000024,15.800000000000122,2,1,decelerate-accelerate,0.09878098964691162,0.15698903799057007,0.05289139598608017,1,0.15698903799057007,0.09878098964691162,0.05820804834365845,0.1040976420044899,"[true, true, true]",False,False,False,67001,0,0843ed3f032eeea0612c508f007d708852bd5b1fffa62c033181097389bc1972,validation_008,1,7,1337296561,15,14.522726217600734,
23,4.6000000000000005,A,ramp,True,False,113.76000000000026,15.20000000000012,2,decelerate,-3.0,-3.000000000000007,133.16000000000025,25.20000000000013,2,1,decelerate-accelerate,-0.12465763837099075,-0.0025792308151721954,0.007268104702234268,2,0.007268104702234268,-0.0025792308151721954,0.009847335517406464,0.13192574307322502,"[true, true, true]",False,False,False,67001,0,0843ed3f032eeea0612c508f007d708852bd5b1fffa62c033181097389bc1972,validation_008,1,7,1337296561,15,16.64314557568906,
23,4.6000000000000005,B,mainline,True,False,133.16000000000025,25.20000000000013,1,accelerate,2.0,2.0000000000000284,113.76000000000026,15.20000000000012,2,1,decelerate-accelerate,0.10388258099555969,0.15720725059509277,0.05365583300590515,1,0.15720725059509277,0.10388258099555969,0.05332466959953308,0.10355141758918762,"[true, true, true]",False,False,False,67001,0,0843ed3f032eeea0612c508f007d708852bd5b1fffa62c033181097389bc1972,validation_008,1,7,1337296561,15,16.64314557568906,
24,4.800000000000001,A,ramp,True,False,116.74000000000028,14.600000000000119,2,decelerate,-3.0,-3.000000000000007,138.2400000000003,25.600000000000136,2,1,decelerate-accelerate,-0.12108543515205383,-0.0001671425998210907,0.006129015237092972,2,0.006129015237092972,-0.0001671425998210907,0.0062961578369140625,0.1272144503891468,"[true, true, true]",False,False,False,67001,0,0843ed3f032eeea0612c508f007d708852bd5b1fffa62c033181097389bc1972,validation_008,1,7,1337296561,15,18.959584572473602,
24,4.800000000000001,B,mainline,True,False,138.2400000000003,25.600000000000136,1,accelerate,2.0,2.0000000000000284,116.74000000000028,14.600000000000119,2,1,decelerate-accelerate,0.10840154439210892,0.1568676233291626,0.053378552198410034,1,0.1568676233291626,0.10840154439210892,0.04846607893705368,0.10348907113075256,"[true, true, true]",False,False,False,67001,0,0843ed3f032eeea0612c508f007d708852bd5b1fffa62c033181097389bc1972,validation_008,1,7,1337296561,15,18.959584572473602,
25,5.0,A,ramp,True,False,119.60000000000029,14.000000000000117,2,decelerate,-3.0,-3.000000000000007,143.40000000000032,26.000000000000142,2,1,decelerate-accelerate,-0.11782220005989075,0.0023590698838233948,0.0048732273280620575,2,0.0048732273280620575,0.0023590698838233948,0.0025141574442386627,0.1226954273879528,"[true, true, true]",False,False,False,67001,0,0843ed3f032eeea0612c508f007d708852bd5b1fffa62c033181097389bc1972,validation_008,1,7,1337296561,15,21.471778658721547,
25,5.0,B,mainline,True,False,143.40000000000032,26.000000000000142,1,accelerate,2.0,2.0000000000000284,119.60000000000029,14.000000000000117,2,1,decelerate-accelerate,0.11286649107933044,0.15648137032985687,0.05331382155418396,1,0.15648137032985687,0.11286649107933044,0.04361487925052643,0.10316754877567291,"[true, true, true]",False,False,False,67001,0,0843ed3f032eeea0612c508f007d708852bd5b1fffa62c033181097389bc1972,validation_008,1,7,1337296561,15,21.471778658721547,
26,5.2,A,ramp,True,False,122.34000000000032,13.400000000000116,1,accelerate,-3.0,1.999999999999993,148.64000000000033,26.400000000000148,1,1,accelerate-accelerate,-0.11405625939369202,0.004590027034282684,0.003273777663707733,1,0.004590027034282684,0.003273777663707733,0.0013162493705749512,0.1186462864279747,"[true, true, true]",False,False,False,67001,0,0843ed3f032eeea0612c508f007d708852bd5b1fffa62c033181097389bc1972,validation_008,1,7,1337296561,15,24.08031829590739,
26,5.2,B,mainline,True,False,148.64000000000033,26.400000000000148,1,accelerate,2.0,2.0000000000000284,122.34000000000032,13.400000000000116,1,1,accelerate-accelerate,0.1167391836643219,0.15494181215763092,0.05336263030767441,1,0.15494181215763092,0.1167391836643219,0.03820262849330902,0.10157918184995651,"[true, true, true]",False,False,False,67001,0,0843ed3f032eeea0612c508f007d708852bd5b1fffa62c033181097389bc1972,validation_008,1,7,1337296561,15,24.08031829590739,
27,5.4,A,ramp,True,False,125.06000000000033,13.800000000000114,1,accelerate,2.0,1.999999999999993,153.96000000000038,26.800000000000153,1,1,accelerate-accelerate,-0.11352743953466415,0.004196632653474808,0.001979297026991844,1,0.004196632653474808,0.001979297026991844,0.0022173356264829636,0.11772407218813896,"[true, true, true]",False,False,False,67001,0,0843ed3f032eeea0612c508f007d708852bd5b1fffa62c033181097389bc1972,validation_008,1,7,1337296561,15,26.68575854401081,
27,5.4,B,mainline,True,False,153.96000000000038,26.800000000000153,1,accelerate,2.0,2.0000000000000284,125.06000000000033,13.800000000000114,1,1,accelerate-accelerate,0.11890342831611633,0.15444812178611755,0.05352143198251724,1,0.15444812178611755,0.11890342831611633,0.03554469347000122,0.10092668980360031,"[true, true, true]",False,False,False,67001,0,0843ed3f032eeea0612c508f007d708852bd5b1fffa62c033181097389bc1972,validation_008,1,7,1337296561,15,26.68575854401081,
28,5.6000000000000005,A,ramp,True,False,127.86000000000035,14.200000000000113,1,accelerate,2.0,1.999999999999993,159.3600000000004,27.20000000000016,1,1,accelerate-accelerate,-0.11314425617456436,0.003951694816350937,0.0008222721517086029,1,0.003951694816350937,0.0008222721517086029,0.003129422664642334,0.1170959509909153,"[true, true, true]",False,False,False,67001,0,0843ed3f032eeea0612c508f007d708852bd5b1fffa62c033181097389bc1972,validation_008,1,7,1337296561,15,29.288602118262418,
28,5.6000000000000005,B,mainline,True,False,159.3600000000004,27.20000000000016,1,accelerate,2.0,2.0000000000000284,127.86000000000035,14.200000000000113,1,1,accelerate-accelerate,0.12111572176218033,0.15323197841644287,0.053544871509075165,1,0.15323197841644287,0.12111572176218033,0.03211625665426254,0.0996871069073677,"[true, true, true]",False,False,False,67001,0,0843ed3f032eeea0612c508f007d708852bd5b1fffa62c033181097389bc1972,validation_008,1,7,1337296561,15,29.288602118262418,
29,5.800000000000001,A,ramp,True,False,130.74000000000035,14.600000000000112,1,accelerate,2.0,1.999999999999993,164.84000000000043,27.600000000000165,1,1,accelerate-accelerate,-0.11264567822217941,0.0036451220512390137,-0.00020247511565685272,1,0.0036451220512390137,-0.00020247511565685272,0.0038475971668958664,0.11629080027341843,"[true, true, true]",False,False,False,67001,0,0843ed3f032eeea0612c508f007d708852bd5b1fffa62c033181097389bc1972,validation_008,1,7,1337296561,15,31.889687344935993,
29,5.800000000000001,B,mainline,True,False,164.84000000000043,27.600000000000165,1,accelerate,2.0,2.0000000000000284,130.74000000000035,14.600000000000112,1,1,accelerate-accelerate,0.12350410968065262,0.15140187740325928,0.05331190675497055,1,0.15140187740325928,0.12350410968065262,0.02789776772260666,0.09808997064828873,"[true, true, true]",False,False,False,67001,0,0843ed3f032eeea0612c508f007d708852bd5b1fffa62c033181097389bc1972,validation_008,1,7,1337296561,15,31.889687344935993,
30,6.0,A,ramp,True,False,133.7000000000004,15.00000000000011,1,accelerate,2.0,1.999999999999993,170.4000000000005,28.00000000000017,1,1,accelerate-accelerate,-0.11218179017305374,0.0029250457882881165,-0.0013671554625034332,1,0.0029250457882881165,-0.0013671554625034332,0.00429220125079155,0.11510683596134186,"[true, true, true]",False,False,False,67001,0,0843ed3f032eeea0612c508f007d708852bd5b1fffa62c033181097389bc1972,validation_008,1,7,1337296561,15,34.489918840311645,
30,6.0,B,mainline,True,False,170.4000000000005,28.00000000000017,1,accelerate,2.0,2.0000000000000284,133.7000000000004,15.00000000000011,1,1,accelerate-accelerate,0.12600302696228027,0.14949049055576324,0.053093940019607544,1,0.14949049055576324,0.12600302696228027,0.02348746359348297,0.0963965505361557,"[true, true, true]",False,False,False,67001,0,0843ed3f032eeea0612c508f007d708852bd5b1fffa62c033181097389bc1972,validation_008,1,7,1337296561,15,34.489918840311645,
31,6.2,A,ramp,True,False,136.7400000000004,15.400000000000109,1,accelerate,2.0,1.999999999999993,176.04000000000053,28.400000000000176,1,1,accelerate-accelerate,-0.11188006401062012,0.0016144216060638428,-0.0031010061502456665,1,0.0016144216060638428,-0.0031010061502456665,0.004715427756309509,0.11349448561668396,"[true, true, true]",False,False,False,67001,0,0843ed3f032eeea0612c508f007d708852bd5b1fffa62c033181097389bc1972,validation_008,1,7,1337296561,15,37.089931239357725,
31,6.2,B,mainline,True,False,176.04000000000053,28.400000000000176,1,accelerate,2.0,2.0000000000000284,136.7400000000004,15.400000000000109,1,1,accelerate-accelerate,0.12857389450073242,0.14751078188419342,0.05286797136068344,1,0.14751078188419342,0.12857389450073242,0.018936887383461,0.09464281052350998,"[true, true, true]",False,False,False,67001,0,0843ed3f032eeea0612c508f007d708852bd5b1fffa62c033181097389bc1972,validation_008,1,7,1337296561,15,37.089931239357725,
32,6.4,A,ramp,True,False,139.8600000000004,15.800000000000107,1,accelerate,2.0,2.0000000000000284,181.76000000000056,28.800000000000182,1,1,accelerate-accelerate,-0.11156764626502991,0.0005355179309844971,-0.0044138673692941666,1,0.0005355179309844971,-0.0044138673692941666,0.004949385300278664,0.1121031641960144,"[true, true, true]",False,False,False,67001,0,0843ed3f032eeea0612c508f007d708852bd5b1fffa62c033181097389bc1972,validation_008,1,7,1337296561,15,39.689931239476266,
32,6.4,B,mainline,True,False,181.76000000000056,28.800000000000182,1,accelerate,2.0,2.0000000000000284,139.8600000000004,15.800000000000107,1,1,accelerate-accelerate,0.13073408603668213,0.1460360884666443,0.05255889147520065,1,0.1460360884666443,0.13073408603668213,0.015302002429962158,0.09347719699144363,"[true, true, true]",False,False,False,67001,0,0843ed3f032eeea0612c508f007d708852bd5b1fffa62c033181097389bc1972,validation_008,1,7,1337296561,15,39.689931239476266,
33,6.6000000000000005,A,ramp,True,False,143.06000000000046,16.20000000000011,1,accelerate,2.0,2.0000000000000284,187.5600000000006,29.200000000000188,1,1,accelerate-accelerate,-0.11114512383937836,-0.0009556412696838379,-0.005653373897075653,1,-0.0009556412696838379,-0.005653373897075653,0.004697732627391815,0.11018948256969452,"[true, true, true]",False,False,False,67001,0,0843ed3f032eeea0612c508f007d708852bd5b1fffa62c033181097389bc1972,validation_008,1,7,1337296561,15,42.28993123947626,
33,6.6000000000000005,B,mainline,True,False,187.5600000000006,29.200000000000188,1,accelerate,2.0,2.0000000000000284,143.06000000000046,16.20000000000011,1,1,accelerate-accelerate,0.1319887489080429,0.1457832008600235,0.052120640873909,1,0.1457832008600235,0.1319887489080429,0.01379445195198059,0.0936625599861145,"[true, true, true]",False,False,False,67001,0,0843ed3f032eeea0612c508f007d708852bd5b1fffa62c033181097389bc1972,validation_008,1,7,1337296561,15,42.28993123947626,
34,6.800000000000001,A,ramp,True,False,146.3400000000005,16.600000000000115,1,accelerate,2.0,2.0000000000000284,193.44000000000062,29.600000000000193,1,1,accelerate-accelerate,-0.11075553297996521,-0.00239398330450058,-0.006867993623018265,1,-0.00239398330450058,-0.006867993623018265,0.004474010318517685,0.10836154967546463,"[true, true, true]",False,False,False,67001,0,0843ed3f032eeea0612c508f007d708852bd5b1fffa62c033181097389bc1972,validation_008,1,7,1337296561,15,44.88993123947628,
34,6.800000000000001,B,mainline,True,False,193.44000000000062,29.600000000000193,1,accelerate,2.0,1.9999999999960494,146.3400000000005,16.600000000000115,1,1,accelerate-accelerate,0.13324511051177979,0.14550578594207764,0.05164271593093872,1,0.14550578594207764,0.13324511051177979,0.012260675430297852,0.09386307001113892,"[true, true, true]",False,False,False,67001,0,0843ed3f032eeea0612c508f007d708852bd5b1fffa62c033181097389bc1972,validation_008,1,7,1337296561,15,44.88993123947628,
35,7.0,A,ramp,True,False,149.7000000000005,17.00000000000012,1,accelerate,2.0,2.0000000000000284,199.40000000000066,30.0,1,1,accelerate-accelerate,-0.11019650846719742,-0.0037830322980880737,-0.007927075028419495,1,-0.0037830322980880737,-0.007927075028419495,0.004144042730331421,0.10641347616910934,"[true, true, true]",False,False,False,67001,0,0843ed3f032eeea0612c508f007d708852bd5b1fffa62c033181097389bc1972,validation_008,1,7,1337296561,15,47.44993123947626,
35,7.0,B,mainline,True,False,199.40000000000066,30.0,1,accelerate,2.0,0.0,149.7000000000005,17.00000000000012,1,1,accelerate-accelerate,0.134548157453537,0.14519751071929932,0.051138415932655334,1,0.14519751071929932,0.134548157453537,0.010649353265762329,0.09405909478664398,"[true, true, true]",False,False,False,67001,0,0843ed3f032eeea0612c508f007d708852bd5b1fffa62c033181097389bc1972,validation_008,1,7,1337296561,15,47.44993123947626,
36,7.2,A,ramp,True,False,153.14000000000053,17.400000000000126,1,accelerate,2.0,2.0000000000000284,205.40000000000066,30.0,1,1,accelerate-accelerate,-0.11076521873474121,-0.006231352686882019,-0.008687954396009445,1,-0.006231352686882019,-0.008687954396009445,0.002456601709127426,0.10453386604785919,"[true, true, true]",False,False,False,67001,0,0843ed3f032eeea0612c508f007d708852bd5b1fffa62c033181097389bc1972,validation_008,1,7,1337296561,15,49.92993123947625,
36,7.2,B,mainline,True,False,205.40000000000066,30.0,1,accelerate,2.0,0.0,153.14000000000053,17.400000000000126,1,1,accelerate-accelerate,0.13481958210468292,0.1453462839126587,0.051203250885009766,1,0.1453462839126587,0.13481958210468292,0.010526701807975769,0.09414303302764893,"[true, true, true]",False,False,False,67001,0,0843ed3f032eeea0612c508f007d708852bd5b1fffa62c033181097389bc1972,validation_008,1,7,1337296561,15,49.92993123947625,
37,7.4,A,ramp,True,False,156.66000000000054,17.800000000000132,1,accelerate,2.0,2.0000000000000284,211.40000000000066,30.0,1,1,accelerate-accelerate,-0.11136341840028763,-0.008605852723121643,-0.009437944740056992,1,-0.008605852723121643,-0.009437944740056992,0.0008320920169353485,0.10275756567716599,"[true, true, true]",False,False,False,67001,0,0843ed3f032eeea0612c508f007d708852bd5b1fffa62c033181097389bc1972,validation_008,1,7,1337296561,15,52.329931239476224,
37,7.4,B,mainline,True,False,211.40000000000066,30.0,1,accelerate,2.0,0.0,156.66000000000054,17.800000000000132,1,1,accelerate-accelerate,0.13563388586044312,0.14558511972427368,0.05174042284488678,1,0.14558511972427368,0.13563388586044312,0.009951233863830566,0.0938446968793869,"[true, true, true]",False,False,False,67001,0,0843ed3f032eeea0612c508f007d708852bd5b1fffa62c033181097389bc1972,validation_008,1,7,1337296561,15,52.329931239476224,
38,7.6000000000000005,A,ramp,True,False,160.26000000000056,18.200000000000138,1,accelerate,2.0,2.0000000000000284,217.40000000000066,30.0,1,1,accelerate-accelerate,-0.11197434365749359,-0.010183524340391159,-0.01023070141673088,1,-0.010183524340391159,-0.01023070141673088,4.717707633972168e-05,0.10179081931710243,"[true, true, true]",False,False,False,67001,0,0843ed3f032eeea0612c508f007d708852bd5b1fffa62c033181097389bc1972,validation_008,1,7,1337296561,15,54.64993123947619,
38,7.6000000000000005,B,mainline,True,False,217.40000000000066,30.0,1,accelerate,2.0,0.0,160.26000000000056,18.200000000000138,1,1,accelerate-accelerate,0.13633672893047333,0.14565032720565796,0.05211659520864487,1,0.14565032720565796,0.13633672893047333,0.009313598275184631,0.09353373199701309,"[true, true, true]",False,False,False,67001,0,0843ed3f032eeea0612c508f007d708852bd5b1fffa62c033181097389bc1972,validation_008,1,7,1337296561,15,54.64993123947619,
39,7.800000000000001,A,ramp,True,False,163.9400000000006,18.600000000000144,2,decelerate,2.0,-2.9999999999999716,223.40000000000066,30.0,2,1,decelerate-accelerate,-0.09346550703048706,0.019703514873981476,0.03662464767694473,2,0.03662464767694473,0.019703514873981476,0.016921132802963257,0.1300901547074318,"[true, true, true]",False,False,False,67001,0,0843ed3f032eeea0612c508f007d708852bd5b1fffa62c033181097389bc1972,validation_008,1,7,1337296561,15,56.989931239476164,
39,7.800000000000001,B,mainline,True,False,223.40000000000066,30.0,1,accelerate,2.0,0.0,163.9400000000006,18.600000000000144,2,1,decelerate-accelerate,0.12674930691719055,0.19266243278980255,0.049809567630290985,1,0.19266243278980255,0.12674930691719055,0.065913125872612,0.14285286515951157,"[true, true, true]",False,False,False,67001,0,0843ed3f032eeea0612c508f007d708852bd5b1fffa62c033181097389bc1972,validation_008,1,7,1337296561,15,56.989931239476164,
40,8.0,A,ramp,True,False,167.60000000000062,18.00000000000015,2,decelerate,-3.0,-2.9999999999999716,229.40000000000066,30.0,2,1,decelerate-accelerate,-0.09263230860233307,0.01825510710477829,0.03606481850147247,2,0.03606481850147247,0.01825510710477829,0.017809711396694183,0.12869712710380554,"[true, true, true]",False,False,False,67001,0,0843ed3f032eeea0612c508f007d708852bd5b1fffa62c033181097389bc1972,validation_008,1,7,1337296561,15,59.44993123947614,
40,8.0,B,mainline,True,False,229.40000000000066,30.0,1,accelerate,2.0,0.0,167.60000000000062,18.00000000000015,2,1,decelerate-accelerate,0.12903976440429688,0.1914721429347992,0.04968661069869995,1,0.1914721429347992,0.12903976440429688,0.06243237853050232,0.14178553223609924,"[true, true, true]",False,False,False,67001,0,0843ed3f032eeea0612c508f007d708852bd5b1fffa62c033181097389bc1972,validation_008,1,7,1337296561,15,59.44993123947614,
41,8.200000000000001,A,ramp,True,False,171.14000000000064,17.400000000000155,2,decelerate,-3.0,-2.9999999999999716,235.40000000000066,30.0,2,1,decelerate-accelerate,-0.09168142080307007,0.016735974699258804,0.03549256548285484,2,0.03549256548285484,0.016735974699258804,0.01875659078359604,0.1271739862859249,"[true, true, true]",False,False,False,67001,0,0843ed3f032eeea0612c508f007d708852bd5b1fffa62c033181097389bc1972,validation_008,1,7,1337296561,15,62.0299312394761,
41,8.200000000000001,B,mainline,True,False,235.40000000000066,30.0,1,accelerate,2.0,0.0,171.14000000000064,17.400000000000155,2,1,decelerate-accelerate,0.13125818967819214,0.19033706188201904,0.04959460347890854,1,0.19033706188201904,0.13125818967819214,0.059078872203826904,0.1407424584031105,"[true, true, true]",False,False,False,67001,0,0843ed3f032eeea0612c508f007d708852bd5b1fffa62c033181097389bc1972,validation_008,1,7,1337296561,15,62.0299312394761,
42,8.4,A,ramp,True,False,174.56000000000068,16.80000000000016,2,decelerate,-3.0,-2.9999999999999716,241.40000000000066,30.0,2,1,decelerate-accelerate,-0.0915856808423996,0.015466779470443726,0.034802451729774475,2,0.034802451729774475,0.015466779470443726,0.01933567225933075,0.12638813257217407,"[true, true, true]",False,False,False,67001,0,0843ed3f032eeea0612c508f007d708852bd5b1fffa62c033181097389bc1972,validation_008,1,7,1337296561,15,64.72993123947606,
42,8.4,B,mainline,True,False,241.40000000000066,30.0,1,accelerate,2.0,0.0,174.56000000000068,16.80000000000016,2,1,decelerate-accelerate,0.13340379297733307,0.18925441801548004,0.049533210694789886,1,0.18925441801548004,0.13340379297733307,0.05585062503814697,0.13972120732069016,"[true, true, true]",False,False,False,67001,0,0843ed3f032eeea0612c508f007d708852bd5b1fffa62c033181097389bc1972,validation_008,1,7,1337296561,15,64.72993123947606,
43,8.6,A,ramp,True,False,177.86000000000072,16.200000000000166,2,decelerate,-3.0,-3.000000000000007,247.40000000000066,30.0,2,1,decelerate-accelerate,-0.09184542298316956,0.014781758189201355,0.034008998423814774,2,0.034008998423814774,0.014781758189201355,0.01922724023461342,0.12585442140698433,"[true, true, true]",False,False,False,67001,0,0843ed3f032eeea0612c508f007d708852bd5b1fffa62c033181097389bc1972,validation_008,1,7,1337296561,15,67.54993123947602,
43,8.6,B,mainline,True,False,247.40000000000066,30.0,1,accelerate,2.0,0.0,177.86000000000072,16.200000000000166,2,1,decelerate-accelerate,0.13557472825050354,0.18814381957054138,0.04962851107120514,1,0.18814381957054138,0.13557472825050354,0.05256909132003784,0.13851530849933624,"[true, true, true]",False,False,False,67001,0,0843ed3f032eeea0612c508f007d708852bd5b1fffa62c033181097389bc1972,validation_008,1,7,1337296561,15,67.54993123947602,
44,8.8,A,ramp,True,False,181.04000000000076,15.600000000000167,2,decelerate,-3.0,-3.000000000000007,253.40000000000066,30.0,2,1,decelerate-accelerate,-0.09187251329421997,0.014473088085651398,0.033163778483867645,2,0.033163778483867645,0.014473088085651398,0.018690690398216248,0.12503629177808762,"[true, true, true]",False,False,False,67001,0,0843ed3f032eeea0612c508f007d708852bd5b1fffa62c033181097389bc1972,validation_008,1,7,1337296561,15,70.489931239476,
44,8.8,B,mainline,True,False,253.40000000000066,30.0,1,accelerate,2.0,0.0,181.04000000000076,15.600000000000167,2,1,decelerate-accelerate,0.13820922374725342,0.1870781034231186,0.04948445409536362,1,0.1870781034231186,0.13820922374725342,0.04886887967586517,0.13759364932775497,"[true, true, true]",False,False,False,67001,0,0843ed3f032eeea0612c508f007d708852bd5b1fffa62c033181097389bc1972,validation_008,1,7,1337296561,15,70.489931239476,
45,9.0,A,ramp,True,False,184.1000000000008,15.000000000000165,2,decelerate,-3.0,-3.000000000000007,259.40000000000066,30.0,2,1,decelerate-accelerate,-0.09147097170352936,0.014174602925777435,0.03235582262277603,2,0.03235582262277603,0.014174602925777435,0.018181219696998596,0.12382679432630539,"[true, true, true]",False,False,False,67001,0,0843ed3f032eeea0612c508f007d708852bd5b1fffa62c033181097389bc1972,validation_008,1,7,1337296561,15,,
45,9.0,B,mainline,True,False,259.40000000000066,30.0,1,accelerate,2.0,0.0,184.1000000000008,15.000000000000165,2,1,decelerate-accelerate,0.14031270146369934,0.18623903393745422,0.04917730391025543,1,0.18623903393745422,0.14031270146369934,0.04592633247375488,0.1370617300271988,"[true, true, true]",False,False,False,67001,0,0843ed3f032eeea0612c508f007d708852bd5b1fffa62c033181097389bc1972,validation_008,1,7,1337296561,15,,
46,9.200000000000001,A,ramp,True,False,187.04000000000082,14.400000000000164,2,decelerate,-3.0,-3.000000000000007,260.90000000000066,0.0,2,0,active-inactive,-0.21671663224697113,0.02568226307630539,0.0675385594367981,2,0.0675385594367981,0.02568226307630539,0.041856296360492706,0.2842551916837692,"[true, true, true]",False,False,False,67001,0,0843ed3f032eeea0612c508f007d708852bd5b1fffa62c033181097389bc1972,validation_008,1,7,1337296561,15,,
46,9.200000000000001,B,mainline,False,True,260.90000000000066,0.0,0,maintain,0.0,0.0,187.04000000000082,14.400000000000164,2,0,active-inactive,0.06833542138338089,0.1356949806213379,-0.00692523829638958,1,0.1356949806213379,0.06833542138338089,0.067359559237957,0.14262021891772747,"[true, true, true]",False,False,False,67001,0,0843ed3f032eeea0612c508f007d708852bd5b1fffa62c033181097389bc1972,validation_008,1,7,1337296561,15,,
47,9.4,A,ramp,True,False,189.86000000000084,13.800000000000162,2,decelerate,-3.0,-3.000000000000007,260.90000000000066,0.0,2,0,active-inactive,-0.2169317901134491,0.027292124927043915,0.06726990640163422,2,0.06726990640163422,0.027292124927043915,0.0399777814745903,0.2842016965150833,"[true, true, true]",False,False,False,67001,0,0843ed3f032eeea0612c508f007d708852bd5b1fffa62c033181097389bc1972,validation_008,1,7,1337296561,15,,
47,9.4,B,mainline,False,True,260.90000000000066,0.0,0,maintain,0.0,0.0,189.86000000000084,13.800000000000162,2,0,active-inactive,0.07025405019521713,0.13585588335990906,-0.006198981776833534,1,0.13585588335990906,0.07025405019521713,0.06560183316469193,0.1420548651367426,"[true, true, true]",False,False,False,67001,0,0843ed3f032eeea0612c508f007d708852bd5b1fffa62c033181097389bc1972,validation_008,1,7,1337296561,15,,
48,9.600000000000001,A,ramp,True,False,192.56000000000088,13.200000000000161,2,decelerate,-3.0,-3.000000000000007,260.90000000000066,0.0,2,0,active-inactive,-0.21700270473957062,0.028854981064796448,0.0669148862361908,2,0.0669148862361908,0.028854981064796448,0.03805990517139435,0.2839175909757614,"[true, true, true]",False,False,False,67001,0,0843ed3f032eeea0612c508f007d708852bd5b1fffa62c033181097389bc1972,validation_008,1,7,1337296561,15,,
48,9.600000000000001,B,mainline,False,True,260.90000000000066,0.0,0,maintain,0.0,0.0,192.56000000000088,13.200000000000161,2,0,active-inactive,0.07203351706266403,0.13600996136665344,-0.0054581910371780396,1,0.13600996136665344,0.07203351706266403,0.06397644430398941,0.14146815240383148,"[true, true, true]",False,False,False,67001,0,0843ed3f032eeea0612c508f007d708852bd5b1fffa62c033181097389bc1972,validation_008,1,7,1337296561,15,,
49,9.8,A,ramp,True,False,195.14000000000092,12.60000000000016,2,decelerate,-3.0,-3.000000000000007,260.90000000000066,0.0,2,0,active-inactive,-0.21684658527374268,0.030364088714122772,0.06649131327867508,2,0.06649131327867508,0.030364088714122772,0.03612722456455231,0.28333789855241776,"[true, true, true]",False,False,False,67001,0,0843ed3f032eeea0612c508f007d708852bd5b1fffa62c033181097389bc1972,validation_008,1,7,1337296561,15,,
49,9.8,B,mainline,False,True,260.90000000000066,0.0,0,maintain,0.0,0.0,195.14000000000092,12.60000000000016,2,0,active-inactive,0.07375660538673401,0.13607347011566162,-0.004686867818236351,1,0.13607347011566162,0.07375660538673401,0.06231686472892761,0.14076033793389797,"[true, true, true]",False,False,False,67001,0,0843ed3f032eeea0612c508f007d708852bd5b1fffa62c033181097389bc1972,validation_008,1,7,1337296561,15,,
50,10.0,A,ramp,True,False,197.60000000000096,12.000000000000158,2,decelerate,-3.0,-3.000000000000007,260.90000000000066,0.0,2,0,active-inactive,-0.21664118766784668,0.03187919408082962,0.06601778417825699,2,0.06601778417825699,0.03187919408082962,0.03413859009742737,0.28265897184610367,"[true, true, true]",False,False,False,67001,0,0843ed3f032eeea0612c508f007d708852bd5b1fffa62c033181097389bc1972,validation_008,1,7,1337296561,15,,
50,10.0,B,mainline,False,True,260.90000000000066,0.0,0,maintain,0.0,0.0,197.60000000000096,12.000000000000158,2,0,active-inactive,0.07545427232980728,0.13610365986824036,-0.0038550561293959618,1,0.13610365986824036,0.07545427232980728,0.060649387538433075,0.13995871599763632,"[true, true, true]",False,False,False,67001,0,0843ed3f032eeea0612c508f007d708852bd5b1fffa62c033181097389bc1972,validation_008,1,7,1337296561,15,,
51,10.200000000000001,A,ramp,True,False,199.940000000001,11.400000000000157,2,decelerate,-3.0,-3.000000000000007,260.90000000000066,0.0,2,0,active-inactive,-0.21638928353786469,0.03339672461152077,0.06549854576587677,2,0.06549854576587677,0.03339672461152077,0.032101821154356,0.28188782930374146,"[true, true, true]",False,False,False,67001,0,0843ed3f032eeea0612c508f007d708852bd5b1fffa62c033181097389bc1972,validation_008,1,7,1337296561,15,,
51,10.200000000000001,B,mainline,False,True,260.90000000000066,0.0,0,maintain,0.0,0.0,199.940000000001,11.400000000000157,2,0,active-inactive,0.07716541737318039,0.13612009584903717,-0.00299081951379776,1,0.13612009584903717,0.07716541737318039,0.05895467847585678,0.13911091536283493,"[true, true, true]",False,False,False,67001,0,0843ed3f032eeea0612c508f007d708852bd5b1fffa62c033181097389bc1972,validation_008,1,7,1337296561,15,,
52,10.4,A,ramp,True,False,202.16000000000102,10.800000000000155,2,decelerate,-3.0,-3.000000000000007,260.90000000000066,0.0,2,0,active-inactive,-0.21609345078468323,0.03491312265396118,0.06493772566318512,2,0.06493772566318512,0.03491312265396118,0.030024603009223938,0.28103117644786835,"[true, true, true]",False,False,False,67001,0,0843ed3f032eeea0612c508f007d708852bd5b1fffa62c033181097389bc1972,validation_008,1,7,1337296561,15,,
52,10.4,B,mainline,False,True,260.90000000000066,0.0,0,maintain,0.0,0.0,202.16000000000102,10.800000000000155,2,0,active-inactive,0.07881368696689606,0.13615009188652039,-0.002091115340590477,1,0.13615009188652039,0.07881368696689606,0.05733640491962433,0.13824120722711086,"[true, true, true]",False,False,False,67001,0,0843ed3f032eeea0612c508f007d708852bd5b1fffa62c033181097389bc1972,validation_008,1,7,1337296561,15,,
53,10.600000000000001,A,ramp,True,False,204.26000000000104,10.200000000000154,2,decelerate,-3.0,-3.000000000000007,260.90000000000066,0.0,2,0,active-inactive,-0.21588367223739624,0.03632528707385063,0.06429341435432434,2,0.06429341435432434,0.03632528707385063,0.02796812728047371,0.2801770865917206,"[true, true, true]",False,False,False,67001,0,0843ed3f032eeea0612c508f007d708852bd5b1fffa62c033181097389bc1972,validation_008,1,7,1337296561,15,,
53,10.600000000000001,B,mainline,False,True,260.90000000000066,0.0,0,maintain,0.0,0.0,204.26000000000104,10.200000000000154,2,0,active-inactive,0.08039337396621704,0.13618001341819763,-0.001140287145972252,1,0.13618001341819763,0.08039337396621704,0.05578663945198059,0.13732030056416988,"[true, true, true]",False,False,False,67001,0,0843ed3f032eeea0612c508f007d708852bd5b1fffa62c033181097389bc1972,validation_008,1,7,1337296561,15,,
54,10.8,A,ramp,True,False,206.24000000000106,9.600000000000152,2,decelerate,-3.0,-3.000000000000007,260.90000000000066,0.0,2,0,active-inactive,-0.21528556942939758,0.03725461661815643,0.06357578188180923,2,0.06357578188180923,0.03725461661815643,0.0263211652636528,0.2788613513112068,"[true, true, true]",False,False,False,67001,0,0843ed3f032eeea0612c508f007d708852bd5b1fffa62c033181097389bc1972,validation_008,1,7,1337296561,15,,
54,10.8,B,mainline,False,True,260.90000000000066,0.0,0,maintain,0.0,0.0,206.24000000000106,9.600000000000152,2,0,active-inactive,0.08173216879367828,0.13542261719703674,2.029724419116974e-05,1,0.13542261719703674,0.08173216879367828,0.05369044840335846,0.13540231995284557,"[true, true, true]",False,False,False,67001,0,0843ed3f032eeea0612c508f007d708852bd5b1fffa62c033181097389bc1972,validation_008,1,7,1337296561,15,,
55,11.0,A,ramp,True,False,208.1000000000011,9.000000000000151,2,decelerate,-3.0,-3.000000000000007,260.90000000000066,0.0,2,0,active-inactive,-0.21462997794151306,0.03814251720905304,0.06282464414834976,2,0.06282464414834976,0.03814251720905304,0.024682126939296722,0.2774546220898628,"[true, true, true]",False,False,False,67001,0,0843ed3f032eeea0612c508f007d708852bd5b1fffa62c033181097389bc1972,validation_008,1,7,1337296561,15,,
55,11.0,B,mainline,False,True,260.90000000000066,0.0,0,maintain,0.0,0.0,208.1000000000011,9.000000000000151,2,0,active-inactive,0.08302498608827591,0.13466179370880127,0.0011625513434410095,1,0.13466179370880127,0.08302498608827591,0.05163680762052536,0.13349924236536026,"[true, true, true]",False,False,False,67001,0,0843ed3f032eeea0612c508f007d708852bd5b1fffa62c033181097389bc1972,validation_008,1,7,1337296561,15,,
56,11.200000000000001,A,ramp,True,False,209.84000000000114,8.40000000000015,2,decelerate,-3.0,-3.000000000000007,260.90000000000066,0.0,2,0,active-inactive,-0.21394741535186768,0.03901855647563934,0.06204487383365631,2,0.06204487383365631,0.03901855647563934,0.023026317358016968,0.275992289185524,"[true, true, true]",False,False,False,67001,0,0843ed3f032eeea0612c508f007d708852bd5b1fffa62c033181097389bc1972,validation_008,1,7,1337296561,15,,
56,11.200000000000001,B,mainline,False,True,260.90000000000066,0.0,0,maintain,0.0,0.0,209.84000000000114,8.40000000000015,2,0,active-inactive,0.08427084982395172,0.13392773270606995,0.0023084692656993866,1,0.13392773270606995,0.08427084982395172,0.049656882882118225,0.13161926344037056,"[true, true, true]",False,False,False,67001,0,0843ed3f032eeea0612c508f007d708852bd5b1fffa62c033181097389bc1972,validation_008,1,7,1337296561,15,,
57,11.4,A,ramp,True,False,211.46000000000117,7.800000000000148,2,decelerate,-3.0,-3.000000000000007,260.90000000000066,0.0,2,0,active-inactive,-0.21323999762535095,0.039882004261016846,0.0612395703792572,2,0.0612395703792572,0.039882004261016846,0.021357566118240356,0.27447956800460815,"[true, true, true]",False,False,False,67001,0,0843ed3f032eeea0612c508f007d708852bd5b1fffa62c033181097389bc1972,validation_008,1,7,1337296561,15,,
57,11.4,B,mainline,False,True,260.90000000000066,0.0,0,maintain,0.0,0.0,211.46000000000117,7.800000000000148,2,0,active-inactive,0.08547087013721466,0.13322053849697113,0.00345727801322937,1,0.13322053849697113,0.08547087013721466,0.04774966835975647,0.12976326048374176,"[true, true, true]",False,False,False,67001,0,0843ed3f032eeea0612c508f007d708852bd5b1fffa62c033181097389bc1972,validation_008,1,7,1337296561,15,,
58,11.600000000000001,A,ramp,True,False,212.9600000000012,7.200000000000147,2,decelerate,-3.0,-3.000000000000007,260.90000000000066,0.0,2,0,active-inactive,-0.21251434087753296,0.04073644056916237,0.06042633205652237,2,0.06042633205652237,0.04073644056916237,0.01968989148736,0.27294067293405533,"[true, true, true]",False,False,False,67001,0,0843ed3f032eeea0612c508f007d708852bd5b1fffa62c033181097389bc1972,validation_008,1,7,1337296561,15,,
58,11.600000000000001,B,mainline,False,True,260.90000000000066,0.0,0,maintain,0.0,0.0,212.9600000000012,7.200000000000147,2,0,active-inactive,0.08662600815296173,0.13254034519195557,0.004608273506164551,1,0.13254034519195557,0.08662600815296173,0.045914337038993835,0.12793207168579102,"[true, true, true]",False,False,False,67001,0,0843ed3f032eeea0612c508f007d708852bd5b1fffa62c033181097389bc1972,validation_008,1,7,1337296561,15,,
59,11.8,A,ramp,True,False,214.34000000000123,6.600000000000145,2,decelerate,-3.0,-3.000000000000007,260.90000000000066,0.0,2,0,active-inactive,-0.2117847502231598,0.04154408723115921,0.05978138744831085,2,0.05978138744831085,0.04154408723115921,0.018237300217151642,0.27156613767147064,"[true, true, true]",False,False,False,67001,0,0843ed3f032eeea0612c508f007d708852bd5b1fffa62c033181097389bc1972,validation_008,1,7,1337296561,15,,
59,11.8,B,mainline,False,True,260.90000000000066,0.0,0,maintain,0.0,0.0,214.34000000000123,6.600000000000145,2,0,active-inactive,0.08756275475025177,0.13198551535606384,0.005618762224912643,1,0.13198551535606384,0.08756275475025177,0.04442276060581207,0.1263667531311512,"[true, true, true]",False,False,False,67001,0,0843ed3f032eeea0612c508f007d708852bd5b1fffa62c033181097389bc1972,validation_008,1,7,1337296561,15,,
60,12.0,A,ramp,True,False,215.60000000000124,6.000000000000144,2,decelerate,-3.0,-3.000000000000007,260.90000000000066,0.0,2,0,active-inactive,-0.21099761128425598,0.042271241545677185,0.059086963534355164,2,0.059086963534355164,0.042271241545677185,0.01681572198867798,0.27008457481861115,"[true, true, true]",False,False,False,67001,0,0843ed3f032eeea0612c508f007d708852bd5b1fffa62c033181097389bc1972,validation_008,1,7,1337296561,15,,
60,12.0,B,mainline,False,True,260.90000000000066,0.0,0,maintain,0.0,0.0,215.60000000000124,6.000000000000144,2,0,active-inactive,0.08841422200202942,0.1314815878868103,0.006595976650714874,1,0.1314815878868103,0.08841422200202942,0.043067365884780884,0.12488561123609543,"[true, true, true]",False,False,False,67001,0,0843ed3f032eeea0612c508f007d708852bd5b1fffa62c033181097389bc1972,validation_008,1,7,1337296561,15,,
61,12.200000000000001,A,ramp,True,False,216.74000000000126,5.4000000000001425,2,decelerate,-3.0,-3.000000000000007,260.90000000000066,0.0,2,0,active-inactive,-0.2101898193359375,0.04297884181141853,0.058375533670186996,2,0.058375533670186996,0.04297884181141853,0.015396691858768463,0.2685653530061245,"[true, true, true]",False,False,False,67001,0,0843ed3f032eeea0612c508f007d708852bd5b1fffa62c033181097389bc1972,validation_008,1,7,1337296561,15,,
61,12.200000000000001,B,mainline,False,True,260.90000000000066,0.0,0,maintain,0.0,0.0,216.74000000000126,5.4000000000001425,2,0,active-inactive,0.0891687273979187,0.13089150190353394,0.007609270513057709,1,0.13089150190353394,0.0891687273979187,0.041722774505615234,0.12328223139047623,"[true, true, true]",False,False,False,67001,0,0843ed3f032eeea0612c508f007d708852bd5b1fffa62c033181097389bc1972,validation_008,1,7,1337296561,15,,
62,12.4,A,ramp,True,False,217.7600000000013,4.800000000000141,2,decelerate,-3.0,-3.000000000000007,260.90000000000066,0.0,2,0,active-inactive,-0.20936264097690582,0.04366680979728699,0.057648759335279465,2,0.057648759335279465,0.04366680979728699,0.013981949537992477,0.2670114003121853,"[true, true, true]",False,False,False,67001,0,0843ed3f032eeea0612c508f007d708852bd5b1fffa62c033181097389bc1972,validation_008,1,7,1337296561,15,,
62,12.4,B,mainline,False,True,260.90000000000066,0.0,0,maintain,0.0,0.0,217.7600000000013,4.800000000000141,2,0,active-inactive,0.08948417752981186,0.13006062805652618,0.008625883609056473,1,0.13006062805652618,0.08948417752981186,0.040576450526714325,0.12143474444746971,"[true, true, true]",False,False,False,67001,0,0843ed3f032eeea0612c508f007d708852bd5b1fffa62c033181097389bc1972,validation_008,1,7,1337296561,15,,
63,12.600000000000001,A,ramp,True,False,218.66000000000133,4.20000000000014,2,decelerate,-3.0,-2.9999999999999982,260.90000000000066,0.0,2,0,active-inactive,-0.2085174173116684,0.04433497413992882,0.056908123195171356,2,0.056908123195171356,0.04433497413992882,0.012573149055242538,0.26542554050683975,"[true, true, true]",False,False,False,67001,0,0843ed3f032eeea0612c508f007d708852bd5b1fffa62c033181097389bc1972,validation_008,1,7,1337296561,15,,
63,12.600000000000001,B,mainline,False,True,260.90000000000066,0.0,0,maintain,0.0,0.0,218.66000000000133,4.20000000000014,2,0,active-inactive,0.08962207287549973,0.12912660837173462,0.009527962654829025,1,0.12912660837173462,0.08962207287549973,0.039504535496234894,0.1195986457169056,"[true, true, true]",False,False,False,67001,0,0843ed3f032eeea0612c508f007d708852bd5b1fffa62c033181097389bc1972,validation_008,1,7,1337296561,15,,
64,12.8,A,ramp,True,False,219.44000000000136,3.6000000000001395,2,decelerate,-3.0,-2.9999999999999982,260.90000000000066,0.0,2,0,active-inactive,-0.20768123865127563,0.04502382129430771,0.05621149763464928,2,0.05621149763464928,0.04502382129430771,0.011187676340341568,0.2638927362859249,"[true, true, true]",False,False,False,67001,0,0843ed3f032eeea0612c508f007d708852bd5b1fffa62c033181097389bc1972,validation_008,1,7,1337296561,15,,
64,12.8,B,mainline,False,True,260.90000000000066,0.0,0,maintain,0.0,0.0,219.44000000000136,3.6000000000001395,2,0,active-inactive,0.08971352875232697,0.12821906805038452,0.010452456772327423,1,0.12821906805038452,0.08971352875232697,0.038505539298057556,0.1177666112780571,"[true, true, true]",False,False,False,67001,0,0843ed3f032eeea0612c508f007d708852bd5b1fffa62c033181097389bc1972,validation_008,1,7,1337296561,15,,
65,13.0,A,ramp,True,False,220.1000000000014,3.00000000000014,2,decelerate,-3.0,-2.9999999999999982,260.90000000000066,0.0,2,0,active-inactive,-0.20688045024871826,0.04577271640300751,0.055615101009607315,2,0.055615101009607315,0.04577271640300751,0.009842384606599808,0.2624955512583256,"[true, true, true]",False,False,False,67001,0,0843ed3f032eeea0612c508f007d708852bd5b1fffa62c033181097389bc1972,validation_008,1,7,1337296561,15,,
65,13.0,B,mainline,False,True,260.90000000000066,0.0,0,maintain,0.0,0.0,220.1000000000014,3.00000000000014,2,0,active-inactive,0.08978687226772308,0.12733551859855652,0.011335516348481178,1,0.12733551859855652,0.08978687226772308,0.037548646330833435,0.11600000225007534,"[true, true, true]",False,False,False,67001,0,0843ed3f032eeea0612c508f007d708852bd5b1fffa62c033181097389bc1972,validation_008,1,7,1337296561,15,,
66,13.200000000000001,A,ramp,True,False,220.6400000000014,2.4000000000001402,2,decelerate,-3.0,-2.9999999999999982,260.90000000000066,0.0,2,0,active-inactive,-0.2060662806034088,0.04650386795401573,0.05501200631260872,2,0.05501200631260872,0.04650386795401573,0.008508138358592987,0.26107828691601753,"[true, true, true]",False,False,False,67001,0,0843ed3f032eeea0612c508f007d708852bd5b1fffa62c033181097389bc1972,validation_008,1,7,1337296561,15,,
66,13.200000000000001,B,mainline,False,True,260.90000000000066,0.0,0,maintain,0.0,0.0,220.6400000000014,2.4000000000001402,2,0,active-inactive,0.09004992246627808,0.12647490203380585,0.011912398040294647,1,0.12647490203380585,0.09004992246627808,0.03642497956752777,0.1145625039935112,"[true, true, true]",False,False,False,67001,0,0843ed3f032eeea0612c508f007d708852bd5b1fffa62c033181097389bc1972,validation_008,1,7,1337296561,15,,
67,13.4,A,ramp,True,False,221.06000000000142,1.8000000000001406,2,decelerate,-3.0,-2.9999999999999982,260.90000000000066,0.0,2,0,active-inactive,-0.20523959398269653,0.04721715673804283,0.05440328270196915,2,0.05440328270196915,0.04721715673804283,0.007186125963926315,0.2596428766846657,"[true, true, true]",False,False,False,67001,0,0843ed3f032eeea0612c508f007d708852bd5b1fffa62c033181097389bc1972,validation_008,1,7,1337296561,15,,
67,13.4,B,mainline,False,True,260.90000000000066,0.0,0,maintain,0.0,0.0,221.06000000000142,1.8000000000001406,2,0,active-inactive,0.09031267464160919,0.1256285309791565,0.012538030743598938,1,0.1256285309791565,0.09031267464160919,0.0353158563375473,0.11309050023555756,"[true, true, true]",False,False,False,67001,0,0843ed3f032eeea0612c508f007d708852bd5b1fffa62c033181097389bc1972,validation_008,1,7,1337296561,15,,
68,13.600000000000001,A,ramp,True,False,221.36000000000146,1.200000000000141,2,decelerate,-3.0,-3.0000000000000004,260.90000000000066,0.0,2,0,active-inactive,-0.2044011652469635,0.04791243374347687,0.05378987267613411,2,0.05378987267613411,0.04791243374347687,0.005877438932657242,0.2581910379230976,"[true, true, true]",False,False,False,67001,0,0843ed3f032eeea0612c508f007d708852bd5b1fffa62c033181097389bc1972,validation_008,1,7,1337296561,15,,
68,13.600000000000001,B,mainline,False,True,260.90000000000066,0.0,0,maintain,0.0,0.0,221.36000000000146,1.200000000000141,2,0,active-inactive,0.09050135314464569,0.12490595877170563,0.013368286192417145,1,0.12490595877170563,0.09050135314464569,0.034404605627059937,0.11153767257928848,"[true, true, true]",False,False,False,67001,0,0843ed3f032eeea0612c508f007d708852bd5b1fffa62c033181097389bc1972,validation_008,1,7,1337296561,15,,
69,13.8,A,ramp,True,False,221.5400000000015,0.600000000000141,2,decelerate,-3.0,-3.0000000000000004,260.90000000000066,0.0,2,0,active-inactive,-0.20355170965194702,0.04858960956335068,0.05317267030477524,2,0.05317267030477524,0.04858960956335068,0.0045830607414245605,0.25672437995672226,"[true, true, true]",False,False,False,67001,0,0843ed3f032eeea0612c508f007d708852bd5b1fffa62c033181097389bc1972,validation_008,1,7,1337296561,15,,
69,13.8,B,mainline,False,True,260.90000000000066,0.0,0,maintain,0.0,0.0,221.5400000000015,0.600000000000141,2,0,active-inactive,0.09095238149166107,0.12447494268417358,0.014072861522436142,1,0.12447494268417358,0.09095238149166107,0.03352256119251251,0.11040208116173744,"[true, true, true]",False,False,False,67001,0,0843ed3f032eeea0612c508f007d708852bd5b1fffa62c033181097389bc1972,validation_008,1,7,1337296561,15,,
70,14.0,A,ramp,True,False,221.60000000000153,1.4088730182493236e-13,2,decelerate,-3.0,0.0,260.90000000000066,0.0,2,0,active-inactive,-0.20269189774990082,0.049248553812503815,0.052552491426467896,2,0.052552491426467896,0.049248553812503815,0.003303937613964081,0.2552443891763687,"[true, true, true]",False,False,False,67001,0,0843ed3f032eeea0612c508f007d708852bd5b1fffa62c033181097389bc1972,validation_008,1,7,1337296561,15,,
70,14.0,B,mainline,False,True,260.90000000000066,0.0,0,maintain,0.0,0.0,221.60000000000153,1.4088730182493236e-13,2,0,active-inactive,0.09134268760681152,0.12399601936340332,0.014760814607143402,1,0.12399601936340332,0.09134268760681152,0.0326533317565918,0.10923520475625992,"[true, true, true]",False,False,False,67001,0,0843ed3f032eeea0612c508f007d708852bd5b1fffa62c033181097389bc1972,validation_008,1,7,1337296561,15,,
71,14.200000000000001,A,ramp,True,False,221.60000000000153,0.0,2,decelerate,-3.0,0.0,260.90000000000066,0.0,2,0,active-inactive,-0.20211312174797058,0.04933378845453262,0.051860518753528595,2,0.051860518753528595,0.04933378845453262,0.0025267302989959717,0.2539736405014992,"[true, true, true]",False,False,False,67001,0,0843ed3f032eeea0612c508f007d708852bd5b1fffa62c033181097389bc1972,validation_008,1,7,1337296561,15,,
71,14.200000000000001,B,mainline,False,True,260.90000000000066,0.0,0,maintain,0.0,0.0,221.60000000000153,0.0,2,0,active-inactive,0.09126418828964233,0.12393965572118759,0.014761723577976227,1,0.12393965572118759,0.09126418828964233,0.03267546743154526,0.10917793214321136,"[true, true, true]",False,False,False,67001,0,0843ed3f032eeea0612c508f007d708852bd5b1fffa62c033181097389bc1972,validation_008,1,7,1337296561,15,,
72,14.4,A,ramp,True,False,221.60000000000153,0.0,2,decelerate,-3.0,0.0,260.90000000000066,0.0,2,0,active-inactive,-0.20160920917987823,0.04940631613135338,0.051260657608509064,2,0.051260657608509064,0.04940631613135338,0.0018543414771556854,0.2528698667883873,"[true, true, true]",False,False,False,67001,0,0843ed3f032eeea0612c508f007d708852bd5b1fffa62c033181097389bc1972,validation_008,1,7,1337296561,15,,
72,14.4,B,mainline,False,True,260.90000000000066,0.0,0,maintain,0.0,0.0,221.60000000000153,0.0,2,0,active-inactive,0.09125016629695892,0.1238773986697197,0.014765322208404541,1,0.1238773986697197,0.09125016629695892,0.03262723237276077,0.10911207646131516,"[true, true, true]",False,False,False,67001,0,0843ed3f032eeea0612c508f007d708852bd5b1fffa62c033181097389bc1972,validation_008,1,7,1337296561,15,,
73,14.600000000000001,A,ramp,True,False,221.60000000000153,0.0,2,decelerate,-3.0,0.0,260.90000000000066,0.0,2,0,active-inactive,-0.20116369426250458,0.049469880759716034,0.05073116347193718,2,0.05073116347193718,0.049469880759716034,0.0012612827122211456,0.25189485773444176,"[true, true, true]",False,False,False,67001,0,0843ed3f032eeea0612c508f007d708852bd5b1fffa62c033181097389bc1972,validation_008,1,7,1337296561,15,,
73,14.600000000000001,B,mainline,False,True,260.90000000000066,0.0,0,maintain,0.0,0.0,221.60000000000153,0.0,2,0,active-inactive,0.09127984941005707,0.1238119900226593,0.014770425856113434,1,0.1238119900226593,0.09127984941005707,0.032532140612602234,0.10904156416654587,"[true, true, true]",False,False,False,67001,0,0843ed3f032eeea0612c508f007d708852bd5b1fffa62c033181097389bc1972,validation_008,1,7,1337296561,15,,
74,14.8,A,ramp,True,False,221.60000000000153,0.0,2,decelerate,-3.0,0.0,260.90000000000066,0.0,2,0,active-inactive,-0.200765460729599,0.049526847898960114,0.050257619470357895,2,0.050257619470357895,0.049526847898960114,0.0007307715713977814,0.2510230801999569,"[true, true, true]",False,False,False,67001,0,0843ed3f032eeea0612c508f007d708852bd5b1fffa62c033181097389bc1972,validation_008,1,7,1337296561,15,,
74,14.8,B,mainline,False,True,260.90000000000066,0.0,0,maintain,0.0,0.0,221.60000000000153,0.0,2,0,active-inactive,0.09130658209323883,0.12375344336032867,0.01477494090795517,1,0.12375344336032867,0.09130658209323883,0.032446861267089844,0.1089785024523735,"[true, true, true]",False,False,False,67001,0,0843ed3f032eeea0612c508f007d708852bd5b1fffa62c033181097389bc1972,validation_008,1,7,1337296561,15,,
75,15.0,A,ramp,True,False,221.60000000000153,0.0,2,decelerate,-3.0,0.0,260.90000000000066,0.0,2,0,active-inactive,-0.20040687918663025,0.04957878589630127,0.04983029514551163,2,0.04983029514551163,0.04957878589630127,0.00025150924921035767,0.2502371743321419,"[true, true, true]",False,False,False,67001,0,0843ed3f032eeea0612c508f007d708852bd5b1fffa62c033181097389bc1972,validation_008,1,7,1337296561,15,,
75,15.0,B,mainline,False,True,260.90000000000066,0.0,0,maintain,0.0,0.0,221.60000000000153,0.0,2,0,active-inactive,0.09133145958185196,0.12370036542415619,0.014778785407543182,1,0.12370036542415619,0.09133145958185196,0.03236890584230423,0.108921580016613,"[true, true, true]",False,False,False,67001,0,0843ed3f032eeea0612c508f007d708852bd5b1fffa62c033181097389bc1972,validation_008,1,7,1337296561,15,,
76,15.200000000000001,A,ramp,True,False,221.60000000000153,0.0,1,accelerate,-3.0,1.9999999999999996,260.90000000000066,0.0,1,0,active-inactive,-0.20008254051208496,0.04962662607431412,0.04944241791963577,1,0.04962662607431412,0.04944241791963577,0.00018420815467834473,0.24970916658639908,"[true, true, true]",False,False,False,67001,0,0843ed3f032eeea0612c508f007d708852bd5b1fffa62c033181097389bc1972,validation_008,1,7,1337296561,15,,
76,15.200000000000001,B,mainline,False,True,260.90000000000066,0.0,0,maintain,0.0,0.0,221.60000000000153,0.0,1,0,active-inactive,0.0913550928235054,0.123651884496212,0.014782033860683441,1,0.123651884496212,0.0913550928235054,0.032296791672706604,0.10886985063552856,"[true, true, true]",False,False,False,67001,0,0843ed3f032eeea0612c508f007d708852bd5b1fffa62c033181097389bc1972,validation_008,1,7,1337296561,15,,
77,15.4,A,ramp,True,False,221.64000000000152,0.4,1,accelerate,2.0,1.9999999999999996,260.90000000000066,0.0,1,0,active-inactive,-0.1999107450246811,0.04926440119743347,0.048983633518218994,1,0.04926440119743347,0.048983633518218994,0.00028076767921447754,0.24917514622211456,"[true, true, true]",False,False,False,67001,0,0843ed3f032eeea0612c508f007d708852bd5b1fffa62c033181097389bc1972,validation_008,1,7,1337296561,15,,
77,15.4,B,mainline,False,True,260.90000000000066,0.0,0,maintain,0.0,0.0,221.64000000000152,0.4,1,0,active-inactive,0.09079301357269287,0.12410911917686462,0.014503709971904755,1,0.12410911917686462,0.09079301357269287,0.03331610560417175,0.10960540920495987,"[true, true, true]",False,False,False,67001,0,0843ed3f032eeea0612c508f007d708852bd5b1fffa62c033181097389bc1972,validation_008,1,7,1337296561,15,,
78,15.600000000000001,A,ramp,True,False,221.76000000000153,0.7999999999999999,1,accelerate,2.0,2.0000000000000018,260.90000000000066,0.0,1,0,active-inactive,-0.1997893750667572,0.04889154061675072,0.04858696460723877,1,0.04889154061675072,0.04858696460723877,0.00030457600951194763,0.24868091568350792,"[true, true, true]",False,False,False,67001,0,0843ed3f032eeea0612c508f007d708852bd5b1fffa62c033181097389bc1972,validation_008,1,7,1337296561,15,,
78,15.600000000000001,B,mainline,False,True,260.90000000000066,0.0,0,maintain,0.0,0.0,221.76000000000153,0.7999999999999999,1,0,active-inactive,0.09008385241031647,0.12438742071390152,0.014275465160608292,1,0.12438742071390152,0.09008385241031647,0.03430356830358505,0.11011195555329323,"[true, true, true]",False,False,False,67001,0,0843ed3f032eeea0612c508f007d708852bd5b1fffa62c033181097389bc1972,validation_008,1,7,1337296561,15,,
79,15.8,A,ramp,True,False,221.96000000000154,1.2,1,accelerate,2.0,2.0000000000000018,260.90000000000066,0.0,1,0,active-inactive,-0.19974061846733093,0.04852643236517906,0.04826654493808746,1,0.04852643236517906,0.04826654493808746,0.0002598874270915985,0.24826705083251,"[true, true, true]",False,False,False,67001,0,0843ed3f032eeea0612c508f007d708852bd5b1fffa62c033181097389bc1972,validation_008,1,7,1337296561,15,,
79,15.8,B,mainline,False,True,260.90000000000066,0.0,0,maintain,0.0,0.0,221.96000000000154,1.2,1,0,active-inactive,0.08951366692781448,0.12457477301359177,0.014084964990615845,1,0.12457477301359177,0.08951366692781448,0.03506110608577728,0.11048980802297592,"[true, true, true]",False,False,False,67001,0,0843ed3f032eeea0612c508f007d708852bd5b1fffa62c033181097389bc1972,validation_008,1,7,1337296561,15,,
80,16.0,A,ramp,True,False,222.24000000000152,1.6000000000000003,1,accelerate,2.0,1.9999999999999973,260.90000000000066,0.0,1,0,active-inactive,-0.199757918715477,0.048169419169425964,0.04801486060023308,1,0.048169419169425964,0.04801486060023308,0.00015455856919288635,0.24792733788490295,"[true, true, true]",False,False,False,67001,0,0843ed3f032eeea0612c508f007d708852bd5b1fffa62c033181097389bc1972,validation_008,1,7,1337296561,15,,
80,16.0,B,mainline,False,True,260.90000000000066,0.0,0,maintain,0.0,0.0,222.24000000000152,1.6000000000000003,1,0,active-inactive,0.08889952301979065,0.12473195791244507,0.013995539397001266,1,0.12473195791244507,0.08889952301979065,0.03583243489265442,0.1107364185154438,"[true, true, true]",False,False,False,67001,0,0843ed3f032eeea0612c508f007d708852bd5b1fffa62c033181097389bc1972,validation_008,1,7,1337296561,15,,
81,16.2,A,ramp,True,False,222.60000000000153,2.0000000000000004,2,decelerate,2.0,-2.9999999999999982,260.90000000000066,0.0,2,0,active-inactive,-0.19983568787574768,0.047820769250392914,0.047825783491134644,2,0.047825783491134644,0.047820769250392914,5.014240741729736e-06,0.24766147136688232,"[true, true, true]",False,False,False,67001,0,0843ed3f032eeea0612c508f007d708852bd5b1fffa62c033181097389bc1972,validation_008,1,7,1337296561,15,,
81,16.2,B,mainline,False,True,260.90000000000066,0.0,0,maintain,0.0,0.0,222.60000000000153,2.0000000000000004,2,0,active-inactive,0.0882834941148758,0.12487008422613144,0.013926777988672256,1,0.12487008422613144,0.0882834941148758,0.036586590111255646,0.11094330623745918,"[true, true, true]",False,False,False,67001,0,0843ed3f032eeea0612c508f007d708852bd5b1fffa62c033181097389bc1972,validation_008,1,7,1337296561,15,,
82,16.400000000000002,A,ramp,True,False,222.94000000000153,1.4000000000000008,1,accelerate,-3.0,2.0000000000000018,260.90000000000066,0.0,1,0,active-inactive,-0.19966426491737366,0.04848708212375641,0.0479666143655777,1,0.04848708212375641,0.0479666143655777,0.0005204677581787109,0.24815134704113007,"[true, true, true]",False,False,False,67001,0,0843ed3f032eeea0612c508f007d708852bd5b1fffa62c033181097389bc1972,validation_008,1,7,1337296561,15,,
82,16.400000000000002,B,mainline,False,True,260.90000000000066,0.0,0,maintain,0.0,0.0,222.94000000000153,1.4000000000000008,1,0,active-inactive,0.08920499682426453,0.12446245551109314,0.014126986265182495,1,0.12446245551109314,0.08920499682426453,0.03525745868682861,0.11033546924591064,"[true, true, true]",False,False,False,67001,0,0843ed3f032eeea0612c508f007d708852bd5b1fffa62c033181097389bc1972,validation_008,1,7,1337296561,15,,
83,16.6,A,ramp,True,False,223.26000000000153,1.8000000000000012,1,accelerate,2.0,2.0000000000000018,260.90000000000066,0.0,1,0,active-inactive,-0.19974569976329803,0.04813038557767868,0.04778868332505226,1,0.04813038557767868,0.04778868332505226,0.00034170225262641907,0.24787608534097672,"[true, true, true]",False,False,False,67001,0,0843ed3f032eeea0612c508f007d708852bd5b1fffa62c033181097389bc1972,validation_008,1,7,1337296561,15,,
83,16.6,B,mainline,False,True,260.90000000000066,0.0,0,maintain,0.0,0.0,223.26000000000153,1.8000000000000012,1,0,active-inactive,0.08861421048641205,0.12461790442466736,0.01400185376405716,1,0.12461790442466736,0.08861421048641205,0.03600369393825531,0.1106160506606102,"[true, true, true]",False,False,False,67001,0,0843ed3f032eeea0612c508f007d708852bd5b1fffa62c033181097389bc1972,validation_008,1,7,1337296561,15,,
84,16.8,A,ramp,True,False,223.6600000000015,2.2000000000000015,1,accelerate,2.0,2.0000000000000018,260.90000000000066,0.0,1,0,active-inactive,-0.19987529516220093,0.04778330773115158,0.047658342868089676,1,0.04778330773115158,0.047658342868089676,0.0001249648630619049,0.2476586028933525,"[true, true, true]",False,False,False,67001,0,0843ed3f032eeea0612c508f007d708852bd5b1fffa62c033181097389bc1972,validation_008,1,7,1337296561,15,,
84,16.8,B,mainline,False,True,260.90000000000066,0.0,0,maintain,0.0,0.0,223.6600000000015,2.2000000000000015,1,0,active-inactive,0.08801070600748062,0.12475115060806274,0.013917312026023865,1,0.12475115060806274,0.08801070600748062,0.03674044460058212,0.11083383858203888,"[true, true, true]",False,False,False,67001,0,0843ed3f032eeea0612c508f007d708852bd5b1fffa62c033181097389bc1972,validation_008,1,7,1337296561,15,,
85,17.0,A,ramp,True,False,224.14000000000152,2.600000000000002,2,decelerate,2.0,-2.9999999999999982,260.90000000000066,0.0,2,0,active-inactive,-0.2000509649515152,0.04744577780365944,0.047573599964380264,2,0.047573599964380264,0.04744577780365944,0.0001278221607208252,0.24762456491589546,"[true, true, true]",False,False,False,67001,0,0843ed3f032eeea0612c508f007d708852bd5b1fffa62c033181097389bc1972,validation_008,1,7,1337296561,15,,
85,17.0,B,mainline,False,True,260.90000000000066,0.0,0,maintain,0.0,0.0,224.14000000000152,2.600000000000002,2,0,active-inactive,0.08742204308509827,0.12486961483955383,0.013820406049489975,1,0.12486961483955383,0.08742204308509827,0.037447571754455566,0.11104920879006386,"[true, true, true]",False,False,False,67001,0,0843ed3f032eeea0612c508f007d708852bd5b1fffa62c033181097389bc1972,validation_008,1,7,1337296561,15,,
86,17.2,A,ramp,True,False,224.60000000000153,2.000000000000002,1,accelerate,-3.0,2.0000000000000018,260.90000000000066,0.0,1,0,active-inactive,-0.19996996223926544,0.04812347888946533,0.04781070724129677,1,0.04812347888946533,0.04781070724129677,0.00031277164816856384,0.24809344112873077,"[true, true, true]",False,False,False,67001,0,0843ed3f032eeea0612c508f007d708852bd5b1fffa62c033181097389bc1972,validation_008,1,7,1337296561,15,,
86,17.2,B,mainline,False,True,260.90000000000066,0.0,0,maintain,0.0,0.0,224.60000000000153,2.000000000000002,1,0,active-inactive,0.08839721977710724,0.1244494765996933,0.013941161334514618,1,0.1244494765996933,0.08839721977710724,0.03605225682258606,0.11050831526517868,"[true, true, true]",False,False,False,67001,0,0843ed3f032eeea0612c508f007d708852bd5b1fffa62c033181097389bc1972,validation_008,1,7,1337296561,15,,
87,17.400000000000002,A,ramp,True,False,225.04000000000153,2.4000000000000026,1,accelerate,2.0,2.0000000000000018,260.90000000000066,0.0,1,0,active-inactive,-0.20013777911663055,0.047777991741895676,0.04772539436817169,1,0.047777991741895676,0.04772539436817169,5.2597373723983765e-05,0.24791577085852623,"[true, true, true]",False,False,False,67001,0,0843ed3f032eeea0612c508f007d708852bd5b1fffa62c033181097389bc1972,validation_008,1,7,1337296561,15,,
87,17.400000000000002,B,mainline,False,True,260.90000000000066,0.0,0,maintain,0.0,0.0,225.04000000000153,2.4000000000000026,1,0,active-inactive,0.08782058954238892,0.12457326799631119,0.013845037668943405,1,0.12457326799631119,0.08782058954238892,0.03675267845392227,0.11072823032736778,"[true, true, true]",False,False,False,67001,0,0843ed3f032eeea0612c508f007d708852bd5b1fffa62c033181097389bc1972,validation_008,1,7,1337296561,15,,
88,17.6,A,ramp,True,False,225.5600000000015,2.800000000000003,2,decelerate,2.0,-2.9999999999999982,260.90000000000066,0.0,2,0,active-inactive,-0.20034246146678925,0.04744306206703186,0.04767435044050217,2,0.04767435044050217,0.04744306206703186,0.0002312883734703064,0.2480168119072914,"[true, true, true]",False,False,False,67001,0,0843ed3f032eeea0612c508f007d708852bd5b1fffa62c033181097389bc1972,validation_008,1,7,1337296561,15,,
88,17.6,B,mainline,False,True,260.90000000000066,0.0,0,maintain,0.0,0.0,225.5600000000015,2.800000000000003,2,0,active-inactive,0.08734661340713501,0.12466056644916534,0.013739734888076782,1,0.12466056644916534,0.08734661340713501,0.037313953042030334,0.11092083156108856,"[true, true, true]",False,False,False,67001,0,0843ed3f032eeea0612c508f007d708852bd5b1fffa62c033181097389bc1972,validation_008,1,7,1337296561,15,,
89,17.8,A,ramp,True,False,226.0600000000015,2.2000000000000033,1,accelerate,-3.0,2.0000000000000018,260.90000000000066,0.0,1,0,active-inactive,-0.2002844512462616,0.04812399297952652,0.04793767258524895,1,0.04812399297952652,0.04793767258524895,0.00018632039427757263,0.24840844422578812,"[true, true, true]",False,False,False,67001,0,0843ed3f032eeea0612c508f007d708852bd5b1fffa62c033181097389bc1972,validation_008,1,7,1337296561,15,,
89,17.8,B,mainline,False,True,260.90000000000066,0.0,0,maintain,0.0,0.0,226.0600000000015,2.2000000000000033,1,0,active-inactive,0.08823668956756592,0.12423445284366608,0.013933368027210236,1,0.12423445284366608,0.08823668956756592,0.03599776327610016,0.11030108481645584,"[true, true, true]",False,False,False,67001,0,0843ed3f032eeea0612c508f007d708852bd5b1fffa62c033181097389bc1972,validation_008,1,7,1337296561,15,,
90,18.0,A,ramp,True,False,226.54000000000153,2.6000000000000036,2,decelerate,2.0,-2.9999999999999982,260.90000000000066,0.0,2,0,active-inactive,-0.20047129690647125,0.04778211563825607,0.04787386953830719,2,0.04787386953830719,0.04778211563825607,9.175390005111694e-05,0.24834516644477844,"[true, true, true]",False,False,False,67001,0,0843ed3f032eeea0612c508f007d708852bd5b1fffa62c033181097389bc1972,validation_008,1,7,1337296561,15,,
90,18.0,B,mainline,False,True,260.90000000000066,0.0,0,maintain,0.0,0.0,226.54000000000153,2.6000000000000036,2,0,active-inactive,0.0877520889043808,0.12437540292739868,0.013759426772594452,1,0.12437540292739868,0.0877520889043808,0.03662331402301788,0.11061597615480423,"[true, true, true]",False,False,False,67001,0,0843ed3f032eeea0612c508f007d708852bd5b1fffa62c033181097389bc1972,validation_008,1,7,1337296561,15,,
91,18.2,A,ramp,True,False,227.00000000000153,2.000000000000004,1,accelerate,-3.0,2.0000000000000018,260.90000000000066,0.0,1,0,active-inactive,-0.20039094984531403,0.04845687001943588,0.0481182299554348,1,0.04845687001943588,0.0481182299554348,0.0003386400640010834,0.2488478198647499,"[true, true, true]",False,False,False,67001,0,0843ed3f032eeea0612c508f007d708852bd5b1fffa62c033181097389bc1972,validation_008,1,7,1337296561,15,,
91,18.2,B,mainline,False,True,260.90000000000066,0.0,0,maintain,0.0,0.0,227.00000000000153,2.000000000000004,1,0,active-inactive,0.08855918049812317,0.12389923632144928,0.014151424169540405,1,0.12389923632144928,0.08855918049812317,0.03534005582332611,0.10974781215190887,"[true, true, true]",False,False,False,67001,0,0843ed3f032eeea0612c508f007d708852bd5b1fffa62c033181097389bc1972,validation_008,1,7,1337296561,15,,
92,18.400000000000002,A,ramp,True,False,227.44000000000153,2.4000000000000044,1,accelerate,2.0,2.0000000000000018,260.90000000000066,0.0,1,0,active-inactive,-0.200551837682724,0.048109494149684906,0.04803027585148811,1,0.048109494149684906,0.04803027585148811,7.92182981967926e-05,0.2486613318324089,"[true, true, true]",False,False,False,67001,0,0843ed3f032eeea0612c508f007d708852bd5b1fffa62c033181097389bc1972,validation_008,1,7,1337296561,15,,
92,18.400000000000002,B,mainline,False,True,260.90000000000066,0.0,0,maintain,0.0,0.0,227.44000000000153,2.4000000000000044,1,0,active-inactive,0.08806011080741882,0.12407104671001434,0.01394815742969513,1,0.12407104671001434,0.08806011080741882,0.03601093590259552,0.11012288928031921,"[true, true, true]",False,False,False,67001,0,0843ed3f032eeea0612c508f007d708852bd5b1fffa62c033181097389bc1972,validation_008,1,7,1337296561,15,,
93,18.6,A,ramp,True,False,227.96000000000151,2.8000000000000047,2,decelerate,2.0,-2.9999999999999982,260.90000000000066,0.0,2,0,active-inactive,-0.2007451057434082,0.047773346304893494,0.047970548272132874,2,0.047970548272132874,0.047773346304893494,0.00019720196723937988,0.24871565401554108,"[true, true, true]",False,False,False,67001,0,0843ed3f032eeea0612c508f007d708852bd5b1fffa62c033181097389bc1972,validation_008,1,7,1337296561,15,,
93,18.6,B,mainline,False,True,260.90000000000066,0.0,0,maintain,0.0,0.0,227.96000000000151,2.8000000000000047,2,0,active-inactive,0.08750306069850922,0.12445476651191711,0.013730514794588089,1,0.12445476651191711,0.08750306069850922,0.0369517058134079,0.11072425171732903,"[true, true, true]",False,False,False,67001,0,0843ed3f032eeea0612c508f007d708852bd5b1fffa62c033181097389bc1972,validation_008,1,7,1337296561,15,,
94,18.8,A,ramp,True,False,228.46000000000151,2.200000000000005,1,accelerate,-3.0,2.0000000000000018,260.90000000000066,0.0,1,0,active-inactive,-0.2006712257862091,0.048453785479068756,0.04821918532252312,1,0.048453785479068756,0.04821918532252312,0.00023460015654563904,0.24912501126527786,"[true, true, true]",False,False,False,67001,0,0843ed3f032eeea0612c508f007d708852bd5b1fffa62c033181097389bc1972,validation_008,1,7,1337296561,15,,
94,18.8,B,mainline,False,True,260.90000000000066,0.0,0,maintain,0.0,0.0,228.46000000000151,2.200000000000005,1,0,active-inactive,0.08837679773569107,0.12372800707817078,0.014176346361637115,1,0.12372800707817078,0.08837679773569107,0.035351209342479706,0.10955166071653366,"[true, true, true]",False,False,False,67001,0,0843ed3f032eeea0612c508f007d708852bd5b1fffa62c033181097389bc1972,validation_008,1,7,1337296561,15,,
95,19.0,A,ramp,True,False,228.94000000000153,2.6000000000000054,2,decelerate,2.0,-2.9999999999999982,260.90000000000066,0.0,2,0,active-inactive,-0.20083847641944885,0.048112090677022934,0.04813544824719429,2,0.04813544824719429,0.048112090677022934,2.33575701713562e-05,0.24897392466664314,"[true, true, true]",False,False,False,67001,0,0843ed3f032eeea0612c508f007d708852bd5b1fffa62c033181097389bc1972,validation_008,1,7,1337296561,15,,
95,19.0,B,mainline,False,True,260.90000000000066,0.0,0,maintain,0.0,0.0,228.94000000000153,2.6000000000000054,2,0,active-inactive,0.08786281943321228,0.12417268007993698,0.013931982219219208,1,0.12417268007993698,0.08786281943321228,0.0363098606467247,0.11024069786071777,"[true, true, true]",False,False,False,67001,0,0843ed3f032eeea0612c508f007d708852bd5b1fffa62c033181097389bc1972,validation_008,1,7,1337296561,15,,
96,19.200000000000003,A,ramp,True,False,229.40000000000154,2.0000000000000058,1,accelerate,-3.0,2.0000000000000018,260.90000000000066,0.0,1,0,active-inactive,-0.20073677599430084,0.048787400126457214,0.04835722595453262,1,0.048787400126457214,0.04835722595453262,0.00043017417192459106,0.24952417612075806,"[true, true, true]",False,False,False,67001,0,0843ed3f032eeea0612c508f007d708852bd5b1fffa62c033181097389bc1972,validation_008,1,7,1337296561,15,,
96,19.200000000000003,B,mainline,False,True,260.90000000000066,0.0,0,maintain,0.0,0.0,229.40000000000154,2.0000000000000058,1,0,active-inactive,0.08866201341152191,0.12340858578681946,0.014408200979232788,1,0.12340858578681946,0.08866201341152191,0.034746572375297546,0.10900038480758667,"[true, true, true]",False,False,False,67001,0,0843ed3f032eeea0612c508f007d708852bd5b1fffa62c033181097389bc1972,validation_008,1,7,1337296561,15,,
97,19.400000000000002,A,ramp,True,False,229.84000000000154,2.400000000000006,1,accelerate,2.0,2.0000000000000018,260.90000000000066,0.0,1,0,active-inactive,-0.20087437331676483,0.048441097140312195,0.04824372008442879,1,0.048441097140312195,0.04824372008442879,0.0001973770558834076,0.24931547045707703,"[true, true, true]",False,False,False,67001,0,0843ed3f032eeea0612c508f007d708852bd5b1fffa62c033181097389bc1972,validation_008,1,7,1337296561,15,,
97,19.400000000000002,B,mainline,False,True,260.90000000000066,0.0,0,maintain,0.0,0.0,229.84000000000154,2.400000000000006,1,0,active-inactive,0.08816657215356827,0.12389636039733887,0.014149226248264313,1,0.12389636039733887,0.08816657215356827,0.0357297882437706,0.10974713414907455,"[true, true, true]",False,False,False,67001,0,0843ed3f032eeea0612c508f007d708852bd5b1fffa62c033181097389bc1972,validation_008,1,7,1337296561,15,,
98,19.6,A,ramp,True,False,230.36000000000152,2.8000000000000065,2,decelerate,2.0,-2.9999999999999982,260.90000000000066,0.0,2,0,active-inactive,-0.20104628801345825,0.048105910420417786,0.048160653561353683,2,0.048160653561353683,0.048105910420417786,5.474314093589783e-05,0.24920694157481194,"[true, true, true]",False,False,False,67001,0,0843ed3f032eeea0612c508f007d708852bd5b1fffa62c033181097389bc1972,validation_008,1,7,1337296561,15,,
98,19.6,B,mainline,False,True,260.90000000000066,0.0,0,maintain,0.0,0.0,230.36000000000152,2.8000000000000065,2,0,active-inactive,0.08774654567241669,0.12441644072532654,0.013864018023014069,1,0.12441644072532654,0.08774654567241669,0.03666989505290985,0.11055242270231247,"[true, true, true]",False,False,False,67001,0,0843ed3f032eeea0612c508f007d708852bd5b1fffa62c033181097389bc1972,validation_008,1,7,1337296561,15,,
99,19.8,A,ramp,True,False,230.86000000000152,2.200000000000007,1,accelerate,-3.0,2.0000000000000018,260.90000000000066,0.0,1,0,active-inactive,-0.2009510099887848,0.048787474632263184,0.04838542640209198,1,0.048787474632263184,0.04838542640209198,0.0004020482301712036,0.24973848462104797,"[true, true, true]",False,False,False,67001,0,0843ed3f032eeea0612c508f007d708852bd5b1fffa62c033181097389bc1972,validation_008,1,7,1337296561,15,,
99,19.8,B,mainline,False,True,260.90000000000066,0.0,0,maintain,0.0,0.0,230.86000000000152,2.200000000000007,1,0,active-inactive,0.08850821107625961,0.1236146092414856,0.014363165944814682,1,0.1236146092414856,0.08850821107625961,0.03510639816522598,0.10925144329667091,"[true, true, true]",False,False,False,67001,0,0843ed3f032eeea0612c508f007d708852bd5b1fffa62c033181097389bc1972,validation_008,1,7,1337296561,15,,
100,20.0,A,ramp,True,False,231.34000000000154,2.600000000000007,1,accelerate,2.0,2.0000000000000018,260.90000000000066,0.0,1,0,active-inactive,-0.20109623670578003,0.048447199165821075,0.048276569694280624,1,0.048447199165821075,0.048276569694280624,0.00017062947154045105,0.2495434358716011,"[true, true, true]",False,False,False,67001,0,0843ed3f032eeea0612c508f007d708852bd5b1fffa62c033181097389bc1972,validation_008,1,7,1337296561,15,,
100,20.0,B,mainline,False,True,260.90000000000066,0.0,0,maintain,0.0,0.0,231.34000000000154,2.600000000000007,1,0,active-inactive,0.08806224167346954,0.1241374984383583,0.014084886759519577,1,0.1241374984383583,0.08806224167346954,0.03607525676488876,0.11005261167883873,"[true, true, true]",False,False,False,67001,0,0843ed3f032eeea0612c508f007d708852bd5b1fffa62c033181097389bc1972,validation_008,1,7,1337296561,15,,
101,20.200000000000003,A,ramp,True,False,231.90000000000154,3.0000000000000075,2,decelerate,2.0,-2.9999999999999982,260.90000000000066,0.0,2,0,active-inactive,-0.20127704739570618,0.04811783879995346,0.0481998585164547,2,0.0481998585164547,0.04811783879995346,8.201971650123596e-05,0.24947690591216087,"[true, true, true]",False,False,False,67001,0,0843ed3f032eeea0612c508f007d708852bd5b1fffa62c033181097389bc1972,validation_008,1,7,1337296561,15,,
101,20.200000000000003,B,mainline,False,True,260.90000000000066,0.0,0,maintain,0.0,0.0,231.90000000000154,3.0000000000000075,2,0,active-inactive,0.08765006065368652,0.12465627491474152,0.013800520449876785,1,0.12465627491474152,0.08765006065368652,0.03700621426105499,0.11085575446486473,"[true, true, true]",False,False,False,67001,0,0843ed3f032eeea0612c508f007d708852bd5b1fffa62c033181097389bc1972,validation_008,1,7,1337296561,15,,
102,20.400000000000002,A,ramp,True,False,232.44000000000153,2.400000000000008,1,accelerate,-3.0,2.0000000000000018,260.90000000000066,0.0,1,0,active-inactive,-0.20119108259677887,0.04880509525537491,0.04843178391456604,1,0.04880509525537491,0.04843178391456604,0.0003733113408088684,0.24999617785215378,"[true, true, true]",False,False,False,67001,0,0843ed3f032eeea0612c508f007d708852bd5b1fffa62c033181097389bc1972,validation_008,1,7,1337296561,15,,
102,20.400000000000002,B,mainline,False,True,260.90000000000066,0.0,0,maintain,0.0,0.0,232.44000000000153,2.400000000000008,1,0,active-inactive,0.08842010051012039,0.12385322898626328,0.014300227165222168,1,0.12385322898626328,0.08842010051012039,0.03543312847614288,0.10955300182104111,"[true, true, true]",False,False,False,67001,0,0843ed3f032eeea0612c508f007d708852bd5b1fffa62c033181097389bc1972,validation_008,1,7,1337296561,15,,
103,20.6,A,ramp,True,False,232.96000000000151,2.8000000000000083,1,accelerate,2.0,2.0000000000000018,260.90000000000066,0.0,1,0,active-inactive,-0.20134592056274414,0.048470389097929,0.04833060875535011,1,0.048470389097929,0.04833060875535011,0.00013978034257888794,0.24981630966067314,"[true, true, true]",False,False,False,67001,0,0843ed3f032eeea0612c508f007d708852bd5b1fffa62c033181097389bc1972,validation_008,1,7,1337296561,15,,
103,20.6,B,mainline,False,True,260.90000000000066,0.0,0,maintain,0.0,0.0,232.96000000000151,2.8000000000000083,1,0,active-inactive,0.08798280358314514,0.12437491118907928,0.01402232050895691,1,0.12437491118907928,0.08798280358314514,0.03639210760593414,0.11035259068012238,"[true, true, true]",False,False,False,67001,0,0843ed3f032eeea0612c508f007d708852bd5b1fffa62c033181097389bc1972,validation_008,1,7,1337296561,15,,
104,20.8,A,ramp,True,False,233.56000000000154,3.2000000000000086,2,decelerate,2.0,-2.9999999999999982,260.90000000000066,0.0,2,0,active-inactive,-0.20153653621673584,0.04814650118350983,0.04826192557811737,2,0.04826192557811737,0.04814650118350983,0.00011542439460754395,0.2497984617948532,"[true, true, true]",False,False,False,67001,0,0843ed3f032eeea0612c508f007d708852bd5b1fffa62c033181097389bc1972,validation_008,1,7,1337296561,15,,
104,20.8,B,mainline,False,True,260.90000000000066,0.0,0,maintain,0.0,0.0,233.56000000000154,3.2000000000000086,2,0,active-inactive,0.08756391704082489,0.12490187585353851,0.013717345893383026,1,0.12490187585353851,0.08756391704082489,0.03733795881271362,0.11118452996015549,"[true, true, true]",False,False,False,67001,0,0843ed3f032eeea0612c508f007d708852bd5b1fffa62c033181097389bc1972,validation_008,1,7,1337296561,15,,
105,21.0,A,ramp,True,False,234.14000000000155,2.600000000000009,1,accelerate,-3.0,2.0000000000000018,260.90000000000066,0.0,1,0,active-inactive,-0.20134015381336212,0.04894544929265976,0.04847784340381622,1,0.04894544929265976,0.04847784340381622,0.0004676058888435364,0.2502856031060219,"[true, true, true]",False,False,False,67001,0,0843ed3f032eeea0612c508f007d708852bd5b1fffa62c033181097389bc1972,validation_008,1,7,1337296561,15,,
105,21.0,B,mainline,False,True,260.90000000000066,0.0,0,maintain,0.0,0.0,234.14000000000155,2.600000000000009,1,0,active-inactive,0.08835814893245697,0.12408840656280518,0.014238223433494568,1,0.12408840656280518,0.08835814893245697,0.035730257630348206,0.10985018312931061,"[true, true, true]",False,False,False,67001,0,0843ed3f032eeea0612c508f007d708852bd5b1fffa62c033181097389bc1972,validation_008,1,7,1337296561,15,,
106,21.200000000000003,A,ramp,True,False,234.70000000000155,3.0000000000000093,1,accelerate,2.0,2.0000000000000018,260.90000000000066,0.0,1,0,active-inactive,-0.20147931575775146,0.048638299107551575,0.048379480838775635,1,0.048638299107551575,0.048379480838775635,0.00025881826877593994,0.25011761486530304,"[true, true, true]",False,False,False,67001,0,0843ed3f032eeea0612c508f007d708852bd5b1fffa62c033181097389bc1972,validation_008,1,7,1337296561,15,,
106,21.200000000000003,B,mainline,False,True,260.90000000000066,0.0,0,maintain,0.0,0.0,234.70000000000155,3.0000000000000093,1,0,active-inactive,0.08792929351329803,0.12460905313491821,0.013960674405097961,1,0.12460905313491821,0.08792929351329803,0.03667975962162018,0.11064837872982025,"[true, true, true]",False,False,False,67001,0,0843ed3f032eeea0612c508f007d708852bd5b1fffa62c033181097389bc1972,validation_008,1,7,1337296561,15,,
107,21.400000000000002,A,ramp,True,False,235.34000000000154,3.4000000000000097,1,accelerate,2.0,2.0000000000000018,260.90000000000066,0.0,1,0,active-inactive,-0.20168328285217285,0.048284001648426056,0.048240117728710175,1,0.048284001648426056,0.048240117728710175,4.388391971588135e-05,0.2499672845005989,"[true, true, true]",False,False,False,67001,0,0843ed3f032eeea0612c508f007d708852bd5b1fffa62c033181097389bc1972,validation_008,1,7,1337296561,15,,
107,21.400000000000002,B,mainline,False,True,260.90000000000066,0.0,0,maintain,0.0,0.0,235.34000000000154,3.4000000000000097,1,0,active-inactive,0.08754868060350418,0.12506595253944397,0.013485945761203766,1,0.12506595253944397,0.08754868060350418,0.03751727193593979,0.1115800067782402,"[true, true, true]",False,False,False,67001,0,0843ed3f032eeea0612c508f007d708852bd5b1fffa62c033181097389bc1972,validation_008,1,7,1337296561,15,,
108,21.6,A,ramp,True,False,236.06000000000157,3.80000000000001,2,decelerate,2.0,-2.9999999999999982,260.90000000000066,0.0,2,0,active-inactive,-0.20199967920780182,0.047977421432733536,0.04822967201471329,2,0.04822967201471329,0.047977421432733536,0.0002522505819797516,0.2502293512225151,"[true, true, true]",False,False,False,67001,0,0843ed3f032eeea0612c508f007d708852bd5b1fffa62c033181097389bc1972,validation_008,1,7,1337296561,15,,
108,21.6,B,mainline,False,True,260.90000000000066,0.0,0,maintain,0.0,0.0,236.06000000000157,3.80000000000001,2,0,active-inactive,0.08714932948350906,0.12553295493125916,0.012865908443927765,1,0.12553295493125916,0.08714932948350906,0.03838362544775009,0.11266704648733139,"[true, true, true]",False,False,False,67001,0,0843ed3f032eeea0612c508f007d708852bd5b1fffa62c033181097389bc1972,validation_008,1,7,1337296561,15,,
109,21.8,A,ramp,True,False,236.76000000000155,3.2000000000000104,1,accelerate,-3.0,2.0000000000000018,260.90000000000066,0.0,1,0,active-inactive,-0.20169398188591003,0.048768188804388046,0.048323847353458405,1,0.048768188804388046,0.048323847353458405,0.0004443414509296417,0.2504621706902981,"[true, true, true]",False,False,False,67001,0,0843ed3f032eeea0612c508f007d708852bd5b1fffa62c033181097389bc1972,validation_008,1,7,1337296561,15,,
109,21.8,B,mainline,False,True,260.90000000000066,0.0,0,maintain,0.0,0.0,236.76000000000155,3.2000000000000104,1,0,active-inactive,0.08811549097299576,0.12469930946826935,0.013818219304084778,1,0.12469930946826935,0.08811549097299576,0.03658381849527359,0.11088109016418457,"[true, true, true]",False,False,False,67001,0,0843ed3f032eeea0612c508f007d708852bd5b1fffa62c033181097389bc1972,validation_008,1,7,1337296561,15,,
110,22.0,A,ramp,True,False,237.44000000000156,3.6000000000000107,1,accelerate,2.0,1.999999999999993,260.90000000000066,0.0,1,0,active-inactive,-0.20199167728424072,0.04844844341278076,0.048292092978954315,1,0.04844844341278076,0.048292092978954315,0.00015635043382644653,0.2504401206970215,"[true, true, true]",False,False,False,67001,0,0843ed3f032eeea0612c508f007d708852bd5b1fffa62c033181097389bc1972,validation_008,1,7,1337296561,15,,
110,22.0,B,mainline,False,True,260.90000000000066,0.0,0,maintain,0.0,0.0,237.44000000000156,3.6000000000000107,1,0,active-inactive,0.08770964294672012,0.12515884637832642,0.01323385164141655,1,0.12515884637832642,0.08770964294672012,0.03744920343160629,0.11192499473690987,"[true, true, true]",False,False,False,67001,0,0843ed3f032eeea0612c508f007d708852bd5b1fffa62c033181097389bc1972,validation_008,1,7,1337296561,15,,
111,22.200000000000003,A,ramp,True,False,238.20000000000155,4.000000000000011,2,decelerate,2.0,-2.9999999999999982,260.90000000000066,0.0,2,0,active-inactive,-0.2023121863603592,0.048147547990083694,0.04828421026468277,2,0.04828421026468277,0.048147547990083694,0.00013666227459907532,0.25059639662504196,"[true, true, true]",False,False,False,67001,0,0843ed3f032eeea0612c508f007d708852bd5b1fffa62c033181097389bc1972,validation_008,1,7,1337296561,15,,
111,22.200000000000003,B,mainline,False,True,260.90000000000066,0.0,0,maintain,0.0,0.0,238.20000000000155,4.000000000000011,2,0,active-inactive,0.08731803297996521,0.12562288343906403,0.012615334242582321,1,0.12562288343906403,0.08731803297996521,0.038304850459098816,0.1130075491964817,"[true, true, true]",False,False,False,67001,0,0843ed3f032eeea0612c508f007d708852bd5b1fffa62c033181097389bc1972,validation_008,1,7,1337296561,15,,
112,22.400000000000002,A,ramp,True,False,238.94000000000156,3.400000000000011,1,accelerate,-3.0,2.0000000000000018,260.90000000000066,0.0,1,0,active-inactive,-0.20200873911380768,0.04894404113292694,0.048378318548202515,1,0.04894404113292694,0.048378318548202515,0.0005657225847244263,0.2509527802467346,"[true, true, true]",False,False,False,67001,0,0843ed3f032eeea0612c508f007d708852bd5b1fffa62c033181097389bc1972,validation_008,1,7,1337296561,15,,
112,22.400000000000002,B,mainline,False,True,260.90000000000066,0.0,0,maintain,0.0,0.0,238.94000000000156,3.400000000000011,1,0,active-inactive,0.08831402659416199,0.12477200478315353,0.013602122664451599,1,0.12477200478315353,0.08831402659416199,0.03645797818899155,0.11116988211870193,"[true, true, true]",False,False,False,67001,0,0843ed3f032eeea0612c508f007d708852bd5b1fffa62c033181097389bc1972,validation_008,1,7,1337296561,15,,
113,22.6,A,ramp,True,False,239.6600000000016,3.8000000000000114,1,accelerate,2.0,1.999999999999993,260.90000000000066,0.0,1,0,active-inactive,-0.20230713486671448,0.048630036413669586,0.048344336450099945,1,0.048630036413669586,0.048344336450099945,0.0002856999635696411,0.25093717128038406,"[true, true, true]",False,False,False,67001,0,0843ed3f032eeea0612c508f007d708852bd5b1fffa62c033181097389bc1972,validation_008,1,7,1337296561,15,,
113,22.6,B,mainline,False,True,260.90000000000066,0.0,0,maintain,0.0,0.0,239.6600000000016,3.8000000000000114,1,0,active-inactive,0.08788765966892242,0.12524369359016418,0.012987464666366577,1,0.12524369359016418,0.08788765966892242,0.03735603392124176,0.11225622892379761,"[true, true, true]",False,False,False,67001,0,0843ed3f032eeea0612c508f007d708852bd5b1fffa62c033181097389bc1972,validation_008,1,7,1337296561,15,,
114,22.8,A,ramp,True,False,240.4600000000016,4.200000000000011,1,accelerate,2.0,1.999999999999993,260.90000000000066,0.0,1,0,active-inactive,-0.2026275098323822,0.048334889113903046,0.048333171755075455,1,0.048334889113903046,0.048333171755075455,1.7173588275909424e-06,0.25096239894628525,"[true, true, true]",False,False,False,67001,0,0843ed3f032eeea0612c508f007d708852bd5b1fffa62c033181097389bc1972,validation_008,1,7,1337296561,15,,
114,22.8,B,mainline,False,True,260.90000000000066,0.0,0,maintain,0.0,0.0,240.4600000000016,4.200000000000011,1,0,active-inactive,0.08749896287918091,0.12570545077323914,0.012371361255645752,1,0.12570545077323914,0.08749896287918091,0.03820648789405823,0.11333408951759338,"[true, true, true]",False,False,False,67001,0,0843ed3f032eeea0612c508f007d708852bd5b1fffa62c033181097389bc1972,validation_008,1,7,1337296561,15,,
115,23.0,A,ramp,True,False,241.3400000000016,4.600000000000009,2,decelerate,2.0,-3.000000000000007,260.90000000000066,0.0,2,0,active-inactive,-0.2029692381620407,0.048058174550533295,0.04834383353590965,2,0.04834383353590965,0.048058174550533295,0.00028565898537635803,0.25131307169795036,"[true, true, true]",False,False,False,67001,0,0843ed3f032eeea0612c508f007d708852bd5b1fffa62c033181097389bc1972,validation_008,1,7,1337296561,15,,
115,23.0,B,mainline,False,True,260.90000000000066,0.0,0,maintain,0.0,0.0,241.3400000000016,4.600000000000009,2,0,active-inactive,0.08714672178030014,0.1261574923992157,0.011754006147384644,1,0.1261574923992157,0.08714672178030014,0.03901077061891556,0.11440348625183105,"[true, true, true]",False,False,False,67001,0,0843ed3f032eeea0612c508f007d708852bd5b1fffa62c033181097389bc1972,validation_008,1,7,1337296561,15,,
116,23.200000000000003,A,ramp,True,False,242.2000000000016,4.000000000000008,1,accelerate,-3.0,1.999999999999993,260.90000000000066,0.0,1,0,active-inactive,-0.2026861011981964,0.048878394067287445,0.04845532402396202,1,0.048878394067287445,0.04845532402396202,0.0004230700433254242,0.25156449526548386,"[true, true, true]",False,False,False,67001,0,0843ed3f032eeea0612c508f007d708852bd5b1fffa62c033181097389bc1972,validation_008,1,7,1337296561,15,,
116,23.200000000000003,B,mainline,False,True,260.90000000000066,0.0,0,maintain,0.0,0.0,242.2000000000016,4.000000000000008,1,0,active-inactive,0.08818069100379944,0.12529486417770386,0.012742243707180023,1,0.12529486417770386,0.08818069100379944,0.03711417317390442,0.11255262047052383,"[true, true, true]",False,False,False,67001,0,0843ed3f032eeea0612c508f007d708852bd5b1fffa62c033181097389bc1972,validation_008,1,7,1337296561,15,,
117,23.400000000000002,A,ramp,True,False,243.0400000000016,4.400000000000007,1,accelerate,2.0,1.999999999999993,260.90000000000066,0.0,1,0,active-inactive,-0.20300471782684326,0.04858771711587906,0.04843872785568237,1,0.04858771711587906,0.04843872785568237,0.0001489892601966858,0.2515924349427223,"[true, true, true]",False,False,False,67001,0,0843ed3f032eeea0612c508f007d708852bd5b1fffa62c033181097389bc1972,validation_008,1,7,1337296561,15,,
117,23.400000000000002,B,mainline,False,True,260.90000000000066,0.0,0,maintain,0.0,0.0,243.0400000000016,4.400000000000007,1,0,active-inactive,0.08779185265302658,0.12575489282608032,0.012129165232181549,1,0.12575489282608032,0.08779185265302658,0.03796304017305374,0.11362572759389877,"[true, true, true]",False,False,False,67001,0,0843ed3f032eeea0612c508f007d708852bd5b1fffa62c033181097389bc1972,validation_008,1,7,1337296561,15,,
118,23.6,A,ramp,True,False,243.9600000000016,4.800000000000005,2,decelerate,2.0,-3.000000000000007,260.90000000000066,0.0,2,0,active-inactive,-0.2033434361219406,0.04831555113196373,0.04844231903553009,2,0.04844231903553009,0.04831555113196373,0.00012676790356636047,0.2517857551574707,"[true, true, true]",False,False,False,67001,0,0843ed3f032eeea0612c508f007d708852bd5b1fffa62c033181097389bc1972,validation_008,1,7,1337296561,15,,
118,23.6,B,mainline,False,True,260.90000000000066,0.0,0,maintain,0.0,0.0,243.9600000000016,4.800000000000005,2,0,active-inactive,0.08730901777744293,0.1263566017150879,0.011647030711174011,1,0.1263566017150879,0.08730901777744293,0.03904758393764496,0.11470957100391388,"[true, true, true]",False,False,False,67001,0,0843ed3f032eeea0612c508f007d708852bd5b1fffa62c033181097389bc1972,validation_008,1,7,1337296561,15,,
119,23.8,A,ramp,True,False,244.8600000000016,4.200000000000004,1,accelerate,-3.0,1.999999999999993,260.90000000000066,0.0,1,0,active-inactive,-0.20305579900741577,0.04914047196507454,0.04854458570480347,1,0.04914047196507454,0.04854458570480347,0.0005958862602710724,0.2521962709724903,"[true, true, true]",False,False,False,67001,0,0843ed3f032eeea0612c508f007d708852bd5b1fffa62c033181097389bc1972,validation_008,1,7,1337296561,15,,
119,23.8,B,mainline,False,True,260.90000000000066,0.0,0,maintain,0.0,0.0,244.8600000000016,4.200000000000004,1,0,active-inactive,0.08834929764270782,0.12548159062862396,0.01262921467423439,1,0.12548159062862396,0.08834929764270782,0.03713229298591614,0.11285237595438957,"[true, true, true]",False,False,False,67001,0,0843ed3f032eeea0612c508f007d708852bd5b1fffa62c033181097389bc1972,validation_008,1,7,1337296561,15,,
120,24.0,A,ramp,True,False,245.7400000000016,4.600000000000002,1,accelerate,2.0,1.999999999999993,260.90000000000066,0.0,1,0,active-inactive,-0.2033684104681015,0.04885460436344147,0.04851670190691948,1,0.04885460436344147,0.04851670190691948,0.0003379024565219879,0.25222301483154297,"[true, true, true]",False,False,False,67001,0,0843ed3f032eeea0612c508f007d708852bd5b1fffa62c033181097389bc1972,validation_008,1,7,1337296561,15,,
120,24.0,B,mainline,False,True,260.90000000000066,0.0,0,maintain,0.0,0.0,245.7400000000016,4.600000000000002,1,0,active-inactive,0.08779431879520416,0.12612950801849365,0.012184945866465569,1,0.12612950801849365,0.08779431879520416,0.03833518922328949,0.11394456215202808,"[true, true, true]",False,False,False,67001,0,0843ed3f032eeea0612c508f007d708852bd5b1fffa62c033181097389bc1972,validation_008,1,7,1337296561,15,,
121,24.200000000000003,A,ramp,True,False,246.7000000000016,5.000000000000001,1,accelerate,2.0,1.999999999999993,260.90000000000066,0.0,1,0,active-inactive,-0.20370110869407654,0.04858731850981712,0.048508912324905396,1,0.04858731850981712,0.048508912324905396,7.84061849117279e-05,0.25228842720389366,"[true, true, true]",False,False,False,67001,0,0843ed3f032eeea0612c508f007d708852bd5b1fffa62c033181097389bc1972,validation_008,1,7,1337296561,15,,
121,24.200000000000003,B,mainline,False,True,260.90000000000066,0.0,0,maintain,0.0,0.0,246.7000000000016,5.000000000000001,1,0,active-inactive,0.08726415038108826,0.12677998840808868,0.011750223115086555,1,0.12677998840808868,0.08726415038108826,0.03951583802700043,0.11502976529300213,"[true, true, true]",False,False,False,67001,0,0843ed3f032eeea0612c508f007d708852bd5b1fffa62c033181097389bc1972,validation_008,1,7,1337296561,15,,
122,24.400000000000002,A,ramp,True,False,247.7400000000016,5.3999999999999995,2,decelerate,2.0,-3.000000000000007,260.90000000000066,0.0,2,0,active-inactive,-0.20405292510986328,0.04833830147981644,0.048519983887672424,2,0.048519983887672424,0.04833830147981644,0.00018168240785598755,0.2525729089975357,"[true, true, true]",False,False,False,67001,0,0843ed3f032eeea0612c508f007d708852bd5b1fffa62c033181097389bc1972,validation_008,1,7,1337296561,15,,
122,24.400000000000002,B,mainline,False,True,260.90000000000066,0.0,0,maintain,0.0,0.0,247.7400000000016,5.3999999999999995,2,0,active-inactive,0.08675753325223923,0.12743307650089264,0.011325215920805931,1,0.12743307650089264,0.08675753325223923,0.04067554324865341,0.11610786058008671,"[true, true, true]",False,False,False,67001,0,0843ed3f032eeea0612c508f007d708852bd5b1fffa62c033181097389bc1972,validation_008,1,7,1337296561,15,,
123,24.6,A,ramp,True,False,248.7600000000016,4.799999999999998,1,accelerate,-3.0,1.999999999999993,260.90000000000066,0.0,1,0,active-inactive,-0.20392394065856934,0.049145184457302094,0.04858154058456421,1,0.049145184457302094,0.04858154058456421,0.0005636438727378845,0.25306912511587143,"[true, true, true]",False,False,False,67001,0,0843ed3f032eeea0612c508f007d708852bd5b1fffa62c033181097389bc1972,validation_008,1,7,1337296561,15,,
123,24.6,B,mainline,False,True,260.90000000000066,0.0,0,maintain,0.0,0.0,248.7600000000016,4.799999999999998,1,0,active-inactive,0.08781304210424423,0.12656287848949432,0.0123238954693079,1,0.12656287848949432,0.08781304210424423,0.03874983638525009,0.11423898302018642,"[true, true, true]",False,False,False,67001,0,0843ed3f032eeea0612c508f007d708852bd5b1fffa62c033181097389bc1972,validation_008,1,7,1337296561,15,,
124,24.8,A,ramp,True,False,249.7600000000016,5.199999999999997,1,accelerate,2.0,1.999999999999993,260.90000000000066,0.0,1,0,active-inactive,-0.20447412133216858,0.04881889000535011,0.04848732799291611,1,0.04881889000535011,0.04848732799291611,0.00033156201243400574,0.2532930113375187,"[true, true, true]",False,False,False,67001,0,0843ed3f032eeea0612c508f007d708852bd5b1fffa62c033181097389bc1972,validation_008,1,7,1337296561,15,,
124,24.8,B,mainline,False,True,260.90000000000066,0.0,0,maintain,0.0,0.0,249.7600000000016,5.199999999999997,1,0,active-inactive,0.08727285265922546,0.12721571326255798,0.011896217241883278,1,0.12721571326255798,0.08727285265922546,0.03994286060333252,0.1153194960206747,"[true, true, true]",False,False,False,67001,0,0843ed3f032eeea0612c508f007d708852bd5b1fffa62c033181097389bc1972,validation_008,1,7,1337296561,15,,
125,25.0,A,ramp,True,False,250.84000000000162,5.599999999999995,1,accelerate,2.0,1.999999999999993,260.90000000000066,0.0,1,0,active-inactive,-0.20505866408348083,0.048506613820791245,0.04840662702918053,1,0.048506613820791245,0.04840662702918053,9.998679161071777e-05,0.2535652779042721,"[true, true, true]",False,False,False,67001,0,0843ed3f032eeea0612c508f007d708852bd5b1fffa62c033181097389bc1972,validation_008,1,7,1337296561,15,,
125,25.0,B,mainline,False,True,260.90000000000066,0.0,0,maintain,0.0,0.0,250.84000000000162,5.599999999999995,1,0,active-inactive,0.08675612509250641,0.12787112593650818,0.011478234082460403,1,0.12787112593650818,0.08675612509250641,0.04111500084400177,0.11639289185404778,"[true, true, true]",False,False,False,67001,0,0843ed3f032eeea0612c508f007d708852bd5b1fffa62c033181097389bc1972,validation_008,1,7,1337296561,15,,
126,25.200000000000003,A,ramp,True,False,252.00000000000162,5.999999999999994,2,decelerate,2.0,-3.000000000000007,260.90000000000066,0.0,2,0,active-inactive,-0.20567676424980164,0.048207949846982956,0.04833771660923958,2,0.04833771660923958,0.048207949846982956,0.00012976676225662231,0.2540144808590412,"[true, true, true]",False,False,False,67001,0,0843ed3f032eeea0612c508f007d708852bd5b1fffa62c033181097389bc1972,validation_008,1,7,1337296561,15,,
126,25.200000000000003,B,mainline,False,True,260.90000000000066,0.0,0,maintain,0.0,0.0,252.00000000000162,5.999999999999994,2,0,active-inactive,0.08626136183738708,0.12852919101715088,0.011070027947425842,1,0.12852919101715088,0.08626136183738708,0.042267829179763794,0.11745916306972504,"[true, true, true]",False,False,False,67001,0,0843ed3f032eeea0612c508f007d708852bd5b1fffa62c033181097389bc1972,validation_008,1,7,1337296561,15,,
127,25.400000000000002,A,ramp,True,False,253.1400000000016,5.399999999999992,1,accelerate,-3.0,1.999999999999993,260.90000000000066,0.0,1,0,active-inactive,-0.20574326813220978,0.04898456484079361,0.04834074527025223,1,0.04898456484079361,0.04834074527025223,0.0006438195705413818,0.2547278329730034,"[true, true, true]",False,False,False,67001,0,0843ed3f032eeea0612c508f007d708852bd5b1fffa62c033181097389bc1972,validation_008,1,7,1337296561,15,,
127,25.400000000000002,B,mainline,False,True,260.90000000000066,0.0,0,maintain,0.0,0.0,253.1400000000016,5.399999999999992,1,0,active-inactive,0.08732762932777405,0.12766394019126892,0.012085631489753723,1,0.12766394019126892,0.08732762932777405,0.04033631086349487,0.1155783087015152,"[true, true, true]",False,False,False,67001,0,0843ed3f032eeea0612c508f007d708852bd5b1fffa62c033181097389bc1972,validation_008,1,7,1337296561,15,,
128,25.6,A,ramp,True,False,254.2600000000016,5.799999999999991,1,accelerate,2.0,1.999999999999993,260.90000000000066,0.0,1,0,active-inactive,-0.20633259415626526,0.048671334981918335,0.048238031566143036,1,0.048671334981918335,0.048238031566143036,0.00043330341577529907,0.2550039291381836,"[true, true, true]",False,False,False,67001,0,0843ed3f032eeea0612c508f007d708852bd5b1fffa62c033181097389bc1972,validation_008,1,7,1337296561,15,,
128,25.6,B,mainline,False,True,260.90000000000066,0.0,0,maintain,0.0,0.0,254.2600000000016,5.799999999999991,1,0,active-inactive,0.08679766952991486,0.12832185626029968,0.011674962937831879,1,0.12832185626029968,0.08679766952991486,0.04152418673038483,0.1166468933224678,"[true, true, true]",False,False,False,67001,0,0843ed3f032eeea0612c508f007d708852bd5b1fffa62c033181097389bc1972,validation_008,1,7,1337296561,15,,
129,25.8,A,ramp,True,False,255.46000000000163,6.1999999999999895,1,accelerate,2.0,1.999999999999993,260.90000000000066,0.0,1,0,active-inactive,-0.20695537328720093,0.04837194085121155,0.04814710468053818,1,0.04837194085121155,0.04814710468053818,0.00022483617067337036,0.2553273141384125,"[true, true, true]",False,False,False,67001,0,0843ed3f032eeea0612c508f007d708852bd5b1fffa62c033181097389bc1972,validation_008,1,7,1337296561,15,,
129,25.8,B,mainline,False,True,260.90000000000066,0.0,0,maintain,0.0,0.0,255.46000000000163,6.1999999999999895,1,0,active-inactive,0.08628985285758972,0.1289823055267334,0.011274054646492004,1,0.1289823055267334,0.08628985285758972,0.04269245266914368,0.1177082508802414,"[true, true, true]",False,False,False,67001,0,0843ed3f032eeea0612c508f007d708852bd5b1fffa62c033181097389bc1972,validation_008,1,7,1337296561,15,,
130,26.0,A,ramp,True,False,256.7400000000016,6.599999999999988,2,decelerate,2.0,-3.000000000000007,260.90000000000066,0.0,2,0,active-inactive,-0.20749932527542114,0.047978393733501434,0.048110783100128174,2,0.048110783100128174,0.047978393733501434,0.0001323893666267395,0.2556101083755493,"[true, true, true]",False,False,False,67001,0,0843ed3f032eeea0612c508f007d708852bd5b1fffa62c033181097389bc1972,validation_008,1,7,1337296561,15,,
130,26.0,B,mainline,False,True,260.90000000000066,0.0,0,maintain,0.0,0.0,256.7400000000016,6.599999999999988,2,0,active-inactive,0.08583357185125351,0.12959936261177063,0.010895796120166779,1,0.12959936261177063,0.08583357185125351,0.04376579076051712,0.11870356649160385,"[true, true, true]",False,False,False,67001,0,0843ed3f032eeea0612c508f007d708852bd5b1fffa62c033181097389bc1972,validation_008,1,7,1337296561,15,,
131,26.200000000000003,A,ramp,True,False,258.0000000000016,5.999999999999987,1,accelerate,-3.0,1.999999999999993,260.90000000000066,0.0,1,0,active-inactive,-0.20767123997211456,0.04883383959531784,0.048072975128889084,1,0.04883383959531784,0.048072975128889084,0.0007608644664287567,0.2565050795674324,"[true, true, true]",False,False,False,67001,0,0843ed3f032eeea0612c508f007d708852bd5b1fffa62c033181097389bc1972,validation_008,1,7,1337296561,15,,
131,26.200000000000003,B,mainline,False,True,260.90000000000066,0.0,0,maintain,0.0,0.0,258.0000000000016,5.999999999999987,1,0,active-inactive,0.0868266224861145,0.12853844463825226,0.011899527162313461,1,0.12853844463825226,0.0868266224861145,0.041711822152137756,0.1166389174759388,"[true, true, true]",False,False,False,67001,0,0843ed3f032eeea0612c508f007d708852bd5b1fffa62c033181097389bc1972,validation_008,1,7,1337296561,15,,
132,26.400000000000002,A,ramp,True,False,259.2400000000016,6.399999999999985,1,accelerate,2.0,0.0,260.90000000000066,0.0,1,0,active-inactive,-0.20811811089515686,0.04836024343967438,0.04802796244621277,1,0.04836024343967438,0.04802796244621277,0.0003322809934616089,0.25647835433483124,"[true, true, true]",False,True,False,67001,0,0843ed3f032eeea0612c508f007d708852bd5b1fffa62c033181097389bc1972,validation_008,1,7,1337296561,15,,
132,26.400000000000002,B,mainline,False,True,260.90000000000066,0.0,0,maintain,0.0,0.0,259.2400000000016,6.399999999999985,1,0,active-inactive,0.08638603240251541,0.12910112738609314,0.011540280655026436,1,0.12910112738609314,0.08638603240251541,0.04271509498357773,0.1175608467310667,"[true, true, true]",False,True,False,67001,0,0843ed3f032eeea0612c508f007d708852bd5b1fffa62c033181097389bc1972,validation_008,1,7,1337296561,15,,
