policy_step,simulation_time,controller,controller_role,active,exited,route_progress,speed,commanded_action,commanded_action_name,commanded_acceleration,realised_acceleration,peer_progress,peer_speed,action_A,action_B,joint_action_category,Q_maintain,Q_accelerate,Q_decelerate,greedy_action,best_Q,second_best_Q,Q_margin,Q_range,action_mask,collision_flag,termination_flag,truncation_flag,master_seed,checkpoint_step,checkpoint_sha256,validation_block_id,assignment,scenario_block,eval_seed,episode_index,front_gap,minimum_TTC
0,0.0,A,mainline,True,False,28.0,20.0,0,maintain,0.0,0.0,20.0,20.0,0,0,maintain-maintain,0.04050779342651367,-0.08850395679473877,-0.0375543087720871,0,0.04050779342651367,-0.0375543087720871,0.07806210219860077,0.12901175022125244,"[true, true, true]",False,False,False,67008,0,fc67b5b9a2d8c823e29b2d5c2dd6465388b731a6dccfb0feeb70cb674ab28be9,validation_001,0,0,1937699456,0,,
0,0.0,B,ramp,True,False,20.0,20.0,0,maintain,0.0,0.0,28.0,20.0,0,0,maintain-maintain,0.12751254439353943,-0.01811753213405609,-0.1018279641866684,0,0.12751254439353943,-0.01811753213405609,0.14563007652759552,0.22934050858020782,"[true, true, true]",False,False,False,67008,0,fc67b5b9a2d8c823e29b2d5c2dd6465388b731a6dccfb0feeb70cb674ab28be9,validation_001,0,0,1937699456,0,,
0,0.0,B_front,background_mainline,True,,120.0,20.0,,,,,,,,,,,,,,,,,,,,,,67008,0,fc67b5b9a2d8c823e29b2d5c2dd6465388b731a6dccfb0feeb70cb674ab28be9,validation_001,0,0,1937699456,0,,
0,0.0,B_rear,background_mainline,True,,3.945792890543582,19.483844969091912,,,,,,,,,,,,,,,,,,,,,,67008,0,fc67b5b9a2d8c823e29b2d5c2dd6465388b731a6dccfb0feeb70cb674ab28be9,validation_001,0,0,1937699456,0,,
1,0.2,A,mainline,True,False,32.0,20.0,0,maintain,0.0,0.0,24.0,20.0,0,0,maintain-maintain,0.039153918623924255,-0.08608071506023407,-0.03553079068660736,0,0.039153918623924255,-0.03553079068660736,0.07468470931053162,0.12523463368415833,"[true, true, true]",False,False,False,67008,0,fc67b5b9a2d8c823e29b2d5c2dd6465388b731a6dccfb0feeb70cb674ab28be9,validation_001,0,0,1937699456,0,,
1,0.2,B,ramp,True,False,24.0,20.0,0,maintain,0.0,0.0,32.0,20.0,0,0,maintain-maintain,0.12882483005523682,-0.017781496047973633,-0.10109240561723709,0,0.12882483005523682,-0.017781496047973633,0.14660632610321045,0.2299172356724739,"[true, true, true]",False,False,False,67008,0,fc67b5b9a2d8c823e29b2d5c2dd6465388b731a6dccfb0feeb70cb674ab28be9,validation_001,0,0,1937699456,0,,
1,0.2,B_front,background_mainline,True,,124.0,20.0,,,,,,,,,,,,,,,,,,,,,,67008,0,fc67b5b9a2d8c823e29b2d5c2dd6465388b731a6dccfb0feeb70cb674ab28be9,validation_001,0,0,1937699456,0,,
1,0.2,B_rear,background_mainline,True,,7.802789976125999,19.103228823167687,,,,,,,,,,,,,,,,,,,,,,67008,0,fc67b5b9a2d8c823e29b2d5c2dd6465388b731a6dccfb0feeb70cb674ab28be9,validation_001,0,0,1937699456,0,,
2,0.4,A,mainline,True,False,36.0,20.0,0,maintain,0.0,0.0,28.0,20.0,0,0,maintain-maintain,0.037888504564762115,-0.08385590463876724,-0.033827804028987885,0,0.037888504564762115,-0.033827804028987885,0.07171630859375,0.12174440920352936,"[true, true, true]",False,False,False,67008,0,fc67b5b9a2d8c823e29b2d5c2dd6465388b731a6dccfb0feeb70cb674ab28be9,validation_001,0,0,1937699456,0,,
2,0.4,B,ramp,True,False,28.0,20.0,0,maintain,0.0,0.0,36.0,20.0,0,0,maintain-maintain,0.1302831768989563,-0.017449304461479187,-0.10033683478832245,0,0.1302831768989563,-0.017449304461479187,0.14773248136043549,0.23062001168727875,"[true, true, true]",False,False,False,67008,0,fc67b5b9a2d8c823e29b2d5c2dd6465388b731a6dccfb0feeb70cb674ab28be9,validation_001,0,0,1937699456,0,,
2,0.4,B_front,background_mainline,True,,128.0,20.0,,,,,,,,,,,,,,,,,,,,,,67008,0,fc67b5b9a2d8c823e29b2d5c2dd6465388b731a6dccfb0feeb70cb674ab28be9,validation_001,0,0,1937699456,0,,
2,0.4,B_rear,background_mainline,True,,11.593368401039545,18.814498512244633,,,,,,,,,,,,,,,,,,,,,,67008,0,fc67b5b9a2d8c823e29b2d5c2dd6465388b731a6dccfb0feeb70cb674ab28be9,validation_001,0,0,1937699456,0,,
3,0.6000000000000001,A,mainline,True,False,40.0,20.0,0,maintain,0.0,0.0,32.0,20.0,0,0,maintain-maintain,0.03670518845319748,-0.08178695291280746,-0.03223671019077301,0,0.03670518845319748,-0.03223671019077301,0.06894189864397049,0.11849214136600494,"[true, true, true]",False,False,False,67008,0,fc67b5b9a2d8c823e29b2d5c2dd6465388b731a6dccfb0feeb70cb674ab28be9,validation_001,0,0,1937699456,0,,
3,0.6000000000000001,B,ramp,True,False,32.0,20.0,0,maintain,0.0,0.0,40.0,20.0,0,0,maintain-maintain,0.13185878098011017,-0.0172051340341568,-0.09953796118497849,0,0.13185878098011017,-0.0172051340341568,0.14906391501426697,0.23139674216508865,"[true, true, true]",False,False,False,67008,0,fc67b5b9a2d8c823e29b2d5c2dd6465388b731a6dccfb0feeb70cb674ab28be9,validation_001,0,0,1937699456,0,,
3,0.6000000000000001,B_front,background_mainline,True,,132.0,20.0,,,,,,,,,,,,,,,,,,,,,,67008,0,fc67b5b9a2d8c823e29b2d5c2dd6465388b731a6dccfb0feeb70cb674ab28be9,validation_001,0,0,1937699456,0,,
3,0.6000000000000001,B_rear,background_mainline,True,,15.333070330500611,18.591211668736282,,,,,,,,,,,,,,,,,,,,,,67008,0,fc67b5b9a2d8c823e29b2d5c2dd6465388b731a6dccfb0feeb70cb674ab28be9,validation_001,0,0,1937699456,0,,
4,0.8,A,mainline,True,False,44.0,20.0,0,maintain,0.0,0.0,36.0,20.0,0,0,maintain-maintain,0.035628363490104675,-0.07971955835819244,-0.030607864260673523,0,0.035628363490104675,-0.030607864260673523,0.0662362277507782,0.11534792184829712,"[true, true, true]",False,False,False,67008,0,fc67b5b9a2d8c823e29b2d5c2dd6465388b731a6dccfb0feeb70cb674ab28be9,validation_001,0,0,1937699456,0,,
4,0.8,B,ramp,True,False,36.0,20.0,0,maintain,0.0,0.0,44.0,20.0,0,0,maintain-maintain,0.1334831267595291,-0.016984298825263977,-0.09875330328941345,0,0.1334831267595291,-0.016984298825263977,0.1504674255847931,0.23223643004894257,"[true, true, true]",False,False,False,67008,0,fc67b5b9a2d8c823e29b2d5c2dd6465388b731a6dccfb0feeb70cb674ab28be9,validation_001,0,0,1937699456,0,,
4,0.8,B_front,background_mainline,True,,136.0,20.0,,,,,,,,,,,,,,,,,,,,,,67008,0,fc67b5b9a2d8c823e29b2d5c2dd6465388b731a6dccfb0feeb70cb674ab28be9,validation_001,0,0,1937699456,0,,
4,0.8,B_rear,background_mainline,True,,19.03316593289923,18.4162696490176,,,,,,,,,,,,,,,,,,,,,,67008,0,fc67b5b9a2d8c823e29b2d5c2dd6465388b731a6dccfb0feeb70cb674ab28be9,validation_001,0,0,1937699456,0,,
5,1.0,A,mainline,True,False,48.0,20.0,0,maintain,0.0,0.0,40.0,20.0,0,0,maintain-maintain,0.03468358516693115,-0.07753197848796844,-0.02882082760334015,0,0.03468358516693115,-0.02882082760334015,0.0635044127702713,0.1122155636548996,"[true, true, true]",False,False,False,67008,0,fc67b5b9a2d8c823e29b2d5c2dd6465388b731a6dccfb0feeb70cb674ab28be9,validation_001,0,0,1937699456,0,,
5,1.0,B,ramp,True,False,40.0,20.0,0,maintain,0.0,0.0,48.0,20.0,0,0,maintain-maintain,0.13511806726455688,-0.01675213873386383,-0.09801189601421356,0,0.13511806726455688,-0.01675213873386383,0.15187020599842072,0.23312996327877045,"[true, true, true]",False,False,False,67008,0,fc67b5b9a2d8c823e29b2d5c2dd6465388b731a6dccfb0feeb70cb674ab28be9,validation_001,0,0,1937699456,0,,
5,1.0,B_front,background_mainline,True,,140.0,20.0,,,,,,,,,,,,,,,,,,,,,,67008,0,fc67b5b9a2d8c823e29b2d5c2dd6465388b731a6dccfb0feeb70cb674ab28be9,validation_001,0,0,1937699456,0,,
5,1.0,B_rear,background_mainline,True,,22.702096516872903,18.278056734572637,,,,,,,,,,,,,,,,,,,,,,67008,0,fc67b5b9a2d8c823e29b2d5c2dd6465388b731a6dccfb0feeb70cb674ab28be9,validation_001,0,0,1937699456,0,,
6,1.2000000000000002,A,mainline,True,False,52.0,20.0,0,maintain,0.0,0.0,44.0,20.0,0,0,maintain-maintain,0.03376830369234085,-0.07541356980800629,-0.027086108922958374,0,0.03376830369234085,-0.027086108922958374,0.060854412615299225,0.10918187350034714,"[true, true, true]",False,False,False,67008,0,fc67b5b9a2d8c823e29b2d5c2dd6465388b731a6dccfb0feeb70cb674ab28be9,validation_001,0,0,1937699456,0,,
6,1.2000000000000002,B,ramp,True,False,44.0,20.0,0,maintain,0.0,0.0,52.0,20.0,0,0,maintain-maintain,0.1367611289024353,-0.016511403024196625,-0.09730348736047745,0,0.1367611289024353,-0.016511403024196625,0.15327253192663193,0.23406461626291275,"[true, true, true]",False,False,False,67008,0,fc67b5b9a2d8c823e29b2d5c2dd6465388b731a6dccfb0feeb70cb674ab28be9,validation_001,0,0,1937699456,0,,
6,1.2000000000000002,B_front,background_mainline,True,,144.0,20.0,,,,,,,,,,,,,,,,,,,,,,67008,0,fc67b5b9a2d8c823e29b2d5c2dd6465388b731a6dccfb0feeb70cb674ab28be9,validation_001,0,0,1937699456,0,,
6,1.2000000000000002,B_rear,background_mainline,True,,26.346345420577936,18.168371143538728,,,,,,,,,,,,,,,,,,,,,,67008,0,fc67b5b9a2d8c823e29b2d5c2dd6465388b731a6dccfb0feeb70cb674ab28be9,validation_001,0,0,1937699456,0,,
7,1.4000000000000001,A,mainline,True,False,56.0,20.0,0,maintain,0.0,0.0,48.0,20.0,0,0,maintain-maintain,0.0328759104013443,-0.07334886491298676,-0.025391951203346252,0,0.0328759104013443,-0.025391951203346252,0.05826786160469055,0.10622477531433105,"[true, true, true]",False,False,False,67008,0,fc67b5b9a2d8c823e29b2d5c2dd6465388b731a6dccfb0feeb70cb674ab28be9,validation_001,0,0,1937699456,0,,
7,1.4000000000000001,B,ramp,True,False,48.0,20.0,0,maintain,0.0,0.0,56.0,20.0,0,0,maintain-maintain,0.1384105086326599,-0.016264118254184723,-0.09662066400051117,0,0.1384105086326599,-0.016264118254184723,0.15467462688684464,0.23503117263317108,"[true, true, true]",False,False,False,67008,0,fc67b5b9a2d8c823e29b2d5c2dd6465388b731a6dccfb0feeb70cb674ab28be9,validation_001,0,0,1937699456,0,,
7,1.4000000000000001,B_front,background_mainline,True,,148.0,20.0,,,,,,,,,,,,,,,,,,,,,,67008,0,fc67b5b9a2d8c823e29b2d5c2dd6465388b731a6dccfb0feeb70cb674ab28be9,validation_001,0,0,1937699456,0,,
7,1.4000000000000001,B_rear,background_mainline,True,,29.97099247115752,18.081238737388432,,,,,,,,,,,,,,,,,,,,,,67008,0,fc67b5b9a2d8c823e29b2d5c2dd6465388b731a6dccfb0feeb70cb674ab28be9,validation_001,0,0,1937699456,0,,
8,1.6,A,mainline,True,False,60.0,20.0,0,maintain,0.0,0.0,52.0,20.0,0,0,maintain-maintain,0.032001644372940063,-0.07132655382156372,-0.02372986078262329,0,0.032001644372940063,-0.02372986078262329,0.055731505155563354,0.10332819819450378,"[true, true, true]",False,False,False,67008,0,fc67b5b9a2d8c823e29b2d5c2dd6465388b731a6dccfb0feeb70cb674ab28be9,validation_001,0,0,1937699456,0,,
8,1.6,B,ramp,True,False,52.0,20.0,0,maintain,0.0,0.0,60.0,20.0,0,0,maintain-maintain,0.1394733488559723,-0.015767134726047516,-0.09613462537527084,0,0.1394733488559723,-0.015767134726047516,0.1552404835820198,0.23560797423124313,"[true, true, true]",False,False,False,67008,0,fc67b5b9a2d8c823e29b2d5c2dd6465388b731a6dccfb0feeb70cb674ab28be9,validation_001,0,0,1937699456,0,,
8,1.6,B_front,background_mainline,True,,152.0,20.0,,,,,,,,,,,,,,,,,,,,,,67008,0,fc67b5b9a2d8c823e29b2d5c2dd6465388b731a6dccfb0feeb70cb674ab28be9,validation_001,0,0,1937699456,0,,
8,1.6,B_rear,background_mainline,True,,33.58008240344489,18.012195307757786,,,,,,,,,,,,,,,,,,,,,,67008,0,fc67b5b9a2d8c823e29b2d5c2dd6465388b731a6dccfb0feeb70cb674ab28be9,validation_001,0,0,1937699456,0,,
9,1.8,A,mainline,True,False,64.0,20.0,0,maintain,0.0,0.0,56.0,20.0,0,0,maintain-maintain,0.03101930022239685,-0.06981299072504044,-0.022186242043972015,0,0.03101930022239685,-0.022186242043972015,0.053205542266368866,0.10083229094743729,"[true, true, true]",False,False,False,67008,0,fc67b5b9a2d8c823e29b2d5c2dd6465388b731a6dccfb0feeb70cb674ab28be9,validation_001,0,0,1937699456,0,,
9,1.8,B,ramp,True,False,56.0,20.0,0,maintain,0.0,0.0,64.0,20.0,0,0,maintain-maintain,0.13918115198612213,-0.01491495966911316,-0.09643188118934631,0,0.13918115198612213,-0.01491495966911316,0.1540961116552353,0.23561303317546844,"[true, true, true]",False,False,False,67008,0,fc67b5b9a2d8c823e29b2d5c2dd6465388b731a6dccfb0feeb70cb674ab28be9,validation_001,0,0,1937699456,0,,
9,1.8,B_front,background_mainline,True,,156.0,20.0,,,,,,,,,,,,,,,,,,,,,,67008,0,fc67b5b9a2d8c823e29b2d5c2dd6465388b731a6dccfb0feeb70cb674ab28be9,validation_001,0,0,1937699456,0,,
9,1.8,B_rear,background_mainline,True,,37.176878382210035,17.957832915032608,,,,,,,,,,,,,,,,,,,,,,67008,0,fc67b5b9a2d8c823e29b2d5c2dd6465388b731a6dccfb0feeb70cb674ab28be9,validation_001,0,0,1937699456,0,,
10,2.0,A,mainline,True,False,68.0,20.0,0,maintain,0.0,0.0,60.0,20.0,0,0,maintain-maintain,0.030060194432735443,-0.0684790313243866,-0.020698972046375275,0,0.030060194432735443,-0.020698972046375275,0.05075916647911072,0.09853922575712204,"[true, true, true]",False,False,False,67008,0,fc67b5b9a2d8c823e29b2d5c2dd6465388b731a6dccfb0feeb70cb674ab28be9,validation_001,0,0,1937699456,0,,
10,2.0,B,ramp,True,False,60.0,20.0,0,maintain,0.0,0.0,68.0,20.0,0,0,maintain-maintain,0.13889355957508087,-0.01406104862689972,-0.09674157202243805,0,0.13889355957508087,-0.01406104862689972,0.1529546082019806,0.23563513159751892,"[true, true, true]",False,False,False,67008,0,fc67b5b9a2d8c823e29b2d5c2dd6465388b731a6dccfb0feeb70cb674ab28be9,validation_001,0,0,1937699456,0,,
10,2.0,B_front,background_mainline,True,,160.0,20.0,,,,,,,,,,,,,,,,,,,,,,67008,0,fc67b5b9a2d8c823e29b2d5c2dd6465388b731a6dccfb0feeb70cb674ab28be9,validation_001,0,0,1937699456,0,,
10,2.0,B_rear,background_mainline,True,,40.7640416374725,17.91550248138286,,,,,,,,,,,,,,,,,,,,,,67008,0,fc67b5b9a2d8c823e29b2d5c2dd6465388b731a6dccfb0feeb70cb674ab28be9,validation_001,0,0,1937699456,0,,
11,2.2,A,mainline,True,False,72.0,20.0,0,maintain,0.0,0.0,64.0,20.0,0,0,maintain-maintain,0.02832341194152832,-0.06734351068735123,-0.019437983632087708,0,0.02832341194152832,-0.019437983632087708,0.04776139557361603,0.09566692262887955,"[true, true, true]",False,False,False,67008,0,fc67b5b9a2d8c823e29b2d5c2dd6465388b731a6dccfb0feeb70cb674ab28be9,validation_001,0,0,1937699456,0,,
11,2.2,B,ramp,True,False,64.0,20.0,0,maintain,0.0,0.0,72.0,20.0,0,0,maintain-maintain,0.13855503499507904,-0.011662833392620087,-0.0974462628364563,0,0.13855503499507904,-0.011662833392620087,0.15021786838769913,0.23600129783153534,"[true, true, true]",False,False,False,67008,0,fc67b5b9a2d8c823e29b2d5c2dd6465388b731a6dccfb0feeb70cb674ab28be9,validation_001,0,0,1937699456,0,,
11,2.2,B_front,background_mainline,True,,164.0,20.0,,,,,,,,,,,,,,,,,,,,,,67008,0,fc67b5b9a2d8c823e29b2d5c2dd6465388b731a6dccfb0feeb70cb674ab28be9,validation_001,0,0,1937699456,0,,
11,2.2,B_rear,background_mainline,True,,44.34376194699707,17.883112703357657,,,,,,,,,,,,,,,,,,,,,,67008,0,fc67b5b9a2d8c823e29b2d5c2dd6465388b731a6dccfb0feeb70cb674ab28be9,validation_001,0,0,1937699456,0,,
12,2.4000000000000004,A,mainline,True,False,76.0,20.0,0,maintain,0.0,0.0,68.0,20.0,0,0,maintain-maintain,0.0267714262008667,-0.06662405282258987,-0.01850074529647827,0,0.0267714262008667,-0.01850074529647827,0.04527217149734497,0.09339547902345657,"[true, true, true]",False,False,False,67008,0,fc67b5b9a2d8c823e29b2d5c2dd6465388b731a6dccfb0feeb70cb674ab28be9,validation_001,0,0,1937699456,0,,
12,2.4000000000000004,B,ramp,True,False,68.0,20.0,0,maintain,0.0,0.0,76.0,20.0,0,0,maintain-maintain,0.13819880783557892,-0.009109556674957275,-0.09808961302042007,0,0.13819880783557892,-0.009109556674957275,0.1473083645105362,0.236288420855999,"[true, true, true]",False,False,False,67008,0,fc67b5b9a2d8c823e29b2d5c2dd6465388b731a6dccfb0feeb70cb674ab28be9,validation_001,0,0,1937699456,0,,
12,2.4000000000000004,B_front,background_mainline,True,,168.0,20.0,,,,,,,,,,,,,,,,,,,,,,67008,0,fc67b5b9a2d8c823e29b2d5c2dd6465388b731a6dccfb0feeb70cb674ab28be9,validation_001,0,0,1937699456,0,,
12,2.4000000000000004,B_rear,background_mainline,True,,47.91785446244585,17.858990433126642,,,,,,,,,,,,,,,,,,,,,,67008,0,fc67b5b9a2d8c823e29b2d5c2dd6465388b731a6dccfb0feeb70cb674ab28be9,validation_001,0,0,1937699456,0,,
13,2.6,A,mainline,True,False,80.0,20.0,0,maintain,0.0,0.0,72.0,20.0,0,0,maintain-maintain,0.025225356221199036,-0.06591663509607315,-0.017572566866874695,0,0.025225356221199036,-0.017572566866874695,0.04279792308807373,0.09114199131727219,"[true, true, true]",False,False,False,67008,0,fc67b5b9a2d8c823e29b2d5c2dd6465388b731a6dccfb0feeb70cb674ab28be9,validation_001,0,0,1937699456,0,,
13,2.6,B,ramp,True,False,72.0,20.0,0,maintain,0.0,0.0,80.0,20.0,0,0,maintain-maintain,0.13784486055374146,-0.006554126739501953,-0.0987386628985405,0,0.13784486055374146,-0.006554126739501953,0.1443989872932434,0.23658352345228195,"[true, true, true]",False,False,False,67008,0,fc67b5b9a2d8c823e29b2d5c2dd6465388b731a6dccfb0feeb70cb674ab28be9,validation_001,0,0,1937699456,0,,
13,2.6,B_front,background_mainline,True,,172.0,20.0,,,,,,,,,,,,,,,,,,,,,,67008,0,fc67b5b9a2d8c823e29b2d5c2dd6465388b731a6dccfb0feeb70cb674ab28be9,validation_001,0,0,1937699456,0,,
13,2.6,B_rear,background_mainline,True,,51.487832908435976,17.84178147527624,,,,,,,,,,,,,,,,,,,,,,67008,0,fc67b5b9a2d8c823e29b2d5c2dd6465388b731a6dccfb0feeb70cb674ab28be9,validation_001,0,0,1937699456,0,,
14,2.8000000000000003,A,mainline,True,False,84.0,20.0,0,maintain,0.0,0.0,76.0,20.0,0,0,maintain-maintain,0.0239870548248291,-0.06549948453903198,-0.016551747918128967,0,0.0239870548248291,-0.016551747918128967,0.04053880274295807,0.08948653936386108,"[true, true, true]",False,False,False,67008,0,fc67b5b9a2d8c823e29b2d5c2dd6465388b731a6dccfb0feeb70cb674ab28be9,validation_001,0,0,1937699456,0,,
14,2.8000000000000003,B,ramp,True,False,76.0,20.0,0,maintain,0.0,0.0,84.0,20.0,0,0,maintain-maintain,0.13746102154254913,-0.003954313695430756,-0.09913559257984161,0,0.13746102154254913,-0.003954313695430756,0.1414153352379799,0.23659661412239075,"[true, true, true]",False,False,False,67008,0,fc67b5b9a2d8c823e29b2d5c2dd6465388b731a6dccfb0feeb70cb674ab28be9,validation_001,0,0,1937699456,0,,
14,2.8000000000000003,B_front,background_mainline,True,,176.0,20.0,,,,,,,,,,,,,,,,,,,,,,67008,0,fc67b5b9a2d8c823e29b2d5c2dd6465388b731a6dccfb0feeb70cb674ab28be9,validation_001,0,0,1937699456,0,,
14,2.8000000000000003,B_rear,background_mainline,True,,55.05496583010487,17.830378655921983,,,,,,,,,,,,,,,,,,,,,,67008,0,fc67b5b9a2d8c823e29b2d5c2dd6465388b731a6dccfb0feeb70cb674ab28be9,validation_001,0,0,1937699456,0,,
15,3.0,A,mainline,True,False,88.0,20.0,0,maintain,0.0,0.0,80.0,20.0,0,0,maintain-maintain,0.022876322269439697,-0.06534481048583984,-0.015479624271392822,0,0.022876322269439697,-0.015479624271392822,0.03835594654083252,0.08822113275527954,"[true, true, true]",False,False,False,67008,0,fc67b5b9a2d8c823e29b2d5c2dd6465388b731a6dccfb0feeb70cb674ab28be9,validation_001,0,0,1937699456,0,,
15,3.0,B,ramp,True,False,80.0,20.0,0,maintain,0.0,0.0,88.0,20.0,0,0,maintain-maintain,0.1372847557067871,-0.0014213398098945618,-0.09901547431945801,0,0.1372847557067871,-0.0014213398098945618,0.13870609551668167,0.23630023002624512,"[true, true, true]",False,False,False,67008,0,fc67b5b9a2d8c823e29b2d5c2dd6465388b731a6dccfb0feeb70cb674ab28be9,validation_001,0,0,1937699456,0,,
15,3.0,B_front,background_mainline,True,,180.0,20.0,,,,,,,,,,,,,,,,,,,,,,67008,0,fc67b5b9a2d8c823e29b2d5c2dd6465388b731a6dccfb0feeb70cb674ab28be9,validation_001,0,0,1937699456,0,,
15,3.0,B_rear,background_mainline,True,,58.62032044288004,17.82386872025833,,,,,,,,,,,,,,,,,,,,,,67008,0,fc67b5b9a2d8c823e29b2d5c2dd6465388b731a6dccfb0feeb70cb674ab28be9,validation_001,0,0,1937699456,0,,
16,3.2,A,mainline,True,False,92.0,20.0,0,maintain,0.0,0.0,84.0,20.0,0,0,maintain-maintain,0.02176513522863388,-0.06519827246665955,-0.01441723108291626,0,0.02176513522863388,-0.01441723108291626,0.03618236631155014,0.08696340769529343,"[true, true, true]",False,False,False,67008,0,fc67b5b9a2d8c823e29b2d5c2dd6465388b731a6dccfb0feeb70cb674ab28be9,validation_001,0,0,1937699456,0,,
16,3.2,B,ramp,True,False,84.0,20.0,0,maintain,0.0,0.0,92.0,20.0,0,0,maintain-maintain,0.13746672868728638,0.0002397298812866211,-0.09882025420665741,0,0.13746672868728638,0.0002397298812866211,0.13722699880599976,0.2362869828939438,"[true, true, true]",False,False,False,67008,0,fc67b5b9a2d8c823e29b2d5c2dd6465388b731a6dccfb0feeb70cb674ab28be9,validation_001,0,0,1937699456,0,,
16,3.2,B_front,background_mainline,True,,184.0,20.0,,,,,,,,,,,,,,,,,,,,,,67008,0,fc67b5b9a2d8c823e29b2d5c2dd6465388b731a6dccfb0feeb70cb674ab28be9,validation_001,0,0,1937699456,0,,
16,3.2,B_rear,background_mainline,True,,62.18479725868787,17.82149249512178,,,,,,,,,,,,,,,,,,,,,,67008,0,fc67b5b9a2d8c823e29b2d5c2dd6465388b731a6dccfb0feeb70cb674ab28be9,validation_001,0,0,1937699456,0,,
17,3.4000000000000004,A,mainline,True,False,96.0,20.0,0,maintain,0.0,0.0,88.0,20.0,0,0,maintain-maintain,0.02065093070268631,-0.06506989896297455,-0.01337634027004242,0,0.02065093070268631,-0.01337634027004242,0.03402727097272873,0.08572082966566086,"[true, true, true]",False,False,False,67008,0,fc67b5b9a2d8c823e29b2d5c2dd6465388b731a6dccfb0feeb70cb674ab28be9,validation_001,0,0,1937699456,0,,
17,3.4000000000000004,B,ramp,True,False,88.0,20.0,0,maintain,0.0,0.0,96.0,20.0,0,0,maintain-maintain,0.13820815086364746,0.0012714117765426636,-0.09933876991271973,0,0.13820815086364746,0.0012714117765426636,0.1369367390871048,0.2375469207763672,"[true, true, true]",False,False,False,67008,0,fc67b5b9a2d8c823e29b2d5c2dd6465388b731a6dccfb0feeb70cb674ab28be9,validation_001,0,0,1937699456,0,,
17,3.4000000000000004,B_front,background_mainline,True,,188.0,20.0,,,,,,,,,,,,,,,,,,,,,,67008,0,fc67b5b9a2d8c823e29b2d5c2dd6465388b731a6dccfb0feeb70cb674ab28be9,validation_001,0,0,1937699456,0,,
17,3.4000000000000004,B_rear,background_mainline,True,,65.74915774430865,17.82261456794975,,,,,,,,,,,,,,,,,,,,,,67008,0,fc67b5b9a2d8c823e29b2d5c2dd6465388b731a6dccfb0feeb70cb674ab28be9,validation_001,0,0,1937699456,0,,
18,3.6,A,mainline,True,False,100.0,20.0,0,maintain,0.0,0.0,92.0,20.0,0,0,maintain-maintain,0.01953168213367462,-0.06496721506118774,-0.012365281581878662,0,0.01953168213367462,-0.012365281581878662,0.031896963715553284,0.08449889719486237,"[true, true, true]",False,False,False,67008,0,fc67b5b9a2d8c823e29b2d5c2dd6465388b731a6dccfb0feeb70cb674ab28be9,validation_001,0,0,1937699456,0,,
18,3.6,B,ramp,True,False,92.0,20.0,0,maintain,0.0,0.0,100.0,20.0,0,0,maintain-maintain,0.1390780508518219,0.00235159695148468,-0.10003317147493362,0,0.1390780508518219,0.00235159695148468,0.13672645390033722,0.23911122232675552,"[true, true, true]",False,False,False,67008,0,fc67b5b9a2d8c823e29b2d5c2dd6465388b731a6dccfb0feeb70cb674ab28be9,validation_001,0,0,1937699456,0,,
18,3.6,B_front,background_mainline,True,,192.0,20.0,,,,,,,,,,,,,,,,,,,,,,67008,0,fc67b5b9a2d8c823e29b2d5c2dd6465388b731a6dccfb0feeb70cb674ab28be9,validation_001,0,0,1937699456,0,,
18,3.6,B_rear,background_mainline,True,,69.31404664279964,17.82669990521531,,,,,,,,,,,,,,,,,,,,,,67008,0,fc67b5b9a2d8c823e29b2d5c2dd6465388b731a6dccfb0feeb70cb674ab28be9,validation_001,0,0,1937699456,0,,
19,3.8000000000000003,A,mainline,True,False,104.0,20.0,0,maintain,0.0,0.0,96.0,20.0,0,0,maintain-maintain,0.018406257033348083,-0.06489303708076477,-0.011386334896087646,0,0.018406257033348083,-0.011386334896087646,0.02979259192943573,0.08329929411411285,"[true, true, true]",False,False,False,67008,0,fc67b5b9a2d8c823e29b2d5c2dd6465388b731a6dccfb0feeb70cb674ab28be9,validation_001,0,0,1937699456,0,,
19,3.8000000000000003,B,ramp,True,False,96.0,20.0,0,maintain,0.0,0.0,104.0,20.0,0,0,maintain-maintain,0.13996422290802002,0.0034420639276504517,-0.10071785002946854,0,0.13996422290802002,0.0034420639276504517,0.13652215898036957,0.24068207293748856,"[true, true, true]",False,False,False,67008,0,fc67b5b9a2d8c823e29b2d5c2dd6465388b731a6dccfb0feeb70cb674ab28be9,validation_001,0,0,1937699456,0,,
19,3.8000000000000003,B_front,background_mainline,True,,196.0,20.0,,,,,,,,,,,,,,,,,,,,,,67008,0,fc67b5b9a2d8c823e29b2d5c2dd6465388b731a6dccfb0feeb70cb674ab28be9,validation_001,0,0,1937699456,0,,
19,3.8000000000000003,B_rear,background_mainline,True,,72.88001015572469,17.833295606636447,,,,,,,,,,,,,,,,,,,,,,67008,0,fc67b5b9a2d8c823e29b2d5c2dd6465388b731a6dccfb0feeb70cb674ab28be9,validation_001,0,0,1937699456,0,,
20,4.0,A,mainline,True,False,108.0,20.0,0,maintain,0.0,0.0,100.0,20.0,0,0,maintain-maintain,0.01769125461578369,-0.06575395166873932,-0.010871075093746185,0,0.01769125461578369,-0.010871075093746185,0.028562329709529877,0.08344520628452301,"[true, true, true]",False,False,False,67008,0,fc67b5b9a2d8c823e29b2d5c2dd6465388b731a6dccfb0feeb70cb674ab28be9,validation_001,0,0,1937699456,0,,
20,4.0,B,ramp,True,False,100.0,20.0,0,maintain,0.0,0.0,108.0,20.0,0,0,maintain-maintain,0.14082947373390198,0.004578933119773865,-0.10141107439994812,0,0.14082947373390198,0.004578933119773865,0.1362505406141281,0.2422405481338501,"[true, true, true]",False,False,False,67008,0,fc67b5b9a2d8c823e29b2d5c2dd6465388b731a6dccfb0feeb70cb674ab28be9,validation_001,0,0,1937699456,0,,
20,4.0,B_front,background_mainline,True,,200.0,20.0,,,,,,,,,,,,,,,,,,,,,,67008,0,fc67b5b9a2d8c823e29b2d5c2dd6465388b731a6dccfb0feeb70cb674ab28be9,validation_001,0,0,1937699456,0,,
20,4.0,B_rear,background_mainline,True,,76.44751087836282,17.842016511867854,,,,,,,,,,,,,,,,,,,,,,67008,0,fc67b5b9a2d8c823e29b2d5c2dd6465388b731a6dccfb0feeb70cb674ab28be9,validation_001,0,0,1937699456,0,,
21,4.2,A,mainline,True,False,112.0,20.0,0,maintain,0.0,0.0,104.0,20.0,0,0,maintain-maintain,0.017678111791610718,-0.06748463958501816,-0.010750919580459595,0,0.017678111791610718,-0.010750919580459595,0.028429031372070312,0.08516275137662888,"[true, true, true]",False,False,False,67008,0,fc67b5b9a2d8c823e29b2d5c2dd6465388b731a6dccfb0feeb70cb674ab28be9,validation_001,0,0,1937699456,0,3.078889988693149,
21,4.2,B,ramp,True,False,104.0,20.0,0,maintain,0.0,0.0,112.0,20.0,0,0,maintain-maintain,0.14170676469802856,0.005724787712097168,-0.10209685564041138,0,0.14170676469802856,0.005724787712097168,0.1359819769859314,0.24380362033843994,"[true, true, true]",False,False,False,67008,0,fc67b5b9a2d8c823e29b2d5c2dd6465388b731a6dccfb0feeb70cb674ab28be9,validation_001,0,0,1937699456,0,3.078889988693149,
21,4.2,B_front,background_mainline,True,,204.0,20.0,,,,,,,,,,,,,,,,,,,,,,67008,0,fc67b5b9a2d8c823e29b2d5c2dd6465388b731a6dccfb0feeb70cb674ab28be9,validation_001,0,0,1937699456,0,,
21,4.2,B_rear,background_mainline,True,,80.01642707046551,17.832010106795757,,,,,,,,,,,,,,,,,,,,,,67008,0,fc67b5b9a2d8c823e29b2d5c2dd6465388b731a6dccfb0feeb70cb674ab28be9,validation_001,0,0,1937699456,0,,
22,4.4,A,mainline,True,False,116.0,20.0,0,maintain,0.0,0.0,108.0,20.0,0,0,maintain-maintain,0.02495861053466797,-0.0760689377784729,-0.018846437335014343,0,0.02495861053466797,-0.018846437335014343,0.04380504786968231,0.10102754831314087,"[true, true, true]",False,False,False,67008,0,fc67b5b9a2d8c823e29b2d5c2dd6465388b731a6dccfb0feeb70cb674ab28be9,validation_001,0,0,1937699456,0,3.109599814581287,
22,4.4,B,ramp,True,False,108.0,20.0,0,maintain,0.0,0.0,116.0,20.0,0,0,maintain-maintain,0.15910811722278595,0.02547822892665863,-0.10182283818721771,0,0.15910811722278595,0.02547822892665863,0.13362988829612732,0.26093095541000366,"[true, true, true]",False,False,False,67008,0,fc67b5b9a2d8c823e29b2d5c2dd6465388b731a6dccfb0feeb70cb674ab28be9,validation_001,0,0,1937699456,0,3.109599814581287,
22,4.4,B_front,background_mainline,True,,208.0,20.0,,,,,,,,,,,,,,,,,,,,,,67008,0,fc67b5b9a2d8c823e29b2d5c2dd6465388b731a6dccfb0feeb70cb674ab28be9,validation_001,0,0,1937699456,0,,
22,4.4,B_rear,background_mainline,True,,83.57654469765099,17.77167932616388,,,,,,,,,,,,,,,,,,,,,,67008,0,fc67b5b9a2d8c823e29b2d5c2dd6465388b731a6dccfb0feeb70cb674ab28be9,validation_001,0,0,1937699456,0,,
23,4.6000000000000005,A,mainline,True,False,120.0,20.0,0,maintain,0.0,0.0,112.0,20.0,0,0,maintain-maintain,0.025588929653167725,-0.0770999863743782,-0.018566273152828217,0,0.025588929653167725,-0.018566273152828217,0.04415520280599594,0.10268891602754593,"[true, true, true]",False,False,False,67008,0,fc67b5b9a2d8c823e29b2d5c2dd6465388b731a6dccfb0feeb70cb674ab28be9,validation_001,0,0,1937699456,0,3.1383465483587543,
23,4.6000000000000005,B,ramp,True,False,112.0,20.0,0,maintain,0.0,0.0,120.0,20.0,0,0,maintain-maintain,0.16064611077308655,0.026839114725589752,-0.10249047726392746,0,0.16064611077308655,0.026839114725589752,0.1338069960474968,0.263136588037014,"[true, true, true]",False,False,False,67008,0,fc67b5b9a2d8c823e29b2d5c2dd6465388b731a6dccfb0feeb70cb674ab28be9,validation_001,0,0,1937699456,0,3.1383465483587543,
23,4.6000000000000005,B_front,background_mainline,True,,212.0,20.0,,,,,,,,,,,,,,,,,,,,,,67008,0,fc67b5b9a2d8c823e29b2d5c2dd6465388b731a6dccfb0feeb70cb674ab28be9,validation_001,0,0,1937699456,0,,
23,4.6000000000000005,B_rear,background_mainline,True,,87.12609254436667,17.725828966201764,,,,,,,,,,,,,,,,,,,,,,67008,0,fc67b5b9a2d8c823e29b2d5c2dd6465388b731a6dccfb0feeb70cb674ab28be9,validation_001,0,0,1937699456,0,,
24,4.800000000000001,A,mainline,True,False,124.0,20.0,0,maintain,0.0,0.0,116.0,20.0,0,0,maintain-maintain,0.026220306754112244,-0.07814684510231018,-0.01831764727830887,0,0.026220306754112244,-0.01831764727830887,0.04453795403242111,0.10436715185642242,"[true, true, true]",False,False,False,67008,0,fc67b5b9a2d8c823e29b2d5c2dd6465388b731a6dccfb0feeb70cb674ab28be9,validation_001,0,0,1937699456,0,3.161590266435141,
24,4.800000000000001,B,ramp,True,False,116.0,20.0,0,maintain,0.0,0.0,124.0,20.0,0,0,maintain-maintain,0.16205638647079468,0.02800065279006958,-0.10319521278142929,0,0.16205638647079468,0.02800065279006958,0.1340557336807251,0.26525159925222397,"[true, true, true]",False,False,False,67008,0,fc67b5b9a2d8c823e29b2d5c2dd6465388b731a6dccfb0feeb70cb674ab28be9,validation_001,0,0,1937699456,0,3.161590266435141,
24,4.800000000000001,B_front,background_mainline,True,,216.0,20.0,,,,,,,,,,,,,,,,,,,,,,67008,0,fc67b5b9a2d8c823e29b2d5c2dd6465388b731a6dccfb0feeb70cb674ab28be9,validation_001,0,0,1937699456,0,,
24,4.800000000000001,B_rear,background_mainline,True,,90.66768435364284,17.691750635791188,,,,,,,,,,,,,,,,,,,,,,67008,0,fc67b5b9a2d8c823e29b2d5c2dd6465388b731a6dccfb0feeb70cb674ab28be9,validation_001,0,0,1937699456,0,,
25,5.0,A,mainline,True,False,128.0,20.0,0,maintain,0.0,0.0,120.0,20.0,0,0,maintain-maintain,0.027252323925495148,-0.07946770638227463,-0.019208893179893494,0,0.027252323925495148,-0.019208893179893494,0.04646121710538864,0.10672003030776978,"[true, true, true]",False,False,False,67008,0,fc67b5b9a2d8c823e29b2d5c2dd6465388b731a6dccfb0feeb70cb674ab28be9,validation_001,0,0,1937699456,0,3.1774004665950883,
25,5.0,B,ramp,True,False,120.0,20.0,0,maintain,0.0,0.0,128.0,20.0,0,0,maintain-maintain,0.1635872721672058,0.028870612382888794,-0.10383693873882294,0,0.1635872721672058,0.028870612382888794,0.13471665978431702,0.26742421090602875,"[true, true, true]",False,False,False,67008,0,fc67b5b9a2d8c823e29b2d5c2dd6465388b731a6dccfb0feeb70cb674ab28be9,validation_001,0,0,1937699456,0,3.1774004665950883,
25,5.0,B_front,background_mainline,True,,220.0,20.0,,,,,,,,,,,,,,,,,,,,,,67008,0,fc67b5b9a2d8c823e29b2d5c2dd6465388b731a6dccfb0feeb70cb674ab28be9,validation_001,0,0,1937699456,0,,
25,5.0,B_rear,background_mainline,True,,94.20345781925145,17.667358206163843,,,,,,,,,,,,,,,,,,,,,,67008,0,fc67b5b9a2d8c823e29b2d5c2dd6465388b731a6dccfb0feeb70cb674ab28be9,validation_001,0,0,1937699456,0,,
26,5.2,A,mainline,True,False,132.0,20.0,0,maintain,0.0,0.0,124.0,20.0,0,0,maintain-maintain,0.028423994779586792,-0.08094271272420883,-0.02026595175266266,0,0.028423994779586792,-0.02026595175266266,0.04868994653224945,0.10936670750379562,"[true, true, true]",False,False,False,67008,0,fc67b5b9a2d8c823e29b2d5c2dd6465388b731a6dccfb0feeb70cb674ab28be9,validation_001,0,0,1937699456,0,3.1859535753928157,
26,5.2,B,ramp,True,False,124.0,20.0,0,maintain,0.0,0.0,132.0,20.0,0,0,maintain-maintain,0.16518732905387878,0.028794899582862854,-0.10403291881084442,0,0.16518732905387878,0.028794899582862854,0.13639242947101593,0.2692202478647232,"[true, true, true]",False,False,False,67008,0,fc67b5b9a2d8c823e29b2d5c2dd6465388b731a6dccfb0feeb70cb674ab28be9,validation_001,0,0,1937699456,0,3.1859535753928157,
26,5.2,B_front,background_mainline,True,,224.0,20.0,,,,,,,,,,,,,,,,,,,,,,67008,0,fc67b5b9a2d8c823e29b2d5c2dd6465388b731a6dccfb0feeb70cb674ab28be9,validation_001,0,0,1937699456,0,,
26,5.2,B_rear,background_mainline,True,,97.73517962394058,17.651003804509568,,,,,,,,,,,,,,,,,,,,,,67008,0,fc67b5b9a2d8c823e29b2d5c2dd6465388b731a6dccfb0feeb70cb674ab28be9,validation_001,0,0,1937699456,0,,
27,5.4,A,mainline,True,False,136.0,20.0,0,maintain,0.0,0.0,128.0,20.0,0,0,maintain-maintain,0.02967679500579834,-0.08249931782484055,-0.021412760019302368,0,0.02967679500579834,-0.021412760019302368,0.05108955502510071,0.11217611283063889,"[true, true, true]",False,False,False,67008,0,fc67b5b9a2d8c823e29b2d5c2dd6465388b731a6dccfb0feeb70cb674ab28be9,validation_001,0,0,1937699456,0,3.1892279815970426,
27,5.4,B,ramp,True,False,128.0,20.0,0,maintain,0.0,0.0,136.0,20.0,0,0,maintain-maintain,0.16680042445659637,0.028595834970474243,-0.1041521206498146,0,0.16680042445659637,0.028595834970474243,0.13820458948612213,0.270952545106411,"[true, true, true]",False,False,False,67008,0,fc67b5b9a2d8c823e29b2d5c2dd6465388b731a6dccfb0feeb70cb674ab28be9,validation_001,0,0,1937699456,0,3.1892279815970426,
27,5.4,B_front,background_mainline,True,,228.0,20.0,,,,,,,,,,,,,,,,,,,,,,67008,0,fc67b5b9a2d8c823e29b2d5c2dd6465388b731a6dccfb0feeb70cb674ab28be9,validation_001,0,0,1937699456,0,,
27,5.4,B_rear,background_mainline,True,,101.26431957631694,17.641350402949353,,,,,,,,,,,,,,,,,,,,,,67008,0,fc67b5b9a2d8c823e29b2d5c2dd6465388b731a6dccfb0feeb70cb674ab28be9,validation_001,0,0,1937699456,0,,
28,5.6000000000000005,A,mainline,True,False,140.0,20.0,0,maintain,0.0,0.0,132.0,20.0,0,0,maintain-maintain,0.030939199030399323,-0.08394505828619003,-0.022564813494682312,0,0.030939199030399323,-0.022564813494682312,0.053504012525081635,0.11488425731658936,"[true, true, true]",False,False,False,67008,0,fc67b5b9a2d8c823e29b2d5c2dd6465388b731a6dccfb0feeb70cb674ab28be9,validation_001,0,0,1937699456,0,3.1898998629002904,
28,5.6000000000000005,B,ramp,True,False,132.0,20.0,0,maintain,0.0,0.0,140.0,20.0,0,0,maintain-maintain,0.1680792272090912,0.02826094627380371,-0.10410934686660767,0,0.1680792272090912,0.02826094627380371,0.13981828093528748,0.27218857407569885,"[true, true, true]",False,False,False,67008,0,fc67b5b9a2d8c823e29b2d5c2dd6465388b731a6dccfb0feeb70cb674ab28be9,validation_001,0,0,1937699456,0,3.1898998629002904,
28,5.6000000000000005,B_front,background_mainline,True,,232.0,20.0,,,,,,,,,,,,,,,,,,,,,,67008,0,fc67b5b9a2d8c823e29b2d5c2dd6465388b731a6dccfb0feeb70cb674ab28be9,validation_001,0,0,1937699456,0,,
28,5.6000000000000005,B_rear,background_mainline,True,,104.79210385583853,17.637288744949508,,,,,,,,,,,,,,,,,,,,,,67008,0,fc67b5b9a2d8c823e29b2d5c2dd6465388b731a6dccfb0feeb70cb674ab28be9,validation_001,0,0,1937699456,0,,
29,5.800000000000001,A,mainline,True,False,144.0,20.0,0,maintain,0.0,0.0,136.0,20.0,0,0,maintain-maintain,0.03230337053537369,-0.0849226638674736,-0.023882657289505005,0,0.03230337053537369,-0.023882657289505005,0.05618602782487869,0.11722603440284729,"[true, true, true]",False,False,False,67008,0,fc67b5b9a2d8c823e29b2d5c2dd6465388b731a6dccfb0feeb70cb674ab28be9,validation_001,0,0,1937699456,0,3.1899312394685637,
29,5.800000000000001,B,ramp,True,False,136.0,20.0,0,maintain,0.0,0.0,144.0,20.0,0,0,maintain-maintain,0.16902309656143188,0.02782709151506424,-0.10393110662698746,0,0.16902309656143188,0.02782709151506424,0.14119600504636765,0.27295420318841934,"[true, true, true]",False,False,False,67008,0,fc67b5b9a2d8c823e29b2d5c2dd6465388b731a6dccfb0feeb70cb674ab28be9,validation_001,0,0,1937699456,0,3.1899312394685637,
29,5.800000000000001,B_front,background_mainline,True,,236.0,20.0,,,,,,,,,,,,,,,,,,,,,,67008,0,fc67b5b9a2d8c823e29b2d5c2dd6465388b731a6dccfb0feeb70cb674ab28be9,validation_001,0,0,1937699456,0,,
29,5.800000000000001,B_rear,background_mainline,True,,108.31955524675224,17.637888665490117,,,,,,,,,,,,,,,,,,,,,,67008,0,fc67b5b9a2d8c823e29b2d5c2dd6465388b731a6dccfb0feeb70cb674ab28be9,validation_001,0,0,1937699456,0,,
30,6.0,A,mainline,True,False,148.0,20.0,0,maintain,0.0,0.0,140.0,20.0,0,0,maintain-maintain,0.033647917211055756,-0.08589858561754227,-0.025116190314292908,0,0.033647917211055756,-0.025116190314292908,0.05876410752534866,0.11954650282859802,"[true, true, true]",False,False,False,67008,0,fc67b5b9a2d8c823e29b2d5c2dd6465388b731a6dccfb0feeb70cb674ab28be9,validation_001,0,0,1937699456,0,3.189931239476124,
30,6.0,B,ramp,True,False,140.0,20.0,0,maintain,0.0,0.0,148.0,20.0,0,0,maintain-maintain,0.16982820630073547,0.02742374688386917,-0.10319206118583679,0,0.16982820630073547,0.02742374688386917,0.1424044594168663,0.27302026748657227,"[true, true, true]",False,False,False,67008,0,fc67b5b9a2d8c823e29b2d5c2dd6465388b731a6dccfb0feeb70cb674ab28be9,validation_001,0,0,1937699456,0,3.189931239476124,
30,6.0,B_front,background_mainline,True,,240.0,20.0,,,,,,,,,,,,,,,,,,,,,,67008,0,fc67b5b9a2d8c823e29b2d5c2dd6465388b731a6dccfb0feeb70cb674ab28be9,validation_001,0,0,1937699456,0,,
30,6.0,B_rear,background_mainline,True,,111.84752605499587,17.642372268801758,,,,,,,,,,,,,,,,,,,,,,67008,0,fc67b5b9a2d8c823e29b2d5c2dd6465388b731a6dccfb0feeb70cb674ab28be9,validation_001,0,0,1937699456,0,,
31,6.2,A,mainline,True,False,152.0,20.0,0,maintain,0.0,0.0,144.0,20.0,0,0,maintain-maintain,0.03497125208377838,-0.08689416944980621,-0.0262606143951416,0,0.03497125208377838,-0.0262606143951416,0.06123186647891998,0.1218654215335846,"[true, true, true]",False,False,False,67008,0,fc67b5b9a2d8c823e29b2d5c2dd6465388b731a6dccfb0feeb70cb674ab28be9,validation_001,0,0,1937699456,0,3.189931239476124,
31,6.2,B,ramp,True,False,144.0,20.0,0,maintain,0.0,0.0,152.0,20.0,0,0,maintain-maintain,0.17021650075912476,0.027079693973064423,-0.10200304538011551,0,0.17021650075912476,0.027079693973064423,0.14313680678606033,0.27221954613924026,"[true, true, true]",False,False,False,67008,0,fc67b5b9a2d8c823e29b2d5c2dd6465388b731a6dccfb0feeb70cb674ab28be9,validation_001,0,0,1937699456,0,3.189931239476124,
31,6.2,B_front,background_mainline,True,,244.0,20.0,,,,,,,,,,,,,,,,,,,,,,67008,0,fc67b5b9a2d8c823e29b2d5c2dd6465388b731a6dccfb0feeb70cb674ab28be9,validation_001,0,0,1937699456,0,,
31,6.2,B_rear,background_mainline,True,,115.37672646296605,17.650092641705122,,,,,,,,,,,,,,,,,,,,,,67008,0,fc67b5b9a2d8c823e29b2d5c2dd6465388b731a6dccfb0feeb70cb674ab28be9,validation_001,0,0,1937699456,0,,
32,6.4,A,mainline,True,False,156.0,20.0,0,maintain,0.0,0.0,148.0,20.0,0,0,maintain-maintain,0.03629423677921295,-0.08789271116256714,-0.027407966554164886,0,0.03629423677921295,-0.027407966554164886,0.06370220333337784,0.12418694794178009,"[true, true, true]",False,False,False,67008,0,fc67b5b9a2d8c823e29b2d5c2dd6465388b731a6dccfb0feeb70cb674ab28be9,validation_001,0,0,1937699456,0,3.189931239476124,
32,6.4,B,ramp,True,False,148.0,20.0,0,maintain,0.0,0.0,156.0,20.0,0,0,maintain-maintain,0.1704212725162506,0.026737436652183533,-0.1011616438627243,0,0.1704212725162506,0.026737436652183533,0.14368383586406708,0.2715829163789749,"[true, true, true]",False,False,False,67008,0,fc67b5b9a2d8c823e29b2d5c2dd6465388b731a6dccfb0feeb70cb674ab28be9,validation_001,0,0,1937699456,0,3.189931239476124,
32,6.4,B_front,background_mainline,True,,248.0,20.0,,,,,,,,,,,,,,,,,,,,,,67008,0,fc67b5b9a2d8c823e29b2d5c2dd6465388b731a6dccfb0feeb70cb674ab28be9,validation_001,0,0,1937699456,0,,
32,6.4,B_rear,background_mainline,True,,118.90774837868301,17.660510390666758,,,,,,,,,,,,,,,,,,,,,,67008,0,fc67b5b9a2d8c823e29b2d5c2dd6465388b731a6dccfb0feeb70cb674ab28be9,validation_001,0,0,1937699456,0,,
33,6.6000000000000005,A,mainline,True,False,160.0,20.0,0,maintain,0.0,0.0,152.0,20.0,0,0,maintain-maintain,0.0382208526134491,-0.0895562544465065,-0.028947800397872925,0,0.0382208526134491,-0.028947800397872925,0.06716865301132202,0.1277771070599556,"[true, true, true]",False,False,False,67008,0,fc67b5b9a2d8c823e29b2d5c2dd6465388b731a6dccfb0feeb70cb674ab28be9,validation_001,0,0,1937699456,0,3.189931239476124,
33,6.6000000000000005,B,ramp,True,False,152.0,20.0,0,maintain,0.0,0.0,160.0,20.0,0,0,maintain-maintain,0.17044880986213684,0.026565372943878174,-0.10075914859771729,0,0.17044880986213684,0.026565372943878174,0.14388343691825867,0.2712079584598541,"[true, true, true]",False,False,False,67008,0,fc67b5b9a2d8c823e29b2d5c2dd6465388b731a6dccfb0feeb70cb674ab28be9,validation_001,0,0,1937699456,0,3.189931239476124,
33,6.6000000000000005,B_front,background_mainline,True,,252.0,20.0,,,,,,,,,,,,,,,,,,,,,,67008,0,fc67b5b9a2d8c823e29b2d5c2dd6465388b731a6dccfb0feeb70cb674ab28be9,validation_001,0,0,1937699456,0,,
33,6.6000000000000005,B_rear,background_mainline,True,,122.44108482604642,17.67317325885381,,,,,,,,,,,,,,,,,,,,,,67008,0,fc67b5b9a2d8c823e29b2d5c2dd6465388b731a6dccfb0feeb70cb674ab28be9,validation_001,0,0,1937699456,0,,
34,6.800000000000001,A,mainline,True,False,164.0,20.0,0,maintain,0.0,0.0,156.0,20.0,0,0,maintain-maintain,0.040120869874954224,-0.0919833853840828,-0.03064572811126709,0,0.040120869874954224,-0.03064572811126709,0.07076659798622131,0.13210425525903702,"[true, true, true]",False,False,False,67008,0,fc67b5b9a2d8c823e29b2d5c2dd6465388b731a6dccfb0feeb70cb674ab28be9,validation_001,0,0,1937699456,0,3.189931239476124,
34,6.800000000000001,B,ramp,True,False,156.0,20.0,0,maintain,0.0,0.0,164.0,20.0,0,0,maintain-maintain,0.16917021572589874,0.026965640485286713,-0.10059072077274323,0,0.16917021572589874,0.026965640485286713,0.14220457524061203,0.26976093649864197,"[true, true, true]",False,False,False,67008,0,fc67b5b9a2d8c823e29b2d5c2dd6465388b731a6dccfb0feeb70cb674ab28be9,validation_001,0,0,1937699456,0,3.189931239476124,
34,6.800000000000001,B_front,background_mainline,True,,256.0,20.0,,,,,,,,,,,,,,,,,,,,,,67008,0,fc67b5b9a2d8c823e29b2d5c2dd6465388b731a6dccfb0feeb70cb674ab28be9,validation_001,0,0,1937699456,0,,
34,6.800000000000001,B_rear,background_mainline,True,,125.9771457150477,17.687700161288344,,,,,,,,,,,,,,,,,,,,,,67008,0,fc67b5b9a2d8c823e29b2d5c2dd6465388b731a6dccfb0feeb70cb674ab28be9,validation_001,0,0,1937699456,0,,
35,7.0,A,mainline,True,False,168.0,20.0,0,maintain,0.0,0.0,160.0,20.0,0,0,maintain-maintain,0.041759192943573,-0.09405548870563507,-0.032021790742874146,0,0.041759192943573,-0.032021790742874146,0.07378098368644714,0.13581468164920807,"[true, true, true]",False,False,False,67008,0,fc67b5b9a2d8c823e29b2d5c2dd6465388b731a6dccfb0feeb70cb674ab28be9,validation_001,0,0,1937699456,0,3.189931239476124,
35,7.0,B,ramp,True,False,160.0,20.0,0,maintain,0.0,0.0,168.0,20.0,0,0,maintain-maintain,0.16792866587638855,0.027404628694057465,-0.10033697634935379,0,0.16792866587638855,0.027404628694057465,0.14052403718233109,0.26826564222574234,"[true, true, true]",False,False,False,67008,0,fc67b5b9a2d8c823e29b2d5c2dd6465388b731a6dccfb0feeb70cb674ab28be9,validation_001,0,0,1937699456,0,3.189931239476124,
35,7.0,B_front,background_mainline,True,,260.0,0.0,,,,,,,,,,,,,,,,,,,,,,67008,0,fc67b5b9a2d8c823e29b2d5c2dd6465388b731a6dccfb0feeb70cb674ab28be9,validation_001,0,0,1937699456,0,,
35,7.0,B_rear,background_mainline,True,,129.51627077233078,17.7037686042446,,,,,,,,,,,,,,,,,,,,,,67008,0,fc67b5b9a2d8c823e29b2d5c2dd6465388b731a6dccfb0feeb70cb674ab28be9,validation_001,0,0,1937699456,0,,
36,7.2,A,mainline,True,False,172.0,20.0,0,maintain,0.0,0.0,164.0,20.0,0,0,maintain-maintain,0.03932341933250427,-0.10062455385923386,-0.01896660029888153,0,0.03932341933250427,-0.01896660029888153,0.0582900196313858,0.13994797319173813,"[true, true, true]",False,False,False,67008,0,fc67b5b9a2d8c823e29b2d5c2dd6465388b731a6dccfb0feeb70cb674ab28be9,validation_001,0,0,1937699456,0,3.189931239476124,
36,7.2,B,ramp,True,False,164.0,20.0,0,maintain,0.0,0.0,172.0,20.0,0,0,maintain-maintain,0.16654753684997559,0.033362869173288345,-0.12379217147827148,0,0.16654753684997559,0.033362869173288345,0.13318466767668724,0.29033970832824707,"[true, true, true]",False,False,False,67008,0,fc67b5b9a2d8c823e29b2d5c2dd6465388b731a6dccfb0feeb70cb674ab28be9,validation_001,0,0,1937699456,0,3.189931239476124,
36,7.2,B_front,background_mainline,True,,260.0,0.0,,,,,,,,,,,,,,,,,,,,,,67008,0,fc67b5b9a2d8c823e29b2d5c2dd6465388b731a6dccfb0feeb70cb674ab28be9,validation_001,0,0,1937699456,0,,
36,7.2,B_rear,background_mainline,True,,133.05874022320364,17.721104672124287,,,,,,,,,,,,,,,,,,,,,,67008,0,fc67b5b9a2d8c823e29b2d5c2dd6465388b731a6dccfb0feeb70cb674ab28be9,validation_001,0,0,1937699456,0,,
37,7.4,A,mainline,True,False,176.0,20.0,0,maintain,0.0,0.0,168.0,20.0,0,0,maintain-maintain,0.04020018130540848,-0.10310216248035431,-0.019654318690299988,0,0.04020018130540848,-0.019654318690299988,0.059854499995708466,0.1433023437857628,"[true, true, true]",False,False,False,67008,0,fc67b5b9a2d8c823e29b2d5c2dd6465388b731a6dccfb0feeb70cb674ab28be9,validation_001,0,0,1937699456,0,3.189931239476124,
37,7.4,B,ramp,True,False,168.0,20.0,0,maintain,0.0,0.0,176.0,20.0,0,0,maintain-maintain,0.1665925234556198,0.03315459191799164,-0.12449409067630768,0,0.1665925234556198,0.03315459191799164,0.13343793153762817,0.2910866141319275,"[true, true, true]",False,False,False,67008,0,fc67b5b9a2d8c823e29b2d5c2dd6465388b731a6dccfb0feeb70cb674ab28be9,validation_001,0,0,1937699456,0,3.189931239476124,
37,7.4,B_front,background_mainline,True,,260.0,0.0,,,,,,,,,,,,,,,,,,,,,,67008,0,fc67b5b9a2d8c823e29b2d5c2dd6465388b731a6dccfb0feeb70cb674ab28be9,validation_001,0,0,1937699456,0,,
37,7.4,B_rear,background_mainline,True,,136.60478367602062,17.739474984597056,,,,,,,,,,,,,,,,,,,,,,67008,0,fc67b5b9a2d8c823e29b2d5c2dd6465388b731a6dccfb0feeb70cb674ab28be9,validation_001,0,0,1937699456,0,,
38,7.6000000000000005,A,mainline,True,False,180.0,20.0,0,maintain,0.0,0.0,172.0,20.0,0,0,maintain-maintain,0.04062779247760773,-0.10525904595851898,-0.020273633301258087,0,0.04062779247760773,-0.020273633301258087,0.060901425778865814,0.1458868384361267,"[true, true, true]",False,False,False,67008,0,fc67b5b9a2d8c823e29b2d5c2dd6465388b731a6dccfb0feeb70cb674ab28be9,validation_001,0,0,1937699456,0,3.189931239476124,
38,7.6000000000000005,B,ramp,True,False,172.0,20.0,0,maintain,0.0,0.0,180.0,20.0,0,0,maintain-maintain,0.16699393093585968,0.0333554707467556,-0.12387469410896301,0,0.16699393093585968,0.0333554707467556,0.13363846018910408,0.2908686250448227,"[true, true, true]",False,False,False,67008,0,fc67b5b9a2d8c823e29b2d5c2dd6465388b731a6dccfb0feeb70cb674ab28be9,validation_001,0,0,1937699456,0,3.189931239476124,
38,7.6000000000000005,B_front,background_mainline,True,,260.0,0.0,,,,,,,,,,,,,,,,,,,,,,67008,0,fc67b5b9a2d8c823e29b2d5c2dd6465388b731a6dccfb0feeb70cb674ab28be9,validation_001,0,0,1937699456,0,,
38,7.6000000000000005,B_rear,background_mainline,True,,140.15458755673592,17.758680181784474,,,,,,,,,,,,,,,,,,,,,,67008,0,fc67b5b9a2d8c823e29b2d5c2dd6465388b731a6dccfb0feeb70cb674ab28be9,validation_001,0,0,1937699456,0,,
39,7.800000000000001,A,mainline,True,False,184.0,20.0,0,maintain,0.0,0.0,176.0,20.0,0,0,maintain-maintain,0.04041241854429245,-0.10683471709489822,-0.02044437825679779,0,0.04041241854429245,-0.02044437825679779,0.06085679680109024,0.14724713563919067,"[true, true, true]",False,False,False,67008,0,fc67b5b9a2d8c823e29b2d5c2dd6465388b731a6dccfb0feeb70cb674ab28be9,validation_001,0,0,1937699456,0,3.189931239476124,
39,7.800000000000001,B,ramp,True,False,176.0,20.0,0,maintain,0.0,0.0,184.0,20.0,0,0,maintain-maintain,0.16655565798282623,0.03384510055184364,-0.12371951341629028,0,0.16655565798282623,0.03384510055184364,0.1327105574309826,0.2902751713991165,"[true, true, true]",False,False,False,67008,0,fc67b5b9a2d8c823e29b2d5c2dd6465388b731a6dccfb0feeb70cb674ab28be9,validation_001,0,0,1937699456,0,3.189931239476124,
39,7.800000000000001,B_front,background_mainline,True,,260.0,0.0,,,,,,,,,,,,,,,,,,,,,,67008,0,fc67b5b9a2d8c823e29b2d5c2dd6465388b731a6dccfb0feeb70cb674ab28be9,validation_001,0,0,1937699456,0,,
39,7.800000000000001,B_rear,background_mainline,True,,143.70830136464454,17.77854960619028,,,,,,,,,,,,,,,,,,,,,,67008,0,fc67b5b9a2d8c823e29b2d5c2dd6465388b731a6dccfb0feeb70cb674ab28be9,validation_001,0,0,1937699456,0,,
40,8.0,A,mainline,True,False,188.0,20.0,0,maintain,0.0,0.0,180.0,20.0,0,0,maintain-maintain,0.039969950914382935,-0.10811620205640793,-0.020216844975948334,0,0.039969950914382935,-0.020216844975948334,0.06018679589033127,0.14808615297079086,"[true, true, true]",False,False,False,67008,0,fc67b5b9a2d8c823e29b2d5c2dd6465388b731a6dccfb0feeb70cb674ab28be9,validation_001,0,0,1937699456,0,3.189931239476124,
40,8.0,B,ramp,True,False,180.0,20.0,0,maintain,0.0,0.0,188.0,20.0,0,0,maintain-maintain,0.1659878045320511,0.034370243549346924,-0.1237637847661972,0,0.1659878045320511,0.034370243549346924,0.13161756098270416,0.2897515892982483,"[true, true, true]",False,False,False,67008,0,fc67b5b9a2d8c823e29b2d5c2dd6465388b731a6dccfb0feeb70cb674ab28be9,validation_001,0,0,1937699456,0,3.189931239476124,
40,8.0,B_front,background_mainline,True,,260.0,0.0,,,,,,,,,,,,,,,,,,,,,,67008,0,fc67b5b9a2d8c823e29b2d5c2dd6465388b731a6dccfb0feeb70cb674ab28be9,validation_001,0,0,1937699456,0,,
40,8.0,B_rear,background_mainline,True,,147.26604296250198,17.798936930479126,,,,,,,,,,,,,,,,,,,,,,67008,0,fc67b5b9a2d8c823e29b2d5c2dd6465388b731a6dccfb0feeb70cb674ab28be9,validation_001,0,0,1937699456,0,,
41,8.200000000000001,A,mainline,True,False,192.0,20.0,0,maintain,0.0,0.0,184.0,20.0,0,0,maintain-maintain,0.03871127963066101,-0.1080830916762352,-0.020318329334259033,0,0.03871127963066101,-0.020318329334259033,0.059029608964920044,0.1467943713068962,"[true, true, true]",False,False,False,67008,0,fc67b5b9a2d8c823e29b2d5c2dd6465388b731a6dccfb0feeb70cb674ab28be9,validation_001,0,0,1937699456,0,3.189931239476124,
41,8.200000000000001,B,ramp,True,False,184.0,20.0,0,maintain,0.0,0.0,192.0,20.0,0,0,maintain-maintain,0.16602157056331635,0.03454017639160156,-0.12339772284030914,0,0.16602157056331635,0.03454017639160156,0.13148139417171478,0.2894192934036255,"[true, true, true]",False,False,False,67008,0,fc67b5b9a2d8c823e29b2d5c2dd6465388b731a6dccfb0feeb70cb674ab28be9,validation_001,0,0,1937699456,0,3.189931239476124,
41,8.200000000000001,B_front,background_mainline,True,,260.0,0.0,,,,,,,,,,,,,,,,,,,,,,67008,0,fc67b5b9a2d8c823e29b2d5c2dd6465388b731a6dccfb0feeb70cb674ab28be9,validation_001,0,0,1937699456,0,,
41,8.200000000000001,B_rear,background_mainline,True,,150.8279030702117,17.819716539168297,,,,,,,,,,,,,,,,,,,,,,67008,0,fc67b5b9a2d8c823e29b2d5c2dd6465388b731a6dccfb0feeb70cb674ab28be9,validation_001,0,0,1937699456,0,,
42,8.4,A,mainline,True,False,196.0,20.0,0,maintain,0.0,0.0,188.0,20.0,0,0,maintain-maintain,0.037262946367263794,-0.10825395584106445,-0.020360812544822693,0,0.037262946367263794,-0.020360812544822693,0.05762375891208649,0.14551690220832825,"[true, true, true]",False,False,False,67008,0,fc67b5b9a2d8c823e29b2d5c2dd6465388b731a6dccfb0feeb70cb674ab28be9,validation_001,0,0,1937699456,0,3.189931239476124,
42,8.4,B,ramp,True,False,188.0,20.0,0,maintain,0.0,0.0,196.0,20.0,0,0,maintain-maintain,0.16503840684890747,0.035110726952552795,-0.12296310067176819,0,0.16503840684890747,0.035110726952552795,0.12992767989635468,0.28800150752067566,"[true, true, true]",False,False,False,67008,0,fc67b5b9a2d8c823e29b2d5c2dd6465388b731a6dccfb0feeb70cb674ab28be9,validation_001,0,0,1937699456,0,3.189931239476124,
42,8.4,B_front,background_mainline,True,,260.0,0.0,,,,,,,,,,,,,,,,,,,,,,67008,0,fc67b5b9a2d8c823e29b2d5c2dd6465388b731a6dccfb0feeb70cb674ab28be9,validation_001,0,0,1937699456,0,,
42,8.4,B_rear,background_mainline,True,,154.3939490974537,17.84078051601389,,,,,,,,,,,,,,,,,,,,,,67008,0,fc67b5b9a2d8c823e29b2d5c2dd6465388b731a6dccfb0feeb70cb674ab28be9,validation_001,0,0,1937699456,0,,
43,8.6,A,mainline,True,False,200.0,20.0,0,maintain,0.0,0.0,192.0,20.0,0,0,maintain-maintain,0.03581459820270538,-0.10842488706111908,-0.02040386199951172,0,0.03581459820270538,-0.02040386199951172,0.0562184602022171,0.14423948526382446,"[true, true, true]",False,False,False,67008,0,fc67b5b9a2d8c823e29b2d5c2dd6465388b731a6dccfb0feeb70cb674ab28be9,validation_001,0,0,1937699456,0,3.189931239476124,
43,8.6,B,ramp,True,False,192.0,20.0,0,maintain,0.0,0.0,200.0,20.0,0,0,maintain-maintain,0.16406655311584473,0.035695381462574005,-0.12245935201644897,0,0.16406655311584473,0.035695381462574005,0.12837117165327072,0.2865259051322937,"[true, true, true]",False,False,False,67008,0,fc67b5b9a2d8c823e29b2d5c2dd6465388b731a6dccfb0feeb70cb674ab28be9,validation_001,0,0,1937699456,0,3.189931239476124,
43,8.6,B_front,background_mainline,True,,260.0,0.0,,,,,,,,,,,,,,,,,,,,,,67008,0,fc67b5b9a2d8c823e29b2d5c2dd6465388b731a6dccfb0feeb70cb674ab28be9,validation_001,0,0,1937699456,0,,
43,8.6,B_rear,background_mainline,True,,157.96422842440404,17.862036121618548,,,,,,,,,,,,,,,,,,,,,,67008,0,fc67b5b9a2d8c823e29b2d5c2dd6465388b731a6dccfb0feeb70cb674ab28be9,validation_001,0,0,1937699456,0,,
44,8.8,A,mainline,True,False,204.0,20.0,0,maintain,0.0,0.0,196.0,20.0,0,0,maintain-maintain,0.034366264939308167,-0.10859586298465729,-0.02044740319252014,0,0.034366264939308167,-0.02044740319252014,0.05481366813182831,0.14296212792396545,"[true, true, true]",False,False,False,67008,0,fc67b5b9a2d8c823e29b2d5c2dd6465388b731a6dccfb0feeb70cb674ab28be9,validation_001,0,0,1937699456,0,3.189931239476124,
44,8.8,B,ramp,True,False,196.0,20.0,0,maintain,0.0,0.0,204.0,20.0,0,0,maintain-maintain,0.1633419394493103,0.03604353591799736,-0.12191173434257507,0,0.1633419394493103,0.03604353591799736,0.12729840353131294,0.2852536737918854,"[true, true, true]",False,False,False,67008,0,fc67b5b9a2d8c823e29b2d5c2dd6465388b731a6dccfb0feeb70cb674ab28be9,validation_001,0,0,1937699456,0,3.189931239476124,
44,8.8,B_front,background_mainline,True,,260.0,0.0,,,,,,,,,,,,,,,,,,,,,,67008,0,fc67b5b9a2d8c823e29b2d5c2dd6465388b731a6dccfb0feeb70cb674ab28be9,validation_001,0,0,1937699456,0,,
44,8.8,B_rear,background_mainline,True,,161.53877121918205,17.88340367055111,,,,,,,,,,,,,,,,,,,,,,67008,0,fc67b5b9a2d8c823e29b2d5c2dd6465388b731a6dccfb0feeb70cb674ab28be9,validation_001,0,0,1937699456,0,,
45,9.0,A,mainline,True,False,208.0,20.0,0,maintain,0.0,0.0,200.0,20.0,0,0,maintain-maintain,0.03292424976825714,-0.10878265649080276,-0.020501576364040375,0,0.03292424976825714,-0.020501576364040375,0.053425826132297516,0.1417069062590599,"[true, true, true]",False,False,False,67008,0,fc67b5b9a2d8c823e29b2d5c2dd6465388b731a6dccfb0feeb70cb674ab28be9,validation_001,0,0,1937699456,0,3.189931239476124,
45,9.0,B,ramp,True,False,200.0,20.0,0,maintain,0.0,0.0,208.0,20.0,0,0,maintain-maintain,0.16252809762954712,0.03634379059076309,-0.12153670191764832,0,0.16252809762954712,0.03634379059076309,0.12618430703878403,0.28406479954719543,"[true, true, true]",False,False,False,67008,0,fc67b5b9a2d8c823e29b2d5c2dd6465388b731a6dccfb0feeb70cb674ab28be9,validation_001,0,0,1937699456,0,3.189931239476124,
45,9.0,B_front,background_mainline,True,,260.0,0.0,,,,,,,,,,,,,,,,,,,,,,67008,0,fc67b5b9a2d8c823e29b2d5c2dd6465388b731a6dccfb0feeb70cb674ab28be9,validation_001,0,0,1937699456,0,,
45,9.0,B_rear,background_mainline,True,,165.1175928644891,17.90481473616429,,,,,,,,,,,,,,,,,,,,,,67008,0,fc67b5b9a2d8c823e29b2d5c2dd6465388b731a6dccfb0feeb70cb674ab28be9,validation_001,0,0,1937699456,0,,
46,9.200000000000001,A,mainline,True,False,212.0,20.0,0,maintain,0.0,0.0,204.0,20.0,0,0,maintain-maintain,0.031606048345565796,-0.10927264392375946,-0.020730778574943542,0,0.031606048345565796,-0.020730778574943542,0.05233682692050934,0.14087869226932526,"[true, true, true]",False,False,False,67008,0,fc67b5b9a2d8c823e29b2d5c2dd6465388b731a6dccfb0feeb70cb674ab28be9,validation_001,0,0,1937699456,0,3.189931239476124,
46,9.200000000000001,B,ramp,True,False,204.0,20.0,0,maintain,0.0,0.0,212.0,20.0,0,0,maintain-maintain,0.16216018795967102,0.03677482157945633,-0.12148045003414154,0,0.16216018795967102,0.03677482157945633,0.1253853663802147,0.28364063799381256,"[true, true, true]",False,False,False,67008,0,fc67b5b9a2d8c823e29b2d5c2dd6465388b731a6dccfb0feeb70cb674ab28be9,validation_001,0,0,1937699456,0,3.189931239476124,
46,9.200000000000001,B_front,background_mainline,True,,260.0,0.0,,,,,,,,,,,,,,,,,,,,,,67008,0,fc67b5b9a2d8c823e29b2d5c2dd6465388b731a6dccfb0feeb70cb674ab28be9,validation_001,0,0,1937699456,0,,
46,9.200000000000001,B_rear,background_mainline,True,,168.70069605305224,17.92621062583713,,,,,,,,,,,,,,,,,,,,,,67008,0,fc67b5b9a2d8c823e29b2d5c2dd6465388b731a6dccfb0feeb70cb674ab28be9,validation_001,0,0,1937699456,0,,
47,9.4,A,mainline,True,False,216.0,20.0,0,maintain,0.0,0.0,208.0,20.0,0,0,maintain-maintain,0.030507303774356842,-0.11011332273483276,-0.021419823169708252,0,0.030507303774356842,-0.021419823169708252,0.051927126944065094,0.1406206265091896,"[true, true, true]",False,False,False,67008,0,fc67b5b9a2d8c823e29b2d5c2dd6465388b731a6dccfb0feeb70cb674ab28be9,validation_001,0,0,1937699456,0,3.189931239476124,
47,9.4,B,ramp,True,False,208.0,20.0,0,maintain,0.0,0.0,216.0,20.0,0,0,maintain-maintain,0.1618064045906067,0.037209685891866684,-0.12142926454544067,0,0.1618064045906067,0.037209685891866684,0.12459671869874,0.28323566913604736,"[true, true, true]",False,False,False,67008,0,fc67b5b9a2d8c823e29b2d5c2dd6465388b731a6dccfb0feeb70cb674ab28be9,validation_001,0,0,1937699456,0,3.189931239476124,
47,9.4,B_front,background_mainline,True,,260.0,0.0,,,,,,,,,,,,,,,,,,,,,,67008,0,fc67b5b9a2d8c823e29b2d5c2dd6465388b731a6dccfb0feeb70cb674ab28be9,validation_001,0,0,1937699456,0,,
47,9.4,B_rear,background_mainline,True,,172.28807260120283,17.94754108064795,,,,,,,,,,,,,,,,,,,,,,67008,0,fc67b5b9a2d8c823e29b2d5c2dd6465388b731a6dccfb0feeb70cb674ab28be9,validation_001,0,0,1937699456,0,,
48,9.600000000000001,A,mainline,True,False,220.0,20.0,0,maintain,0.0,0.0,212.0,20.0,0,0,maintain-maintain,0.029226042330265045,-0.1109558641910553,-0.022322170436382294,0,0.029226042330265045,-0.022322170436382294,0.05154821276664734,0.14018190652132034,"[true, true, true]",False,False,False,67008,0,fc67b5b9a2d8c823e29b2d5c2dd6465388b731a6dccfb0feeb70cb674ab28be9,validation_001,0,0,1937699456,0,3.189931239476124,
48,9.600000000000001,B,ramp,True,False,212.0,20.0,0,maintain,0.0,0.0,220.0,20.0,0,0,maintain-maintain,0.1614520102739334,0.037645161151885986,-0.12137842178344727,0,0.1614520102739334,0.037645161151885986,0.12380684912204742,0.2828304320573807,"[true, true, true]",False,False,False,67008,0,fc67b5b9a2d8c823e29b2d5c2dd6465388b731a6dccfb0feeb70cb674ab28be9,validation_001,0,0,1937699456,0,3.189931239476124,
48,9.600000000000001,B_front,background_mainline,True,,260.0,0.0,,,,,,,,,,,,,,,,,,,,,,67008,0,fc67b5b9a2d8c823e29b2d5c2dd6465388b731a6dccfb0feeb70cb674ab28be9,validation_001,0,0,1937699456,0,,
48,9.600000000000001,B_rear,background_mainline,True,,175.87970502163688,17.968763162298693,,,,,,,,,,,,,,,,,,,,,,67008,0,fc67b5b9a2d8c823e29b2d5c2dd6465388b731a6dccfb0feeb70cb674ab28be9,validation_001,0,0,1937699456,0,,
49,9.8,A,mainline,True,False,224.0,20.0,0,maintain,0.0,0.0,216.0,20.0,0,0,maintain-maintain,0.02806718647480011,-0.11193808168172836,-0.02346697449684143,0,0.02806718647480011,-0.02346697449684143,0.05153416097164154,0.14000526815652847,"[true, true, true]",False,False,False,67008,0,fc67b5b9a2d8c823e29b2d5c2dd6465388b731a6dccfb0feeb70cb674ab28be9,validation_001,0,0,1937699456,0,3.189931239476124,
49,9.8,B,ramp,True,False,216.0,20.0,0,maintain,0.0,0.0,224.0,20.0,0,0,maintain-maintain,0.16110055148601532,0.03811211138963699,-0.12131068110466003,0,0.16110055148601532,0.03811211138963699,0.12298844009637833,0.28241123259067535,"[true, true, true]",False,False,False,67008,0,fc67b5b9a2d8c823e29b2d5c2dd6465388b731a6dccfb0feeb70cb674ab28be9,validation_001,0,0,1937699456,0,3.189931239476124,
49,9.8,B_front,background_mainline,True,,260.0,0.0,,,,,,,,,,,,,,,,,,,,,,67008,0,fc67b5b9a2d8c823e29b2d5c2dd6465388b731a6dccfb0feeb70cb674ab28be9,validation_001,0,0,1937699456,0,,
49,9.8,B_rear,background_mainline,True,,179.47556788968757,17.989840297050236,,,,,,,,,,,,,,,,,,,,,,67008,0,fc67b5b9a2d8c823e29b2d5c2dd6465388b731a6dccfb0feeb70cb674ab28be9,validation_001,0,0,1937699456,0,,
50,10.0,A,mainline,True,False,228.0,20.0,0,maintain,0.0,0.0,220.0,20.0,0,0,maintain-maintain,0.027152471244335175,-0.11278589069843292,-0.024891287088394165,0,0.027152471244335175,-0.024891287088394165,0.05204375833272934,0.1399383619427681,"[true, true, true]",False,False,False,67008,0,fc67b5b9a2d8c823e29b2d5c2dd6465388b731a6dccfb0feeb70cb674ab28be9,validation_001,0,0,1937699456,0,3.189931239476124,
50,10.0,B,ramp,True,False,220.0,20.0,0,maintain,0.0,0.0,228.0,20.0,0,0,maintain-maintain,0.16076277196407318,0.03880768269300461,-0.12108677625656128,0,0.16076277196407318,0.03880768269300461,0.12195508927106857,0.28184954822063446,"[true, true, true]",False,False,False,67008,0,fc67b5b9a2d8c823e29b2d5c2dd6465388b731a6dccfb0feeb70cb674ab28be9,validation_001,0,0,1937699456,0,3.189931239476124,
50,10.0,B_front,background_mainline,True,,260.0,0.0,,,,,,,,,,,,,,,,,,,,,,67008,0,fc67b5b9a2d8c823e29b2d5c2dd6465388b731a6dccfb0feeb70cb674ab28be9,validation_001,0,0,1937699456,0,,
50,10.0,B_rear,background_mainline,True,,183.07562903196097,18.010741451927707,,,,,,,,,,,,,,,,,,,,,,67008,0,fc67b5b9a2d8c823e29b2d5c2dd6465388b731a6dccfb0feeb70cb674ab28be9,validation_001,0,0,1937699456,0,,
51,10.200000000000001,A,mainline,True,False,232.0,20.0,0,maintain,0.0,0.0,224.0,20.0,0,0,maintain-maintain,0.026657380163669586,-0.11394496262073517,-0.02571810781955719,0,0.026657380163669586,-0.02571810781955719,0.052375487983226776,0.14060234278440475,"[true, true, true]",False,False,False,67008,0,fc67b5b9a2d8c823e29b2d5c2dd6465388b731a6dccfb0feeb70cb674ab28be9,validation_001,0,0,1937699456,0,3.189931239476124,
51,10.200000000000001,B,ramp,True,False,224.0,20.0,0,maintain,0.0,0.0,232.0,20.0,0,0,maintain-maintain,0.16064977645874023,0.03937176614999771,-0.12051984667778015,0,0.16064977645874023,0.03937176614999771,0.12127801030874252,0.2811696231365204,"[true, true, true]",False,False,False,67008,0,fc67b5b9a2d8c823e29b2d5c2dd6465388b731a6dccfb0feeb70cb674ab28be9,validation_001,0,0,1937699456,0,3.189931239476124,
51,10.200000000000001,B_front,background_mainline,True,,260.0,0.0,,,,,,,,,,,,,,,,,,,,,,67008,0,fc67b5b9a2d8c823e29b2d5c2dd6465388b731a6dccfb0feeb70cb674ab28be9,validation_001,0,0,1937699456,0,,
51,10.200000000000001,B_rear,background_mainline,True,,186.67985056169294,18.03144042284096,,,,,,,,,,,,,,,,,,,,,,67008,0,fc67b5b9a2d8c823e29b2d5c2dd6465388b731a6dccfb0feeb70cb674ab28be9,validation_001,0,0,1937699456,0,,
52,10.4,A,mainline,True,False,236.0,20.0,0,maintain,0.0,0.0,228.0,20.0,0,0,maintain-maintain,0.02612418681383133,-0.11502894759178162,-0.02662842720746994,0,0.02612418681383133,-0.02662842720746994,0.05275261402130127,0.14115313440561295,"[true, true, true]",False,False,False,67008,0,fc67b5b9a2d8c823e29b2d5c2dd6465388b731a6dccfb0feeb70cb674ab28be9,validation_001,0,0,1937699456,0,3.189931239476124,
52,10.4,B,ramp,True,False,228.0,20.0,0,maintain,0.0,0.0,236.0,20.0,0,0,maintain-maintain,0.16058436036109924,0.0399293415248394,-0.11995014548301697,0,0.16058436036109924,0.0399293415248394,0.12065501883625984,0.2805345058441162,"[true, true, true]",False,False,False,67008,0,fc67b5b9a2d8c823e29b2d5c2dd6465388b731a6dccfb0feeb70cb674ab28be9,validation_001,0,0,1937699456,0,3.189931239476124,
52,10.4,B_front,background_mainline,True,,260.0,0.0,,,,,,,,,,,,,,,,,,,,,,67008,0,fc67b5b9a2d8c823e29b2d5c2dd6465388b731a6dccfb0feeb70cb674ab28be9,validation_001,0,0,1937699456,0,,
52,10.4,B_rear,background_mainline,True,,190.28818978147717,18.051915217785684,,,,,,,,,,,,,,,,,,,,,,67008,0,fc67b5b9a2d8c823e29b2d5c2dd6465388b731a6dccfb0feeb70cb674ab28be9,validation_001,0,0,1937699456,0,,
53,10.600000000000001,A,mainline,True,False,240.0,20.0,0,maintain,0.0,0.0,232.0,20.0,0,0,maintain-maintain,0.025545760989189148,-0.1160239428281784,-0.027637720108032227,0,0.025545760989189148,-0.027637720108032227,0.053183481097221375,0.14156970381736755,"[true, true, true]",False,False,False,67008,0,fc67b5b9a2d8c823e29b2d5c2dd6465388b731a6dccfb0feeb70cb674ab28be9,validation_001,0,0,1937699456,0,3.189931239476124,
53,10.600000000000001,B,ramp,True,False,232.0,20.0,0,maintain,0.0,0.0,240.0,20.0,0,0,maintain-maintain,0.16051854193210602,0.04048773646354675,-0.11938028037548065,0,0.16051854193210602,0.04048773646354675,0.12003080546855927,0.27989882230758667,"[true, true, true]",False,False,False,67008,0,fc67b5b9a2d8c823e29b2d5c2dd6465388b731a6dccfb0feeb70cb674ab28be9,validation_001,0,0,1937699456,0,3.189931239476124,
53,10.600000000000001,B_front,background_mainline,True,,260.0,0.0,,,,,,,,,,,,,,,,,,,,,,67008,0,fc67b5b9a2d8c823e29b2d5c2dd6465388b731a6dccfb0feeb70cb674ab28be9,validation_001,0,0,1937699456,0,,
53,10.600000000000001,B_rear,background_mainline,True,,193.9005999709414,18.072147521132518,,,,,,,,,,,,,,,,,,,,,,67008,0,fc67b5b9a2d8c823e29b2d5c2dd6465388b731a6dccfb0feeb70cb674ab28be9,validation_001,0,0,1937699456,0,,
54,10.8,A,mainline,True,False,244.0,20.0,0,maintain,0.0,0.0,236.0,20.0,0,0,maintain-maintain,0.024967476725578308,-0.11701877415180206,-0.02864706516265869,0,0.024967476725578308,-0.02864706516265869,0.053614541888237,0.14198625087738037,"[true, true, true]",False,False,False,67008,0,fc67b5b9a2d8c823e29b2d5c2dd6465388b731a6dccfb0feeb70cb674ab28be9,validation_001,0,0,1937699456,0,3.189931239476124,
54,10.8,B,ramp,True,False,236.0,20.0,0,maintain,0.0,0.0,244.0,20.0,0,0,maintain-maintain,0.16042163968086243,0.041056517511606216,-0.11876329779624939,0,0.16042163968086243,0.041056517511606216,0.11936512216925621,0.2791849374771118,"[true, true, true]",False,False,False,67008,0,fc67b5b9a2d8c823e29b2d5c2dd6465388b731a6dccfb0feeb70cb674ab28be9,validation_001,0,0,1937699456,0,3.189931239476124,
54,10.8,B_front,background_mainline,True,,260.0,0.0,,,,,,,,,,,,,,,,,,,,,,67008,0,fc67b5b9a2d8c823e29b2d5c2dd6465388b731a6dccfb0feeb70cb674ab28be9,validation_001,0,0,1937699456,0,,
54,10.8,B_rear,background_mainline,True,,197.5170310743889,18.092122227318264,,,,,,,,,,,,,,,,,,,,,,67008,0,fc67b5b9a2d8c823e29b2d5c2dd6465388b731a6dccfb0feeb70cb674ab28be9,validation_001,0,0,1937699456,0,,
55,11.0,A,mainline,True,False,248.0,20.0,0,maintain,0.0,0.0,240.0,20.0,0,0,maintain-maintain,0.024389296770095825,-0.11801348626613617,-0.029656410217285156,0,0.024389296770095825,-0.029656410217285156,0.05404570698738098,0.142402783036232,"[true, true, true]",False,False,False,67008,0,fc67b5b9a2d8c823e29b2d5c2dd6465388b731a6dccfb0feeb70cb674ab28be9,validation_001,0,0,1937699456,0,3.189931239476124,
55,11.0,B,ramp,True,False,240.0,20.0,0,maintain,0.0,0.0,248.0,20.0,0,0,maintain-maintain,0.1601916253566742,0.04166746884584427,-0.11794349551200867,0,0.1601916253566742,0.04166746884584427,0.11852415651082993,0.27813512086868286,"[true, true, true]",False,False,False,67008,0,fc67b5b9a2d8c823e29b2d5c2dd6465388b731a6dccfb0feeb70cb674ab28be9,validation_001,0,0,1937699456,0,3.189931239476124,
55,11.0,B_front,background_mainline,True,,260.0,0.0,,,,,,,,,,,,,,,,,,,,,,67008,0,fc67b5b9a2d8c823e29b2d5c2dd6465388b731a6dccfb0feeb70cb674ab28be9,validation_001,0,0,1937699456,0,,
55,11.0,B_rear,background_mainline,True,,201.13743030127782,18.11182703413625,,,,,,,,,,,,,,,,,,,,,,67008,0,fc67b5b9a2d8c823e29b2d5c2dd6465388b731a6dccfb0feeb70cb674ab28be9,validation_001,0,0,1937699456,0,,
56,11.200000000000001,A,mainline,True,False,252.0,20.0,0,maintain,0.0,0.0,244.0,20.0,0,0,maintain-maintain,0.02381126582622528,-0.11900803446769714,-0.030665762722492218,0,0.02381126582622528,-0.030665762722492218,0.0544770285487175,0.14281930029392242,"[true, true, true]",False,False,False,67008,0,fc67b5b9a2d8c823e29b2d5c2dd6465388b731a6dccfb0feeb70cb674ab28be9,validation_001,0,0,1937699456,0,3.189931239476124,
56,11.200000000000001,B,ramp,True,False,244.0,20.0,0,maintain,0.0,0.0,252.0,20.0,0,0,maintain-maintain,0.15996190905570984,0.0422850027680397,-0.11711309850215912,0,0.15996190905570984,0.0422850027680397,0.11767690628767014,0.27707500755786896,"[true, true, true]",False,False,False,67008,0,fc67b5b9a2d8c823e29b2d5c2dd6465388b731a6dccfb0feeb70cb674ab28be9,validation_001,0,0,1937699456,0,3.189931239476124,
56,11.200000000000001,B_front,background_mainline,True,,260.0,0.0,,,,,,,,,,,,,,,,,,,,,,67008,0,fc67b5b9a2d8c823e29b2d5c2dd6465388b731a6dccfb0feeb70cb674ab28be9,validation_001,0,0,1937699456,0,,
56,11.200000000000001,B_rear,background_mainline,True,,204.7617426506113,18.13125208736708,,,,,,,,,,,,,,,,,,,,,,67008,0,fc67b5b9a2d8c823e29b2d5c2dd6465388b731a6dccfb0feeb70cb674ab28be9,validation_001,0,0,1937699456,0,,
57,11.4,A,mainline,True,False,256.0,20.0,0,maintain,0.0,0.0,248.0,20.0,0,0,maintain-maintain,0.023520447313785553,-0.12007039785385132,-0.031696513295173645,0,0.023520447313785553,-0.031696513295173645,0.0552169606089592,0.14359084516763687,"[true, true, true]",False,False,False,67008,0,fc67b5b9a2d8c823e29b2d5c2dd6465388b731a6dccfb0feeb70cb674ab28be9,validation_001,0,0,1937699456,0,,
57,11.4,B,ramp,True,False,248.0,20.0,0,maintain,0.0,0.0,256.0,20.0,0,0,maintain-maintain,0.1597348004579544,0.0429336354136467,-0.11622795462608337,0,0.1597348004579544,0.0429336354136467,0.11680116504430771,0.2759627550840378,"[true, true, true]",False,False,False,67008,0,fc67b5b9a2d8c823e29b2d5c2dd6465388b731a6dccfb0feeb70cb674ab28be9,validation_001,0,0,1937699456,0,,
57,11.4,B_front,background_mainline,True,,260.0,0.0,,,,,,,,,,,,,,,,,,,,,,67008,0,fc67b5b9a2d8c823e29b2d5c2dd6465388b731a6dccfb0feeb70cb674ab28be9,validation_001,0,0,1937699456,0,,
57,11.4,B_rear,background_mainline,True,,208.38991136878963,18.15038966976418,,,,,,,,,,,,,,,,,,,,,,67008,0,fc67b5b9a2d8c823e29b2d5c2dd6465388b731a6dccfb0feeb70cb674ab28be9,validation_001,0,0,1937699456,0,,
58,11.600000000000001,A,mainline,False,True,260.0,0.0,0,maintain,0.0,0.0,252.0,20.0,0,0,inactive-active,0.015912257134914398,-0.15295760333538055,-0.051763713359832764,0,0.015912257134914398,-0.051763713359832764,0.06767597049474716,0.16886986047029495,"[true, true, true]",False,False,False,67008,0,fc67b5b9a2d8c823e29b2d5c2dd6465388b731a6dccfb0feeb70cb674ab28be9,validation_001,0,0,1937699456,0,,
58,11.600000000000001,B,ramp,True,False,252.0,20.0,0,maintain,0.0,0.0,260.0,0.0,0,0,inactive-active,0.10849268734455109,0.022775471210479736,-0.056180551648139954,0,0.10849268734455109,0.022775471210479736,0.08571721613407135,0.16467323899269104,"[true, true, true]",False,False,False,67008,0,fc67b5b9a2d8c823e29b2d5c2dd6465388b731a6dccfb0feeb70cb674ab28be9,validation_001,0,0,1937699456,0,,
58,11.600000000000001,B_front,background_mainline,True,,260.0,0.0,,,,,,,,,,,,,,,,,,,,,,67008,0,fc67b5b9a2d8c823e29b2d5c2dd6465388b731a6dccfb0feeb70cb674ab28be9,validation_001,0,0,1937699456,0,,
58,11.600000000000001,B_rear,background_mainline,True,,212.021878349187,18.16923392846279,,,,,,,,,,,,,,,,,,,,,,67008,0,fc67b5b9a2d8c823e29b2d5c2dd6465388b731a6dccfb0feeb70cb674ab28be9,validation_001,0,0,1937699456,0,,
59,11.8,A,mainline,False,True,260.0,0.0,0,maintain,0.0,0.0,256.0,20.0,0,0,inactive-active,0.015560857951641083,-0.15186312794685364,-0.05274730920791626,0,0.015560857951641083,-0.05274730920791626,0.06830816715955734,0.16742398589849472,"[true, true, true]",False,False,False,67008,0,fc67b5b9a2d8c823e29b2d5c2dd6465388b731a6dccfb0feeb70cb674ab28be9,validation_001,0,0,1937699456,0,,
59,11.8,B,ramp,True,False,256.0,20.0,0,maintain,0.0,0.0,260.0,0.0,0,0,inactive-active,0.10870600491762161,0.02337852120399475,-0.05515642464160919,0,0.10870600491762161,0.02337852120399475,0.08532748371362686,0.1638624295592308,"[true, true, true]",False,False,False,67008,0,fc67b5b9a2d8c823e29b2d5c2dd6465388b731a6dccfb0feeb70cb674ab28be9,validation_001,0,0,1937699456,0,,
59,11.8,B_front,background_mainline,True,,260.0,0.0,,,,,,,,,,,,,,,,,,,,,,67008,0,fc67b5b9a2d8c823e29b2d5c2dd6465388b731a6dccfb0feeb70cb674ab28be9,validation_001,0,0,1937699456,0,,
59,11.8,B_rear,background_mainline,True,,215.65758448062016,18.187780635758052,,,,,,,,,,,,,,,,,,,,,,67008,0,fc67b5b9a2d8c823e29b2d5c2dd6465388b731a6dccfb0feeb70cb674ab28be9,validation_001,0,0,1937699456,0,,
60,12.0,A,mainline,False,True,260.0,0.0,0,maintain,0.0,0.0,260.0,20.0,0,0,inactive-active,0.015214681625366211,-0.15075483918190002,-0.05378410220146179,0,0.015214681625366211,-0.05378410220146179,0.068998783826828,0.16596952080726624,"[true, true, true]",False,True,False,67008,0,fc67b5b9a2d8c823e29b2d5c2dd6465388b731a6dccfb0feeb70cb674ab28be9,validation_001,0,0,1937699456,0,,
60,12.0,B,ramp,True,False,260.0,20.0,0,maintain,0.0,0.0,260.0,0.0,0,0,inactive-active,0.10904845595359802,0.02383291721343994,-0.05418000370264053,0,0.10904845595359802,0.02383291721343994,0.08521553874015808,0.16322845965623856,"[true, true, true]",False,True,False,67008,0,fc67b5b9a2d8c823e29b2d5c2dd6465388b731a6dccfb0feeb70cb674ab28be9,validation_001,0,0,1937699456,0,,
60,12.0,B_front,background_mainline,True,,260.0,0.0,,,,,,,,,,,,,,,,,,,,,,67008,0,fc67b5b9a2d8c823e29b2d5c2dd6465388b731a6dccfb0feeb70cb674ab28be9,validation_001,0,0,1937699456,0,,
60,12.0,B_rear,background_mainline,True,,219.30123279842095,18.262534648213183,,,,,,,,,,,,,,,,,,,,,,67008,0,fc67b5b9a2d8c823e29b2d5c2dd6465388b731a6dccfb0feeb70cb674ab28be9,validation_001,0,0,1937699456,0,,
0,0.0,A,ramp,True,False,20.0,20.0,0,maintain,0.0,0.0,28.0,20.0,0,0,maintain-maintain,0.08357074856758118,-0.03773105517029762,-0.0076268985867500305,0,0.08357074856758118,-0.0076268985867500305,0.09119764715433121,0.1213018037378788,"[true, true, true]",False,False,False,67008,0,fc67b5b9a2d8c823e29b2d5c2dd6465388b731a6dccfb0feeb70cb674ab28be9,validation_001,1,0,1937699456,1,,
0,0.0,B,mainline,True,False,28.0,20.0,0,maintain,0.0,0.0,20.0,20.0,0,0,maintain-maintain,0.1460064798593521,-0.01539883017539978,0.01179501973092556,0,0.1460064798593521,0.01179501973092556,0.13421146012842655,0.1614053100347519,"[true, true, true]",False,False,False,67008,0,fc67b5b9a2d8c823e29b2d5c2dd6465388b731a6dccfb0feeb70cb674ab28be9,validation_001,1,0,1937699456,1,,
0,0.0,B_front,background_mainline,True,,120.0,20.0,,,,,,,,,,,,,,,,,,,,,,67008,0,fc67b5b9a2d8c823e29b2d5c2dd6465388b731a6dccfb0feeb70cb674ab28be9,validation_001,1,0,1937699456,1,,
0,0.0,B_rear,background_mainline,True,,3.945792890543582,19.483844969091912,,,,,,,,,,,,,,,,,,,,,,67008,0,fc67b5b9a2d8c823e29b2d5c2dd6465388b731a6dccfb0feeb70cb674ab28be9,validation_001,1,0,1937699456,1,,
1,0.2,A,ramp,True,False,24.0,20.0,0,maintain,0.0,0.0,32.0,20.0,0,0,maintain-maintain,0.08271180093288422,-0.037789225578308105,-0.005853019654750824,0,0.08271180093288422,-0.005853019654750824,0.08856482058763504,0.12050102651119232,"[true, true, true]",False,False,False,67008,0,fc67b5b9a2d8c823e29b2d5c2dd6465388b731a6dccfb0feeb70cb674ab28be9,validation_001,1,0,1937699456,1,,
1,0.2,B,mainline,True,False,32.0,20.0,0,maintain,0.0,0.0,24.0,20.0,0,0,maintain-maintain,0.14800216257572174,-0.01560257375240326,0.013108709827065468,0,0.14800216257572174,0.013108709827065468,0.13489345274865627,0.163604736328125,"[true, true, true]",False,False,False,67008,0,fc67b5b9a2d8c823e29b2d5c2dd6465388b731a6dccfb0feeb70cb674ab28be9,validation_001,1,0,1937699456,1,,
1,0.2,B_front,background_mainline,True,,124.0,20.0,,,,,,,,,,,,,,,,,,,,,,67008,0,fc67b5b9a2d8c823e29b2d5c2dd6465388b731a6dccfb0feeb70cb674ab28be9,validation_001,1,0,1937699456,1,,
1,0.2,B_rear,background_mainline,True,,7.802789976125999,19.103228823167687,,,,,,,,,,,,,,,,,,,,,,67008,0,fc67b5b9a2d8c823e29b2d5c2dd6465388b731a6dccfb0feeb70cb674ab28be9,validation_001,1,0,1937699456,1,,
2,0.4,A,ramp,True,False,28.0,20.0,0,maintain,0.0,0.0,36.0,20.0,0,0,maintain-maintain,0.08181308209896088,-0.0379805862903595,-0.0041527897119522095,0,0.08181308209896088,-0.0041527897119522095,0.08596587181091309,0.11979366838932037,"[true, true, true]",False,False,False,67008,0,fc67b5b9a2d8c823e29b2d5c2dd6465388b731a6dccfb0feeb70cb674ab28be9,validation_001,1,0,1937699456,1,,
2,0.4,B,mainline,True,False,36.0,20.0,0,maintain,0.0,0.0,28.0,20.0,0,0,maintain-maintain,0.14976076781749725,-0.015785768628120422,0.014296876266598701,0,0.14976076781749725,0.014296876266598701,0.13546389155089855,0.16554653644561768,"[true, true, true]",False,False,False,67008,0,fc67b5b9a2d8c823e29b2d5c2dd6465388b731a6dccfb0feeb70cb674ab28be9,validation_001,1,0,1937699456,1,,
2,0.4,B_front,background_mainline,True,,128.0,20.0,,,,,,,,,,,,,,,,,,,,,,67008,0,fc67b5b9a2d8c823e29b2d5c2dd6465388b731a6dccfb0feeb70cb674ab28be9,validation_001,1,0,1937699456,1,,
2,0.4,B_rear,background_mainline,True,,11.593368401039545,18.814498512244633,,,,,,,,,,,,,,,,,,,,,,67008,0,fc67b5b9a2d8c823e29b2d5c2dd6465388b731a6dccfb0feeb70cb674ab28be9,validation_001,1,0,1937699456,1,,
3,0.6000000000000001,A,ramp,True,False,32.0,20.0,0,maintain,0.0,0.0,40.0,20.0,0,0,maintain-maintain,0.08082479238510132,-0.03808118402957916,-0.002476148307323456,0,0.08082479238510132,-0.002476148307323456,0.08330094069242477,0.11890597641468048,"[true, true, true]",False,False,False,67008,0,fc67b5b9a2d8c823e29b2d5c2dd6465388b731a6dccfb0feeb70cb674ab28be9,validation_001,1,0,1937699456,1,,
3,0.6000000000000001,B,mainline,True,False,40.0,20.0,0,maintain,0.0,0.0,32.0,20.0,0,0,maintain-maintain,0.15135785937309265,-0.015949487686157227,0.01535840891301632,0,0.15135785937309265,0.01535840891301632,0.13599945046007633,0.16730734705924988,"[true, true, true]",False,False,False,67008,0,fc67b5b9a2d8c823e29b2d5c2dd6465388b731a6dccfb0feeb70cb674ab28be9,validation_001,1,0,1937699456,1,,
3,0.6000000000000001,B_front,background_mainline,True,,132.0,20.0,,,,,,,,,,,,,,,,,,,,,,67008,0,fc67b5b9a2d8c823e29b2d5c2dd6465388b731a6dccfb0feeb70cb674ab28be9,validation_001,1,0,1937699456,1,,
3,0.6000000000000001,B_rear,background_mainline,True,,15.333070330500611,18.591211668736282,,,,,,,,,,,,,,,,,,,,,,67008,0,fc67b5b9a2d8c823e29b2d5c2dd6465388b731a6dccfb0feeb70cb674ab28be9,validation_001,1,0,1937699456,1,,
4,0.8,A,ramp,True,False,36.0,20.0,0,maintain,0.0,0.0,44.0,20.0,0,0,maintain-maintain,0.07983647286891937,-0.03815969079732895,-0.0008344873785972595,0,0.07983647286891937,-0.0008344873785972595,0.08067096024751663,0.11799616366624832,"[true, true, true]",False,False,False,67008,0,fc67b5b9a2d8c823e29b2d5c2dd6465388b731a6dccfb0feeb70cb674ab28be9,validation_001,1,0,1937699456,1,,
4,0.8,B,mainline,True,False,44.0,20.0,0,maintain,0.0,0.0,36.0,20.0,0,0,maintain-maintain,0.1528395116329193,-0.01609506458044052,0.016295896843075752,0,0.1528395116329193,0.016295896843075752,0.13654361478984356,0.16893457621335983,"[true, true, true]",False,False,False,67008,0,fc67b5b9a2d8c823e29b2d5c2dd6465388b731a6dccfb0feeb70cb674ab28be9,validation_001,1,0,1937699456,1,,
4,0.8,B_front,background_mainline,True,,136.0,20.0,,,,,,,,,,,,,,,,,,,,,,67008,0,fc67b5b9a2d8c823e29b2d5c2dd6465388b731a6dccfb0feeb70cb674ab28be9,validation_001,1,0,1937699456,1,,
4,0.8,B_rear,background_mainline,True,,19.03316593289923,18.4162696490176,,,,,,,,,,,,,,,,,,,,,,67008,0,fc67b5b9a2d8c823e29b2d5c2dd6465388b731a6dccfb0feeb70cb674ab28be9,validation_001,1,0,1937699456,1,,
5,1.0,A,ramp,True,False,40.0,20.0,0,maintain,0.0,0.0,48.0,20.0,0,0,maintain-maintain,0.07903936505317688,-0.03816412389278412,0.0007084943354129791,0,0.07903936505317688,0.0007084943354129791,0.0783308707177639,0.117203488945961,"[true, true, true]",False,False,False,67008,0,fc67b5b9a2d8c823e29b2d5c2dd6465388b731a6dccfb0feeb70cb674ab28be9,validation_001,1,0,1937699456,1,,
5,1.0,B,mainline,True,False,48.0,20.0,0,maintain,0.0,0.0,40.0,20.0,0,0,maintain-maintain,0.1542355716228485,-0.01622702181339264,0.017142344266176224,0,0.1542355716228485,0.017142344266176224,0.1370932273566723,0.17046259343624115,"[true, true, true]",False,False,False,67008,0,fc67b5b9a2d8c823e29b2d5c2dd6465388b731a6dccfb0feeb70cb674ab28be9,validation_001,1,0,1937699456,1,,
5,1.0,B_front,background_mainline,True,,140.0,20.0,,,,,,,,,,,,,,,,,,,,,,67008,0,fc67b5b9a2d8c823e29b2d5c2dd6465388b731a6dccfb0feeb70cb674ab28be9,validation_001,1,0,1937699456,1,,
5,1.0,B_rear,background_mainline,True,,22.702096516872903,18.278056734572637,,,,,,,,,,,,,,,,,,,,,,67008,0,fc67b5b9a2d8c823e29b2d5c2dd6465388b731a6dccfb0feeb70cb674ab28be9,validation_001,1,0,1937699456,1,,
6,1.2000000000000002,A,ramp,True,False,44.0,20.0,0,maintain,0.0,0.0,52.0,20.0,0,0,maintain-maintain,0.07837110757827759,-0.03830508515238762,0.0022096484899520874,0,0.07837110757827759,0.0022096484899520874,0.0761614590883255,0.1166761927306652,"[true, true, true]",False,False,False,67008,0,fc67b5b9a2d8c823e29b2d5c2dd6465388b731a6dccfb0feeb70cb674ab28be9,validation_001,1,0,1937699456,1,,
6,1.2000000000000002,B,mainline,True,False,52.0,20.0,0,maintain,0.0,0.0,44.0,20.0,0,0,maintain-maintain,0.15556645393371582,-0.016348615288734436,0.017919892445206642,0,0.15556645393371582,0.017919892445206642,0.13764656148850918,0.17191506922245026,"[true, true, true]",False,False,False,67008,0,fc67b5b9a2d8c823e29b2d5c2dd6465388b731a6dccfb0feeb70cb674ab28be9,validation_001,1,0,1937699456,1,,
6,1.2000000000000002,B_front,background_mainline,True,,144.0,20.0,,,,,,,,,,,,,,,,,,,,,,67008,0,fc67b5b9a2d8c823e29b2d5c2dd6465388b731a6dccfb0feeb70cb674ab28be9,validation_001,1,0,1937699456,1,,
6,1.2000000000000002,B_rear,background_mainline,True,,26.346345420577936,18.168371143538728,,,,,,,,,,,,,,,,,,,,,,67008,0,fc67b5b9a2d8c823e29b2d5c2dd6465388b731a6dccfb0feeb70cb674ab28be9,validation_001,1,0,1937699456,1,,
7,1.4000000000000001,A,ramp,True,False,48.0,20.0,0,maintain,0.0,0.0,56.0,20.0,0,0,maintain-maintain,0.07770095765590668,-0.03843202441930771,0.0036969296634197235,0,0.07770095765590668,0.0036969296634197235,0.07400402799248695,0.11613298207521439,"[true, true, true]",False,False,False,67008,0,fc67b5b9a2d8c823e29b2d5c2dd6465388b731a6dccfb0feeb70cb674ab28be9,validation_001,1,0,1937699456,1,,
7,1.4000000000000001,B,mainline,True,False,56.0,20.0,0,maintain,0.0,0.0,48.0,20.0,0,0,maintain-maintain,0.15684670209884644,-0.016462162137031555,0.01864413172006607,0,0.15684670209884644,0.01864413172006607,0.13820257037878036,0.173308864235878,"[true, true, true]",False,False,False,67008,0,fc67b5b9a2d8c823e29b2d5c2dd6465388b731a6dccfb0feeb70cb674ab28be9,validation_001,1,0,1937699456,1,,
7,1.4000000000000001,B_front,background_mainline,True,,148.0,20.0,,,,,,,,,,,,,,,,,,,,,,67008,0,fc67b5b9a2d8c823e29b2d5c2dd6465388b731a6dccfb0feeb70cb674ab28be9,validation_001,1,0,1937699456,1,,
7,1.4000000000000001,B_rear,background_mainline,True,,29.97099247115752,18.081238737388432,,,,,,,,,,,,,,,,,,,,,,67008,0,fc67b5b9a2d8c823e29b2d5c2dd6465388b731a6dccfb0feeb70cb674ab28be9,validation_001,1,0,1937699456,1,,
8,1.6,A,ramp,True,False,52.0,20.0,0,maintain,0.0,0.0,60.0,20.0,0,0,maintain-maintain,0.07701222598552704,-0.03858782723546028,0.005156941711902618,0,0.07701222598552704,0.005156941711902618,0.07185528427362442,0.11560005322098732,"[true, true, true]",False,False,False,67008,0,fc67b5b9a2d8c823e29b2d5c2dd6465388b731a6dccfb0feeb70cb674ab28be9,validation_001,1,0,1937699456,1,,
8,1.6,B,mainline,True,False,60.0,20.0,0,maintain,0.0,0.0,52.0,20.0,0,0,maintain-maintain,0.1580786406993866,-0.016580894589424133,0.019324198365211487,0,0.1580786406993866,0.019324198365211487,0.1387544423341751,0.17465953528881073,"[true, true, true]",False,False,False,67008,0,fc67b5b9a2d8c823e29b2d5c2dd6465388b731a6dccfb0feeb70cb674ab28be9,validation_001,1,0,1937699456,1,,
8,1.6,B_front,background_mainline,True,,152.0,20.0,,,,,,,,,,,,,,,,,,,,,,67008,0,fc67b5b9a2d8c823e29b2d5c2dd6465388b731a6dccfb0feeb70cb674ab28be9,validation_001,1,0,1937699456,1,,
8,1.6,B_rear,background_mainline,True,,33.58008240344489,18.012195307757786,,,,,,,,,,,,,,,,,,,,,,67008,0,fc67b5b9a2d8c823e29b2d5c2dd6465388b731a6dccfb0feeb70cb674ab28be9,validation_001,1,0,1937699456,1,,
9,1.8,A,ramp,True,False,56.0,20.0,0,maintain,0.0,0.0,64.0,20.0,0,0,maintain-maintain,0.07585354149341583,-0.03858901187777519,0.0065088458359241486,0,0.07585354149341583,0.0065088458359241486,0.06934469565749168,0.11444255337119102,"[true, true, true]",False,False,False,67008,0,fc67b5b9a2d8c823e29b2d5c2dd6465388b731a6dccfb0feeb70cb674ab28be9,validation_001,1,0,1937699456,1,,
9,1.8,B,mainline,True,False,64.0,20.0,0,maintain,0.0,0.0,56.0,20.0,0,0,maintain-maintain,0.15909531712532043,-0.016246318817138672,0.019717559218406677,0,0.15909531712532043,0.019717559218406677,0.13937775790691376,0.1753416359424591,"[true, true, true]",False,False,False,67008,0,fc67b5b9a2d8c823e29b2d5c2dd6465388b731a6dccfb0feeb70cb674ab28be9,validation_001,1,0,1937699456,1,,
9,1.8,B_front,background_mainline,True,,156.0,20.0,,,,,,,,,,,,,,,,,,,,,,67008,0,fc67b5b9a2d8c823e29b2d5c2dd6465388b731a6dccfb0feeb70cb674ab28be9,validation_001,1,0,1937699456,1,,
9,1.8,B_rear,background_mainline,True,,37.176878382210035,17.957832915032608,,,,,,,,,,,,,,,,,,,,,,67008,0,fc67b5b9a2d8c823e29b2d5c2dd6465388b731a6dccfb0feeb70cb674ab28be9,validation_001,1,0,1937699456,1,,
10,2.0,A,ramp,True,False,60.0,20.0,0,maintain,0.0,0.0,68.0,20.0,0,0,maintain-maintain,0.07469303905963898,-0.03858507424592972,0.007852762937545776,0,0.07469303905963898,0.007852762937545776,0.0668402761220932,0.1132781133055687,"[true, true, true]",False,False,False,67008,0,fc67b5b9a2d8c823e29b2d5c2dd6465388b731a6dccfb0feeb70cb674ab28be9,validation_001,1,0,1937699456,1,,
10,2.0,B,mainline,True,False,68.0,20.0,0,maintain,0.0,0.0,60.0,20.0,0,0,maintain-maintain,0.16009646654129028,-0.015924327075481415,0.020095527172088623,0,0.16009646654129028,0.020095527172088623,0.14000093936920166,0.1760207936167717,"[true, true, true]",False,False,False,67008,0,fc67b5b9a2d8c823e29b2d5c2dd6465388b731a6dccfb0feeb70cb674ab28be9,validation_001,1,0,1937699456,1,,
10,2.0,B_front,background_mainline,True,,160.0,20.0,,,,,,,,,,,,,,,,,,,,,,67008,0,fc67b5b9a2d8c823e29b2d5c2dd6465388b731a6dccfb0feeb70cb674ab28be9,validation_001,1,0,1937699456,1,,
10,2.0,B_rear,background_mainline,True,,40.7640416374725,17.91550248138286,,,,,,,,,,,,,,,,,,,,,,67008,0,fc67b5b9a2d8c823e29b2d5c2dd6465388b731a6dccfb0feeb70cb674ab28be9,validation_001,1,0,1937699456,1,,
11,2.2,A,ramp,True,False,64.0,20.0,0,maintain,0.0,0.0,72.0,20.0,0,0,maintain-maintain,0.07323585450649261,-0.0384448766708374,0.009127680212259293,0,0.07323585450649261,0.009127680212259293,0.06410817429423332,0.11168073117733002,"[true, true, true]",False,False,False,67008,0,fc67b5b9a2d8c823e29b2d5c2dd6465388b731a6dccfb0feeb70cb674ab28be9,validation_001,1,0,1937699456,1,,
11,2.2,B,mainline,True,False,72.0,20.0,0,maintain,0.0,0.0,64.0,20.0,0,0,maintain-maintain,0.16040122509002686,-0.01598954200744629,0.020792676135897636,0,0.16040122509002686,0.020792676135897636,0.13960854895412922,0.17639076709747314,"[true, true, true]",False,False,False,67008,0,fc67b5b9a2d8c823e29b2d5c2dd6465388b731a6dccfb0feeb70cb674ab28be9,validation_001,1,0,1937699456,1,,
11,2.2,B_front,background_mainline,True,,164.0,20.0,,,,,,,,,,,,,,,,,,,,,,67008,0,fc67b5b9a2d8c823e29b2d5c2dd6465388b731a6dccfb0feeb70cb674ab28be9,validation_001,1,0,1937699456,1,,
11,2.2,B_rear,background_mainline,True,,44.34376194699707,17.883112703357657,,,,,,,,,,,,,,,,,,,,,,67008,0,fc67b5b9a2d8c823e29b2d5c2dd6465388b731a6dccfb0feeb70cb674ab28be9,validation_001,1,0,1937699456,1,,
12,2.4000000000000004,A,ramp,True,False,68.0,20.0,0,maintain,0.0,0.0,76.0,20.0,0,0,maintain-maintain,0.07178093492984772,-0.03830670565366745,0.010714240372180939,0,0.07178093492984772,0.010714240372180939,0.06106669455766678,0.11008764058351517,"[true, true, true]",False,False,False,67008,0,fc67b5b9a2d8c823e29b2d5c2dd6465388b731a6dccfb0feeb70cb674ab28be9,validation_001,1,0,1937699456,1,,
12,2.4000000000000004,B,mainline,True,False,76.0,20.0,0,maintain,0.0,0.0,68.0,20.0,0,0,maintain-maintain,0.16123473644256592,-0.016341276466846466,0.020946161821484566,0,0.16123473644256592,0.020946161821484566,0.14028857462108135,0.17757601290941238,"[true, true, true]",False,False,False,67008,0,fc67b5b9a2d8c823e29b2d5c2dd6465388b731a6dccfb0feeb70cb674ab28be9,validation_001,1,0,1937699456,1,,
12,2.4000000000000004,B_front,background_mainline,True,,168.0,20.0,,,,,,,,,,,,,,,,,,,,,,67008,0,fc67b5b9a2d8c823e29b2d5c2dd6465388b731a6dccfb0feeb70cb674ab28be9,validation_001,1,0,1937699456,1,,
12,2.4000000000000004,B_rear,background_mainline,True,,47.91785446244585,17.858990433126642,,,,,,,,,,,,,,,,,,,,,,67008,0,fc67b5b9a2d8c823e29b2d5c2dd6465388b731a6dccfb0feeb70cb674ab28be9,validation_001,1,0,1937699456,1,,
13,2.6,A,ramp,True,False,72.0,20.0,0,maintain,0.0,0.0,80.0,20.0,0,0,maintain-maintain,0.07025018334388733,-0.037922944873571396,0.012282028794288635,0,0.07025018334388733,0.012282028794288635,0.057968154549598694,0.10817312821745872,"[true, true, true]",False,False,False,67008,0,fc67b5b9a2d8c823e29b2d5c2dd6465388b731a6dccfb0feeb70cb674ab28be9,validation_001,1,0,1937699456,1,,
13,2.6,B,mainline,True,False,80.0,20.0,0,maintain,0.0,0.0,72.0,20.0,0,0,maintain-maintain,0.16239726543426514,-0.016813069581985474,0.020860277116298676,0,0.16239726543426514,0.020860277116298676,0.14153698831796646,0.1792103350162506,"[true, true, true]",False,False,False,67008,0,fc67b5b9a2d8c823e29b2d5c2dd6465388b731a6dccfb0feeb70cb674ab28be9,validation_001,1,0,1937699456,1,,
13,2.6,B_front,background_mainline,True,,172.0,20.0,,,,,,,,,,,,,,,,,,,,,,67008,0,fc67b5b9a2d8c823e29b2d5c2dd6465388b731a6dccfb0feeb70cb674ab28be9,validation_001,1,0,1937699456,1,,
13,2.6,B_rear,background_mainline,True,,51.487832908435976,17.84178147527624,,,,,,,,,,,,,,,,,,,,,,67008,0,fc67b5b9a2d8c823e29b2d5c2dd6465388b731a6dccfb0feeb70cb674ab28be9,validation_001,1,0,1937699456,1,,
14,2.8000000000000003,A,ramp,True,False,76.0,20.0,0,maintain,0.0,0.0,84.0,20.0,0,0,maintain-maintain,0.06872907280921936,-0.037915803492069244,0.013747189193964005,0,0.06872907280921936,0.013747189193964005,0.054981883615255356,0.1066448763012886,"[true, true, true]",False,False,False,67008,0,fc67b5b9a2d8c823e29b2d5c2dd6465388b731a6dccfb0feeb70cb674ab28be9,validation_001,1,0,1937699456,1,,
14,2.8000000000000003,B,mainline,True,False,84.0,20.0,0,maintain,0.0,0.0,76.0,20.0,0,0,maintain-maintain,0.16354843974113464,-0.017281167209148407,0.020769817754626274,0,0.16354843974113464,0.020769817754626274,0.14277862198650837,0.18082960695028305,"[true, true, true]",False,False,False,67008,0,fc67b5b9a2d8c823e29b2d5c2dd6465388b731a6dccfb0feeb70cb674ab28be9,validation_001,1,0,1937699456,1,,
14,2.8000000000000003,B_front,background_mainline,True,,176.0,20.0,,,,,,,,,,,,,,,,,,,,,,67008,0,fc67b5b9a2d8c823e29b2d5c2dd6465388b731a6dccfb0feeb70cb674ab28be9,validation_001,1,0,1937699456,1,,
14,2.8000000000000003,B_rear,background_mainline,True,,55.05496583010487,17.830378655921983,,,,,,,,,,,,,,,,,,,,,,67008,0,fc67b5b9a2d8c823e29b2d5c2dd6465388b731a6dccfb0feeb70cb674ab28be9,validation_001,1,0,1937699456,1,,
15,3.0,A,ramp,True,False,80.0,20.0,0,maintain,0.0,0.0,88.0,20.0,0,0,maintain-maintain,0.06707429885864258,-0.03838307783007622,0.015111297369003296,0,0.06707429885864258,0.015111297369003296,0.05196300148963928,0.1054573766887188,"[true, true, true]",False,False,False,67008,0,fc67b5b9a2d8c823e29b2d5c2dd6465388b731a6dccfb0feeb70cb674ab28be9,validation_001,1,0,1937699456,1,,
15,3.0,B,mainline,True,False,88.0,20.0,0,maintain,0.0,0.0,80.0,20.0,0,0,maintain-maintain,0.16469022631645203,-0.017746180295944214,0.020675355568528175,0,0.16469022631645203,0.020675355568528175,0.14401487074792385,0.18243640661239624,"[true, true, true]",False,False,False,67008,0,fc67b5b9a2d8c823e29b2d5c2dd6465388b731a6dccfb0feeb70cb674ab28be9,validation_001,1,0,1937699456,1,,
15,3.0,B_front,background_mainline,True,,180.0,20.0,,,,,,,,,,,,,,,,,,,,,,67008,0,fc67b5b9a2d8c823e29b2d5c2dd6465388b731a6dccfb0feeb70cb674ab28be9,validation_001,1,0,1937699456,1,,
15,3.0,B_rear,background_mainline,True,,58.62032044288004,17.82386872025833,,,,,,,,,,,,,,,,,,,,,,67008,0,fc67b5b9a2d8c823e29b2d5c2dd6465388b731a6dccfb0feeb70cb674ab28be9,validation_001,1,0,1937699456,1,,
16,3.2,A,ramp,True,False,84.0,20.0,0,maintain,0.0,0.0,92.0,20.0,0,0,maintain-maintain,0.06541118025779724,-0.038840483874082565,0.016474656760692596,0,0.06541118025779724,0.016474656760692596,0.048936523497104645,0.1042516641318798,"[true, true, true]",False,False,False,67008,0,fc67b5b9a2d8c823e29b2d5c2dd6465388b731a6dccfb0feeb70cb674ab28be9,validation_001,1,0,1937699456,1,,
16,3.2,B,mainline,True,False,92.0,20.0,0,maintain,0.0,0.0,84.0,20.0,0,0,maintain-maintain,0.1658189743757248,-0.01806381344795227,0.020437901839613914,0,0.1658189743757248,0.020437901839613914,0.14538107253611088,0.18388278782367706,"[true, true, true]",False,False,False,67008,0,fc67b5b9a2d8c823e29b2d5c2dd6465388b731a6dccfb0feeb70cb674ab28be9,validation_001,1,0,1937699456,1,,
16,3.2,B_front,background_mainline,True,,184.0,20.0,,,,,,,,,,,,,,,,,,,,,,67008,0,fc67b5b9a2d8c823e29b2d5c2dd6465388b731a6dccfb0feeb70cb674ab28be9,validation_001,1,0,1937699456,1,,
16,3.2,B_rear,background_mainline,True,,62.18479725868787,17.82149249512178,,,,,,,,,,,,,,,,,,,,,,67008,0,fc67b5b9a2d8c823e29b2d5c2dd6465388b731a6dccfb0feeb70cb674ab28be9,validation_001,1,0,1937699456,1,,
17,3.4000000000000004,A,ramp,True,False,88.0,20.0,0,maintain,0.0,0.0,96.0,20.0,0,0,maintain-maintain,0.06374067813158035,-0.03929608315229416,0.01783932000398636,0,0.06374067813158035,0.01783932000398636,0.045901358127593994,0.10303676128387451,"[true, true, true]",False,False,False,67008,0,fc67b5b9a2d8c823e29b2d5c2dd6465388b731a6dccfb0feeb70cb674ab28be9,validation_001,1,0,1937699456,1,,
17,3.4000000000000004,B,mainline,True,False,96.0,20.0,0,maintain,0.0,0.0,88.0,20.0,0,0,maintain-maintain,0.16691595315933228,-0.018130913376808167,0.020036041736602783,0,0.16691595315933228,0.020036041736602783,0.1468799114227295,0.18504686653614044,"[true, true, true]",False,False,False,67008,0,fc67b5b9a2d8c823e29b2d5c2dd6465388b731a6dccfb0feeb70cb674ab28be9,validation_001,1,0,1937699456,1,,
17,3.4000000000000004,B_front,background_mainline,True,,188.0,20.0,,,,,,,,,,,,,,,,,,,,,,67008,0,fc67b5b9a2d8c823e29b2d5c2dd6465388b731a6dccfb0feeb70cb674ab28be9,validation_001,1,0,1937699456,1,,
17,3.4000000000000004,B_rear,background_mainline,True,,65.74915774430865,17.82261456794975,,,,,,,,,,,,,,,,,,,,,,67008,0,fc67b5b9a2d8c823e29b2d5c2dd6465388b731a6dccfb0feeb70cb674ab28be9,validation_001,1,0,1937699456,1,,
18,3.6,A,ramp,True,False,92.0,20.0,0,maintain,0.0,0.0,100.0,20.0,0,0,maintain-maintain,0.06205818057060242,-0.039750322699546814,0.019206684082746506,0,0.06205818057060242,0.019206684082746506,0.04285149648785591,0.10180850327014923,"[true, true, true]",False,False,False,67008,0,fc67b5b9a2d8c823e29b2d5c2dd6465388b731a6dccfb0feeb70cb674ab28be9,validation_001,1,0,1937699456,1,,
18,3.6,B,mainline,True,False,100.0,20.0,0,maintain,0.0,0.0,92.0,20.0,0,0,maintain-maintain,0.16789570450782776,-0.018012039363384247,0.019925549626350403,0,0.16789570450782776,0.019925549626350403,0.14797015488147736,0.185907743871212,"[true, true, true]",False,False,False,67008,0,fc67b5b9a2d8c823e29b2d5c2dd6465388b731a6dccfb0feeb70cb674ab28be9,validation_001,1,0,1937699456,1,,
18,3.6,B_front,background_mainline,True,,192.0,20.0,,,,,,,,,,,,,,,,,,,,,,67008,0,fc67b5b9a2d8c823e29b2d5c2dd6465388b731a6dccfb0feeb70cb674ab28be9,validation_001,1,0,1937699456,1,,
18,3.6,B_rear,background_mainline,True,,69.31404664279964,17.82669990521531,,,,,,,,,,,,,,,,,,,,,,67008,0,fc67b5b9a2d8c823e29b2d5c2dd6465388b731a6dccfb0feeb70cb674ab28be9,validation_001,1,0,1937699456,1,,
19,3.8000000000000003,A,ramp,True,False,96.0,20.0,0,maintain,0.0,0.0,104.0,20.0,0,0,maintain-maintain,0.06064573675394058,-0.03988904878497124,0.020850971341133118,0,0.06064573675394058,0.020850971341133118,0.039794765412807465,0.10053478553891182,"[true, true, true]",False,False,False,67008,0,fc67b5b9a2d8c823e29b2d5c2dd6465388b731a6dccfb0feeb70cb674ab28be9,validation_001,1,0,1937699456,1,,
19,3.8000000000000003,B,mainline,True,False,104.0,20.0,0,maintain,0.0,0.0,96.0,20.0,0,0,maintain-maintain,0.16887575387954712,-0.01790020614862442,0.019823353737592697,0,0.16887575387954712,0.019823353737592697,0.14905240014195442,0.18677596002817154,"[true, true, true]",False,False,False,67008,0,fc67b5b9a2d8c823e29b2d5c2dd6465388b731a6dccfb0feeb70cb674ab28be9,validation_001,1,0,1937699456,1,,
19,3.8000000000000003,B_front,background_mainline,True,,196.0,20.0,,,,,,,,,,,,,,,,,,,,,,67008,0,fc67b5b9a2d8c823e29b2d5c2dd6465388b731a6dccfb0feeb70cb674ab28be9,validation_001,1,0,1937699456,1,,
19,3.8000000000000003,B_rear,background_mainline,True,,72.88001015572469,17.833295606636447,,,,,,,,,,,,,,,,,,,,,,67008,0,fc67b5b9a2d8c823e29b2d5c2dd6465388b731a6dccfb0feeb70cb674ab28be9,validation_001,1,0,1937699456,1,,
20,4.0,A,ramp,True,False,100.0,20.0,0,maintain,0.0,0.0,108.0,20.0,0,0,maintain-maintain,0.05928701162338257,-0.04016638174653053,0.022321661934256554,0,0.05928701162338257,0.022321661934256554,0.036965349689126015,0.0994533933699131,"[true, true, true]",False,False,False,67008,0,fc67b5b9a2d8c823e29b2d5c2dd6465388b731a6dccfb0feeb70cb674ab28be9,validation_001,1,0,1937699456,1,,
20,4.0,B,mainline,True,False,108.0,20.0,0,maintain,0.0,0.0,100.0,20.0,0,0,maintain-maintain,0.16969212889671326,-0.017566397786140442,0.019770309329032898,0,0.16969212889671326,0.019770309329032898,0.14992181956768036,0.1872585266828537,"[true, true, true]",False,False,False,67008,0,fc67b5b9a2d8c823e29b2d5c2dd6465388b731a6dccfb0feeb70cb674ab28be9,validation_001,1,0,1937699456,1,,
20,4.0,B_front,background_mainline,True,,200.0,20.0,,,,,,,,,,,,,,,,,,,,,,67008,0,fc67b5b9a2d8c823e29b2d5c2dd6465388b731a6dccfb0feeb70cb674ab28be9,validation_001,1,0,1937699456,1,,
20,4.0,B_rear,background_mainline,True,,76.44751087836282,17.842016511867854,,,,,,,,,,,,,,,,,,,,,,67008,0,fc67b5b9a2d8c823e29b2d5c2dd6465388b731a6dccfb0feeb70cb674ab28be9,validation_001,1,0,1937699456,1,,
21,4.2,A,ramp,True,False,104.0,20.0,0,maintain,0.0,0.0,112.0,20.0,0,0,maintain-maintain,0.05790664255619049,-0.04055645316839218,0.023302672430872917,0,0.05790664255619049,0.023302672430872917,0.034603970125317574,0.09846309572458267,"[true, true, true]",False,False,False,67008,0,fc67b5b9a2d8c823e29b2d5c2dd6465388b731a6dccfb0feeb70cb674ab28be9,validation_001,1,0,1937699456,1,3.078889988693149,
21,4.2,B,mainline,True,False,112.0,20.0,0,maintain,0.0,0.0,104.0,20.0,0,0,maintain-maintain,0.17122983932495117,-0.01650691032409668,0.020194409415125847,0,0.17122983932495117,0.020194409415125847,0.15103542990982533,0.18773674964904785,"[true, true, true]",False,False,False,67008,0,fc67b5b9a2d8c823e29b2d5c2dd6465388b731a6dccfb0feeb70cb674ab28be9,validation_001,1,0,1937699456,1,3.078889988693149,
21,4.2,B_front,background_mainline,True,,204.0,20.0,,,,,,,,,,,,,,,,,,,,,,67008,0,fc67b5b9a2d8c823e29b2d5c2dd6465388b731a6dccfb0feeb70cb674ab28be9,validation_001,1,0,1937699456,1,,
21,4.2,B_rear,background_mainline,True,,80.01642707046551,17.832010106795757,,,,,,,,,,,,,,,,,,,,,,67008,0,fc67b5b9a2d8c823e29b2d5c2dd6465388b731a6dccfb0feeb70cb674ab28be9,validation_001,1,0,1937699456,1,,
22,4.4,A,ramp,True,False,108.0,20.0,0,maintain,0.0,0.0,116.0,20.0,0,0,maintain-maintain,0.04592826962471008,-0.04920140653848648,-0.01333387941122055,0,0.04592826962471008,-0.01333387941122055,0.059262149035930634,0.09512967616319656,"[true, true, true]",False,False,False,67008,0,fc67b5b9a2d8c823e29b2d5c2dd6465388b731a6dccfb0feeb70cb674ab28be9,validation_001,1,0,1937699456,1,3.109599814581287,
22,4.4,B,mainline,True,False,116.0,20.0,0,maintain,0.0,0.0,108.0,20.0,0,0,maintain-maintain,0.17423292994499207,-0.01019565761089325,0.010346539318561554,0,0.17423292994499207,0.010346539318561554,0.1638863906264305,0.18442858755588531,"[true, true, true]",False,False,False,67008,0,fc67b5b9a2d8c823e29b2d5c2dd6465388b731a6dccfb0feeb70cb674ab28be9,validation_001,1,0,1937699456,1,3.109599814581287,
22,4.4,B_front,background_mainline,True,,208.0,20.0,,,,,,,,,,,,,,,,,,,,,,67008,0,fc67b5b9a2d8c823e29b2d5c2dd6465388b731a6dccfb0feeb70cb674ab28be9,validation_001,1,0,1937699456,1,,
22,4.4,B_rear,background_mainline,True,,83.57654469765099,17.77167932616388,,,,,,,,,,,,,,,,,,,,,,67008,0,fc67b5b9a2d8c823e29b2d5c2dd6465388b731a6dccfb0feeb70cb674ab28be9,validation_001,1,0,1937699456,1,,
23,4.6000000000000005,A,ramp,True,False,112.0,20.0,0,maintain,0.0,0.0,120.0,20.0,0,0,maintain-maintain,0.04498009383678436,-0.050384730100631714,-0.012312501668930054,0,0.04498009383678436,-0.012312501668930054,0.057292595505714417,0.09536482393741608,"[true, true, true]",False,False,False,67008,0,fc67b5b9a2d8c823e29b2d5c2dd6465388b731a6dccfb0feeb70cb674ab28be9,validation_001,1,0,1937699456,1,3.1383465483587543,
23,4.6000000000000005,B,mainline,True,False,120.0,20.0,0,maintain,0.0,0.0,112.0,20.0,0,0,maintain-maintain,0.17571836709976196,-0.008275046944618225,0.01100282371044159,0,0.17571836709976196,0.01100282371044159,0.16471554338932037,0.1839934140443802,"[true, true, true]",False,False,False,67008,0,fc67b5b9a2d8c823e29b2d5c2dd6465388b731a6dccfb0feeb70cb674ab28be9,validation_001,1,0,1937699456,1,3.1383465483587543,
23,4.6000000000000005,B_front,background_mainline,True,,212.0,20.0,,,,,,,,,,,,,,,,,,,,,,67008,0,fc67b5b9a2d8c823e29b2d5c2dd6465388b731a6dccfb0feeb70cb674ab28be9,validation_001,1,0,1937699456,1,,
23,4.6000000000000005,B_rear,background_mainline,True,,87.12609254436667,17.725828966201764,,,,,,,,,,,,,,,,,,,,,,67008,0,fc67b5b9a2d8c823e29b2d5c2dd6465388b731a6dccfb0feeb70cb674ab28be9,validation_001,1,0,1937699456,1,,
24,4.800000000000001,A,ramp,True,False,116.0,20.0,0,maintain,0.0,0.0,124.0,20.0,0,0,maintain-maintain,0.04387238621711731,-0.051556795835494995,-0.011484533548355103,0,0.04387238621711731,-0.011484533548355103,0.05535691976547241,0.0954291820526123,"[true, true, true]",False,False,False,67008,0,fc67b5b9a2d8c823e29b2d5c2dd6465388b731a6dccfb0feeb70cb674ab28be9,validation_001,1,0,1937699456,1,3.161590266435141,
24,4.800000000000001,B,mainline,True,False,124.0,20.0,0,maintain,0.0,0.0,116.0,20.0,0,0,maintain-maintain,0.17721694707870483,-0.0063082873821258545,0.01156919077038765,0,0.17721694707870483,0.01156919077038765,0.16564775630831718,0.1835252344608307,"[true, true, true]",False,False,False,67008,0,fc67b5b9a2d8c823e29b2d5c2dd6465388b731a6dccfb0feeb70cb674ab28be9,validation_001,1,0,1937699456,1,3.161590266435141,
24,4.800000000000001,B_front,background_mainline,True,,216.0,20.0,,,,,,,,,,,,,,,,,,,,,,67008,0,fc67b5b9a2d8c823e29b2d5c2dd6465388b731a6dccfb0feeb70cb674ab28be9,validation_001,1,0,1937699456,1,,
24,4.800000000000001,B_rear,background_mainline,True,,90.66768435364284,17.691750635791188,,,,,,,,,,,,,,,,,,,,,,67008,0,fc67b5b9a2d8c823e29b2d5c2dd6465388b731a6dccfb0feeb70cb674ab28be9,validation_001,1,0,1937699456,1,,
25,5.0,A,ramp,True,False,120.0,20.0,0,maintain,0.0,0.0,128.0,20.0,0,0,maintain-maintain,0.0424884632229805,-0.05265684425830841,-0.011052064597606659,0,0.0424884632229805,-0.011052064597606659,0.05354052782058716,0.09514530748128891,"[true, true, true]",False,False,False,67008,0,fc67b5b9a2d8c823e29b2d5c2dd6465388b731a6dccfb0feeb70cb674ab28be9,validation_001,1,0,1937699456,1,3.1774004665950883,
25,5.0,B,mainline,True,False,128.0,20.0,0,maintain,0.0,0.0,120.0,20.0,0,0,maintain-maintain,0.17804312705993652,-0.004776306450366974,0.01211845874786377,0,0.17804312705993652,0.01211845874786377,0.16592466831207275,0.1828194335103035,"[true, true, true]",False,False,False,67008,0,fc67b5b9a2d8c823e29b2d5c2dd6465388b731a6dccfb0feeb70cb674ab28be9,validation_001,1,0,1937699456,1,3.1774004665950883,
25,5.0,B_front,background_mainline,True,,220.0,20.0,,,,,,,,,,,,,,,,,,,,,,67008,0,fc67b5b9a2d8c823e29b2d5c2dd6465388b731a6dccfb0feeb70cb674ab28be9,validation_001,1,0,1937699456,1,,
25,5.0,B_rear,background_mainline,True,,94.20345781925145,17.667358206163843,,,,,,,,,,,,,,,,,,,,,,67008,0,fc67b5b9a2d8c823e29b2d5c2dd6465388b731a6dccfb0feeb70cb674ab28be9,validation_001,1,0,1937699456,1,,
26,5.2,A,ramp,True,False,124.0,20.0,0,maintain,0.0,0.0,132.0,20.0,0,0,maintain-maintain,0.04136727750301361,-0.053524572402238846,-0.010636314749717712,0,0.04136727750301361,-0.010636314749717712,0.05200359225273132,0.09489184990525246,"[true, true, true]",False,False,False,67008,0,fc67b5b9a2d8c823e29b2d5c2dd6465388b731a6dccfb0feeb70cb674ab28be9,validation_001,1,0,1937699456,1,3.1859535753928157,
26,5.2,B,mainline,True,False,132.0,20.0,0,maintain,0.0,0.0,124.0,20.0,0,0,maintain-maintain,0.17875784635543823,-0.00306614488363266,0.013007011264562607,0,0.17875784635543823,0.013007011264562607,0.16575083509087563,0.1818239912390709,"[true, true, true]",False,False,False,67008,0,fc67b5b9a2d8c823e29b2d5c2dd6465388b731a6dccfb0feeb70cb674ab28be9,validation_001,1,0,1937699456,1,3.1859535753928157,
26,5.2,B_front,background_mainline,True,,224.0,20.0,,,,,,,,,,,,,,,,,,,,,,67008,0,fc67b5b9a2d8c823e29b2d5c2dd6465388b731a6dccfb0feeb70cb674ab28be9,validation_001,1,0,1937699456,1,,
26,5.2,B_rear,background_mainline,True,,97.73517962394058,17.651003804509568,,,,,,,,,,,,,,,,,,,,,,67008,0,fc67b5b9a2d8c823e29b2d5c2dd6465388b731a6dccfb0feeb70cb674ab28be9,validation_001,1,0,1937699456,1,,
27,5.4,A,ramp,True,False,128.0,20.0,0,maintain,0.0,0.0,136.0,20.0,0,0,maintain-maintain,0.04024844616651535,-0.05458744615316391,-0.010166209191083908,0,0.04024844616651535,-0.010166209191083908,0.05041465535759926,0.09483589231967926,"[true, true, true]",False,False,False,67008,0,fc67b5b9a2d8c823e29b2d5c2dd6465388b731a6dccfb0feeb70cb674ab28be9,validation_001,1,0,1937699456,1,3.1892279815970426,
27,5.4,B,mainline,True,False,136.0,20.0,0,maintain,0.0,0.0,128.0,20.0,0,0,maintain-maintain,0.17905974388122559,-0.0009900778532028198,0.013944422826170921,0,0.17905974388122559,0.013944422826170921,0.16511532105505466,0.1800498217344284,"[true, true, true]",False,False,False,67008,0,fc67b5b9a2d8c823e29b2d5c2dd6465388b731a6dccfb0feeb70cb674ab28be9,validation_001,1,0,1937699456,1,3.1892279815970426,
27,5.4,B_front,background_mainline,True,,228.0,20.0,,,,,,,,,,,,,,,,,,,,,,67008,0,fc67b5b9a2d8c823e29b2d5c2dd6465388b731a6dccfb0feeb70cb674ab28be9,validation_001,1,0,1937699456,1,,
27,5.4,B_rear,background_mainline,True,,101.26431957631694,17.641350402949353,,,,,,,,,,,,,,,,,,,,,,67008,0,fc67b5b9a2d8c823e29b2d5c2dd6465388b731a6dccfb0feeb70cb674ab28be9,validation_001,1,0,1937699456,1,,
28,5.6000000000000005,A,ramp,True,False,132.0,20.0,0,maintain,0.0,0.0,140.0,20.0,0,0,maintain-maintain,0.03910711407661438,-0.0559656098484993,-0.009664632380008698,0,0.03910711407661438,-0.009664632380008698,0.04877174645662308,0.09507272392511368,"[true, true, true]",False,False,False,67008,0,fc67b5b9a2d8c823e29b2d5c2dd6465388b731a6dccfb0feeb70cb674ab28be9,validation_001,1,0,1937699456,1,3.1898998629002904,
28,5.6000000000000005,B,mainline,True,False,140.0,20.0,0,maintain,0.0,0.0,132.0,20.0,0,0,maintain-maintain,0.17921938002109528,0.001144304871559143,0.01473282277584076,0,0.17921938002109528,0.01473282277584076,0.16448655724525452,0.17807507514953613,"[true, true, true]",False,False,False,67008,0,fc67b5b9a2d8c823e29b2d5c2dd6465388b731a6dccfb0feeb70cb674ab28be9,validation_001,1,0,1937699456,1,3.1898998629002904,
28,5.6000000000000005,B_front,background_mainline,True,,232.0,20.0,,,,,,,,,,,,,,,,,,,,,,67008,0,fc67b5b9a2d8c823e29b2d5c2dd6465388b731a6dccfb0feeb70cb674ab28be9,validation_001,1,0,1937699456,1,,
28,5.6000000000000005,B_rear,background_mainline,True,,104.79210385583853,17.637288744949508,,,,,,,,,,,,,,,,,,,,,,67008,0,fc67b5b9a2d8c823e29b2d5c2dd6465388b731a6dccfb0feeb70cb674ab28be9,validation_001,1,0,1937699456,1,,
29,5.800000000000001,A,ramp,True,False,136.0,20.0,0,maintain,0.0,0.0,144.0,20.0,0,0,maintain-maintain,0.037966951727867126,-0.05736398696899414,-0.009182274341583252,0,0.037966951727867126,-0.009182274341583252,0.04714922606945038,0.09533093869686127,"[true, true, true]",False,False,False,67008,0,fc67b5b9a2d8c823e29b2d5c2dd6465388b731a6dccfb0feeb70cb674ab28be9,validation_001,1,0,1937699456,1,3.1899312394685637,
29,5.800000000000001,B,mainline,True,False,144.0,20.0,0,maintain,0.0,0.0,136.0,20.0,0,0,maintain-maintain,0.17903143167495728,0.0029733404517173767,0.015776483342051506,0,0.17903143167495728,0.015776483342051506,0.16325494833290577,0.1760580912232399,"[true, true, true]",False,False,False,67008,0,fc67b5b9a2d8c823e29b2d5c2dd6465388b731a6dccfb0feeb70cb674ab28be9,validation_001,1,0,1937699456,1,3.1899312394685637,
29,5.800000000000001,B_front,background_mainline,True,,236.0,20.0,,,,,,,,,,,,,,,,,,,,,,67008,0,fc67b5b9a2d8c823e29b2d5c2dd6465388b731a6dccfb0feeb70cb674ab28be9,validation_001,1,0,1937699456,1,,
29,5.800000000000001,B_rear,background_mainline,True,,108.31955524675224,17.637888665490117,,,,,,,,,,,,,,,,,,,,,,67008,0,fc67b5b9a2d8c823e29b2d5c2dd6465388b731a6dccfb0feeb70cb674ab28be9,validation_001,1,0,1937699456,1,,
30,6.0,A,ramp,True,False,140.0,20.0,0,maintain,0.0,0.0,148.0,20.0,0,0,maintain-maintain,0.03682803362607956,-0.05877549201250076,-0.00871351733803749,0,0.03682803362607956,-0.00871351733803749,0.04554155096411705,0.09560352563858032,"[true, true, true]",False,False,False,67008,0,fc67b5b9a2d8c823e29b2d5c2dd6465388b731a6dccfb0feeb70cb674ab28be9,validation_001,1,0,1937699456,1,3.189931239476124,
30,6.0,B,mainline,True,False,148.0,20.0,0,maintain,0.0,0.0,140.0,20.0,0,0,maintain-maintain,0.1788744032382965,0.004709377884864807,0.016971295699477196,0,0.1788744032382965,0.016971295699477196,0.1619031075388193,0.1741650253534317,"[true, true, true]",False,False,False,67008,0,fc67b5b9a2d8c823e29b2d5c2dd6465388b731a6dccfb0feeb70cb674ab28be9,validation_001,1,0,1937699456,1,3.189931239476124,
30,6.0,B_front,background_mainline,True,,240.0,20.0,,,,,,,,,,,,,,,,,,,,,,67008,0,fc67b5b9a2d8c823e29b2d5c2dd6465388b731a6dccfb0feeb70cb674ab28be9,validation_001,1,0,1937699456,1,,
30,6.0,B_rear,background_mainline,True,,111.84752605499587,17.642372268801758,,,,,,,,,,,,,,,,,,,,,,67008,0,fc67b5b9a2d8c823e29b2d5c2dd6465388b731a6dccfb0feeb70cb674ab28be9,validation_001,1,0,1937699456,1,,
31,6.2,A,ramp,True,False,144.0,20.0,0,maintain,0.0,0.0,152.0,20.0,0,0,maintain-maintain,0.035688191652297974,-0.06019162759184837,-0.008250489830970764,0,0.035688191652297974,-0.008250489830970764,0.04393868148326874,0.09587981924414635,"[true, true, true]",False,False,False,67008,0,fc67b5b9a2d8c823e29b2d5c2dd6465388b731a6dccfb0feeb70cb674ab28be9,validation_001,1,0,1937699456,1,3.189931239476124,
31,6.2,B,mainline,True,False,152.0,20.0,0,maintain,0.0,0.0,144.0,20.0,0,0,maintain-maintain,0.1786412000656128,0.006358668208122253,0.01815563440322876,0,0.1786412000656128,0.01815563440322876,0.16048556566238403,0.17228253185749054,"[true, true, true]",False,False,False,67008,0,fc67b5b9a2d8c823e29b2d5c2dd6465388b731a6dccfb0feeb70cb674ab28be9,validation_001,1,0,1937699456,1,3.189931239476124,
31,6.2,B_front,background_mainline,True,,244.0,20.0,,,,,,,,,,,,,,,,,,,,,,67008,0,fc67b5b9a2d8c823e29b2d5c2dd6465388b731a6dccfb0feeb70cb674ab28be9,validation_001,1,0,1937699456,1,,
31,6.2,B_rear,background_mainline,True,,115.37672646296605,17.650092641705122,,,,,,,,,,,,,,,,,,,,,,67008,0,fc67b5b9a2d8c823e29b2d5c2dd6465388b731a6dccfb0feeb70cb674ab28be9,validation_001,1,0,1937699456,1,,
32,6.4,A,ramp,True,False,148.0,20.0,0,maintain,0.0,0.0,156.0,20.0,0,0,maintain-maintain,0.034547194838523865,-0.061609897762537,-0.007790744304656982,0,0.034547194838523865,-0.007790744304656982,0.04233793914318085,0.09615709260106087,"[true, true, true]",False,False,False,67008,0,fc67b5b9a2d8c823e29b2d5c2dd6465388b731a6dccfb0feeb70cb674ab28be9,validation_001,1,0,1937699456,1,3.189931239476124,
32,6.4,B,mainline,True,False,156.0,20.0,0,maintain,0.0,0.0,148.0,20.0,0,0,maintain-maintain,0.1784060299396515,0.007880061864852905,0.019313044846057892,0,0.1784060299396515,0.019313044846057892,0.1590929850935936,0.17052596807479858,"[true, true, true]",False,False,False,67008,0,fc67b5b9a2d8c823e29b2d5c2dd6465388b731a6dccfb0feeb70cb674ab28be9,validation_001,1,0,1937699456,1,3.189931239476124,
32,6.4,B_front,background_mainline,True,,248.0,20.0,,,,,,,,,,,,,,,,,,,,,,67008,0,fc67b5b9a2d8c823e29b2d5c2dd6465388b731a6dccfb0feeb70cb674ab28be9,validation_001,1,0,1937699456,1,,
32,6.4,B_rear,background_mainline,True,,118.90774837868301,17.660510390666758,,,,,,,,,,,,,,,,,,,,,,67008,0,fc67b5b9a2d8c823e29b2d5c2dd6465388b731a6dccfb0feeb70cb674ab28be9,validation_001,1,0,1937699456,1,,
33,6.6000000000000005,A,ramp,True,False,152.0,20.0,0,maintain,0.0,0.0,160.0,20.0,0,0,maintain-maintain,0.033405572175979614,-0.06302980333566666,-0.007333844900131226,0,0.033405572175979614,-0.007333844900131226,0.04073941707611084,0.09643537551164627,"[true, true, true]",False,False,False,67008,0,fc67b5b9a2d8c823e29b2d5c2dd6465388b731a6dccfb0feeb70cb674ab28be9,validation_001,1,0,1937699456,1,3.189931239476124,
33,6.6000000000000005,B,mainline,True,False,160.0,20.0,0,maintain,0.0,0.0,152.0,20.0,0,0,maintain-maintain,0.17809148132801056,0.009418249130249023,0.020602978765964508,0,0.17809148132801056,0.020602978765964508,0.15748850256204605,0.16867323219776154,"[true, true, true]",False,False,False,67008,0,fc67b5b9a2d8c823e29b2d5c2dd6465388b731a6dccfb0feeb70cb674ab28be9,validation_001,1,0,1937699456,1,3.189931239476124,
33,6.6000000000000005,B_front,background_mainline,True,,252.0,20.0,,,,,,,,,,,,,,,,,,,,,,67008,0,fc67b5b9a2d8c823e29b2d5c2dd6465388b731a6dccfb0feeb70cb674ab28be9,validation_001,1,0,1937699456,1,,
33,6.6000000000000005,B_rear,background_mainline,True,,122.44108482604642,17.67317325885381,,,,,,,,,,,,,,,,,,,,,,67008,0,fc67b5b9a2d8c823e29b2d5c2dd6465388b731a6dccfb0feeb70cb674ab28be9,validation_001,1,0,1937699456,1,,
34,6.800000000000001,A,ramp,True,False,156.0,20.0,0,maintain,0.0,0.0,164.0,20.0,0,0,maintain-maintain,0.03226380795240402,-0.06445100903511047,-0.006879501044750214,0,0.03226380795240402,-0.006879501044750214,0.039143308997154236,0.0967148169875145,"[true, true, true]",False,False,False,67008,0,fc67b5b9a2d8c823e29b2d5c2dd6465388b731a6dccfb0feeb70cb674ab28be9,validation_001,1,0,1937699456,1,3.189931239476124,
34,6.800000000000001,B,mainline,True,False,164.0,20.0,0,maintain,0.0,0.0,156.0,20.0,0,0,maintain-maintain,0.1778753399848938,0.010820537805557251,0.02136213332414627,0,0.1778753399848938,0.02136213332414627,0.15651320666074753,0.16705480217933655,"[true, true, true]",False,False,False,67008,0,fc67b5b9a2d8c823e29b2d5c2dd6465388b731a6dccfb0feeb70cb674ab28be9,validation_001,1,0,1937699456,1,3.189931239476124,
34,6.800000000000001,B_front,background_mainline,True,,256.0,20.0,,,,,,,,,,,,,,,,,,,,,,67008,0,fc67b5b9a2d8c823e29b2d5c2dd6465388b731a6dccfb0feeb70cb674ab28be9,validation_001,1,0,1937699456,1,,
34,6.800000000000001,B_rear,background_mainline,True,,125.9771457150477,17.687700161288344,,,,,,,,,,,,,,,,,,,,,,67008,0,fc67b5b9a2d8c823e29b2d5c2dd6465388b731a6dccfb0feeb70cb674ab28be9,validation_001,1,0,1937699456,1,,
35,7.0,A,ramp,True,False,160.0,20.0,0,maintain,0.0,0.0,168.0,20.0,0,0,maintain-maintain,0.03136226534843445,-0.06614376604557037,-0.00671498104929924,0,0.03136226534843445,-0.00671498104929924,0.03807724639773369,0.09750603139400482,"[true, true, true]",False,False,False,67008,0,fc67b5b9a2d8c823e29b2d5c2dd6465388b731a6dccfb0feeb70cb674ab28be9,validation_001,1,0,1937699456,1,3.189931239476124,
35,7.0,B,mainline,True,False,168.0,20.0,0,maintain,0.0,0.0,160.0,20.0,0,0,maintain-maintain,0.1776505410671234,0.01200462132692337,0.0223081074655056,0,0.1776505410671234,0.0223081074655056,0.1553424336016178,0.16564591974020004,"[true, true, true]",False,False,False,67008,0,fc67b5b9a2d8c823e29b2d5c2dd6465388b731a6dccfb0feeb70cb674ab28be9,validation_001,1,0,1937699456,1,3.189931239476124,
35,7.0,B_front,background_mainline,True,,260.0,0.0,,,,,,,,,,,,,,,,,,,,,,67008,0,fc67b5b9a2d8c823e29b2d5c2dd6465388b731a6dccfb0feeb70cb674ab28be9,validation_001,1,0,1937699456,1,,
35,7.0,B_rear,background_mainline,True,,129.51627077233078,17.7037686042446,,,,,,,,,,,,,,,,,,,,,,67008,0,fc67b5b9a2d8c823e29b2d5c2dd6465388b731a6dccfb0feeb70cb674ab28be9,validation_001,1,0,1937699456,1,,
36,7.2,A,ramp,True,False,164.0,20.0,0,maintain,0.0,0.0,172.0,20.0,0,0,maintain-maintain,0.012120157480239868,-0.09170548617839813,-0.019503921270370483,0,0.012120157480239868,-0.019503921270370483,0.03162407875061035,0.103825643658638,"[true, true, true]",False,False,False,67008,0,fc67b5b9a2d8c823e29b2d5c2dd6465388b731a6dccfb0feeb70cb674ab28be9,validation_001,1,0,1937699456,1,3.189931239476124,
36,7.2,B,mainline,True,False,172.0,20.0,0,maintain,0.0,0.0,164.0,20.0,0,0,maintain-maintain,0.16298739612102509,-0.009642794728279114,0.0337606817483902,0,0.16298739612102509,0.0337606817483902,0.1292267143726349,0.1726301908493042,"[true, true, true]",False,False,False,67008,0,fc67b5b9a2d8c823e29b2d5c2dd6465388b731a6dccfb0feeb70cb674ab28be9,validation_001,1,0,1937699456,1,3.189931239476124,
36,7.2,B_front,background_mainline,True,,260.0,0.0,,,,,,,,,,,,,,,,,,,,,,67008,0,fc67b5b9a2d8c823e29b2d5c2dd6465388b731a6dccfb0feeb70cb674ab28be9,validation_001,1,0,1937699456,1,,
36,7.2,B_rear,background_mainline,True,,133.05874022320364,17.721104672124287,,,,,,,,,,,,,,,,,,,,,,67008,0,fc67b5b9a2d8c823e29b2d5c2dd6465388b731a6dccfb0feeb70cb674ab28be9,validation_001,1,0,1937699456,1,,
37,7.4,A,ramp,True,False,168.0,20.0,0,maintain,0.0,0.0,176.0,20.0,0,0,maintain-maintain,0.012026861310005188,-0.09337309002876282,-0.01909230649471283,0,0.012026861310005188,-0.01909230649471283,0.031119167804718018,0.105399951338768,"[true, true, true]",False,False,False,67008,0,fc67b5b9a2d8c823e29b2d5c2dd6465388b731a6dccfb0feeb70cb674ab28be9,validation_001,1,0,1937699456,1,3.189931239476124,
37,7.4,B,mainline,True,False,176.0,20.0,0,maintain,0.0,0.0,168.0,20.0,0,0,maintain-maintain,0.16500654816627502,-0.010020807385444641,0.03452307730913162,0,0.16500654816627502,0.03452307730913162,0.1304834708571434,0.17502735555171967,"[true, true, true]",False,False,False,67008,0,fc67b5b9a2d8c823e29b2d5c2dd6465388b731a6dccfb0feeb70cb674ab28be9,validation_001,1,0,1937699456,1,3.189931239476124,
37,7.4,B_front,background_mainline,True,,260.0,0.0,,,,,,,,,,,,,,,,,,,,,,67008,0,fc67b5b9a2d8c823e29b2d5c2dd6465388b731a6dccfb0feeb70cb674ab28be9,validation_001,1,0,1937699456,1,,
37,7.4,B_rear,background_mainline,True,,136.60478367602062,17.739474984597056,,,,,,,,,,,,,,,,,,,,,,67008,0,fc67b5b9a2d8c823e29b2d5c2dd6465388b731a6dccfb0feeb70cb674ab28be9,validation_001,1,0,1937699456,1,,
38,7.6000000000000005,A,ramp,True,False,172.0,20.0,0,maintain,0.0,0.0,180.0,20.0,0,0,maintain-maintain,0.012928523123264313,-0.0951032042503357,-0.01891787350177765,0,0.012928523123264313,-0.01891787350177765,0.03184639662504196,0.1080317273736,"[true, true, true]",False,False,False,67008,0,fc67b5b9a2d8c823e29b2d5c2dd6465388b731a6dccfb0feeb70cb674ab28be9,validation_001,1,0,1937699456,1,3.189931239476124,
38,7.6000000000000005,B,mainline,True,False,180.0,20.0,0,maintain,0.0,0.0,172.0,20.0,0,0,maintain-maintain,0.16706062853336334,-0.010418452322483063,0.03594266250729561,0,0.16706062853336334,0.03594266250729561,0.13111796602606773,0.1774790808558464,"[true, true, true]",False,False,False,67008,0,fc67b5b9a2d8c823e29b2d5c2dd6465388b731a6dccfb0feeb70cb674ab28be9,validation_001,1,0,1937699456,1,3.189931239476124,
38,7.6000000000000005,B_front,background_mainline,True,,260.0,0.0,,,,,,,,,,,,,,,,,,,,,,67008,0,fc67b5b9a2d8c823e29b2d5c2dd6465388b731a6dccfb0feeb70cb674ab28be9,validation_001,1,0,1937699456,1,,
38,7.6000000000000005,B_rear,background_mainline,True,,140.15458755673592,17.758680181784474,,,,,,,,,,,,,,,,,,,,,,67008,0,fc67b5b9a2d8c823e29b2d5c2dd6465388b731a6dccfb0feeb70cb674ab28be9,validation_001,1,0,1937699456,1,,
39,7.800000000000001,A,ramp,True,False,176.0,20.0,0,maintain,0.0,0.0,184.0,20.0,0,0,maintain-maintain,0.01338563859462738,-0.09561538696289062,-0.018514692783355713,0,0.01338563859462738,-0.018514692783355713,0.03190033137798309,0.109001025557518,"[true, true, true]",False,False,False,67008,0,fc67b5b9a2d8c823e29b2d5c2dd6465388b731a6dccfb0feeb70cb674ab28be9,validation_001,1,0,1937699456,1,3.189931239476124,
39,7.800000000000001,B,mainline,True,False,184.0,20.0,0,maintain,0.0,0.0,176.0,20.0,0,0,maintain-maintain,0.16865453124046326,-0.011533133685588837,0.03821036219596863,0,0.16865453124046326,0.03821036219596863,0.13044416904449463,0.1801876649260521,"[true, true, true]",False,False,False,67008,0,fc67b5b9a2d8c823e29b2d5c2dd6465388b731a6dccfb0feeb70cb674ab28be9,validation_001,1,0,1937699456,1,3.189931239476124,
39,7.800000000000001,B_front,background_mainline,True,,260.0,0.0,,,,,,,,,,,,,,,,,,,,,,67008,0,fc67b5b9a2d8c823e29b2d5c2dd6465388b731a6dccfb0feeb70cb674ab28be9,validation_001,1,0,1937699456,1,,
39,7.800000000000001,B_rear,background_mainline,True,,143.70830136464454,17.77854960619028,,,,,,,,,,,,,,,,,,,,,,67008,0,fc67b5b9a2d8c823e29b2d5c2dd6465388b731a6dccfb0feeb70cb674ab28be9,validation_001,1,0,1937699456,1,,
40,8.0,A,ramp,True,False,180.0,20.0,0,maintain,0.0,0.0,188.0,20.0,0,0,maintain-maintain,0.013842999935150146,-0.09612634778022766,-0.0181124210357666,0,0.013842999935150146,-0.0181124210357666,0.03195542097091675,0.10996934771537781,"[true, true, true]",False,False,False,67008,0,fc67b5b9a2d8c823e29b2d5c2dd6465388b731a6dccfb0feeb70cb674ab28be9,validation_001,1,0,1937699456,1,3.189931239476124,
40,8.0,B,mainline,True,False,188.0,20.0,0,maintain,0.0,0.0,180.0,20.0,0,0,maintain-maintain,0.17003920674324036,-0.012641936540603638,0.040216874331235886,0,0.17003920674324036,0.040216874331235886,0.12982233241200447,0.182681143283844,"[true, true, true]",False,False,False,67008,0,fc67b5b9a2d8c823e29b2d5c2dd6465388b731a6dccfb0feeb70cb674ab28be9,validation_001,1,0,1937699456,1,3.189931239476124,
40,8.0,B_front,background_mainline,True,,260.0,0.0,,,,,,,,,,,,,,,,,,,,,,67008,0,fc67b5b9a2d8c823e29b2d5c2dd6465388b731a6dccfb0feeb70cb674ab28be9,validation_001,1,0,1937699456,1,,
40,8.0,B_rear,background_mainline,True,,147.26604296250198,17.798936930479126,,,,,,,,,,,,,,,,,,,,,,67008,0,fc67b5b9a2d8c823e29b2d5c2dd6465388b731a6dccfb0feeb70cb674ab28be9,validation_001,1,0,1937699456,1,,
41,8.200000000000001,A,ramp,True,False,184.0,20.0,0,maintain,0.0,0.0,192.0,20.0,0,0,maintain-maintain,0.014066867530345917,-0.096115842461586,-0.017290085554122925,0,0.014066867530345917,-0.017290085554122925,0.03135695308446884,0.11018270999193192,"[true, true, true]",False,False,False,67008,0,fc67b5b9a2d8c823e29b2d5c2dd6465388b731a6dccfb0feeb70cb674ab28be9,validation_001,1,0,1937699456,1,3.189931239476124,
41,8.200000000000001,B,mainline,True,False,192.0,20.0,0,maintain,0.0,0.0,184.0,20.0,0,0,maintain-maintain,0.1697196364402771,-0.012369081377983093,0.04062540829181671,0,0.1697196364402771,0.04062540829181671,0.1290942281484604,0.1820887178182602,"[true, true, true]",False,False,False,67008,0,fc67b5b9a2d8c823e29b2d5c2dd6465388b731a6dccfb0feeb70cb674ab28be9,validation_001,1,0,1937699456,1,3.189931239476124,
41,8.200000000000001,B_front,background_mainline,True,,260.0,0.0,,,,,,,,,,,,,,,,,,,,,,67008,0,fc67b5b9a2d8c823e29b2d5c2dd6465388b731a6dccfb0feeb70cb674ab28be9,validation_001,1,0,1937699456,1,,
41,8.200000000000001,B_rear,background_mainline,True,,150.8279030702117,17.819716539168297,,,,,,,,,,,,,,,,,,,,,,67008,0,fc67b5b9a2d8c823e29b2d5c2dd6465388b731a6dccfb0feeb70cb674ab28be9,validation_001,1,0,1937699456,1,,
42,8.4,A,ramp,True,False,188.0,20.0,0,maintain,0.0,0.0,196.0,20.0,0,0,maintain-maintain,0.01429128646850586,-0.09610432386398315,-0.016468331217765808,0,0.01429128646850586,-0.016468331217765808,0.030759617686271667,0.11039561033248901,"[true, true, true]",False,False,False,67008,0,fc67b5b9a2d8c823e29b2d5c2dd6465388b731a6dccfb0feeb70cb674ab28be9,validation_001,1,0,1937699456,1,3.189931239476124,
42,8.4,B,mainline,True,False,196.0,20.0,0,maintain,0.0,0.0,188.0,20.0,0,0,maintain-maintain,0.16957907378673553,-0.011508762836456299,0.0402660109102726,0,0.16957907378673553,0.0402660109102726,0.12931306287646294,0.18108783662319183,"[true, true, true]",False,False,False,67008,0,fc67b5b9a2d8c823e29b2d5c2dd6465388b731a6dccfb0feeb70cb674ab28be9,validation_001,1,0,1937699456,1,3.189931239476124,
42,8.4,B_front,background_mainline,True,,260.0,0.0,,,,,,,,,,,,,,,,,,,,,,67008,0,fc67b5b9a2d8c823e29b2d5c2dd6465388b731a6dccfb0feeb70cb674ab28be9,validation_001,1,0,1937699456,1,,
42,8.4,B_rear,background_mainline,True,,154.3939490974537,17.84078051601389,,,,,,,,,,,,,,,,,,,,,,67008,0,fc67b5b9a2d8c823e29b2d5c2dd6465388b731a6dccfb0feeb70cb674ab28be9,validation_001,1,0,1937699456,1,,
43,8.6,A,ramp,True,False,192.0,20.0,0,maintain,0.0,0.0,200.0,20.0,0,0,maintain-maintain,0.014516443014144897,-0.09609191119670868,-0.0156470388174057,0,0.014516443014144897,-0.0156470388174057,0.030163481831550598,0.11060835421085358,"[true, true, true]",False,False,False,67008,0,fc67b5b9a2d8c823e29b2d5c2dd6465388b731a6dccfb0feeb70cb674ab28be9,validation_001,1,0,1937699456,1,3.189931239476124,
43,8.6,B,mainline,True,False,200.0,20.0,0,maintain,0.0,0.0,192.0,20.0,0,0,maintain-maintain,0.16952437162399292,-0.010366253554821014,0.03953765705227852,0,0.16952437162399292,0.03953765705227852,0.1299867145717144,0.17989062517881393,"[true, true, true]",False,False,False,67008,0,fc67b5b9a2d8c823e29b2d5c2dd6465388b731a6dccfb0feeb70cb674ab28be9,validation_001,1,0,1937699456,1,3.189931239476124,
43,8.6,B_front,background_mainline,True,,260.0,0.0,,,,,,,,,,,,,,,,,,,,,,67008,0,fc67b5b9a2d8c823e29b2d5c2dd6465388b731a6dccfb0feeb70cb674ab28be9,validation_001,1,0,1937699456,1,,
43,8.6,B_rear,background_mainline,True,,157.96422842440404,17.862036121618548,,,,,,,,,,,,,,,,,,,,,,67008,0,fc67b5b9a2d8c823e29b2d5c2dd6465388b731a6dccfb0feeb70cb674ab28be9,validation_001,1,0,1937699456,1,,
44,8.8,A,ramp,True,False,196.0,20.0,0,maintain,0.0,0.0,204.0,20.0,0,0,maintain-maintain,0.014662250876426697,-0.0959748923778534,-0.014685243368148804,0,0.014662250876426697,-0.014685243368148804,0.0293474942445755,0.11063714325428009,"[true, true, true]",False,False,False,67008,0,fc67b5b9a2d8c823e29b2d5c2dd6465388b731a6dccfb0feeb70cb674ab28be9,validation_001,1,0,1937699456,1,3.189931239476124,
44,8.8,B,mainline,True,False,204.0,20.0,0,maintain,0.0,0.0,196.0,20.0,0,0,maintain-maintain,0.16946952044963837,-0.009223699569702148,0.03880917280912399,0,0.16946952044963837,0.03880917280912399,0.13066034764051437,0.17869322001934052,"[true, true, true]",False,False,False,67008,0,fc67b5b9a2d8c823e29b2d5c2dd6465388b731a6dccfb0feeb70cb674ab28be9,validation_001,1,0,1937699456,1,3.189931239476124,
44,8.8,B_front,background_mainline,True,,260.0,0.0,,,,,,,,,,,,,,,,,,,,,,67008,0,fc67b5b9a2d8c823e29b2d5c2dd6465388b731a6dccfb0feeb70cb674ab28be9,validation_001,1,0,1937699456,1,,
44,8.8,B_rear,background_mainline,True,,161.53877121918205,17.88340367055111,,,,,,,,,,,,,,,,,,,,,,67008,0,fc67b5b9a2d8c823e29b2d5c2dd6465388b731a6dccfb0feeb70cb674ab28be9,validation_001,1,0,1937699456,1,,
45,9.0,A,ramp,True,False,200.0,20.0,0,maintain,0.0,0.0,208.0,20.0,0,0,maintain-maintain,0.014646999537944794,-0.09564732015132904,-0.013438969850540161,0,0.014646999537944794,-0.013438969850540161,0.028085969388484955,0.11029431968927383,"[true, true, true]",False,False,False,67008,0,fc67b5b9a2d8c823e29b2d5c2dd6465388b731a6dccfb0feeb70cb674ab28be9,validation_001,1,0,1937699456,1,3.189931239476124,
45,9.0,B,mainline,True,False,208.0,20.0,0,maintain,0.0,0.0,200.0,20.0,0,0,maintain-maintain,0.1694144904613495,-0.008081033825874329,0.0380806028842926,0,0.1694144904613495,0.0380806028842926,0.13133388757705688,0.17749552428722382,"[true, true, true]",False,False,False,67008,0,fc67b5b9a2d8c823e29b2d5c2dd6465388b731a6dccfb0feeb70cb674ab28be9,validation_001,1,0,1937699456,1,3.189931239476124,
45,9.0,B_front,background_mainline,True,,260.0,0.0,,,,,,,,,,,,,,,,,,,,,,67008,0,fc67b5b9a2d8c823e29b2d5c2dd6465388b731a6dccfb0feeb70cb674ab28be9,validation_001,1,0,1937699456,1,,
45,9.0,B_rear,background_mainline,True,,165.1175928644891,17.90481473616429,,,,,,,,,,,,,,,,,,,,,,67008,0,fc67b5b9a2d8c823e29b2d5c2dd6465388b731a6dccfb0feeb70cb674ab28be9,validation_001,1,0,1937699456,1,,
46,9.200000000000001,A,ramp,True,False,204.0,20.0,0,maintain,0.0,0.0,212.0,20.0,0,0,maintain-maintain,0.014687448740005493,-0.09528793394565582,-0.01220501959323883,0,0.014687448740005493,-0.01220501959323883,0.026892468333244324,0.10997538268566132,"[true, true, true]",False,False,False,67008,0,fc67b5b9a2d8c823e29b2d5c2dd6465388b731a6dccfb0feeb70cb674ab28be9,validation_001,1,0,1937699456,1,3.189931239476124,
46,9.200000000000001,B,mainline,True,False,212.0,20.0,0,maintain,0.0,0.0,204.0,20.0,0,0,maintain-maintain,0.16935935616493225,-0.0069382041692733765,0.037351932376623154,0,0.16935935616493225,0.037351932376623154,0.1320074237883091,0.17629756033420563,"[true, true, true]",False,False,False,67008,0,fc67b5b9a2d8c823e29b2d5c2dd6465388b731a6dccfb0feeb70cb674ab28be9,validation_001,1,0,1937699456,1,3.189931239476124,
46,9.200000000000001,B_front,background_mainline,True,,260.0,0.0,,,,,,,,,,,,,,,,,,,,,,67008,0,fc67b5b9a2d8c823e29b2d5c2dd6465388b731a6dccfb0feeb70cb674ab28be9,validation_001,1,0,1937699456,1,,
46,9.200000000000001,B_rear,background_mainline,True,,168.70069605305224,17.92621062583713,,,,,,,,,,,,,,,,,,,,,,67008,0,fc67b5b9a2d8c823e29b2d5c2dd6465388b731a6dccfb0feeb70cb674ab28be9,validation_001,1,0,1937699456,1,,
47,9.4,A,ramp,True,False,208.0,20.0,0,maintain,0.0,0.0,216.0,20.0,0,0,maintain-maintain,0.01502353698015213,-0.09506958723068237,-0.010813616216182709,0,0.01502353698015213,-0.010813616216182709,0.02583715319633484,0.1100931242108345,"[true, true, true]",False,False,False,67008,0,fc67b5b9a2d8c823e29b2d5c2dd6465388b731a6dccfb0feeb70cb674ab28be9,validation_001,1,0,1937699456,1,3.189931239476124,
47,9.4,B,mainline,True,False,216.0,20.0,0,maintain,0.0,0.0,208.0,20.0,0,0,maintain-maintain,0.16930411756038666,-0.005795180797576904,0.03662321716547012,0,0.16930411756038666,0.03662321716547012,0.13268090039491653,0.17509929835796356,"[true, true, true]",False,False,False,67008,0,fc67b5b9a2d8c823e29b2d5c2dd6465388b731a6dccfb0feeb70cb674ab28be9,validation_001,1,0,1937699456,1,3.189931239476124,
47,9.4,B_front,background_mainline,True,,260.0,0.0,,,,,,,,,,,,,,,,,,,,,,67008,0,fc67b5b9a2d8c823e29b2d5c2dd6465388b731a6dccfb0feeb70cb674ab28be9,validation_001,1,0,1937699456,1,,
47,9.4,B_rear,background_mainline,True,,172.28807260120283,17.94754108064795,,,,,,,,,,,,,,,,,,,,,,67008,0,fc67b5b9a2d8c823e29b2d5c2dd6465388b731a6dccfb0feeb70cb674ab28be9,validation_001,1,0,1937699456,1,,
48,9.600000000000001,A,ramp,True,False,212.0,20.0,0,maintain,0.0,0.0,220.0,20.0,0,0,maintain-maintain,0.015433080494403839,-0.09524539113044739,-0.00936954841017723,0,0.015433080494403839,-0.00936954841017723,0.02480262890458107,0.11067847162485123,"[true, true, true]",False,False,False,67008,0,fc67b5b9a2d8c823e29b2d5c2dd6465388b731a6dccfb0feeb70cb674ab28be9,validation_001,1,0,1937699456,1,3.189931239476124,
48,9.600000000000001,B,mainline,True,False,220.0,20.0,0,maintain,0.0,0.0,212.0,20.0,0,0,maintain-maintain,0.1690477430820465,-0.004655115306377411,0.03611820563673973,0,0.1690477430820465,0.03611820563673973,0.13292953744530678,0.17370285838842392,"[true, true, true]",False,False,False,67008,0,fc67b5b9a2d8c823e29b2d5c2dd6465388b731a6dccfb0feeb70cb674ab28be9,validation_001,1,0,1937699456,1,3.189931239476124,
48,9.600000000000001,B_front,background_mainline,True,,260.0,0.0,,,,,,,,,,,,,,,,,,,,,,67008,0,fc67b5b9a2d8c823e29b2d5c2dd6465388b731a6dccfb0feeb70cb674ab28be9,validation_001,1,0,1937699456,1,,
48,9.600000000000001,B_rear,background_mainline,True,,175.87970502163688,17.968763162298693,,,,,,,,,,,,,,,,,,,,,,67008,0,fc67b5b9a2d8c823e29b2d5c2dd6465388b731a6dccfb0feeb70cb674ab28be9,validation_001,1,0,1937699456,1,,
49,9.8,A,ramp,True,False,216.0,20.0,0,maintain,0.0,0.0,224.0,20.0,0,0,maintain-maintain,0.015886172652244568,-0.09565339237451553,-0.007894378155469894,0,0.015886172652244568,-0.007894378155469894,0.023780550807714462,0.1115395650267601,"[true, true, true]",False,False,False,67008,0,fc67b5b9a2d8c823e29b2d5c2dd6465388b731a6dccfb0feeb70cb674ab28be9,validation_001,1,0,1937699456,1,3.189931239476124,
49,9.8,B,mainline,True,False,224.0,20.0,0,maintain,0.0,0.0,216.0,20.0,0,0,maintain-maintain,0.1684536337852478,-0.003520175814628601,0.03598885238170624,0,0.1684536337852478,0.03598885238170624,0.13246478140354156,0.1719738095998764,"[true, true, true]",False,False,False,67008,0,fc67b5b9a2d8c823e29b2d5c2dd6465388b731a6dccfb0feeb70cb674ab28be9,validation_001,1,0,1937699456,1,3.189931239476124,
49,9.8,B_front,background_mainline,True,,260.0,0.0,,,,,,,,,,,,,,,,,,,,,,67008,0,fc67b5b9a2d8c823e29b2d5c2dd6465388b731a6dccfb0feeb70cb674ab28be9,validation_001,1,0,1937699456,1,,
49,9.8,B_rear,background_mainline,True,,179.47556788968757,17.989840297050236,,,,,,,,,,,,,,,,,,,,,,67008,0,fc67b5b9a2d8c823e29b2d5c2dd6465388b731a6dccfb0feeb70cb674ab28be9,validation_001,1,0,1937699456,1,,
50,10.0,A,ramp,True,False,220.0,20.0,0,maintain,0.0,0.0,228.0,20.0,0,0,maintain-maintain,0.01627318561077118,-0.09603674709796906,-0.006371777504682541,0,0.01627318561077118,-0.006371777504682541,0.02264496311545372,0.11230993270874023,"[true, true, true]",False,False,False,67008,0,fc67b5b9a2d8c823e29b2d5c2dd6465388b731a6dccfb0feeb70cb674ab28be9,validation_001,1,0,1937699456,1,3.189931239476124,
50,10.0,B,mainline,True,False,228.0,20.0,0,maintain,0.0,0.0,220.0,20.0,0,0,maintain-maintain,0.16785934567451477,-0.002384953200817108,0.03585963696241379,0,0.16785934567451477,0.03585963696241379,0.13199970871210098,0.17024429887533188,"[true, true, true]",False,False,False,67008,0,fc67b5b9a2d8c823e29b2d5c2dd6465388b731a6dccfb0feeb70cb674ab28be9,validation_001,1,0,1937699456,1,3.189931239476124,
50,10.0,B_front,background_mainline,True,,260.0,0.0,,,,,,,,,,,,,,,,,,,,,,67008,0,fc67b5b9a2d8c823e29b2d5c2dd6465388b731a6dccfb0feeb70cb674ab28be9,validation_001,1,0,1937699456,1,,
50,10.0,B_rear,background_mainline,True,,183.07562903196097,18.010741451927707,,,,,,,,,,,,,,,,,,,,,,67008,0,fc67b5b9a2d8c823e29b2d5c2dd6465388b731a6dccfb0feeb70cb674ab28be9,validation_001,1,0,1937699456,1,,
51,10.200000000000001,A,ramp,True,False,224.0,20.0,0,maintain,0.0,0.0,232.0,20.0,0,0,maintain-maintain,0.016496725380420685,-0.09593012183904648,-0.00491110235452652,0,0.016496725380420685,-0.00491110235452652,0.021407827734947205,0.11242684721946716,"[true, true, true]",False,False,False,67008,0,fc67b5b9a2d8c823e29b2d5c2dd6465388b731a6dccfb0feeb70cb674ab28be9,validation_001,1,0,1937699456,1,3.189931239476124,
51,10.200000000000001,B,mainline,True,False,232.0,20.0,0,maintain,0.0,0.0,224.0,20.0,0,0,maintain-maintain,0.16734138131141663,-0.0013284832239151,0.03578433394432068,0,0.16734138131141663,0.03578433394432068,0.13155704736709595,0.16866986453533173,"[true, true, true]",False,False,False,67008,0,fc67b5b9a2d8c823e29b2d5c2dd6465388b731a6dccfb0feeb70cb674ab28be9,validation_001,1,0,1937699456,1,3.189931239476124,
51,10.200000000000001,B_front,background_mainline,True,,260.0,0.0,,,,,,,,,,,,,,,,,,,,,,67008,0,fc67b5b9a2d8c823e29b2d5c2dd6465388b731a6dccfb0feeb70cb674ab28be9,validation_001,1,0,1937699456,1,,
51,10.200000000000001,B_rear,background_mainline,True,,186.67985056169294,18.03144042284096,,,,,,,,,,,,,,,,,,,,,,67008,0,fc67b5b9a2d8c823e29b2d5c2dd6465388b731a6dccfb0feeb70cb674ab28be9,validation_001,1,0,1937699456,1,,
52,10.4,A,ramp,True,False,228.0,20.0,0,maintain,0.0,0.0,236.0,20.0,0,0,maintain-maintain,0.016736701130867004,-0.09580767154693604,-0.003454599529504776,0,0.016736701130867004,-0.003454599529504776,0.02019130066037178,0.11254437267780304,"[true, true, true]",False,False,False,67008,0,fc67b5b9a2d8c823e29b2d5c2dd6465388b731a6dccfb0feeb70cb674ab28be9,validation_001,1,0,1937699456,1,3.189931239476124,
52,10.4,B,mainline,True,False,236.0,20.0,0,maintain,0.0,0.0,228.0,20.0,0,0,maintain-maintain,0.16690145432949066,-0.00035259127616882324,0.03576415404677391,0,0.16690145432949066,0.03576415404677391,0.13113730028271675,0.16725404560565948,"[true, true, true]",False,False,False,67008,0,fc67b5b9a2d8c823e29b2d5c2dd6465388b731a6dccfb0feeb70cb674ab28be9,validation_001,1,0,1937699456,1,3.189931239476124,
52,10.4,B_front,background_mainline,True,,260.0,0.0,,,,,,,,,,,,,,,,,,,,,,67008,0,fc67b5b9a2d8c823e29b2d5c2dd6465388b731a6dccfb0feeb70cb674ab28be9,validation_001,1,0,1937699456,1,,
52,10.4,B_rear,background_mainline,True,,190.28818978147717,18.051915217785684,,,,,,,,,,,,,,,,,,,,,,67008,0,fc67b5b9a2d8c823e29b2d5c2dd6465388b731a6dccfb0feeb70cb674ab28be9,validation_001,1,0,1937699456,1,,
53,10.600000000000001,A,ramp,True,False,232.0,20.0,0,maintain,0.0,0.0,240.0,20.0,0,0,maintain-maintain,0.016976729035377502,-0.09568503499031067,-0.0019976869225502014,0,0.016976729035377502,-0.0019976869225502014,0.018974415957927704,0.11266176402568817,"[true, true, true]",False,False,False,67008,0,fc67b5b9a2d8c823e29b2d5c2dd6465388b731a6dccfb0feeb70cb674ab28be9,validation_001,1,0,1937699456,1,3.189931239476124,
53,10.600000000000001,B,mainline,True,False,240.0,20.0,0,maintain,0.0,0.0,232.0,20.0,0,0,maintain-maintain,0.16646137833595276,0.0006236732006072998,0.03574404865503311,0,0.16646137833595276,0.03574404865503311,0.13071732968091965,0.16583770513534546,"[true, true, true]",False,False,False,67008,0,fc67b5b9a2d8c823e29b2d5c2dd6465388b731a6dccfb0feeb70cb674ab28be9,validation_001,1,0,1937699456,1,3.189931239476124,
53,10.600000000000001,B_front,background_mainline,True,,260.0,0.0,,,,,,,,,,,,,,,,,,,,,,67008,0,fc67b5b9a2d8c823e29b2d5c2dd6465388b731a6dccfb0feeb70cb674ab28be9,validation_001,1,0,1937699456,1,,
53,10.600000000000001,B_rear,background_mainline,True,,193.9005999709414,18.072147521132518,,,,,,,,,,,,,,,,,,,,,,67008,0,fc67b5b9a2d8c823e29b2d5c2dd6465388b731a6dccfb0feeb70cb674ab28be9,validation_001,1,0,1937699456,1,,
54,10.8,A,ramp,True,False,236.0,20.0,0,maintain,0.0,0.0,244.0,20.0,0,0,maintain-maintain,0.017256468534469604,-0.09550856053829193,-0.0006266310811042786,0,0.017256468534469604,-0.0006266310811042786,0.017883099615573883,0.11276502907276154,"[true, true, true]",False,False,False,67008,0,fc67b5b9a2d8c823e29b2d5c2dd6465388b731a6dccfb0feeb70cb674ab28be9,validation_001,1,0,1937699456,1,3.189931239476124,
54,10.8,B,mainline,True,False,244.0,20.0,0,maintain,0.0,0.0,236.0,20.0,0,0,maintain-maintain,0.1660211980342865,0.0016003847122192383,0.03572402521967888,0,0.1660211980342865,0.03572402521967888,0.13029717281460762,0.16442081332206726,"[true, true, true]",False,False,False,67008,0,fc67b5b9a2d8c823e29b2d5c2dd6465388b731a6dccfb0feeb70cb674ab28be9,validation_001,1,0,1937699456,1,3.189931239476124,
54,10.8,B_front,background_mainline,True,,260.0,0.0,,,,,,,,,,,,,,,,,,,,,,67008,0,fc67b5b9a2d8c823e29b2d5c2dd6465388b731a6dccfb0feeb70cb674ab28be9,validation_001,1,0,1937699456,1,,
54,10.8,B_rear,background_mainline,True,,197.5170310743889,18.092122227318264,,,,,,,,,,,,,,,,,,,,,,67008,0,fc67b5b9a2d8c823e29b2d5c2dd6465388b731a6dccfb0feeb70cb674ab28be9,validation_001,1,0,1937699456,1,,
55,11.0,A,ramp,True,False,240.0,20.0,0,maintain,0.0,0.0,248.0,20.0,0,0,maintain-maintain,0.01781320571899414,-0.09536251425743103,0.00036085397005081177,0,0.01781320571899414,0.00036085397005081177,0.01745235174894333,0.11317571997642517,"[true, true, true]",False,False,False,67008,0,fc67b5b9a2d8c823e29b2d5c2dd6465388b731a6dccfb0feeb70cb674ab28be9,validation_001,1,0,1937699456,1,3.189931239476124,
55,11.0,B,mainline,True,False,248.0,20.0,0,maintain,0.0,0.0,240.0,20.0,0,0,maintain-maintain,0.1655808687210083,0.00257747620344162,0.03570406883955002,0,0.1655808687210083,0.03570406883955002,0.12987679988145828,0.16300339251756668,"[true, true, true]",False,False,False,67008,0,fc67b5b9a2d8c823e29b2d5c2dd6465388b731a6dccfb0feeb70cb674ab28be9,validation_001,1,0,1937699456,1,3.189931239476124,
55,11.0,B_front,background_mainline,True,,260.0,0.0,,,,,,,,,,,,,,,,,,,,,,67008,0,fc67b5b9a2d8c823e29b2d5c2dd6465388b731a6dccfb0feeb70cb674ab28be9,validation_001,1,0,1937699456,1,,
55,11.0,B_rear,background_mainline,True,,201.13743030127782,18.11182703413625,,,,,,,,,,,,,,,,,,,,,,67008,0,fc67b5b9a2d8c823e29b2d5c2dd6465388b731a6dccfb0feeb70cb674ab28be9,validation_001,1,0,1937699456,1,,
56,11.200000000000001,A,ramp,True,False,244.0,20.0,0,maintain,0.0,0.0,252.0,20.0,0,0,maintain-maintain,0.01868140697479248,-0.09536536037921906,0.001512032002210617,0,0.01868140697479248,0.001512032002210617,0.017169374972581863,0.11404676735401154,"[true, true, true]",False,False,False,67008,0,fc67b5b9a2d8c823e29b2d5c2dd6465388b731a6dccfb0feeb70cb674ab28be9,validation_001,1,0,1937699456,1,3.189931239476124,
56,11.200000000000001,B,mainline,True,False,252.0,20.0,0,maintain,0.0,0.0,244.0,20.0,0,0,maintain-maintain,0.16514045000076294,0.003554999828338623,0.035684190690517426,0,0.16514045000076294,0.035684190690517426,0.12945625931024551,0.16158545017242432,"[true, true, true]",False,False,False,67008,0,fc67b5b9a2d8c823e29b2d5c2dd6465388b731a6dccfb0feeb70cb674ab28be9,validation_001,1,0,1937699456,1,3.189931239476124,
56,11.200000000000001,B_front,background_mainline,True,,260.0,0.0,,,,,,,,,,,,,,,,,,,,,,67008,0,fc67b5b9a2d8c823e29b2d5c2dd6465388b731a6dccfb0feeb70cb674ab28be9,validation_001,1,0,1937699456,1,,
56,11.200000000000001,B_rear,background_mainline,True,,204.7617426506113,18.13125208736708,,,,,,,,,,,,,,,,,,,,,,67008,0,fc67b5b9a2d8c823e29b2d5c2dd6465388b731a6dccfb0feeb70cb674ab28be9,validation_001,1,0,1937699456,1,,
57,11.4,A,ramp,True,False,248.0,20.0,0,maintain,0.0,0.0,256.0,20.0,0,0,maintain-maintain,0.01968233287334442,-0.09520711749792099,0.0028995126485824585,0,0.01968233287334442,0.0028995126485824585,0.016782820224761963,0.11488945037126541,"[true, true, true]",False,False,False,67008,0,fc67b5b9a2d8c823e29b2d5c2dd6465388b731a6dccfb0feeb70cb674ab28be9,validation_001,1,0,1937699456,1,,
57,11.4,B,mainline,True,False,256.0,20.0,0,maintain,0.0,0.0,248.0,20.0,0,0,maintain-maintain,0.16469988226890564,0.004532963037490845,0.0356643944978714,0,0.16469988226890564,0.0356643944978714,0.12903548777103424,0.1601669192314148,"[true, true, true]",False,False,False,67008,0,fc67b5b9a2d8c823e29b2d5c2dd6465388b731a6dccfb0feeb70cb674ab28be9,validation_001,1,0,1937699456,1,,
57,11.4,B_front,background_mainline,True,,260.0,0.0,,,,,,,,,,,,,,,,,,,,,,67008,0,fc67b5b9a2d8c823e29b2d5c2dd6465388b731a6dccfb0feeb70cb674ab28be9,validation_001,1,0,1937699456,1,,
57,11.4,B_rear,background_mainline,True,,208.38991136878963,18.15038966976418,,,,,,,,,,,,,,,,,,,,,,67008,0,fc67b5b9a2d8c823e29b2d5c2dd6465388b731a6dccfb0feeb70cb674ab28be9,validation_001,1,0,1937699456,1,,
58,11.600000000000001,A,ramp,True,False,252.0,20.0,2,decelerate,0.0,-2.9999999999999716,260.0,0.0,2,0,active-inactive,-0.01841019093990326,-0.15539516508579254,0.018827535212039948,2,0.018827535212039948,-0.01841019093990326,0.03723772615194321,0.1742227002978325,"[true, true, true]",False,False,False,67008,0,fc67b5b9a2d8c823e29b2d5c2dd6465388b731a6dccfb0feeb70cb674ab28be9,validation_001,1,0,1937699456,1,,
58,11.600000000000001,B,mainline,False,True,260.0,0.0,0,maintain,0.0,0.0,252.0,20.0,2,0,active-inactive,0.16840776801109314,0.030888982117176056,0.005478408187627792,0,0.16840776801109314,0.030888982117176056,0.13751878589391708,0.16292935982346535,"[true, true, true]",False,False,False,67008,0,fc67b5b9a2d8c823e29b2d5c2dd6465388b731a6dccfb0feeb70cb674ab28be9,validation_001,1,0,1937699456,1,,
58,11.600000000000001,B_front,background_mainline,True,,260.0,0.0,,,,,,,,,,,,,,,,,,,,,,67008,0,fc67b5b9a2d8c823e29b2d5c2dd6465388b731a6dccfb0feeb70cb674ab28be9,validation_001,1,0,1937699456,1,,
58,11.600000000000001,B_rear,background_mainline,True,,212.02131824287355,18.159600893168438,,,,,,,,,,,,,,,,,,,,,,67008,0,fc67b5b9a2d8c823e29b2d5c2dd6465388b731a6dccfb0feeb70cb674ab28be9,validation_001,1,0,1937699456,1,,
59,11.8,A,ramp,True,False,255.94,19.400000000000006,2,decelerate,-3.0,-2.9999999999999716,260.0,0.0,2,0,active-inactive,-0.01737048849463463,-0.1563526690006256,0.019813761115074158,2,0.019813761115074158,-0.01737048849463463,0.037184249609708786,0.17616643011569977,"[true, true, true]",False,False,False,67008,0,fc67b5b9a2d8c823e29b2d5c2dd6465388b731a6dccfb0feeb70cb674ab28be9,validation_001,1,0,1937699456,1,,
59,11.8,B,mainline,False,True,260.0,0.0,0,maintain,0.0,0.0,255.94,19.400000000000006,2,0,active-inactive,0.16623622179031372,0.03136710077524185,0.00628778338432312,0,0.16623622179031372,0.03136710077524185,0.13486912101507187,0.1599484384059906,"[true, true, true]",False,False,False,67008,0,fc67b5b9a2d8c823e29b2d5c2dd6465388b731a6dccfb0feeb70cb674ab28be9,validation_001,1,0,1937699456,1,,
59,11.8,B_front,background_mainline,True,,260.0,0.0,,,,,,,,,,,,,,,,,,,,,,67008,0,fc67b5b9a2d8c823e29b2d5c2dd6465388b731a6dccfb0feeb70cb674ab28be9,validation_001,1,0,1937699456,1,,
59,11.8,B_rear,background_mainline,True,,215.6519151551225,18.14211338282185,,,,,,,,,,,,,,,,,,,,,,67008,0,fc67b5b9a2d8c823e29b2d5c2dd6465388b731a6dccfb0feeb70cb674ab28be9,validation_001,1,0,1937699456,1,,
60,12.0,A,ramp,True,False,259.76000000000005,18.80000000000001,2,decelerate,-3.0,0.0,260.0,0.0,2,0,active-inactive,-0.016477398574352264,-0.15743693709373474,0.02077815681695938,2,0.02077815681695938,-0.016477398574352264,0.037255555391311646,0.17821509391069412,"[true, true, true]",False,True,False,67008,0,fc67b5b9a2d8c823e29b2d5c2dd6465388b731a6dccfb0feeb70cb674ab28be9,validation_001,1,0,1937699456,1,,
60,12.0,B,mainline,False,True,260.0,0.0,0,maintain,0.0,0.0,259.76000000000005,18.80000000000001,2,0,active-inactive,0.16414839029312134,0.03183060511946678,0.0070937760174274445,0,0.16414839029312134,0.03183060511946678,0.13231778517365456,0.1570546142756939,"[true, true, true]",False,True,False,67008,0,fc67b5b9a2d8c823e29b2d5c2dd6465388b731a6dccfb0feeb70cb674ab28be9,validation_001,1,0,1937699456,1,,
60,12.0,B_front,background_mainline,True,,260.0,0.0,,,,,,,,,,,,,,,,,,,,,,67008,0,fc67b5b9a2d8c823e29b2d5c2dd6465388b731a6dccfb0feeb70cb674ab28be9,validation_001,1,0,1937699456,1,,
60,12.0,B_rear,background_mainline,True,,219.2842599340794,18.205590477321127,,,,,,,,,,,,,,,,,,,,,,67008,0,fc67b5b9a2d8c823e29b2d5c2dd6465388b731a6dccfb0feeb70cb674ab28be9,validation_001,1,0,1937699456,1,,
0,0.0,A,mainline,True,False,33.199999999999996,18.0,0,maintain,0.0,0.0,44.8,16.0,0,0,maintain-maintain,0.04330834001302719,-0.06540367007255554,-0.027600973844528198,0,0.04330834001302719,-0.027600973844528198,0.07090931385755539,0.10871201008558273,"[true, true, true]",False,False,False,67008,0,fc67b5b9a2d8c823e29b2d5c2dd6465388b731a6dccfb0feeb70cb674ab28be9,validation_002,0,1,2010129879,2,,
0,0.0,B,ramp,True,False,44.8,16.0,0,maintain,0.0,0.0,33.199999999999996,18.0,0,0,maintain-maintain,0.1361149549484253,-0.02627735584974289,-0.09738370776176453,0,0.1361149549484253,-0.02627735584974289,0.16239231079816818,0.23349866271018982,"[true, true, true]",False,False,False,67008,0,fc67b5b9a2d8c823e29b2d5c2dd6465388b731a6dccfb0feeb70cb674ab28be9,validation_002,0,1,2010129879,2,,
0,0.0,B_front,background_mainline,True,,106.0,20.0,,,,,,,,,,,,,,,,,,,,,,67008,0,fc67b5b9a2d8c823e29b2d5c2dd6465388b731a6dccfb0feeb70cb674ab28be9,validation_002,0,1,2010129879,2,,
0,0.0,B_rear,background_mainline,True,,15.479999999999997,18.799999999999997,,,,,,,,,,,,,,,,,,,,,,67008,0,fc67b5b9a2d8c823e29b2d5c2dd6465388b731a6dccfb0feeb70cb674ab28be9,validation_002,0,1,2010129879,2,,
1,0.2,A,mainline,True,False,36.79999999999999,18.0,0,maintain,0.0,0.0,47.999999999999986,16.0,0,0,maintain-maintain,0.0415654182434082,-0.06223343312740326,-0.02482256293296814,0,0.0415654182434082,-0.02482256293296814,0.06638798117637634,0.10379885137081146,"[true, true, true]",False,False,False,67008,0,fc67b5b9a2d8c823e29b2d5c2dd6465388b731a6dccfb0feeb70cb674ab28be9,validation_002,0,1,2010129879,2,,
1,0.2,B,ramp,True,False,47.999999999999986,16.0,0,maintain,0.0,0.0,36.79999999999999,18.0,0,0,maintain-maintain,0.1374361664056778,-0.025783158838748932,-0.09597085416316986,0,0.1374361664056778,-0.025783158838748932,0.16321932524442673,0.23340702056884766,"[true, true, true]",False,False,False,67008,0,fc67b5b9a2d8c823e29b2d5c2dd6465388b731a6dccfb0feeb70cb674ab28be9,validation_002,0,1,2010129879,2,,
1,0.2,B_front,background_mainline,True,,110.0,20.0,,,,,,,,,,,,,,,,,,,,,,67008,0,fc67b5b9a2d8c823e29b2d5c2dd6465388b731a6dccfb0feeb70cb674ab28be9,validation_002,0,1,2010129879,2,,
1,0.2,B_rear,background_mainline,True,,19.129573685346635,17.771995497661784,,,,,,,,,,,,,,,,,,,,,,67008,0,fc67b5b9a2d8c823e29b2d5c2dd6465388b731a6dccfb0feeb70cb674ab28be9,validation_002,0,1,2010129879,2,,
2,0.4,A,mainline,True,False,40.399999999999984,18.0,0,maintain,0.0,0.0,51.199999999999974,16.0,0,0,maintain-maintain,0.03972191363573074,-0.059317853301763535,-0.022363834083080292,0,0.03972191363573074,-0.022363834083080292,0.062085747718811035,0.09903976693749428,"[true, true, true]",False,False,False,67008,0,fc67b5b9a2d8c823e29b2d5c2dd6465388b731a6dccfb0feeb70cb674ab28be9,validation_002,0,1,2010129879,2,,
2,0.4,B,ramp,True,False,51.199999999999974,16.0,0,maintain,0.0,0.0,40.399999999999984,18.0,0,0,maintain-maintain,0.13897374272346497,-0.02543063461780548,-0.09450623393058777,0,0.13897374272346497,-0.02543063461780548,0.16440437734127045,0.23347997665405273,"[true, true, true]",False,False,False,67008,0,fc67b5b9a2d8c823e29b2d5c2dd6465388b731a6dccfb0feeb70cb674ab28be9,validation_002,0,1,2010129879,2,,
2,0.4,B_front,background_mainline,True,,114.0,20.0,,,,,,,,,,,,,,,,,,,,,,67008,0,fc67b5b9a2d8c823e29b2d5c2dd6465388b731a6dccfb0feeb70cb674ab28be9,validation_002,0,1,2010129879,2,,
2,0.4,B_rear,background_mainline,True,,22.61644601542019,17.14123381240721,,,,,,,,,,,,,,,,,,,,,,67008,0,fc67b5b9a2d8c823e29b2d5c2dd6465388b731a6dccfb0feeb70cb674ab28be9,validation_002,0,1,2010129879,2,,
3,0.6000000000000001,A,mainline,True,False,43.99999999999998,18.0,0,maintain,0.0,0.0,54.39999999999996,16.0,0,0,maintain-maintain,0.037999220192432404,-0.05710029602050781,-0.02045077085494995,0,0.037999220192432404,-0.02045077085494995,0.058449991047382355,0.09509951621294022,"[true, true, true]",False,False,False,67008,0,fc67b5b9a2d8c823e29b2d5c2dd6465388b731a6dccfb0feeb70cb674ab28be9,validation_002,0,1,2010129879,2,,
3,0.6000000000000001,B,ramp,True,False,54.39999999999996,16.0,0,maintain,0.0,0.0,43.99999999999998,18.0,0,0,maintain-maintain,0.1404259204864502,-0.025177225470542908,-0.09344269335269928,0,0.1404259204864502,-0.025177225470542908,0.1656031459569931,0.23386861383914948,"[true, true, true]",False,False,False,67008,0,fc67b5b9a2d8c823e29b2d5c2dd6465388b731a6dccfb0feeb70cb674ab28be9,validation_002,0,1,2010129879,2,,
3,0.6000000000000001,B_front,background_mainline,True,,118.0,20.0,,,,,,,,,,,,,,,,,,,,,,67008,0,fc67b5b9a2d8c823e29b2d5c2dd6465388b731a6dccfb0feeb70cb674ab28be9,validation_002,0,1,2010129879,2,,
3,0.6000000000000001,B_rear,background_mainline,True,,26.000772264554595,16.72725697787526,,,,,,,,,,,,,,,,,,,,,,67008,0,fc67b5b9a2d8c823e29b2d5c2dd6465388b731a6dccfb0feeb70cb674ab28be9,validation_002,0,1,2010129879,2,,
4,0.8,A,mainline,True,False,47.59999999999997,18.0,0,maintain,0.0,0.0,57.59999999999995,16.0,0,0,maintain-maintain,0.03649350255727768,-0.05570919066667557,-0.018907487392425537,0,0.03649350255727768,-0.018907487392425537,0.05540098994970322,0.09220269322395325,"[true, true, true]",False,False,False,67008,0,fc67b5b9a2d8c823e29b2d5c2dd6465388b731a6dccfb0feeb70cb674ab28be9,validation_002,0,1,2010129879,2,,
4,0.8,B,ramp,True,False,57.59999999999995,16.0,0,maintain,0.0,0.0,47.59999999999997,18.0,0,0,maintain-maintain,0.1417759656906128,-0.025015518069267273,-0.09265345335006714,0,0.1417759656906128,-0.025015518069267273,0.16679148375988007,0.23442941904067993,"[true, true, true]",False,False,False,67008,0,fc67b5b9a2d8c823e29b2d5c2dd6465388b731a6dccfb0feeb70cb674ab28be9,validation_002,0,1,2010129879,2,,
4,0.8,B_front,background_mainline,True,,122.0,20.0,,,,,,,,,,,,,,,,,,,,,,67008,0,fc67b5b9a2d8c823e29b2d5c2dd6465388b731a6dccfb0feeb70cb674ab28be9,validation_002,0,1,2010129879,2,,
4,0.8,B_rear,background_mainline,True,,29.31613436427365,16.44220835252246,,,,,,,,,,,,,,,,,,,,,,67008,0,fc67b5b9a2d8c823e29b2d5c2dd6465388b731a6dccfb0feeb70cb674ab28be9,validation_002,0,1,2010129879,2,,
5,1.0,A,mainline,True,False,51.19999999999997,18.0,0,maintain,0.0,0.0,60.79999999999994,16.0,0,0,maintain-maintain,0.034949176013469696,-0.054630447179079056,-0.01757526397705078,0,0.034949176013469696,-0.01757526397705078,0.05252443999052048,0.08957962319254875,"[true, true, true]",False,False,False,67008,0,fc67b5b9a2d8c823e29b2d5c2dd6465388b731a6dccfb0feeb70cb674ab28be9,validation_002,0,1,2010129879,2,,
5,1.0,B,ramp,True,False,60.79999999999994,16.0,0,maintain,0.0,0.0,51.19999999999997,18.0,0,0,maintain-maintain,0.14312823116779327,-0.024563178420066833,-0.09205540269613266,0,0.14312823116779327,-0.024563178420066833,0.1676914095878601,0.23518363386392593,"[true, true, true]",False,False,False,67008,0,fc67b5b9a2d8c823e29b2d5c2dd6465388b731a6dccfb0feeb70cb674ab28be9,validation_002,0,1,2010129879,2,,
5,1.0,B_front,background_mainline,True,,126.0,20.0,,,,,,,,,,,,,,,,,,,,,,67008,0,fc67b5b9a2d8c823e29b2d5c2dd6465388b731a6dccfb0feeb70cb674ab28be9,validation_002,0,1,2010129879,2,,
5,1.0,B_rear,background_mainline,True,,32.58336626968905,16.240755167193395,,,,,,,,,,,,,,,,,,,,,,67008,0,fc67b5b9a2d8c823e29b2d5c2dd6465388b731a6dccfb0feeb70cb674ab28be9,validation_002,0,1,2010129879,2,,
6,1.2000000000000002,A,mainline,True,False,54.79999999999996,18.0,0,maintain,0.0,0.0,63.99999999999993,16.0,0,0,maintain-maintain,0.033195942640304565,-0.05445325747132301,-0.016851991415023804,0,0.033195942640304565,-0.016851991415023804,0.05004793405532837,0.08764920011162758,"[true, true, true]",False,False,False,67008,0,fc67b5b9a2d8c823e29b2d5c2dd6465388b731a6dccfb0feeb70cb674ab28be9,validation_002,0,1,2010129879,2,,
6,1.2000000000000002,B,ramp,True,False,63.99999999999993,16.0,0,maintain,0.0,0.0,54.79999999999996,18.0,0,0,maintain-maintain,0.14448153972625732,-0.022924132645130157,-0.09180305898189545,0,0.14448153972625732,-0.022924132645130157,0.16740567237138748,0.23628459870815277,"[true, true, true]",False,False,False,67008,0,fc67b5b9a2d8c823e29b2d5c2dd6465388b731a6dccfb0feeb70cb674ab28be9,validation_002,0,1,2010129879,2,,
6,1.2000000000000002,B_front,background_mainline,True,,130.0,20.0,,,,,,,,,,,,,,,,,,,,,,67008,0,fc67b5b9a2d8c823e29b2d5c2dd6465388b731a6dccfb0feeb70cb674ab28be9,validation_002,0,1,2010129879,2,,
6,1.2000000000000002,B_rear,background_mainline,True,,35.816366608375816,16.09674655844228,,,,,,,,,,,,,,,,,,,,,,67008,0,fc67b5b9a2d8c823e29b2d5c2dd6465388b731a6dccfb0feeb70cb674ab28be9,validation_002,0,1,2010129879,2,,
7,1.4000000000000001,A,mainline,True,False,58.399999999999956,18.0,0,maintain,0.0,0.0,67.19999999999992,16.0,0,0,maintain-maintain,0.03148990869522095,-0.054185934364795685,-0.016027934849262238,0,0.03148990869522095,-0.016027934849262238,0.047517843544483185,0.08567584306001663,"[true, true, true]",False,False,False,67008,0,fc67b5b9a2d8c823e29b2d5c2dd6465388b731a6dccfb0feeb70cb674ab28be9,validation_002,0,1,2010129879,2,,
7,1.4000000000000001,B,ramp,True,False,67.19999999999992,16.0,0,maintain,0.0,0.0,58.399999999999956,18.0,0,0,maintain-maintain,0.14570261538028717,-0.021047502756118774,-0.09169405698776245,0,0.14570261538028717,-0.021047502756118774,0.16675011813640594,0.23739667236804962,"[true, true, true]",False,False,False,67008,0,fc67b5b9a2d8c823e29b2d5c2dd6465388b731a6dccfb0feeb70cb674ab28be9,validation_002,0,1,2010129879,2,,
7,1.4000000000000001,B_front,background_mainline,True,,134.0,20.0,,,,,,,,,,,,,,,,,,,,,,67008,0,fc67b5b9a2d8c823e29b2d5c2dd6465388b731a6dccfb0feeb70cb674ab28be9,validation_002,0,1,2010129879,2,,
7,1.4000000000000001,B_rear,background_mainline,True,,39.024882875751565,15.993885438865842,,,,,,,,,,,,,,,,,,,,,,67008,0,fc67b5b9a2d8c823e29b2d5c2dd6465388b731a6dccfb0feeb70cb674ab28be9,validation_002,0,1,2010129879,2,,
8,1.6,A,mainline,True,False,61.99999999999995,18.0,0,maintain,0.0,0.0,70.3999999999999,16.0,0,0,maintain-maintain,0.029661335051059723,-0.05389939248561859,-0.015025988221168518,0,0.029661335051059723,-0.015025988221168518,0.04468732327222824,0.08356072753667831,"[true, true, true]",False,False,False,67008,0,fc67b5b9a2d8c823e29b2d5c2dd6465388b731a6dccfb0feeb70cb674ab28be9,validation_002,0,1,2010129879,2,,
8,1.6,B,ramp,True,False,70.3999999999999,16.0,0,maintain,0.0,0.0,61.99999999999995,18.0,0,0,maintain-maintain,0.14649663865566254,-0.01865919679403305,-0.09195956587791443,0,0.14649663865566254,-0.01865919679403305,0.1651558354496956,0.23845620453357697,"[true, true, true]",False,False,False,67008,0,fc67b5b9a2d8c823e29b2d5c2dd6465388b731a6dccfb0feeb70cb674ab28be9,validation_002,0,1,2010129879,2,,
8,1.6,B_front,background_mainline,True,,138.0,20.0,,,,,,,,,,,,,,,,,,,,,,67008,0,fc67b5b9a2d8c823e29b2d5c2dd6465388b731a6dccfb0feeb70cb674ab28be9,validation_002,0,1,2010129879,2,,
8,1.6,B_rear,background_mainline,True,,42.21600386981396,15.921420148717361,,,,,,,,,,,,,,,,,,,,,,67008,0,fc67b5b9a2d8c823e29b2d5c2dd6465388b731a6dccfb0feeb70cb674ab28be9,validation_002,0,1,2010129879,2,,
9,1.8,A,mainline,True,False,65.59999999999995,18.0,0,maintain,0.0,0.0,73.5999999999999,16.0,0,0,maintain-maintain,0.02811596542596817,-0.05330304056406021,-0.014122366905212402,0,0.02811596542596817,-0.014122366905212402,0.04223833233118057,0.08141900599002838,"[true, true, true]",False,False,False,67008,0,fc67b5b9a2d8c823e29b2d5c2dd6465388b731a6dccfb0feeb70cb674ab28be9,validation_002,0,1,2010129879,2,,
9,1.8,B,ramp,True,False,73.5999999999999,16.0,0,maintain,0.0,0.0,65.59999999999995,18.0,0,0,maintain-maintain,0.14701613783836365,-0.015974566340446472,-0.09247900545597076,0,0.14701613783836365,-0.015974566340446472,0.16299070417881012,0.2394951432943344,"[true, true, true]",False,False,False,67008,0,fc67b5b9a2d8c823e29b2d5c2dd6465388b731a6dccfb0feeb70cb674ab28be9,validation_002,0,1,2010129879,2,,
9,1.8,B_front,background_mainline,True,,142.0,20.0,,,,,,,,,,,,,,,,,,,,,,67008,0,fc67b5b9a2d8c823e29b2d5c2dd6465388b731a6dccfb0feeb70cb674ab28be9,validation_002,0,1,2010129879,2,,
9,1.8,B_rear,background_mainline,True,,45.3950269019129,15.871939617762685,,,,,,,,,,,,,,,,,,,,,,67008,0,fc67b5b9a2d8c823e29b2d5c2dd6465388b731a6dccfb0feeb70cb674ab28be9,validation_002,0,1,2010129879,2,,
10,2.0,A,mainline,True,False,69.19999999999997,18.0,0,maintain,0.0,0.0,76.79999999999988,16.0,0,0,maintain-maintain,0.02661031484603882,-0.05272451788187027,-0.013252794742584229,0,0.02661031484603882,-0.013252794742584229,0.03986310958862305,0.07933483272790909,"[true, true, true]",False,False,False,67008,0,fc67b5b9a2d8c823e29b2d5c2dd6465388b731a6dccfb0feeb70cb674ab28be9,validation_002,0,1,2010129879,2,,
10,2.0,B,ramp,True,False,76.79999999999988,16.0,0,maintain,0.0,0.0,69.19999999999997,18.0,0,0,maintain-maintain,0.14694570004940033,-0.013678252696990967,-0.09302398562431335,0,0.14694570004940033,-0.013678252696990967,0.1606239527463913,0.23996968567371368,"[true, true, true]",False,False,False,67008,0,fc67b5b9a2d8c823e29b2d5c2dd6465388b731a6dccfb0feeb70cb674ab28be9,validation_002,0,1,2010129879,2,,
10,2.0,B_front,background_mainline,True,,146.0,20.0,,,,,,,,,,,,,,,,,,,,,,67008,0,fc67b5b9a2d8c823e29b2d5c2dd6465388b731a6dccfb0feeb70cb674ab28be9,validation_002,0,1,2010129879,2,,
10,2.0,B_rear,background_mainline,True,,48.56599346607207,15.840154639388395,,,,,,,,,,,,,,,,,,,,,,67008,0,fc67b5b9a2d8c823e29b2d5c2dd6465388b731a6dccfb0feeb70cb674ab28be9,validation_002,0,1,2010129879,2,,
11,2.2,A,mainline,True,False,72.8,18.0,0,maintain,0.0,0.0,79.99999999999987,16.0,0,0,maintain-maintain,0.025308236479759216,-0.052312519401311874,-0.012330740690231323,0,0.025308236479759216,-0.012330740690231323,0.03763897716999054,0.07762075588107109,"[true, true, true]",False,False,False,67008,0,fc67b5b9a2d8c823e29b2d5c2dd6465388b731a6dccfb0feeb70cb674ab28be9,validation_002,0,1,2010129879,2,,
11,2.2,B,ramp,True,False,79.99999999999987,16.0,0,maintain,0.0,0.0,72.8,18.0,0,0,maintain-maintain,0.14681176841259003,-0.011424615979194641,-0.0935855284333229,0,0.14681176841259003,-0.011424615979194641,0.15823638439178467,0.24039729684591293,"[true, true, true]",False,False,False,67008,0,fc67b5b9a2d8c823e29b2d5c2dd6465388b731a6dccfb0feeb70cb674ab28be9,validation_002,0,1,2010129879,2,,
11,2.2,B_front,background_mainline,True,,150.0,20.0,,,,,,,,,,,,,,,,,,,,,,67008,0,fc67b5b9a2d8c823e29b2d5c2dd6465388b731a6dccfb0feeb70cb674ab28be9,validation_002,0,1,2010129879,2,,
11,2.2,B_rear,background_mainline,True,,51.732036438245174,15.822182360409977,,,,,,,,,,,,,,,,,,,,,,67008,0,fc67b5b9a2d8c823e29b2d5c2dd6465388b731a6dccfb0feeb70cb674ab28be9,validation_002,0,1,2010129879,2,,
12,2.4000000000000004,A,mainline,True,False,76.40000000000002,18.0,0,maintain,0.0,0.0,83.19999999999986,16.0,0,0,maintain-maintain,0.024400316178798676,-0.0522044375538826,-0.011276617646217346,0,0.024400316178798676,-0.011276617646217346,0.03567693382501602,0.07660475373268127,"[true, true, true]",False,False,False,67008,0,fc67b5b9a2d8c823e29b2d5c2dd6465388b731a6dccfb0feeb70cb674ab28be9,validation_002,0,1,2010129879,2,,
12,2.4000000000000004,B,ramp,True,False,83.19999999999986,16.0,0,maintain,0.0,0.0,76.40000000000002,18.0,0,0,maintain-maintain,0.14656952023506165,-0.009224116802215576,-0.09404999017715454,0,0.14656952023506165,-0.009224116802215576,0.15579363703727722,0.2406195104122162,"[true, true, true]",False,False,False,67008,0,fc67b5b9a2d8c823e29b2d5c2dd6465388b731a6dccfb0feeb70cb674ab28be9,validation_002,0,1,2010129879,2,,
12,2.4000000000000004,B_front,background_mainline,True,,154.0,20.0,,,,,,,,,,,,,,,,,,,,,,67008,0,fc67b5b9a2d8c823e29b2d5c2dd6465388b731a6dccfb0feeb70cb674ab28be9,validation_002,0,1,2010129879,2,,
12,2.4000000000000004,B_rear,background_mainline,True,,54.895614077990665,15.815105276009753,,,,,,,,,,,,,,,,,,,,,,67008,0,fc67b5b9a2d8c823e29b2d5c2dd6465388b731a6dccfb0feeb70cb674ab28be9,validation_002,0,1,2010129879,2,,
13,2.6,A,mainline,True,False,80.00000000000004,18.0,0,maintain,0.0,0.0,86.39999999999985,16.0,0,0,maintain-maintain,0.023493260145187378,-0.05211599916219711,-0.010246247053146362,0,0.023493260145187378,-0.010246247053146362,0.03373950719833374,0.07560925930738449,"[true, true, true]",False,False,False,67008,0,fc67b5b9a2d8c823e29b2d5c2dd6465388b731a6dccfb0feeb70cb674ab28be9,validation_002,0,1,2010129879,2,,
13,2.6,B,ramp,True,False,86.39999999999985,16.0,0,maintain,0.0,0.0,80.00000000000004,18.0,0,0,maintain-maintain,0.14616824686527252,-0.006833747029304504,-0.09331806749105453,0,0.14616824686527252,-0.006833747029304504,0.15300199389457703,0.23948631435632706,"[true, true, true]",False,False,False,67008,0,fc67b5b9a2d8c823e29b2d5c2dd6465388b731a6dccfb0feeb70cb674ab28be9,validation_002,0,1,2010129879,2,,
13,2.6,B_front,background_mainline,True,,158.0,20.0,,,,,,,,,,,,,,,,,,,,,,67008,0,fc67b5b9a2d8c823e29b2d5c2dd6465388b731a6dccfb0feeb70cb674ab28be9,validation_002,0,1,2010129879,2,,
13,2.6,B_rear,background_mainline,True,,58.05867292918479,15.816688273844969,,,,,,,,,,,,,,,,,,,,,,67008,0,fc67b5b9a2d8c823e29b2d5c2dd6465388b731a6dccfb0feeb70cb674ab28be9,validation_002,0,1,2010129879,2,,
14,2.8000000000000003,A,mainline,True,False,83.60000000000007,18.0,0,maintain,0.0,0.0,89.59999999999984,16.0,0,0,maintain-maintain,0.022584781050682068,-0.0520491749048233,-0.009241495281457901,0,0.022584781050682068,-0.009241495281457901,0.03182627633213997,0.07463395595550537,"[true, true, true]",False,False,False,67008,0,fc67b5b9a2d8c823e29b2d5c2dd6465388b731a6dccfb0feeb70cb674ab28be9,validation_002,0,1,2010129879,2,,
14,2.8000000000000003,B,ramp,True,False,89.59999999999984,16.0,0,maintain,0.0,0.0,83.60000000000007,18.0,0,0,maintain-maintain,0.14583811163902283,-0.004579409956932068,-0.09266050159931183,0,0.14583811163902283,-0.004579409956932068,0.1504175215959549,0.23849861323833466,"[true, true, true]",False,False,False,67008,0,fc67b5b9a2d8c823e29b2d5c2dd6465388b731a6dccfb0feeb70cb674ab28be9,validation_002,0,1,2010129879,2,,
14,2.8000000000000003,B_front,background_mainline,True,,162.0,20.0,,,,,,,,,,,,,,,,,,,,,,67008,0,fc67b5b9a2d8c823e29b2d5c2dd6465388b731a6dccfb0feeb70cb674ab28be9,validation_002,0,1,2010129879,2,,
14,2.8000000000000003,B_rear,background_mainline,True,,61.22276436562234,15.82519083638627,,,,,,,,,,,,,,,,,,,,,,67008,0,fc67b5b9a2d8c823e29b2d5c2dd6465388b731a6dccfb0feeb70cb674ab28be9,validation_002,0,1,2010129879,2,,
15,3.0,A,mainline,True,False,87.20000000000009,18.0,0,maintain,0.0,0.0,92.79999999999983,16.0,0,0,maintain-maintain,0.02165834605693817,-0.05201800912618637,-0.008264157921075821,0,0.02165834605693817,-0.008264157921075821,0.029922503978013992,0.07367635518312454,"[true, true, true]",False,False,False,67008,0,fc67b5b9a2d8c823e29b2d5c2dd6465388b731a6dccfb0feeb70cb674ab28be9,validation_002,0,1,2010129879,2,,
15,3.0,B,ramp,True,False,92.79999999999983,16.0,0,maintain,0.0,0.0,87.20000000000009,18.0,0,0,maintain-maintain,0.14567916095256805,-0.0024831146001815796,-0.09278388321399689,0,0.14567916095256805,-0.0024831146001815796,0.14816227555274963,0.23846304416656494,"[true, true, true]",False,False,False,67008,0,fc67b5b9a2d8c823e29b2d5c2dd6465388b731a6dccfb0feeb70cb674ab28be9,validation_002,0,1,2010129879,2,,
15,3.0,B_front,background_mainline,True,,166.0,20.0,,,,,,,,,,,,,,,,,,,,,,67008,0,fc67b5b9a2d8c823e29b2d5c2dd6465388b731a6dccfb0feeb70cb674ab28be9,validation_002,0,1,2010129879,2,,
15,3.0,B_rear,background_mainline,True,,64.38912994504042,15.839238737283491,,,,,,,,,,,,,,,,,,,,,,67008,0,fc67b5b9a2d8c823e29b2d5c2dd6465388b731a6dccfb0feeb70cb674ab28be9,validation_002,0,1,2010129879,2,,
16,3.2,A,mainline,True,False,90.80000000000011,18.0,0,maintain,0.0,0.0,95.99999999999982,16.0,0,0,maintain-maintain,0.020706966519355774,-0.05202728882431984,-0.007313564419746399,0,0.020706966519355774,-0.007313564419746399,0.028020530939102173,0.07273425534367561,"[true, true, true]",False,False,False,67008,0,fc67b5b9a2d8c823e29b2d5c2dd6465388b731a6dccfb0feeb70cb674ab28be9,validation_002,0,1,2010129879,2,,
16,3.2,B,ramp,True,False,95.99999999999982,16.0,0,maintain,0.0,0.0,90.80000000000011,18.0,0,0,maintain-maintain,0.14557746052742004,-0.000585019588470459,-0.09364418685436249,0,0.14557746052742004,-0.000585019588470459,0.1461624801158905,0.23922164738178253,"[true, true, true]",False,False,False,67008,0,fc67b5b9a2d8c823e29b2d5c2dd6465388b731a6dccfb0feeb70cb674ab28be9,validation_002,0,1,2010129879,2,,
16,3.2,B_front,background_mainline,True,,170.0,20.0,,,,,,,,,,,,,,,,,,,,,,67008,0,fc67b5b9a2d8c823e29b2d5c2dd6465388b731a6dccfb0feeb70cb674ab28be9,validation_002,0,1,2010129879,2,,
16,3.2,B_rear,background_mainline,True,,67.55876519666103,15.857734154747567,,,,,,,,,,,,,,,,,,,,,,67008,0,fc67b5b9a2d8c823e29b2d5c2dd6465388b731a6dccfb0feeb70cb674ab28be9,validation_002,0,1,2010129879,2,,
17,3.4000000000000004,A,mainline,True,False,94.40000000000013,18.0,0,maintain,0.0,0.0,99.1999999999998,16.0,0,0,maintain-maintain,0.019749850034713745,-0.05205804109573364,-0.006385050714015961,0,0.019749850034713745,-0.006385050714015961,0.026134900748729706,0.07180789113044739,"[true, true, true]",False,False,False,67008,0,fc67b5b9a2d8c823e29b2d5c2dd6465388b731a6dccfb0feeb70cb674ab28be9,validation_002,0,1,2010129879,2,,
17,3.4000000000000004,B,ramp,True,False,99.1999999999998,16.0,0,maintain,0.0,0.0,94.40000000000013,18.0,0,0,maintain-maintain,0.1455104798078537,0.001225590705871582,-0.09444869309663773,0,0.1455104798078537,0.001225590705871582,0.14428488910198212,0.23995917290449142,"[true, true, true]",False,False,False,67008,0,fc67b5b9a2d8c823e29b2d5c2dd6465388b731a6dccfb0feeb70cb674ab28be9,validation_002,0,1,2010129879,2,,
17,3.4000000000000004,B_front,background_mainline,True,,174.0,20.0,,,,,,,,,,,,,,,,,,,,,,67008,0,fc67b5b9a2d8c823e29b2d5c2dd6465388b731a6dccfb0feeb70cb674ab28be9,validation_002,0,1,2010129879,2,,
17,3.4000000000000004,B_rear,background_mainline,True,,70.73246814000836,15.879791296795966,,,,,,,,,,,,,,,,,,,,,,67008,0,fc67b5b9a2d8c823e29b2d5c2dd6465388b731a6dccfb0feeb70cb674ab28be9,validation_002,0,1,2010129879,2,,
18,3.6,A,mainline,True,False,98.00000000000016,18.0,0,maintain,0.0,0.0,102.39999999999979,16.0,0,0,maintain-maintain,0.018812380731105804,-0.05217050015926361,-0.005633801221847534,0,0.018812380731105804,-0.005633801221847534,0.02444618195295334,0.07098288089036942,"[true, true, true]",False,False,False,67008,0,fc67b5b9a2d8c823e29b2d5c2dd6465388b731a6dccfb0feeb70cb674ab28be9,validation_002,0,1,2010129879,2,,
18,3.6,B,ramp,True,False,102.39999999999979,16.0,0,maintain,0.0,0.0,98.00000000000016,18.0,0,0,maintain-maintain,0.14546284079551697,0.003025241196155548,-0.09523490816354752,0,0.14546284079551697,0.003025241196155548,0.14243759959936142,0.24069774895906448,"[true, true, true]",False,False,False,67008,0,fc67b5b9a2d8c823e29b2d5c2dd6465388b731a6dccfb0feeb70cb674ab28be9,validation_002,0,1,2010129879,2,,
18,3.6,B_front,background_mainline,True,,178.0,20.0,,,,,,,,,,,,,,,,,,,,,,67008,0,fc67b5b9a2d8c823e29b2d5c2dd6465388b731a6dccfb0feeb70cb674ab28be9,validation_002,0,1,2010129879,2,,
18,3.6,B_rear,background_mainline,True,,73.91087676607343,15.904689390036724,,,,,,,,,,,,,,,,,,,,,,67008,0,fc67b5b9a2d8c823e29b2d5c2dd6465388b731a6dccfb0feeb70cb674ab28be9,validation_002,0,1,2010129879,2,,
19,3.8000000000000003,A,mainline,True,False,101.60000000000018,18.0,0,maintain,0.0,0.0,105.59999999999978,16.0,0,0,maintain-maintain,0.018069103360176086,-0.05265924334526062,-0.00523211807012558,0,0.018069103360176086,-0.00523211807012558,0.023301221430301666,0.0707283467054367,"[true, true, true]",False,False,False,67008,0,fc67b5b9a2d8c823e29b2d5c2dd6465388b731a6dccfb0feeb70cb674ab28be9,validation_002,0,1,2010129879,2,-1.4849898768182328,0.0
19,3.8000000000000003,B,ramp,True,False,105.59999999999978,16.0,0,maintain,0.0,0.0,101.60000000000018,18.0,0,0,maintain-maintain,0.14585894346237183,0.004213228821754456,-0.09578760713338852,0,0.14585894346237183,0.004213228821754456,0.14164571464061737,0.24164655059576035,"[true, true, true]",False,False,False,67008,0,fc67b5b9a2d8c823e29b2d5c2dd6465388b731a6dccfb0feeb70cb674ab28be9,validation_002,0,1,2010129879,2,-1.4849898768182328,0.0
19,3.8000000000000003,B_front,background_mainline,True,,182.0,20.0,,,,,,,,,,,,,,,,,,,,,,67008,0,fc67b5b9a2d8c823e29b2d5c2dd6465388b731a6dccfb0feeb70cb674ab28be9,validation_002,0,1,2010129879,2,,
19,3.8000000000000003,B_rear,background_mainline,True,,77.09449839041348,15.93183774645378,,,,,,,,,,,,,,,,,,,,,,67008,0,fc67b5b9a2d8c823e29b2d5c2dd6465388b731a6dccfb0feeb70cb674ab28be9,validation_002,0,1,2010129879,2,,
20,4.0,A,mainline,True,False,105.2000000000002,18.0,0,maintain,0.0,0.0,108.79999999999977,16.0,0,0,maintain-maintain,0.03438272327184677,-0.061088960617780685,0.008720755577087402,0,0.03438272327184677,0.008720755577087402,0.02566196769475937,0.09547168388962746,"[true, true, true]",True,True,False,67008,0,fc67b5b9a2d8c823e29b2d5c2dd6465388b731a6dccfb0feeb70cb674ab28be9,validation_002,0,1,2010129879,2,-1.8034838241518543,0.0
20,4.0,B,ramp,True,False,108.79999999999977,16.0,0,maintain,0.0,0.0,105.2000000000002,18.0,0,0,maintain-maintain,0.16954021155834198,0.009115874767303467,-0.09750135987997055,0,0.16954021155834198,0.009115874767303467,0.1604243367910385,0.26704157143831253,"[true, true, true]",True,True,False,67008,0,fc67b5b9a2d8c823e29b2d5c2dd6465388b731a6dccfb0feeb70cb674ab28be9,validation_002,0,1,2010129879,2,-1.8034838241518543,0.0
20,4.0,B_front,background_mainline,True,,185.0,20.0,,,,,,,,,,,,,,,,,,,,,,67008,0,fc67b5b9a2d8c823e29b2d5c2dd6465388b731a6dccfb0feeb70cb674ab28be9,validation_002,0,1,2010129879,2,,
20,4.0,B_rear,background_mainline,True,,79.48587969835044,15.953379505187668,,,,,,,,,,,,,,,,,,,,,,67008,0,fc67b5b9a2d8c823e29b2d5c2dd6465388b731a6dccfb0feeb70cb674ab28be9,validation_002,0,1,2010129879,2,,
0,0.0,A,ramp,True,False,44.8,16.0,0,maintain,0.0,0.0,33.199999999999996,18.0,0,0,maintain-maintain,0.06578651070594788,-0.03273380175232887,0.013558648526668549,0,0.06578651070594788,0.013558648526668549,0.05222786217927933,0.09852031245827675,"[true, true, true]",False,False,False,67008,0,fc67b5b9a2d8c823e29b2d5c2dd6465388b731a6dccfb0feeb70cb674ab28be9,validation_002,1,1,2010129879,3,,
0,0.0,B,mainline,True,False,33.199999999999996,18.0,0,maintain,0.0,0.0,44.8,16.0,0,0,maintain-maintain,0.15736965835094452,-0.009684443473815918,0.021426448598504066,0,0.15736965835094452,0.021426448598504066,0.13594320975244045,0.16705410182476044,"[true, true, true]",False,False,False,67008,0,fc67b5b9a2d8c823e29b2d5c2dd6465388b731a6dccfb0feeb70cb674ab28be9,validation_002,1,1,2010129879,3,,
0,0.0,B_front,background_mainline,True,,106.0,20.0,,,,,,,,,,,,,,,,,,,,,,67008,0,fc67b5b9a2d8c823e29b2d5c2dd6465388b731a6dccfb0feeb70cb674ab28be9,validation_002,1,1,2010129879,3,,
0,0.0,B_rear,background_mainline,True,,15.479999999999997,18.799999999999997,,,,,,,,,,,,,,,,,,,,,,67008,0,fc67b5b9a2d8c823e29b2d5c2dd6465388b731a6dccfb0feeb70cb674ab28be9,validation_002,1,1,2010129879,3,,
1,0.2,A,ramp,True,False,47.999999999999986,16.0,0,maintain,0.0,0.0,36.79999999999999,18.0,0,0,maintain-maintain,0.06550683081150055,-0.03328613191843033,0.015171512961387634,0,0.06550683081150055,0.015171512961387634,0.050335317850112915,0.09879296272993088,"[true, true, true]",False,False,False,67008,0,fc67b5b9a2d8c823e29b2d5c2dd6465388b731a6dccfb0feeb70cb674ab28be9,validation_002,1,1,2010129879,3,,
1,0.2,B,mainline,True,False,36.79999999999999,18.0,0,maintain,0.0,0.0,47.999999999999986,16.0,0,0,maintain-maintain,0.16010227799415588,-0.010192036628723145,0.024074958637356758,0,0.16010227799415588,0.024074958637356758,0.13602731935679913,0.17029431462287903,"[true, true, true]",False,False,False,67008,0,fc67b5b9a2d8c823e29b2d5c2dd6465388b731a6dccfb0feeb70cb674ab28be9,validation_002,1,1,2010129879,3,,
1,0.2,B_front,background_mainline,True,,110.0,20.0,,,,,,,,,,,,,,,,,,,,,,67008,0,fc67b5b9a2d8c823e29b2d5c2dd6465388b731a6dccfb0feeb70cb674ab28be9,validation_002,1,1,2010129879,3,,
1,0.2,B_rear,background_mainline,True,,19.129573685346635,17.771995497661784,,,,,,,,,,,,,,,,,,,,,,67008,0,fc67b5b9a2d8c823e29b2d5c2dd6465388b731a6dccfb0feeb70cb674ab28be9,validation_002,1,1,2010129879,3,,
2,0.4,A,ramp,True,False,51.199999999999974,16.0,0,maintain,0.0,0.0,40.399999999999984,18.0,0,0,maintain-maintain,0.06514197587966919,-0.034012485295534134,0.016797304153442383,0,0.06514197587966919,0.016797304153442383,0.04834467172622681,0.09915446117520332,"[true, true, true]",False,False,False,67008,0,fc67b5b9a2d8c823e29b2d5c2dd6465388b731a6dccfb0feeb70cb674ab28be9,validation_002,1,1,2010129879,3,,
2,0.4,B,mainline,True,False,40.399999999999984,18.0,0,maintain,0.0,0.0,51.199999999999974,16.0,0,0,maintain-maintain,0.1621977686882019,-0.010439448058605194,0.026034917682409286,0,0.1621977686882019,0.026034917682409286,0.13616285100579262,0.1726372167468071,"[true, true, true]",False,False,False,67008,0,fc67b5b9a2d8c823e29b2d5c2dd6465388b731a6dccfb0feeb70cb674ab28be9,validation_002,1,1,2010129879,3,,
2,0.4,B_front,background_mainline,True,,114.0,20.0,,,,,,,,,,,,,,,,,,,,,,67008,0,fc67b5b9a2d8c823e29b2d5c2dd6465388b731a6dccfb0feeb70cb674ab28be9,validation_002,1,1,2010129879,3,,
2,0.4,B_rear,background_mainline,True,,22.61644601542019,17.14123381240721,,,,,,,,,,,,,,,,,,,,,,67008,0,fc67b5b9a2d8c823e29b2d5c2dd6465388b731a6dccfb0feeb70cb674ab28be9,validation_002,1,1,2010129879,3,,
3,0.6000000000000001,A,ramp,True,False,54.39999999999996,16.0,0,maintain,0.0,0.0,43.99999999999998,18.0,0,0,maintain-maintain,0.0647706687450409,-0.03469226136803627,0.018283456563949585,0,0.0647706687450409,0.018283456563949585,0.04648721218109131,0.09946293011307716,"[true, true, true]",False,False,False,67008,0,fc67b5b9a2d8c823e29b2d5c2dd6465388b731a6dccfb0feeb70cb674ab28be9,validation_002,1,1,2010129879,3,,
3,0.6000000000000001,B,mainline,True,False,43.99999999999998,18.0,0,maintain,0.0,0.0,54.39999999999996,16.0,0,0,maintain-maintain,0.16369837522506714,-0.01069745421409607,0.02724815532565117,0,0.16369837522506714,0.02724815532565117,0.13645021989941597,0.1743958294391632,"[true, true, true]",False,False,False,67008,0,fc67b5b9a2d8c823e29b2d5c2dd6465388b731a6dccfb0feeb70cb674ab28be9,validation_002,1,1,2010129879,3,,
3,0.6000000000000001,B_front,background_mainline,True,,118.0,20.0,,,,,,,,,,,,,,,,,,,,,,67008,0,fc67b5b9a2d8c823e29b2d5c2dd6465388b731a6dccfb0feeb70cb674ab28be9,validation_002,1,1,2010129879,3,,
3,0.6000000000000001,B_rear,background_mainline,True,,26.000772264554595,16.72725697787526,,,,,,,,,,,,,,,,,,,,,,67008,0,fc67b5b9a2d8c823e29b2d5c2dd6465388b731a6dccfb0feeb70cb674ab28be9,validation_002,1,1,2010129879,3,,
4,0.8,A,ramp,True,False,57.59999999999995,16.0,0,maintain,0.0,0.0,47.59999999999997,18.0,0,0,maintain-maintain,0.06445716321468353,-0.03523307666182518,0.019635822623968124,0,0.06445716321468353,0.019635822623968124,0.04482134059071541,0.09969023987650871,"[true, true, true]",False,False,False,67008,0,fc67b5b9a2d8c823e29b2d5c2dd6465388b731a6dccfb0feeb70cb674ab28be9,validation_002,1,1,2010129879,3,,
4,0.8,B,mainline,True,False,47.59999999999997,18.0,0,maintain,0.0,0.0,57.59999999999995,16.0,0,0,maintain-maintain,0.16519379615783691,-0.01139172911643982,0.02730144001543522,0,0.16519379615783691,0.02730144001543522,0.1378923561424017,0.17658552527427673,"[true, true, true]",False,False,False,67008,0,fc67b5b9a2d8c823e29b2d5c2dd6465388b731a6dccfb0feeb70cb674ab28be9,validation_002,1,1,2010129879,3,,
4,0.8,B_front,background_mainline,True,,122.0,20.0,,,,,,,,,,,,,,,,,,,,,,67008,0,fc67b5b9a2d8c823e29b2d5c2dd6465388b731a6dccfb0feeb70cb674ab28be9,validation_002,1,1,2010129879,3,,
4,0.8,B_rear,background_mainline,True,,29.31613436427365,16.44220835252246,,,,,,,,,,,,,,,,,,,,,,67008,0,fc67b5b9a2d8c823e29b2d5c2dd6465388b731a6dccfb0feeb70cb674ab28be9,validation_002,1,1,2010129879,3,,
5,1.0,A,ramp,True,False,60.79999999999994,16.0,0,maintain,0.0,0.0,51.19999999999997,18.0,0,0,maintain-maintain,0.06413769721984863,-0.03569352254271507,0.020870789885520935,0,0.06413769721984863,0.020870789885520935,0.0432669073343277,0.0998312197625637,"[true, true, true]",False,False,False,67008,0,fc67b5b9a2d8c823e29b2d5c2dd6465388b731a6dccfb0feeb70cb674ab28be9,validation_002,1,1,2010129879,3,,
5,1.0,B,mainline,True,False,51.19999999999997,18.0,0,maintain,0.0,0.0,60.79999999999994,16.0,0,0,maintain-maintain,0.1663891077041626,-0.012117475271224976,0.027165694162249565,0,0.1663891077041626,0.027165694162249565,0.13922341354191303,0.17850658297538757,"[true, true, true]",False,False,False,67008,0,fc67b5b9a2d8c823e29b2d5c2dd6465388b731a6dccfb0feeb70cb674ab28be9,validation_002,1,1,2010129879,3,,
5,1.0,B_front,background_mainline,True,,126.0,20.0,,,,,,,,,,,,,,,,,,,,,,67008,0,fc67b5b9a2d8c823e29b2d5c2dd6465388b731a6dccfb0feeb70cb674ab28be9,validation_002,1,1,2010129879,3,,
5,1.0,B_rear,background_mainline,True,,32.58336626968905,16.240755167193395,,,,,,,,,,,,,,,,,,,,,,67008,0,fc67b5b9a2d8c823e29b2d5c2dd6465388b731a6dccfb0feeb70cb674ab28be9,validation_002,1,1,2010129879,3,,
6,1.2000000000000002,A,ramp,True,False,63.99999999999993,16.0,0,maintain,0.0,0.0,54.79999999999996,18.0,0,0,maintain-maintain,0.06366966664791107,-0.0361110083758831,0.02189469523727894,0,0.06366966664791107,0.02189469523727894,0.041774971410632133,0.09978067502379417,"[true, true, true]",False,False,False,67008,0,fc67b5b9a2d8c823e29b2d5c2dd6465388b731a6dccfb0feeb70cb674ab28be9,validation_002,1,1,2010129879,3,,
6,1.2000000000000002,B,mainline,True,False,54.79999999999996,18.0,0,maintain,0.0,0.0,63.99999999999993,16.0,0,0,maintain-maintain,0.16707414388656616,-0.013115860521793365,0.026803286746144295,0,0.16707414388656616,0.026803286746144295,0.14027085714042187,0.18019000440835953,"[true, true, true]",False,False,False,67008,0,fc67b5b9a2d8c823e29b2d5c2dd6465388b731a6dccfb0feeb70cb674ab28be9,validation_002,1,1,2010129879,3,,
6,1.2000000000000002,B_front,background_mainline,True,,130.0,20.0,,,,,,,,,,,,,,,,,,,,,,67008,0,fc67b5b9a2d8c823e29b2d5c2dd6465388b731a6dccfb0feeb70cb674ab28be9,validation_002,1,1,2010129879,3,,
6,1.2000000000000002,B_rear,background_mainline,True,,35.816366608375816,16.09674655844228,,,,,,,,,,,,,,,,,,,,,,67008,0,fc67b5b9a2d8c823e29b2d5c2dd6465388b731a6dccfb0feeb70cb674ab28be9,validation_002,1,1,2010129879,3,,
7,1.4000000000000001,A,ramp,True,False,67.19999999999992,16.0,0,maintain,0.0,0.0,58.399999999999956,18.0,0,0,maintain-maintain,0.06321680545806885,-0.03649139776825905,0.022882822901010513,0,0.06321680545806885,0.022882822901010513,0.040333982557058334,0.0997082032263279,"[true, true, true]",False,False,False,67008,0,fc67b5b9a2d8c823e29b2d5c2dd6465388b731a6dccfb0feeb70cb674ab28be9,validation_002,1,1,2010129879,3,,
7,1.4000000000000001,B,mainline,True,False,58.399999999999956,18.0,0,maintain,0.0,0.0,67.19999999999992,16.0,0,0,maintain-maintain,0.16770416498184204,-0.014158174395561218,0.02643987536430359,0,0.16770416498184204,0.02643987536430359,0.14126428961753845,0.18186233937740326,"[true, true, true]",False,False,False,67008,0,fc67b5b9a2d8c823e29b2d5c2dd6465388b731a6dccfb0feeb70cb674ab28be9,validation_002,1,1,2010129879,3,,
7,1.4000000000000001,B_front,background_mainline,True,,134.0,20.0,,,,,,,,,,,,,,,,,,,,,,67008,0,fc67b5b9a2d8c823e29b2d5c2dd6465388b731a6dccfb0feeb70cb674ab28be9,validation_002,1,1,2010129879,3,,
7,1.4000000000000001,B_rear,background_mainline,True,,39.024882875751565,15.993885438865842,,,,,,,,,,,,,,,,,,,,,,67008,0,fc67b5b9a2d8c823e29b2d5c2dd6465388b731a6dccfb0feeb70cb674ab28be9,validation_002,1,1,2010129879,3,,
8,1.6,A,ramp,True,False,70.3999999999999,16.0,0,maintain,0.0,0.0,61.99999999999995,18.0,0,0,maintain-maintain,0.06234225630760193,-0.03666276857256889,0.023811645805835724,0,0.06234225630760193,0.023811645805835724,0.038530610501766205,0.09900502488017082,"[true, true, true]",False,False,False,67008,0,fc67b5b9a2d8c823e29b2d5c2dd6465388b731a6dccfb0feeb70cb674ab28be9,validation_002,1,1,2010129879,3,,
8,1.6,B,mainline,True,False,61.99999999999995,18.0,0,maintain,0.0,0.0,70.3999999999999,16.0,0,0,maintain-maintain,0.16820688545703888,-0.014830902218818665,0.02613571099936962,0,0.16820688545703888,0.02613571099936962,0.14207117445766926,0.18303778767585754,"[true, true, true]",False,False,False,67008,0,fc67b5b9a2d8c823e29b2d5c2dd6465388b731a6dccfb0feeb70cb674ab28be9,validation_002,1,1,2010129879,3,,
8,1.6,B_front,background_mainline,True,,138.0,20.0,,,,,,,,,,,,,,,,,,,,,,67008,0,fc67b5b9a2d8c823e29b2d5c2dd6465388b731a6dccfb0feeb70cb674ab28be9,validation_002,1,1,2010129879,3,,
8,1.6,B_rear,background_mainline,True,,42.21600386981396,15.921420148717361,,,,,,,,,,,,,,,,,,,,,,67008,0,fc67b5b9a2d8c823e29b2d5c2dd6465388b731a6dccfb0feeb70cb674ab28be9,validation_002,1,1,2010129879,3,,
9,1.8,A,ramp,True,False,73.5999999999999,16.0,0,maintain,0.0,0.0,65.59999999999995,18.0,0,0,maintain-maintain,0.061114825308322906,-0.037270840257406235,0.024589629843831062,0,0.061114825308322906,0.024589629843831062,0.036525195464491844,0.09838566556572914,"[true, true, true]",False,False,False,67008,0,fc67b5b9a2d8c823e29b2d5c2dd6465388b731a6dccfb0feeb70cb674ab28be9,validation_002,1,1,2010129879,3,,
9,1.8,B,mainline,True,False,65.59999999999995,18.0,0,maintain,0.0,0.0,73.5999999999999,16.0,0,0,maintain-maintain,0.16856670379638672,-0.01514066755771637,0.025829430669546127,0,0.16856670379638672,0.025829430669546127,0.1427372731268406,0.1837073713541031,"[true, true, true]",False,False,False,67008,0,fc67b5b9a2d8c823e29b2d5c2dd6465388b731a6dccfb0feeb70cb674ab28be9,validation_002,1,1,2010129879,3,,
9,1.8,B_front,background_mainline,True,,142.0,20.0,,,,,,,,,,,,,,,,,,,,,,67008,0,fc67b5b9a2d8c823e29b2d5c2dd6465388b731a6dccfb0feeb70cb674ab28be9,validation_002,1,1,2010129879,3,,
9,1.8,B_rear,background_mainline,True,,45.3950269019129,15.871939617762685,,,,,,,,,,,,,,,,,,,,,,67008,0,fc67b5b9a2d8c823e29b2d5c2dd6465388b731a6dccfb0feeb70cb674ab28be9,validation_002,1,1,2010129879,3,,
10,2.0,A,ramp,True,False,76.79999999999988,16.0,0,maintain,0.0,0.0,69.19999999999997,18.0,0,0,maintain-maintain,0.05988813936710358,-0.03808046877384186,0.025315675884485245,0,0.05988813936710358,0.025315675884485245,0.03457246348261833,0.09796860814094543,"[true, true, true]",False,False,False,67008,0,fc67b5b9a2d8c823e29b2d5c2dd6465388b731a6dccfb0feeb70cb674ab28be9,validation_002,1,1,2010129879,3,,
10,2.0,B,mainline,True,False,69.19999999999997,18.0,0,maintain,0.0,0.0,76.79999999999988,16.0,0,0,maintain-maintain,0.1687183678150177,-0.015588551759719849,0.02538236789405346,0,0.1687183678150177,0.02538236789405346,0.14333599992096424,0.18430691957473755,"[true, true, true]",False,False,False,67008,0,fc67b5b9a2d8c823e29b2d5c2dd6465388b731a6dccfb0feeb70cb674ab28be9,validation_002,1,1,2010129879,3,,
10,2.0,B_front,background_mainline,True,,146.0,20.0,,,,,,,,,,,,,,,,,,,,,,67008,0,fc67b5b9a2d8c823e29b2d5c2dd6465388b731a6dccfb0feeb70cb674ab28be9,validation_002,1,1,2010129879,3,,
10,2.0,B_rear,background_mainline,True,,48.56599346607207,15.840154639388395,,,,,,,,,,,,,,,,,,,,,,67008,0,fc67b5b9a2d8c823e29b2d5c2dd6465388b731a6dccfb0feeb70cb674ab28be9,validation_002,1,1,2010129879,3,,
11,2.2,A,ramp,True,False,79.99999999999987,16.0,0,maintain,0.0,0.0,72.8,18.0,0,0,maintain-maintain,0.058677464723587036,-0.03885611519217491,0.026048749685287476,0,0.058677464723587036,0.026048749685287476,0.03262871503829956,0.09753357991576195,"[true, true, true]",False,False,False,67008,0,fc67b5b9a2d8c823e29b2d5c2dd6465388b731a6dccfb0feeb70cb674ab28be9,validation_002,1,1,2010129879,3,,
11,2.2,B,mainline,True,False,72.8,18.0,0,maintain,0.0,0.0,79.99999999999987,16.0,0,0,maintain-maintain,0.16881604492664337,-0.01604507863521576,0.024901246652007103,0,0.16881604492664337,0.024901246652007103,0.14391479827463627,0.18486112356185913,"[true, true, true]",False,False,False,67008,0,fc67b5b9a2d8c823e29b2d5c2dd6465388b731a6dccfb0feeb70cb674ab28be9,validation_002,1,1,2010129879,3,,
11,2.2,B_front,background_mainline,True,,150.0,20.0,,,,,,,,,,,,,,,,,,,,,,67008,0,fc67b5b9a2d8c823e29b2d5c2dd6465388b731a6dccfb0feeb70cb674ab28be9,validation_002,1,1,2010129879,3,,
11,2.2,B_rear,background_mainline,True,,51.732036438245174,15.822182360409977,,,,,,,,,,,,,,,,,,,,,,67008,0,fc67b5b9a2d8c823e29b2d5c2dd6465388b731a6dccfb0feeb70cb674ab28be9,validation_002,1,1,2010129879,3,,
12,2.4000000000000004,A,ramp,True,False,83.19999999999986,16.0,0,maintain,0.0,0.0,76.40000000000002,18.0,0,0,maintain-maintain,0.05750006437301636,-0.03956712409853935,0.02682095766067505,0,0.05750006437301636,0.02682095766067505,0.03067910671234131,0.09706718847155571,"[true, true, true]",False,False,False,67008,0,fc67b5b9a2d8c823e29b2d5c2dd6465388b731a6dccfb0feeb70cb674ab28be9,validation_002,1,1,2010129879,3,,
12,2.4000000000000004,B,mainline,True,False,76.40000000000002,18.0,0,maintain,0.0,0.0,83.19999999999986,16.0,0,0,maintain-maintain,0.16888970136642456,-0.01649312674999237,0.024406246840953827,0,0.16888970136642456,0.024406246840953827,0.14448345452547073,0.18538282811641693,"[true, true, true]",False,False,False,67008,0,fc67b5b9a2d8c823e29b2d5c2dd6465388b731a6dccfb0feeb70cb674ab28be9,validation_002,1,1,2010129879,3,,
12,2.4000000000000004,B_front,background_mainline,True,,154.0,20.0,,,,,,,,,,,,,,,,,,,,,,67008,0,fc67b5b9a2d8c823e29b2d5c2dd6465388b731a6dccfb0feeb70cb674ab28be9,validation_002,1,1,2010129879,3,,
12,2.4000000000000004,B_rear,background_mainline,True,,54.895614077990665,15.815105276009753,,,,,,,,,,,,,,,,,,,,,,67008,0,fc67b5b9a2d8c823e29b2d5c2dd6465388b731a6dccfb0feeb70cb674ab28be9,validation_002,1,1,2010129879,3,,
13,2.6,A,ramp,True,False,86.39999999999985,16.0,0,maintain,0.0,0.0,80.00000000000004,18.0,0,0,maintain-maintain,0.05632335692644119,-0.04027050733566284,0.02758956141769886,0,0.05632335692644119,0.02758956141769886,0.028733795508742332,0.09659386426210403,"[true, true, true]",False,False,False,67008,0,fc67b5b9a2d8c823e29b2d5c2dd6465388b731a6dccfb0feeb70cb674ab28be9,validation_002,1,1,2010129879,3,,
13,2.6,B,mainline,True,False,80.00000000000004,18.0,0,maintain,0.0,0.0,86.39999999999985,16.0,0,0,maintain-maintain,0.1689453274011612,-0.016939952969551086,0.023902224376797676,0,0.1689453274011612,0.023902224376797676,0.14504310302436352,0.18588528037071228,"[true, true, true]",False,False,False,67008,0,fc67b5b9a2d8c823e29b2d5c2dd6465388b731a6dccfb0feeb70cb674ab28be9,validation_002,1,1,2010129879,3,,
13,2.6,B_front,background_mainline,True,,158.0,20.0,,,,,,,,,,,,,,,,,,,,,,67008,0,fc67b5b9a2d8c823e29b2d5c2dd6465388b731a6dccfb0feeb70cb674ab28be9,validation_002,1,1,2010129879,3,,
13,2.6,B_rear,background_mainline,True,,58.05867292918479,15.816688273844969,,,,,,,,,,,,,,,,,,,,,,67008,0,fc67b5b9a2d8c823e29b2d5c2dd6465388b731a6dccfb0feeb70cb674ab28be9,validation_002,1,1,2010129879,3,,
14,2.8000000000000003,A,ramp,True,False,89.59999999999984,16.0,0,maintain,0.0,0.0,83.60000000000007,18.0,0,0,maintain-maintain,0.05507167428731918,-0.04086185246706009,0.028346553444862366,0,0.05507167428731918,0.028346553444862366,0.026725120842456818,0.09593352675437927,"[true, true, true]",False,False,False,67008,0,fc67b5b9a2d8c823e29b2d5c2dd6465388b731a6dccfb0feeb70cb674ab28be9,validation_002,1,1,2010129879,3,,
14,2.8000000000000003,B,mainline,True,False,83.60000000000007,18.0,0,maintain,0.0,0.0,89.59999999999984,16.0,0,0,maintain-maintain,0.1696813404560089,-0.01738954335451126,0.02329994924366474,0,0.1696813404560089,0.02329994924366474,0.14638139121234417,0.18707088381052017,"[true, true, true]",False,False,False,67008,0,fc67b5b9a2d8c823e29b2d5c2dd6465388b731a6dccfb0feeb70cb674ab28be9,validation_002,1,1,2010129879,3,,
14,2.8000000000000003,B_front,background_mainline,True,,162.0,20.0,,,,,,,,,,,,,,,,,,,,,,67008,0,fc67b5b9a2d8c823e29b2d5c2dd6465388b731a6dccfb0feeb70cb674ab28be9,validation_002,1,1,2010129879,3,,
14,2.8000000000000003,B_rear,background_mainline,True,,61.22276436562234,15.82519083638627,,,,,,,,,,,,,,,,,,,,,,67008,0,fc67b5b9a2d8c823e29b2d5c2dd6465388b731a6dccfb0feeb70cb674ab28be9,validation_002,1,1,2010129879,3,,
15,3.0,A,ramp,True,False,92.79999999999983,16.0,0,maintain,0.0,0.0,87.20000000000009,18.0,0,0,maintain-maintain,0.05375164747238159,-0.04135238379240036,0.029095150530338287,0,0.05375164747238159,0.029095150530338287,0.024656496942043304,0.09510403126478195,"[true, true, true]",False,False,False,67008,0,fc67b5b9a2d8c823e29b2d5c2dd6465388b731a6dccfb0feeb70cb674ab28be9,validation_002,1,1,2010129879,3,,
15,3.0,B,mainline,True,False,87.20000000000009,18.0,0,maintain,0.0,0.0,92.79999999999983,16.0,0,0,maintain-maintain,0.17041850090026855,-0.017847910523414612,0.022693950682878494,0,0.17041850090026855,0.022693950682878494,0.14772455021739006,0.18826641142368317,"[true, true, true]",False,False,False,67008,0,fc67b5b9a2d8c823e29b2d5c2dd6465388b731a6dccfb0feeb70cb674ab28be9,validation_002,1,1,2010129879,3,,
15,3.0,B_front,background_mainline,True,,166.0,20.0,,,,,,,,,,,,,,,,,,,,,,67008,0,fc67b5b9a2d8c823e29b2d5c2dd6465388b731a6dccfb0feeb70cb674ab28be9,validation_002,1,1,2010129879,3,,
15,3.0,B_rear,background_mainline,True,,64.38912994504042,15.839238737283491,,,,,,,,,,,,,,,,,,,,,,67008,0,fc67b5b9a2d8c823e29b2d5c2dd6465388b731a6dccfb0feeb70cb674ab28be9,validation_002,1,1,2010129879,3,,
16,3.2,A,ramp,True,False,95.99999999999982,16.0,0,maintain,0.0,0.0,90.80000000000011,18.0,0,0,maintain-maintain,0.05248406529426575,-0.04209696501493454,0.0297841876745224,0,0.05248406529426575,0.0297841876745224,0.022699877619743347,0.09458103030920029,"[true, true, true]",False,False,False,67008,0,fc67b5b9a2d8c823e29b2d5c2dd6465388b731a6dccfb0feeb70cb674ab28be9,validation_002,1,1,2010129879,3,,
16,3.2,B,mainline,True,False,90.80000000000011,18.0,0,maintain,0.0,0.0,95.99999999999982,16.0,0,0,maintain-maintain,0.1711481362581253,-0.018317043781280518,0.022087516263127327,0,0.1711481362581253,0.022087516263127327,0.14906061999499798,0.18946518003940582,"[true, true, true]",False,False,False,67008,0,fc67b5b9a2d8c823e29b2d5c2dd6465388b731a6dccfb0feeb70cb674ab28be9,validation_002,1,1,2010129879,3,,
16,3.2,B_front,background_mainline,True,,170.0,20.0,,,,,,,,,,,,,,,,,,,,,,67008,0,fc67b5b9a2d8c823e29b2d5c2dd6465388b731a6dccfb0feeb70cb674ab28be9,validation_002,1,1,2010129879,3,,
16,3.2,B_rear,background_mainline,True,,67.55876519666103,15.857734154747567,,,,,,,,,,,,,,,,,,,,,,67008,0,fc67b5b9a2d8c823e29b2d5c2dd6465388b731a6dccfb0feeb70cb674ab28be9,validation_002,1,1,2010129879,3,,
17,3.4000000000000004,A,ramp,True,False,99.1999999999998,16.0,0,maintain,0.0,0.0,94.40000000000013,18.0,0,0,maintain-maintain,0.05129995197057724,-0.0431751012802124,0.030177414417266846,0,0.05129995197057724,0.030177414417266846,0.021122537553310394,0.09447505325078964,"[true, true, true]",False,False,False,67008,0,fc67b5b9a2d8c823e29b2d5c2dd6465388b731a6dccfb0feeb70cb674ab28be9,validation_002,1,1,2010129879,3,,
17,3.4000000000000004,B,mainline,True,False,94.40000000000013,18.0,0,maintain,0.0,0.0,99.1999999999998,16.0,0,0,maintain-maintain,0.1719438135623932,-0.018274910748004913,0.02171534299850464,0,0.1719438135623932,0.02171534299850464,0.15022847056388855,0.1902187243103981,"[true, true, true]",False,False,False,67008,0,fc67b5b9a2d8c823e29b2d5c2dd6465388b731a6dccfb0feeb70cb674ab28be9,validation_002,1,1,2010129879,3,,
17,3.4000000000000004,B_front,background_mainline,True,,174.0,20.0,,,,,,,,,,,,,,,,,,,,,,67008,0,fc67b5b9a2d8c823e29b2d5c2dd6465388b731a6dccfb0feeb70cb674ab28be9,validation_002,1,1,2010129879,3,,
17,3.4000000000000004,B_rear,background_mainline,True,,70.73246814000836,15.879791296795966,,,,,,,,,,,,,,,,,,,,,,67008,0,fc67b5b9a2d8c823e29b2d5c2dd6465388b731a6dccfb0feeb70cb674ab28be9,validation_002,1,1,2010129879,3,,
18,3.6,A,ramp,True,False,102.39999999999979,16.0,0,maintain,0.0,0.0,98.00000000000016,18.0,0,0,maintain-maintain,0.05013364553451538,-0.04377873241901398,0.030742956325411797,0,0.05013364553451538,0.030742956325411797,0.019390689209103584,0.09391237795352936,"[true, true, true]",False,False,False,67008,0,fc67b5b9a2d8c823e29b2d5c2dd6465388b731a6dccfb0feeb70cb674ab28be9,validation_002,1,1,2010129879,3,,
18,3.6,B,mainline,True,False,98.00000000000016,18.0,0,maintain,0.0,0.0,102.39999999999979,16.0,0,0,maintain-maintain,0.1725844144821167,-0.017825201153755188,0.021278927102684975,0,0.1725844144821167,0.021278927102684975,0.15130548737943172,0.1904096156358719,"[true, true, true]",False,False,False,67008,0,fc67b5b9a2d8c823e29b2d5c2dd6465388b731a6dccfb0feeb70cb674ab28be9,validation_002,1,1,2010129879,3,,
18,3.6,B_front,background_mainline,True,,178.0,20.0,,,,,,,,,,,,,,,,,,,,,,67008,0,fc67b5b9a2d8c823e29b2d5c2dd6465388b731a6dccfb0feeb70cb674ab28be9,validation_002,1,1,2010129879,3,,
18,3.6,B_rear,background_mainline,True,,73.91087676607343,15.904689390036724,,,,,,,,,,,,,,,,,,,,,,67008,0,fc67b5b9a2d8c823e29b2d5c2dd6465388b731a6dccfb0feeb70cb674ab28be9,validation_002,1,1,2010129879,3,,
19,3.8000000000000003,A,ramp,True,False,105.59999999999978,16.0,0,maintain,0.0,0.0,101.60000000000018,18.0,0,0,maintain-maintain,0.04896894097328186,-0.04436372593045235,0.03131859377026558,0,0.04896894097328186,0.03131859377026558,0.01765034720301628,0.09333266690373421,"[true, true, true]",False,False,False,67008,0,fc67b5b9a2d8c823e29b2d5c2dd6465388b731a6dccfb0feeb70cb674ab28be9,validation_002,1,1,2010129879,3,-1.4849898768182328,0.0
19,3.8000000000000003,B,mainline,True,False,101.60000000000018,18.0,0,maintain,0.0,0.0,105.59999999999978,16.0,0,0,maintain-maintain,0.17324844002723694,-0.01715000718832016,0.020831439644098282,0,0.17324844002723694,0.020831439644098282,0.15241700038313866,0.1903984472155571,"[true, true, true]",False,False,False,67008,0,fc67b5b9a2d8c823e29b2d5c2dd6465388b731a6dccfb0feeb70cb674ab28be9,validation_002,1,1,2010129879,3,-1.4849898768182328,0.0
19,3.8000000000000003,B_front,background_mainline,True,,182.0,20.0,,,,,,,,,,,,,,,,,,,,,,67008,0,fc67b5b9a2d8c823e29b2d5c2dd6465388b731a6dccfb0feeb70cb674ab28be9,validation_002,1,1,2010129879,3,,
19,3.8000000000000003,B_rear,background_mainline,True,,77.09449839041348,15.93183774645378,,,,,,,,,,,,,,,,,,,,,,67008,0,fc67b5b9a2d8c823e29b2d5c2dd6465388b731a6dccfb0feeb70cb674ab28be9,validation_002,1,1,2010129879,3,,
20,4.0,A,ramp,True,False,108.79999999999977,16.0,0,maintain,0.0,0.0,105.2000000000002,18.0,0,0,maintain-maintain,0.038215622305870056,-0.05045755207538605,0.0006140023469924927,0,0.038215622305870056,0.0006140023469924927,0.037601619958877563,0.0886731743812561,"[true, true, true]",True,True,False,67008,0,fc67b5b9a2d8c823e29b2d5c2dd6465388b731a6dccfb0feeb70cb674ab28be9,validation_002,1,1,2010129879,3,-1.8034838241518543,0.0
20,4.0,B,mainline,True,False,105.2000000000002,18.0,0,maintain,0.0,0.0,108.79999999999977,16.0,0,0,maintain-maintain,0.15588685870170593,-0.009652704000473022,0.0228410754352808,0,0.15588685870170593,0.0228410754352808,0.13304578326642513,0.16553956270217896,"[true, true, true]",True,True,False,67008,0,fc67b5b9a2d8c823e29b2d5c2dd6465388b731a6dccfb0feeb70cb674ab28be9,validation_002,1,1,2010129879,3,-1.8034838241518543,0.0
20,4.0,B_front,background_mainline,True,,185.0,20.0,,,,,,,,,,,,,,,,,,,,,,67008,0,fc67b5b9a2d8c823e29b2d5c2dd6465388b731a6dccfb0feeb70cb674ab28be9,validation_002,1,1,2010129879,3,,
20,4.0,B_rear,background_mainline,True,,79.48587969835044,15.953379505187668,,,,,,,,,,,,,,,,,,,,,,67008,0,fc67b5b9a2d8c823e29b2d5c2dd6465388b731a6dccfb0feeb70cb674ab28be9,validation_002,1,1,2010129879,3,,
0,0.0,A,mainline,True,False,28.0,20.0,0,maintain,0.0,0.0,38.4,16.0,0,0,maintain-maintain,0.03967347741127014,-0.06620964407920837,-0.03267201781272888,0,0.03967347741127014,-0.03267201781272888,0.07234549522399902,0.10588312149047852,"[true, true, true]",False,False,False,67008,0,fc67b5b9a2d8c823e29b2d5c2dd6465388b731a6dccfb0feeb70cb674ab28be9,validation_003,0,2,1834650058,4,,
0,0.0,B,ramp,True,False,38.4,16.0,0,maintain,0.0,0.0,28.0,20.0,0,0,maintain-maintain,0.13636747002601624,-0.026238545775413513,-0.10375364124774933,0,0.13636747002601624,-0.026238545775413513,0.16260601580142975,0.24012111127376556,"[true, true, true]",False,False,False,67008,0,fc67b5b9a2d8c823e29b2d5c2dd6465388b731a6dccfb0feeb70cb674ab28be9,validation_003,0,2,1834650058,4,,
0,0.0,B_front,background_mainline,True,,120.0,20.0,,,,,,,,,,,,,,,,,,,,,,67008,0,fc67b5b9a2d8c823e29b2d5c2dd6465388b731a6dccfb0feeb70cb674ab28be9,validation_003,0,2,1834650058,4,,
0,0.0,B_rear,background_mainline,True,,3.945792890543582,19.483844969091912,,,,,,,,,,,,,,,,,,,,,,67008,0,fc67b5b9a2d8c823e29b2d5c2dd6465388b731a6dccfb0feeb70cb674ab28be9,validation_003,0,2,1834650058,4,,
1,0.2,A,mainline,True,False,32.0,20.0,0,maintain,0.0,0.0,41.59999999999999,16.0,0,0,maintain-maintain,0.03800882399082184,-0.06399054080247879,-0.03070179373025894,0,0.03800882399082184,-0.03070179373025894,0.06871061772108078,0.10199936479330063,"[true, true, true]",False,False,False,67008,0,fc67b5b9a2d8c823e29b2d5c2dd6465388b731a6dccfb0feeb70cb674ab28be9,validation_003,0,2,1834650058,4,,
1,0.2,B,ramp,True,False,41.59999999999999,16.0,0,maintain,0.0,0.0,32.0,20.0,0,0,maintain-maintain,0.13813282549381256,-0.0256698876619339,-0.10274839401245117,0,0.13813282549381256,-0.0256698876619339,0.16380271315574646,0.24088121950626373,"[true, true, true]",False,False,False,67008,0,fc67b5b9a2d8c823e29b2d5c2dd6465388b731a6dccfb0feeb70cb674ab28be9,validation_003,0,2,1834650058,4,,
1,0.2,B_front,background_mainline,True,,124.0,20.0,,,,,,,,,,,,,,,,,,,,,,67008,0,fc67b5b9a2d8c823e29b2d5c2dd6465388b731a6dccfb0feeb70cb674ab28be9,validation_003,0,2,1834650058,4,,
1,0.2,B_rear,background_mainline,True,,7.802789976125999,19.103228823167687,,,,,,,,,,,,,,,,,,,,,,67008,0,fc67b5b9a2d8c823e29b2d5c2dd6465388b731a6dccfb0feeb70cb674ab28be9,validation_003,0,2,1834650058,4,,
2,0.4,A,mainline,True,False,36.0,20.0,0,maintain,0.0,0.0,44.799999999999976,16.0,0,0,maintain-maintain,0.03643304109573364,-0.0620308592915535,-0.02891203761100769,0,0.03643304109573364,-0.02891203761100769,0.06534507870674133,0.09846390038728714,"[true, true, true]",False,False,False,67008,0,fc67b5b9a2d8c823e29b2d5c2dd6465388b731a6dccfb0feeb70cb674ab28be9,validation_003,0,2,1834650058,4,,
2,0.4,B,ramp,True,False,44.799999999999976,16.0,0,maintain,0.0,0.0,36.0,20.0,0,0,maintain-maintain,0.13995561003684998,-0.025020666420459747,-0.1018337532877922,0,0.13995561003684998,-0.025020666420459747,0.16497627645730972,0.24178936332464218,"[true, true, true]",False,False,False,67008,0,fc67b5b9a2d8c823e29b2d5c2dd6465388b731a6dccfb0feeb70cb674ab28be9,validation_003,0,2,1834650058,4,,
2,0.4,B_front,background_mainline,True,,128.0,20.0,,,,,,,,,,,,,,,,,,,,,,67008,0,fc67b5b9a2d8c823e29b2d5c2dd6465388b731a6dccfb0feeb70cb674ab28be9,validation_003,0,2,1834650058,4,,
2,0.4,B_rear,background_mainline,True,,11.593368401039545,18.814498512244633,,,,,,,,,,,,,,,,,,,,,,67008,0,fc67b5b9a2d8c823e29b2d5c2dd6465388b731a6dccfb0feeb70cb674ab28be9,validation_003,0,2,1834650058,4,,
3,0.6000000000000001,A,mainline,True,False,40.0,20.0,0,maintain,0.0,0.0,47.999999999999964,16.0,0,0,maintain-maintain,0.03494514524936676,-0.06022152304649353,-0.0272405743598938,0,0.03494514524936676,-0.0272405743598938,0.06218571960926056,0.09516666829586029,"[true, true, true]",False,False,False,67008,0,fc67b5b9a2d8c823e29b2d5c2dd6465388b731a6dccfb0feeb70cb674ab28be9,validation_003,0,2,1834650058,4,,
3,0.6000000000000001,B,ramp,True,False,47.999999999999964,16.0,0,maintain,0.0,0.0,40.0,20.0,0,0,maintain-maintain,0.14176225662231445,-0.024390771985054016,-0.10101746022701263,0,0.14176225662231445,-0.024390771985054016,0.16615302860736847,0.2427797168493271,"[true, true, true]",False,False,False,67008,0,fc67b5b9a2d8c823e29b2d5c2dd6465388b731a6dccfb0feeb70cb674ab28be9,validation_003,0,2,1834650058,4,,
3,0.6000000000000001,B_front,background_mainline,True,,132.0,20.0,,,,,,,,,,,,,,,,,,,,,,67008,0,fc67b5b9a2d8c823e29b2d5c2dd6465388b731a6dccfb0feeb70cb674ab28be9,validation_003,0,2,1834650058,4,,
3,0.6000000000000001,B_rear,background_mainline,True,,15.333070330500611,18.591211668736282,,,,,,,,,,,,,,,,,,,,,,67008,0,fc67b5b9a2d8c823e29b2d5c2dd6465388b731a6dccfb0feeb70cb674ab28be9,validation_003,0,2,1834650058,4,,
4,0.8,A,mainline,True,False,44.0,20.0,0,maintain,0.0,0.0,51.19999999999995,16.0,0,0,maintain-maintain,0.033524684607982635,-0.058514535427093506,-0.025652259588241577,0,0.033524684607982635,-0.025652259588241577,0.05917694419622421,0.09203922003507614,"[true, true, true]",False,False,False,67008,0,fc67b5b9a2d8c823e29b2d5c2dd6465388b731a6dccfb0feeb70cb674ab28be9,validation_003,0,2,1834650058,4,,
4,0.8,B,ramp,True,False,51.19999999999995,16.0,0,maintain,0.0,0.0,44.0,20.0,0,0,maintain-maintain,0.14333276450634003,-0.02406655251979828,-0.10035103559494019,0,0.14333276450634003,-0.02406655251979828,0.1673993170261383,0.2436838001012802,"[true, true, true]",False,False,False,67008,0,fc67b5b9a2d8c823e29b2d5c2dd6465388b731a6dccfb0feeb70cb674ab28be9,validation_003,0,2,1834650058,4,,
4,0.8,B_front,background_mainline,True,,136.0,20.0,,,,,,,,,,,,,,,,,,,,,,67008,0,fc67b5b9a2d8c823e29b2d5c2dd6465388b731a6dccfb0feeb70cb674ab28be9,validation_003,0,2,1834650058,4,,
4,0.8,B_rear,background_mainline,True,,19.03316593289923,18.4162696490176,,,,,,,,,,,,,,,,,,,,,,67008,0,fc67b5b9a2d8c823e29b2d5c2dd6465388b731a6dccfb0feeb70cb674ab28be9,validation_003,0,2,1834650058,4,,
5,1.0,A,mainline,True,False,48.0,20.0,0,maintain,0.0,0.0,54.39999999999994,16.0,0,0,maintain-maintain,0.03215384483337402,-0.05688302591443062,-0.02412506192922592,0,0.03215384483337402,-0.02412506192922592,0.056278906762599945,0.08903687074780464,"[true, true, true]",False,False,False,67008,0,fc67b5b9a2d8c823e29b2d5c2dd6465388b731a6dccfb0feeb70cb674ab28be9,validation_003,0,2,1834650058,4,,
5,1.0,B,ramp,True,False,54.39999999999994,16.0,0,maintain,0.0,0.0,48.0,20.0,0,0,maintain-maintain,0.14490772783756256,-0.023736611008644104,-0.09973222017288208,0,0.14490772783756256,-0.023736611008644104,0.16864433884620667,0.24463994801044464,"[true, true, true]",False,False,False,67008,0,fc67b5b9a2d8c823e29b2d5c2dd6465388b731a6dccfb0feeb70cb674ab28be9,validation_003,0,2,1834650058,4,,
5,1.0,B_front,background_mainline,True,,140.0,20.0,,,,,,,,,,,,,,,,,,,,,,67008,0,fc67b5b9a2d8c823e29b2d5c2dd6465388b731a6dccfb0feeb70cb674ab28be9,validation_003,0,2,1834650058,4,,
5,1.0,B_rear,background_mainline,True,,22.702096516872903,18.278056734572637,,,,,,,,,,,,,,,,,,,,,,67008,0,fc67b5b9a2d8c823e29b2d5c2dd6465388b731a6dccfb0feeb70cb674ab28be9,validation_003,0,2,1834650058,4,,
6,1.2000000000000002,A,mainline,True,False,52.0,20.0,0,maintain,0.0,0.0,57.59999999999993,16.0,0,0,maintain-maintain,0.030820973217487335,-0.055751025676727295,-0.022608771920204163,0,0.030820973217487335,-0.022608771920204163,0.0534297451376915,0.08657199889421463,"[true, true, true]",False,False,False,67008,0,fc67b5b9a2d8c823e29b2d5c2dd6465388b731a6dccfb0feeb70cb674ab28be9,validation_003,0,2,1834650058,4,,
6,1.2000000000000002,B,ramp,True,False,57.59999999999993,16.0,0,maintain,0.0,0.0,52.0,20.0,0,0,maintain-maintain,0.1464861035346985,-0.02340243011713028,-0.0991496741771698,0,0.1464861035346985,-0.02340243011713028,0.16988853365182877,0.2456357777118683,"[true, true, true]",False,False,False,67008,0,fc67b5b9a2d8c823e29b2d5c2dd6465388b731a6dccfb0feeb70cb674ab28be9,validation_003,0,2,1834650058,4,,
6,1.2000000000000002,B_front,background_mainline,True,,144.0,20.0,,,,,,,,,,,,,,,,,,,,,,67008,0,fc67b5b9a2d8c823e29b2d5c2dd6465388b731a6dccfb0feeb70cb674ab28be9,validation_003,0,2,1834650058,4,,
6,1.2000000000000002,B_rear,background_mainline,True,,26.346345420577936,18.168371143538728,,,,,,,,,,,,,,,,,,,,,,67008,0,fc67b5b9a2d8c823e29b2d5c2dd6465388b731a6dccfb0feeb70cb674ab28be9,validation_003,0,2,1834650058,4,,
7,1.4000000000000001,A,mainline,True,False,56.0,20.0,0,maintain,0.0,0.0,60.79999999999992,16.0,0,0,maintain-maintain,0.029651671648025513,-0.05493459850549698,-0.021500416100025177,0,0.029651671648025513,-0.021500416100025177,0.05115208774805069,0.08458627015352249,"[true, true, true]",False,False,False,67008,0,fc67b5b9a2d8c823e29b2d5c2dd6465388b731a6dccfb0feeb70cb674ab28be9,validation_003,0,2,1834650058,4,,
7,1.4000000000000001,B,ramp,True,False,60.79999999999992,16.0,0,maintain,0.0,0.0,56.0,20.0,0,0,maintain-maintain,0.14806580543518066,-0.02278856933116913,-0.09865772724151611,0,0.14806580543518066,-0.02278856933116913,0.1708543747663498,0.24672353267669678,"[true, true, true]",False,False,False,67008,0,fc67b5b9a2d8c823e29b2d5c2dd6465388b731a6dccfb0feeb70cb674ab28be9,validation_003,0,2,1834650058,4,,
7,1.4000000000000001,B_front,background_mainline,True,,148.0,20.0,,,,,,,,,,,,,,,,,,,,,,67008,0,fc67b5b9a2d8c823e29b2d5c2dd6465388b731a6dccfb0feeb70cb674ab28be9,validation_003,0,2,1834650058,4,,
7,1.4000000000000001,B_rear,background_mainline,True,,29.97099247115752,18.081238737388432,,,,,,,,,,,,,,,,,,,,,,67008,0,fc67b5b9a2d8c823e29b2d5c2dd6465388b731a6dccfb0feeb70cb674ab28be9,validation_003,0,2,1834650058,4,,
8,1.6,A,mainline,True,False,60.0,20.0,0,maintain,0.0,0.0,63.99999999999991,16.0,0,0,maintain-maintain,0.028149545192718506,-0.054082054644823074,-0.020505577325820923,0,0.028149545192718506,-0.020505577325820923,0.04865512251853943,0.08223159983754158,"[true, true, true]",False,False,False,67008,0,fc67b5b9a2d8c823e29b2d5c2dd6465388b731a6dccfb0feeb70cb674ab28be9,validation_003,0,2,1834650058,4,,
8,1.6,B,ramp,True,False,63.99999999999991,16.0,0,maintain,0.0,0.0,60.0,20.0,0,0,maintain-maintain,0.14964182674884796,-0.020998112857341766,-0.09845316410064697,0,0.14964182674884796,-0.020998112857341766,0.17063993960618973,0.24809499084949493,"[true, true, true]",False,False,False,67008,0,fc67b5b9a2d8c823e29b2d5c2dd6465388b731a6dccfb0feeb70cb674ab28be9,validation_003,0,2,1834650058,4,,
8,1.6,B_front,background_mainline,True,,152.0,20.0,,,,,,,,,,,,,,,,,,,,,,67008,0,fc67b5b9a2d8c823e29b2d5c2dd6465388b731a6dccfb0feeb70cb674ab28be9,validation_003,0,2,1834650058,4,,
8,1.6,B_rear,background_mainline,True,,33.58008240344489,18.012195307757786,,,,,,,,,,,,,,,,,,,,,,67008,0,fc67b5b9a2d8c823e29b2d5c2dd6465388b731a6dccfb0feeb70cb674ab28be9,validation_003,0,2,1834650058,4,,
9,1.8,A,mainline,True,False,64.0,20.0,0,maintain,0.0,0.0,67.1999999999999,16.0,0,0,maintain-maintain,0.02647271752357483,-0.053281381726264954,-0.01938663423061371,0,0.02647271752357483,-0.01938663423061371,0.04585935175418854,0.07975409924983978,"[true, true, true]",False,False,False,67008,0,fc67b5b9a2d8c823e29b2d5c2dd6465388b731a6dccfb0feeb70cb674ab28be9,validation_003,0,2,1834650058,4,,
9,1.8,B,ramp,True,False,67.1999999999999,16.0,0,maintain,0.0,0.0,64.0,20.0,0,0,maintain-maintain,0.1504005342721939,-0.0182647705078125,-0.09890902042388916,0,0.1504005342721939,-0.0182647705078125,0.1686653047800064,0.24930955469608307,"[true, true, true]",False,False,False,67008,0,fc67b5b9a2d8c823e29b2d5c2dd6465388b731a6dccfb0feeb70cb674ab28be9,validation_003,0,2,1834650058,4,,
9,1.8,B_front,background_mainline,True,,156.0,20.0,,,,,,,,,,,,,,,,,,,,,,67008,0,fc67b5b9a2d8c823e29b2d5c2dd6465388b731a6dccfb0feeb70cb674ab28be9,validation_003,0,2,1834650058,4,,
9,1.8,B_rear,background_mainline,True,,37.176878382210035,17.957832915032608,,,,,,,,,,,,,,,,,,,,,,67008,0,fc67b5b9a2d8c823e29b2d5c2dd6465388b731a6dccfb0feeb70cb674ab28be9,validation_003,0,2,1834650058,4,,
10,2.0,A,mainline,True,False,68.0,20.0,0,maintain,0.0,0.0,70.39999999999989,16.0,0,0,maintain-maintain,0.024808824062347412,-0.0525040477514267,-0.018283963203430176,0,0.024808824062347412,-0.018283963203430176,0.04309278726577759,0.07731287181377411,"[true, true, true]",False,False,False,67008,0,fc67b5b9a2d8c823e29b2d5c2dd6465388b731a6dccfb0feeb70cb674ab28be9,validation_003,0,2,1834650058,4,,
10,2.0,B,ramp,True,False,70.39999999999989,16.0,0,maintain,0.0,0.0,68.0,20.0,0,0,maintain-maintain,0.15099681913852692,-0.015391767024993896,-0.09944736212491989,0,0.15099681913852692,-0.015391767024993896,0.1663885861635208,0.2504441812634468,"[true, true, true]",False,False,False,67008,0,fc67b5b9a2d8c823e29b2d5c2dd6465388b731a6dccfb0feeb70cb674ab28be9,validation_003,0,2,1834650058,4,,
10,2.0,B_front,background_mainline,True,,160.0,20.0,,,,,,,,,,,,,,,,,,,,,,67008,0,fc67b5b9a2d8c823e29b2d5c2dd6465388b731a6dccfb0feeb70cb674ab28be9,validation_003,0,2,1834650058,4,,
10,2.0,B_rear,background_mainline,True,,40.7640416374725,17.91550248138286,,,,,,,,,,,,,,,,,,,,,,67008,0,fc67b5b9a2d8c823e29b2d5c2dd6465388b731a6dccfb0feeb70cb674ab28be9,validation_003,0,2,1834650058,4,,
11,2.2,A,mainline,True,False,72.0,20.0,0,maintain,0.0,0.0,73.59999999999988,16.0,0,0,maintain-maintain,0.023491375148296356,-0.05203009396791458,-0.01708666980266571,0,0.023491375148296356,-0.01708666980266571,0.04057804495096207,0.07552146911621094,"[true, true, true]",False,False,False,67008,0,fc67b5b9a2d8c823e29b2d5c2dd6465388b731a6dccfb0feeb70cb674ab28be9,validation_003,0,2,1834650058,4,,
11,2.2,B,ramp,True,False,73.59999999999988,16.0,0,maintain,0.0,0.0,72.0,20.0,0,0,maintain-maintain,0.15094591677188873,-0.01294437050819397,-0.10000193119049072,0,0.15094591677188873,-0.01294437050819397,0.1638902872800827,0.25094784796237946,"[true, true, true]",False,False,False,67008,0,fc67b5b9a2d8c823e29b2d5c2dd6465388b731a6dccfb0feeb70cb674ab28be9,validation_003,0,2,1834650058,4,,
11,2.2,B_front,background_mainline,True,,164.0,20.0,,,,,,,,,,,,,,,,,,,,,,67008,0,fc67b5b9a2d8c823e29b2d5c2dd6465388b731a6dccfb0feeb70cb674ab28be9,validation_003,0,2,1834650058,4,,
11,2.2,B_rear,background_mainline,True,,44.34376194699707,17.883112703357657,,,,,,,,,,,,,,,,,,,,,,67008,0,fc67b5b9a2d8c823e29b2d5c2dd6465388b731a6dccfb0feeb70cb674ab28be9,validation_003,0,2,1834650058,4,,
12,2.4000000000000004,A,mainline,True,False,76.0,20.0,0,maintain,0.0,0.0,76.79999999999987,16.0,0,0,maintain-maintain,0.022317714989185333,-0.0516863614320755,-0.015857219696044922,0,0.022317714989185333,-0.015857219696044922,0.038174934685230255,0.07400407642126083,"[true, true, true]",False,False,False,67008,0,fc67b5b9a2d8c823e29b2d5c2dd6465388b731a6dccfb0feeb70cb674ab28be9,validation_003,0,2,1834650058,4,,
12,2.4000000000000004,B,ramp,True,False,76.79999999999987,16.0,0,maintain,0.0,0.0,76.0,20.0,0,0,maintain-maintain,0.1508968472480774,-0.010496869683265686,-0.10056572407484055,0,0.1508968472480774,-0.010496869683265686,0.16139371693134308,0.25146257132291794,"[true, true, true]",False,False,False,67008,0,fc67b5b9a2d8c823e29b2d5c2dd6465388b731a6dccfb0feeb70cb674ab28be9,validation_003,0,2,1834650058,4,,
12,2.4000000000000004,B_front,background_mainline,True,,168.0,20.0,,,,,,,,,,,,,,,,,,,,,,67008,0,fc67b5b9a2d8c823e29b2d5c2dd6465388b731a6dccfb0feeb70cb674ab28be9,validation_003,0,2,1834650058,4,,
12,2.4000000000000004,B_rear,background_mainline,True,,47.91785446244585,17.858990433126642,,,,,,,,,,,,,,,,,,,,,,67008,0,fc67b5b9a2d8c823e29b2d5c2dd6465388b731a6dccfb0feeb70cb674ab28be9,validation_003,0,2,1834650058,4,,
13,2.6,A,mainline,True,False,80.0,20.0,0,maintain,0.0,0.0,79.99999999999986,16.0,0,0,maintain-maintain,0.021146737039089203,-0.05135206878185272,-0.014638803899288177,0,0.021146737039089203,-0.014638803899288177,0.03578554093837738,0.07249880582094193,"[true, true, true]",False,False,False,67008,0,fc67b5b9a2d8c823e29b2d5c2dd6465388b731a6dccfb0feeb70cb674ab28be9,validation_003,0,2,1834650058,4,,
13,2.6,B,ramp,True,False,79.99999999999986,16.0,0,maintain,0.0,0.0,80.0,20.0,0,0,maintain-maintain,0.15084922313690186,-0.008049197494983673,-0.1011371836066246,0,0.15084922313690186,-0.008049197494983673,0.15889842063188553,0.25198640674352646,"[true, true, true]",False,False,False,67008,0,fc67b5b9a2d8c823e29b2d5c2dd6465388b731a6dccfb0feeb70cb674ab28be9,validation_003,0,2,1834650058,4,,
13,2.6,B_front,background_mainline,True,,172.0,20.0,,,,,,,,,,,,,,,,,,,,,,67008,0,fc67b5b9a2d8c823e29b2d5c2dd6465388b731a6dccfb0feeb70cb674ab28be9,validation_003,0,2,1834650058,4,,
13,2.6,B_rear,background_mainline,True,,51.487832908435976,17.84178147527624,,,,,,,,,,,,,,,,,,,,,,67008,0,fc67b5b9a2d8c823e29b2d5c2dd6465388b731a6dccfb0feeb70cb674ab28be9,validation_003,0,2,1834650058,4,,
14,2.8000000000000003,A,mainline,True,False,84.0,20.0,0,maintain,0.0,0.0,83.19999999999985,16.0,0,0,maintain-maintain,0.019965901970863342,-0.05103732645511627,-0.013432487845420837,0,0.019965901970863342,-0.013432487845420837,0.03339838981628418,0.07100322842597961,"[true, true, true]",False,False,False,67008,0,fc67b5b9a2d8c823e29b2d5c2dd6465388b731a6dccfb0feeb70cb674ab28be9,validation_003,0,2,1834650058,4,,
14,2.8000000000000003,B,ramp,True,False,83.19999999999985,16.0,0,maintain,0.0,0.0,84.0,20.0,0,0,maintain-maintain,0.1507425606250763,-0.005340546369552612,-0.10052467882633209,0,0.1507425606250763,-0.005340546369552612,0.1560831069946289,0.2512672394514084,"[true, true, true]",False,False,False,67008,0,fc67b5b9a2d8c823e29b2d5c2dd6465388b731a6dccfb0feeb70cb674ab28be9,validation_003,0,2,1834650058,4,,
14,2.8000000000000003,B_front,background_mainline,True,,176.0,20.0,,,,,,,,,,,,,,,,,,,,,,67008,0,fc67b5b9a2d8c823e29b2d5c2dd6465388b731a6dccfb0feeb70cb674ab28be9,validation_003,0,2,1834650058,4,,
14,2.8000000000000003,B_rear,background_mainline,True,,55.05496583010487,17.830378655921983,,,,,,,,,,,,,,,,,,,,,,67008,0,fc67b5b9a2d8c823e29b2d5c2dd6465388b731a6dccfb0feeb70cb674ab28be9,validation_003,0,2,1834650058,4,,
15,3.0,A,mainline,True,False,88.0,20.0,0,maintain,0.0,0.0,86.39999999999984,16.0,0,0,maintain-maintain,0.01882723718881607,-0.05085533857345581,-0.012339547276496887,0,0.01882723718881607,-0.012339547276496887,0.031166784465312958,0.06968257576227188,"[true, true, true]",False,False,False,67008,0,fc67b5b9a2d8c823e29b2d5c2dd6465388b731a6dccfb0feeb70cb674ab28be9,validation_003,0,2,1834650058,4,,
15,3.0,B,ramp,True,False,86.39999999999984,16.0,0,maintain,0.0,0.0,88.0,20.0,0,0,maintain-maintain,0.15051868557929993,-0.002547934651374817,-0.10000798106193542,0,0.15051868557929993,-0.002547934651374817,0.15306662023067474,0.25052666664123535,"[true, true, true]",False,False,False,67008,0,fc67b5b9a2d8c823e29b2d5c2dd6465388b731a6dccfb0feeb70cb674ab28be9,validation_003,0,2,1834650058,4,,
15,3.0,B_front,background_mainline,True,,180.0,20.0,,,,,,,,,,,,,,,,,,,,,,67008,0,fc67b5b9a2d8c823e29b2d5c2dd6465388b731a6dccfb0feeb70cb674ab28be9,validation_003,0,2,1834650058,4,,
15,3.0,B_rear,background_mainline,True,,58.62032044288004,17.82386872025833,,,,,,,,,,,,,,,,,,,,,,67008,0,fc67b5b9a2d8c823e29b2d5c2dd6465388b731a6dccfb0feeb70cb674ab28be9,validation_003,0,2,1834650058,4,,
16,3.2,A,mainline,True,False,92.0,20.0,0,maintain,0.0,0.0,89.59999999999982,16.0,0,0,maintain-maintain,0.01786091923713684,-0.05096711963415146,-0.0117570161819458,0,0.01786091923713684,-0.0117570161819458,0.02961793541908264,0.0688280388712883,"[true, true, true]",False,False,False,67008,0,fc67b5b9a2d8c823e29b2d5c2dd6465388b731a6dccfb0feeb70cb674ab28be9,validation_003,0,2,1834650058,4,,
16,3.2,B,ramp,True,False,89.59999999999982,16.0,0,maintain,0.0,0.0,92.0,20.0,0,0,maintain-maintain,0.1506287306547165,-0.00017797201871871948,-0.10015833377838135,0,0.1506287306547165,-0.00017797201871871948,0.1508067026734352,0.25078706443309784,"[true, true, true]",False,False,False,67008,0,fc67b5b9a2d8c823e29b2d5c2dd6465388b731a6dccfb0feeb70cb674ab28be9,validation_003,0,2,1834650058,4,,
16,3.2,B_front,background_mainline,True,,184.0,20.0,,,,,,,,,,,,,,,,,,,,,,67008,0,fc67b5b9a2d8c823e29b2d5c2dd6465388b731a6dccfb0feeb70cb674ab28be9,validation_003,0,2,1834650058,4,,
16,3.2,B_rear,background_mainline,True,,62.18479725868787,17.82149249512178,,,,,,,,,,,,,,,,,,,,,,67008,0,fc67b5b9a2d8c823e29b2d5c2dd6465388b731a6dccfb0feeb70cb674ab28be9,validation_003,0,2,1834650058,4,,
17,3.4000000000000004,A,mainline,True,False,96.0,20.0,0,maintain,0.0,0.0,92.79999999999981,16.0,0,0,maintain-maintain,0.017055712640285492,-0.051140196621418,-0.011190533638000488,0,0.017055712640285492,-0.011190533638000488,0.02824624627828598,0.06819590926170349,"[true, true, true]",False,False,False,67008,0,fc67b5b9a2d8c823e29b2d5c2dd6465388b731a6dccfb0feeb70cb674ab28be9,validation_003,0,2,1834650058,4,,
17,3.4000000000000004,B,ramp,True,False,92.79999999999981,16.0,0,maintain,0.0,0.0,96.0,20.0,0,0,maintain-maintain,0.15067681670188904,0.0020229071378707886,-0.1009565144777298,0,0.15067681670188904,0.0020229071378707886,0.14865390956401825,0.25163333117961884,"[true, true, true]",False,False,False,67008,0,fc67b5b9a2d8c823e29b2d5c2dd6465388b731a6dccfb0feeb70cb674ab28be9,validation_003,0,2,1834650058,4,,
17,3.4000000000000004,B_front,background_mainline,True,,188.0,20.0,,,,,,,,,,,,,,,,,,,,,,67008,0,fc67b5b9a2d8c823e29b2d5c2dd6465388b731a6dccfb0feeb70cb674ab28be9,validation_003,0,2,1834650058,4,,
17,3.4000000000000004,B_rear,background_mainline,True,,65.74915774430865,17.82261456794975,,,,,,,,,,,,,,,,,,,,,,67008,0,fc67b5b9a2d8c823e29b2d5c2dd6465388b731a6dccfb0feeb70cb674ab28be9,validation_003,0,2,1834650058,4,,
18,3.6,A,mainline,True,False,100.0,20.0,0,maintain,0.0,0.0,95.9999999999998,16.0,0,0,maintain-maintain,0.016426436603069305,-0.05138690769672394,-0.01054595410823822,0,0.016426436603069305,-0.01054595410823822,0.026972390711307526,0.06781334429979324,"[true, true, true]",False,False,False,67008,0,fc67b5b9a2d8c823e29b2d5c2dd6465388b731a6dccfb0feeb70cb674ab28be9,validation_003,0,2,1834650058,4,,
18,3.6,B,ramp,True,False,95.9999999999998,16.0,0,maintain,0.0,0.0,100.0,20.0,0,0,maintain-maintain,0.15077131986618042,0.0042145103216171265,-0.10176347196102142,0,0.15077131986618042,0.0042145103216171265,0.1465568095445633,0.25253479182720184,"[true, true, true]",False,False,False,67008,0,fc67b5b9a2d8c823e29b2d5c2dd6465388b731a6dccfb0feeb70cb674ab28be9,validation_003,0,2,1834650058,4,,
18,3.6,B_front,background_mainline,True,,192.0,20.0,,,,,,,,,,,,,,,,,,,,,,67008,0,fc67b5b9a2d8c823e29b2d5c2dd6465388b731a6dccfb0feeb70cb674ab28be9,validation_003,0,2,1834650058,4,,
18,3.6,B_rear,background_mainline,True,,69.31404664279964,17.82669990521531,,,,,,,,,,,,,,,,,,,,,,67008,0,fc67b5b9a2d8c823e29b2d5c2dd6465388b731a6dccfb0feeb70cb674ab28be9,validation_003,0,2,1834650058,4,,
19,3.8000000000000003,A,mainline,True,False,104.0,20.0,0,maintain,0.0,0.0,99.19999999999979,16.0,0,0,maintain-maintain,0.015880532562732697,-0.05168453976511955,-0.009851805865764618,0,0.015880532562732697,-0.009851805865764618,0.025732338428497314,0.06756507232785225,"[true, true, true]",False,False,False,67008,0,fc67b5b9a2d8c823e29b2d5c2dd6465388b731a6dccfb0feeb70cb674ab28be9,validation_003,0,2,1834650058,4,,
19,3.8000000000000003,B,ramp,True,False,99.19999999999979,16.0,0,maintain,0.0,0.0,104.0,20.0,0,0,maintain-maintain,0.15108448266983032,0.005981266498565674,-0.10223585367202759,0,0.15108448266983032,0.005981266498565674,0.14510321617126465,0.2533203363418579,"[true, true, true]",False,False,False,67008,0,fc67b5b9a2d8c823e29b2d5c2dd6465388b731a6dccfb0feeb70cb674ab28be9,validation_003,0,2,1834650058,4,,
19,3.8000000000000003,B_front,background_mainline,True,,196.0,20.0,,,,,,,,,,,,,,,,,,,,,,67008,0,fc67b5b9a2d8c823e29b2d5c2dd6465388b731a6dccfb0feeb70cb674ab28be9,validation_003,0,2,1834650058,4,,
19,3.8000000000000003,B_rear,background_mainline,True,,72.88001015572469,17.833295606636447,,,,,,,,,,,,,,,,,,,,,,67008,0,fc67b5b9a2d8c823e29b2d5c2dd6465388b731a6dccfb0feeb70cb674ab28be9,validation_003,0,2,1834650058,4,,
20,4.0,A,mainline,True,False,108.0,20.0,0,maintain,0.0,0.0,102.39999999999978,16.0,0,0,maintain-maintain,0.015332236886024475,-0.051998037844896317,-0.009166531264781952,0,0.015332236886024475,-0.009166531264781952,0.024498768150806427,0.06733027473092079,"[true, true, true]",False,False,False,67008,0,fc67b5b9a2d8c823e29b2d5c2dd6465388b731a6dccfb0feeb70cb674ab28be9,validation_003,0,2,1834650058,4,,
20,4.0,B,ramp,True,False,102.39999999999978,16.0,0,maintain,0.0,0.0,108.0,20.0,0,0,maintain-maintain,0.15140634775161743,0.0076361894607543945,-0.10273899137973785,0,0.15140634775161743,0.0076361894607543945,0.14377015829086304,0.2541453391313553,"[true, true, true]",False,False,False,67008,0,fc67b5b9a2d8c823e29b2d5c2dd6465388b731a6dccfb0feeb70cb674ab28be9,validation_003,0,2,1834650058,4,,
20,4.0,B_front,background_mainline,True,,200.0,20.0,,,,,,,,,,,,,,,,,,,,,,67008,0,fc67b5b9a2d8c823e29b2d5c2dd6465388b731a6dccfb0feeb70cb674ab28be9,validation_003,0,2,1834650058,4,,
20,4.0,B_rear,background_mainline,True,,76.44751087836282,17.842016511867854,,,,,,,,,,,,,,,,,,,,,,67008,0,fc67b5b9a2d8c823e29b2d5c2dd6465388b731a6dccfb0feeb70cb674ab28be9,validation_003,0,2,1834650058,4,,
21,4.2,A,mainline,True,False,112.0,20.0,0,maintain,0.0,0.0,105.59999999999977,16.0,0,0,maintain-maintain,0.014965072274208069,-0.05225272476673126,-0.008489876985549927,0,0.014965072274208069,-0.008489876985549927,0.023454949259757996,0.06721779704093933,"[true, true, true]",False,False,False,67008,0,fc67b5b9a2d8c823e29b2d5c2dd6465388b731a6dccfb0feeb70cb674ab28be9,validation_003,0,2,1834650058,4,2.284989876818045,
21,4.2,B,ramp,True,False,105.59999999999977,16.0,0,maintain,0.0,0.0,112.0,20.0,0,0,maintain-maintain,0.15189649164676666,0.008953258395195007,-0.10363567620515823,0,0.15189649164676666,0.008953258395195007,0.14294323325157166,0.2555321678519249,"[true, true, true]",False,False,False,67008,0,fc67b5b9a2d8c823e29b2d5c2dd6465388b731a6dccfb0feeb70cb674ab28be9,validation_003,0,2,1834650058,4,2.284989876818045,
21,4.2,B_front,background_mainline,True,,204.0,20.0,,,,,,,,,,,,,,,,,,,,,,67008,0,fc67b5b9a2d8c823e29b2d5c2dd6465388b731a6dccfb0feeb70cb674ab28be9,validation_003,0,2,1834650058,4,,
21,4.2,B_rear,background_mainline,True,,79.98103908377732,17.38859560954441,,,,,,,,,,,,,,,,,,,,,,67008,0,fc67b5b9a2d8c823e29b2d5c2dd6465388b731a6dccfb0feeb70cb674ab28be9,validation_003,0,2,1834650058,4,,
22,4.4,A,mainline,True,False,116.0,20.0,0,maintain,0.0,0.0,108.79999999999976,16.0,0,0,maintain-maintain,0.01906973123550415,-0.06451986730098724,-0.011235125362873077,0,0.01906973123550415,-0.011235125362873077,0.030304856598377228,0.0835895985364914,"[true, true, true]",False,False,False,67008,0,fc67b5b9a2d8c823e29b2d5c2dd6465388b731a6dccfb0feeb70cb674ab28be9,validation_003,0,2,1834650058,4,3.109599814581543,
22,4.4,B,ramp,True,False,108.79999999999976,16.0,0,maintain,0.0,0.0,116.0,20.0,0,0,maintain-maintain,0.164364293217659,0.015669122338294983,-0.09795436263084412,0,0.164364293217659,0.015669122338294983,0.148695170879364,0.2623186558485031,"[true, true, true]",False,False,False,67008,0,fc67b5b9a2d8c823e29b2d5c2dd6465388b731a6dccfb0feeb70cb674ab28be9,validation_003,0,2,1834650058,4,3.109599814581543,
22,4.4,B_front,background_mainline,True,,208.0,20.0,,,,,,,,,,,,,,,,,,,,,,67008,0,fc67b5b9a2d8c823e29b2d5c2dd6465388b731a6dccfb0feeb70cb674ab28be9,validation_003,0,2,1834650058,4,,
22,4.4,B_rear,background_mainline,True,,83.4090973401843,16.911791579674535,,,,,,,,,,,,,,,,,,,,,,67008,0,fc67b5b9a2d8c823e29b2d5c2dd6465388b731a6dccfb0feeb70cb674ab28be9,validation_003,0,2,1834650058,4,,
23,4.6000000000000005,A,mainline,True,False,120.0,20.0,0,maintain,0.0,0.0,111.99999999999974,16.0,0,0,maintain-maintain,0.019436880946159363,-0.06522610783576965,-0.010583661496639252,0,0.019436880946159363,-0.010583661496639252,0.030020542442798615,0.08466298878192902,"[true, true, true]",False,False,False,67008,0,fc67b5b9a2d8c823e29b2d5c2dd6465388b731a6dccfb0feeb70cb674ab28be9,validation_003,0,2,1834650058,4,3.93294191761197,
23,4.6000000000000005,B,ramp,True,False,111.99999999999974,16.0,0,maintain,0.0,0.0,120.0,20.0,0,0,maintain-maintain,0.16525092720985413,0.017582029104232788,-0.0993214100599289,0,0.16525092720985413,0.017582029104232788,0.14766889810562134,0.264572337269783,"[true, true, true]",False,False,False,67008,0,fc67b5b9a2d8c823e29b2d5c2dd6465388b731a6dccfb0feeb70cb674ab28be9,validation_003,0,2,1834650058,4,3.93294191761197,
23,4.6000000000000005,B_front,background_mainline,True,,212.0,20.0,,,,,,,,,,,,,,,,,,,,,,67008,0,fc67b5b9a2d8c823e29b2d5c2dd6465388b731a6dccfb0feeb70cb674ab28be9,validation_003,0,2,1834650058,4,,
23,4.6000000000000005,B_rear,background_mainline,True,,86.75308936921229,16.54218493204037,,,,,,,,,,,,,,,,,,,,,,67008,0,fc67b5b9a2d8c823e29b2d5c2dd6465388b731a6dccfb0feeb70cb674ab28be9,validation_003,0,2,1834650058,4,,
24,4.800000000000001,A,mainline,True,False,124.0,20.0,0,maintain,0.0,0.0,115.19999999999973,16.0,0,0,maintain-maintain,0.01991451531648636,-0.0658600926399231,-0.010171428322792053,0,0.01991451531648636,-0.010171428322792053,0.030085943639278412,0.08577460795640945,"[true, true, true]",False,False,False,67008,0,fc67b5b9a2d8c823e29b2d5c2dd6465388b731a6dccfb0feeb70cb674ab28be9,validation_003,0,2,1834650058,4,4.75312183850221,
24,4.800000000000001,B,ramp,True,False,115.19999999999973,16.0,0,maintain,0.0,0.0,124.0,20.0,0,0,maintain-maintain,0.16620585322380066,0.019398361444473267,-0.10071326792240143,0,0.16620585322380066,0.019398361444473267,0.1468074917793274,0.2669191211462021,"[true, true, true]",False,False,False,67008,0,fc67b5b9a2d8c823e29b2d5c2dd6465388b731a6dccfb0feeb70cb674ab28be9,validation_003,0,2,1834650058,4,4.75312183850221,
24,4.800000000000001,B_front,background_mainline,True,,216.0,20.0,,,,,,,,,,,,,,,,,,,,,,67008,0,fc67b5b9a2d8c823e29b2d5c2dd6465388b731a6dccfb0feeb70cb674ab28be9,validation_003,0,2,1834650058,4,,
24,4.800000000000001,B_rear,background_mainline,True,,90.0312862776349,16.25017918992377,,,,,,,,,,,,,,,,,,,,,,67008,0,fc67b5b9a2d8c823e29b2d5c2dd6465388b731a6dccfb0feeb70cb674ab28be9,validation_003,0,2,1834650058,4,,
25,5.0,A,mainline,True,False,128.0,20.0,0,maintain,0.0,0.0,118.39999999999972,16.0,0,0,maintain-maintain,0.020367980003356934,-0.06663966178894043,-0.010045439004898071,0,0.020367980003356934,-0.010045439004898071,0.030413419008255005,0.08700764179229736,"[true, true, true]",False,False,False,67008,0,fc67b5b9a2d8c823e29b2d5c2dd6465388b731a6dccfb0feeb70cb674ab28be9,validation_003,0,2,1834650058,4,5.568844526611201,
25,5.0,B,ramp,True,False,118.39999999999972,16.0,0,maintain,0.0,0.0,128.0,20.0,0,0,maintain-maintain,0.167738139629364,0.02059362083673477,-0.10150250047445297,0,0.167738139629364,0.02059362083673477,0.14714451879262924,0.269240640103817,"[true, true, true]",False,False,False,67008,0,fc67b5b9a2d8c823e29b2d5c2dd6465388b731a6dccfb0feeb70cb674ab28be9,validation_003,0,2,1834650058,4,5.568844526611201,
25,5.0,B_front,background_mainline,True,,220.0,20.0,,,,,,,,,,,,,,,,,,,,,,67008,0,fc67b5b9a2d8c823e29b2d5c2dd6465388b731a6dccfb0feeb70cb674ab28be9,validation_003,0,2,1834650058,4,,
25,5.0,B_rear,background_mainline,True,,93.25715443826745,16.016433442139796,,,,,,,,,,,,,,,,,,,,,,67008,0,fc67b5b9a2d8c823e29b2d5c2dd6465388b731a6dccfb0feeb70cb674ab28be9,validation_003,0,2,1834650058,4,,
26,5.2,A,mainline,True,False,132.0,20.0,0,maintain,0.0,0.0,121.59999999999971,16.0,0,0,maintain-maintain,0.020809419453144073,-0.06760072708129883,-0.010398592799901962,0,0.020809419453144073,-0.010398592799901962,0.031208012253046036,0.0884101465344429,"[true, true, true]",False,False,False,67008,0,fc67b5b9a2d8c823e29b2d5c2dd6465388b731a6dccfb0feeb70cb674ab28be9,validation_003,0,2,1834650058,4,6.3796493711625715,
26,5.2,B,ramp,True,False,121.59999999999971,16.0,0,maintain,0.0,0.0,132.0,20.0,0,0,maintain-maintain,0.1687576174736023,0.021808862686157227,-0.10276001691818237,0,0.1687576174736023,0.021808862686157227,0.14694875478744507,0.27151763439178467,"[true, true, true]",False,False,False,67008,0,fc67b5b9a2d8c823e29b2d5c2dd6465388b731a6dccfb0feeb70cb674ab28be9,validation_003,0,2,1834650058,4,6.3796493711625715,
26,5.2,B_front,background_mainline,True,,224.0,20.0,,,,,,,,,,,,,,,,,,,,,,67008,0,fc67b5b9a2d8c823e29b2d5c2dd6465388b731a6dccfb0feeb70cb674ab28be9,validation_003,0,2,1834650058,4,,
26,5.2,B_rear,background_mainline,True,,96.44094401959697,15.82766084231958,,,,,,,,,,,,,,,,,,,,,,67008,0,fc67b5b9a2d8c823e29b2d5c2dd6465388b731a6dccfb0feeb70cb674ab28be9,validation_003,0,2,1834650058,4,,
27,5.4,A,mainline,True,False,136.0,20.0,0,maintain,0.0,0.0,124.7999999999997,16.0,0,0,maintain-maintain,0.02142956107854843,-0.06841722875833511,-0.010899767279624939,0,0.02142956107854843,-0.010899767279624939,0.03232932835817337,0.08984678983688354,"[true, true, true]",False,False,False,67008,0,fc67b5b9a2d8c823e29b2d5c2dd6465388b731a6dccfb0feeb70cb674ab28be9,validation_003,0,2,1834650058,4,7.185953575393128,
27,5.4,B,ramp,True,False,124.7999999999997,16.0,0,maintain,0.0,0.0,136.0,20.0,0,0,maintain-maintain,0.16975811123847961,0.02303335815668106,-0.10408572107553482,0,0.16975811123847961,0.02303335815668106,0.14672475308179855,0.27384383231401443,"[true, true, true]",False,False,False,67008,0,fc67b5b9a2d8c823e29b2d5c2dd6465388b731a6dccfb0feeb70cb674ab28be9,validation_003,0,2,1834650058,4,7.185953575393128,
27,5.4,B_front,background_mainline,True,,228.0,20.0,,,,,,,,,,,,,,,,,,,,,,67008,0,fc67b5b9a2d8c823e29b2d5c2dd6465388b731a6dccfb0feeb70cb674ab28be9,validation_003,0,2,1834650058,4,,
27,5.4,B_rear,background_mainline,True,,99.5906523776262,15.674358173738902,,,,,,,,,,,,,,,,,,,,,,67008,0,fc67b5b9a2d8c823e29b2d5c2dd6465388b731a6dccfb0feeb70cb674ab28be9,validation_003,0,2,1834650058,4,,
28,5.6000000000000005,A,mainline,True,False,140.0,20.0,0,maintain,0.0,0.0,127.99999999999969,16.0,0,0,maintain-maintain,0.02242189645767212,-0.06886104494333267,-0.011712759733200073,0,0.02242189645767212,-0.011712759733200073,0.03413465619087219,0.09128294140100479,"[true, true, true]",False,False,False,67008,0,fc67b5b9a2d8c823e29b2d5c2dd6465388b731a6dccfb0feeb70cb674ab28be9,validation_003,0,2,1834650058,4,7.988865144610429,
28,5.6000000000000005,B,ramp,True,False,127.99999999999969,16.0,0,maintain,0.0,0.0,140.0,20.0,0,0,maintain-maintain,0.17064912617206573,0.024244286119937897,-0.10595142096281052,0,0.17064912617206573,0.024244286119937897,0.14640484005212784,0.27660054713487625,"[true, true, true]",False,False,False,67008,0,fc67b5b9a2d8c823e29b2d5c2dd6465388b731a6dccfb0feeb70cb674ab28be9,validation_003,0,2,1834650058,4,7.988865144610429,
28,5.6000000000000005,B_front,background_mainline,True,,232.0,20.0,,,,,,,,,,,,,,,,,,,,,,67008,0,fc67b5b9a2d8c823e29b2d5c2dd6465388b731a6dccfb0feeb70cb674ab28be9,validation_003,0,2,1834650058,4,,
28,5.6000000000000005,B_rear,background_mainline,True,,102.71263928021976,15.549497342847742,,,,,,,,,,,,,,,,,,,,,,67008,0,fc67b5b9a2d8c823e29b2d5c2dd6465388b731a6dccfb0feeb70cb674ab28be9,validation_003,0,2,1834650058,4,,
29,5.800000000000001,A,mainline,True,False,144.0,20.0,0,maintain,0.0,0.0,131.19999999999973,16.0,0,0,maintain-maintain,0.023410387337207794,-0.06931231915950775,-0.01253490149974823,0,0.023410387337207794,-0.01253490149974823,0.035945288836956024,0.09272270649671555,"[true, true, true]",False,False,False,67008,0,fc67b5b9a2d8c823e29b2d5c2dd6465388b731a6dccfb0feeb70cb674ab28be9,validation_003,0,2,1834650058,4,8.789787458334047,
29,5.800000000000001,B,ramp,True,False,131.19999999999973,16.0,0,maintain,0.0,0.0,144.0,20.0,0,0,maintain-maintain,0.1708882600069046,0.024640947580337524,-0.1074797511100769,0,0.1708882600069046,0.024640947580337524,0.14624731242656708,0.2783680111169815,"[true, true, true]",False,False,False,67008,0,fc67b5b9a2d8c823e29b2d5c2dd6465388b731a6dccfb0feeb70cb674ab28be9,validation_003,0,2,1834650058,4,8.789787458334047,
29,5.800000000000001,B_front,background_mainline,True,,236.0,20.0,,,,,,,,,,,,,,,,,,,,,,67008,0,fc67b5b9a2d8c823e29b2d5c2dd6465388b731a6dccfb0feeb70cb674ab28be9,validation_003,0,2,1834650058,4,,
29,5.800000000000001,B_rear,background_mainline,True,,105.81203693585914,15.447735008636178,,,,,,,,,,,,,,,,,,,,,,67008,0,fc67b5b9a2d8c823e29b2d5c2dd6465388b731a6dccfb0feeb70cb674ab28be9,validation_003,0,2,1834650058,4,,
30,6.0,A,mainline,True,False,148.0,20.0,0,maintain,0.0,0.0,134.39999999999978,16.0,0,0,maintain-maintain,0.024360835552215576,-0.06975840032100677,-0.013206377625465393,0,0.024360835552215576,-0.013206377625465393,0.03756721317768097,0.09411923587322235,"[true, true, true]",False,False,False,67008,0,fc67b5b9a2d8c823e29b2d5c2dd6465388b731a6dccfb0feeb70cb674ab28be9,validation_003,0,2,1834650058,4,9.589928132270643,
30,6.0,B,ramp,True,False,134.39999999999978,16.0,0,maintain,0.0,0.0,148.0,20.0,0,0,maintain-maintain,0.17148542404174805,0.02474193274974823,-0.10850103944540024,0,0.17148542404174805,0.02474193274974823,0.14674349129199982,0.2799864634871483,"[true, true, true]",False,False,False,67008,0,fc67b5b9a2d8c823e29b2d5c2dd6465388b731a6dccfb0feeb70cb674ab28be9,validation_003,0,2,1834650058,4,9.589928132270643,
30,6.0,B_front,background_mainline,True,,240.0,20.0,,,,,,,,,,,,,,,,,,,,,,67008,0,fc67b5b9a2d8c823e29b2d5c2dd6465388b731a6dccfb0feeb70cb674ab28be9,validation_003,0,2,1834650058,4,,
30,6.0,B_rear,background_mainline,True,,108.89303406461607,15.364918818430988,,,,,,,,,,,,,,,,,,,,,,67008,0,fc67b5b9a2d8c823e29b2d5c2dd6465388b731a6dccfb0feeb70cb674ab28be9,validation_003,0,2,1834650058,4,,
31,6.2,A,mainline,True,False,152.0,20.0,0,maintain,0.0,0.0,137.59999999999982,16.0,0,0,maintain-maintain,0.0252901092171669,-0.07020328938961029,-0.013800621032714844,0,0.0252901092171669,-0.013800621032714844,0.039090730249881744,0.09549339860677719,"[true, true, true]",False,False,False,67008,0,fc67b5b9a2d8c823e29b2d5c2dd6465388b731a6dccfb0feeb70cb674ab28be9,validation_003,0,2,1834650058,4,10.389931239476255,
31,6.2,B,ramp,True,False,137.59999999999982,16.0,0,maintain,0.0,0.0,152.0,20.0,0,0,maintain-maintain,0.17196950316429138,0.024935156106948853,-0.10822384059429169,0,0.17196950316429138,0.024935156106948853,0.14703434705734253,0.28019334375858307,"[true, true, true]",False,False,False,67008,0,fc67b5b9a2d8c823e29b2d5c2dd6465388b731a6dccfb0feeb70cb674ab28be9,validation_003,0,2,1834650058,4,10.389931239476255,
31,6.2,B_front,background_mainline,True,,244.0,20.0,,,,,,,,,,,,,,,,,,,,,,67008,0,fc67b5b9a2d8c823e29b2d5c2dd6465388b731a6dccfb0feeb70cb674ab28be9,validation_003,0,2,1834650058,4,,
31,6.2,B_rear,background_mainline,True,,111.95908025098844,15.29776995495108,,,,,,,,,,,,,,,,,,,,,,67008,0,fc67b5b9a2d8c823e29b2d5c2dd6465388b731a6dccfb0feeb70cb674ab28be9,validation_003,0,2,1834650058,4,,
32,6.4,A,mainline,True,False,156.0,20.0,0,maintain,0.0,0.0,140.79999999999987,16.0,0,0,maintain-maintain,0.02621673047542572,-0.07065535336732864,-0.014401212334632874,0,0.02621673047542572,-0.014401212334632874,0.040617942810058594,0.09687208384275436,"[true, true, true]",False,False,False,67008,0,fc67b5b9a2d8c823e29b2d5c2dd6465388b731a6dccfb0feeb70cb674ab28be9,validation_003,0,2,1834650058,4,11.18993123947621,
32,6.4,B,ramp,True,False,140.79999999999987,16.0,0,maintain,0.0,0.0,156.0,20.0,0,0,maintain-maintain,0.17244134843349457,0.02508426457643509,-0.10784590244293213,0,0.17244134843349457,0.02508426457643509,0.14735708385705948,0.2802872508764267,"[true, true, true]",False,False,False,67008,0,fc67b5b9a2d8c823e29b2d5c2dd6465388b731a6dccfb0feeb70cb674ab28be9,validation_003,0,2,1834650058,4,11.18993123947621,
32,6.4,B_front,background_mainline,True,,248.0,20.0,,,,,,,,,,,,,,,,,,,,,,67008,0,fc67b5b9a2d8c823e29b2d5c2dd6465388b731a6dccfb0feeb70cb674ab28be9,validation_003,0,2,1834650058,4,,
32,6.4,B_rear,background_mainline,True,,115.01303813386669,15.243670054446612,,,,,,,,,,,,,,,,,,,,,,67008,0,fc67b5b9a2d8c823e29b2d5c2dd6465388b731a6dccfb0feeb70cb674ab28be9,validation_003,0,2,1834650058,4,,
33,6.6000000000000005,A,mainline,True,False,160.0,20.0,0,maintain,0.0,0.0,143.99999999999991,16.0,0,0,maintain-maintain,0.02714097499847412,-0.07111901044845581,-0.015010401606559753,0,0.02714097499847412,-0.015010401606559753,0.042151376605033875,0.09825998544692993,"[true, true, true]",False,False,False,67008,0,fc67b5b9a2d8c823e29b2d5c2dd6465388b731a6dccfb0feeb70cb674ab28be9,validation_003,0,2,1834650058,4,11.989931239476164,
33,6.6000000000000005,B,ramp,True,False,143.99999999999991,16.0,0,maintain,0.0,0.0,160.0,20.0,0,0,maintain-maintain,0.172927588224411,0.02502993494272232,-0.10731678456068039,0,0.172927588224411,0.02502993494272232,0.1478976532816887,0.2802443727850914,"[true, true, true]",False,False,False,67008,0,fc67b5b9a2d8c823e29b2d5c2dd6465388b731a6dccfb0feeb70cb674ab28be9,validation_003,0,2,1834650058,4,11.989931239476164,
33,6.6000000000000005,B_front,background_mainline,True,,252.0,20.0,,,,,,,,,,,,,,,,,,,,,,67008,0,fc67b5b9a2d8c823e29b2d5c2dd6465388b731a6dccfb0feeb70cb674ab28be9,validation_003,0,2,1834650058,4,,
33,6.6000000000000005,B_rear,background_mainline,True,,118.057299376634,15.200506813270028,,,,,,,,,,,,,,,,,,,,,,67008,0,fc67b5b9a2d8c823e29b2d5c2dd6465388b731a6dccfb0feeb70cb674ab28be9,validation_003,0,2,1834650058,4,,
34,6.800000000000001,A,mainline,True,False,164.0,20.0,0,maintain,0.0,0.0,147.19999999999996,16.0,0,0,maintain-maintain,0.027731716632843018,-0.07179627567529678,-0.01550670713186264,0,0.027731716632843018,-0.01550670713186264,0.04323842376470566,0.0995279923081398,"[true, true, true]",False,False,False,67008,0,fc67b5b9a2d8c823e29b2d5c2dd6465388b731a6dccfb0feeb70cb674ab28be9,validation_003,0,2,1834650058,4,12.789931239476118,
34,6.800000000000001,B,ramp,True,False,147.19999999999996,16.0,0,maintain,0.0,0.0,164.0,20.0,0,0,maintain-maintain,0.17269963026046753,0.025253675878047943,-0.10685575753450394,0,0.17269963026046753,0.025253675878047943,0.1474459543824196,0.27955538779497147,"[true, true, true]",False,False,False,67008,0,fc67b5b9a2d8c823e29b2d5c2dd6465388b731a6dccfb0feeb70cb674ab28be9,validation_003,0,2,1834650058,4,12.789931239476118,
34,6.800000000000001,B_front,background_mainline,True,,256.0,20.0,,,,,,,,,,,,,,,,,,,,,,67008,0,fc67b5b9a2d8c823e29b2d5c2dd6465388b731a6dccfb0feeb70cb674ab28be9,validation_003,0,2,1834650058,4,,
34,6.800000000000001,B_rear,background_mainline,True,,121.09387370621695,15.16655760358965,,,,,,,,,,,,,,,,,,,,,,67008,0,fc67b5b9a2d8c823e29b2d5c2dd6465388b731a6dccfb0feeb70cb674ab28be9,validation_003,0,2,1834650058,4,,
35,7.0,A,mainline,True,False,168.0,20.0,0,maintain,0.0,0.0,150.4,16.0,0,0,maintain-maintain,0.029420770704746246,-0.07350412756204605,-0.0164567232131958,0,0.029420770704746246,-0.0164567232131958,0.04587749391794205,0.1029248982667923,"[true, true, true]",False,False,False,67008,0,fc67b5b9a2d8c823e29b2d5c2dd6465388b731a6dccfb0feeb70cb674ab28be9,validation_003,0,2,1834650058,4,13.589931239476073,
35,7.0,B,ramp,True,False,150.4,16.0,0,maintain,0.0,0.0,168.0,20.0,0,0,maintain-maintain,0.17156091332435608,0.025972500443458557,-0.10646902024745941,0,0.17156091332435608,0.025972500443458557,0.14558841288089752,0.2780299335718155,"[true, true, true]",False,False,False,67008,0,fc67b5b9a2d8c823e29b2d5c2dd6465388b731a6dccfb0feeb70cb674ab28be9,validation_003,0,2,1834650058,4,13.589931239476073,
35,7.0,B_front,background_mainline,True,,260.0,0.0,,,,,,,,,,,,,,,,,,,,,,67008,0,fc67b5b9a2d8c823e29b2d5c2dd6465388b731a6dccfb0feeb70cb674ab28be9,validation_003,0,2,1834650058,4,,
35,7.0,B_rear,background_mainline,True,,124.12445784843796,15.140403577322122,,,,,,,,,,,,,,,,,,,,,,67008,0,fc67b5b9a2d8c823e29b2d5c2dd6465388b731a6dccfb0feeb70cb674ab28be9,validation_003,0,2,1834650058,4,,
36,7.2,A,mainline,True,False,172.0,20.0,0,maintain,0.0,0.0,153.60000000000005,16.0,0,0,maintain-maintain,0.019154280424118042,-0.0964798852801323,-0.00029354169964790344,0,0.019154280424118042,-0.00029354169964790344,0.019447822123765945,0.11563416570425034,"[true, true, true]",False,False,False,67008,0,fc67b5b9a2d8c823e29b2d5c2dd6465388b731a6dccfb0feeb70cb674ab28be9,validation_003,0,2,1834650058,4,14.389931239476027,
36,7.2,B,ramp,True,False,153.60000000000005,16.0,0,maintain,0.0,0.0,172.0,20.0,0,0,maintain-maintain,0.18085052073001862,0.03307671844959259,-0.12100793421268463,0,0.18085052073001862,0.03307671844959259,0.14777380228042603,0.30185845494270325,"[true, true, true]",False,False,False,67008,0,fc67b5b9a2d8c823e29b2d5c2dd6465388b731a6dccfb0feeb70cb674ab28be9,validation_003,0,2,1834650058,4,14.389931239476027,
36,7.2,B_front,background_mainline,True,,260.0,0.0,,,,,,,,,,,,,,,,,,,,,,67008,0,fc67b5b9a2d8c823e29b2d5c2dd6465388b731a6dccfb0feeb70cb674ab28be9,validation_003,0,2,1834650058,4,,
36,7.2,B_rear,background_mainline,True,,127.1504896226544,15.120865936927927,,,,,,,,,,,,,,,,,,,,,,67008,0,fc67b5b9a2d8c823e29b2d5c2dd6465388b731a6dccfb0feeb70cb674ab28be9,validation_003,0,2,1834650058,4,,
37,7.4,A,mainline,True,False,176.0,20.0,0,maintain,0.0,0.0,156.8000000000001,16.0,0,0,maintain-maintain,0.01961085945367813,-0.09870278835296631,-0.001112326979637146,0,0.01961085945367813,-0.001112326979637146,0.020723186433315277,0.11831364780664444,"[true, true, true]",False,False,False,67008,0,fc67b5b9a2d8c823e29b2d5c2dd6465388b731a6dccfb0feeb70cb674ab28be9,validation_003,0,2,1834650058,4,15.189931239475982,
37,7.4,B,ramp,True,False,156.8000000000001,16.0,0,maintain,0.0,0.0,176.0,20.0,0,0,maintain-maintain,0.18083032965660095,0.03352870047092438,-0.12209628522396088,0,0.18083032965660095,0.03352870047092438,0.14730162918567657,0.30292661488056183,"[true, true, true]",False,False,False,67008,0,fc67b5b9a2d8c823e29b2d5c2dd6465388b731a6dccfb0feeb70cb674ab28be9,validation_003,0,2,1834650058,4,15.189931239475982,
37,7.4,B_front,background_mainline,True,,260.0,0.0,,,,,,,,,,,,,,,,,,,,,,67008,0,fc67b5b9a2d8c823e29b2d5c2dd6465388b731a6dccfb0feeb70cb674ab28be9,validation_003,0,2,1834650058,4,,
37,7.4,B_rear,background_mainline,True,,130.17319094140456,15.106957890336611,,,,,,,,,,,,,,,,,,,,,,67008,0,fc67b5b9a2d8c823e29b2d5c2dd6465388b731a6dccfb0feeb70cb674ab28be9,validation_003,0,2,1834650058,4,,
38,7.6000000000000005,A,mainline,True,False,180.0,20.0,0,maintain,0.0,0.0,160.00000000000014,16.0,0,0,maintain-maintain,0.01959870755672455,-0.10117191821336746,-0.0016127824783325195,0,0.01959870755672455,-0.0016127824783325195,0.021211490035057068,0.12077062577009201,"[true, true, true]",False,False,False,67008,0,fc67b5b9a2d8c823e29b2d5c2dd6465388b731a6dccfb0feeb70cb674ab28be9,validation_003,0,2,1834650058,4,15.989931239475936,
38,7.6000000000000005,B,ramp,True,False,160.00000000000014,16.0,0,maintain,0.0,0.0,180.0,20.0,0,0,maintain-maintain,0.1808144897222519,0.033898819237947464,-0.12314251065254211,0,0.1808144897222519,0.033898819237947464,0.14691567048430443,0.303957000374794,"[true, true, true]",False,False,False,67008,0,fc67b5b9a2d8c823e29b2d5c2dd6465388b731a6dccfb0feeb70cb674ab28be9,validation_003,0,2,1834650058,4,15.989931239475936,
38,7.6000000000000005,B_front,background_mainline,True,,260.0,0.0,,,,,,,,,,,,,,,,,,,,,,67008,0,fc67b5b9a2d8c823e29b2d5c2dd6465388b731a6dccfb0feeb70cb674ab28be9,validation_003,0,2,1834650058,4,,
38,7.6000000000000005,B_rear,background_mainline,True,,133.19360238652493,15.09784789763407,,,,,,,,,,,,,,,,,,,,,,67008,0,fc67b5b9a2d8c823e29b2d5c2dd6465388b731a6dccfb0feeb70cb674ab28be9,validation_003,0,2,1834650058,4,,
39,7.800000000000001,A,mainline,True,False,184.0,20.0,0,maintain,0.0,0.0,163.2000000000002,16.0,0,0,maintain-maintain,0.019647464156150818,-0.10284678637981415,-0.0016473084688186646,0,0.019647464156150818,-0.0016473084688186646,0.021294772624969482,0.12249425053596497,"[true, true, true]",False,False,False,67008,0,fc67b5b9a2d8c823e29b2d5c2dd6465388b731a6dccfb0feeb70cb674ab28be9,validation_003,0,2,1834650058,4,16.78993123947589,
39,7.800000000000001,B,ramp,True,False,163.2000000000002,16.0,0,maintain,0.0,0.0,184.0,20.0,0,0,maintain-maintain,0.18030866980552673,0.03461764007806778,-0.123292475938797,0,0.18030866980552673,0.03461764007806778,0.14569102972745895,0.30360114574432373,"[true, true, true]",False,False,False,67008,0,fc67b5b9a2d8c823e29b2d5c2dd6465388b731a6dccfb0feeb70cb674ab28be9,validation_003,0,2,1834650058,4,16.78993123947589,
39,7.800000000000001,B_front,background_mainline,True,,260.0,0.0,,,,,,,,,,,,,,,,,,,,,,67008,0,fc67b5b9a2d8c823e29b2d5c2dd6465388b731a6dccfb0feeb70cb674ab28be9,validation_003,0,2,1834650058,4,,
39,7.800000000000001,B_rear,background_mainline,True,,136.21261130028194,15.092831182435132,,,,,,,,,,,,,,,,,,,,,,67008,0,fc67b5b9a2d8c823e29b2d5c2dd6465388b731a6dccfb0feeb70cb674ab28be9,validation_003,0,2,1834650058,4,,
40,8.0,A,mainline,True,False,188.0,20.0,0,maintain,0.0,0.0,166.40000000000023,16.0,0,0,maintain-maintain,0.01979517936706543,-0.10437706857919693,-0.0016486793756484985,0,0.01979517936706543,-0.0016486793756484985,0.021443858742713928,0.12417224794626236,"[true, true, true]",False,False,False,67008,0,fc67b5b9a2d8c823e29b2d5c2dd6465388b731a6dccfb0feeb70cb674ab28be9,validation_003,0,2,1834650058,4,17.589931239475845,
40,8.0,B,ramp,True,False,166.40000000000023,16.0,0,maintain,0.0,0.0,188.0,20.0,0,0,maintain-maintain,0.17975182831287384,0.03482988476753235,-0.1225866973400116,0,0.17975182831287384,0.03482988476753235,0.1449219435453415,0.30233852565288544,"[true, true, true]",False,False,False,67008,0,fc67b5b9a2d8c823e29b2d5c2dd6465388b731a6dccfb0feeb70cb674ab28be9,validation_003,0,2,1834650058,4,17.589931239475845,
40,8.0,B_front,background_mainline,True,,260.0,0.0,,,,,,,,,,,,,,,,,,,,,,67008,0,fc67b5b9a2d8c823e29b2d5c2dd6465388b731a6dccfb0feeb70cb674ab28be9,validation_003,0,2,1834650058,4,,
40,8.0,B_rear,background_mainline,True,,139.2309748205544,15.091307383269783,,,,,,,,,,,,,,,,,,,,,,67008,0,fc67b5b9a2d8c823e29b2d5c2dd6465388b731a6dccfb0feeb70cb674ab28be9,validation_003,0,2,1834650058,4,,
41,8.200000000000001,A,mainline,True,False,192.0,20.0,0,maintain,0.0,0.0,169.60000000000028,16.0,0,0,maintain-maintain,0.019943036139011383,-0.10590669512748718,-0.0016530007123947144,0,0.019943036139011383,-0.0016530007123947144,0.021596036851406097,0.12584973126649857,"[true, true, true]",False,False,False,67008,0,fc67b5b9a2d8c823e29b2d5c2dd6465388b731a6dccfb0feeb70cb674ab28be9,validation_003,0,2,1834650058,4,18.3899312394758,
41,8.200000000000001,B,ramp,True,False,169.60000000000028,16.0,0,maintain,0.0,0.0,192.0,20.0,0,0,maintain-maintain,0.1793825626373291,0.03514089807868004,-0.12136152386665344,0,0.1793825626373291,0.03514089807868004,0.14424166455864906,0.30074408650398254,"[true, true, true]",False,False,False,67008,0,fc67b5b9a2d8c823e29b2d5c2dd6465388b731a6dccfb0feeb70cb674ab28be9,validation_003,0,2,1834650058,4,18.3899312394758,
41,8.200000000000001,B_front,background_mainline,True,,260.0,0.0,,,,,,,,,,,,,,,,,,,,,,67008,0,fc67b5b9a2d8c823e29b2d5c2dd6465388b731a6dccfb0feeb70cb674ab28be9,validation_003,0,2,1834650058,4,,
41,8.200000000000001,B_rear,background_mainline,True,,142.24933892866693,15.092762828845009,,,,,,,,,,,,,,,,,,,,,,67008,0,fc67b5b9a2d8c823e29b2d5c2dd6465388b731a6dccfb0feeb70cb674ab28be9,validation_003,0,2,1834650058,4,,
42,8.4,A,mainline,True,False,196.0,20.0,0,maintain,0.0,0.0,172.80000000000032,16.0,0,0,maintain-maintain,0.02009102702140808,-0.10743577778339386,-0.0016598477959632874,0,0.02009102702140808,-0.0016598477959632874,0.02175087481737137,0.12752680480480194,"[true, true, true]",False,False,False,67008,0,fc67b5b9a2d8c823e29b2d5c2dd6465388b731a6dccfb0feeb70cb674ab28be9,validation_003,0,2,1834650058,4,19.189931239475754,
42,8.4,B,ramp,True,False,172.80000000000032,16.0,0,maintain,0.0,0.0,196.0,20.0,0,0,maintain-maintain,0.17904168367385864,0.03556235134601593,-0.11995948851108551,0,0.17904168367385864,0.03556235134601593,0.1434793323278427,0.29900117218494415,"[true, true, true]",False,False,False,67008,0,fc67b5b9a2d8c823e29b2d5c2dd6465388b731a6dccfb0feeb70cb674ab28be9,validation_003,0,2,1834650058,4,19.189931239475754,
42,8.4,B_front,background_mainline,True,,260.0,0.0,,,,,,,,,,,,,,,,,,,,,,67008,0,fc67b5b9a2d8c823e29b2d5c2dd6465388b731a6dccfb0feeb70cb674ab28be9,validation_003,0,2,1834650058,4,,
42,8.4,B_rear,background_mainline,True,,145.26825431942464,15.096756338915908,,,,,,,,,,,,,,,,,,,,,,67008,0,fc67b5b9a2d8c823e29b2d5c2dd6465388b731a6dccfb0feeb70cb674ab28be9,validation_003,0,2,1834650058,4,,
43,8.6,A,mainline,True,False,200.0,20.0,0,maintain,0.0,0.0,176.00000000000037,16.0,0,0,maintain-maintain,0.02010306715965271,-0.10878805816173553,-0.0014296844601631165,0,0.02010306715965271,-0.0014296844601631165,0.021532751619815826,0.12889112532138824,"[true, true, true]",False,False,False,67008,0,fc67b5b9a2d8c823e29b2d5c2dd6465388b731a6dccfb0feeb70cb674ab28be9,validation_003,0,2,1834650058,4,19.98993123947571,
43,8.6,B,ramp,True,False,176.00000000000037,16.0,0,maintain,0.0,0.0,200.0,20.0,0,0,maintain-maintain,0.17747940123081207,0.0366620272397995,-0.11876700818538666,0,0.17747940123081207,0.0366620272397995,0.14081737399101257,0.29624640941619873,"[true, true, true]",False,False,False,67008,0,fc67b5b9a2d8c823e29b2d5c2dd6465388b731a6dccfb0feeb70cb674ab28be9,validation_003,0,2,1834650058,4,19.98993123947571,
43,8.6,B_front,background_mainline,True,,260.0,0.0,,,,,,,,,,,,,,,,,,,,,,67008,0,fc67b5b9a2d8c823e29b2d5c2dd6465388b731a6dccfb0feeb70cb674ab28be9,validation_003,0,2,1834650058,4,,
43,8.6,B_rear,background_mainline,True,,148.28818971401537,15.10290774421519,,,,,,,,,,,,,,,,,,,,,,67008,0,fc67b5b9a2d8c823e29b2d5c2dd6465388b731a6dccfb0feeb70cb674ab28be9,validation_003,0,2,1834650058,4,,
44,8.8,A,mainline,True,False,204.0,20.0,0,maintain,0.0,0.0,179.20000000000041,16.0,0,0,maintain-maintain,0.019958779215812683,-0.10993725061416626,-0.0009264126420021057,0,0.019958779215812683,-0.0009264126420021057,0.02088519185781479,0.12989602982997894,"[true, true, true]",False,False,False,67008,0,fc67b5b9a2d8c823e29b2d5c2dd6465388b731a6dccfb0feeb70cb674ab28be9,validation_003,0,2,1834650058,4,20.789931239475663,
44,8.8,B,ramp,True,False,179.20000000000041,16.0,0,maintain,0.0,0.0,204.0,20.0,0,0,maintain-maintain,0.1758996546268463,0.03771846741437912,-0.11769792437553406,0,0.1758996546268463,0.03771846741437912,0.1381811872124672,0.29359757900238037,"[true, true, true]",False,False,False,67008,0,fc67b5b9a2d8c823e29b2d5c2dd6465388b731a6dccfb0feeb70cb674ab28be9,validation_003,0,2,1834650058,4,20.789931239475663,
44,8.8,B_front,background_mainline,True,,260.0,0.0,,,,,,,,,,,,,,,,,,,,,,67008,0,fc67b5b9a2d8c823e29b2d5c2dd6465388b731a6dccfb0feeb70cb674ab28be9,validation_003,0,2,1834650058,4,,
44,8.8,B_rear,background_mainline,True,,151.30954309689596,15.110888525623679,,,,,,,,,,,,,,,,,,,,,,67008,0,fc67b5b9a2d8c823e29b2d5c2dd6465388b731a6dccfb0feeb70cb674ab28be9,validation_003,0,2,1834650058,4,,
45,9.0,A,mainline,True,False,208.0,20.0,0,maintain,0.0,0.0,182.40000000000046,16.0,0,0,maintain-maintain,0.019312582910060883,-0.11020225286483765,-0.00039991363883018494,0,0.019312582910060883,-0.00039991363883018494,0.019712496548891068,0.12951483577489853,"[true, true, true]",False,False,False,67008,0,fc67b5b9a2d8c823e29b2d5c2dd6465388b731a6dccfb0feeb70cb674ab28be9,validation_003,0,2,1834650058,4,21.589931239475618,
45,9.0,B,ramp,True,False,182.40000000000046,16.0,0,maintain,0.0,0.0,208.0,20.0,0,0,maintain-maintain,0.1749996393918991,0.03832966089248657,-0.11708462238311768,0,0.1749996393918991,0.03832966089248657,0.13666997849941254,0.2920842617750168,"[true, true, true]",False,False,False,67008,0,fc67b5b9a2d8c823e29b2d5c2dd6465388b731a6dccfb0feeb70cb674ab28be9,validation_003,0,2,1834650058,4,21.589931239475618,
45,9.0,B_front,background_mainline,True,,260.0,0.0,,,,,,,,,,,,,,,,,,,,,,67008,0,fc67b5b9a2d8c823e29b2d5c2dd6465388b731a6dccfb0feeb70cb674ab28be9,validation_003,0,2,1834650058,4,,
45,9.0,B_rear,background_mainline,True,,154.33265125341907,15.120414121306922,,,,,,,,,,,,,,,,,,,,,,67008,0,fc67b5b9a2d8c823e29b2d5c2dd6465388b731a6dccfb0feeb70cb674ab28be9,validation_003,0,2,1834650058,4,,
46,9.200000000000001,A,mainline,True,False,212.0,20.0,0,maintain,0.0,0.0,185.6000000000005,16.0,0,0,maintain-maintain,0.018407270312309265,-0.1102539524435997,0.00012352317571640015,0,0.018407270312309265,0.00012352317571640015,0.018283747136592865,0.12866122275590897,"[true, true, true]",False,False,False,67008,0,fc67b5b9a2d8c823e29b2d5c2dd6465388b731a6dccfb0feeb70cb674ab28be9,validation_003,0,2,1834650058,4,22.389931239475573,
46,9.200000000000001,B,ramp,True,False,185.6000000000005,16.0,0,maintain,0.0,0.0,212.0,20.0,0,0,maintain-maintain,0.1744118630886078,0.038834523409605026,-0.11657500267028809,0,0.1744118630886078,0.038834523409605026,0.13557733967900276,0.2909868657588959,"[true, true, true]",False,False,False,67008,0,fc67b5b9a2d8c823e29b2d5c2dd6465388b731a6dccfb0feeb70cb674ab28be9,validation_003,0,2,1834650058,4,22.389931239475573,
46,9.200000000000001,B_front,background_mainline,True,,260.0,0.0,,,,,,,,,,,,,,,,,,,,,,67008,0,fc67b5b9a2d8c823e29b2d5c2dd6465388b731a6dccfb0feeb70cb674ab28be9,validation_003,0,2,1834650058,4,,
46,9.200000000000001,B_rear,background_mainline,True,,157.3577979060381,15.131237558637192,,,,,,,,,,,,,,,,,,,,,,67008,0,fc67b5b9a2d8c823e29b2d5c2dd6465388b731a6dccfb0feeb70cb674ab28be9,validation_003,0,2,1834650058,4,,
47,9.4,A,mainline,True,False,216.0,20.0,0,maintain,0.0,0.0,188.80000000000055,16.0,0,0,maintain-maintain,0.01747947931289673,-0.11024662852287292,0.0005936808884143829,0,0.01747947931289673,0.0005936808884143829,0.016885798424482346,0.12772610783576965,"[true, true, true]",False,False,False,67008,0,fc67b5b9a2d8c823e29b2d5c2dd6465388b731a6dccfb0feeb70cb674ab28be9,validation_003,0,2,1834650058,4,23.189931239475527,
47,9.4,B,ramp,True,False,188.80000000000055,16.0,0,maintain,0.0,0.0,216.0,20.0,0,0,maintain-maintain,0.1738356351852417,0.039390675723552704,-0.11599805951118469,0,0.1738356351852417,0.039390675723552704,0.134444959461689,0.2898336946964264,"[true, true, true]",False,False,False,67008,0,fc67b5b9a2d8c823e29b2d5c2dd6465388b731a6dccfb0feeb70cb674ab28be9,validation_003,0,2,1834650058,4,23.189931239475527,
47,9.4,B_front,background_mainline,True,,260.0,0.0,,,,,,,,,,,,,,,,,,,,,,67008,0,fc67b5b9a2d8c823e29b2d5c2dd6465388b731a6dccfb0feeb70cb674ab28be9,validation_003,0,2,1834650058,4,,
47,9.4,B_rear,background_mainline,True,,160.38522068662166,15.143144147307082,,,,,,,,,,,,,,,,,,,,,,67008,0,fc67b5b9a2d8c823e29b2d5c2dd6465388b731a6dccfb0feeb70cb674ab28be9,validation_003,0,2,1834650058,4,,
48,9.600000000000001,A,mainline,True,False,220.0,20.0,0,maintain,0.0,0.0,192.0000000000006,16.0,0,0,maintain-maintain,0.016498491168022156,-0.11009958386421204,0.0009388402104377747,0,0.016498491168022156,0.0009388402104377747,0.015559650957584381,0.1265980750322342,"[true, true, true]",False,False,False,67008,0,fc67b5b9a2d8c823e29b2d5c2dd6465388b731a6dccfb0feeb70cb674ab28be9,validation_003,0,2,1834650058,4,23.98993123947548,
48,9.600000000000001,B,ramp,True,False,192.0000000000006,16.0,0,maintain,0.0,0.0,220.0,20.0,0,0,maintain-maintain,0.17325830459594727,0.03994666785001755,-0.1154232993721962,0,0.17325830459594727,0.03994666785001755,0.13331163674592972,0.28868160396814346,"[true, true, true]",False,False,False,67008,0,fc67b5b9a2d8c823e29b2d5c2dd6465388b731a6dccfb0feeb70cb674ab28be9,validation_003,0,2,1834650058,4,23.98993123947548,
48,9.600000000000001,B_front,background_mainline,True,,260.0,0.0,,,,,,,,,,,,,,,,,,,,,,67008,0,fc67b5b9a2d8c823e29b2d5c2dd6465388b731a6dccfb0feeb70cb674ab28be9,validation_003,0,2,1834650058,4,,
48,9.600000000000001,B_rear,background_mainline,True,,163.4151171358843,15.155947029278188,,,,,,,,,,,,,,,,,,,,,,67008,0,fc67b5b9a2d8c823e29b2d5c2dd6465388b731a6dccfb0feeb70cb674ab28be9,validation_003,0,2,1834650058,4,,
49,9.8,A,mainline,True,False,224.0,20.0,0,maintain,0.0,0.0,195.20000000000064,16.0,0,0,maintain-maintain,0.015587128698825836,-0.10999076068401337,0.0013240799307823181,0,0.015587128698825836,0.0013240799307823181,0.014263048768043518,0.1255778893828392,"[true, true, true]",False,False,False,67008,0,fc67b5b9a2d8c823e29b2d5c2dd6465388b731a6dccfb0feeb70cb674ab28be9,validation_003,0,2,1834650058,4,24.789931239475436,
49,9.8,B,ramp,True,False,195.20000000000064,16.0,0,maintain,0.0,0.0,224.0,20.0,0,0,maintain-maintain,0.17267990112304688,0.04050261154770851,-0.11485040187835693,0,0.17267990112304688,0.04050261154770851,0.13217728957533836,0.2875303030014038,"[true, true, true]",False,False,False,67008,0,fc67b5b9a2d8c823e29b2d5c2dd6465388b731a6dccfb0feeb70cb674ab28be9,validation_003,0,2,1834650058,4,24.789931239475436,
49,9.8,B_front,background_mainline,True,,260.0,0.0,,,,,,,,,,,,,,,,,,,,,,67008,0,fc67b5b9a2d8c823e29b2d5c2dd6465388b731a6dccfb0feeb70cb674ab28be9,validation_003,0,2,1834650058,4,,
49,9.8,B_rear,background_mainline,True,,166.4476498847147,15.169483425746693,,,,,,,,,,,,,,,,,,,,,,67008,0,fc67b5b9a2d8c823e29b2d5c2dd6465388b731a6dccfb0feeb70cb674ab28be9,validation_003,0,2,1834650058,4,,
50,10.0,A,mainline,True,False,228.0,20.0,0,maintain,0.0,0.0,198.4000000000007,16.0,0,0,maintain-maintain,0.01495688408613205,-0.11011612415313721,0.001793399453163147,0,0.01495688408613205,0.001793399453163147,0.013163484632968903,0.12507300823926926,"[true, true, true]",False,False,False,67008,0,fc67b5b9a2d8c823e29b2d5c2dd6465388b731a6dccfb0feeb70cb674ab28be9,validation_003,0,2,1834650058,4,25.58993123947539,
50,10.0,B,ramp,True,False,198.4000000000007,16.0,0,maintain,0.0,0.0,228.0,20.0,0,0,maintain-maintain,0.17236800491809845,0.04101797938346863,-0.11426419764757156,0,0.17236800491809845,0.04101797938346863,0.13135002553462982,0.28663220256567,"[true, true, true]",False,False,False,67008,0,fc67b5b9a2d8c823e29b2d5c2dd6465388b731a6dccfb0feeb70cb674ab28be9,validation_003,0,2,1834650058,4,25.58993123947539,
50,10.0,B_front,background_mainline,True,,260.0,0.0,,,,,,,,,,,,,,,,,,,,,,67008,0,fc67b5b9a2d8c823e29b2d5c2dd6465388b731a6dccfb0feeb70cb674ab28be9,validation_003,0,2,1834650058,4,,
50,10.0,B_rear,background_mainline,True,,169.48295114374497,15.18361145511106,,,,,,,,,,,,,,,,,,,,,,67008,0,fc67b5b9a2d8c823e29b2d5c2dd6465388b731a6dccfb0feeb70cb674ab28be9,validation_003,0,2,1834650058,4,,
51,10.200000000000001,A,mainline,True,False,232.0,20.0,0,maintain,0.0,0.0,201.60000000000073,16.0,0,0,maintain-maintain,0.014194108545780182,-0.1102418303489685,0.0021100863814353943,0,0.014194108545780182,0.0021100863814353943,0.012084022164344788,0.12443593889474869,"[true, true, true]",False,False,False,67008,0,fc67b5b9a2d8c823e29b2d5c2dd6465388b731a6dccfb0feeb70cb674ab28be9,validation_003,0,2,1834650058,4,26.389931239475345,
51,10.200000000000001,B,ramp,True,False,201.60000000000073,16.0,0,maintain,0.0,0.0,232.0,20.0,0,0,maintain-maintain,0.17219385504722595,0.041512466967105865,-0.11367163062095642,0,0.17219385504722595,0.041512466967105865,0.1306813880801201,0.2858654856681824,"[true, true, true]",False,False,False,67008,0,fc67b5b9a2d8c823e29b2d5c2dd6465388b731a6dccfb0feeb70cb674ab28be9,validation_003,0,2,1834650058,4,26.389931239475345,
51,10.200000000000001,B_front,background_mainline,True,,260.0,0.0,,,,,,,,,,,,,,,,,,,,,,67008,0,fc67b5b9a2d8c823e29b2d5c2dd6465388b731a6dccfb0feeb70cb674ab28be9,validation_003,0,2,1834650058,4,,
51,10.200000000000001,B_rear,background_mainline,True,,172.52112660499412,15.198207421810002,,,,,,,,,,,,,,,,,,,,,,67008,0,fc67b5b9a2d8c823e29b2d5c2dd6465388b731a6dccfb0feeb70cb674ab28be9,validation_003,0,2,1834650058,4,,
52,10.4,A,mainline,True,False,236.0,20.0,0,maintain,0.0,0.0,204.80000000000078,16.0,0,0,maintain-maintain,0.013553246855735779,-0.11020243167877197,0.0021610818803310394,0,0.013553246855735779,0.0021610818803310394,0.01139216497540474,0.12375567853450775,"[true, true, true]",False,False,False,67008,0,fc67b5b9a2d8c823e29b2d5c2dd6465388b731a6dccfb0feeb70cb674ab28be9,validation_003,0,2,1834650058,4,27.1899312394753,
52,10.4,B,ramp,True,False,204.80000000000078,16.0,0,maintain,0.0,0.0,236.0,20.0,0,0,maintain-maintain,0.1724386066198349,0.04209944233298302,-0.11320847272872925,0,0.1724386066198349,0.04209944233298302,0.13033916428685188,0.28564707934856415,"[true, true, true]",False,False,False,67008,0,fc67b5b9a2d8c823e29b2d5c2dd6465388b731a6dccfb0feeb70cb674ab28be9,validation_003,0,2,1834650058,4,27.1899312394753,
52,10.4,B_front,background_mainline,True,,260.0,0.0,,,,,,,,,,,,,,,,,,,,,,67008,0,fc67b5b9a2d8c823e29b2d5c2dd6465388b731a6dccfb0feeb70cb674ab28be9,validation_003,0,2,1834650058,4,,
52,10.4,B_rear,background_mainline,True,,175.56225884147116,15.213163495882,,,,,,,,,,,,,,,,,,,,,,67008,0,fc67b5b9a2d8c823e29b2d5c2dd6465388b731a6dccfb0feeb70cb674ab28be9,validation_003,0,2,1834650058,4,,
53,10.600000000000001,A,mainline,True,False,240.0,20.0,0,maintain,0.0,0.0,208.00000000000082,16.0,0,0,maintain-maintain,0.012818463146686554,-0.11029678583145142,0.001931995153427124,0,0.012818463146686554,0.001931995153427124,0.01088646799325943,0.12311524897813797,"[true, true, true]",False,False,False,67008,0,fc67b5b9a2d8c823e29b2d5c2dd6465388b731a6dccfb0feeb70cb674ab28be9,validation_003,0,2,1834650058,4,27.989931239475254,
53,10.600000000000001,B,ramp,True,False,208.00000000000082,16.0,0,maintain,0.0,0.0,240.0,20.0,0,0,maintain-maintain,0.17249369621276855,0.042676545679569244,-0.1127973422408104,0,0.17249369621276855,0.042676545679569244,0.1298171505331993,0.28529103845357895,"[true, true, true]",False,False,False,67008,0,fc67b5b9a2d8c823e29b2d5c2dd6465388b731a6dccfb0feeb70cb674ab28be9,validation_003,0,2,1834650058,4,27.989931239475254,
53,10.600000000000001,B_front,background_mainline,True,,260.0,0.0,,,,,,,,,,,,,,,,,,,,,,67008,0,fc67b5b9a2d8c823e29b2d5c2dd6465388b731a6dccfb0feeb70cb674ab28be9,validation_003,0,2,1834650058,4,,
53,10.600000000000001,B_rear,background_mainline,True,,178.60641027620792,15.228385718646422,,,,,,,,,,,,,,,,,,,,,,67008,0,fc67b5b9a2d8c823e29b2d5c2dd6465388b731a6dccfb0feeb70cb674ab28be9,validation_003,0,2,1834650058,4,,
54,10.8,A,mainline,True,False,244.0,20.0,0,maintain,0.0,0.0,211.20000000000087,16.0,0,0,maintain-maintain,0.012583568692207336,-0.11073669791221619,0.0013615787029266357,0,0.012583568692207336,0.0013615787029266357,0.0112219899892807,0.12332026660442352,"[true, true, true]",False,False,False,67008,0,fc67b5b9a2d8c823e29b2d5c2dd6465388b731a6dccfb0feeb70cb674ab28be9,validation_003,0,2,1834650058,4,28.78993123947521,
54,10.8,B,ramp,True,False,211.20000000000087,16.0,0,maintain,0.0,0.0,244.0,20.0,0,0,maintain-maintain,0.17249993979930878,0.043248049914836884,-0.11238601803779602,0,0.17249993979930878,0.043248049914836884,0.1292518898844719,0.2848859578371048,"[true, true, true]",False,False,False,67008,0,fc67b5b9a2d8c823e29b2d5c2dd6465388b731a6dccfb0feeb70cb674ab28be9,validation_003,0,2,1834650058,4,28.78993123947521,
54,10.8,B_front,background_mainline,True,,260.0,0.0,,,,,,,,,,,,,,,,,,,,,,67008,0,fc67b5b9a2d8c823e29b2d5c2dd6465388b731a6dccfb0feeb70cb674ab28be9,validation_003,0,2,1834650058,4,,
54,10.8,B_rear,background_mainline,True,,181.65362578053654,15.243792282094306,,,,,,,,,,,,,,,,,,,,,,67008,0,fc67b5b9a2d8c823e29b2d5c2dd6465388b731a6dccfb0feeb70cb674ab28be9,validation_003,0,2,1834650058,4,,
55,11.0,A,mainline,True,False,248.0,20.0,0,maintain,0.0,0.0,214.40000000000092,16.0,0,0,maintain-maintain,0.01242559403181076,-0.11119477450847626,0.0007849596440792084,0,0.01242559403181076,0.0007849596440792084,0.011640634387731552,0.12362036854028702,"[true, true, true]",False,False,False,67008,0,fc67b5b9a2d8c823e29b2d5c2dd6465388b731a6dccfb0feeb70cb674ab28be9,validation_003,0,2,1834650058,4,29.589931239475163,
55,11.0,B,ramp,True,False,214.40000000000092,16.0,0,maintain,0.0,0.0,248.0,20.0,0,0,maintain-maintain,0.17250573635101318,0.04382006824016571,-0.11197541654109955,0,0.17250573635101318,0.04382006824016571,0.12868566811084747,0.28448115289211273,"[true, true, true]",False,False,False,67008,0,fc67b5b9a2d8c823e29b2d5c2dd6465388b731a6dccfb0feeb70cb674ab28be9,validation_003,0,2,1834650058,4,29.589931239475163,
55,11.0,B_front,background_mainline,True,,260.0,0.0,,,,,,,,,,,,,,,,,,,,,,67008,0,fc67b5b9a2d8c823e29b2d5c2dd6465388b731a6dccfb0feeb70cb674ab28be9,validation_003,0,2,1834650058,4,,
55,11.0,B_rear,background_mainline,True,,184.70393495194068,15.259312039197463,,,,,,,,,,,,,,,,,,,,,,67008,0,fc67b5b9a2d8c823e29b2d5c2dd6465388b731a6dccfb0feeb70cb674ab28be9,validation_003,0,2,1834650058,4,,
56,11.200000000000001,A,mainline,True,False,252.0,20.0,0,maintain,0.0,0.0,217.60000000000096,16.0,0,0,maintain-maintain,0.012267544865608215,-0.11165280640125275,0.00020792335271835327,0,0.012267544865608215,0.00020792335271835327,0.012059621512889862,0.12392035126686096,"[true, true, true]",False,False,False,67008,0,fc67b5b9a2d8c823e29b2d5c2dd6465388b731a6dccfb0feeb70cb674ab28be9,validation_003,0,2,1834650058,4,30.389931239475118,
56,11.200000000000001,B,ramp,True,False,217.60000000000096,16.0,0,maintain,0.0,0.0,252.0,20.0,0,0,maintain-maintain,0.1724822223186493,0.04438946768641472,-0.11162972450256348,0,0.1724822223186493,0.04438946768641472,0.12809275463223457,0.28411194682121277,"[true, true, true]",False,False,False,67008,0,fc67b5b9a2d8c823e29b2d5c2dd6465388b731a6dccfb0feeb70cb674ab28be9,validation_003,0,2,1834650058,4,30.389931239475118,
56,11.200000000000001,B_front,background_mainline,True,,260.0,0.0,,,,,,,,,,,,,,,,,,,,,,67008,0,fc67b5b9a2d8c823e29b2d5c2dd6465388b731a6dccfb0feeb70cb674ab28be9,validation_003,0,2,1834650058,4,,
56,11.200000000000001,B_rear,background_mainline,True,,187.75735411404352,15.274883209989305,,,,,,,,,,,,,,,,,,,,,,67008,0,fc67b5b9a2d8c823e29b2d5c2dd6465388b731a6dccfb0feeb70cb674ab28be9,validation_003,0,2,1834650058,4,,
57,11.4,A,mainline,True,False,256.0,20.0,0,maintain,0.0,0.0,220.800000000001,16.0,0,0,maintain-maintain,0.012150555849075317,-0.11224117130041122,-0.0002790689468383789,0,0.012150555849075317,-0.0002790689468383789,0.012429624795913696,0.12439172714948654,"[true, true, true]",False,False,False,67008,0,fc67b5b9a2d8c823e29b2d5c2dd6465388b731a6dccfb0feeb70cb674ab28be9,validation_003,0,2,1834650058,4,,
57,11.4,B,ramp,True,False,220.800000000001,16.0,0,maintain,0.0,0.0,256.0,20.0,0,0,maintain-maintain,0.17229045927524567,0.0449589379131794,-0.11111850291490555,0,0.17229045927524567,0.0449589379131794,0.12733152136206627,0.2834089621901512,"[true, true, true]",False,False,False,67008,0,fc67b5b9a2d8c823e29b2d5c2dd6465388b731a6dccfb0feeb70cb674ab28be9,validation_003,0,2,1834650058,4,,
57,11.4,B_front,background_mainline,True,,260.0,0.0,,,,,,,,,,,,,,,,,,,,,,67008,0,fc67b5b9a2d8c823e29b2d5c2dd6465388b731a6dccfb0feeb70cb674ab28be9,validation_003,0,2,1834650058,4,,
57,11.4,B_rear,background_mainline,True,,190.81388807489768,15.29045225438415,,,,,,,,,,,,,,,,,,,,,,67008,0,fc67b5b9a2d8c823e29b2d5c2dd6465388b731a6dccfb0feeb70cb674ab28be9,validation_003,0,2,1834650058,4,,
58,11.600000000000001,A,mainline,False,True,260.0,0.0,0,maintain,0.0,0.0,224.00000000000105,16.0,0,0,inactive-active,0.016517750918865204,-0.1507021188735962,-0.02613944560289383,0,0.016517750918865204,-0.02613944560289383,0.04265719652175903,0.1672198697924614,"[true, true, true]",False,False,False,67008,0,fc67b5b9a2d8c823e29b2d5c2dd6465388b731a6dccfb0feeb70cb674ab28be9,validation_003,0,2,1834650058,4,,
58,11.600000000000001,B,ramp,True,False,224.00000000000105,16.0,0,maintain,0.0,0.0,260.0,0.0,0,0,inactive-active,0.10804645717144012,0.023684218525886536,-0.0647951140999794,0,0.10804645717144012,0.023684218525886536,0.08436223864555359,0.17284157127141953,"[true, true, true]",False,False,False,67008,0,fc67b5b9a2d8c823e29b2d5c2dd6465388b731a6dccfb0feeb70cb674ab28be9,validation_003,0,2,1834650058,4,,
58,11.600000000000001,B_front,background_mainline,True,,260.0,0.0,,,,,,,,,,,,,,,,,,,,,,67008,0,fc67b5b9a2d8c823e29b2d5c2dd6465388b731a6dccfb0feeb70cb674ab28be9,validation_003,0,2,1834650058,4,,
58,11.600000000000001,B_rear,background_mainline,True,,193.87353167444485,15.305972887620213,,,,,,,,,,,,,,,,,,,,,,67008,0,fc67b5b9a2d8c823e29b2d5c2dd6465388b731a6dccfb0feeb70cb674ab28be9,validation_003,0,2,1834650058,4,,
59,11.8,A,mainline,False,True,260.0,0.0,0,maintain,0.0,0.0,227.2000000000011,16.0,0,0,inactive-active,0.016095377504825592,-0.14982271194458008,-0.026732295751571655,0,0.016095377504825592,-0.026732295751571655,0.04282767325639725,0.16591808944940567,"[true, true, true]",False,False,False,67008,0,fc67b5b9a2d8c823e29b2d5c2dd6465388b731a6dccfb0feeb70cb674ab28be9,validation_003,0,2,1834650058,4,,
59,11.8,B,ramp,True,False,227.2000000000011,16.0,0,maintain,0.0,0.0,260.0,0.0,0,0,inactive-active,0.10826104134321213,0.024035871028900146,-0.06422636657953262,0,0.10826104134321213,0.024035871028900146,0.08422517031431198,0.17248740792274475,"[true, true, true]",False,False,False,67008,0,fc67b5b9a2d8c823e29b2d5c2dd6465388b731a6dccfb0feeb70cb674ab28be9,validation_003,0,2,1834650058,4,,
59,11.8,B_front,background_mainline,True,,260.0,0.0,,,,,,,,,,,,,,,,,,,,,,67008,0,fc67b5b9a2d8c823e29b2d5c2dd6465388b731a6dccfb0feeb70cb674ab28be9,validation_003,0,2,1834650058,4,,
59,11.8,B_rear,background_mainline,True,,196.93627114760028,15.321405218191847,,,,,,,,,,,,,,,,,,,,,,67008,0,fc67b5b9a2d8c823e29b2d5c2dd6465388b731a6dccfb0feeb70cb674ab28be9,validation_003,0,2,1834650058,4,,
60,12.0,A,mainline,False,True,260.0,0.0,0,maintain,0.0,0.0,230.40000000000114,16.0,0,0,inactive-active,0.015680842101573944,-0.14896491169929504,-0.027542561292648315,0,0.015680842101573944,-0.027542561292648315,0.04322340339422226,0.164645753800869,"[true, true, true]",False,False,False,67008,0,fc67b5b9a2d8c823e29b2d5c2dd6465388b731a6dccfb0feeb70cb674ab28be9,validation_003,0,2,1834650058,4,,
60,12.0,B,ramp,True,False,230.40000000000114,16.0,0,maintain,0.0,0.0,260.0,0.0,0,0,inactive-active,0.10849277675151825,0.02437511831521988,-0.06363464891910553,0,0.10849277675151825,0.02437511831521988,0.08411765843629837,0.17212742567062378,"[true, true, true]",False,False,False,67008,0,fc67b5b9a2d8c823e29b2d5c2dd6465388b731a6dccfb0feeb70cb674ab28be9,validation_003,0,2,1834650058,4,,
60,12.0,B_front,background_mainline,True,,260.0,0.0,,,,,,,,,,,,,,,,,,,,,,67008,0,fc67b5b9a2d8c823e29b2d5c2dd6465388b731a6dccfb0feeb70cb674ab28be9,validation_003,0,2,1834650058,4,,
60,12.0,B_rear,background_mainline,True,,200.00208532572492,15.336714991375741,,,,,,,,,,,,,,,,,,,,,,67008,0,fc67b5b9a2d8c823e29b2d5c2dd6465388b731a6dccfb0feeb70cb674ab28be9,validation_003,0,2,1834650058,4,,
61,12.200000000000001,A,mainline,False,True,260.0,0.0,0,maintain,0.0,0.0,233.6000000000012,16.0,0,0,inactive-active,0.015061579644680023,-0.14850232005119324,-0.028780050575733185,0,0.015061579644680023,-0.028780050575733185,0.04384163022041321,0.16356389969587326,"[true, true, true]",False,False,False,67008,0,fc67b5b9a2d8c823e29b2d5c2dd6465388b731a6dccfb0feeb70cb674ab28be9,validation_003,0,2,1834650058,4,,
61,12.200000000000001,B,ramp,True,False,233.6000000000012,16.0,0,maintain,0.0,0.0,260.0,0.0,0,0,inactive-active,0.1087430864572525,0.024713844060897827,-0.06292907893657684,0,0.1087430864572525,0.024713844060897827,0.08402924239635468,0.17167216539382935,"[true, true, true]",False,False,False,67008,0,fc67b5b9a2d8c823e29b2d5c2dd6465388b731a6dccfb0feeb70cb674ab28be9,validation_003,0,2,1834650058,4,,
61,12.200000000000001,B_front,background_mainline,True,,260.0,0.0,,,,,,,,,,,,,,,,,,,,,,67008,0,fc67b5b9a2d8c823e29b2d5c2dd6465388b731a6dccfb0feeb70cb674ab28be9,validation_003,0,2,1834650058,4,,
61,12.200000000000001,B_rear,background_mainline,True,,203.07094669614202,15.351872924106123,,,,,,,,,,,,,,,,,,,,,,67008,0,fc67b5b9a2d8c823e29b2d5c2dd6465388b731a6dccfb0feeb70cb674ab28be9,validation_003,0,2,1834650058,4,,
62,12.4,A,mainline,False,True,260.0,0.0,0,maintain,0.0,0.0,236.80000000000123,16.0,0,0,inactive-active,0.014425165951251984,-0.1480754315853119,-0.030063867568969727,0,0.014425165951251984,-0.030063867568969727,0.04448903352022171,0.16250059753656387,"[true, true, true]",False,False,False,67008,0,fc67b5b9a2d8c823e29b2d5c2dd6465388b731a6dccfb0feeb70cb674ab28be9,validation_003,0,2,1834650058,4,,
62,12.4,B,ramp,True,False,236.80000000000123,16.0,0,maintain,0.0,0.0,260.0,0.0,0,0,inactive-active,0.10894528776407242,0.025123849511146545,-0.06207805871963501,0,0.10894528776407242,0.025123849511146545,0.08382143825292587,0.17102334648370743,"[true, true, true]",False,False,False,67008,0,fc67b5b9a2d8c823e29b2d5c2dd6465388b731a6dccfb0feeb70cb674ab28be9,validation_003,0,2,1834650058,4,,
62,12.4,B_front,background_mainline,True,,260.0,0.0,,,,,,,,,,,,,,,,,,,,,,67008,0,fc67b5b9a2d8c823e29b2d5c2dd6465388b731a6dccfb0feeb70cb674ab28be9,validation_003,0,2,1834650058,4,,
62,12.4,B_rear,background_mainline,True,,206.14282233673066,15.36685411913397,,,,,,,,,,,,,,,,,,,,,,67008,0,fc67b5b9a2d8c823e29b2d5c2dd6465388b731a6dccfb0feeb70cb674ab28be9,validation_003,0,2,1834650058,4,,
63,12.600000000000001,A,mainline,False,True,260.0,0.0,0,maintain,0.0,0.0,240.00000000000128,16.0,0,0,inactive-active,0.013788476586341858,-0.14764823019504547,-0.03134783357381821,0,0.013788476586341858,-0.03134783357381821,0.045136310160160065,0.16143670678138733,"[true, true, true]",False,False,False,67008,0,fc67b5b9a2d8c823e29b2d5c2dd6465388b731a6dccfb0feeb70cb674ab28be9,validation_003,0,2,1834650058,4,,
63,12.600000000000001,B,ramp,True,False,240.00000000000128,16.0,0,maintain,0.0,0.0,260.0,0.0,0,0,inactive-active,0.10925920307636261,0.025637812912464142,-0.06135080009698868,0,0.10925920307636261,0.025637812912464142,0.08362139016389847,0.1706100031733513,"[true, true, true]",False,False,False,67008,0,fc67b5b9a2d8c823e29b2d5c2dd6465388b731a6dccfb0feeb70cb674ab28be9,validation_003,0,2,1834650058,4,,
63,12.600000000000001,B_front,background_mainline,True,,260.0,0.0,,,,,,,,,,,,,,,,,,,,,,67008,0,fc67b5b9a2d8c823e29b2d5c2dd6465388b731a6dccfb0feeb70cb674ab28be9,validation_003,0,2,1834650058,4,,
63,12.600000000000001,B_rear,background_mainline,True,,209.21767474040107,15.38163754820706,,,,,,,,,,,,,,,,,,,,,,67008,0,fc67b5b9a2d8c823e29b2d5c2dd6465388b731a6dccfb0feeb70cb674ab28be9,validation_003,0,2,1834650058,4,,
64,12.8,A,mainline,False,True,260.0,0.0,0,maintain,0.0,0.0,243.20000000000132,16.0,0,0,inactive-active,0.013151444494724274,-0.1472206711769104,-0.03263191133737564,0,0.013151444494724274,-0.03263191133737564,0.045783355832099915,0.16037211567163467,"[true, true, true]",False,False,False,67008,0,fc67b5b9a2d8c823e29b2d5c2dd6465388b731a6dccfb0feeb70cb674ab28be9,validation_003,0,2,1834650058,4,,
64,12.8,B,ramp,True,False,243.20000000000132,16.0,0,maintain,0.0,0.0,260.0,0.0,0,0,inactive-active,0.10971897840499878,0.02628721296787262,-0.060785166919231415,0,0.10971897840499878,0.02628721296787262,0.08343176543712616,0.1705041453242302,"[true, true, true]",False,False,False,67008,0,fc67b5b9a2d8c823e29b2d5c2dd6465388b731a6dccfb0feeb70cb674ab28be9,validation_003,0,2,1834650058,4,,
64,12.8,B_front,background_mainline,True,,260.0,0.0,,,,,,,,,,,,,,,,,,,,,,67008,0,fc67b5b9a2d8c823e29b2d5c2dd6465388b731a6dccfb0feeb70cb674ab28be9,validation_003,0,2,1834650058,4,,
64,12.8,B_rear,background_mainline,True,,212.29546254235788,15.39620559550475,,,,,,,,,,,,,,,,,,,,,,67008,0,fc67b5b9a2d8c823e29b2d5c2dd6465388b731a6dccfb0feeb70cb674ab28be9,validation_003,0,2,1834650058,4,,
65,13.0,A,mainline,False,True,260.0,0.0,0,maintain,0.0,0.0,246.40000000000137,16.0,0,0,inactive-active,0.012514114379882812,-0.14679281413555145,-0.03391611576080322,0,0.012514114379882812,-0.03391611576080322,0.046430230140686035,0.15930692851543427,"[true, true, true]",False,False,False,67008,0,fc67b5b9a2d8c823e29b2d5c2dd6465388b731a6dccfb0feeb70cb674ab28be9,validation_003,0,2,1834650058,4,,
65,13.0,B,ramp,True,False,246.40000000000137,16.0,0,maintain,0.0,0.0,260.0,0.0,0,0,inactive-active,0.11025159060955048,0.026853978633880615,-0.06024647504091263,0,0.11025159060955048,0.026853978633880615,0.08339761197566986,0.1704980656504631,"[true, true, true]",False,False,False,67008,0,fc67b5b9a2d8c823e29b2d5c2dd6465388b731a6dccfb0feeb70cb674ab28be9,validation_003,0,2,1834650058,4,,
65,13.0,B_front,background_mainline,True,,260.0,0.0,,,,,,,,,,,,,,,,,,,,,,67008,0,fc67b5b9a2d8c823e29b2d5c2dd6465388b731a6dccfb0feeb70cb674ab28be9,validation_003,0,2,1834650058,4,,
65,13.0,B_rear,background_mainline,True,,215.3761411614331,15.410543653810471,,,,,,,,,,,,,,,,,,,,,,67008,0,fc67b5b9a2d8c823e29b2d5c2dd6465388b731a6dccfb0feeb70cb674ab28be9,validation_003,0,2,1834650058,4,,
66,13.200000000000001,A,mainline,False,True,260.0,0.0,0,maintain,0.0,0.0,249.60000000000142,16.0,0,0,inactive-active,0.012166105210781097,-0.14611095190048218,-0.034825459122657776,0,0.012166105210781097,-0.034825459122657776,0.04699156433343887,0.15827705711126328,"[true, true, true]",False,False,False,67008,0,fc67b5b9a2d8c823e29b2d5c2dd6465388b731a6dccfb0feeb70cb674ab28be9,validation_003,0,2,1834650058,4,,
66,13.200000000000001,B,ramp,True,False,249.60000000000142,16.0,0,maintain,0.0,0.0,260.0,0.0,0,0,inactive-active,0.11082171648740768,0.027379125356674194,-0.05972163379192352,0,0.11082171648740768,0.027379125356674194,0.08344259113073349,0.1705433502793312,"[true, true, true]",False,False,False,67008,0,fc67b5b9a2d8c823e29b2d5c2dd6465388b731a6dccfb0feeb70cb674ab28be9,validation_003,0,2,1834650058,4,,
66,13.200000000000001,B_front,background_mainline,True,,260.0,0.0,,,,,,,,,,,,,,,,,,,,,,67008,0,fc67b5b9a2d8c823e29b2d5c2dd6465388b731a6dccfb0feeb70cb674ab28be9,validation_003,0,2,1834650058,4,,
66,13.200000000000001,B_rear,background_mainline,True,,218.45966336537404,15.424639766952486,,,,,,,,,,,,,,,,,,,,,,67008,0,fc67b5b9a2d8c823e29b2d5c2dd6465388b731a6dccfb0feeb70cb674ab28be9,validation_003,0,2,1834650058,4,,
67,13.4,A,mainline,False,True,260.0,0.0,0,maintain,0.0,0.0,252.80000000000146,16.0,0,0,inactive-active,0.01190824806690216,-0.14534354209899902,-0.03561672568321228,0,0.01190824806690216,-0.03561672568321228,0.04752497375011444,0.15725179016590118,"[true, true, true]",False,False,False,67008,0,fc67b5b9a2d8c823e29b2d5c2dd6465388b731a6dccfb0feeb70cb674ab28be9,validation_003,0,2,1834650058,4,,
67,13.4,B,ramp,True,False,252.80000000000146,16.0,0,maintain,0.0,0.0,260.0,0.0,0,0,inactive-active,0.1113923192024231,0.027905598282814026,-0.05919695645570755,0,0.1113923192024231,0.027905598282814026,0.08348672091960907,0.17058927565813065,"[true, true, true]",False,False,False,67008,0,fc67b5b9a2d8c823e29b2d5c2dd6465388b731a6dccfb0feeb70cb674ab28be9,validation_003,0,2,1834650058,4,,
67,13.4,B_front,background_mainline,True,,260.0,0.0,,,,,,,,,,,,,,,,,,,,,,67008,0,fc67b5b9a2d8c823e29b2d5c2dd6465388b731a6dccfb0feeb70cb674ab28be9,validation_003,0,2,1834650058,4,,
67,13.4,B_rear,background_mainline,True,,221.54597976876852,15.438484312925393,,,,,,,,,,,,,,,,,,,,,,67008,0,fc67b5b9a2d8c823e29b2d5c2dd6465388b731a6dccfb0feeb70cb674ab28be9,validation_003,0,2,1834650058,4,,
68,13.600000000000001,A,mainline,False,True,260.0,0.0,0,maintain,0.0,0.0,256.0000000000015,16.0,0,0,inactive-active,0.011792317032814026,-0.14465965330600739,-0.03665836155414581,0,0.011792317032814026,-0.03665836155414581,0.04845067858695984,0.1564519703388214,"[true, true, true]",False,False,False,67008,0,fc67b5b9a2d8c823e29b2d5c2dd6465388b731a6dccfb0feeb70cb674ab28be9,validation_003,0,2,1834650058,4,,
68,13.600000000000001,B,ramp,True,False,256.0000000000015,16.0,0,maintain,0.0,0.0,260.0,0.0,0,0,inactive-active,0.1119634211063385,0.02843339741230011,-0.058672405779361725,0,0.1119634211063385,0.02843339741230011,0.08353002369403839,0.17063582688570023,"[true, true, true]",False,False,False,67008,0,fc67b5b9a2d8c823e29b2d5c2dd6465388b731a6dccfb0feeb70cb674ab28be9,validation_003,0,2,1834650058,4,,
68,13.600000000000001,B_front,background_mainline,True,,260.0,0.0,,,,,,,,,,,,,,,,,,,,,,67008,0,fc67b5b9a2d8c823e29b2d5c2dd6465388b731a6dccfb0feeb70cb674ab28be9,validation_003,0,2,1834650058,4,,
68,13.600000000000001,B_rear,background_mainline,True,,224.63503927124876,15.452069722850844,,,,,,,,,,,,,,,,,,,,,,67008,0,fc67b5b9a2d8c823e29b2d5c2dd6465388b731a6dccfb0feeb70cb674ab28be9,validation_003,0,2,1834650058,4,,
69,13.8,A,mainline,False,True,260.0,0.0,0,maintain,0.0,0.0,259.2000000000015,16.0,0,0,inactive-active,0.011802949011325836,-0.14410856366157532,-0.03791895508766174,0,0.011802949011325836,-0.03791895508766174,0.04972190409898758,0.15591151267290115,"[true, true, true]",False,True,False,67008,0,fc67b5b9a2d8c823e29b2d5c2dd6465388b731a6dccfb0feeb70cb674ab28be9,validation_003,0,2,1834650058,4,,
69,13.8,B,ramp,True,False,259.2000000000015,16.0,0,maintain,0.0,0.0,260.0,0.0,0,0,inactive-active,0.1125350147485733,0.02896249294281006,-0.05814799666404724,0,0.1125350147485733,0.02896249294281006,0.08357252180576324,0.17068301141262054,"[true, true, true]",False,True,False,67008,0,fc67b5b9a2d8c823e29b2d5c2dd6465388b731a6dccfb0feeb70cb674ab28be9,validation_003,0,2,1834650058,4,,
69,13.8,B_front,background_mainline,True,,260.0,0.0,,,,,,,,,,,,,,,,,,,,,,67008,0,fc67b5b9a2d8c823e29b2d5c2dd6465388b731a6dccfb0feeb70cb674ab28be9,validation_003,0,2,1834650058,4,,
69,13.8,B_rear,background_mainline,True,,227.73127233999918,15.554888739165603,,,,,,,,,,,,,,,,,,,,,,67008,0,fc67b5b9a2d8c823e29b2d5c2dd6465388b731a6dccfb0feeb70cb674ab28be9,validation_003,0,2,1834650058,4,,
0,0.0,A,ramp,True,False,38.4,16.0,0,maintain,0.0,0.0,28.0,20.0,0,0,maintain-maintain,0.06707000732421875,-0.039925672113895416,0.005164247006177902,0,0.06707000732421875,0.005164247006177902,0.06190576031804085,0.10699567943811417,"[true, true, true]",False,False,False,67008,0,fc67b5b9a2d8c823e29b2d5c2dd6465388b731a6dccfb0feeb70cb674ab28be9,validation_003,1,2,1834650058,5,,
0,0.0,B,mainline,True,False,28.0,20.0,0,maintain,0.0,0.0,38.4,16.0,0,0,maintain-maintain,0.1518828421831131,-0.010564729571342468,0.015257006511092186,0,0.1518828421831131,0.015257006511092186,0.1366258356720209,0.16244757175445557,"[true, true, true]",False,False,False,67008,0,fc67b5b9a2d8c823e29b2d5c2dd6465388b731a6dccfb0feeb70cb674ab28be9,validation_003,1,2,1834650058,5,,
0,0.0,B_front,background_mainline,True,,120.0,20.0,,,,,,,,,,,,,,,,,,,,,,67008,0,fc67b5b9a2d8c823e29b2d5c2dd6465388b731a6dccfb0feeb70cb674ab28be9,validation_003,1,2,1834650058,5,,
0,0.0,B_rear,background_mainline,True,,3.945792890543582,19.483844969091912,,,,,,,,,,,,,,,,,,,,,,67008,0,fc67b5b9a2d8c823e29b2d5c2dd6465388b731a6dccfb0feeb70cb674ab28be9,validation_003,1,2,1834650058,5,,
1,0.2,A,ramp,True,False,41.59999999999999,16.0,0,maintain,0.0,0.0,32.0,20.0,0,0,maintain-maintain,0.06710974872112274,-0.04005074128508568,0.006417959928512573,0,0.06710974872112274,0.006417959928512573,0.06069178879261017,0.10716049000620842,"[true, true, true]",False,False,False,67008,0,fc67b5b9a2d8c823e29b2d5c2dd6465388b731a6dccfb0feeb70cb674ab28be9,validation_003,1,2,1834650058,5,,
1,0.2,B,mainline,True,False,32.0,20.0,0,maintain,0.0,0.0,41.59999999999999,16.0,0,0,maintain-maintain,0.153192937374115,-0.010715797543525696,0.016337040811777115,0,0.153192937374115,0.016337040811777115,0.13685589656233788,0.16390873491764069,"[true, true, true]",False,False,False,67008,0,fc67b5b9a2d8c823e29b2d5c2dd6465388b731a6dccfb0feeb70cb674ab28be9,validation_003,1,2,1834650058,5,,
1,0.2,B_front,background_mainline,True,,124.0,20.0,,,,,,,,,,,,,,,,,,,,,,67008,0,fc67b5b9a2d8c823e29b2d5c2dd6465388b731a6dccfb0feeb70cb674ab28be9,validation_003,1,2,1834650058,5,,
1,0.2,B_rear,background_mainline,True,,7.802789976125999,19.103228823167687,,,,,,,,,,,,,,,,,,,,,,67008,0,fc67b5b9a2d8c823e29b2d5c2dd6465388b731a6dccfb0feeb70cb674ab28be9,validation_003,1,2,1834650058,5,,
2,0.4,A,ramp,True,False,44.799999999999976,16.0,0,maintain,0.0,0.0,36.0,20.0,0,0,maintain-maintain,0.06700560450553894,-0.04004307836294174,0.007707707583904266,0,0.06700560450553894,0.007707707583904266,0.059297896921634674,0.10704868286848068,"[true, true, true]",False,False,False,67008,0,fc67b5b9a2d8c823e29b2d5c2dd6465388b731a6dccfb0feeb70cb674ab28be9,validation_003,1,2,1834650058,5,,
2,0.4,B,mainline,True,False,36.0,20.0,0,maintain,0.0,0.0,44.799999999999976,16.0,0,0,maintain-maintain,0.1543015092611313,-0.010851353406906128,0.017202775925397873,0,0.1543015092611313,0.017202775925397873,0.1370987333357334,0.16515286266803741,"[true, true, true]",False,False,False,67008,0,fc67b5b9a2d8c823e29b2d5c2dd6465388b731a6dccfb0feeb70cb674ab28be9,validation_003,1,2,1834650058,5,,
2,0.4,B_front,background_mainline,True,,128.0,20.0,,,,,,,,,,,,,,,,,,,,,,67008,0,fc67b5b9a2d8c823e29b2d5c2dd6465388b731a6dccfb0feeb70cb674ab28be9,validation_003,1,2,1834650058,5,,
2,0.4,B_rear,background_mainline,True,,11.593368401039545,18.814498512244633,,,,,,,,,,,,,,,,,,,,,,67008,0,fc67b5b9a2d8c823e29b2d5c2dd6465388b731a6dccfb0feeb70cb674ab28be9,validation_003,1,2,1834650058,5,,
3,0.6000000000000001,A,ramp,True,False,47.999999999999964,16.0,0,maintain,0.0,0.0,40.0,20.0,0,0,maintain-maintain,0.06692144274711609,-0.04000764340162277,0.008939940482378006,0,0.06692144274711609,0.008939940482378006,0.05798150226473808,0.10692908614873886,"[true, true, true]",False,False,False,67008,0,fc67b5b9a2d8c823e29b2d5c2dd6465388b731a6dccfb0feeb70cb674ab28be9,validation_003,1,2,1834650058,5,,
3,0.6000000000000001,B,mainline,True,False,40.0,20.0,0,maintain,0.0,0.0,47.999999999999964,16.0,0,0,maintain-maintain,0.15527260303497314,-0.010976135730743408,0.017925076186656952,0,0.15527260303497314,0.017925076186656952,0.1373475268483162,0.16624873876571655,"[true, true, true]",False,False,False,67008,0,fc67b5b9a2d8c823e29b2d5c2dd6465388b731a6dccfb0feeb70cb674ab28be9,validation_003,1,2,1834650058,5,,
3,0.6000000000000001,B_front,background_mainline,True,,132.0,20.0,,,,,,,,,,,,,,,,,,,,,,67008,0,fc67b5b9a2d8c823e29b2d5c2dd6465388b731a6dccfb0feeb70cb674ab28be9,validation_003,1,2,1834650058,5,,
3,0.6000000000000001,B_rear,background_mainline,True,,15.333070330500611,18.591211668736282,,,,,,,,,,,,,,,,,,,,,,67008,0,fc67b5b9a2d8c823e29b2d5c2dd6465388b731a6dccfb0feeb70cb674ab28be9,validation_003,1,2,1834650058,5,,
4,0.8,A,ramp,True,False,51.19999999999995,16.0,0,maintain,0.0,0.0,44.0,20.0,0,0,maintain-maintain,0.0668514221906662,-0.039952293038368225,0.010131008923053741,0,0.0668514221906662,0.010131008923053741,0.05672041326761246,0.10680371522903442,"[true, true, true]",False,False,False,67008,0,fc67b5b9a2d8c823e29b2d5c2dd6465388b731a6dccfb0feeb70cb674ab28be9,validation_003,1,2,1834650058,5,,
4,0.8,B,mainline,True,False,44.0,20.0,0,maintain,0.0,0.0,51.19999999999995,16.0,0,0,maintain-maintain,0.15607601404190063,-0.011190660297870636,0.018529560416936874,0,0.15607601404190063,0.018529560416936874,0.13754645362496376,0.16726667433977127,"[true, true, true]",False,False,False,67008,0,fc67b5b9a2d8c823e29b2d5c2dd6465388b731a6dccfb0feeb70cb674ab28be9,validation_003,1,2,1834650058,5,,
4,0.8,B_front,background_mainline,True,,136.0,20.0,,,,,,,,,,,,,,,,,,,,,,67008,0,fc67b5b9a2d8c823e29b2d5c2dd6465388b731a6dccfb0feeb70cb674ab28be9,validation_003,1,2,1834650058,5,,
4,0.8,B_rear,background_mainline,True,,19.03316593289923,18.4162696490176,,,,,,,,,,,,,,,,,,,,,,67008,0,fc67b5b9a2d8c823e29b2d5c2dd6465388b731a6dccfb0feeb70cb674ab28be9,validation_003,1,2,1834650058,5,,
5,1.0,A,ramp,True,False,54.39999999999994,16.0,0,maintain,0.0,0.0,48.0,20.0,0,0,maintain-maintain,0.066791832447052,-0.03988216817378998,0.011291567236185074,0,0.066791832447052,0.011291567236185074,0.05550026521086693,0.10667400062084198,"[true, true, true]",False,False,False,67008,0,fc67b5b9a2d8c823e29b2d5c2dd6465388b731a6dccfb0feeb70cb674ab28be9,validation_003,1,2,1834650058,5,,
5,1.0,B,mainline,True,False,48.0,20.0,0,maintain,0.0,0.0,54.39999999999994,16.0,0,0,maintain-maintain,0.15677794814109802,-0.011439472436904907,0.019053127616643906,0,0.15677794814109802,0.019053127616643906,0.13772482052445412,0.16821742057800293,"[true, true, true]",False,False,False,67008,0,fc67b5b9a2d8c823e29b2d5c2dd6465388b731a6dccfb0feeb70cb674ab28be9,validation_003,1,2,1834650058,5,,
5,1.0,B_front,background_mainline,True,,140.0,20.0,,,,,,,,,,,,,,,,,,,,,,67008,0,fc67b5b9a2d8c823e29b2d5c2dd6465388b731a6dccfb0feeb70cb674ab28be9,validation_003,1,2,1834650058,5,,
5,1.0,B_rear,background_mainline,True,,22.702096516872903,18.278056734572637,,,,,,,,,,,,,,,,,,,,,,67008,0,fc67b5b9a2d8c823e29b2d5c2dd6465388b731a6dccfb0feeb70cb674ab28be9,validation_003,1,2,1834650058,5,,
6,1.2000000000000002,A,ramp,True,False,57.59999999999993,16.0,0,maintain,0.0,0.0,52.0,20.0,0,0,maintain-maintain,0.06674011051654816,-0.03980075567960739,0.012428883463144302,0,0.06674011051654816,0.012428883463144302,0.054311227053403854,0.10654086619615555,"[true, true, true]",False,False,False,67008,0,fc67b5b9a2d8c823e29b2d5c2dd6465388b731a6dccfb0feeb70cb674ab28be9,validation_003,1,2,1834650058,5,,
6,1.2000000000000002,B,mainline,True,False,52.0,20.0,0,maintain,0.0,0.0,57.59999999999993,16.0,0,0,maintain-maintain,0.1574234664440155,-0.011685006320476532,0.019520549103617668,0,0.1574234664440155,0.019520549103617668,0.13790291734039783,0.16910847276449203,"[true, true, true]",False,False,False,67008,0,fc67b5b9a2d8c823e29b2d5c2dd6465388b731a6dccfb0feeb70cb674ab28be9,validation_003,1,2,1834650058,5,,
6,1.2000000000000002,B_front,background_mainline,True,,144.0,20.0,,,,,,,,,,,,,,,,,,,,,,67008,0,fc67b5b9a2d8c823e29b2d5c2dd6465388b731a6dccfb0feeb70cb674ab28be9,validation_003,1,2,1834650058,5,,
6,1.2000000000000002,B_rear,background_mainline,True,,26.346345420577936,18.168371143538728,,,,,,,,,,,,,,,,,,,,,,67008,0,fc67b5b9a2d8c823e29b2d5c2dd6465388b731a6dccfb0feeb70cb674ab28be9,validation_003,1,2,1834650058,5,,
7,1.4000000000000001,A,ramp,True,False,60.79999999999992,16.0,0,maintain,0.0,0.0,56.0,20.0,0,0,maintain-maintain,0.06665699183940887,-0.039727646857500076,0.013520106673240662,0,0.06665699183940887,0.013520106673240662,0.05313688516616821,0.10638463869690895,"[true, true, true]",False,False,False,67008,0,fc67b5b9a2d8c823e29b2d5c2dd6465388b731a6dccfb0feeb70cb674ab28be9,validation_003,1,2,1834650058,5,,
7,1.4000000000000001,B,mainline,True,False,56.0,20.0,0,maintain,0.0,0.0,60.79999999999992,16.0,0,0,maintain-maintain,0.15792162716388702,-0.011976376175880432,0.019953550770878792,0,0.15792162716388702,0.019953550770878792,0.13796807639300823,0.16989800333976746,"[true, true, true]",False,False,False,67008,0,fc67b5b9a2d8c823e29b2d5c2dd6465388b731a6dccfb0feeb70cb674ab28be9,validation_003,1,2,1834650058,5,,
7,1.4000000000000001,B_front,background_mainline,True,,148.0,20.0,,,,,,,,,,,,,,,,,,,,,,67008,0,fc67b5b9a2d8c823e29b2d5c2dd6465388b731a6dccfb0feeb70cb674ab28be9,validation_003,1,2,1834650058,5,,
7,1.4000000000000001,B_rear,background_mainline,True,,29.97099247115752,18.081238737388432,,,,,,,,,,,,,,,,,,,,,,67008,0,fc67b5b9a2d8c823e29b2d5c2dd6465388b731a6dccfb0feeb70cb674ab28be9,validation_003,1,2,1834650058,5,,
8,1.6,A,ramp,True,False,63.99999999999991,16.0,0,maintain,0.0,0.0,60.0,20.0,0,0,maintain-maintain,0.0664176493883133,-0.039753563702106476,0.014483384788036346,0,0.0664176493883133,0.014483384788036346,0.05193426460027695,0.10617121309041977,"[true, true, true]",False,False,False,67008,0,fc67b5b9a2d8c823e29b2d5c2dd6465388b731a6dccfb0feeb70cb674ab28be9,validation_003,1,2,1834650058,5,,
8,1.6,B,mainline,True,False,60.0,20.0,0,maintain,0.0,0.0,63.99999999999991,16.0,0,0,maintain-maintain,0.15824595093727112,-0.012883305549621582,0.019664419814944267,0,0.15824595093727112,0.019664419814944267,0.13858153112232685,0.1711292564868927,"[true, true, true]",False,False,False,67008,0,fc67b5b9a2d8c823e29b2d5c2dd6465388b731a6dccfb0feeb70cb674ab28be9,validation_003,1,2,1834650058,5,,
8,1.6,B_front,background_mainline,True,,152.0,20.0,,,,,,,,,,,,,,,,,,,,,,67008,0,fc67b5b9a2d8c823e29b2d5c2dd6465388b731a6dccfb0feeb70cb674ab28be9,validation_003,1,2,1834650058,5,,
8,1.6,B_rear,background_mainline,True,,33.58008240344489,18.012195307757786,,,,,,,,,,,,,,,,,,,,,,67008,0,fc67b5b9a2d8c823e29b2d5c2dd6465388b731a6dccfb0feeb70cb674ab28be9,validation_003,1,2,1834650058,5,,
9,1.8,A,ramp,True,False,67.1999999999999,16.0,0,maintain,0.0,0.0,64.0,20.0,0,0,maintain-maintain,0.0653221607208252,-0.03951704502105713,0.015407487750053406,0,0.0653221607208252,0.015407487750053406,0.04991467297077179,0.10483920574188232,"[true, true, true]",False,False,False,67008,0,fc67b5b9a2d8c823e29b2d5c2dd6465388b731a6dccfb0feeb70cb674ab28be9,validation_003,1,2,1834650058,5,,
9,1.8,B,mainline,True,False,64.0,20.0,0,maintain,0.0,0.0,67.1999999999999,16.0,0,0,maintain-maintain,0.15833500027656555,-0.012933455407619476,0.019273465499281883,0,0.15833500027656555,0.019273465499281883,0.13906153477728367,0.17126845568418503,"[true, true, true]",False,False,False,67008,0,fc67b5b9a2d8c823e29b2d5c2dd6465388b731a6dccfb0feeb70cb674ab28be9,validation_003,1,2,1834650058,5,,
9,1.8,B_front,background_mainline,True,,156.0,20.0,,,,,,,,,,,,,,,,,,,,,,67008,0,fc67b5b9a2d8c823e29b2d5c2dd6465388b731a6dccfb0feeb70cb674ab28be9,validation_003,1,2,1834650058,5,,
9,1.8,B_rear,background_mainline,True,,37.176878382210035,17.957832915032608,,,,,,,,,,,,,,,,,,,,,,67008,0,fc67b5b9a2d8c823e29b2d5c2dd6465388b731a6dccfb0feeb70cb674ab28be9,validation_003,1,2,1834650058,5,,
10,2.0,A,ramp,True,False,70.39999999999989,16.0,0,maintain,0.0,0.0,68.0,20.0,0,0,maintain-maintain,0.0642300620675087,-0.03927169740200043,0.01632159948348999,0,0.0642300620675087,0.01632159948348999,0.04790846258401871,0.10350175946950912,"[true, true, true]",False,False,False,67008,0,fc67b5b9a2d8c823e29b2d5c2dd6465388b731a6dccfb0feeb70cb674ab28be9,validation_003,1,2,1834650058,5,,
10,2.0,B,mainline,True,False,68.0,20.0,0,maintain,0.0,0.0,70.39999999999989,16.0,0,0,maintain-maintain,0.15852726995944977,-0.013171643018722534,0.01901652105152607,0,0.15852726995944977,0.01901652105152607,0.1395107489079237,0.1716989129781723,"[true, true, true]",False,False,False,67008,0,fc67b5b9a2d8c823e29b2d5c2dd6465388b731a6dccfb0feeb70cb674ab28be9,validation_003,1,2,1834650058,5,,
10,2.0,B_front,background_mainline,True,,160.0,20.0,,,,,,,,,,,,,,,,,,,,,,67008,0,fc67b5b9a2d8c823e29b2d5c2dd6465388b731a6dccfb0feeb70cb674ab28be9,validation_003,1,2,1834650058,5,,
10,2.0,B_rear,background_mainline,True,,40.7640416374725,17.91550248138286,,,,,,,,,,,,,,,,,,,,,,67008,0,fc67b5b9a2d8c823e29b2d5c2dd6465388b731a6dccfb0feeb70cb674ab28be9,validation_003,1,2,1834650058,5,,
11,2.2,A,ramp,True,False,73.59999999999988,16.0,0,maintain,0.0,0.0,72.0,20.0,0,0,maintain-maintain,0.06312765181064606,-0.03954879194498062,0.01713528111577034,0,0.06312765181064606,0.01713528111577034,0.04599237069487572,0.10267644375562668,"[true, true, true]",False,False,False,67008,0,fc67b5b9a2d8c823e29b2d5c2dd6465388b731a6dccfb0feeb70cb674ab28be9,validation_003,1,2,1834650058,5,,
11,2.2,B,mainline,True,False,72.0,20.0,0,maintain,0.0,0.0,73.59999999999988,16.0,0,0,maintain-maintain,0.1587125062942505,-0.01342618465423584,0.018765246495604515,0,0.1587125062942505,0.018765246495604515,0.13994725979864597,0.17213869094848633,"[true, true, true]",False,False,False,67008,0,fc67b5b9a2d8c823e29b2d5c2dd6465388b731a6dccfb0feeb70cb674ab28be9,validation_003,1,2,1834650058,5,,
11,2.2,B_front,background_mainline,True,,164.0,20.0,,,,,,,,,,,,,,,,,,,,,,67008,0,fc67b5b9a2d8c823e29b2d5c2dd6465388b731a6dccfb0feeb70cb674ab28be9,validation_003,1,2,1834650058,5,,
11,2.2,B_rear,background_mainline,True,,44.34376194699707,17.883112703357657,,,,,,,,,,,,,,,,,,,,,,67008,0,fc67b5b9a2d8c823e29b2d5c2dd6465388b731a6dccfb0feeb70cb674ab28be9,validation_003,1,2,1834650058,5,,
12,2.4000000000000004,A,ramp,True,False,76.79999999999987,16.0,0,maintain,0.0,0.0,76.0,20.0,0,0,maintain-maintain,0.06200607120990753,-0.040122270584106445,0.01788407564163208,0,0.06200607120990753,0.01788407564163208,0.04412199556827545,0.10212834179401398,"[true, true, true]",False,False,False,67008,0,fc67b5b9a2d8c823e29b2d5c2dd6465388b731a6dccfb0feeb70cb674ab28be9,validation_003,1,2,1834650058,5,,
12,2.4000000000000004,B,mainline,True,False,76.0,20.0,0,maintain,0.0,0.0,76.79999999999987,16.0,0,0,maintain-maintain,0.15887856483459473,-0.013691574335098267,0.01864415407180786,0,0.15887856483459473,0.01864415407180786,0.14023441076278687,0.172570139169693,"[true, true, true]",False,False,False,67008,0,fc67b5b9a2d8c823e29b2d5c2dd6465388b731a6dccfb0feeb70cb674ab28be9,validation_003,1,2,1834650058,5,,
12,2.4000000000000004,B_front,background_mainline,True,,168.0,20.0,,,,,,,,,,,,,,,,,,,,,,67008,0,fc67b5b9a2d8c823e29b2d5c2dd6465388b731a6dccfb0feeb70cb674ab28be9,validation_003,1,2,1834650058,5,,
12,2.4000000000000004,B_rear,background_mainline,True,,47.91785446244585,17.858990433126642,,,,,,,,,,,,,,,,,,,,,,67008,0,fc67b5b9a2d8c823e29b2d5c2dd6465388b731a6dccfb0feeb70cb674ab28be9,validation_003,1,2,1834650058,5,,
13,2.6,A,ramp,True,False,79.99999999999986,16.0,0,maintain,0.0,0.0,80.0,20.0,0,0,maintain-maintain,0.060731470584869385,-0.04046780988574028,0.018603451550006866,0,0.060731470584869385,0.018603451550006866,0.04212801903486252,0.10119928047060966,"[true, true, true]",False,False,False,67008,0,fc67b5b9a2d8c823e29b2d5c2dd6465388b731a6dccfb0feeb70cb674ab28be9,validation_003,1,2,1834650058,5,,
13,2.6,B,mainline,True,False,80.0,20.0,0,maintain,0.0,0.0,79.99999999999986,16.0,0,0,maintain-maintain,0.15915784239768982,-0.013988323509693146,0.018682090565562248,0,0.15915784239768982,0.018682090565562248,0.14047575183212757,0.17314616590738297,"[true, true, true]",False,False,False,67008,0,fc67b5b9a2d8c823e29b2d5c2dd6465388b731a6dccfb0feeb70cb674ab28be9,validation_003,1,2,1834650058,5,,
13,2.6,B_front,background_mainline,True,,172.0,20.0,,,,,,,,,,,,,,,,,,,,,,67008,0,fc67b5b9a2d8c823e29b2d5c2dd6465388b731a6dccfb0feeb70cb674ab28be9,validation_003,1,2,1834650058,5,,
13,2.6,B_rear,background_mainline,True,,51.487832908435976,17.84178147527624,,,,,,,,,,,,,,,,,,,,,,67008,0,fc67b5b9a2d8c823e29b2d5c2dd6465388b731a6dccfb0feeb70cb674ab28be9,validation_003,1,2,1834650058,5,,
14,2.8000000000000003,A,ramp,True,False,83.19999999999985,16.0,0,maintain,0.0,0.0,84.0,20.0,0,0,maintain-maintain,0.05958416312932968,-0.040942154824733734,0.01937878131866455,0,0.05958416312932968,0.01937878131866455,0.04020538181066513,0.10052631795406342,"[true, true, true]",False,False,False,67008,0,fc67b5b9a2d8c823e29b2d5c2dd6465388b731a6dccfb0feeb70cb674ab28be9,validation_003,1,2,1834650058,5,,
14,2.8000000000000003,B,mainline,True,False,84.0,20.0,0,maintain,0.0,0.0,83.19999999999985,16.0,0,0,maintain-maintain,0.1598125398159027,-0.014214903116226196,0.018320051953196526,0,0.1598125398159027,0.018320051953196526,0.14149248786270618,0.1740274429321289,"[true, true, true]",False,False,False,67008,0,fc67b5b9a2d8c823e29b2d5c2dd6465388b731a6dccfb0feeb70cb674ab28be9,validation_003,1,2,1834650058,5,,
14,2.8000000000000003,B_front,background_mainline,True,,176.0,20.0,,,,,,,,,,,,,,,,,,,,,,67008,0,fc67b5b9a2d8c823e29b2d5c2dd6465388b731a6dccfb0feeb70cb674ab28be9,validation_003,1,2,1834650058,5,,
14,2.8000000000000003,B_rear,background_mainline,True,,55.05496583010487,17.830378655921983,,,,,,,,,,,,,,,,,,,,,,67008,0,fc67b5b9a2d8c823e29b2d5c2dd6465388b731a6dccfb0feeb70cb674ab28be9,validation_003,1,2,1834650058,5,,
15,3.0,A,ramp,True,False,86.39999999999984,16.0,0,maintain,0.0,0.0,88.0,20.0,0,0,maintain-maintain,0.05845273286104202,-0.041430406272411346,0.02016114443540573,0,0.05845273286104202,0.02016114443540573,0.03829158842563629,0.09988313913345337,"[true, true, true]",False,False,False,67008,0,fc67b5b9a2d8c823e29b2d5c2dd6465388b731a6dccfb0feeb70cb674ab28be9,validation_003,1,2,1834650058,5,,
15,3.0,B,mainline,True,False,88.0,20.0,0,maintain,0.0,0.0,86.39999999999984,16.0,0,0,maintain-maintain,0.160420760512352,-0.014292590320110321,0.01776275597512722,0,0.160420760512352,0.01776275597512722,0.14265800453722477,0.1747133508324623,"[true, true, true]",False,False,False,67008,0,fc67b5b9a2d8c823e29b2d5c2dd6465388b731a6dccfb0feeb70cb674ab28be9,validation_003,1,2,1834650058,5,,
15,3.0,B_front,background_mainline,True,,180.0,20.0,,,,,,,,,,,,,,,,,,,,,,67008,0,fc67b5b9a2d8c823e29b2d5c2dd6465388b731a6dccfb0feeb70cb674ab28be9,validation_003,1,2,1834650058,5,,
15,3.0,B_rear,background_mainline,True,,58.62032044288004,17.82386872025833,,,,,,,,,,,,,,,,,,,,,,67008,0,fc67b5b9a2d8c823e29b2d5c2dd6465388b731a6dccfb0feeb70cb674ab28be9,validation_003,1,2,1834650058,5,,
16,3.2,A,ramp,True,False,89.59999999999982,16.0,0,maintain,0.0,0.0,92.0,20.0,0,0,maintain-maintain,0.05732158571481705,-0.041918013244867325,0.02094637230038643,0,0.05732158571481705,0.02094637230038643,0.03637521341443062,0.09923959895968437,"[true, true, true]",False,False,False,67008,0,fc67b5b9a2d8c823e29b2d5c2dd6465388b731a6dccfb0feeb70cb674ab28be9,validation_003,1,2,1834650058,5,,
16,3.2,B,mainline,True,False,92.0,20.0,0,maintain,0.0,0.0,89.59999999999982,16.0,0,0,maintain-maintain,0.16104215383529663,-0.014255262911319733,0.017342815175652504,0,0.16104215383529663,0.017342815175652504,0.14369933865964413,0.17529741674661636,"[true, true, true]",False,False,False,67008,0,fc67b5b9a2d8c823e29b2d5c2dd6465388b731a6dccfb0feeb70cb674ab28be9,validation_003,1,2,1834650058,5,,
16,3.2,B_front,background_mainline,True,,184.0,20.0,,,,,,,,,,,,,,,,,,,,,,67008,0,fc67b5b9a2d8c823e29b2d5c2dd6465388b731a6dccfb0feeb70cb674ab28be9,validation_003,1,2,1834650058,5,,
16,3.2,B_rear,background_mainline,True,,62.18479725868787,17.82149249512178,,,,,,,,,,,,,,,,,,,,,,67008,0,fc67b5b9a2d8c823e29b2d5c2dd6465388b731a6dccfb0feeb70cb674ab28be9,validation_003,1,2,1834650058,5,,
17,3.4000000000000004,A,ramp,True,False,92.79999999999981,16.0,0,maintain,0.0,0.0,96.0,20.0,0,0,maintain-maintain,0.056190960109233856,-0.0424058623611927,0.02173629030585289,0,0.056190960109233856,0.02173629030585289,0.034454669803380966,0.09859682247042656,"[true, true, true]",False,False,False,67008,0,fc67b5b9a2d8c823e29b2d5c2dd6465388b731a6dccfb0feeb70cb674ab28be9,validation_003,1,2,1834650058,5,,
17,3.4000000000000004,B,mainline,True,False,96.0,20.0,0,maintain,0.0,0.0,92.79999999999981,16.0,0,0,maintain-maintain,0.16169844567775726,-0.013986021280288696,0.01719839498400688,0,0.16169844567775726,0.01719839498400688,0.14450005069375038,0.17568446695804596,"[true, true, true]",False,False,False,67008,0,fc67b5b9a2d8c823e29b2d5c2dd6465388b731a6dccfb0feeb70cb674ab28be9,validation_003,1,2,1834650058,5,,
17,3.4000000000000004,B_front,background_mainline,True,,188.0,20.0,,,,,,,,,,,,,,,,,,,,,,67008,0,fc67b5b9a2d8c823e29b2d5c2dd6465388b731a6dccfb0feeb70cb674ab28be9,validation_003,1,2,1834650058,5,,
17,3.4000000000000004,B_rear,background_mainline,True,,65.74915774430865,17.82261456794975,,,,,,,,,,,,,,,,,,,,,,67008,0,fc67b5b9a2d8c823e29b2d5c2dd6465388b731a6dccfb0feeb70cb674ab28be9,validation_003,1,2,1834650058,5,,
18,3.6,A,ramp,True,False,95.9999999999998,16.0,0,maintain,0.0,0.0,100.0,20.0,0,0,maintain-maintain,0.055061325430870056,-0.04289409518241882,0.022531475871801376,0,0.055061325430870056,0.022531475871801376,0.03252984955906868,0.09795542061328888,"[true, true, true]",False,False,False,67008,0,fc67b5b9a2d8c823e29b2d5c2dd6465388b731a6dccfb0feeb70cb674ab28be9,validation_003,1,2,1834650058,5,,
18,3.6,B,mainline,True,False,100.0,20.0,0,maintain,0.0,0.0,95.9999999999998,16.0,0,0,maintain-maintain,0.1621958613395691,-0.01373860239982605,0.01710951142013073,0,0.1621958613395691,0.01710951142013073,0.14508634991943836,0.17593446373939514,"[true, true, true]",False,False,False,67008,0,fc67b5b9a2d8c823e29b2d5c2dd6465388b731a6dccfb0feeb70cb674ab28be9,validation_003,1,2,1834650058,5,,
18,3.6,B_front,background_mainline,True,,192.0,20.0,,,,,,,,,,,,,,,,,,,,,,67008,0,fc67b5b9a2d8c823e29b2d5c2dd6465388b731a6dccfb0feeb70cb674ab28be9,validation_003,1,2,1834650058,5,,
18,3.6,B_rear,background_mainline,True,,69.31404664279964,17.82669990521531,,,,,,,,,,,,,,,,,,,,,,67008,0,fc67b5b9a2d8c823e29b2d5c2dd6465388b731a6dccfb0feeb70cb674ab28be9,validation_003,1,2,1834650058,5,,
19,3.8000000000000003,A,ramp,True,False,99.19999999999979,16.0,0,maintain,0.0,0.0,104.0,20.0,0,0,maintain-maintain,0.053988970816135406,-0.04297219589352608,0.02353879064321518,0,0.053988970816135406,0.02353879064321518,0.030450180172920227,0.09696116670966148,"[true, true, true]",False,False,False,67008,0,fc67b5b9a2d8c823e29b2d5c2dd6465388b731a6dccfb0feeb70cb674ab28be9,validation_003,1,2,1834650058,5,,
19,3.8000000000000003,B,mainline,True,False,104.0,20.0,0,maintain,0.0,0.0,99.19999999999979,16.0,0,0,maintain-maintain,0.1622951626777649,-0.013459652662277222,0.017108136788010597,0,0.1622951626777649,0.017108136788010597,0.1451870258897543,0.17575481534004211,"[true, true, true]",False,False,False,67008,0,fc67b5b9a2d8c823e29b2d5c2dd6465388b731a6dccfb0feeb70cb674ab28be9,validation_003,1,2,1834650058,5,,
19,3.8000000000000003,B_front,background_mainline,True,,196.0,20.0,,,,,,,,,,,,,,,,,,,,,,67008,0,fc67b5b9a2d8c823e29b2d5c2dd6465388b731a6dccfb0feeb70cb674ab28be9,validation_003,1,2,1834650058,5,,
19,3.8000000000000003,B_rear,background_mainline,True,,72.88001015572469,17.833295606636447,,,,,,,,,,,,,,,,,,,,,,67008,0,fc67b5b9a2d8c823e29b2d5c2dd6465388b731a6dccfb0feeb70cb674ab28be9,validation_003,1,2,1834650058,5,,
20,4.0,A,ramp,True,False,102.39999999999978,16.0,0,maintain,0.0,0.0,108.0,20.0,0,0,maintain-maintain,0.052879415452480316,-0.04306737333536148,0.02497970685362816,0,0.052879415452480316,0.02497970685362816,0.027899708598852158,0.0959467887878418,"[true, true, true]",False,False,False,67008,0,fc67b5b9a2d8c823e29b2d5c2dd6465388b731a6dccfb0feeb70cb674ab28be9,validation_003,1,2,1834650058,5,,
20,4.0,B,mainline,True,False,108.0,20.0,0,maintain,0.0,0.0,102.39999999999978,16.0,0,0,maintain-maintain,0.16258937120437622,-0.012450344860553741,0.016536008566617966,0,0.16258937120437622,0.016536008566617966,0.14605336263775826,0.17503971606492996,"[true, true, true]",False,False,False,67008,0,fc67b5b9a2d8c823e29b2d5c2dd6465388b731a6dccfb0feeb70cb674ab28be9,validation_003,1,2,1834650058,5,,
20,4.0,B_front,background_mainline,True,,200.0,20.0,,,,,,,,,,,,,,,,,,,,,,67008,0,fc67b5b9a2d8c823e29b2d5c2dd6465388b731a6dccfb0feeb70cb674ab28be9,validation_003,1,2,1834650058,5,,
20,4.0,B_rear,background_mainline,True,,76.44751087836282,17.842016511867854,,,,,,,,,,,,,,,,,,,,,,67008,0,fc67b5b9a2d8c823e29b2d5c2dd6465388b731a6dccfb0feeb70cb674ab28be9,validation_003,1,2,1834650058,5,,
21,4.2,A,ramp,True,False,105.59999999999977,16.0,0,maintain,0.0,0.0,112.0,20.0,0,0,maintain-maintain,0.05168890953063965,-0.04304788261651993,0.026420755311846733,0,0.05168890953063965,0.026420755311846733,0.025268154218792915,0.09473679214715958,"[true, true, true]",False,False,False,67008,0,fc67b5b9a2d8c823e29b2d5c2dd6465388b731a6dccfb0feeb70cb674ab28be9,validation_003,1,2,1834650058,5,2.284989876818045,
21,4.2,B,mainline,True,False,112.0,20.0,0,maintain,0.0,0.0,105.59999999999977,16.0,0,0,maintain-maintain,0.16294394433498383,-0.011384226381778717,0.016085760667920113,0,0.16294394433498383,0.016085760667920113,0.1468581836670637,0.17432817071676254,"[true, true, true]",False,False,False,67008,0,fc67b5b9a2d8c823e29b2d5c2dd6465388b731a6dccfb0feeb70cb674ab28be9,validation_003,1,2,1834650058,5,2.284989876818045,
21,4.2,B_front,background_mainline,True,,204.0,20.0,,,,,,,,,,,,,,,,,,,,,,67008,0,fc67b5b9a2d8c823e29b2d5c2dd6465388b731a6dccfb0feeb70cb674ab28be9,validation_003,1,2,1834650058,5,,
21,4.2,B_rear,background_mainline,True,,79.98103908377732,17.38859560954441,,,,,,,,,,,,,,,,,,,,,,67008,0,fc67b5b9a2d8c823e29b2d5c2dd6465388b731a6dccfb0feeb70cb674ab28be9,validation_003,1,2,1834650058,5,,
22,4.4,A,ramp,True,False,108.79999999999976,16.0,0,maintain,0.0,0.0,116.0,20.0,0,0,maintain-maintain,0.03401660919189453,-0.053087785840034485,-0.011839255690574646,0,0.03401660919189453,-0.011839255690574646,0.04585586488246918,0.08710439503192902,"[true, true, true]",False,False,False,67008,0,fc67b5b9a2d8c823e29b2d5c2dd6465388b731a6dccfb0feeb70cb674ab28be9,validation_003,1,2,1834650058,5,3.109599814581543,
22,4.4,B,mainline,True,False,116.0,20.0,0,maintain,0.0,0.0,108.79999999999976,16.0,0,0,maintain-maintain,0.1707131415605545,-0.0064496248960494995,0.003322531469166279,0,0.1707131415605545,0.003322531469166279,0.16739061009138823,0.177162766456604,"[true, true, true]",False,False,False,67008,0,fc67b5b9a2d8c823e29b2d5c2dd6465388b731a6dccfb0feeb70cb674ab28be9,validation_003,1,2,1834650058,5,3.109599814581543,
22,4.4,B_front,background_mainline,True,,208.0,20.0,,,,,,,,,,,,,,,,,,,,,,67008,0,fc67b5b9a2d8c823e29b2d5c2dd6465388b731a6dccfb0feeb70cb674ab28be9,validation_003,1,2,1834650058,5,,
22,4.4,B_rear,background_mainline,True,,83.4090973401843,16.911791579674535,,,,,,,,,,,,,,,,,,,,,,67008,0,fc67b5b9a2d8c823e29b2d5c2dd6465388b731a6dccfb0feeb70cb674ab28be9,validation_003,1,2,1834650058,5,,
23,4.6000000000000005,A,ramp,True,False,111.99999999999974,16.0,0,maintain,0.0,0.0,120.0,20.0,0,0,maintain-maintain,0.03367520868778229,-0.052122004330158234,-0.009221725165843964,0,0.03367520868778229,-0.009221725165843964,0.04289693385362625,0.08579721301794052,"[true, true, true]",False,False,False,67008,0,fc67b5b9a2d8c823e29b2d5c2dd6465388b731a6dccfb0feeb70cb674ab28be9,validation_003,1,2,1834650058,5,3.93294191761197,
23,4.6000000000000005,B,mainline,True,False,120.0,20.0,0,maintain,0.0,0.0,111.99999999999974,16.0,0,0,maintain-maintain,0.17207862436771393,-0.005319520831108093,0.004830832593142986,0,0.17207862436771393,0.004830832593142986,0.16724779177457094,0.17739814519882202,"[true, true, true]",False,False,False,67008,0,fc67b5b9a2d8c823e29b2d5c2dd6465388b731a6dccfb0feeb70cb674ab28be9,validation_003,1,2,1834650058,5,3.93294191761197,
23,4.6000000000000005,B_front,background_mainline,True,,212.0,20.0,,,,,,,,,,,,,,,,,,,,,,67008,0,fc67b5b9a2d8c823e29b2d5c2dd6465388b731a6dccfb0feeb70cb674ab28be9,validation_003,1,2,1834650058,5,,
23,4.6000000000000005,B_rear,background_mainline,True,,86.75308936921229,16.54218493204037,,,,,,,,,,,,,,,,,,,,,,67008,0,fc67b5b9a2d8c823e29b2d5c2dd6465388b731a6dccfb0feeb70cb674ab28be9,validation_003,1,2,1834650058,5,,
24,4.800000000000001,A,ramp,True,False,115.19999999999973,16.0,0,maintain,0.0,0.0,124.0,20.0,0,0,maintain-maintain,0.033383965492248535,-0.05201699957251549,-0.006930813193321228,0,0.033383965492248535,-0.006930813193321228,0.04031477868556976,0.08540096506476402,"[true, true, true]",False,False,False,67008,0,fc67b5b9a2d8c823e29b2d5c2dd6465388b731a6dccfb0feeb70cb674ab28be9,validation_003,1,2,1834650058,5,4.75312183850221,
24,4.800000000000001,B,mainline,True,False,124.0,20.0,0,maintain,0.0,0.0,115.19999999999973,16.0,0,0,maintain-maintain,0.17303462326526642,-0.003834277391433716,0.006365125998854637,0,0.17303462326526642,0.006365125998854637,0.16666949726641178,0.17686890065670013,"[true, true, true]",False,False,False,67008,0,fc67b5b9a2d8c823e29b2d5c2dd6465388b731a6dccfb0feeb70cb674ab28be9,validation_003,1,2,1834650058,5,4.75312183850221,
24,4.800000000000001,B_front,background_mainline,True,,216.0,20.0,,,,,,,,,,,,,,,,,,,,,,67008,0,fc67b5b9a2d8c823e29b2d5c2dd6465388b731a6dccfb0feeb70cb674ab28be9,validation_003,1,2,1834650058,5,,
24,4.800000000000001,B_rear,background_mainline,True,,90.0312862776349,16.25017918992377,,,,,,,,,,,,,,,,,,,,,,67008,0,fc67b5b9a2d8c823e29b2d5c2dd6465388b731a6dccfb0feeb70cb674ab28be9,validation_003,1,2,1834650058,5,,
25,5.0,A,ramp,True,False,118.39999999999972,16.0,0,maintain,0.0,0.0,128.0,20.0,0,0,maintain-maintain,0.03303857147693634,-0.05225566029548645,-0.004835106432437897,0,0.03303857147693634,-0.004835106432437897,0.03787367790937424,0.08529423177242279,"[true, true, true]",False,False,False,67008,0,fc67b5b9a2d8c823e29b2d5c2dd6465388b731a6dccfb0feeb70cb674ab28be9,validation_003,1,2,1834650058,5,5.568844526611201,
25,5.0,B,mainline,True,False,128.0,20.0,0,maintain,0.0,0.0,118.39999999999972,16.0,0,0,maintain-maintain,0.17358601093292236,-0.002510160207748413,0.0078026000410318375,0,0.17358601093292236,0.0078026000410318375,0.16578341089189053,0.17609617114067078,"[true, true, true]",False,False,False,67008,0,fc67b5b9a2d8c823e29b2d5c2dd6465388b731a6dccfb0feeb70cb674ab28be9,validation_003,1,2,1834650058,5,5.568844526611201,
25,5.0,B_front,background_mainline,True,,220.0,20.0,,,,,,,,,,,,,,,,,,,,,,67008,0,fc67b5b9a2d8c823e29b2d5c2dd6465388b731a6dccfb0feeb70cb674ab28be9,validation_003,1,2,1834650058,5,,
25,5.0,B_rear,background_mainline,True,,93.25715443826745,16.016433442139796,,,,,,,,,,,,,,,,,,,,,,67008,0,fc67b5b9a2d8c823e29b2d5c2dd6465388b731a6dccfb0feeb70cb674ab28be9,validation_003,1,2,1834650058,5,,
26,5.2,A,ramp,True,False,121.59999999999971,16.0,0,maintain,0.0,0.0,132.0,20.0,0,0,maintain-maintain,0.03313799947500229,-0.05345520004630089,-0.003624115139245987,0,0.03313799947500229,-0.003624115139245987,0.036762114614248276,0.08659319952130318,"[true, true, true]",False,False,False,67008,0,fc67b5b9a2d8c823e29b2d5c2dd6465388b731a6dccfb0feeb70cb674ab28be9,validation_003,1,2,1834650058,5,6.3796493711625715,
26,5.2,B,mainline,True,False,132.0,20.0,0,maintain,0.0,0.0,121.59999999999971,16.0,0,0,maintain-maintain,0.17342008650302887,-0.0012277886271476746,0.008768804371356964,0,0.17342008650302887,0.008768804371356964,0.1646512821316719,0.17464787513017654,"[true, true, true]",False,False,False,67008,0,fc67b5b9a2d8c823e29b2d5c2dd6465388b731a6dccfb0feeb70cb674ab28be9,validation_003,1,2,1834650058,5,6.3796493711625715,
26,5.2,B_front,background_mainline,True,,224.0,20.0,,,,,,,,,,,,,,,,,,,,,,67008,0,fc67b5b9a2d8c823e29b2d5c2dd6465388b731a6dccfb0feeb70cb674ab28be9,validation_003,1,2,1834650058,5,,
26,5.2,B_rear,background_mainline,True,,96.44094401959697,15.82766084231958,,,,,,,,,,,,,,,,,,,,,,67008,0,fc67b5b9a2d8c823e29b2d5c2dd6465388b731a6dccfb0feeb70cb674ab28be9,validation_003,1,2,1834650058,5,,
27,5.4,A,ramp,True,False,124.7999999999997,16.0,0,maintain,0.0,0.0,136.0,20.0,0,0,maintain-maintain,0.03337565064430237,-0.05458251014351845,-0.002449244260787964,0,0.03337565064430237,-0.002449244260787964,0.03582489490509033,0.08795816078782082,"[true, true, true]",False,False,False,67008,0,fc67b5b9a2d8c823e29b2d5c2dd6465388b731a6dccfb0feeb70cb674ab28be9,validation_003,1,2,1834650058,5,7.185953575393128,
27,5.4,B,mainline,True,False,136.0,20.0,0,maintain,0.0,0.0,124.7999999999997,16.0,0,0,maintain-maintain,0.17295381426811218,0.00013040006160736084,0.009556903503835201,0,0.17295381426811218,0.009556903503835201,0.16339691076427698,0.17282341420650482,"[true, true, true]",False,False,False,67008,0,fc67b5b9a2d8c823e29b2d5c2dd6465388b731a6dccfb0feeb70cb674ab28be9,validation_003,1,2,1834650058,5,7.185953575393128,
27,5.4,B_front,background_mainline,True,,228.0,20.0,,,,,,,,,,,,,,,,,,,,,,67008,0,fc67b5b9a2d8c823e29b2d5c2dd6465388b731a6dccfb0feeb70cb674ab28be9,validation_003,1,2,1834650058,5,,
27,5.4,B_rear,background_mainline,True,,99.5906523776262,15.674358173738902,,,,,,,,,,,,,,,,,,,,,,67008,0,fc67b5b9a2d8c823e29b2d5c2dd6465388b731a6dccfb0feeb70cb674ab28be9,validation_003,1,2,1834650058,5,,
28,5.6000000000000005,A,ramp,True,False,127.99999999999969,16.0,0,maintain,0.0,0.0,140.0,20.0,0,0,maintain-maintain,0.033555805683135986,-0.055775657296180725,-0.00130452960729599,0,0.033555805683135986,-0.00130452960729599,0.034860335290431976,0.08933146297931671,"[true, true, true]",False,False,False,67008,0,fc67b5b9a2d8c823e29b2d5c2dd6465388b731a6dccfb0feeb70cb674ab28be9,validation_003,1,2,1834650058,5,7.988865144610429,
28,5.6000000000000005,B,mainline,True,False,140.0,20.0,0,maintain,0.0,0.0,127.99999999999969,16.0,0,0,maintain-maintain,0.17195257544517517,0.001739785075187683,0.010584918782114983,0,0.17195257544517517,0.010584918782114983,0.1613676566630602,0.1702127903699875,"[true, true, true]",False,False,False,67008,0,fc67b5b9a2d8c823e29b2d5c2dd6465388b731a6dccfb0feeb70cb674ab28be9,validation_003,1,2,1834650058,5,7.988865144610429,
28,5.6000000000000005,B_front,background_mainline,True,,232.0,20.0,,,,,,,,,,,,,,,,,,,,,,67008,0,fc67b5b9a2d8c823e29b2d5c2dd6465388b731a6dccfb0feeb70cb674ab28be9,validation_003,1,2,1834650058,5,,
28,5.6000000000000005,B_rear,background_mainline,True,,102.71263928021976,15.549497342847742,,,,,,,,,,,,,,,,,,,,,,67008,0,fc67b5b9a2d8c823e29b2d5c2dd6465388b731a6dccfb0feeb70cb674ab28be9,validation_003,1,2,1834650058,5,,
29,5.800000000000001,A,ramp,True,False,131.19999999999973,16.0,0,maintain,0.0,0.0,144.0,20.0,0,0,maintain-maintain,0.03370284289121628,-0.05700723081827164,-0.00020225346088409424,0,0.03370284289121628,-0.00020225346088409424,0.03390509635210037,0.09071007370948792,"[true, true, true]",False,False,False,67008,0,fc67b5b9a2d8c823e29b2d5c2dd6465388b731a6dccfb0feeb70cb674ab28be9,validation_003,1,2,1834650058,5,8.789787458334047,
29,5.800000000000001,B,mainline,True,False,144.0,20.0,0,maintain,0.0,0.0,131.19999999999973,16.0,0,0,maintain-maintain,0.17114827036857605,0.0035297423601150513,0.011376443319022655,0,0.17114827036857605,0.011376443319022655,0.1597718270495534,0.167618528008461,"[true, true, true]",False,False,False,67008,0,fc67b5b9a2d8c823e29b2d5c2dd6465388b731a6dccfb0feeb70cb674ab28be9,validation_003,1,2,1834650058,5,8.789787458334047,
29,5.800000000000001,B_front,background_mainline,True,,236.0,20.0,,,,,,,,,,,,,,,,,,,,,,67008,0,fc67b5b9a2d8c823e29b2d5c2dd6465388b731a6dccfb0feeb70cb674ab28be9,validation_003,1,2,1834650058,5,,
29,5.800000000000001,B_rear,background_mainline,True,,105.81203693585914,15.447735008636178,,,,,,,,,,,,,,,,,,,,,,67008,0,fc67b5b9a2d8c823e29b2d5c2dd6465388b731a6dccfb0feeb70cb674ab28be9,validation_003,1,2,1834650058,5,,
30,6.0,A,ramp,True,False,134.39999999999978,16.0,0,maintain,0.0,0.0,148.0,20.0,0,0,maintain-maintain,0.03382371366024017,-0.05827083811163902,0.000863887369632721,0,0.03382371366024017,0.000863887369632721,0.03295982629060745,0.0920945517718792,"[true, true, true]",False,False,False,67008,0,fc67b5b9a2d8c823e29b2d5c2dd6465388b731a6dccfb0feeb70cb674ab28be9,validation_003,1,2,1834650058,5,9.589928132270643,
30,6.0,B,mainline,True,False,148.0,20.0,0,maintain,0.0,0.0,134.39999999999978,16.0,0,0,maintain-maintain,0.17033511400222778,0.005295559763908386,0.01220332644879818,0,0.17033511400222778,0.01220332644879818,0.1581317875534296,0.1650395542383194,"[true, true, true]",False,False,False,67008,0,fc67b5b9a2d8c823e29b2d5c2dd6465388b731a6dccfb0feeb70cb674ab28be9,validation_003,1,2,1834650058,5,9.589928132270643,
30,6.0,B_front,background_mainline,True,,240.0,20.0,,,,,,,,,,,,,,,,,,,,,,67008,0,fc67b5b9a2d8c823e29b2d5c2dd6465388b731a6dccfb0feeb70cb674ab28be9,validation_003,1,2,1834650058,5,,
30,6.0,B_rear,background_mainline,True,,108.89303406461607,15.364918818430988,,,,,,,,,,,,,,,,,,,,,,67008,0,fc67b5b9a2d8c823e29b2d5c2dd6465388b731a6dccfb0feeb70cb674ab28be9,validation_003,1,2,1834650058,5,,
31,6.2,A,ramp,True,False,137.59999999999982,16.0,0,maintain,0.0,0.0,152.0,20.0,0,0,maintain-maintain,0.033559396862983704,-0.05953352898359299,0.0015359744429588318,0,0.033559396862983704,0.0015359744429588318,0.03202342242002487,0.09309292584657669,"[true, true, true]",False,False,False,67008,0,fc67b5b9a2d8c823e29b2d5c2dd6465388b731a6dccfb0feeb70cb674ab28be9,validation_003,1,2,1834650058,5,10.389931239476255,
31,6.2,B,mainline,True,False,152.0,20.0,0,maintain,0.0,0.0,137.59999999999982,16.0,0,0,maintain-maintain,0.1694897562265396,0.0069175660610198975,0.013165725395083427,0,0.1694897562265396,0.013165725395083427,0.15632403083145618,0.16257219016551971,"[true, true, true]",False,False,False,67008,0,fc67b5b9a2d8c823e29b2d5c2dd6465388b731a6dccfb0feeb70cb674ab28be9,validation_003,1,2,1834650058,5,10.389931239476255,
31,6.2,B_front,background_mainline,True,,244.0,20.0,,,,,,,,,,,,,,,,,,,,,,67008,0,fc67b5b9a2d8c823e29b2d5c2dd6465388b731a6dccfb0feeb70cb674ab28be9,validation_003,1,2,1834650058,5,,
31,6.2,B_rear,background_mainline,True,,111.95908025098844,15.29776995495108,,,,,,,,,,,,,,,,,,,,,,67008,0,fc67b5b9a2d8c823e29b2d5c2dd6465388b731a6dccfb0feeb70cb674ab28be9,validation_003,1,2,1834650058,5,,
32,6.4,A,ramp,True,False,140.79999999999987,16.0,0,maintain,0.0,0.0,156.0,20.0,0,0,maintain-maintain,0.03318404406309128,-0.060807544738054276,0.0020928680896759033,0,0.03318404406309128,0.0020928680896759033,0.031091175973415375,0.09399158880114555,"[true, true, true]",False,False,False,67008,0,fc67b5b9a2d8c823e29b2d5c2dd6465388b731a6dccfb0feeb70cb674ab28be9,validation_003,1,2,1834650058,5,11.18993123947621,
32,6.4,B,mainline,True,False,156.0,20.0,0,maintain,0.0,0.0,140.79999999999987,16.0,0,0,maintain-maintain,0.16864696145057678,0.008535772562026978,0.014123545959591866,0,0.16864696145057678,0.014123545959591866,0.15452341549098492,0.1601111888885498,"[true, true, true]",False,False,False,67008,0,fc67b5b9a2d8c823e29b2d5c2dd6465388b731a6dccfb0feeb70cb674ab28be9,validation_003,1,2,1834650058,5,11.18993123947621,
32,6.4,B_front,background_mainline,True,,248.0,20.0,,,,,,,,,,,,,,,,,,,,,,67008,0,fc67b5b9a2d8c823e29b2d5c2dd6465388b731a6dccfb0feeb70cb674ab28be9,validation_003,1,2,1834650058,5,,
32,6.4,B_rear,background_mainline,True,,115.01303813386669,15.243670054446612,,,,,,,,,,,,,,,,,,,,,,67008,0,fc67b5b9a2d8c823e29b2d5c2dd6465388b731a6dccfb0feeb70cb674ab28be9,validation_003,1,2,1834650058,5,,
33,6.6000000000000005,A,ramp,True,False,143.99999999999991,16.0,0,maintain,0.0,0.0,160.0,20.0,0,0,maintain-maintain,0.03279751539230347,-0.06209356337785721,0.0026393085718154907,0,0.03279751539230347,0.0026393085718154907,0.030158206820487976,0.09489107877016068,"[true, true, true]",False,False,False,67008,0,fc67b5b9a2d8c823e29b2d5c2dd6465388b731a6dccfb0feeb70cb674ab28be9,validation_003,1,2,1834650058,5,11.989931239476164,
33,6.6000000000000005,B,mainline,True,False,160.0,20.0,0,maintain,0.0,0.0,143.99999999999991,16.0,0,0,maintain-maintain,0.16824929416179657,0.01032276451587677,0.014588108286261559,0,0.16824929416179657,0.014588108286261559,0.153661185875535,0.1579265296459198,"[true, true, true]",False,False,False,67008,0,fc67b5b9a2d8c823e29b2d5c2dd6465388b731a6dccfb0feeb70cb674ab28be9,validation_003,1,2,1834650058,5,11.989931239476164,
33,6.6000000000000005,B_front,background_mainline,True,,252.0,20.0,,,,,,,,,,,,,,,,,,,,,,67008,0,fc67b5b9a2d8c823e29b2d5c2dd6465388b731a6dccfb0feeb70cb674ab28be9,validation_003,1,2,1834650058,5,,
33,6.6000000000000005,B_rear,background_mainline,True,,118.057299376634,15.200506813270028,,,,,,,,,,,,,,,,,,,,,,67008,0,fc67b5b9a2d8c823e29b2d5c2dd6465388b731a6dccfb0feeb70cb674ab28be9,validation_003,1,2,1834650058,5,,
34,6.800000000000001,A,ramp,True,False,147.19999999999996,16.0,0,maintain,0.0,0.0,164.0,20.0,0,0,maintain-maintain,0.032401613891124725,-0.0633891224861145,0.003177311271429062,0,0.032401613891124725,0.003177311271429062,0.029224302619695663,0.09579073637723923,"[true, true, true]",False,False,False,67008,0,fc67b5b9a2d8c823e29b2d5c2dd6465388b731a6dccfb0feeb70cb674ab28be9,validation_003,1,2,1834650058,5,12.789931239476118,
34,6.800000000000001,B,mainline,True,False,164.0,20.0,0,maintain,0.0,0.0,147.19999999999996,16.0,0,0,maintain-maintain,0.1679856777191162,0.012157902121543884,0.014904772862792015,0,0.1679856777191162,0.014904772862792015,0.1530809048563242,0.15582777559757233,"[true, true, true]",False,False,False,67008,0,fc67b5b9a2d8c823e29b2d5c2dd6465388b731a6dccfb0feeb70cb674ab28be9,validation_003,1,2,1834650058,5,12.789931239476118,
34,6.800000000000001,B_front,background_mainline,True,,256.0,20.0,,,,,,,,,,,,,,,,,,,,,,67008,0,fc67b5b9a2d8c823e29b2d5c2dd6465388b731a6dccfb0feeb70cb674ab28be9,validation_003,1,2,1834650058,5,,
34,6.800000000000001,B_rear,background_mainline,True,,121.09387370621695,15.16655760358965,,,,,,,,,,,,,,,,,,,,,,67008,0,fc67b5b9a2d8c823e29b2d5c2dd6465388b731a6dccfb0feeb70cb674ab28be9,validation_003,1,2,1834650058,5,,
35,7.0,A,ramp,True,False,150.4,16.0,0,maintain,0.0,0.0,168.0,20.0,0,0,maintain-maintain,0.031998008489608765,-0.0646926686167717,0.0037081167101860046,0,0.031998008489608765,0.0037081167101860046,0.02828989177942276,0.09669067710638046,"[true, true, true]",False,False,False,67008,0,fc67b5b9a2d8c823e29b2d5c2dd6465388b731a6dccfb0feeb70cb674ab28be9,validation_003,1,2,1834650058,5,13.589931239476073,
35,7.0,B,mainline,True,False,168.0,20.0,0,maintain,0.0,0.0,150.4,16.0,0,0,maintain-maintain,0.16772353649139404,0.013990156352519989,0.015220925211906433,0,0.16772353649139404,0.015220925211906433,0.1525026112794876,0.15373338013887405,"[true, true, true]",False,False,False,67008,0,fc67b5b9a2d8c823e29b2d5c2dd6465388b731a6dccfb0feeb70cb674ab28be9,validation_003,1,2,1834650058,5,13.589931239476073,
35,7.0,B_front,background_mainline,True,,260.0,0.0,,,,,,,,,,,,,,,,,,,,,,67008,0,fc67b5b9a2d8c823e29b2d5c2dd6465388b731a6dccfb0feeb70cb674ab28be9,validation_003,1,2,1834650058,5,,
35,7.0,B_rear,background_mainline,True,,124.12445784843796,15.140403577322122,,,,,,,,,,,,,,,,,,,,,,67008,0,fc67b5b9a2d8c823e29b2d5c2dd6465388b731a6dccfb0feeb70cb674ab28be9,validation_003,1,2,1834650058,5,,
36,7.2,A,ramp,True,False,153.60000000000005,16.0,0,maintain,0.0,0.0,172.0,20.0,0,0,maintain-maintain,0.009489238262176514,-0.08587659895420074,-0.012312740087509155,0,0.009489238262176514,-0.012312740087509155,0.02180197834968567,0.09536583721637726,"[true, true, true]",False,False,False,67008,0,fc67b5b9a2d8c823e29b2d5c2dd6465388b731a6dccfb0feeb70cb674ab28be9,validation_003,1,2,1834650058,5,14.389931239476027,
36,7.2,B,mainline,True,False,172.0,20.0,0,maintain,0.0,0.0,153.60000000000005,16.0,0,0,maintain-maintain,0.15268179774284363,-0.007661789655685425,0.03244553878903389,0,0.15268179774284363,0.03244553878903389,0.12023625895380974,0.16034358739852905,"[true, true, true]",False,False,False,67008,0,fc67b5b9a2d8c823e29b2d5c2dd6465388b731a6dccfb0feeb70cb674ab28be9,validation_003,1,2,1834650058,5,14.389931239476027,
36,7.2,B_front,background_mainline,True,,260.0,0.0,,,,,,,,,,,,,,,,,,,,,,67008,0,fc67b5b9a2d8c823e29b2d5c2dd6465388b731a6dccfb0feeb70cb674ab28be9,validation_003,1,2,1834650058,5,,
36,7.2,B_rear,background_mainline,True,,127.1504896226544,15.120865936927927,,,,,,,,,,,,,,,,,,,,,,67008,0,fc67b5b9a2d8c823e29b2d5c2dd6465388b731a6dccfb0feeb70cb674ab28be9,validation_003,1,2,1834650058,5,,
37,7.4,A,ramp,True,False,156.8000000000001,16.0,0,maintain,0.0,0.0,176.0,20.0,0,0,maintain-maintain,0.009781494736671448,-0.08723783493041992,-0.011782430112361908,0,0.009781494736671448,-0.011782430112361908,0.021563924849033356,0.09701932966709137,"[true, true, true]",False,False,False,67008,0,fc67b5b9a2d8c823e29b2d5c2dd6465388b731a6dccfb0feeb70cb674ab28be9,validation_003,1,2,1834650058,5,15.189931239475982,
37,7.4,B,mainline,True,False,176.0,20.0,0,maintain,0.0,0.0,156.8000000000001,16.0,0,0,maintain-maintain,0.15284056961536407,-0.007377222180366516,0.0337359681725502,0,0.15284056961536407,0.0337359681725502,0.11910460144281387,0.1602177917957306,"[true, true, true]",False,False,False,67008,0,fc67b5b9a2d8c823e29b2d5c2dd6465388b731a6dccfb0feeb70cb674ab28be9,validation_003,1,2,1834650058,5,15.189931239475982,
37,7.4,B_front,background_mainline,True,,260.0,0.0,,,,,,,,,,,,,,,,,,,,,,67008,0,fc67b5b9a2d8c823e29b2d5c2dd6465388b731a6dccfb0feeb70cb674ab28be9,validation_003,1,2,1834650058,5,,
37,7.4,B_rear,background_mainline,True,,130.17319094140456,15.106957890336611,,,,,,,,,,,,,,,,,,,,,,67008,0,fc67b5b9a2d8c823e29b2d5c2dd6465388b731a6dccfb0feeb70cb674ab28be9,validation_003,1,2,1834650058,5,,
38,7.6000000000000005,A,ramp,True,False,160.00000000000014,16.0,0,maintain,0.0,0.0,180.0,20.0,0,0,maintain-maintain,0.010066188871860504,-0.0885932445526123,-0.011259332299232483,0,0.010066188871860504,-0.011259332299232483,0.021325521171092987,0.09865943342447281,"[true, true, true]",False,False,False,67008,0,fc67b5b9a2d8c823e29b2d5c2dd6465388b731a6dccfb0feeb70cb674ab28be9,validation_003,1,2,1834650058,5,15.989931239475936,
38,7.6000000000000005,B,mainline,True,False,180.0,20.0,0,maintain,0.0,0.0,160.00000000000014,16.0,0,0,maintain-maintain,0.15323442220687866,-0.007619723677635193,0.03535495698451996,0,0.15323442220687866,0.03535495698451996,0.1178794652223587,0.16085414588451385,"[true, true, true]",False,False,False,67008,0,fc67b5b9a2d8c823e29b2d5c2dd6465388b731a6dccfb0feeb70cb674ab28be9,validation_003,1,2,1834650058,5,15.989931239475936,
38,7.6000000000000005,B_front,background_mainline,True,,260.0,0.0,,,,,,,,,,,,,,,,,,,,,,67008,0,fc67b5b9a2d8c823e29b2d5c2dd6465388b731a6dccfb0feeb70cb674ab28be9,validation_003,1,2,1834650058,5,,
38,7.6000000000000005,B_rear,background_mainline,True,,133.19360238652493,15.09784789763407,,,,,,,,,,,,,,,,,,,,,,67008,0,fc67b5b9a2d8c823e29b2d5c2dd6465388b731a6dccfb0feeb70cb674ab28be9,validation_003,1,2,1834650058,5,,
39,7.800000000000001,A,ramp,True,False,163.2000000000002,16.0,0,maintain,0.0,0.0,184.0,20.0,0,0,maintain-maintain,0.009636715054512024,-0.08885270357131958,-0.010530855506658554,0,0.009636715054512024,-0.010530855506658554,0.020167570561170578,0.0984894186258316,"[true, true, true]",False,False,False,67008,0,fc67b5b9a2d8c823e29b2d5c2dd6465388b731a6dccfb0feeb70cb674ab28be9,validation_003,1,2,1834650058,5,16.78993123947589,
39,7.800000000000001,B,mainline,True,False,184.0,20.0,0,maintain,0.0,0.0,163.2000000000002,16.0,0,0,maintain-maintain,0.15476426482200623,-0.009239204227924347,0.03747367858886719,0,0.15476426482200623,0.03747367858886719,0.11729058623313904,0.16400346904993057,"[true, true, true]",False,False,False,67008,0,fc67b5b9a2d8c823e29b2d5c2dd6465388b731a6dccfb0feeb70cb674ab28be9,validation_003,1,2,1834650058,5,16.78993123947589,
39,7.800000000000001,B_front,background_mainline,True,,260.0,0.0,,,,,,,,,,,,,,,,,,,,,,67008,0,fc67b5b9a2d8c823e29b2d5c2dd6465388b731a6dccfb0feeb70cb674ab28be9,validation_003,1,2,1834650058,5,,
39,7.800000000000001,B_rear,background_mainline,True,,136.21261130028194,15.092831182435132,,,,,,,,,,,,,,,,,,,,,,67008,0,fc67b5b9a2d8c823e29b2d5c2dd6465388b731a6dccfb0feeb70cb674ab28be9,validation_003,1,2,1834650058,5,,
40,8.0,A,ramp,True,False,166.40000000000023,16.0,0,maintain,0.0,0.0,188.0,20.0,0,0,maintain-maintain,0.009060680866241455,-0.08890530467033386,-0.00982964038848877,0,0.009060680866241455,-0.00982964038848877,0.018890321254730225,0.09796598553657532,"[true, true, true]",False,False,False,67008,0,fc67b5b9a2d8c823e29b2d5c2dd6465388b731a6dccfb0feeb70cb674ab28be9,validation_003,1,2,1834650058,5,17.589931239475845,
40,8.0,B,mainline,True,False,188.0,20.0,0,maintain,0.0,0.0,166.40000000000023,16.0,0,0,maintain-maintain,0.15656371414661407,-0.010665342211723328,0.039114948362112045,0,0.15656371414661407,0.039114948362112045,0.11744876578450203,0.1672290563583374,"[true, true, true]",False,False,False,67008,0,fc67b5b9a2d8c823e29b2d5c2dd6465388b731a6dccfb0feeb70cb674ab28be9,validation_003,1,2,1834650058,5,17.589931239475845,
40,8.0,B_front,background_mainline,True,,260.0,0.0,,,,,,,,,,,,,,,,,,,,,,67008,0,fc67b5b9a2d8c823e29b2d5c2dd6465388b731a6dccfb0feeb70cb674ab28be9,validation_003,1,2,1834650058,5,,
40,8.0,B_rear,background_mainline,True,,139.2309748205544,15.091307383269783,,,,,,,,,,,,,,,,,,,,,,67008,0,fc67b5b9a2d8c823e29b2d5c2dd6465388b731a6dccfb0feeb70cb674ab28be9,validation_003,1,2,1834650058,5,,
41,8.200000000000001,A,ramp,True,False,169.60000000000028,16.0,0,maintain,0.0,0.0,192.0,20.0,0,0,maintain-maintain,0.009220317006111145,-0.08907672017812729,-0.009257838129997253,0,0.009220317006111145,-0.009257838129997253,0.0184781551361084,0.09829703718423843,"[true, true, true]",False,False,False,67008,0,fc67b5b9a2d8c823e29b2d5c2dd6465388b731a6dccfb0feeb70cb674ab28be9,validation_003,1,2,1834650058,5,18.3899312394758,
41,8.200000000000001,B,mainline,True,False,192.0,20.0,0,maintain,0.0,0.0,169.60000000000028,16.0,0,0,maintain-maintain,0.1584305316209793,-0.012101009488105774,0.04075487330555916,0,0.1584305316209793,0.04075487330555916,0.11767565831542015,0.17053154110908508,"[true, true, true]",False,False,False,67008,0,fc67b5b9a2d8c823e29b2d5c2dd6465388b731a6dccfb0feeb70cb674ab28be9,validation_003,1,2,1834650058,5,18.3899312394758,
41,8.200000000000001,B_front,background_mainline,True,,260.0,0.0,,,,,,,,,,,,,,,,,,,,,,67008,0,fc67b5b9a2d8c823e29b2d5c2dd6465388b731a6dccfb0feeb70cb674ab28be9,validation_003,1,2,1834650058,5,,
41,8.200000000000001,B_rear,background_mainline,True,,142.24933892866693,15.092762828845009,,,,,,,,,,,,,,,,,,,,,,67008,0,fc67b5b9a2d8c823e29b2d5c2dd6465388b731a6dccfb0feeb70cb674ab28be9,validation_003,1,2,1834650058,5,,
42,8.4,A,ramp,True,False,172.80000000000032,16.0,0,maintain,0.0,0.0,196.0,20.0,0,0,maintain-maintain,0.0097464919090271,-0.08930620551109314,-0.008752360939979553,0,0.0097464919090271,-0.008752360939979553,0.018498852849006653,0.09905269742012024,"[true, true, true]",False,False,False,67008,0,fc67b5b9a2d8c823e29b2d5c2dd6465388b731a6dccfb0feeb70cb674ab28be9,validation_003,1,2,1834650058,5,19.189931239475754,
42,8.4,B,mainline,True,False,196.0,20.0,0,maintain,0.0,0.0,172.80000000000032,16.0,0,0,maintain-maintain,0.16050077974796295,-0.012746602296829224,0.04151912406086922,0,0.16050077974796295,0.04151912406086922,0.11898165568709373,0.17324738204479218,"[true, true, true]",False,False,False,67008,0,fc67b5b9a2d8c823e29b2d5c2dd6465388b731a6dccfb0feeb70cb674ab28be9,validation_003,1,2,1834650058,5,19.189931239475754,
42,8.4,B_front,background_mainline,True,,260.0,0.0,,,,,,,,,,,,,,,,,,,,,,67008,0,fc67b5b9a2d8c823e29b2d5c2dd6465388b731a6dccfb0feeb70cb674ab28be9,validation_003,1,2,1834650058,5,,
42,8.4,B_rear,background_mainline,True,,145.26825431942464,15.096756338915908,,,,,,,,,,,,,,,,,,,,,,67008,0,fc67b5b9a2d8c823e29b2d5c2dd6465388b731a6dccfb0feeb70cb674ab28be9,validation_003,1,2,1834650058,5,,
43,8.6,A,ramp,True,False,176.00000000000037,16.0,0,maintain,0.0,0.0,200.0,20.0,0,0,maintain-maintain,0.010270774364471436,-0.08953319489955902,-0.008250333368778229,0,0.010270774364471436,-0.008250333368778229,0.018521107733249664,0.09980396926403046,"[true, true, true]",False,False,False,67008,0,fc67b5b9a2d8c823e29b2d5c2dd6465388b731a6dccfb0feeb70cb674ab28be9,validation_003,1,2,1834650058,5,19.98993123947571,
43,8.6,B,mainline,True,False,200.0,20.0,0,maintain,0.0,0.0,176.00000000000037,16.0,0,0,maintain-maintain,0.16254590451717377,-0.013233043253421783,0.04212792217731476,0,0.16254590451717377,0.04212792217731476,0.12041798233985901,0.17577894777059555,"[true, true, true]",False,False,False,67008,0,fc67b5b9a2d8c823e29b2d5c2dd6465388b731a6dccfb0feeb70cb674ab28be9,validation_003,1,2,1834650058,5,19.98993123947571,
43,8.6,B_front,background_mainline,True,,260.0,0.0,,,,,,,,,,,,,,,,,,,,,,67008,0,fc67b5b9a2d8c823e29b2d5c2dd6465388b731a6dccfb0feeb70cb674ab28be9,validation_003,1,2,1834650058,5,,
43,8.6,B_rear,background_mainline,True,,148.28818971401537,15.10290774421519,,,,,,,,,,,,,,,,,,,,,,67008,0,fc67b5b9a2d8c823e29b2d5c2dd6465388b731a6dccfb0feeb70cb674ab28be9,validation_003,1,2,1834650058,5,,
44,8.8,A,ramp,True,False,179.20000000000041,16.0,0,maintain,0.0,0.0,204.0,20.0,0,0,maintain-maintain,0.010654821991920471,-0.08957815915346146,-0.00750732421875,0,0.010654821991920471,-0.00750732421875,0.01816214621067047,0.10023298114538193,"[true, true, true]",False,False,False,67008,0,fc67b5b9a2d8c823e29b2d5c2dd6465388b731a6dccfb0feeb70cb674ab28be9,validation_003,1,2,1834650058,5,20.789931239475663,
44,8.8,B,mainline,True,False,204.0,20.0,0,maintain,0.0,0.0,179.20000000000041,16.0,0,0,maintain-maintain,0.1644323319196701,-0.01371300220489502,0.043022558093070984,0,0.1644323319196701,0.043022558093070984,0.12140977382659912,0.17814533412456512,"[true, true, true]",False,False,False,67008,0,fc67b5b9a2d8c823e29b2d5c2dd6465388b731a6dccfb0feeb70cb674ab28be9,validation_003,1,2,1834650058,5,20.789931239475663,
44,8.8,B_front,background_mainline,True,,260.0,0.0,,,,,,,,,,,,,,,,,,,,,,67008,0,fc67b5b9a2d8c823e29b2d5c2dd6465388b731a6dccfb0feeb70cb674ab28be9,validation_003,1,2,1834650058,5,,
44,8.8,B_rear,background_mainline,True,,151.30954309689596,15.110888525623679,,,,,,,,,,,,,,,,,,,,,,67008,0,fc67b5b9a2d8c823e29b2d5c2dd6465388b731a6dccfb0feeb70cb674ab28be9,validation_003,1,2,1834650058,5,,
45,9.0,A,ramp,True,False,182.40000000000046,16.0,0,maintain,0.0,0.0,208.0,20.0,0,0,maintain-maintain,0.010740868747234344,-0.08912497013807297,-0.006264813244342804,0,0.010740868747234344,-0.006264813244342804,0.01700568199157715,0.09986583888530731,"[true, true, true]",False,False,False,67008,0,fc67b5b9a2d8c823e29b2d5c2dd6465388b731a6dccfb0feeb70cb674ab28be9,validation_003,1,2,1834650058,5,21.589931239475618,
45,9.0,B,mainline,True,False,208.0,20.0,0,maintain,0.0,0.0,182.40000000000046,16.0,0,0,maintain-maintain,0.1650945097208023,-0.01339934766292572,0.043359290808439255,0,0.1650945097208023,0.043359290808439255,0.12173521891236305,0.17849385738372803,"[true, true, true]",False,False,False,67008,0,fc67b5b9a2d8c823e29b2d5c2dd6465388b731a6dccfb0feeb70cb674ab28be9,validation_003,1,2,1834650058,5,21.589931239475618,
45,9.0,B_front,background_mainline,True,,260.0,0.0,,,,,,,,,,,,,,,,,,,,,,67008,0,fc67b5b9a2d8c823e29b2d5c2dd6465388b731a6dccfb0feeb70cb674ab28be9,validation_003,1,2,1834650058,5,,
45,9.0,B_rear,background_mainline,True,,154.33265125341907,15.120414121306922,,,,,,,,,,,,,,,,,,,,,,67008,0,fc67b5b9a2d8c823e29b2d5c2dd6465388b731a6dccfb0feeb70cb674ab28be9,validation_003,1,2,1834650058,5,,
46,9.200000000000001,A,ramp,True,False,185.6000000000005,16.0,0,maintain,0.0,0.0,212.0,20.0,0,0,maintain-maintain,0.010782986879348755,-0.08857691287994385,-0.004955209791660309,0,0.010782986879348755,-0.004955209791660309,0.015738196671009064,0.0993598997592926,"[true, true, true]",False,False,False,67008,0,fc67b5b9a2d8c823e29b2d5c2dd6465388b731a6dccfb0feeb70cb674ab28be9,validation_003,1,2,1834650058,5,22.389931239475573,
46,9.200000000000001,B,mainline,True,False,212.0,20.0,0,maintain,0.0,0.0,185.6000000000005,16.0,0,0,maintain-maintain,0.16536469757556915,-0.012875780463218689,0.04335353523492813,0,0.16536469757556915,0.04335353523492813,0.12201116234064102,0.17824047803878784,"[true, true, true]",False,False,False,67008,0,fc67b5b9a2d8c823e29b2d5c2dd6465388b731a6dccfb0feeb70cb674ab28be9,validation_003,1,2,1834650058,5,22.389931239475573,
46,9.200000000000001,B_front,background_mainline,True,,260.0,0.0,,,,,,,,,,,,,,,,,,,,,,67008,0,fc67b5b9a2d8c823e29b2d5c2dd6465388b731a6dccfb0feeb70cb674ab28be9,validation_003,1,2,1834650058,5,,
46,9.200000000000001,B_rear,background_mainline,True,,157.3577979060381,15.131237558637192,,,,,,,,,,,,,,,,,,,,,,67008,0,fc67b5b9a2d8c823e29b2d5c2dd6465388b731a6dccfb0feeb70cb674ab28be9,validation_003,1,2,1834650058,5,,
47,9.4,A,ramp,True,False,188.80000000000055,16.0,0,maintain,0.0,0.0,216.0,20.0,0,0,maintain-maintain,0.01082446426153183,-0.08802718669176102,-0.003647230565547943,0,0.01082446426153183,-0.003647230565547943,0.014471694827079773,0.09885165095329285,"[true, true, true]",False,False,False,67008,0,fc67b5b9a2d8c823e29b2d5c2dd6465388b731a6dccfb0feeb70cb674ab28be9,validation_003,1,2,1834650058,5,23.189931239475527,
47,9.4,B,mainline,True,False,216.0,20.0,0,maintain,0.0,0.0,188.80000000000055,16.0,0,0,maintain-maintain,0.16557416319847107,-0.012345656752586365,0.04309748113155365,0,0.16557416319847107,0.04309748113155365,0.12247668206691742,0.17791981995105743,"[true, true, true]",False,False,False,67008,0,fc67b5b9a2d8c823e29b2d5c2dd6465388b731a6dccfb0feeb70cb674ab28be9,validation_003,1,2,1834650058,5,23.189931239475527,
47,9.4,B_front,background_mainline,True,,260.0,0.0,,,,,,,,,,,,,,,,,,,,,,67008,0,fc67b5b9a2d8c823e29b2d5c2dd6465388b731a6dccfb0feeb70cb674ab28be9,validation_003,1,2,1834650058,5,,
47,9.4,B_rear,background_mainline,True,,160.38522068662166,15.143144147307082,,,,,,,,,,,,,,,,,,,,,,67008,0,fc67b5b9a2d8c823e29b2d5c2dd6465388b731a6dccfb0feeb70cb674ab28be9,validation_003,1,2,1834650058,5,,
48,9.600000000000001,A,ramp,True,False,192.0000000000006,16.0,0,maintain,0.0,0.0,220.0,20.0,0,0,maintain-maintain,0.01102050393819809,-0.08773034065961838,-0.002388637512922287,0,0.01102050393819809,-0.002388637512922287,0.013409141451120377,0.09875084459781647,"[true, true, true]",False,False,False,67008,0,fc67b5b9a2d8c823e29b2d5c2dd6465388b731a6dccfb0feeb70cb674ab28be9,validation_003,1,2,1834650058,5,23.98993123947548,
48,9.600000000000001,B,mainline,True,False,220.0,20.0,0,maintain,0.0,0.0,192.0000000000006,16.0,0,0,maintain-maintain,0.16578185558319092,-0.011816099286079407,0.042835067957639694,0,0.16578185558319092,0.042835067957639694,0.12294678762555122,0.17759795486927032,"[true, true, true]",False,False,False,67008,0,fc67b5b9a2d8c823e29b2d5c2dd6465388b731a6dccfb0feeb70cb674ab28be9,validation_003,1,2,1834650058,5,23.98993123947548,
48,9.600000000000001,B_front,background_mainline,True,,260.0,0.0,,,,,,,,,,,,,,,,,,,,,,67008,0,fc67b5b9a2d8c823e29b2d5c2dd6465388b731a6dccfb0feeb70cb674ab28be9,validation_003,1,2,1834650058,5,,
48,9.600000000000001,B_rear,background_mainline,True,,163.4151171358843,15.155947029278188,,,,,,,,,,,,,,,,,,,,,,67008,0,fc67b5b9a2d8c823e29b2d5c2dd6465388b731a6dccfb0feeb70cb674ab28be9,validation_003,1,2,1834650058,5,,
49,9.8,A,ramp,True,False,195.20000000000064,16.0,0,maintain,0.0,0.0,224.0,20.0,0,0,maintain-maintain,0.011231429874897003,-0.08746261149644852,-0.001148674637079239,0,0.011231429874897003,-0.001148674637079239,0.012380104511976242,0.09869404137134552,"[true, true, true]",False,False,False,67008,0,fc67b5b9a2d8c823e29b2d5c2dd6465388b731a6dccfb0feeb70cb674ab28be9,validation_003,1,2,1834650058,5,24.789931239475436,
49,9.8,B,mainline,True,False,224.0,20.0,0,maintain,0.0,0.0,195.20000000000064,16.0,0,0,maintain-maintain,0.1659892350435257,-0.011287108063697815,0.04257216304540634,0,0.1659892350435257,0.04257216304540634,0.12341707199811935,0.1772763431072235,"[true, true, true]",False,False,False,67008,0,fc67b5b9a2d8c823e29b2d5c2dd6465388b731a6dccfb0feeb70cb674ab28be9,validation_003,1,2,1834650058,5,24.789931239475436,
49,9.8,B_front,background_mainline,True,,260.0,0.0,,,,,,,,,,,,,,,,,,,,,,67008,0,fc67b5b9a2d8c823e29b2d5c2dd6465388b731a6dccfb0feeb70cb674ab28be9,validation_003,1,2,1834650058,5,,
49,9.8,B_rear,background_mainline,True,,166.4476498847147,15.169483425746693,,,,,,,,,,,,,,,,,,,,,,67008,0,fc67b5b9a2d8c823e29b2d5c2dd6465388b731a6dccfb0feeb70cb674ab28be9,validation_003,1,2,1834650058,5,,
50,10.0,A,ramp,True,False,198.4000000000007,16.0,0,maintain,0.0,0.0,228.0,20.0,0,0,maintain-maintain,0.011293724179267883,-0.08713272213935852,1.4357268810272217e-05,0,0.011293724179267883,1.4357268810272217e-05,0.011279366910457611,0.0984264463186264,"[true, true, true]",False,False,False,67008,0,fc67b5b9a2d8c823e29b2d5c2dd6465388b731a6dccfb0feeb70cb674ab28be9,validation_003,1,2,1834650058,5,25.58993123947539,
50,10.0,B,mainline,True,False,228.0,20.0,0,maintain,0.0,0.0,198.4000000000007,16.0,0,0,maintain-maintain,0.1661963015794754,-0.01075851172208786,0.042308833450078964,0,0.1661963015794754,0.042308833450078964,0.12388746812939644,0.17695481330156326,"[true, true, true]",False,False,False,67008,0,fc67b5b9a2d8c823e29b2d5c2dd6465388b731a6dccfb0feeb70cb674ab28be9,validation_003,1,2,1834650058,5,25.58993123947539,
50,10.0,B_front,background_mainline,True,,260.0,0.0,,,,,,,,,,,,,,,,,,,,,,67008,0,fc67b5b9a2d8c823e29b2d5c2dd6465388b731a6dccfb0feeb70cb674ab28be9,validation_003,1,2,1834650058,5,,
50,10.0,B_rear,background_mainline,True,,169.48295114374497,15.18361145511106,,,,,,,,,,,,,,,,,,,,,,67008,0,fc67b5b9a2d8c823e29b2d5c2dd6465388b731a6dccfb0feeb70cb674ab28be9,validation_003,1,2,1834650058,5,,
51,10.200000000000001,A,ramp,True,False,201.60000000000073,16.0,0,maintain,0.0,0.0,232.0,20.0,0,0,maintain-maintain,0.011114254593849182,-0.08712732791900635,0.0009050369262695312,0,0.011114254593849182,0.0009050369262695312,0.010209217667579651,0.09824158251285553,"[true, true, true]",False,False,False,67008,0,fc67b5b9a2d8c823e29b2d5c2dd6465388b731a6dccfb0feeb70cb674ab28be9,validation_003,1,2,1834650058,5,26.389931239475345,
51,10.200000000000001,B,mainline,True,False,232.0,20.0,0,maintain,0.0,0.0,201.60000000000073,16.0,0,0,maintain-maintain,0.16639018058776855,-0.010279640555381775,0.04194981977343559,0,0.16639018058776855,0.04194981977343559,0.12444036081433296,0.17666982114315033,"[true, true, true]",False,False,False,67008,0,fc67b5b9a2d8c823e29b2d5c2dd6465388b731a6dccfb0feeb70cb674ab28be9,validation_003,1,2,1834650058,5,26.389931239475345,
51,10.200000000000001,B_front,background_mainline,True,,260.0,0.0,,,,,,,,,,,,,,,,,,,,,,67008,0,fc67b5b9a2d8c823e29b2d5c2dd6465388b731a6dccfb0feeb70cb674ab28be9,validation_003,1,2,1834650058,5,,
51,10.200000000000001,B_rear,background_mainline,True,,172.52112660499412,15.198207421810002,,,,,,,,,,,,,,,,,,,,,,67008,0,fc67b5b9a2d8c823e29b2d5c2dd6465388b731a6dccfb0feeb70cb674ab28be9,validation_003,1,2,1834650058,5,,
52,10.4,A,ramp,True,False,204.80000000000078,16.0,0,maintain,0.0,0.0,236.0,20.0,0,0,maintain-maintain,0.010679736733436584,-0.0872543454170227,0.0017669908702373505,0,0.010679736733436584,0.0017669908702373505,0.008912745863199234,0.09793408215045929,"[true, true, true]",False,False,False,67008,0,fc67b5b9a2d8c823e29b2d5c2dd6465388b731a6dccfb0feeb70cb674ab28be9,validation_003,1,2,1834650058,5,27.1899312394753,
52,10.4,B,mainline,True,False,236.0,20.0,0,maintain,0.0,0.0,204.80000000000078,16.0,0,0,maintain-maintain,0.16658368706703186,-0.009801357984542847,0.04158968850970268,0,0.16658368706703186,0.04158968850970268,0.12499399855732918,0.1763850450515747,"[true, true, true]",False,False,False,67008,0,fc67b5b9a2d8c823e29b2d5c2dd6465388b731a6dccfb0feeb70cb674ab28be9,validation_003,1,2,1834650058,5,27.1899312394753,
52,10.4,B_front,background_mainline,True,,260.0,0.0,,,,,,,,,,,,,,,,,,,,,,67008,0,fc67b5b9a2d8c823e29b2d5c2dd6465388b731a6dccfb0feeb70cb674ab28be9,validation_003,1,2,1834650058,5,,
52,10.4,B_rear,background_mainline,True,,175.56225884147116,15.213163495882,,,,,,,,,,,,,,,,,,,,,,67008,0,fc67b5b9a2d8c823e29b2d5c2dd6465388b731a6dccfb0feeb70cb674ab28be9,validation_003,1,2,1834650058,5,,
53,10.600000000000001,A,ramp,True,False,208.00000000000082,16.0,0,maintain,0.0,0.0,240.0,20.0,0,0,maintain-maintain,0.010306045413017273,-0.08743515610694885,0.0025932341814041138,0,0.010306045413017273,0.0025932341814041138,0.007712811231613159,0.09774120151996613,"[true, true, true]",False,False,False,67008,0,fc67b5b9a2d8c823e29b2d5c2dd6465388b731a6dccfb0feeb70cb674ab28be9,validation_003,1,2,1834650058,5,27.989931239475254,
53,10.600000000000001,B,mainline,True,False,240.0,20.0,0,maintain,0.0,0.0,208.00000000000082,16.0,0,0,maintain-maintain,0.16677695512771606,-0.009323231875896454,0.04122921824455261,0,0.16677695512771606,0.04122921824455261,0.12554773688316345,0.17610018700361252,"[true, true, true]",False,False,False,67008,0,fc67b5b9a2d8c823e29b2d5c2dd6465388b731a6dccfb0feeb70cb674ab28be9,validation_003,1,2,1834650058,5,27.989931239475254,
53,10.600000000000001,B_front,background_mainline,True,,260.0,0.0,,,,,,,,,,,,,,,,,,,,,,67008,0,fc67b5b9a2d8c823e29b2d5c2dd6465388b731a6dccfb0feeb70cb674ab28be9,validation_003,1,2,1834650058,5,,
53,10.600000000000001,B_rear,background_mainline,True,,178.60641027620792,15.228385718646422,,,,,,,,,,,,,,,,,,,,,,67008,0,fc67b5b9a2d8c823e29b2d5c2dd6465388b731a6dccfb0feeb70cb674ab28be9,validation_003,1,2,1834650058,5,,
54,10.8,A,ramp,True,False,211.20000000000087,16.0,0,maintain,0.0,0.0,244.0,20.0,0,0,maintain-maintain,0.010126814246177673,-0.08765476942062378,0.003348603844642639,0,0.010126814246177673,0.003348603844642639,0.006778210401535034,0.09778158366680145,"[true, true, true]",False,False,False,67008,0,fc67b5b9a2d8c823e29b2d5c2dd6465388b731a6dccfb0feeb70cb674ab28be9,validation_003,1,2,1834650058,5,28.78993123947521,
54,10.8,B,mainline,True,False,244.0,20.0,0,maintain,0.0,0.0,211.20000000000087,16.0,0,0,maintain-maintain,0.16696995496749878,-0.008845143020153046,0.04086843878030777,0,0.16696995496749878,0.04086843878030777,0.126101516187191,0.17581509798765182,"[true, true, true]",False,False,False,67008,0,fc67b5b9a2d8c823e29b2d5c2dd6465388b731a6dccfb0feeb70cb674ab28be9,validation_003,1,2,1834650058,5,28.78993123947521,
54,10.8,B_front,background_mainline,True,,260.0,0.0,,,,,,,,,,,,,,,,,,,,,,67008,0,fc67b5b9a2d8c823e29b2d5c2dd6465388b731a6dccfb0feeb70cb674ab28be9,validation_003,1,2,1834650058,5,,
54,10.8,B_rear,background_mainline,True,,181.65362578053654,15.243792282094306,,,,,,,,,,,,,,,,,,,,,,67008,0,fc67b5b9a2d8c823e29b2d5c2dd6465388b731a6dccfb0feeb70cb674ab28be9,validation_003,1,2,1834650058,5,,
55,11.0,A,ramp,True,False,214.40000000000092,16.0,0,maintain,0.0,0.0,248.0,20.0,0,0,maintain-maintain,0.010002583265304565,-0.08781901001930237,0.004388496279716492,0,0.010002583265304565,0.004388496279716492,0.005614086985588074,0.09782159328460693,"[true, true, true]",False,False,False,67008,0,fc67b5b9a2d8c823e29b2d5c2dd6465388b731a6dccfb0feeb70cb674ab28be9,validation_003,1,2,1834650058,5,29.589931239475163,
55,11.0,B,mainline,True,False,248.0,20.0,0,maintain,0.0,0.0,214.40000000000092,16.0,0,0,maintain-maintain,0.16715794801712036,-0.008367598056793213,0.04051543399691582,0,0.16715794801712036,0.04051543399691582,0.12664251402020454,0.17552554607391357,"[true, true, true]",False,False,False,67008,0,fc67b5b9a2d8c823e29b2d5c2dd6465388b731a6dccfb0feeb70cb674ab28be9,validation_003,1,2,1834650058,5,29.589931239475163,
55,11.0,B_front,background_mainline,True,,260.0,0.0,,,,,,,,,,,,,,,,,,,,,,67008,0,fc67b5b9a2d8c823e29b2d5c2dd6465388b731a6dccfb0feeb70cb674ab28be9,validation_003,1,2,1834650058,5,,
55,11.0,B_rear,background_mainline,True,,184.70393495194068,15.259312039197463,,,,,,,,,,,,,,,,,,,,,,67008,0,fc67b5b9a2d8c823e29b2d5c2dd6465388b731a6dccfb0feeb70cb674ab28be9,validation_003,1,2,1834650058,5,,
56,11.200000000000001,A,ramp,True,False,217.60000000000096,16.0,0,maintain,0.0,0.0,252.0,20.0,0,0,maintain-maintain,0.009867042303085327,-0.08803684264421463,0.0055284276604652405,0,0.009867042303085327,0.0055284276604652405,0.004338614642620087,0.09790388494729996,"[true, true, true]",False,False,False,67008,0,fc67b5b9a2d8c823e29b2d5c2dd6465388b731a6dccfb0feeb70cb674ab28be9,validation_003,1,2,1834650058,5,30.389931239475118,
56,11.200000000000001,B,mainline,True,False,252.0,20.0,0,maintain,0.0,0.0,217.60000000000096,16.0,0,0,maintain-maintain,0.16696903109550476,-0.007935166358947754,0.04079870507121086,0,0.16696903109550476,0.04079870507121086,0.1261703260242939,0.17490419745445251,"[true, true, true]",False,False,False,67008,0,fc67b5b9a2d8c823e29b2d5c2dd6465388b731a6dccfb0feeb70cb674ab28be9,validation_003,1,2,1834650058,5,30.389931239475118,
56,11.200000000000001,B_front,background_mainline,True,,260.0,0.0,,,,,,,,,,,,,,,,,,,,,,67008,0,fc67b5b9a2d8c823e29b2d5c2dd6465388b731a6dccfb0feeb70cb674ab28be9,validation_003,1,2,1834650058,5,,
56,11.200000000000001,B_rear,background_mainline,True,,187.75735411404352,15.274883209989305,,,,,,,,,,,,,,,,,,,,,,67008,0,fc67b5b9a2d8c823e29b2d5c2dd6465388b731a6dccfb0feeb70cb674ab28be9,validation_003,1,2,1834650058,5,,
57,11.4,A,ramp,True,False,220.800000000001,16.0,0,maintain,0.0,0.0,256.0,20.0,0,0,maintain-maintain,0.009710319340229034,-0.08822469413280487,0.006664842367172241,0,0.009710319340229034,0.006664842367172241,0.003045476973056793,0.0979350134730339,"[true, true, true]",False,False,False,67008,0,fc67b5b9a2d8c823e29b2d5c2dd6465388b731a6dccfb0feeb70cb674ab28be9,validation_003,1,2,1834650058,5,,
57,11.4,B,mainline,True,False,256.0,20.0,0,maintain,0.0,0.0,220.800000000001,16.0,0,0,maintain-maintain,0.16677983105182648,-0.007502615451812744,0.04108195751905441,0,0.16677983105182648,0.04108195751905441,0.12569787353277206,0.17428244650363922,"[true, true, true]",False,False,False,67008,0,fc67b5b9a2d8c823e29b2d5c2dd6465388b731a6dccfb0feeb70cb674ab28be9,validation_003,1,2,1834650058,5,,
57,11.4,B_front,background_mainline,True,,260.0,0.0,,,,,,,,,,,,,,,,,,,,,,67008,0,fc67b5b9a2d8c823e29b2d5c2dd6465388b731a6dccfb0feeb70cb674ab28be9,validation_003,1,2,1834650058,5,,
57,11.4,B_rear,background_mainline,True,,190.81388807489768,15.29045225438415,,,,,,,,,,,,,,,,,,,,,,67008,0,fc67b5b9a2d8c823e29b2d5c2dd6465388b731a6dccfb0feeb70cb674ab28be9,validation_003,1,2,1834650058,5,,
58,11.600000000000001,A,ramp,True,False,224.00000000000105,16.0,2,decelerate,0.0,-3.000000000000007,260.0,0.0,2,0,active-inactive,-0.017276432365179062,-0.15246254205703735,0.015246301889419556,2,0.015246301889419556,-0.017276432365179062,0.03252273425459862,0.1677088439464569,"[true, true, true]",False,False,False,67008,0,fc67b5b9a2d8c823e29b2d5c2dd6465388b731a6dccfb0feeb70cb674ab28be9,validation_003,1,2,1834650058,5,,
58,11.600000000000001,B,mainline,False,True,260.0,0.0,0,maintain,0.0,0.0,224.00000000000105,16.0,2,0,active-inactive,0.16869740188121796,0.026229754090309143,0.004825908690690994,0,0.16869740188121796,0.026229754090309143,0.1424676477909088,0.16387149319052696,"[true, true, true]",False,False,False,67008,0,fc67b5b9a2d8c823e29b2d5c2dd6465388b731a6dccfb0feeb70cb674ab28be9,validation_003,1,2,1834650058,5,,
58,11.600000000000001,B_front,background_mainline,True,,260.0,0.0,,,,,,,,,,,,,,,,,,,,,,67008,0,fc67b5b9a2d8c823e29b2d5c2dd6465388b731a6dccfb0feeb70cb674ab28be9,validation_003,1,2,1834650058,5,,
58,11.600000000000001,B_rear,background_mainline,True,,193.8725447190358,15.289035834633625,,,,,,,,,,,,,,,,,,,,,,67008,0,fc67b5b9a2d8c823e29b2d5c2dd6465388b731a6dccfb0feeb70cb674ab28be9,validation_003,1,2,1834650058,5,,
59,11.8,A,ramp,True,False,227.14000000000104,15.399999999999999,2,decelerate,-3.0,-3.000000000000007,260.0,0.0,2,0,active-inactive,-0.019041337072849274,-0.15352627635002136,0.016294360160827637,2,0.016294360160827637,-0.019041337072849274,0.03533569723367691,0.169820636510849,"[true, true, true]",False,False,False,67008,0,fc67b5b9a2d8c823e29b2d5c2dd6465388b731a6dccfb0feeb70cb674ab28be9,validation_003,1,2,1834650058,5,,
59,11.8,B,mainline,False,True,260.0,0.0,0,maintain,0.0,0.0,227.14000000000104,15.399999999999999,2,0,active-inactive,0.1661587506532669,0.027288079261779785,0.004659585654735565,0,0.1661587506532669,0.027288079261779785,0.13887067139148712,0.16149916499853134,"[true, true, true]",False,False,False,67008,0,fc67b5b9a2d8c823e29b2d5c2dd6465388b731a6dccfb0feeb70cb674ab28be9,validation_003,1,2,1834650058,5,,
59,11.8,B_front,background_mainline,True,,260.0,0.0,,,,,,,,,,,,,,,,,,,,,,67008,0,fc67b5b9a2d8c823e29b2d5c2dd6465388b731a6dccfb0feeb70cb674ab28be9,validation_003,1,2,1834650058,5,,
59,11.8,B_rear,background_mainline,True,,196.9263714997982,15.242109819925126,,,,,,,,,,,,,,,,,,,,,,67008,0,fc67b5b9a2d8c823e29b2d5c2dd6465388b731a6dccfb0feeb70cb674ab28be9,validation_003,1,2,1834650058,5,,
60,12.0,A,ramp,True,False,230.16000000000105,14.799999999999997,2,decelerate,-3.0,-3.000000000000007,260.0,0.0,2,0,active-inactive,-0.020559992641210556,-0.15428608655929565,0.017620615661144257,2,0.017620615661144257,-0.020559992641210556,0.03818060830235481,0.1719067022204399,"[true, true, true]",False,False,False,67008,0,fc67b5b9a2d8c823e29b2d5c2dd6465388b731a6dccfb0feeb70cb674ab28be9,validation_003,1,2,1834650058,5,,
60,12.0,B,mainline,False,True,260.0,0.0,0,maintain,0.0,0.0,230.16000000000105,14.799999999999997,2,0,active-inactive,0.1635691225528717,0.028363004326820374,0.004383549094200134,0,0.1635691225528717,0.028363004326820374,0.13520611822605133,0.15918557345867157,"[true, true, true]",False,False,False,67008,0,fc67b5b9a2d8c823e29b2d5c2dd6465388b731a6dccfb0feeb70cb674ab28be9,validation_003,1,2,1834650058,5,,
60,12.0,B_front,background_mainline,True,,260.0,0.0,,,,,,,,,,,,,,,,,,,,,,67008,0,fc67b5b9a2d8c823e29b2d5c2dd6465388b731a6dccfb0feeb70cb674ab28be9,validation_003,1,2,1834650058,5,,
60,12.0,B_rear,background_mainline,True,,199.96627227097488,15.149880414640716,,,,,,,,,,,,,,,,,,,,,,67008,0,fc67b5b9a2d8c823e29b2d5c2dd6465388b731a6dccfb0feeb70cb674ab28be9,validation_003,1,2,1834650058,5,,
61,12.200000000000001,A,ramp,True,False,233.06000000000105,14.199999999999996,2,decelerate,-3.0,-3.000000000000007,260.0,0.0,2,0,active-inactive,-0.021928787231445312,-0.15504775941371918,0.018969960510730743,2,0.018969960510730743,-0.021928787231445312,0.040898747742176056,0.17401771992444992,"[true, true, true]",False,False,False,67008,0,fc67b5b9a2d8c823e29b2d5c2dd6465388b731a6dccfb0feeb70cb674ab28be9,validation_003,1,2,1834650058,5,,
61,12.200000000000001,B,mainline,False,True,260.0,0.0,0,maintain,0.0,0.0,233.06000000000105,14.199999999999996,2,0,active-inactive,0.16134190559387207,0.029083959758281708,0.004554660990834236,0,0.16134190559387207,0.029083959758281708,0.13225794583559036,0.15678724460303783,"[true, true, true]",False,False,False,67008,0,fc67b5b9a2d8c823e29b2d5c2dd6465388b731a6dccfb0feeb70cb674ab28be9,validation_003,1,2,1834650058,5,,
61,12.200000000000001,B_front,background_mainline,True,,260.0,0.0,,,,,,,,,,,,,,,,,,,,,,67008,0,fc67b5b9a2d8c823e29b2d5c2dd6465388b731a6dccfb0feeb70cb674ab28be9,validation_003,1,2,1834650058,5,,
61,12.200000000000001,B_rear,background_mainline,True,,202.98328100707832,15.013414293648967,,,,,,,,,,,,,,,,,,,,,,67008,0,fc67b5b9a2d8c823e29b2d5c2dd6465388b731a6dccfb0feeb70cb674ab28be9,validation_003,1,2,1834650058,5,,
62,12.4,A,ramp,True,False,235.84000000000106,13.599999999999994,2,decelerate,-3.0,-3.000000000000007,260.0,0.0,2,0,active-inactive,-0.023170746862888336,-0.15590891242027283,0.02009093388915062,2,0.02009093388915062,-0.023170746862888336,0.043261680752038956,0.17599984630942345,"[true, true, true]",False,False,False,67008,0,fc67b5b9a2d8c823e29b2d5c2dd6465388b731a6dccfb0feeb70cb674ab28be9,validation_003,1,2,1834650058,5,,
62,12.4,B,mainline,False,True,260.0,0.0,0,maintain,0.0,0.0,235.84000000000106,13.599999999999994,2,0,active-inactive,0.15919874608516693,0.0297013521194458,0.00485658273100853,0,0.15919874608516693,0.0297013521194458,0.12949739396572113,0.1543421633541584,"[true, true, true]",False,False,False,67008,0,fc67b5b9a2d8c823e29b2d5c2dd6465388b731a6dccfb0feeb70cb674ab28be9,validation_003,1,2,1834650058,5,,
62,12.4,B_front,background_mainline,True,,260.0,0.0,,,,,,,,,,,,,,,,,,,,,,67008,0,fc67b5b9a2d8c823e29b2d5c2dd6465388b731a6dccfb0feeb70cb674ab28be9,validation_003,1,2,1834650058,5,,
62,12.4,B_rear,background_mainline,True,,205.96871546352497,14.834453307079318,,,,,,,,,,,,,,,,,,,,,,67008,0,fc67b5b9a2d8c823e29b2d5c2dd6465388b731a6dccfb0feeb70cb674ab28be9,validation_003,1,2,1834650058,5,,
63,12.600000000000001,A,ramp,True,False,238.50000000000105,12.999999999999993,2,decelerate,-3.0,-3.000000000000007,260.0,0.0,2,0,active-inactive,-0.0238017700612545,-0.15648981928825378,0.020766576752066612,2,0.020766576752066612,-0.0238017700612545,0.044568346813321114,0.1772563960403204,"[true, true, true]",False,False,False,67008,0,fc67b5b9a2d8c823e29b2d5c2dd6465388b731a6dccfb0feeb70cb674ab28be9,validation_003,1,2,1834650058,5,,
63,12.600000000000001,B,mainline,False,True,260.0,0.0,0,maintain,0.0,0.0,238.50000000000105,12.999999999999993,2,0,active-inactive,0.15703719854354858,0.030351772904396057,0.005241919308900833,0,0.15703719854354858,0.030351772904396057,0.12668542563915253,0.15179527923464775,"[true, true, true]",False,False,False,67008,0,fc67b5b9a2d8c823e29b2d5c2dd6465388b731a6dccfb0feeb70cb674ab28be9,validation_003,1,2,1834650058,5,,
63,12.600000000000001,B_front,background_mainline,True,,260.0,0.0,,,,,,,,,,,,,,,,,,,,,,67008,0,fc67b5b9a2d8c823e29b2d5c2dd6465388b731a6dccfb0feeb70cb674ab28be9,validation_003,1,2,1834650058,5,,
63,12.600000000000001,B_rear,background_mainline,True,,208.91429364680207,14.615230016771248,,,,,,,,,,,,,,,,,,,,,,67008,0,fc67b5b9a2d8c823e29b2d5c2dd6465388b731a6dccfb0feeb70cb674ab28be9,validation_003,1,2,1834650058,5,,
64,12.8,A,ramp,True,False,241.04000000000104,12.399999999999991,2,decelerate,-3.0,-3.000000000000007,260.0,0.0,2,0,active-inactive,-0.02394399791955948,-0.1569751501083374,0.021467361599206924,2,0.021467361599206924,-0.02394399791955948,0.0454113595187664,0.17844251170754433,"[true, true, true]",False,False,False,67008,0,fc67b5b9a2d8c823e29b2d5c2dd6465388b731a6dccfb0feeb70cb674ab28be9,validation_003,1,2,1834650058,5,,
64,12.8,B,mainline,False,True,260.0,0.0,0,maintain,0.0,0.0,241.04000000000104,12.399999999999991,2,0,active-inactive,0.15574532747268677,0.0307932049036026,0.005973825231194496,0,0.15574532747268677,0.0307932049036026,0.12495212256908417,0.14977150224149227,"[true, true, true]",False,False,False,67008,0,fc67b5b9a2d8c823e29b2d5c2dd6465388b731a6dccfb0feeb70cb674ab28be9,validation_003,1,2,1834650058,5,,
64,12.8,B_front,background_mainline,True,,260.0,0.0,,,,,,,,,,,,,,,,,,,,,,67008,0,fc67b5b9a2d8c823e29b2d5c2dd6465388b731a6dccfb0feeb70cb674ab28be9,validation_003,1,2,1834650058,5,,
64,12.8,B_rear,background_mainline,True,,211.81221455504965,14.358296596997757,,,,,,,,,,,,,,,,,,,,,,67008,0,fc67b5b9a2d8c823e29b2d5c2dd6465388b731a6dccfb0feeb70cb674ab28be9,validation_003,1,2,1834650058,5,,
65,13.0,A,ramp,True,False,243.46000000000103,11.79999999999999,2,decelerate,-3.0,-3.000000000000007,260.0,0.0,2,0,active-inactive,-0.023789633065462112,-0.15756286680698395,0.02222055196762085,2,0.02222055196762085,-0.023789633065462112,0.04601018503308296,0.1797834187746048,"[true, true, true]",False,False,False,67008,0,fc67b5b9a2d8c823e29b2d5c2dd6465388b731a6dccfb0feeb70cb674ab28be9,validation_003,1,2,1834650058,5,,
65,13.0,B,mainline,False,True,260.0,0.0,0,maintain,0.0,0.0,243.46000000000103,11.79999999999999,2,0,active-inactive,0.15469732880592346,0.03120998665690422,0.006698181852698326,0,0.15469732880592346,0.03120998665690422,0.12348734214901924,0.14799914695322514,"[true, true, true]",False,False,False,67008,0,fc67b5b9a2d8c823e29b2d5c2dd6465388b731a6dccfb0feeb70cb674ab28be9,validation_003,1,2,1834650058,5,,
65,13.0,B_front,background_mainline,True,,260.0,0.0,,,,,,,,,,,,,,,,,,,,,,67008,0,fc67b5b9a2d8c823e29b2d5c2dd6465388b731a6dccfb0feeb70cb674ab28be9,validation_003,1,2,1834650058,5,,
65,13.0,B_rear,background_mainline,True,,214.65520683919297,14.066376252546135,,,,,,,,,,,,,,,,,,,,,,67008,0,fc67b5b9a2d8c823e29b2d5c2dd6465388b731a6dccfb0feeb70cb674ab28be9,validation_003,1,2,1834650058,5,,
66,13.200000000000001,A,ramp,True,False,245.760000000001,11.199999999999989,2,decelerate,-3.0,-3.000000000000007,260.0,0.0,2,0,active-inactive,-0.023016534745693207,-0.15808385610580444,0.02313598431646824,2,0.02313598431646824,-0.023016534745693207,0.046152519062161446,0.18121984042227268,"[true, true, true]",False,False,False,67008,0,fc67b5b9a2d8c823e29b2d5c2dd6465388b731a6dccfb0feeb70cb674ab28be9,validation_003,1,2,1834650058,5,,
66,13.200000000000001,B,mainline,False,True,260.0,0.0,0,maintain,0.0,0.0,245.760000000001,11.199999999999989,2,0,active-inactive,0.15331223607063293,0.03179192543029785,0.007045045495033264,0,0.15331223607063293,0.03179192543029785,0.12152031064033508,0.14626719057559967,"[true, true, true]",False,False,False,67008,0,fc67b5b9a2d8c823e29b2d5c2dd6465388b731a6dccfb0feeb70cb674ab28be9,validation_003,1,2,1834650058,5,,
66,13.200000000000001,B_front,background_mainline,True,,260.0,0.0,,,,,,,,,,,,,,,,,,,,,,67008,0,fc67b5b9a2d8c823e29b2d5c2dd6465388b731a6dccfb0feeb70cb674ab28be9,validation_003,1,2,1834650058,5,,
66,13.200000000000001,B_rear,background_mainline,True,,217.4365504571385,13.74224220274925,,,,,,,,,,,,,,,,,,,,,,67008,0,fc67b5b9a2d8c823e29b2d5c2dd6465388b731a6dccfb0feeb70cb674ab28be9,validation_003,1,2,1834650058,5,,
67,13.4,A,ramp,True,False,247.94000000000102,10.599999999999987,2,decelerate,-3.0,-3.000000000000007,260.0,0.0,2,0,active-inactive,-0.022191300988197327,-0.15851789712905884,0.024170666933059692,2,0.024170666933059692,-0.022191300988197327,0.04636196792125702,0.18268856406211853,"[true, true, true]",False,False,False,67008,0,fc67b5b9a2d8c823e29b2d5c2dd6465388b731a6dccfb0feeb70cb674ab28be9,validation_003,1,2,1834650058,5,,
67,13.4,B,mainline,False,True,260.0,0.0,0,maintain,0.0,0.0,247.94000000000102,10.599999999999987,2,0,active-inactive,0.15189068019390106,0.032404135912656784,0.007329525426030159,0,0.15189068019390106,0.032404135912656784,0.11948654428124428,0.1445611547678709,"[true, true, true]",False,False,False,67008,0,fc67b5b9a2d8c823e29b2d5c2dd6465388b731a6dccfb0feeb70cb674ab28be9,validation_003,1,2,1834650058,5,,
67,13.4,B_front,background_mainline,True,,260.0,0.0,,,,,,,,,,,,,,,,,,,,,,67008,0,fc67b5b9a2d8c823e29b2d5c2dd6465388b731a6dccfb0feeb70cb674ab28be9,validation_003,1,2,1834650058,5,,
67,13.4,B_rear,background_mainline,True,,220.1500770115332,13.388625466564102,,,,,,,,,,,,,,,,,,,,,,67008,0,fc67b5b9a2d8c823e29b2d5c2dd6465388b731a6dccfb0feeb70cb674ab28be9,validation_003,1,2,1834650058,5,,
68,13.600000000000001,A,ramp,True,False,250.00000000000102,9.999999999999986,2,decelerate,-3.0,-3.000000000000007,260.0,0.0,2,0,active-inactive,-0.02137017995119095,-0.15895745158195496,0.025225399062037468,2,0.025225399062037468,-0.02137017995119095,0.046595579013228416,0.18418285064399242,"[true, true, true]",False,False,False,67008,0,fc67b5b9a2d8c823e29b2d5c2dd6465388b731a6dccfb0feeb70cb674ab28be9,validation_003,1,2,1834650058,5,,
68,13.600000000000001,B,mainline,False,True,260.0,0.0,0,maintain,0.0,0.0,250.00000000000102,9.999999999999986,2,0,active-inactive,0.1504690945148468,0.033102184534072876,0.007260831072926521,0,0.1504690945148468,0.033102184534072876,0.11736690998077393,0.14320826344192028,"[true, true, true]",False,False,False,67008,0,fc67b5b9a2d8c823e29b2d5c2dd6465388b731a6dccfb0feeb70cb674ab28be9,validation_003,1,2,1834650058,5,,
68,13.600000000000001,B_front,background_mainline,True,,260.0,0.0,,,,,,,,,,,,,,,,,,,,,,67008,0,fc67b5b9a2d8c823e29b2d5c2dd6465388b731a6dccfb0feeb70cb674ab28be9,validation_003,1,2,1834650058,5,,
68,13.600000000000001,B_rear,background_mainline,True,,222.79015439874206,13.008149747009693,,,,,,,,,,,,,,,,,,,,,,67008,0,fc67b5b9a2d8c823e29b2d5c2dd6465388b731a6dccfb0feeb70cb674ab28be9,validation_003,1,2,1834650058,5,,
69,13.8,A,ramp,True,False,251.94000000000102,9.399999999999984,2,decelerate,-3.0,-3.000000000000007,260.0,0.0,2,0,active-inactive,-0.02055588737130165,-0.1594005674123764,0.026297802105545998,2,0.026297802105545998,-0.02055588737130165,0.04685368947684765,0.1856983695179224,"[true, true, true]",False,False,False,67008,0,fc67b5b9a2d8c823e29b2d5c2dd6465388b731a6dccfb0feeb70cb674ab28be9,validation_003,1,2,1834650058,5,,
69,13.8,B,mainline,False,True,260.0,0.0,0,maintain,0.0,0.0,251.94000000000102,9.399999999999984,2,0,active-inactive,0.14924204349517822,0.03395507484674454,0.006933446973562241,0,0.14924204349517822,0.03395507484674454,0.11528696864843369,0.14230859652161598,"[true, true, true]",False,False,False,67008,0,fc67b5b9a2d8c823e29b2d5c2dd6465388b731a6dccfb0feeb70cb674ab28be9,validation_003,1,2,1834650058,5,,
69,13.8,B_front,background_mainline,True,,260.0,0.0,,,,,,,,,,,,,,,,,,,,,,67008,0,fc67b5b9a2d8c823e29b2d5c2dd6465388b731a6dccfb0feeb70cb674ab28be9,validation_003,1,2,1834650058,5,,
69,13.8,B_rear,background_mainline,True,,225.3516608528597,12.603289844465543,,,,,,,,,,,,,,,,,,,,,,67008,0,fc67b5b9a2d8c823e29b2d5c2dd6465388b731a6dccfb0feeb70cb674ab28be9,validation_003,1,2,1834650058,5,,
70,14.0,A,ramp,True,False,253.760000000001,8.799999999999983,2,decelerate,-3.0,-3.000000000000007,260.0,0.0,2,0,active-inactive,-0.01941525936126709,-0.15953359007835388,0.027405591681599617,2,0.027405591681599617,-0.01941525936126709,0.04682085104286671,0.1869391817599535,"[true, true, true]",False,False,False,67008,0,fc67b5b9a2d8c823e29b2d5c2dd6465388b731a6dccfb0feeb70cb674ab28be9,validation_003,1,2,1834650058,5,,
70,14.0,B,mainline,False,True,260.0,0.0,0,maintain,0.0,0.0,253.760000000001,8.799999999999983,2,0,active-inactive,0.14800238609313965,0.03480437397956848,0.006595257669687271,0,0.14800238609313965,0.03480437397956848,0.11319801211357117,0.14140712842345238,"[true, true, true]",False,False,False,67008,0,fc67b5b9a2d8c823e29b2d5c2dd6465388b731a6dccfb0feeb70cb674ab28be9,validation_003,1,2,1834650058,5,,
70,14.0,B_front,background_mainline,True,,260.0,0.0,,,,,,,,,,,,,,,,,,,,,,67008,0,fc67b5b9a2d8c823e29b2d5c2dd6465388b731a6dccfb0feeb70cb674ab28be9,validation_003,1,2,1834650058,5,,
70,14.0,B_rear,background_mainline,True,,227.82995265212398,12.176349143234065,,,,,,,,,,,,,,,,,,,,,,67008,0,fc67b5b9a2d8c823e29b2d5c2dd6465388b731a6dccfb0feeb70cb674ab28be9,validation_003,1,2,1834650058,5,,
71,14.200000000000001,A,ramp,True,False,255.460000000001,8.199999999999982,2,decelerate,-3.0,-3.000000000000007,260.0,0.0,2,0,active-inactive,-0.0180666521191597,-0.15939107537269592,0.028695400804281235,2,0.028695400804281235,-0.0180666521191597,0.04676205292344093,0.18808647617697716,"[true, true, true]",False,False,False,67008,0,fc67b5b9a2d8c823e29b2d5c2dd6465388b731a6dccfb0feeb70cb674ab28be9,validation_003,1,2,1834650058,5,,
71,14.200000000000001,B,mainline,False,True,260.0,0.0,0,maintain,0.0,0.0,255.460000000001,8.199999999999982,2,0,active-inactive,0.14643073081970215,0.035970449447631836,0.006113531067967415,0,0.14643073081970215,0.035970449447631836,0.11046028137207031,0.14031719975173473,"[true, true, true]",False,False,False,67008,0,fc67b5b9a2d8c823e29b2d5c2dd6465388b731a6dccfb0feeb70cb674ab28be9,validation_003,1,2,1834650058,5,,
71,14.200000000000001,B_front,background_mainline,True,,260.0,0.0,,,,,,,,,,,,,,,,,,,,,,67008,0,fc67b5b9a2d8c823e29b2d5c2dd6465388b731a6dccfb0feeb70cb674ab28be9,validation_003,1,2,1834650058,5,,
71,14.200000000000001,B_rear,background_mainline,True,,230.22082884147287,11.729451588543657,,,,,,,,,,,,,,,,,,,,,,67008,0,fc67b5b9a2d8c823e29b2d5c2dd6465388b731a6dccfb0feeb70cb674ab28be9,validation_003,1,2,1834650058,5,,
72,14.4,A,ramp,True,False,257.04000000000104,7.59999999999998,2,decelerate,-3.0,-3.000000000000007,260.0,0.0,2,0,active-inactive,-0.016814641654491425,-0.15936589241027832,0.030032096430659294,2,0.030032096430659294,-0.016814641654491425,0.04684673808515072,0.18939798884093761,"[true, true, true]",False,False,False,67008,0,fc67b5b9a2d8c823e29b2d5c2dd6465388b731a6dccfb0feeb70cb674ab28be9,validation_003,1,2,1834650058,5,,
72,14.4,B,mainline,False,True,260.0,0.0,0,maintain,0.0,0.0,257.04000000000104,7.59999999999998,2,0,active-inactive,0.14450758695602417,0.03719332441687584,0.005625130608677864,0,0.14450758695602417,0.03719332441687584,0.10731426253914833,0.1388824563473463,"[true, true, true]",False,False,False,67008,0,fc67b5b9a2d8c823e29b2d5c2dd6465388b731a6dccfb0feeb70cb674ab28be9,validation_003,1,2,1834650058,5,,
72,14.4,B_front,background_mainline,True,,260.0,0.0,,,,,,,,,,,,,,,,,,,,,,67008,0,fc67b5b9a2d8c823e29b2d5c2dd6465388b731a6dccfb0feeb70cb674ab28be9,validation_003,1,2,1834650058,5,,
72,14.4,B_rear,background_mainline,True,,232.52049543957926,11.264543940897719,,,,,,,,,,,,,,,,,,,,,,67008,0,fc67b5b9a2d8c823e29b2d5c2dd6465388b731a6dccfb0feeb70cb674ab28be9,validation_003,1,2,1834650058,5,,
73,14.600000000000001,A,ramp,True,False,258.500000000001,6.999999999999979,2,decelerate,-3.0,-3.000000000000007,260.0,0.0,2,0,active-inactive,-0.015588413923978806,-0.15934592485427856,0.0313725546002388,2,0.0313725546002388,-0.015588413923978806,0.046960968524217606,0.19071847945451736,"[true, true, true]",False,False,False,67008,0,fc67b5b9a2d8c823e29b2d5c2dd6465388b731a6dccfb0feeb70cb674ab28be9,validation_003,1,2,1834650058,5,,
73,14.600000000000001,B,mainline,False,True,260.0,0.0,0,maintain,0.0,0.0,258.500000000001,6.999999999999979,2,0,active-inactive,0.1425284743309021,0.03836054354906082,0.005155112594366074,0,0.1425284743309021,0.03836054354906082,0.10416793078184128,0.13737336173653603,"[true, true, true]",False,False,False,67008,0,fc67b5b9a2d8c823e29b2d5c2dd6465388b731a6dccfb0feeb70cb674ab28be9,validation_003,1,2,1834650058,5,,
73,14.600000000000001,B_front,background_mainline,True,,260.0,0.0,,,,,,,,,,,,,,,,,,,,,,67008,0,fc67b5b9a2d8c823e29b2d5c2dd6465388b731a6dccfb0feeb70cb674ab28be9,validation_003,1,2,1834650058,5,,
73,14.600000000000001,B_rear,background_mainline,True,,234.72553081701858,10.78340473024533,,,,,,,,,,,,,,,,,,,,,,67008,0,fc67b5b9a2d8c823e29b2d5c2dd6465388b731a6dccfb0feeb70cb674ab28be9,validation_003,1,2,1834650058,5,,
74,14.8,A,ramp,True,False,259.84000000000106,6.399999999999977,2,decelerate,-3.0,0.0,260.0,0.0,2,0,active-inactive,-0.014389753341674805,-0.15932948887348175,0.032715048640966415,2,0.032715048640966415,-0.014389753341674805,0.04710480198264122,0.19204453751444817,"[true, true, true]",False,True,False,67008,0,fc67b5b9a2d8c823e29b2d5c2dd6465388b731a6dccfb0feeb70cb674ab28be9,validation_003,1,2,1834650058,5,,
74,14.8,B,mainline,False,True,260.0,0.0,0,maintain,0.0,0.0,259.84000000000106,6.399999999999977,2,0,active-inactive,0.14056208729743958,0.03951508179306984,0.004697989672422409,0,0.14056208729743958,0.03951508179306984,0.10104700550436974,0.13586409762501717,"[true, true, true]",False,True,False,67008,0,fc67b5b9a2d8c823e29b2d5c2dd6465388b731a6dccfb0feeb70cb674ab28be9,validation_003,1,2,1834650058,5,,
74,14.8,B_front,background_mainline,True,,260.0,0.0,,,,,,,,,,,,,,,,,,,,,,67008,0,fc67b5b9a2d8c823e29b2d5c2dd6465388b731a6dccfb0feeb70cb674ab28be9,validation_003,1,2,1834650058,5,,
74,14.8,B_rear,background_mainline,True,,236.85223070859627,10.675549843466728,,,,,,,,,,,,,,,,,,,,,,67008,0,fc67b5b9a2d8c823e29b2d5c2dd6465388b731a6dccfb0feeb70cb674ab28be9,validation_003,1,2,1834650058,5,,
0,0.0,A,mainline,True,False,33.199999999999996,18.0,0,maintain,0.0,0.0,23.999999999999993,20.0,0,0,maintain-maintain,0.042860403656959534,-0.08808385580778122,-0.030992954969406128,0,0.042860403656959534,-0.030992954969406128,0.07385335862636566,0.13094425946474075,"[true, true, true]",False,False,False,67008,0,fc67b5b9a2d8c823e29b2d5c2dd6465388b731a6dccfb0feeb70cb674ab28be9,validation_004,0,3,441965561,6,,
0,0.0,B,ramp,True,False,23.999999999999993,20.0,0,maintain,0.0,0.0,33.199999999999996,18.0,0,0,maintain-maintain,0.12697048485279083,-0.019756227731704712,-0.09713487327098846,0,0.12697048485279083,-0.019756227731704712,0.14672671258449554,0.2241053581237793,"[true, true, true]",False,False,False,67008,0,fc67b5b9a2d8c823e29b2d5c2dd6465388b731a6dccfb0feeb70cb674ab28be9,validation_004,0,3,441965561,6,,
0,0.0,B_front,background_mainline,True,,111.0,20.0,,,,,,,,,,,,,,,,,,,,,,67008,0,fc67b5b9a2d8c823e29b2d5c2dd6465388b731a6dccfb0feeb70cb674ab28be9,validation_004,0,3,441965561,6,,
0,0.0,B_rear,background_mainline,True,,3.932745251620073,19.35630798792448,,,,,,,,,,,,,,,,,,,,,,67008,0,fc67b5b9a2d8c823e29b2d5c2dd6465388b731a6dccfb0feeb70cb674ab28be9,validation_004,0,3,441965561,6,,
1,0.2,A,mainline,True,False,36.79999999999999,18.0,0,maintain,0.0,0.0,27.999999999999993,20.0,0,0,maintain-maintain,0.04149998724460602,-0.08561502397060394,-0.029200933873653412,0,0.04149998724460602,-0.029200933873653412,0.07070092111825943,0.12711501121520996,"[true, true, true]",False,False,False,67008,0,fc67b5b9a2d8c823e29b2d5c2dd6465388b731a6dccfb0feeb70cb674ab28be9,validation_004,0,3,441965561,6,,
1,0.2,B,ramp,True,False,27.999999999999993,20.0,0,maintain,0.0,0.0,36.79999999999999,18.0,0,0,maintain-maintain,0.12810495495796204,-0.01956024020910263,-0.09622906148433685,0,0.12810495495796204,-0.01956024020910263,0.14766519516706467,0.2243340164422989,"[true, true, true]",False,False,False,67008,0,fc67b5b9a2d8c823e29b2d5c2dd6465388b731a6dccfb0feeb70cb674ab28be9,validation_004,0,3,441965561,6,,
1,0.2,B_front,background_mainline,True,,115.0,20.0,,,,,,,,,,,,,,,,,,,,,,67008,0,fc67b5b9a2d8c823e29b2d5c2dd6465388b731a6dccfb0feeb70cb674ab28be9,validation_004,0,3,441965561,6,,
1,0.2,B_rear,background_mainline,True,,7.752976952248728,18.86562430146012,,,,,,,,,,,,,,,,,,,,,,67008,0,fc67b5b9a2d8c823e29b2d5c2dd6465388b731a6dccfb0feeb70cb674ab28be9,validation_004,0,3,441965561,6,,
2,0.4,A,mainline,True,False,40.399999999999984,18.0,0,maintain,0.0,0.0,31.999999999999993,20.0,0,0,maintain-maintain,0.04024796187877655,-0.08339736610651016,-0.027605339884757996,0,0.04024796187877655,-0.027605339884757996,0.06785330176353455,0.12364532798528671,"[true, true, true]",False,False,False,67008,0,fc67b5b9a2d8c823e29b2d5c2dd6465388b731a6dccfb0feeb70cb674ab28be9,validation_004,0,3,441965561,6,,
2,0.4,B,ramp,True,False,31.999999999999993,20.0,0,maintain,0.0,0.0,40.399999999999984,18.0,0,0,maintain-maintain,0.12929809093475342,-0.019355490803718567,-0.09542645514011383,0,0.12929809093475342,-0.019355490803718567,0.14865358173847198,0.22472454607486725,"[true, true, true]",False,False,False,67008,0,fc67b5b9a2d8c823e29b2d5c2dd6465388b731a6dccfb0feeb70cb674ab28be9,validation_004,0,3,441965561,6,,
2,0.4,B_front,background_mainline,True,,119.0,20.0,,,,,,,,,,,,,,,,,,,,,,67008,0,fc67b5b9a2d8c823e29b2d5c2dd6465388b731a6dccfb0feeb70cb674ab28be9,validation_004,0,3,441965561,6,,
2,0.4,B_rear,background_mainline,True,,11.486290769757828,18.481554790268444,,,,,,,,,,,,,,,,,,,,,,67008,0,fc67b5b9a2d8c823e29b2d5c2dd6465388b731a6dccfb0feeb70cb674ab28be9,validation_004,0,3,441965561,6,,
3,0.6000000000000001,A,mainline,True,False,43.99999999999998,18.0,0,maintain,0.0,0.0,35.99999999999999,20.0,0,0,maintain-maintain,0.039091140031814575,-0.08135926723480225,-0.026138566434383392,0,0.039091140031814575,-0.026138566434383392,0.06522970646619797,0.12045040726661682,"[true, true, true]",False,False,False,67008,0,fc67b5b9a2d8c823e29b2d5c2dd6465388b731a6dccfb0feeb70cb674ab28be9,validation_004,0,3,441965561,6,,
3,0.6000000000000001,B,ramp,True,False,35.99999999999999,20.0,0,maintain,0.0,0.0,43.99999999999998,18.0,0,0,maintain-maintain,0.1305324137210846,-0.019145764410495758,-0.09469639509916306,0,0.1305324137210846,-0.019145764410495758,0.14967817813158035,0.22522880882024765,"[true, true, true]",False,False,False,67008,0,fc67b5b9a2d8c823e29b2d5c2dd6465388b731a6dccfb0feeb70cb674ab28be9,validation_004,0,3,441965561,6,,
3,0.6000000000000001,B_front,background_mainline,True,,123.0,20.0,,,,,,,,,,,,,,,,,,,,,,67008,0,fc67b5b9a2d8c823e29b2d5c2dd6465388b731a6dccfb0feeb70cb674ab28be9,validation_004,0,3,441965561,6,,
3,0.6000000000000001,B_rear,background_mainline,True,,15.150923365429692,18.1752119055271,,,,,,,,,,,,,,,,,,,,,,67008,0,fc67b5b9a2d8c823e29b2d5c2dd6465388b731a6dccfb0feeb70cb674ab28be9,validation_004,0,3,441965561,6,,
4,0.8,A,mainline,True,False,47.59999999999997,18.0,0,maintain,0.0,0.0,39.99999999999999,20.0,0,0,maintain-maintain,0.03800368309020996,-0.07945133000612259,-0.024765141308307648,0,0.03800368309020996,-0.024765141308307648,0.06276882439851761,0.11745501309633255,"[true, true, true]",False,False,False,67008,0,fc67b5b9a2d8c823e29b2d5c2dd6465388b731a6dccfb0feeb70cb674ab28be9,validation_004,0,3,441965561,6,,
4,0.8,B,ramp,True,False,39.99999999999999,20.0,0,maintain,0.0,0.0,47.59999999999997,18.0,0,0,maintain-maintain,0.1317974179983139,-0.018933668732643127,-0.09401912987232208,0,0.1317974179983139,-0.018933668732643127,0.15073108673095703,0.225816547870636,"[true, true, true]",False,False,False,67008,0,fc67b5b9a2d8c823e29b2d5c2dd6465388b731a6dccfb0feeb70cb674ab28be9,validation_004,0,3,441965561,6,,
4,0.8,B_front,background_mainline,True,,127.0,20.0,,,,,,,,,,,,,,,,,,,,,,67008,0,fc67b5b9a2d8c823e29b2d5c2dd6465388b731a6dccfb0feeb70cb674ab28be9,validation_004,0,3,441965561,6,,
4,0.8,B_rear,background_mainline,True,,18.760393719335195,17.927484681843783,,,,,,,,,,,,,,,,,,,,,,67008,0,fc67b5b9a2d8c823e29b2d5c2dd6465388b731a6dccfb0feeb70cb674ab28be9,validation_004,0,3,441965561,6,,
5,1.0,A,mainline,True,False,51.19999999999997,18.0,0,maintain,0.0,0.0,43.99999999999999,20.0,0,0,maintain-maintain,0.03698807954788208,-0.07759680598974228,-0.02341417223215103,0,0.03698807954788208,-0.02341417223215103,0.06040225178003311,0.11458488553762436,"[true, true, true]",False,False,False,67008,0,fc67b5b9a2d8c823e29b2d5c2dd6465388b731a6dccfb0feeb70cb674ab28be9,validation_004,0,3,441965561,6,,
5,1.0,B,ramp,True,False,43.99999999999999,20.0,0,maintain,0.0,0.0,51.19999999999997,18.0,0,0,maintain-maintain,0.13317935168743134,-0.018826767802238464,-0.09326201677322388,0,0.13317935168743134,-0.018826767802238464,0.1520061194896698,0.2264413684606552,"[true, true, true]",False,False,False,67008,0,fc67b5b9a2d8c823e29b2d5c2dd6465388b731a6dccfb0feeb70cb674ab28be9,validation_004,0,3,441965561,6,,
5,1.0,B_front,background_mainline,True,,131.0,20.0,,,,,,,,,,,,,,,,,,,,,,67008,0,fc67b5b9a2d8c823e29b2d5c2dd6465388b731a6dccfb0feeb70cb674ab28be9,validation_004,0,3,441965561,6,,
5,1.0,B_rear,background_mainline,True,,22.32502929443066,17.725131914242084,,,,,,,,,,,,,,,,,,,,,,67008,0,fc67b5b9a2d8c823e29b2d5c2dd6465388b731a6dccfb0feeb70cb674ab28be9,validation_004,0,3,441965561,6,,
6,1.2000000000000002,A,mainline,True,False,54.79999999999996,18.0,0,maintain,0.0,0.0,47.99999999999999,20.0,0,0,maintain-maintain,0.03610130399465561,-0.07579388469457626,-0.021923281252384186,0,0.03610130399465561,-0.021923281252384186,0.058024585247039795,0.11189518868923187,"[true, true, true]",False,False,False,67008,0,fc67b5b9a2d8c823e29b2d5c2dd6465388b731a6dccfb0feeb70cb674ab28be9,validation_004,0,3,441965561,6,,
6,1.2000000000000002,B,ramp,True,False,47.99999999999999,20.0,0,maintain,0.0,0.0,54.79999999999996,18.0,0,0,maintain-maintain,0.13457155227661133,-0.018710210919380188,-0.09254612028598785,0,0.13457155227661133,-0.018710210919380188,0.15328176319599152,0.22711767256259918,"[true, true, true]",False,False,False,67008,0,fc67b5b9a2d8c823e29b2d5c2dd6465388b731a6dccfb0feeb70cb674ab28be9,validation_004,0,3,441965561,6,,
6,1.2000000000000002,B_front,background_mainline,True,,135.0,20.0,,,,,,,,,,,,,,,,,,,,,,67008,0,fc67b5b9a2d8c823e29b2d5c2dd6465388b731a6dccfb0feeb70cb674ab28be9,validation_004,0,3,441965561,6,,
6,1.2000000000000002,B_rear,background_mainline,True,,25.852906884067007,17.55863891631729,,,,,,,,,,,,,,,,,,,,,,67008,0,fc67b5b9a2d8c823e29b2d5c2dd6465388b731a6dccfb0feeb70cb674ab28be9,validation_004,0,3,441965561,6,,
7,1.4000000000000001,A,mainline,True,False,58.399999999999956,18.0,0,maintain,0.0,0.0,51.99999999999999,20.0,0,0,maintain-maintain,0.03522227704524994,-0.07453352957963943,-0.020565256476402283,0,0.03522227704524994,-0.020565256476402283,0.05578753352165222,0.10975580662488937,"[true, true, true]",False,False,False,67008,0,fc67b5b9a2d8c823e29b2d5c2dd6465388b731a6dccfb0feeb70cb674ab28be9,validation_004,0,3,441965561,6,,
7,1.4000000000000001,B,ramp,True,False,51.99999999999999,20.0,0,maintain,0.0,0.0,58.399999999999956,18.0,0,0,maintain-maintain,0.1354268193244934,-0.018283076584339142,-0.09204672276973724,0,0.1354268193244934,-0.018283076584339142,0.15370989590883255,0.22747354209423065,"[true, true, true]",False,False,False,67008,0,fc67b5b9a2d8c823e29b2d5c2dd6465388b731a6dccfb0feeb70cb674ab28be9,validation_004,0,3,441965561,6,,
7,1.4000000000000001,B_front,background_mainline,True,,139.0,20.0,,,,,,,,,,,,,,,,,,,,,,67008,0,fc67b5b9a2d8c823e29b2d5c2dd6465388b731a6dccfb0feeb70cb674ab28be9,validation_004,0,3,441965561,6,,
7,1.4000000000000001,B_rear,background_mainline,True,,29.350462706592197,17.420964417721255,,,,,,,,,,,,,,,,,,,,,,67008,0,fc67b5b9a2d8c823e29b2d5c2dd6465388b731a6dccfb0feeb70cb674ab28be9,validation_004,0,3,441965561,6,,
8,1.6,A,mainline,True,False,61.99999999999995,18.0,0,maintain,0.0,0.0,55.99999999999999,20.0,0,0,maintain-maintain,0.03409677743911743,-0.07352723181247711,-0.01918606460094452,0,0.03409677743911743,-0.01918606460094452,0.05328284204006195,0.10762400925159454,"[true, true, true]",False,False,False,67008,0,fc67b5b9a2d8c823e29b2d5c2dd6465388b731a6dccfb0feeb70cb674ab28be9,validation_004,0,3,441965561,6,,
8,1.6,B,ramp,True,False,55.99999999999999,20.0,0,maintain,0.0,0.0,61.99999999999995,18.0,0,0,maintain-maintain,0.1354464739561081,-0.017767831683158875,-0.091962069272995,0,0.1354464739561081,-0.017767831683158875,0.15321430563926697,0.2274085432291031,"[true, true, true]",False,False,False,67008,0,fc67b5b9a2d8c823e29b2d5c2dd6465388b731a6dccfb0feeb70cb674ab28be9,validation_004,0,3,441965561,6,,
8,1.6,B_front,background_mainline,True,,143.0,20.0,,,,,,,,,,,,,,,,,,,,,,67008,0,fc67b5b9a2d8c823e29b2d5c2dd6465388b731a6dccfb0feeb70cb674ab28be9,validation_004,0,3,441965561,6,,
8,1.6,B_rear,background_mainline,True,,32.822904436623794,17.30676952260519,,,,,,,,,,,,,,,,,,,,,,67008,0,fc67b5b9a2d8c823e29b2d5c2dd6465388b731a6dccfb0feeb70cb674ab28be9,validation_004,0,3,441965561,6,,
9,1.8,A,mainline,True,False,65.59999999999995,18.0,0,maintain,0.0,0.0,59.99999999999999,20.0,0,0,maintain-maintain,0.033237114548683167,-0.07226169109344482,-0.017951160669326782,0,0.033237114548683167,-0.017951160669326782,0.05118827521800995,0.10549880564212799,"[true, true, true]",False,False,False,67008,0,fc67b5b9a2d8c823e29b2d5c2dd6465388b731a6dccfb0feeb70cb674ab28be9,validation_004,0,3,441965561,6,,
9,1.8,B,ramp,True,False,59.99999999999999,20.0,0,maintain,0.0,0.0,65.59999999999995,18.0,0,0,maintain-maintain,0.13505637645721436,-0.017071031033992767,-0.09219171851873398,0,0.13505637645721436,-0.017071031033992767,0.15212740749120712,0.22724809497594833,"[true, true, true]",False,False,False,67008,0,fc67b5b9a2d8c823e29b2d5c2dd6465388b731a6dccfb0feeb70cb674ab28be9,validation_004,0,3,441965561,6,,
9,1.8,B_front,background_mainline,True,,147.0,20.0,,,,,,,,,,,,,,,,,,,,,,67008,0,fc67b5b9a2d8c823e29b2d5c2dd6465388b731a6dccfb0feeb70cb674ab28be9,validation_004,0,3,441965561,6,,
9,1.8,B_rear,background_mainline,True,,36.27449893701419,17.21192297712559,,,,,,,,,,,,,,,,,,,,,,67008,0,fc67b5b9a2d8c823e29b2d5c2dd6465388b731a6dccfb0feeb70cb674ab28be9,validation_004,0,3,441965561,6,,
10,2.0,A,mainline,True,False,69.19999999999997,18.0,0,maintain,0.0,0.0,63.99999999999999,20.0,0,0,maintain-maintain,0.031552888453006744,-0.07116004079580307,-0.01687486469745636,0,0.031552888453006744,-0.01687486469745636,0.048427753150463104,0.10271292924880981,"[true, true, true]",False,False,False,67008,0,fc67b5b9a2d8c823e29b2d5c2dd6465388b731a6dccfb0feeb70cb674ab28be9,validation_004,0,3,441965561,6,,
10,2.0,B,ramp,True,False,63.99999999999999,20.0,0,maintain,0.0,0.0,69.19999999999997,18.0,0,0,maintain-maintain,0.13461925089359283,-0.01483568549156189,-0.09282977879047394,0,0.13461925089359283,-0.01483568549156189,0.14945493638515472,0.22744902968406677,"[true, true, true]",False,False,False,67008,0,fc67b5b9a2d8c823e29b2d5c2dd6465388b731a6dccfb0feeb70cb674ab28be9,validation_004,0,3,441965561,6,,
10,2.0,B_front,background_mainline,True,,151.0,20.0,,,,,,,,,,,,,,,,,,,,,,67008,0,fc67b5b9a2d8c823e29b2d5c2dd6465388b731a6dccfb0feeb70cb674ab28be9,validation_004,0,3,441965561,6,,
10,2.0,B_rear,background_mainline,True,,39.70877890068834,17.133172401806515,,,,,,,,,,,,,,,,,,,,,,67008,0,fc67b5b9a2d8c823e29b2d5c2dd6465388b731a6dccfb0feeb70cb674ab28be9,validation_004,0,3,441965561,6,,
11,2.2,A,mainline,True,False,72.8,18.0,0,maintain,0.0,0.0,68.0,20.0,0,0,maintain-maintain,0.02984306961297989,-0.07009604573249817,-0.015829145908355713,0,0.02984306961297989,-0.015829145908355713,0.0456722155213356,0.09993911534547806,"[true, true, true]",False,False,False,67008,0,fc67b5b9a2d8c823e29b2d5c2dd6465388b731a6dccfb0feeb70cb674ab28be9,validation_004,0,3,441965561,6,,
11,2.2,B,ramp,True,False,68.0,20.0,0,maintain,0.0,0.0,72.8,18.0,0,0,maintain-maintain,0.13418470323085785,-0.012522384524345398,-0.09350127726793289,0,0.13418470323085785,-0.012522384524345398,0.14670708775520325,0.22768598049879074,"[true, true, true]",False,False,False,67008,0,fc67b5b9a2d8c823e29b2d5c2dd6465388b731a6dccfb0feeb70cb674ab28be9,validation_004,0,3,441965561,6,,
11,2.2,B_front,background_mainline,True,,155.0,20.0,,,,,,,,,,,,,,,,,,,,,,67008,0,fc67b5b9a2d8c823e29b2d5c2dd6465388b731a6dccfb0feeb70cb674ab28be9,validation_004,0,3,441965561,6,,
11,2.2,B_rear,background_mainline,True,,43.1286948368277,17.06791920721872,,,,,,,,,,,,,,,,,,,,,,67008,0,fc67b5b9a2d8c823e29b2d5c2dd6465388b731a6dccfb0feeb70cb674ab28be9,validation_004,0,3,441965561,6,,
12,2.4000000000000004,A,mainline,True,False,76.40000000000002,18.0,0,maintain,0.0,0.0,72.0,20.0,0,0,maintain-maintain,0.02814009040594101,-0.06906476616859436,-0.014804735779762268,0,0.02814009040594101,-0.014804735779762268,0.04294482618570328,0.09720485657453537,"[true, true, true]",False,False,False,67008,0,fc67b5b9a2d8c823e29b2d5c2dd6465388b731a6dccfb0feeb70cb674ab28be9,validation_004,0,3,441965561,6,,
12,2.4000000000000004,B,ramp,True,False,72.0,20.0,0,maintain,0.0,0.0,76.40000000000002,18.0,0,0,maintain-maintain,0.13375452160835266,-0.010207951068878174,-0.09418444335460663,0,0.13375452160835266,-0.010207951068878174,0.14396247267723083,0.2279389649629593,"[true, true, true]",False,False,False,67008,0,fc67b5b9a2d8c823e29b2d5c2dd6465388b731a6dccfb0feeb70cb674ab28be9,validation_004,0,3,441965561,6,,
12,2.4000000000000004,B_front,background_mainline,True,,159.0,20.0,,,,,,,,,,,,,,,,,,,,,,67008,0,fc67b5b9a2d8c823e29b2d5c2dd6465388b731a6dccfb0feeb70cb674ab28be9,validation_004,0,3,441965561,6,,
12,2.4000000000000004,B_rear,background_mainline,True,,46.53672917763603,17.014060490985948,,,,,,,,,,,,,,,,,,,,,,67008,0,fc67b5b9a2d8c823e29b2d5c2dd6465388b731a6dccfb0feeb70cb674ab28be9,validation_004,0,3,441965561,6,,
13,2.6,A,mainline,True,False,80.00000000000004,18.0,0,maintain,0.0,0.0,76.0,20.0,0,0,maintain-maintain,0.026348553597927094,-0.06814514845609665,-0.013808749616146088,0,0.026348553597927094,-0.013808749616146088,0.04015730321407318,0.09449370205402374,"[true, true, true]",False,False,False,67008,0,fc67b5b9a2d8c823e29b2d5c2dd6465388b731a6dccfb0feeb70cb674ab28be9,validation_004,0,3,441965561,6,,
13,2.6,B,ramp,True,False,76.0,20.0,0,maintain,0.0,0.0,80.00000000000004,18.0,0,0,maintain-maintain,0.13339707255363464,-0.008060820400714874,-0.09472958743572235,0,0.13339707255363464,-0.008060820400714874,0.14145789295434952,0.228126659989357,"[true, true, true]",False,False,False,67008,0,fc67b5b9a2d8c823e29b2d5c2dd6465388b731a6dccfb0feeb70cb674ab28be9,validation_004,0,3,441965561,6,,
13,2.6,B_front,background_mainline,True,,163.0,20.0,,,,,,,,,,,,,,,,,,,,,,67008,0,fc67b5b9a2d8c823e29b2d5c2dd6465388b731a6dccfb0feeb70cb674ab28be9,validation_004,0,3,441965561,6,,
13,2.6,B_rear,background_mainline,True,,49.93498349222574,16.969875475656906,,,,,,,,,,,,,,,,,,,,,,67008,0,fc67b5b9a2d8c823e29b2d5c2dd6465388b731a6dccfb0feeb70cb674ab28be9,validation_004,0,3,441965561,6,,
14,2.8000000000000003,A,mainline,True,False,83.60000000000007,18.0,0,maintain,0.0,0.0,80.0,20.0,0,0,maintain-maintain,0.02456606924533844,-0.06724528968334198,-0.012827664613723755,0,0.02456606924533844,-0.012827664613723755,0.037393733859062195,0.09181135892868042,"[true, true, true]",False,False,False,67008,0,fc67b5b9a2d8c823e29b2d5c2dd6465388b731a6dccfb0feeb70cb674ab28be9,validation_004,0,3,441965561,6,,
14,2.8000000000000003,B,ramp,True,False,80.0,20.0,0,maintain,0.0,0.0,83.60000000000007,18.0,0,0,maintain-maintain,0.13296033442020416,-0.005774147808551788,-0.09431883692741394,0,0.13296033442020416,-0.005774147808551788,0.13873448222875595,0.2272791713476181,"[true, true, true]",False,False,False,67008,0,fc67b5b9a2d8c823e29b2d5c2dd6465388b731a6dccfb0feeb70cb674ab28be9,validation_004,0,3,441965561,6,,
14,2.8000000000000003,B_front,background_mainline,True,,167.0,20.0,,,,,,,,,,,,,,,,,,,,,,67008,0,fc67b5b9a2d8c823e29b2d5c2dd6465388b731a6dccfb0feeb70cb674ab28be9,validation_004,0,3,441965561,6,,
14,2.8000000000000003,B_rear,background_mainline,True,,53.325246201137034,16.933942321873428,,,,,,,,,,,,,,,,,,,,,,67008,0,fc67b5b9a2d8c823e29b2d5c2dd6465388b731a6dccfb0feeb70cb674ab28be9,validation_004,0,3,441965561,6,,
15,3.0,A,mainline,True,False,87.20000000000009,18.0,0,maintain,0.0,0.0,84.0,20.0,0,0,maintain-maintain,0.022880516946315765,-0.06655602902173996,-0.01200210303068161,0,0.022880516946315765,-0.01200210303068161,0.034882619976997375,0.08943654596805573,"[true, true, true]",False,False,False,67008,0,fc67b5b9a2d8c823e29b2d5c2dd6465388b731a6dccfb0feeb70cb674ab28be9,validation_004,0,3,441965561,6,,
15,3.0,B,ramp,True,False,84.0,20.0,0,maintain,0.0,0.0,87.20000000000009,18.0,0,0,maintain-maintain,0.13309600949287415,-0.003879040479660034,-0.0941077172756195,0,0.13309600949287415,-0.003879040479660034,0.13697504997253418,0.22720372676849365,"[true, true, true]",False,False,False,67008,0,fc67b5b9a2d8c823e29b2d5c2dd6465388b731a6dccfb0feeb70cb674ab28be9,validation_004,0,3,441965561,6,,
15,3.0,B_front,background_mainline,True,,171.0,20.0,,,,,,,,,,,,,,,,,,,,,,67008,0,fc67b5b9a2d8c823e29b2d5c2dd6465388b731a6dccfb0feeb70cb674ab28be9,validation_004,0,3,441965561,6,,
15,3.0,B_rear,background_mainline,True,,56.70904588706388,16.905076121742994,,,,,,,,,,,,,,,,,,,,,,67008,0,fc67b5b9a2d8c823e29b2d5c2dd6465388b731a6dccfb0feeb70cb674ab28be9,validation_004,0,3,441965561,6,,
16,3.2,A,mainline,True,False,90.80000000000011,18.0,0,maintain,0.0,0.0,88.0,20.0,0,0,maintain-maintain,0.021320752799510956,-0.06615433841943741,-0.011387810111045837,0,0.021320752799510956,-0.011387810111045837,0.03270856291055679,0.08747509121894836,"[true, true, true]",False,False,False,67008,0,fc67b5b9a2d8c823e29b2d5c2dd6465388b731a6dccfb0feeb70cb674ab28be9,validation_004,0,3,441965561,6,,
16,3.2,B,ramp,True,False,88.0,20.0,0,maintain,0.0,0.0,90.80000000000011,18.0,0,0,maintain-maintain,0.13369271159172058,-0.002887442708015442,-0.09414062649011612,0,0.13369271159172058,-0.002887442708015442,0.13658015429973602,0.2278333380818367,"[true, true, true]",False,False,False,67008,0,fc67b5b9a2d8c823e29b2d5c2dd6465388b731a6dccfb0feeb70cb674ab28be9,validation_004,0,3,441965561,6,,
16,3.2,B_front,background_mainline,True,,175.0,20.0,,,,,,,,,,,,,,,,,,,,,,67008,0,fc67b5b9a2d8c823e29b2d5c2dd6465388b731a6dccfb0feeb70cb674ab28be9,validation_004,0,3,441965561,6,,
16,3.2,B_rear,background_mainline,True,,60.087693788368185,16.882281954980733,,,,,,,,,,,,,,,,,,,,,,67008,0,fc67b5b9a2d8c823e29b2d5c2dd6465388b731a6dccfb0feeb70cb674ab28be9,validation_004,0,3,441965561,6,,
17,3.4000000000000004,A,mainline,True,False,94.40000000000013,18.0,0,maintain,0.0,0.0,92.0,20.0,0,0,maintain-maintain,0.020130082964897156,-0.06613005697727203,-0.01060616597533226,0,0.020130082964897156,-0.01060616597533226,0.030736248940229416,0.08626013994216919,"[true, true, true]",False,False,False,67008,0,fc67b5b9a2d8c823e29b2d5c2dd6465388b731a6dccfb0feeb70cb674ab28be9,validation_004,0,3,441965561,6,,
17,3.4000000000000004,B,ramp,True,False,92.0,20.0,0,maintain,0.0,0.0,94.40000000000013,18.0,0,0,maintain-maintain,0.1343298852443695,-0.0020170360803604126,-0.09450779855251312,0,0.1343298852443695,-0.0020170360803604126,0.13634692132472992,0.22883768379688263,"[true, true, true]",False,False,False,67008,0,fc67b5b9a2d8c823e29b2d5c2dd6465388b731a6dccfb0feeb70cb674ab28be9,validation_004,0,3,441965561,6,,
17,3.4000000000000004,B_front,background_mainline,True,,179.0,20.0,,,,,,,,,,,,,,,,,,,,,,67008,0,fc67b5b9a2d8c823e29b2d5c2dd6465388b731a6dccfb0feeb70cb674ab28be9,validation_004,0,3,441965561,6,,
17,3.4000000000000004,B_rear,background_mainline,True,,63.46231804762397,16.864718847887687,,,,,,,,,,,,,,,,,,,,,,67008,0,fc67b5b9a2d8c823e29b2d5c2dd6465388b731a6dccfb0feeb70cb674ab28be9,validation_004,0,3,441965561,6,,
18,3.6,A,mainline,True,False,98.00000000000016,18.0,0,maintain,0.0,0.0,96.0,20.0,0,0,maintain-maintain,0.01898568868637085,-0.06615974009037018,-0.009730949997901917,0,0.01898568868637085,-0.009730949997901917,0.028716638684272766,0.08514542877674103,"[true, true, true]",False,False,False,67008,0,fc67b5b9a2d8c823e29b2d5c2dd6465388b731a6dccfb0feeb70cb674ab28be9,validation_004,0,3,441965561,6,,
18,3.6,B,ramp,True,False,96.0,20.0,0,maintain,0.0,0.0,98.00000000000016,18.0,0,0,maintain-maintain,0.13490018248558044,-0.0011241883039474487,-0.09523658454418182,0,0.13490018248558044,-0.0011241883039474487,0.1360243707895279,0.23013676702976227,"[true, true, true]",False,False,False,67008,0,fc67b5b9a2d8c823e29b2d5c2dd6465388b731a6dccfb0feeb70cb674ab28be9,validation_004,0,3,441965561,6,,
18,3.6,B_front,background_mainline,True,,183.0,20.0,,,,,,,,,,,,,,,,,,,,,,67008,0,fc67b5b9a2d8c823e29b2d5c2dd6465388b731a6dccfb0feeb70cb674ab28be9,validation_004,0,3,441965561,6,,
18,3.6,B_rear,background_mainline,True,,66.83389159124647,16.851671750408023,,,,,,,,,,,,,,,,,,,,,,67008,0,fc67b5b9a2d8c823e29b2d5c2dd6465388b731a6dccfb0feeb70cb674ab28be9,validation_004,0,3,441965561,6,,
19,3.8000000000000003,A,mainline,True,False,101.60000000000018,18.0,0,maintain,0.0,0.0,100.0,20.0,0,0,maintain-maintain,0.01801985502243042,-0.06626707315444946,-0.008809324353933334,0,0.01801985502243042,-0.008809324353933334,0.026829179376363754,0.08428692817687988,"[true, true, true]",False,False,False,67008,0,fc67b5b9a2d8c823e29b2d5c2dd6465388b731a6dccfb0feeb70cb674ab28be9,validation_004,0,3,441965561,6,,
19,3.8000000000000003,B,ramp,True,False,100.0,20.0,0,maintain,0.0,0.0,101.60000000000018,18.0,0,0,maintain-maintain,0.13549235463142395,-0.00021985173225402832,-0.09595410525798798,0,0.13549235463142395,-0.00021985173225402832,0.13571220636367798,0.23144645988941193,"[true, true, true]",False,False,False,67008,0,fc67b5b9a2d8c823e29b2d5c2dd6465388b731a6dccfb0feeb70cb674ab28be9,validation_004,0,3,441965561,6,,
19,3.8000000000000003,B_front,background_mainline,True,,187.0,20.0,,,,,,,,,,,,,,,,,,,,,,67008,0,fc67b5b9a2d8c823e29b2d5c2dd6465388b731a6dccfb0feeb70cb674ab28be9,validation_004,0,3,441965561,6,,
19,3.8000000000000003,B_rear,background_mainline,True,,70.20325502942514,16.842529495198526,,,,,,,,,,,,,,,,,,,,,,67008,0,fc67b5b9a2d8c823e29b2d5c2dd6465388b731a6dccfb0feeb70cb674ab28be9,validation_004,0,3,441965561,6,,
20,4.0,A,mainline,True,False,105.2000000000002,18.0,0,maintain,0.0,0.0,104.0,20.0,0,0,maintain-maintain,0.017531350255012512,-0.06760560721158981,-0.008287046104669571,0,0.017531350255012512,-0.008287046104669571,0.025818396359682083,0.08513695746660233,"[true, true, true]",True,True,False,67008,0,fc67b5b9a2d8c823e29b2d5c2dd6465388b731a6dccfb0feeb70cb674ab28be9,validation_004,0,3,441965561,6,-4.121110011306627,0.0
20,4.0,B,ramp,True,False,104.0,20.0,0,maintain,0.0,0.0,105.2000000000002,18.0,0,0,maintain-maintain,0.1361604630947113,0.000729978084564209,-0.09661655128002167,0,0.1361604630947113,0.000729978084564209,0.1354304850101471,0.23277701437473297,"[true, true, true]",True,True,False,67008,0,fc67b5b9a2d8c823e29b2d5c2dd6465388b731a6dccfb0feeb70cb674ab28be9,validation_004,0,3,441965561,6,-4.121110011306627,0.0
20,4.0,B_front,background_mainline,True,,191.0,20.0,,,,,,,,,,,,,,,,,,,,,,67008,0,fc67b5b9a2d8c823e29b2d5c2dd6465388b731a6dccfb0feeb70cb674ab28be9,validation_004,0,3,441965561,6,,
20,4.0,B_rear,background_mainline,True,,73.57178665238197,16.862808599820493,,,,,,,,,,,,,,,,,,,,,,67008,0,fc67b5b9a2d8c823e29b2d5c2dd6465388b731a6dccfb0feeb70cb674ab28be9,validation_004,0,3,441965561,6,,
0,0.0,A,ramp,True,False,23.999999999999993,20.0,0,maintain,0.0,0.0,33.199999999999996,18.0,0,0,maintain-maintain,0.079932302236557,-0.03341212868690491,-0.00109105184674263,0,0.079932302236557,-0.00109105184674263,0.08102335408329964,0.11334443092346191,"[true, true, true]",False,False,False,67008,0,fc67b5b9a2d8c823e29b2d5c2dd6465388b731a6dccfb0feeb70cb674ab28be9,validation_004,1,3,441965561,7,,
0,0.0,B,mainline,True,False,33.199999999999996,18.0,0,maintain,0.0,0.0,23.999999999999993,20.0,0,0,maintain-maintain,0.14895100891590118,-0.014921173453330994,0.019231542944908142,0,0.14895100891590118,0.019231542944908142,0.12971946597099304,0.16387218236923218,"[true, true, true]",False,False,False,67008,0,fc67b5b9a2d8c823e29b2d5c2dd6465388b731a6dccfb0feeb70cb674ab28be9,validation_004,1,3,441965561,7,,
0,0.0,B_front,background_mainline,True,,111.0,20.0,,,,,,,,,,,,,,,,,,,,,,67008,0,fc67b5b9a2d8c823e29b2d5c2dd6465388b731a6dccfb0feeb70cb674ab28be9,validation_004,1,3,441965561,7,,
0,0.0,B_rear,background_mainline,True,,3.932745251620073,19.35630798792448,,,,,,,,,,,,,,,,,,,,,,67008,0,fc67b5b9a2d8c823e29b2d5c2dd6465388b731a6dccfb0feeb70cb674ab28be9,validation_004,1,3,441965561,7,,
1,0.2,A,ramp,True,False,27.999999999999993,20.0,0,maintain,0.0,0.0,36.79999999999999,18.0,0,0,maintain-maintain,0.07890476286411285,-0.03380545973777771,0.0008276216685771942,0,0.07890476286411285,0.0008276216685771942,0.07807714119553566,0.11271022260189056,"[true, true, true]",False,False,False,67008,0,fc67b5b9a2d8c823e29b2d5c2dd6465388b731a6dccfb0feeb70cb674ab28be9,validation_004,1,3,441965561,7,,
1,0.2,B,mainline,True,False,36.79999999999999,18.0,0,maintain,0.0,0.0,27.999999999999993,20.0,0,0,maintain-maintain,0.15125949680805206,-0.014746293425559998,0.02084837481379509,0,0.15125949680805206,0.02084837481379509,0.13041112199425697,0.16600579023361206,"[true, true, true]",False,False,False,67008,0,fc67b5b9a2d8c823e29b2d5c2dd6465388b731a6dccfb0feeb70cb674ab28be9,validation_004,1,3,441965561,7,,
1,0.2,B_front,background_mainline,True,,115.0,20.0,,,,,,,,,,,,,,,,,,,,,,67008,0,fc67b5b9a2d8c823e29b2d5c2dd6465388b731a6dccfb0feeb70cb674ab28be9,validation_004,1,3,441965561,7,,
1,0.2,B_rear,background_mainline,True,,7.752976952248728,18.86562430146012,,,,,,,,,,,,,,,,,,,,,,67008,0,fc67b5b9a2d8c823e29b2d5c2dd6465388b731a6dccfb0feeb70cb674ab28be9,validation_004,1,3,441965561,7,,
2,0.4,A,ramp,True,False,31.999999999999993,20.0,0,maintain,0.0,0.0,40.399999999999984,18.0,0,0,maintain-maintain,0.07788057625293732,-0.034552380442619324,0.0026487670838832855,0,0.07788057625293732,0.0026487670838832855,0.07523180916905403,0.11243295669555664,"[true, true, true]",False,False,False,67008,0,fc67b5b9a2d8c823e29b2d5c2dd6465388b731a6dccfb0feeb70cb674ab28be9,validation_004,1,3,441965561,7,,
2,0.4,B,mainline,True,False,40.399999999999984,18.0,0,maintain,0.0,0.0,31.999999999999993,20.0,0,0,maintain-maintain,0.15339785814285278,-0.014925502240657806,0.022239310666918755,0,0.15339785814285278,0.022239310666918755,0.13115854747593403,0.1683233603835106,"[true, true, true]",False,False,False,67008,0,fc67b5b9a2d8c823e29b2d5c2dd6465388b731a6dccfb0feeb70cb674ab28be9,validation_004,1,3,441965561,7,,
2,0.4,B_front,background_mainline,True,,119.0,20.0,,,,,,,,,,,,,,,,,,,,,,67008,0,fc67b5b9a2d8c823e29b2d5c2dd6465388b731a6dccfb0feeb70cb674ab28be9,validation_004,1,3,441965561,7,,
2,0.4,B_rear,background_mainline,True,,11.486290769757828,18.481554790268444,,,,,,,,,,,,,,,,,,,,,,67008,0,fc67b5b9a2d8c823e29b2d5c2dd6465388b731a6dccfb0feeb70cb674ab28be9,validation_004,1,3,441965561,7,,
3,0.6000000000000001,A,ramp,True,False,35.99999999999999,20.0,0,maintain,0.0,0.0,43.99999999999998,18.0,0,0,maintain-maintain,0.0769069492816925,-0.0353093184530735,0.004355330020189285,0,0.0769069492816925,0.004355330020189285,0.07255161926150322,0.112216267734766,"[true, true, true]",False,False,False,67008,0,fc67b5b9a2d8c823e29b2d5c2dd6465388b731a6dccfb0feeb70cb674ab28be9,validation_004,1,3,441965561,7,,
3,0.6000000000000001,B,mainline,True,False,43.99999999999998,18.0,0,maintain,0.0,0.0,35.99999999999999,20.0,0,0,maintain-maintain,0.15534910559654236,-0.015070244669914246,0.02344352938234806,0,0.15534910559654236,0.02344352938234806,0.1319055762141943,0.1704193502664566,"[true, true, true]",False,False,False,67008,0,fc67b5b9a2d8c823e29b2d5c2dd6465388b731a6dccfb0feeb70cb674ab28be9,validation_004,1,3,441965561,7,,
3,0.6000000000000001,B_front,background_mainline,True,,123.0,20.0,,,,,,,,,,,,,,,,,,,,,,67008,0,fc67b5b9a2d8c823e29b2d5c2dd6465388b731a6dccfb0feeb70cb674ab28be9,validation_004,1,3,441965561,7,,
3,0.6000000000000001,B_rear,background_mainline,True,,15.150923365429692,18.1752119055271,,,,,,,,,,,,,,,,,,,,,,67008,0,fc67b5b9a2d8c823e29b2d5c2dd6465388b731a6dccfb0feeb70cb674ab28be9,validation_004,1,3,441965561,7,,
4,0.8,A,ramp,True,False,39.99999999999999,20.0,0,maintain,0.0,0.0,47.59999999999997,18.0,0,0,maintain-maintain,0.07621310651302338,-0.035808440297842026,0.005885224789381027,0,0.07621310651302338,0.005885224789381027,0.07032788172364235,0.1120215468108654,"[true, true, true]",False,False,False,67008,0,fc67b5b9a2d8c823e29b2d5c2dd6465388b731a6dccfb0feeb70cb674ab28be9,validation_004,1,3,441965561,7,,
4,0.8,B,mainline,True,False,47.59999999999997,18.0,0,maintain,0.0,0.0,39.99999999999999,20.0,0,0,maintain-maintain,0.15716314315795898,-0.01518869400024414,0.024511652067303658,0,0.15716314315795898,0.024511652067303658,0.13265149109065533,0.17235183715820312,"[true, true, true]",False,False,False,67008,0,fc67b5b9a2d8c823e29b2d5c2dd6465388b731a6dccfb0feeb70cb674ab28be9,validation_004,1,3,441965561,7,,
4,0.8,B_front,background_mainline,True,,127.0,20.0,,,,,,,,,,,,,,,,,,,,,,67008,0,fc67b5b9a2d8c823e29b2d5c2dd6465388b731a6dccfb0feeb70cb674ab28be9,validation_004,1,3,441965561,7,,
4,0.8,B_rear,background_mainline,True,,18.760393719335195,17.927484681843783,,,,,,,,,,,,,,,,,,,,,,67008,0,fc67b5b9a2d8c823e29b2d5c2dd6465388b731a6dccfb0feeb70cb674ab28be9,validation_004,1,3,441965561,7,,
5,1.0,A,ramp,True,False,43.99999999999999,20.0,0,maintain,0.0,0.0,51.19999999999997,18.0,0,0,maintain-maintain,0.07545949518680573,-0.03615415096282959,0.00740974023938179,0,0.07545949518680573,0.00740974023938179,0.06804975494742393,0.11161364614963531,"[true, true, true]",False,False,False,67008,0,fc67b5b9a2d8c823e29b2d5c2dd6465388b731a6dccfb0feeb70cb674ab28be9,validation_004,1,3,441965561,7,,
5,1.0,B,mainline,True,False,51.19999999999997,18.0,0,maintain,0.0,0.0,43.99999999999999,20.0,0,0,maintain-maintain,0.15887321531772614,-0.01528717577457428,0.025478076189756393,0,0.15887321531772614,0.025478076189756393,0.13339513912796974,0.17416039109230042,"[true, true, true]",False,False,False,67008,0,fc67b5b9a2d8c823e29b2d5c2dd6465388b731a6dccfb0feeb70cb674ab28be9,validation_004,1,3,441965561,7,,
5,1.0,B_front,background_mainline,True,,131.0,20.0,,,,,,,,,,,,,,,,,,,,,,67008,0,fc67b5b9a2d8c823e29b2d5c2dd6465388b731a6dccfb0feeb70cb674ab28be9,validation_004,1,3,441965561,7,,
5,1.0,B_rear,background_mainline,True,,22.32502929443066,17.725131914242084,,,,,,,,,,,,,,,,,,,,,,67008,0,fc67b5b9a2d8c823e29b2d5c2dd6465388b731a6dccfb0feeb70cb674ab28be9,validation_004,1,3,441965561,7,,
6,1.2000000000000002,A,ramp,True,False,47.99999999999999,20.0,0,maintain,0.0,0.0,54.79999999999996,18.0,0,0,maintain-maintain,0.07463261485099792,-0.036451030522584915,0.008953291922807693,0,0.07463261485099792,0.008953291922807693,0.06567932292819023,0.11108364537358284,"[true, true, true]",False,False,False,67008,0,fc67b5b9a2d8c823e29b2d5c2dd6465388b731a6dccfb0feeb70cb674ab28be9,validation_004,1,3,441965561,7,,
6,1.2000000000000002,B,mainline,True,False,54.79999999999996,18.0,0,maintain,0.0,0.0,47.99999999999999,20.0,0,0,maintain-maintain,0.16038799285888672,-0.01557006686925888,0.026219453662633896,0,0.16038799285888672,0.026219453662633896,0.13416853919625282,0.1759580597281456,"[true, true, true]",False,False,False,67008,0,fc67b5b9a2d8c823e29b2d5c2dd6465388b731a6dccfb0feeb70cb674ab28be9,validation_004,1,3,441965561,7,,
6,1.2000000000000002,B_front,background_mainline,True,,135.0,20.0,,,,,,,,,,,,,,,,,,,,,,67008,0,fc67b5b9a2d8c823e29b2d5c2dd6465388b731a6dccfb0feeb70cb674ab28be9,validation_004,1,3,441965561,7,,
6,1.2000000000000002,B_rear,background_mainline,True,,25.852906884067007,17.55863891631729,,,,,,,,,,,,,,,,,,,,,,67008,0,fc67b5b9a2d8c823e29b2d5c2dd6465388b731a6dccfb0feeb70cb674ab28be9,validation_004,1,3,441965561,7,,
7,1.4000000000000001,A,ramp,True,False,51.99999999999999,20.0,0,maintain,0.0,0.0,58.399999999999956,18.0,0,0,maintain-maintain,0.07380110025405884,-0.0367346927523613,0.010477699339389801,0,0.07380110025405884,0.010477699339389801,0.06332340091466904,0.11053579300642014,"[true, true, true]",False,False,False,67008,0,fc67b5b9a2d8c823e29b2d5c2dd6465388b731a6dccfb0feeb70cb674ab28be9,validation_004,1,3,441965561,7,,
7,1.4000000000000001,B,mainline,True,False,58.399999999999956,18.0,0,maintain,0.0,0.0,51.99999999999999,20.0,0,0,maintain-maintain,0.1619936227798462,-0.016164228320121765,0.02651669830083847,0,0.1619936227798462,0.02651669830083847,0.13547692447900772,0.17815785109996796,"[true, true, true]",False,False,False,67008,0,fc67b5b9a2d8c823e29b2d5c2dd6465388b731a6dccfb0feeb70cb674ab28be9,validation_004,1,3,441965561,7,,
7,1.4000000000000001,B_front,background_mainline,True,,139.0,20.0,,,,,,,,,,,,,,,,,,,,,,67008,0,fc67b5b9a2d8c823e29b2d5c2dd6465388b731a6dccfb0feeb70cb674ab28be9,validation_004,1,3,441965561,7,,
7,1.4000000000000001,B_rear,background_mainline,True,,29.350462706592197,17.420964417721255,,,,,,,,,,,,,,,,,,,,,,67008,0,fc67b5b9a2d8c823e29b2d5c2dd6465388b731a6dccfb0feeb70cb674ab28be9,validation_004,1,3,441965561,7,,
8,1.6,A,ramp,True,False,55.99999999999999,20.0,0,maintain,0.0,0.0,61.99999999999995,18.0,0,0,maintain-maintain,0.0727289617061615,-0.03693852201104164,0.011932041496038437,0,0.0727289617061615,0.011932041496038437,0.06079692021012306,0.10966748371720314,"[true, true, true]",False,False,False,67008,0,fc67b5b9a2d8c823e29b2d5c2dd6465388b731a6dccfb0feeb70cb674ab28be9,validation_004,1,3,441965561,7,,
8,1.6,B,mainline,True,False,61.99999999999995,18.0,0,maintain,0.0,0.0,55.99999999999999,20.0,0,0,maintain-maintain,0.1635567545890808,-0.016479402780532837,0.026522666215896606,0,0.1635567545890808,0.026522666215896606,0.1370340883731842,0.18003615736961365,"[true, true, true]",False,False,False,67008,0,fc67b5b9a2d8c823e29b2d5c2dd6465388b731a6dccfb0feeb70cb674ab28be9,validation_004,1,3,441965561,7,,
8,1.6,B_front,background_mainline,True,,143.0,20.0,,,,,,,,,,,,,,,,,,,,,,67008,0,fc67b5b9a2d8c823e29b2d5c2dd6465388b731a6dccfb0feeb70cb674ab28be9,validation_004,1,3,441965561,7,,
8,1.6,B_rear,background_mainline,True,,32.822904436623794,17.30676952260519,,,,,,,,,,,,,,,,,,,,,,67008,0,fc67b5b9a2d8c823e29b2d5c2dd6465388b731a6dccfb0feeb70cb674ab28be9,validation_004,1,3,441965561,7,,
9,1.8,A,ramp,True,False,59.99999999999999,20.0,0,maintain,0.0,0.0,65.59999999999995,18.0,0,0,maintain-maintain,0.0714641660451889,-0.03707824647426605,0.013330124318599701,0,0.0714641660451889,0.013330124318599701,0.0581340417265892,0.10854241251945496,"[true, true, true]",False,False,False,67008,0,fc67b5b9a2d8c823e29b2d5c2dd6465388b731a6dccfb0feeb70cb674ab28be9,validation_004,1,3,441965561,7,,
9,1.8,B,mainline,True,False,65.59999999999995,18.0,0,maintain,0.0,0.0,59.99999999999999,20.0,0,0,maintain-maintain,0.1649850755929947,-0.0164337158203125,0.02653156965970993,0,0.1649850755929947,0.02653156965970993,0.13845350593328476,0.1814187914133072,"[true, true, true]",False,False,False,67008,0,fc67b5b9a2d8c823e29b2d5c2dd6465388b731a6dccfb0feeb70cb674ab28be9,validation_004,1,3,441965561,7,,
9,1.8,B_front,background_mainline,True,,147.0,20.0,,,,,,,,,,,,,,,,,,,,,,67008,0,fc67b5b9a2d8c823e29b2d5c2dd6465388b731a6dccfb0feeb70cb674ab28be9,validation_004,1,3,441965561,7,,
9,1.8,B_rear,background_mainline,True,,36.27449893701419,17.21192297712559,,,,,,,,,,,,,,,,,,,,,,67008,0,fc67b5b9a2d8c823e29b2d5c2dd6465388b731a6dccfb0feeb70cb674ab28be9,validation_004,1,3,441965561,7,,
10,2.0,A,ramp,True,False,63.99999999999999,20.0,0,maintain,0.0,0.0,69.19999999999997,18.0,0,0,maintain-maintain,0.06987200677394867,-0.03713226690888405,0.014609020203351974,0,0.06987200677394867,0.014609020203351974,0.055262986570596695,0.10700427368283272,"[true, true, true]",False,False,False,67008,0,fc67b5b9a2d8c823e29b2d5c2dd6465388b731a6dccfb0feeb70cb674ab28be9,validation_004,1,3,441965561,7,,
10,2.0,B,mainline,True,False,69.19999999999997,18.0,0,maintain,0.0,0.0,63.99999999999999,20.0,0,0,maintain-maintain,0.1659284383058548,-0.016960136592388153,0.0264021884649992,0,0.1659284383058548,0.0264021884649992,0.1395262498408556,0.18288857489824295,"[true, true, true]",False,False,False,67008,0,fc67b5b9a2d8c823e29b2d5c2dd6465388b731a6dccfb0feeb70cb674ab28be9,validation_004,1,3,441965561,7,,
10,2.0,B_front,background_mainline,True,,151.0,20.0,,,,,,,,,,,,,,,,,,,,,,67008,0,fc67b5b9a2d8c823e29b2d5c2dd6465388b731a6dccfb0feeb70cb674ab28be9,validation_004,1,3,441965561,7,,
10,2.0,B_rear,background_mainline,True,,39.70877890068834,17.133172401806515,,,,,,,,,,,,,,,,,,,,,,67008,0,fc67b5b9a2d8c823e29b2d5c2dd6465388b731a6dccfb0feeb70cb674ab28be9,validation_004,1,3,441965561,7,,
11,2.2,A,ramp,True,False,68.0,20.0,0,maintain,0.0,0.0,72.8,18.0,0,0,maintain-maintain,0.06830103695392609,-0.03710509091615677,0.015935543924570084,0,0.06830103695392609,0.015935543924570084,0.052365493029356,0.10540612787008286,"[true, true, true]",False,False,False,67008,0,fc67b5b9a2d8c823e29b2d5c2dd6465388b731a6dccfb0feeb70cb674ab28be9,validation_004,1,3,441965561,7,,
11,2.2,B,mainline,True,False,72.8,18.0,0,maintain,0.0,0.0,68.0,20.0,0,0,maintain-maintain,0.16674239933490753,-0.017453841865062714,0.0261501707136631,0,0.16674239933490753,0.0261501707136631,0.14059222862124443,0.18419624119997025,"[true, true, true]",False,False,False,67008,0,fc67b5b9a2d8c823e29b2d5c2dd6465388b731a6dccfb0feeb70cb674ab28be9,validation_004,1,3,441965561,7,,
11,2.2,B_front,background_mainline,True,,155.0,20.0,,,,,,,,,,,,,,,,,,,,,,67008,0,fc67b5b9a2d8c823e29b2d5c2dd6465388b731a6dccfb0feeb70cb674ab28be9,validation_004,1,3,441965561,7,,
11,2.2,B_rear,background_mainline,True,,43.1286948368277,17.06791920721872,,,,,,,,,,,,,,,,,,,,,,67008,0,fc67b5b9a2d8c823e29b2d5c2dd6465388b731a6dccfb0feeb70cb674ab28be9,validation_004,1,3,441965561,7,,
12,2.4000000000000004,A,ramp,True,False,72.0,20.0,0,maintain,0.0,0.0,76.40000000000002,18.0,0,0,maintain-maintain,0.06672696769237518,-0.0371200256049633,0.017246399074792862,0,0.06672696769237518,0.017246399074792862,0.04948056861758232,0.10384699329733849,"[true, true, true]",False,False,False,67008,0,fc67b5b9a2d8c823e29b2d5c2dd6465388b731a6dccfb0feeb70cb674ab28be9,validation_004,1,3,441965561,7,,
12,2.4000000000000004,B,mainline,True,False,76.40000000000002,18.0,0,maintain,0.0,0.0,72.0,20.0,0,0,maintain-maintain,0.16768458485603333,-0.017889246344566345,0.02567709982395172,0,0.16768458485603333,0.02567709982395172,0.1420074850320816,0.18557383120059967,"[true, true, true]",False,False,False,67008,0,fc67b5b9a2d8c823e29b2d5c2dd6465388b731a6dccfb0feeb70cb674ab28be9,validation_004,1,3,441965561,7,,
12,2.4000000000000004,B_front,background_mainline,True,,159.0,20.0,,,,,,,,,,,,,,,,,,,,,,67008,0,fc67b5b9a2d8c823e29b2d5c2dd6465388b731a6dccfb0feeb70cb674ab28be9,validation_004,1,3,441965561,7,,
12,2.4000000000000004,B_rear,background_mainline,True,,46.53672917763603,17.014060490985948,,,,,,,,,,,,,,,,,,,,,,67008,0,fc67b5b9a2d8c823e29b2d5c2dd6465388b731a6dccfb0feeb70cb674ab28be9,validation_004,1,3,441965561,7,,
13,2.6,A,ramp,True,False,76.0,20.0,0,maintain,0.0,0.0,80.00000000000004,18.0,0,0,maintain-maintain,0.0651652067899704,-0.037971414625644684,0.018497902899980545,0,0.0651652067899704,0.018497902899980545,0.04666730388998985,0.10313662141561508,"[true, true, true]",False,False,False,67008,0,fc67b5b9a2d8c823e29b2d5c2dd6465388b731a6dccfb0feeb70cb674ab28be9,validation_004,1,3,441965561,7,,
13,2.6,B,mainline,True,False,80.00000000000004,18.0,0,maintain,0.0,0.0,76.0,20.0,0,0,maintain-maintain,0.16905413568019867,-0.018362000584602356,0.025091247633099556,0,0.16905413568019867,0.025091247633099556,0.1439628880470991,0.18741613626480103,"[true, true, true]",False,False,False,67008,0,fc67b5b9a2d8c823e29b2d5c2dd6465388b731a6dccfb0feeb70cb674ab28be9,validation_004,1,3,441965561,7,,
13,2.6,B_front,background_mainline,True,,163.0,20.0,,,,,,,,,,,,,,,,,,,,,,67008,0,fc67b5b9a2d8c823e29b2d5c2dd6465388b731a6dccfb0feeb70cb674ab28be9,validation_004,1,3,441965561,7,,
13,2.6,B_rear,background_mainline,True,,49.93498349222574,16.969875475656906,,,,,,,,,,,,,,,,,,,,,,67008,0,fc67b5b9a2d8c823e29b2d5c2dd6465388b731a6dccfb0feeb70cb674ab28be9,validation_004,1,3,441965561,7,,
14,2.8000000000000003,A,ramp,True,False,80.0,20.0,0,maintain,0.0,0.0,83.60000000000007,18.0,0,0,maintain-maintain,0.06365637481212616,-0.038820117712020874,0.019882868975400925,0,0.06365637481212616,0.019882868975400925,0.043773505836725235,0.10247649252414703,"[true, true, true]",False,False,False,67008,0,fc67b5b9a2d8c823e29b2d5c2dd6465388b731a6dccfb0feeb70cb674ab28be9,validation_004,1,3,441965561,7,,
14,2.8000000000000003,B,mainline,True,False,83.60000000000007,18.0,0,maintain,0.0,0.0,80.0,20.0,0,0,maintain-maintain,0.17040619254112244,-0.018870048224925995,0.02483559399843216,0,0.17040619254112244,0.02483559399843216,0.14557059854269028,0.18927624076604843,"[true, true, true]",False,False,False,67008,0,fc67b5b9a2d8c823e29b2d5c2dd6465388b731a6dccfb0feeb70cb674ab28be9,validation_004,1,3,441965561,7,,
14,2.8000000000000003,B_front,background_mainline,True,,167.0,20.0,,,,,,,,,,,,,,,,,,,,,,67008,0,fc67b5b9a2d8c823e29b2d5c2dd6465388b731a6dccfb0feeb70cb674ab28be9,validation_004,1,3,441965561,7,,
14,2.8000000000000003,B_rear,background_mainline,True,,53.325246201137034,16.933942321873428,,,,,,,,,,,,,,,,,,,,,,67008,0,fc67b5b9a2d8c823e29b2d5c2dd6465388b731a6dccfb0feeb70cb674ab28be9,validation_004,1,3,441965561,7,,
15,3.0,A,ramp,True,False,84.0,20.0,0,maintain,0.0,0.0,87.20000000000009,18.0,0,0,maintain-maintain,0.062146544456481934,-0.039663828909397125,0.0212648194283247,0,0.062146544456481934,0.0212648194283247,0.040881725028157234,0.10181037336587906,"[true, true, true]",False,False,False,67008,0,fc67b5b9a2d8c823e29b2d5c2dd6465388b731a6dccfb0feeb70cb674ab28be9,validation_004,1,3,441965561,7,,
15,3.0,B,mainline,True,False,87.20000000000009,18.0,0,maintain,0.0,0.0,84.0,20.0,0,0,maintain-maintain,0.17174458503723145,-0.019381701946258545,0.0246281735599041,0,0.17174458503723145,0.0246281735599041,0.14711641147732735,0.19112628698349,"[true, true, true]",False,False,False,67008,0,fc67b5b9a2d8c823e29b2d5c2dd6465388b731a6dccfb0feeb70cb674ab28be9,validation_004,1,3,441965561,7,,
15,3.0,B_front,background_mainline,True,,171.0,20.0,,,,,,,,,,,,,,,,,,,,,,67008,0,fc67b5b9a2d8c823e29b2d5c2dd6465388b731a6dccfb0feeb70cb674ab28be9,validation_004,1,3,441965561,7,,
15,3.0,B_rear,background_mainline,True,,56.70904588706388,16.905076121742994,,,,,,,,,,,,,,,,,,,,,,67008,0,fc67b5b9a2d8c823e29b2d5c2dd6465388b731a6dccfb0feeb70cb674ab28be9,validation_004,1,3,441965561,7,,
16,3.2,A,ramp,True,False,88.0,20.0,0,maintain,0.0,0.0,90.80000000000011,18.0,0,0,maintain-maintain,0.06066138297319412,-0.04053102433681488,0.02260000631213188,0,0.06066138297319412,0.02260000631213188,0.03806137666106224,0.101192407310009,"[true, true, true]",False,False,False,67008,0,fc67b5b9a2d8c823e29b2d5c2dd6465388b731a6dccfb0feeb70cb674ab28be9,validation_004,1,3,441965561,7,,
16,3.2,B,mainline,True,False,90.80000000000011,18.0,0,maintain,0.0,0.0,88.0,20.0,0,0,maintain-maintain,0.17307409644126892,-0.01989864557981491,0.024423450231552124,0,0.17307409644126892,0.024423450231552124,0.1486506462097168,0.19297274202108383,"[true, true, true]",False,False,False,67008,0,fc67b5b9a2d8c823e29b2d5c2dd6465388b731a6dccfb0feeb70cb674ab28be9,validation_004,1,3,441965561,7,,
16,3.2,B_front,background_mainline,True,,175.0,20.0,,,,,,,,,,,,,,,,,,,,,,67008,0,fc67b5b9a2d8c823e29b2d5c2dd6465388b731a6dccfb0feeb70cb674ab28be9,validation_004,1,3,441965561,7,,
16,3.2,B_rear,background_mainline,True,,60.087693788368185,16.882281954980733,,,,,,,,,,,,,,,,,,,,,,67008,0,fc67b5b9a2d8c823e29b2d5c2dd6465388b731a6dccfb0feeb70cb674ab28be9,validation_004,1,3,441965561,7,,
17,3.4000000000000004,A,ramp,True,False,92.0,20.0,0,maintain,0.0,0.0,94.40000000000013,18.0,0,0,maintain-maintain,0.05923999845981598,-0.041644636541604996,0.023574501276016235,0,0.05923999845981598,0.023574501276016235,0.035665497183799744,0.10088463500142097,"[true, true, true]",False,False,False,67008,0,fc67b5b9a2d8c823e29b2d5c2dd6465388b731a6dccfb0feeb70cb674ab28be9,validation_004,1,3,441965561,7,,
17,3.4000000000000004,B,mainline,True,False,94.40000000000013,18.0,0,maintain,0.0,0.0,92.0,20.0,0,0,maintain-maintain,0.174398273229599,-0.020427167415618896,0.024226080626249313,0,0.174398273229599,0.024226080626249313,0.15017219260334969,0.1948254406452179,"[true, true, true]",False,False,False,67008,0,fc67b5b9a2d8c823e29b2d5c2dd6465388b731a6dccfb0feeb70cb674ab28be9,validation_004,1,3,441965561,7,,
17,3.4000000000000004,B_front,background_mainline,True,,179.0,20.0,,,,,,,,,,,,,,,,,,,,,,67008,0,fc67b5b9a2d8c823e29b2d5c2dd6465388b731a6dccfb0feeb70cb674ab28be9,validation_004,1,3,441965561,7,,
17,3.4000000000000004,B_rear,background_mainline,True,,63.46231804762397,16.864718847887687,,,,,,,,,,,,,,,,,,,,,,67008,0,fc67b5b9a2d8c823e29b2d5c2dd6465388b731a6dccfb0feeb70cb674ab28be9,validation_004,1,3,441965561,7,,
18,3.6,A,ramp,True,False,96.0,20.0,0,maintain,0.0,0.0,98.00000000000016,18.0,0,0,maintain-maintain,0.05770423263311386,-0.04247007519006729,0.024570439010858536,0,0.05770423263311386,0.024570439010858536,0.033133793622255325,0.10017430782318115,"[true, true, true]",False,False,False,67008,0,fc67b5b9a2d8c823e29b2d5c2dd6465388b731a6dccfb0feeb70cb674ab28be9,validation_004,1,3,441965561,7,,
18,3.6,B,mainline,True,False,98.00000000000016,18.0,0,maintain,0.0,0.0,96.0,20.0,0,0,maintain-maintain,0.17566081881523132,-0.020872443914413452,0.024181727319955826,0,0.17566081881523132,0.024181727319955826,0.1514790914952755,0.19653326272964478,"[true, true, true]",False,False,False,67008,0,fc67b5b9a2d8c823e29b2d5c2dd6465388b731a6dccfb0feeb70cb674ab28be9,validation_004,1,3,441965561,7,,
18,3.6,B_front,background_mainline,True,,183.0,20.0,,,,,,,,,,,,,,,,,,,,,,67008,0,fc67b5b9a2d8c823e29b2d5c2dd6465388b731a6dccfb0feeb70cb674ab28be9,validation_004,1,3,441965561,7,,
18,3.6,B_rear,background_mainline,True,,66.83389159124647,16.851671750408023,,,,,,,,,,,,,,,,,,,,,,67008,0,fc67b5b9a2d8c823e29b2d5c2dd6465388b731a6dccfb0feeb70cb674ab28be9,validation_004,1,3,441965561,7,,
19,3.8000000000000003,A,ramp,True,False,100.0,20.0,0,maintain,0.0,0.0,101.60000000000018,18.0,0,0,maintain-maintain,0.05619688332080841,-0.043187107890844345,0.025637274608016014,0,0.05619688332080841,0.025637274608016014,0.030559608712792397,0.09938399121165276,"[true, true, true]",False,False,False,67008,0,fc67b5b9a2d8c823e29b2d5c2dd6465388b731a6dccfb0feeb70cb674ab28be9,validation_004,1,3,441965561,7,,
19,3.8000000000000003,B,mainline,True,False,101.60000000000018,18.0,0,maintain,0.0,0.0,100.0,20.0,0,0,maintain-maintain,0.17683741450309753,-0.021097704768180847,0.024245332926511765,0,0.17683741450309753,0.024245332926511765,0.15259208157658577,0.19793511927127838,"[true, true, true]",False,False,False,67008,0,fc67b5b9a2d8c823e29b2d5c2dd6465388b731a6dccfb0feeb70cb674ab28be9,validation_004,1,3,441965561,7,,
19,3.8000000000000003,B_front,background_mainline,True,,187.0,20.0,,,,,,,,,,,,,,,,,,,,,,67008,0,fc67b5b9a2d8c823e29b2d5c2dd6465388b731a6dccfb0feeb70cb674ab28be9,validation_004,1,3,441965561,7,,
19,3.8000000000000003,B_rear,background_mainline,True,,70.20325502942514,16.842529495198526,,,,,,,,,,,,,,,,,,,,,,67008,0,fc67b5b9a2d8c823e29b2d5c2dd6465388b731a6dccfb0feeb70cb674ab28be9,validation_004,1,3,441965561,7,,
20,4.0,A,ramp,True,False,104.0,20.0,0,maintain,0.0,0.0,105.2000000000002,18.0,0,0,maintain-maintain,0.05465114116668701,-0.04379405081272125,0.026696499437093735,0,0.05465114116668701,0.026696499437093735,0.027954641729593277,0.09844519197940826,"[true, true, true]",True,True,False,67008,0,fc67b5b9a2d8c823e29b2d5c2dd6465388b731a6dccfb0feeb70cb674ab28be9,validation_004,1,3,441965561,7,-4.121110011306627,0.0
20,4.0,B,mainline,True,False,105.2000000000002,18.0,0,maintain,0.0,0.0,104.0,20.0,0,0,maintain-maintain,0.17805013060569763,-0.021001100540161133,0.024304838851094246,0,0.17805013060569763,0.024304838851094246,0.15374529175460339,0.19905123114585876,"[true, true, true]",True,True,False,67008,0,fc67b5b9a2d8c823e29b2d5c2dd6465388b731a6dccfb0feeb70cb674ab28be9,validation_004,1,3,441965561,7,-4.121110011306627,0.0
20,4.0,B_front,background_mainline,True,,191.0,20.0,,,,,,,,,,,,,,,,,,,,,,67008,0,fc67b5b9a2d8c823e29b2d5c2dd6465388b731a6dccfb0feeb70cb674ab28be9,validation_004,1,3,441965561,7,,
20,4.0,B_rear,background_mainline,True,,73.57178665238197,16.862808599820493,,,,,,,,,,,,,,,,,,,,,,67008,0,fc67b5b9a2d8c823e29b2d5c2dd6465388b731a6dccfb0feeb70cb674ab28be9,validation_004,1,3,441965561,7,,
0,0.0,A,mainline,True,False,38.4,16.0,0,maintain,0.0,0.0,32.0,20.0,0,0,maintain-maintain,0.045773088932037354,-0.0883670225739479,-0.02766154706478119,0,0.045773088932037354,-0.02766154706478119,0.07343463599681854,0.13414011150598526,"[true, true, true]",False,False,False,67008,0,fc67b5b9a2d8c823e29b2d5c2dd6465388b731a6dccfb0feeb70cb674ab28be9,validation_005,0,4,582213489,8,,
0,0.0,B,ramp,True,False,32.0,20.0,0,maintain,0.0,0.0,38.4,16.0,0,0,maintain-maintain,0.1254662126302719,-0.020824864506721497,-0.09127642959356308,0,0.1254662126302719,-0.020824864506721497,0.1462910771369934,0.216742642223835,"[true, true, true]",False,False,False,67008,0,fc67b5b9a2d8c823e29b2d5c2dd6465388b731a6dccfb0feeb70cb674ab28be9,validation_005,0,4,582213489,8,,
0,0.0,B_front,background_mainline,True,,106.0,20.0,,,,,,,,,,,,,,,,,,,,,,67008,0,fc67b5b9a2d8c823e29b2d5c2dd6465388b731a6dccfb0feeb70cb674ab28be9,validation_005,0,4,582213489,8,,
0,0.0,B_rear,background_mainline,True,,16.68,18.799999999999997,,,,,,,,,,,,,,,,,,,,,,67008,0,fc67b5b9a2d8c823e29b2d5c2dd6465388b731a6dccfb0feeb70cb674ab28be9,validation_005,0,4,582213489,8,,
1,0.2,A,mainline,True,False,41.59999999999999,16.0,0,maintain,0.0,0.0,36.0,20.0,0,0,maintain-maintain,0.04428870975971222,-0.08514446020126343,-0.025334149599075317,0,0.04428870975971222,-0.025334149599075317,0.06962285935878754,0.12943316996097565,"[true, true, true]",False,False,False,67008,0,fc67b5b9a2d8c823e29b2d5c2dd6465388b731a6dccfb0feeb70cb674ab28be9,validation_005,0,4,582213489,8,,
1,0.2,B,ramp,True,False,36.0,20.0,0,maintain,0.0,0.0,41.59999999999999,16.0,0,0,maintain-maintain,0.12617874145507812,-0.02082962542772293,-0.09005013108253479,0,0.12617874145507812,-0.02082962542772293,0.14700836688280106,0.21622887253761292,"[true, true, true]",False,False,False,67008,0,fc67b5b9a2d8c823e29b2d5c2dd6465388b731a6dccfb0feeb70cb674ab28be9,validation_005,0,4,582213489,8,,
1,0.2,B_front,background_mainline,True,,110.0,20.0,,,,,,,,,,,,,,,,,,,,,,67008,0,fc67b5b9a2d8c823e29b2d5c2dd6465388b731a6dccfb0feeb70cb674ab28be9,validation_005,0,4,582213489,8,,
1,0.2,B_rear,background_mainline,True,,20.32084991092236,17.633996436894353,,,,,,,,,,,,,,,,,,,,,,67008,0,fc67b5b9a2d8c823e29b2d5c2dd6465388b731a6dccfb0feeb70cb674ab28be9,validation_005,0,4,582213489,8,,
2,0.4,A,mainline,True,False,44.799999999999976,16.0,0,maintain,0.0,0.0,40.0,20.0,0,0,maintain-maintain,0.04280277341604233,-0.08196412771940231,-0.02301829308271408,0,0.04280277341604233,-0.02301829308271408,0.06582106649875641,0.12476690113544464,"[true, true, true]",False,False,False,67008,0,fc67b5b9a2d8c823e29b2d5c2dd6465388b731a6dccfb0feeb70cb674ab28be9,validation_005,0,4,582213489,8,,
2,0.4,B,ramp,True,False,40.0,20.0,0,maintain,0.0,0.0,44.799999999999976,16.0,0,0,maintain-maintain,0.1269131898880005,-0.020862102508544922,-0.08886375278234482,0,0.1269131898880005,-0.020862102508544922,0.1477752923965454,0.2157769426703453,"[true, true, true]",False,False,False,67008,0,fc67b5b9a2d8c823e29b2d5c2dd6465388b731a6dccfb0feeb70cb674ab28be9,validation_005,0,4,582213489,8,,
2,0.4,B_front,background_mainline,True,,114.0,20.0,,,,,,,,,,,,,,,,,,,,,,67008,0,fc67b5b9a2d8c823e29b2d5c2dd6465388b731a6dccfb0feeb70cb674ab28be9,validation_005,0,4,582213489,8,,
2,0.4,B_rear,background_mainline,True,,23.76055685764985,16.815144009073002,,,,,,,,,,,,,,,,,,,,,,67008,0,fc67b5b9a2d8c823e29b2d5c2dd6465388b731a6dccfb0feeb70cb674ab28be9,validation_005,0,4,582213489,8,,
3,0.6000000000000001,A,mainline,True,False,47.999999999999964,16.0,0,maintain,0.0,0.0,44.0,20.0,0,0,maintain-maintain,0.04145469516515732,-0.07935983687639236,-0.021166376769542694,0,0.04145469516515732,-0.021166376769542694,0.06262107193470001,0.12081453204154968,"[true, true, true]",False,False,False,67008,0,fc67b5b9a2d8c823e29b2d5c2dd6465388b731a6dccfb0feeb70cb674ab28be9,validation_005,0,4,582213489,8,,
3,0.6000000000000001,B,ramp,True,False,44.0,20.0,0,maintain,0.0,0.0,47.999999999999964,16.0,0,0,maintain-maintain,0.12777842581272125,-0.02086712419986725,-0.08790713548660278,0,0.12777842581272125,-0.02086712419986725,0.1486455500125885,0.21568556129932404,"[true, true, true]",False,False,False,67008,0,fc67b5b9a2d8c823e29b2d5c2dd6465388b731a6dccfb0feeb70cb674ab28be9,validation_005,0,4,582213489,8,,
3,0.6000000000000001,B_front,background_mainline,True,,118.0,20.0,,,,,,,,,,,,,,,,,,,,,,67008,0,fc67b5b9a2d8c823e29b2d5c2dd6465388b731a6dccfb0feeb70cb674ab28be9,validation_005,0,4,582213489,8,,
3,0.6000000000000001,B_rear,background_mainline,True,,27.064354151939316,16.253204911824554,,,,,,,,,,,,,,,,,,,,,,67008,0,fc67b5b9a2d8c823e29b2d5c2dd6465388b731a6dccfb0feeb70cb674ab28be9,validation_005,0,4,582213489,8,,
4,0.8,A,mainline,True,False,51.19999999999995,16.0,0,maintain,0.0,0.0,48.0,20.0,0,0,maintain-maintain,0.04016298055648804,-0.07771554589271545,-0.019750237464904785,0,0.04016298055648804,-0.019750237464904785,0.05991321802139282,0.11787852644920349,"[true, true, true]",False,False,False,67008,0,fc67b5b9a2d8c823e29b2d5c2dd6465388b731a6dccfb0feeb70cb674ab28be9,validation_005,0,4,582213489,8,,
4,0.8,B,ramp,True,False,48.0,20.0,0,maintain,0.0,0.0,51.19999999999995,16.0,0,0,maintain-maintain,0.12871664762496948,-0.020811140537261963,-0.08713443577289581,0,0.12871664762496948,-0.020811140537261963,0.14952778816223145,0.2158510833978653,"[true, true, true]",False,False,False,67008,0,fc67b5b9a2d8c823e29b2d5c2dd6465388b731a6dccfb0feeb70cb674ab28be9,validation_005,0,4,582213489,8,,
4,0.8,B_front,background_mainline,True,,122.0,20.0,,,,,,,,,,,,,,,,,,,,,,67008,0,fc67b5b9a2d8c823e29b2d5c2dd6465388b731a6dccfb0feeb70cb674ab28be9,validation_005,0,4,582213489,8,,
4,0.8,B_rear,background_mainline,True,,30.272542440013506,15.848224001625413,,,,,,,,,,,,,,,,,,,,,,67008,0,fc67b5b9a2d8c823e29b2d5c2dd6465388b731a6dccfb0feeb70cb674ab28be9,validation_005,0,4,582213489,8,,
5,1.0,A,mainline,True,False,54.39999999999994,16.0,0,maintain,0.0,0.0,52.0,20.0,0,0,maintain-maintain,0.039026737213134766,-0.07642735540866852,-0.01855631172657013,0,0.039026737213134766,-0.01855631172657013,0.057583048939704895,0.11545409262180328,"[true, true, true]",False,False,False,67008,0,fc67b5b9a2d8c823e29b2d5c2dd6465388b731a6dccfb0feeb70cb674ab28be9,validation_005,0,4,582213489,8,,
5,1.0,B,ramp,True,False,52.0,20.0,0,maintain,0.0,0.0,54.39999999999994,16.0,0,0,maintain-maintain,0.12950216233730316,-0.020352035760879517,-0.08653943240642548,0,0.12950216233730316,-0.020352035760879517,0.14985419809818268,0.21604159474372864,"[true, true, true]",False,False,False,67008,0,fc67b5b9a2d8c823e29b2d5c2dd6465388b731a6dccfb0feeb70cb674ab28be9,validation_005,0,4,582213489,8,,
5,1.0,B_front,background_mainline,True,,126.0,20.0,,,,,,,,,,,,,,,,,,,,,,67008,0,fc67b5b9a2d8c823e29b2d5c2dd6465388b731a6dccfb0feeb70cb674ab28be9,validation_005,0,4,582213489,8,,
5,1.0,B_rear,background_mainline,True,,33.410763451653374,15.547406498688567,,,,,,,,,,,,,,,,,,,,,,67008,0,fc67b5b9a2d8c823e29b2d5c2dd6465388b731a6dccfb0feeb70cb674ab28be9,validation_005,0,4,582213489,8,,
6,1.2000000000000002,A,mainline,True,False,57.59999999999993,16.0,0,maintain,0.0,0.0,56.0,20.0,0,0,maintain-maintain,0.03799796104431152,-0.07533300668001175,-0.017501696944236755,0,0.03799796104431152,-0.017501696944236755,0.05549965798854828,0.11333096772432327,"[true, true, true]",False,False,False,67008,0,fc67b5b9a2d8c823e29b2d5c2dd6465388b731a6dccfb0feeb70cb674ab28be9,validation_005,0,4,582213489,8,,
6,1.2000000000000002,B,ramp,True,False,56.0,20.0,0,maintain,0.0,0.0,57.59999999999993,16.0,0,0,maintain-maintain,0.12981826066970825,-0.020230963826179504,-0.0860186517238617,0,0.12981826066970825,-0.020230963826179504,0.15004922449588776,0.21583691239356995,"[true, true, true]",False,False,False,67008,0,fc67b5b9a2d8c823e29b2d5c2dd6465388b731a6dccfb0feeb70cb674ab28be9,validation_005,0,4,582213489,8,,
6,1.2000000000000002,B_front,background_mainline,True,,130.0,20.0,,,,,,,,,,,,,,,,,,,,,,67008,0,fc67b5b9a2d8c823e29b2d5c2dd6465388b731a6dccfb0feeb70cb674ab28be9,validation_005,0,4,582213489,8,,
6,1.2000000000000002,B_rear,background_mainline,True,,36.49650908699333,15.319697024324133,,,,,,,,,,,,,,,,,,,,,,67008,0,fc67b5b9a2d8c823e29b2d5c2dd6465388b731a6dccfb0feeb70cb674ab28be9,validation_005,0,4,582213489,8,,
7,1.4000000000000001,A,mainline,True,False,60.79999999999992,16.0,0,maintain,0.0,0.0,60.0,20.0,0,0,maintain-maintain,0.0369892418384552,-0.07441072911024094,-0.016527444124221802,0,0.0369892418384552,-0.016527444124221802,0.053516685962677,0.11139997094869614,"[true, true, true]",False,False,False,67008,0,fc67b5b9a2d8c823e29b2d5c2dd6465388b731a6dccfb0feeb70cb674ab28be9,validation_005,0,4,582213489,8,,
7,1.4000000000000001,B,ramp,True,False,60.0,20.0,0,maintain,0.0,0.0,60.79999999999992,16.0,0,0,maintain-maintain,0.12994831800460815,-0.02001039683818817,-0.08570606261491776,0,0.12994831800460815,-0.02001039683818817,0.14995871484279633,0.2156543806195259,"[true, true, true]",False,False,False,67008,0,fc67b5b9a2d8c823e29b2d5c2dd6465388b731a6dccfb0feeb70cb674ab28be9,validation_005,0,4,582213489,8,,
7,1.4000000000000001,B_front,background_mainline,True,,134.0,20.0,,,,,,,,,,,,,,,,,,,,,,67008,0,fc67b5b9a2d8c823e29b2d5c2dd6465388b731a6dccfb0feeb70cb674ab28be9,validation_005,0,4,582213489,8,,
7,1.4000000000000001,B_rear,background_mainline,True,,39.54230198562867,15.14540608994518,,,,,,,,,,,,,,,,,,,,,,67008,0,fc67b5b9a2d8c823e29b2d5c2dd6465388b731a6dccfb0feeb70cb674ab28be9,validation_005,0,4,582213489,8,,
8,1.6,A,mainline,True,False,63.99999999999991,16.0,0,maintain,0.0,0.0,64.0,20.0,0,0,maintain-maintain,0.034978993237018585,-0.07372662425041199,-0.015461280941963196,0,0.034978993237018585,-0.015461280941963196,0.05044027417898178,0.10870561748743057,"[true, true, true]",False,False,False,67008,0,fc67b5b9a2d8c823e29b2d5c2dd6465388b731a6dccfb0feeb70cb674ab28be9,validation_005,0,4,582213489,8,,
8,1.6,B,ramp,True,False,64.0,20.0,0,maintain,0.0,0.0,63.99999999999991,16.0,0,0,maintain-maintain,0.12941554188728333,-0.017976582050323486,-0.08627098798751831,0,0.12941554188728333,-0.017976582050323486,0.1473921239376068,0.21568652987480164,"[true, true, true]",False,False,False,67008,0,fc67b5b9a2d8c823e29b2d5c2dd6465388b731a6dccfb0feeb70cb674ab28be9,validation_005,0,4,582213489,8,,
8,1.6,B_front,background_mainline,True,,138.0,20.0,,,,,,,,,,,,,,,,,,,,,,67008,0,fc67b5b9a2d8c823e29b2d5c2dd6465388b731a6dccfb0feeb70cb674ab28be9,validation_005,0,4,582213489,8,,
8,1.6,B_rear,background_mainline,True,,42.55742906219087,15.011339484868996,,,,,,,,,,,,,,,,,,,,,,67008,0,fc67b5b9a2d8c823e29b2d5c2dd6465388b731a6dccfb0feeb70cb674ab28be9,validation_005,0,4,582213489,8,,
9,1.8,A,mainline,True,False,67.1999999999999,16.0,0,maintain,0.0,0.0,68.0,20.0,0,0,maintain-maintain,0.03278427571058273,-0.07315252721309662,-0.014408111572265625,0,0.03278427571058273,-0.014408111572265625,0.04719238728284836,0.10593680292367935,"[true, true, true]",False,False,False,67008,0,fc67b5b9a2d8c823e29b2d5c2dd6465388b731a6dccfb0feeb70cb674ab28be9,validation_005,0,4,582213489,8,,
9,1.8,B,ramp,True,False,68.0,20.0,0,maintain,0.0,0.0,67.1999999999999,16.0,0,0,maintain-maintain,0.12889263033866882,-0.015861064195632935,-0.08688923716545105,0,0.12889263033866882,-0.015861064195632935,0.14475369453430176,0.21578186750411987,"[true, true, true]",False,False,False,67008,0,fc67b5b9a2d8c823e29b2d5c2dd6465388b731a6dccfb0feeb70cb674ab28be9,validation_005,0,4,582213489,8,,
9,1.8,B_front,background_mainline,True,,142.0,20.0,,,,,,,,,,,,,,,,,,,,,,67008,0,fc67b5b9a2d8c823e29b2d5c2dd6465388b731a6dccfb0feeb70cb674ab28be9,validation_005,0,4,582213489,8,,
9,1.8,B_rear,background_mainline,True,,45.54896375678824,14.908270389754659,,,,,,,,,,,,,,,,,,,,,,67008,0,fc67b5b9a2d8c823e29b2d5c2dd6465388b731a6dccfb0feeb70cb674ab28be9,validation_005,0,4,582213489,8,,
10,2.0,A,mainline,True,False,70.39999999999989,16.0,0,maintain,0.0,0.0,72.0,20.0,0,0,maintain-maintain,0.03082786500453949,-0.07222491502761841,-0.013472944498062134,0,0.03082786500453949,-0.013472944498062134,0.044300809502601624,0.1030527800321579,"[true, true, true]",False,False,False,67008,0,fc67b5b9a2d8c823e29b2d5c2dd6465388b731a6dccfb0feeb70cb674ab28be9,validation_005,0,4,582213489,8,,
10,2.0,B,ramp,True,False,72.0,20.0,0,maintain,0.0,0.0,70.39999999999989,16.0,0,0,maintain-maintain,0.1284523904323578,-0.013919621706008911,-0.08737721294164658,0,0.1284523904323578,-0.013919621706008911,0.1423720121383667,0.21582960337400436,"[true, true, true]",False,False,False,67008,0,fc67b5b9a2d8c823e29b2d5c2dd6465388b731a6dccfb0feeb70cb674ab28be9,validation_005,0,4,582213489,8,,
10,2.0,B_front,background_mainline,True,,146.0,20.0,,,,,,,,,,,,,,,,,,,,,,67008,0,fc67b5b9a2d8c823e29b2d5c2dd6465388b731a6dccfb0feeb70cb674ab28be9,validation_005,0,4,582213489,8,,
10,2.0,B_rear,background_mainline,True,,48.52240598957687,14.829524320238427,,,,,,,,,,,,,,,,,,,,,,67008,0,fc67b5b9a2d8c823e29b2d5c2dd6465388b731a6dccfb0feeb70cb674ab28be9,validation_005,0,4,582213489,8,,
11,2.2,A,mainline,True,False,73.59999999999988,16.0,0,maintain,0.0,0.0,76.0,20.0,0,0,maintain-maintain,0.028890594840049744,-0.07134583592414856,-0.012573733925819397,0,0.028890594840049744,-0.012573733925819397,0.04146432876586914,0.1002364307641983,"[true, true, true]",False,False,False,67008,0,fc67b5b9a2d8c823e29b2d5c2dd6465388b731a6dccfb0feeb70cb674ab28be9,validation_005,0,4,582213489,8,,
11,2.2,B,ramp,True,False,76.0,20.0,0,maintain,0.0,0.0,73.59999999999988,16.0,0,0,maintain-maintain,0.12802907824516296,-0.011997930705547333,-0.08786546438932419,0,0.12802907824516296,-0.011997930705547333,0.1400270089507103,0.21589454263448715,"[true, true, true]",False,False,False,67008,0,fc67b5b9a2d8c823e29b2d5c2dd6465388b731a6dccfb0feeb70cb674ab28be9,validation_005,0,4,582213489,8,,
11,2.2,B_front,background_mainline,True,,150.0,20.0,,,,,,,,,,,,,,,,,,,,,,67008,0,fc67b5b9a2d8c823e29b2d5c2dd6465388b731a6dccfb0feeb70cb674ab28be9,validation_005,0,4,582213489,8,,
11,2.2,B_rear,background_mainline,True,,51.482102116434845,14.77013860856792,,,,,,,,,,,,,,,,,,,,,,67008,0,fc67b5b9a2d8c823e29b2d5c2dd6465388b731a6dccfb0feeb70cb674ab28be9,validation_005,0,4,582213489,8,,
12,2.4000000000000004,A,mainline,True,False,76.79999999999987,16.0,0,maintain,0.0,0.0,80.0,20.0,0,0,maintain-maintain,0.026968583464622498,-0.07050545513629913,-0.011703215539455414,0,0.026968583464622498,-0.011703215539455414,0.03867179900407791,0.09747403860092163,"[true, true, true]",False,False,False,67008,0,fc67b5b9a2d8c823e29b2d5c2dd6465388b731a6dccfb0feeb70cb674ab28be9,validation_005,0,4,582213489,8,,
12,2.4000000000000004,B,ramp,True,False,80.0,20.0,0,maintain,0.0,0.0,76.79999999999987,16.0,0,0,maintain-maintain,0.12765775620937347,-0.00984373688697815,-0.0878472700715065,0,0.12765775620937347,-0.00984373688697815,0.13750149309635162,0.21550502628087997,"[true, true, true]",False,False,False,67008,0,fc67b5b9a2d8c823e29b2d5c2dd6465388b731a6dccfb0feeb70cb674ab28be9,validation_005,0,4,582213489,8,,
12,2.4000000000000004,B_front,background_mainline,True,,154.0,20.0,,,,,,,,,,,,,,,,,,,,,,67008,0,fc67b5b9a2d8c823e29b2d5c2dd6465388b731a6dccfb0feeb70cb674ab28be9,validation_005,0,4,582213489,8,,
12,2.4000000000000004,B_rear,background_mainline,True,,54.43153124120051,14.72633866941052,,,,,,,,,,,,,,,,,,,,,,67008,0,fc67b5b9a2d8c823e29b2d5c2dd6465388b731a6dccfb0feeb70cb674ab28be9,validation_005,0,4,582213489,8,,
13,2.6,A,mainline,True,False,79.99999999999986,16.0,0,maintain,0.0,0.0,84.0,20.0,0,0,maintain-maintain,0.02505895495414734,-0.06969936192035675,-0.010858148336410522,0,0.02505895495414734,-0.010858148336410522,0.03591710329055786,0.09475831687450409,"[true, true, true]",False,False,False,67008,0,fc67b5b9a2d8c823e29b2d5c2dd6465388b731a6dccfb0feeb70cb674ab28be9,validation_005,0,4,582213489,8,,
13,2.6,B,ramp,True,False,84.0,20.0,0,maintain,0.0,0.0,79.99999999999986,16.0,0,0,maintain-maintain,0.1273530274629593,-0.00726376473903656,-0.08673674613237381,0,0.1273530274629593,-0.00726376473903656,0.13461679220199585,0.2140897735953331,"[true, true, true]",False,False,False,67008,0,fc67b5b9a2d8c823e29b2d5c2dd6465388b731a6dccfb0feeb70cb674ab28be9,validation_005,0,4,582213489,8,,
13,2.6,B_front,background_mainline,True,,158.0,20.0,,,,,,,,,,,,,,,,,,,,,,67008,0,fc67b5b9a2d8c823e29b2d5c2dd6465388b731a6dccfb0feeb70cb674ab28be9,validation_005,0,4,582213489,8,,
13,2.6,B_rear,background_mainline,True,,57.37350668656598,14.695198500098094,,,,,,,,,,,,,,,,,,,,,,67008,0,fc67b5b9a2d8c823e29b2d5c2dd6465388b731a6dccfb0feeb70cb674ab28be9,validation_005,0,4,582213489,8,,
14,2.8000000000000003,A,mainline,True,False,83.19999999999985,16.0,0,maintain,0.0,0.0,88.0,20.0,0,0,maintain-maintain,0.023246467113494873,-0.06910906732082367,-0.010173887014389038,0,0.023246467113494873,-0.010173887014389038,0.03342035412788391,0.09235553443431854,"[true, true, true]",False,False,False,67008,0,fc67b5b9a2d8c823e29b2d5c2dd6465388b731a6dccfb0feeb70cb674ab28be9,validation_005,0,4,582213489,8,,
14,2.8000000000000003,B,ramp,True,False,88.0,20.0,0,maintain,0.0,0.0,83.19999999999985,16.0,0,0,maintain-maintain,0.12790167331695557,-0.005122438073158264,-0.0869719535112381,0,0.12790167331695557,-0.005122438073158264,0.13302411139011383,0.21487362682819366,"[true, true, true]",False,False,False,67008,0,fc67b5b9a2d8c823e29b2d5c2dd6465388b731a6dccfb0feeb70cb674ab28be9,validation_005,0,4,582213489,8,,
14,2.8000000000000003,B_front,background_mainline,True,,162.0,20.0,,,,,,,,,,,,,,,,,,,,,,67008,0,fc67b5b9a2d8c823e29b2d5c2dd6465388b731a6dccfb0feeb70cb674ab28be9,validation_005,0,4,582213489,8,,
14,2.8000000000000003,B_rear,background_mainline,True,,60.31032159540981,14.674413169185362,,,,,,,,,,,,,,,,,,,,,,67008,0,fc67b5b9a2d8c823e29b2d5c2dd6465388b731a6dccfb0feeb70cb674ab28be9,validation_005,0,4,582213489,8,,
15,3.0,A,mainline,True,False,86.39999999999984,16.0,0,maintain,0.0,0.0,92.0,20.0,0,0,maintain-maintain,0.0216982364654541,-0.06878400593996048,-0.009622819721698761,0,0.0216982364654541,-0.009622819721698761,0.03132105618715286,0.09048224240541458,"[true, true, true]",False,False,False,67008,0,fc67b5b9a2d8c823e29b2d5c2dd6465388b731a6dccfb0feeb70cb674ab28be9,validation_005,0,4,582213489,8,,
15,3.0,B,ramp,True,False,92.0,20.0,0,maintain,0.0,0.0,86.39999999999984,16.0,0,0,maintain-maintain,0.12874329090118408,-0.0034015849232673645,-0.08709677308797836,0,0.12874329090118408,-0.0034015849232673645,0.13214487582445145,0.21584006398916245,"[true, true, true]",False,False,False,67008,0,fc67b5b9a2d8c823e29b2d5c2dd6465388b731a6dccfb0feeb70cb674ab28be9,validation_005,0,4,582213489,8,,
15,3.0,B_front,background_mainline,True,,166.0,20.0,,,,,,,,,,,,,,,,,,,,,,67008,0,fc67b5b9a2d8c823e29b2d5c2dd6465388b731a6dccfb0feeb70cb674ab28be9,validation_005,0,4,582213489,8,,
15,3.0,B_rear,background_mainline,True,,63.24385658297747,14.662141962490464,,,,,,,,,,,,,,,,,,,,,,67008,0,fc67b5b9a2d8c823e29b2d5c2dd6465388b731a6dccfb0feeb70cb674ab28be9,validation_005,0,4,582213489,8,,
16,3.2,A,mainline,True,False,89.59999999999982,16.0,0,maintain,0.0,0.0,96.0,20.0,0,0,maintain-maintain,0.020195476710796356,-0.06850668787956238,-0.009088493883609772,0,0.020195476710796356,-0.009088493883609772,0.029283970594406128,0.08870216459035873,"[true, true, true]",False,False,False,67008,0,fc67b5b9a2d8c823e29b2d5c2dd6465388b731a6dccfb0feeb70cb674ab28be9,validation_005,0,4,582213489,8,,
16,3.2,B,ramp,True,False,96.0,20.0,0,maintain,0.0,0.0,89.59999999999982,16.0,0,0,maintain-maintain,0.12975746393203735,-0.002036377787590027,-0.08716411888599396,0,0.12975746393203735,-0.002036377787590027,0.13179384171962738,0.2169215828180313,"[true, true, true]",False,False,False,67008,0,fc67b5b9a2d8c823e29b2d5c2dd6465388b731a6dccfb0feeb70cb674ab28be9,validation_005,0,4,582213489,8,,
16,3.2,B_front,background_mainline,True,,170.0,20.0,,,,,,,,,,,,,,,,,,,,,,67008,0,fc67b5b9a2d8c823e29b2d5c2dd6465388b731a6dccfb0feeb70cb674ab28be9,validation_005,0,4,582213489,8,,
16,3.2,B_rear,background_mainline,True,,66.17566091720816,14.656897553351971,,,,,,,,,,,,,,,,,,,,,,67008,0,fc67b5b9a2d8c823e29b2d5c2dd6465388b731a6dccfb0feeb70cb674ab28be9,validation_005,0,4,582213489,8,,
17,3.4000000000000004,A,mainline,True,False,92.79999999999981,16.0,0,maintain,0.0,0.0,100.0,20.0,0,0,maintain-maintain,0.01914699375629425,-0.06865298002958298,-0.008441120386123657,0,0.01914699375629425,-0.008441120386123657,0.027588114142417908,0.08779997378587723,"[true, true, true]",False,False,False,67008,0,fc67b5b9a2d8c823e29b2d5c2dd6465388b731a6dccfb0feeb70cb674ab28be9,validation_005,0,4,582213489,8,,
17,3.4000000000000004,B,ramp,True,False,100.0,20.0,0,maintain,0.0,0.0,92.79999999999981,16.0,0,0,maintain-maintain,0.13069140911102295,-0.000648990273475647,-0.08764703571796417,0,0.13069140911102295,-0.000648990273475647,0.1313403993844986,0.21833844482898712,"[true, true, true]",False,False,False,67008,0,fc67b5b9a2d8c823e29b2d5c2dd6465388b731a6dccfb0feeb70cb674ab28be9,validation_005,0,4,582213489,8,,
17,3.4000000000000004,B_front,background_mainline,True,,174.0,20.0,,,,,,,,,,,,,,,,,,,,,,67008,0,fc67b5b9a2d8c823e29b2d5c2dd6465388b731a6dccfb0feeb70cb674ab28be9,validation_005,0,4,582213489,8,,
17,3.4000000000000004,B_rear,background_mainline,True,,69.10701480119897,14.657465990696096,,,,,,,,,,,,,,,,,,,,,,67008,0,fc67b5b9a2d8c823e29b2d5c2dd6465388b731a6dccfb0feeb70cb674ab28be9,validation_005,0,4,582213489,8,,
18,3.6,A,mainline,True,False,95.9999999999998,16.0,0,maintain,0.0,0.0,104.0,20.0,0,0,maintain-maintain,0.018768146634101868,-0.06955874711275101,-0.00833694264292717,0,0.018768146634101868,-0.00833694264292717,0.027105089277029037,0.08832689374685287,"[true, true, true]",False,False,False,67008,0,fc67b5b9a2d8c823e29b2d5c2dd6465388b731a6dccfb0feeb70cb674ab28be9,validation_005,0,4,582213489,8,3.7211100113070614,
18,3.6,B,ramp,True,False,104.0,20.0,0,maintain,0.0,0.0,95.9999999999998,16.0,0,0,maintain-maintain,0.13164299726486206,0.0007462501525878906,-0.08812445402145386,0,0.13164299726486206,0.0007462501525878906,0.13089674711227417,0.21976745128631592,"[true, true, true]",False,False,False,67008,0,fc67b5b9a2d8c823e29b2d5c2dd6465388b731a6dccfb0feeb70cb674ab28be9,validation_005,0,4,582213489,8,3.7211100113070614,
18,3.6,B_front,background_mainline,True,,178.0,20.0,,,,,,,,,,,,,,,,,,,,,,67008,0,fc67b5b9a2d8c823e29b2d5c2dd6465388b731a6dccfb0feeb70cb674ab28be9,validation_005,0,4,582213489,8,,
18,3.6,B_rear,background_mainline,True,,72.03897788770404,14.662847827311545,,,,,,,,,,,,,,,,,,,,,,67008,0,fc67b5b9a2d8c823e29b2d5c2dd6465388b731a6dccfb0feeb70cb674ab28be9,validation_005,0,4,582213489,8,,
19,3.8000000000000003,A,mainline,True,False,99.19999999999979,16.0,0,maintain,0.0,0.0,108.0,20.0,0,0,maintain-maintain,0.04163344204425812,-0.0711614266037941,0.00533314049243927,0,0.04163344204425812,0.00533314049243927,0.03630030155181885,0.11279486864805222,"[true, true, true]",False,False,False,67008,0,fc67b5b9a2d8c823e29b2d5c2dd6465388b731a6dccfb0feeb70cb674ab28be9,validation_005,0,4,582213489,8,4.490400185418935,
19,3.8000000000000003,B,ramp,True,False,108.0,20.0,0,maintain,0.0,0.0,99.19999999999979,16.0,0,0,maintain-maintain,0.1644897758960724,0.013693578541278839,-0.0931304544210434,0,0.1644897758960724,0.013693578541278839,0.15079619735479355,0.2576202303171158,"[true, true, true]",False,False,False,67008,0,fc67b5b9a2d8c823e29b2d5c2dd6465388b731a6dccfb0feeb70cb674ab28be9,validation_005,0,4,582213489,8,4.490400185418935,
19,3.8000000000000003,B_front,background_mainline,True,,182.0,20.0,,,,,,,,,,,,,,,,,,,,,,67008,0,fc67b5b9a2d8c823e29b2d5c2dd6465388b731a6dccfb0feeb70cb674ab28be9,validation_005,0,4,582213489,8,,
19,3.8000000000000003,B_rear,background_mainline,True,,74.97242758050754,14.672214062655758,,,,,,,,,,,,,,,,,,,,,,67008,0,fc67b5b9a2d8c823e29b2d5c2dd6465388b731a6dccfb0feeb70cb674ab28be9,validation_005,0,4,582213489,8,,
20,4.0,A,mainline,True,False,102.39999999999978,16.0,0,maintain,0.0,0.0,112.0,20.0,0,0,maintain-maintain,0.04169358313083649,-0.07211029529571533,0.004704482853412628,0,0.04169358313083649,0.004704482853412628,0.03698910027742386,0.11380387842655182,"[true, true, true]",False,False,False,67008,0,fc67b5b9a2d8c823e29b2d5c2dd6465388b731a6dccfb0feeb70cb674ab28be9,validation_005,0,4,582213489,8,5.261653451641479,
20,4.0,B,ramp,True,False,112.0,20.0,0,maintain,0.0,0.0,102.39999999999978,16.0,0,0,maintain-maintain,0.16465076804161072,0.01536349207162857,-0.0948980376124382,0,0.16465076804161072,0.01536349207162857,0.14928727596998215,0.2595488056540489,"[true, true, true]",False,False,False,67008,0,fc67b5b9a2d8c823e29b2d5c2dd6465388b731a6dccfb0feeb70cb674ab28be9,validation_005,0,4,582213489,8,5.261653451641479,
20,4.0,B_front,background_mainline,True,,186.0,20.0,,,,,,,,,,,,,,,,,,,,,,67008,0,fc67b5b9a2d8c823e29b2d5c2dd6465388b731a6dccfb0feeb70cb674ab28be9,validation_005,0,4,582213489,8,,
20,4.0,B_rear,background_mainline,True,,77.90808963648631,14.68487266671984,,,,,,,,,,,,,,,,,,,,,,67008,0,fc67b5b9a2d8c823e29b2d5c2dd6465388b731a6dccfb0feeb70cb674ab28be9,validation_005,0,4,582213489,8,,
21,4.2,A,mainline,True,False,105.59999999999977,16.0,0,maintain,0.0,0.0,116.0,20.0,0,0,maintain-maintain,0.041752949357032776,-0.07305416464805603,0.004076384007930756,0,0.041752949357032776,0.004076384007930756,0.03767656534910202,0.1148071140050888,"[true, true, true]",False,False,False,67008,0,fc67b5b9a2d8c823e29b2d5c2dd6465388b731a6dccfb0feeb70cb674ab28be9,validation_005,0,4,582213489,8,6.0384097335651035,
21,4.2,B,ramp,True,False,116.0,20.0,0,maintain,0.0,0.0,105.59999999999977,16.0,0,0,maintain-maintain,0.16481466591358185,0.01703210175037384,-0.09666448086500168,0,0.16481466591358185,0.01703210175037384,0.147782564163208,0.2614791467785835,"[true, true, true]",False,False,False,67008,0,fc67b5b9a2d8c823e29b2d5c2dd6465388b731a6dccfb0feeb70cb674ab28be9,validation_005,0,4,582213489,8,6.0384097335651035,
21,4.2,B_front,background_mainline,True,,190.0,20.0,,,,,,,,,,,,,,,,,,,,,,67008,0,fc67b5b9a2d8c823e29b2d5c2dd6465388b731a6dccfb0feeb70cb674ab28be9,validation_005,0,4,582213489,8,,
21,4.2,B_rear,background_mainline,True,,80.84656287852293,14.700242791499189,,,,,,,,,,,,,,,,,,,,,,67008,0,fc67b5b9a2d8c823e29b2d5c2dd6465388b731a6dccfb0feeb70cb674ab28be9,validation_005,0,4,582213489,8,,
22,4.4,A,mainline,True,False,108.79999999999976,16.0,0,maintain,0.0,0.0,120.0,20.0,0,0,maintain-maintain,0.041773393750190735,-0.07397932559251785,0.003449074923992157,0,0.041773393750190735,0.003449074923992157,0.03832431882619858,0.11575271934270859,"[true, true, true]",False,False,False,67008,0,fc67b5b9a2d8c823e29b2d5c2dd6465388b731a6dccfb0feeb70cb674ab28be9,validation_005,0,4,582213489,8,6.8225995334051674,
22,4.4,B,ramp,True,False,120.0,20.0,0,maintain,0.0,0.0,108.79999999999976,16.0,0,0,maintain-maintain,0.16497628390789032,0.01869591325521469,-0.09842578321695328,0,0.16497628390789032,0.01869591325521469,0.14628037065267563,0.2634020671248436,"[true, true, true]",False,False,False,67008,0,fc67b5b9a2d8c823e29b2d5c2dd6465388b731a6dccfb0feeb70cb674ab28be9,validation_005,0,4,582213489,8,6.8225995334051674,
22,4.4,B_front,background_mainline,True,,194.0,20.0,,,,,,,,,,,,,,,,,,,,,,67008,0,fc67b5b9a2d8c823e29b2d5c2dd6465388b731a6dccfb0feeb70cb674ab28be9,validation_005,0,4,582213489,8,,
22,4.4,B_rear,background_mainline,True,,83.78833934418984,14.717834654839969,,,,,,,,,,,,,,,,,,,,,,67008,0,fc67b5b9a2d8c823e29b2d5c2dd6465388b731a6dccfb0feeb70cb674ab28be9,validation_005,0,4,582213489,8,,
23,4.6000000000000005,A,mainline,True,False,111.99999999999974,16.0,0,maintain,0.0,0.0,124.0,20.0,0,0,maintain-maintain,0.041736289858818054,-0.07487624138593674,0.0028265342116355896,0,0.041736289858818054,0.0028265342116355896,0.038909755647182465,0.11661253124475479,"[true, true, true]",False,False,False,67008,0,fc67b5b9a2d8c823e29b2d5c2dd6465388b731a6dccfb0feeb70cb674ab28be9,validation_005,0,4,582213489,8,7.6140464246074515,
23,4.6000000000000005,B,ramp,True,False,124.0,20.0,0,maintain,0.0,0.0,111.99999999999974,16.0,0,0,maintain-maintain,0.1646752953529358,0.0201321542263031,-0.0997748076915741,0,0.1646752953529358,0.0201321542263031,0.1445431411266327,0.2644501030445099,"[true, true, true]",False,False,False,67008,0,fc67b5b9a2d8c823e29b2d5c2dd6465388b731a6dccfb0feeb70cb674ab28be9,validation_005,0,4,582213489,8,7.6140464246074515,
23,4.6000000000000005,B_front,background_mainline,True,,198.0,20.0,,,,,,,,,,,,,,,,,,,,,,67008,0,fc67b5b9a2d8c823e29b2d5c2dd6465388b731a6dccfb0feeb70cb674ab28be9,validation_005,0,4,582213489,8,,
23,4.6000000000000005,B_rear,background_mainline,True,,86.73382085442388,14.737233669004388,,,,,,,,,,,,,,,,,,,,,,67008,0,fc67b5b9a2d8c823e29b2d5c2dd6465388b731a6dccfb0feeb70cb674ab28be9,validation_005,0,4,582213489,8,,
24,4.800000000000001,A,mainline,True,False,115.19999999999973,16.0,0,maintain,0.0,0.0,128.0,20.0,0,0,maintain-maintain,0.041775092482566833,-0.0757145881652832,0.0021844059228897095,0,0.041775092482566833,0.0021844059228897095,0.039590686559677124,0.11748968064785004,"[true, true, true]",False,False,False,67008,0,fc67b5b9a2d8c823e29b2d5c2dd6465388b731a6dccfb0feeb70cb674ab28be9,validation_005,0,4,582213489,8,8.410772018403236,
24,4.800000000000001,B,ramp,True,False,128.0,20.0,0,maintain,0.0,0.0,115.19999999999973,16.0,0,0,maintain-maintain,0.16459928452968597,0.021598853170871735,-0.10117559880018234,0,0.16459928452968597,0.021598853170871735,0.14300043135881424,0.2657748833298683,"[true, true, true]",False,False,False,67008,0,fc67b5b9a2d8c823e29b2d5c2dd6465388b731a6dccfb0feeb70cb674ab28be9,validation_005,0,4,582213489,8,8.410772018403236,
24,4.800000000000001,B_front,background_mainline,True,,202.0,20.0,,,,,,,,,,,,,,,,,,,,,,67008,0,fc67b5b9a2d8c823e29b2d5c2dd6465388b731a6dccfb0feeb70cb674ab28be9,validation_005,0,4,582213489,8,,
24,4.800000000000001,B_rear,background_mainline,True,,89.68333274326632,14.758087786803967,,,,,,,,,,,,,,,,,,,,,,67008,0,fc67b5b9a2d8c823e29b2d5c2dd6465388b731a6dccfb0feeb70cb674ab28be9,validation_005,0,4,582213489,8,,
25,5.0,A,mainline,True,False,118.39999999999972,16.0,0,maintain,0.0,0.0,132.0,20.0,0,0,maintain-maintain,0.04197528958320618,-0.07645329087972641,0.0014719963073730469,0,0.04197528958320618,0.0014719963073730469,0.04050329327583313,0.11842858046293259,"[true, true, true]",False,False,False,67008,0,fc67b5b9a2d8c823e29b2d5c2dd6465388b731a6dccfb0feeb70cb674ab28be9,validation_005,0,4,582213489,8,9.2101001371,
25,5.0,B,ramp,True,False,132.0,20.0,0,maintain,0.0,0.0,118.39999999999972,16.0,0,0,maintain-maintain,0.16450147330760956,0.02266503870487213,-0.10238167643547058,0,0.16450147330760956,0.02266503870487213,0.14183643460273743,0.26688314974308014,"[true, true, true]",False,False,False,67008,0,fc67b5b9a2d8c823e29b2d5c2dd6465388b731a6dccfb0feeb70cb674ab28be9,validation_005,0,4,582213489,8,9.2101001371,
25,5.0,B_front,background_mainline,True,,206.0,20.0,,,,,,,,,,,,,,,,,,,,,,67008,0,fc67b5b9a2d8c823e29b2d5c2dd6465388b731a6dccfb0feeb70cb674ab28be9,validation_005,0,4,582213489,8,,
25,5.0,B_rear,background_mainline,True,,92.63713531362761,14.780097315800283,,,,,,,,,,,,,,,,,,,,,,67008,0,fc67b5b9a2d8c823e29b2d5c2dd6465388b731a6dccfb0feeb70cb674ab28be9,validation_005,0,4,582213489,8,,
26,5.2,A,mainline,True,False,121.59999999999971,16.0,0,maintain,0.0,0.0,136.0,20.0,0,0,maintain-maintain,0.042314156889915466,-0.07721791416406631,0.000874638557434082,0,0.042314156889915466,0.000874638557434082,0.041439518332481384,0.11953207105398178,"[true, true, true]",False,False,False,67008,0,fc67b5b9a2d8c823e29b2d5c2dd6465388b731a6dccfb0feeb70cb674ab28be9,validation_005,0,4,582213489,8,10.010068760531738,
26,5.2,B,ramp,True,False,136.0,20.0,0,maintain,0.0,0.0,121.59999999999971,16.0,0,0,maintain-maintain,0.16437771916389465,0.023276224732398987,-0.10336645692586899,0,0.16437771916389465,0.023276224732398987,0.14110149443149567,0.26774417608976364,"[true, true, true]",False,False,False,67008,0,fc67b5b9a2d8c823e29b2d5c2dd6465388b731a6dccfb0feeb70cb674ab28be9,validation_005,0,4,582213489,8,10.010068760531738,
26,5.2,B_front,background_mainline,True,,210.0,20.0,,,,,,,,,,,,,,,,,,,,,,67008,0,fc67b5b9a2d8c823e29b2d5c2dd6465388b731a6dccfb0feeb70cb674ab28be9,validation_005,0,4,582213489,8,,
26,5.2,B_rear,background_mainline,True,,95.59543345473061,14.803006646542665,,,,,,,,,,,,,,,,,,,,,,67008,0,fc67b5b9a2d8c823e29b2d5c2dd6465388b731a6dccfb0feeb70cb674ab28be9,validation_005,0,4,582213489,8,,
27,5.4,A,mainline,True,False,124.7999999999997,16.0,0,maintain,0.0,0.0,140.0,20.0,0,0,maintain-maintain,0.04299811273813248,-0.07815399765968323,0.0004868432879447937,0,0.04299811273813248,0.0004868432879447937,0.04251126945018768,0.1211521103978157,"[true, true, true]",False,False,False,67008,0,fc67b5b9a2d8c823e29b2d5c2dd6465388b731a6dccfb0feeb70cb674ab28be9,validation_005,0,4,582213489,8,10.810068760524189,
27,5.4,B,ramp,True,False,140.0,20.0,0,maintain,0.0,0.0,124.7999999999997,16.0,0,0,maintain-maintain,0.1642574667930603,0.02388748526573181,-0.1043533980846405,0,0.1642574667930603,0.02388748526573181,0.1403699815273285,0.2686108648777008,"[true, true, true]",False,False,False,67008,0,fc67b5b9a2d8c823e29b2d5c2dd6465388b731a6dccfb0feeb70cb674ab28be9,validation_005,0,4,582213489,8,10.810068760524189,
27,5.4,B_front,background_mainline,True,,214.0,20.0,,,,,,,,,,,,,,,,,,,,,,67008,0,fc67b5b9a2d8c823e29b2d5c2dd6465388b731a6dccfb0feeb70cb674ab28be9,validation_005,0,4,582213489,8,,
27,5.4,B_rear,background_mainline,True,,98.55838476075411,14.826597480382203,,,,,,,,,,,,,,,,,,,,,,67008,0,fc67b5b9a2d8c823e29b2d5c2dd6465388b731a6dccfb0feeb70cb674ab28be9,validation_005,0,4,582213489,8,,
28,5.6000000000000005,A,mainline,True,False,127.99999999999969,16.0,0,maintain,0.0,0.0,144.0,20.0,0,0,maintain-maintain,0.04382859915494919,-0.07924079895019531,0.0001289471983909607,0,0.04382859915494919,0.0001289471983909607,0.04369965195655823,0.1230693981051445,"[true, true, true]",False,False,False,67008,0,fc67b5b9a2d8c823e29b2d5c2dd6465388b731a6dccfb0feeb70cb674ab28be9,validation_005,0,4,582213489,8,11.610068760524143,
28,5.6000000000000005,B,ramp,True,False,144.0,20.0,0,maintain,0.0,0.0,127.99999999999969,16.0,0,0,maintain-maintain,0.16445165872573853,0.024177059531211853,-0.10497380793094635,0,0.16445165872573853,0.024177059531211853,0.14027459919452667,0.2694254666566849,"[true, true, true]",False,False,False,67008,0,fc67b5b9a2d8c823e29b2d5c2dd6465388b731a6dccfb0feeb70cb674ab28be9,validation_005,0,4,582213489,8,11.610068760524143,
28,5.6000000000000005,B_front,background_mainline,True,,218.0,20.0,,,,,,,,,,,,,,,,,,,,,,67008,0,fc67b5b9a2d8c823e29b2d5c2dd6465388b731a6dccfb0feeb70cb674ab28be9,validation_005,0,4,582213489,8,,
28,5.6000000000000005,B_rear,background_mainline,True,,101.52610641790288,14.850683243359098,,,,,,,,,,,,,,,,,,,,,,67008,0,fc67b5b9a2d8c823e29b2d5c2dd6465388b731a6dccfb0feeb70cb674ab28be9,validation_005,0,4,582213489,8,,
29,5.800000000000001,A,mainline,True,False,131.19999999999973,16.0,0,maintain,0.0,0.0,148.0,20.0,0,0,maintain-maintain,0.04544221609830856,-0.08089305460453033,-0.0008925050497055054,0,0.04544221609830856,-0.0008925050497055054,0.04633472114801407,0.1263352707028389,"[true, true, true]",False,False,False,67008,0,fc67b5b9a2d8c823e29b2d5c2dd6465388b731a6dccfb0feeb70cb674ab28be9,validation_005,0,4,582213489,8,12.410068760524098,
29,5.800000000000001,B,ramp,True,False,148.0,20.0,0,maintain,0.0,0.0,131.19999999999973,16.0,0,0,maintain-maintain,0.16500747203826904,0.02402801811695099,-0.10515043884515762,0,0.16500747203826904,0.02402801811695099,0.14097945392131805,0.27015791088342667,"[true, true, true]",False,False,False,67008,0,fc67b5b9a2d8c823e29b2d5c2dd6465388b731a6dccfb0feeb70cb674ab28be9,validation_005,0,4,582213489,8,12.410068760524098,
29,5.800000000000001,B_front,background_mainline,True,,222.0,20.0,,,,,,,,,,,,,,,,,,,,,,67008,0,fc67b5b9a2d8c823e29b2d5c2dd6465388b731a6dccfb0feeb70cb674ab28be9,validation_005,0,4,582213489,8,,
29,5.800000000000001,B_rear,background_mainline,True,,104.49868107217276,14.875104446568573,,,,,,,,,,,,,,,,,,,,,,67008,0,fc67b5b9a2d8c823e29b2d5c2dd6465388b731a6dccfb0feeb70cb674ab28be9,validation_005,0,4,582213489,8,,
30,6.0,A,mainline,True,False,134.39999999999978,16.0,0,maintain,0.0,0.0,152.0,20.0,0,0,maintain-maintain,0.046867936849594116,-0.08278698474168777,-0.0028968900442123413,0,0.046867936849594116,-0.0028968900442123413,0.04976482689380646,0.1296549215912819,"[true, true, true]",False,False,False,67008,0,fc67b5b9a2d8c823e29b2d5c2dd6465388b731a6dccfb0feeb70cb674ab28be9,validation_005,0,4,582213489,8,13.210068760524052,
30,6.0,B,ramp,True,False,152.0,20.0,0,maintain,0.0,0.0,134.39999999999978,16.0,0,0,maintain-maintain,0.16554245352745056,0.023707076907157898,-0.10532468557357788,0,0.16554245352745056,0.023707076907157898,0.14183537662029266,0.27086713910102844,"[true, true, true]",False,False,False,67008,0,fc67b5b9a2d8c823e29b2d5c2dd6465388b731a6dccfb0feeb70cb674ab28be9,validation_005,0,4,582213489,8,13.210068760524052,
30,6.0,B_front,background_mainline,True,,226.0,20.0,,,,,,,,,,,,,,,,,,,,,,67008,0,fc67b5b9a2d8c823e29b2d5c2dd6465388b731a6dccfb0feeb70cb674ab28be9,validation_005,0,4,582213489,8,,
30,6.0,B_rear,background_mainline,True,,107.4761618478841,14.89972480812078,,,,,,,,,,,,,,,,,,,,,,67008,0,fc67b5b9a2d8c823e29b2d5c2dd6465388b731a6dccfb0feeb70cb674ab28be9,validation_005,0,4,582213489,8,,
31,6.2,A,mainline,True,False,137.59999999999982,16.0,0,maintain,0.0,0.0,156.0,20.0,0,0,maintain-maintain,0.04829467087984085,-0.08468174934387207,-0.004903335124254227,0,0.04829467087984085,-0.004903335124254227,0.05319800600409508,0.13297642022371292,"[true, true, true]",False,False,False,67008,0,fc67b5b9a2d8c823e29b2d5c2dd6465388b731a6dccfb0feeb70cb674ab28be9,validation_005,0,4,582213489,8,14.010068760524007,
31,6.2,B,ramp,True,False,156.0,20.0,0,maintain,0.0,0.0,137.59999999999982,16.0,0,0,maintain-maintain,0.1660628467798233,0.023408599197864532,-0.10548751056194305,0,0.1660628467798233,0.023408599197864532,0.14265424758195877,0.27155035734176636,"[true, true, true]",False,False,False,67008,0,fc67b5b9a2d8c823e29b2d5c2dd6465388b731a6dccfb0feeb70cb674ab28be9,validation_005,0,4,582213489,8,14.010068760524007,
31,6.2,B_front,background_mainline,True,,230.0,20.0,,,,,,,,,,,,,,,,,,,,,,67008,0,fc67b5b9a2d8c823e29b2d5c2dd6465388b731a6dccfb0feeb70cb674ab28be9,validation_005,0,4,582213489,8,,
31,6.2,B_rear,background_mainline,True,,110.45857665435368,14.924427992730175,,,,,,,,,,,,,,,,,,,,,,67008,0,fc67b5b9a2d8c823e29b2d5c2dd6465388b731a6dccfb0feeb70cb674ab28be9,validation_005,0,4,582213489,8,,
32,6.4,A,mainline,True,False,140.79999999999987,16.0,0,maintain,0.0,0.0,160.0,20.0,0,0,maintain-maintain,0.049722276628017426,-0.08657732605934143,-0.006911721080541611,0,0.049722276628017426,-0.006911721080541611,0.056633997708559036,0.13629960268735886,"[true, true, true]",False,False,False,67008,0,fc67b5b9a2d8c823e29b2d5c2dd6465388b731a6dccfb0feeb70cb674ab28be9,validation_005,0,4,582213489,8,14.810068760523961,
32,6.4,B,ramp,True,False,160.0,20.0,0,maintain,0.0,0.0,140.79999999999987,16.0,0,0,maintain-maintain,0.16657432913780212,0.02312380075454712,-0.10564332455396652,0,0.16657432913780212,0.02312380075454712,0.143450528383255,0.27221765369176865,"[true, true, true]",False,False,False,67008,0,fc67b5b9a2d8c823e29b2d5c2dd6465388b731a6dccfb0feeb70cb674ab28be9,validation_005,0,4,582213489,8,14.810068760523961,
32,6.4,B_front,background_mainline,True,,234.0,20.0,,,,,,,,,,,,,,,,,,,,,,67008,0,fc67b5b9a2d8c823e29b2d5c2dd6465388b731a6dccfb0feeb70cb674ab28be9,validation_005,0,4,582213489,8,,
32,6.4,B_rear,background_mainline,True,,113.44593189250566,14.949114855872248,,,,,,,,,,,,,,,,,,,,,,67008,0,fc67b5b9a2d8c823e29b2d5c2dd6465388b731a6dccfb0feeb70cb674ab28be9,validation_005,0,4,582213489,8,,
33,6.6000000000000005,A,mainline,True,False,143.99999999999991,16.0,0,maintain,0.0,0.0,164.0,20.0,0,0,maintain-maintain,0.05114562809467316,-0.08845913410186768,-0.008917532861232758,0,0.05114562809467316,-0.008917532861232758,0.060063160955905914,0.13960476219654083,"[true, true, true]",False,False,False,67008,0,fc67b5b9a2d8c823e29b2d5c2dd6465388b731a6dccfb0feeb70cb674ab28be9,validation_005,0,4,582213489,8,15.610068760523916,
33,6.6000000000000005,B,ramp,True,False,164.0,20.0,0,maintain,0.0,0.0,143.99999999999991,16.0,0,0,maintain-maintain,0.16674154996871948,0.022751130163669586,-0.10599932074546814,0,0.16674154996871948,0.022751130163669586,0.1439904198050499,0.2727408707141876,"[true, true, true]",False,False,False,67008,0,fc67b5b9a2d8c823e29b2d5c2dd6465388b731a6dccfb0feeb70cb674ab28be9,validation_005,0,4,582213489,8,15.610068760523916,
33,6.6000000000000005,B_front,background_mainline,True,,238.0,20.0,,,,,,,,,,,,,,,,,,,,,,67008,0,fc67b5b9a2d8c823e29b2d5c2dd6465388b731a6dccfb0feeb70cb674ab28be9,validation_005,0,4,582213489,8,,
33,6.6000000000000005,B_rear,background_mainline,True,,116.43821565306325,14.973701102995264,,,,,,,,,,,,,,,,,,,,,,67008,0,fc67b5b9a2d8c823e29b2d5c2dd6465388b731a6dccfb0feeb70cb674ab28be9,validation_005,0,4,582213489,8,,
34,6.800000000000001,A,mainline,True,False,147.19999999999996,16.0,0,maintain,0.0,0.0,168.0,20.0,0,0,maintain-maintain,0.05274997651576996,-0.09048517793416977,-0.011094346642494202,0,0.05274997651576996,-0.011094346642494202,0.06384432315826416,0.14323515444993973,"[true, true, true]",False,False,False,67008,0,fc67b5b9a2d8c823e29b2d5c2dd6465388b731a6dccfb0feeb70cb674ab28be9,validation_005,0,4,582213489,8,16.41006876052387,
34,6.800000000000001,B,ramp,True,False,168.0,20.0,0,maintain,0.0,0.0,147.19999999999996,16.0,0,0,maintain-maintain,0.16628718376159668,0.02304936945438385,-0.1054966002702713,0,0.16628718376159668,0.02304936945438385,0.14323781430721283,0.271783784031868,"[true, true, true]",False,False,False,67008,0,fc67b5b9a2d8c823e29b2d5c2dd6465388b731a6dccfb0feeb70cb674ab28be9,validation_005,0,4,582213489,8,16.41006876052387,
34,6.800000000000001,B_front,background_mainline,True,,242.0,20.0,,,,,,,,,,,,,,,,,,,,,,67008,0,fc67b5b9a2d8c823e29b2d5c2dd6465388b731a6dccfb0feeb70cb674ab28be9,validation_005,0,4,582213489,8,,
34,6.800000000000001,B_rear,background_mainline,True,,119.43540048194315,14.998115292374626,,,,,,,,,,,,,,,,,,,,,,67008,0,fc67b5b9a2d8c823e29b2d5c2dd6465388b731a6dccfb0feeb70cb674ab28be9,validation_005,0,4,582213489,8,,
35,7.0,A,mainline,True,False,150.4,16.0,0,maintain,0.0,0.0,172.0,20.0,0,0,maintain-maintain,0.05443604290485382,-0.09260350465774536,-0.013370074331760406,0,0.05443604290485382,-0.013370074331760406,0.06780611723661423,0.14703954756259918,"[true, true, true]",False,False,False,67008,0,fc67b5b9a2d8c823e29b2d5c2dd6465388b731a6dccfb0feeb70cb674ab28be9,validation_005,0,4,582213489,8,17.210068760523825,
35,7.0,B,ramp,True,False,172.0,20.0,0,maintain,0.0,0.0,150.4,16.0,0,0,maintain-maintain,0.1651960164308548,0.023992568254470825,-0.10498562455177307,0,0.1651960164308548,0.023992568254470825,0.14120344817638397,0.27018164098262787,"[true, true, true]",False,False,False,67008,0,fc67b5b9a2d8c823e29b2d5c2dd6465388b731a6dccfb0feeb70cb674ab28be9,validation_005,0,4,582213489,8,17.210068760523825,
35,7.0,B_front,background_mainline,True,,246.0,20.0,,,,,,,,,,,,,,,,,,,,,,67008,0,fc67b5b9a2d8c823e29b2d5c2dd6465388b731a6dccfb0feeb70cb674ab28be9,validation_005,0,4,582213489,8,,
35,7.0,B_rear,background_mainline,True,,122.43744577564956,15.022297124221161,,,,,,,,,,,,,,,,,,,,,,67008,0,fc67b5b9a2d8c823e29b2d5c2dd6465388b731a6dccfb0feeb70cb674ab28be9,validation_005,0,4,582213489,8,,
36,7.2,A,mainline,True,False,153.60000000000005,16.0,0,maintain,0.0,0.0,176.0,20.0,0,0,maintain-maintain,0.056117184460163116,-0.09473740309476852,-0.015624038875102997,0,0.056117184460163116,-0.015624038875102997,0.07174122333526611,0.15085458755493164,"[true, true, true]",False,False,False,67008,0,fc67b5b9a2d8c823e29b2d5c2dd6465388b731a6dccfb0feeb70cb674ab28be9,validation_005,0,4,582213489,8,18.01006876052378,
36,7.2,B,ramp,True,False,176.0,20.0,0,maintain,0.0,0.0,153.60000000000005,16.0,0,0,maintain-maintain,0.16430923342704773,0.025104381144046783,-0.1043308898806572,0,0.16430923342704773,0.025104381144046783,0.13920485228300095,0.2686401233077049,"[true, true, true]",False,False,False,67008,0,fc67b5b9a2d8c823e29b2d5c2dd6465388b731a6dccfb0feeb70cb674ab28be9,validation_005,0,4,582213489,8,18.01006876052378,
36,7.2,B_front,background_mainline,True,,250.0,20.0,,,,,,,,,,,,,,,,,,,,,,67008,0,fc67b5b9a2d8c823e29b2d5c2dd6465388b731a6dccfb0feeb70cb674ab28be9,validation_005,0,4,582213489,8,,
36,7.2,B_rear,background_mainline,True,,125.44429985912409,15.04619596960372,,,,,,,,,,,,,,,,,,,,,,67008,0,fc67b5b9a2d8c823e29b2d5c2dd6465388b731a6dccfb0feeb70cb674ab28be9,validation_005,0,4,582213489,8,,
37,7.4,A,mainline,True,False,156.8000000000001,16.0,0,maintain,0.0,0.0,180.0,20.0,0,0,maintain-maintain,0.0577784925699234,-0.09692762792110443,-0.017791934311389923,0,0.0577784925699234,-0.017791934311389923,0.07557042688131332,0.15470612049102783,"[true, true, true]",False,False,False,67008,0,fc67b5b9a2d8c823e29b2d5c2dd6465388b731a6dccfb0feeb70cb674ab28be9,validation_005,0,4,582213489,8,18.810068760523734,
37,7.4,B,ramp,True,False,180.0,20.0,0,maintain,0.0,0.0,156.8000000000001,16.0,0,0,maintain-maintain,0.16382867097854614,0.026265248656272888,-0.10367295145988464,0,0.16382867097854614,0.026265248656272888,0.13756342232227325,0.2675016224384308,"[true, true, true]",False,False,False,67008,0,fc67b5b9a2d8c823e29b2d5c2dd6465388b731a6dccfb0feeb70cb674ab28be9,validation_005,0,4,582213489,8,18.810068760523734,
37,7.4,B_front,background_mainline,True,,254.0,20.0,,,,,,,,,,,,,,,,,,,,,,67008,0,fc67b5b9a2d8c823e29b2d5c2dd6465388b731a6dccfb0feeb70cb674ab28be9,validation_005,0,4,582213489,8,,
37,7.4,B_rear,background_mainline,True,,128.45590179011162,15.069769601356915,,,,,,,,,,,,,,,,,,,,,,67008,0,fc67b5b9a2d8c823e29b2d5c2dd6465388b731a6dccfb0feeb70cb674ab28be9,validation_005,0,4,582213489,8,,
38,7.6000000000000005,A,mainline,True,False,160.00000000000014,16.0,0,maintain,0.0,0.0,184.0,20.0,0,0,maintain-maintain,0.05849701911211014,-0.09772391617298126,-0.019898325204849243,0,0.05849701911211014,-0.019898325204849243,0.07839534431695938,0.1562209352850914,"[true, true, true]",False,False,False,67008,0,fc67b5b9a2d8c823e29b2d5c2dd6465388b731a6dccfb0feeb70cb674ab28be9,validation_005,0,4,582213489,8,19.61006876052369,
38,7.6000000000000005,B,ramp,True,False,184.0,20.0,0,maintain,0.0,0.0,160.00000000000014,16.0,0,0,maintain-maintain,0.16354221105575562,0.026767224073410034,-0.10264204442501068,0,0.16354221105575562,0.026767224073410034,0.13677498698234558,0.2661842554807663,"[true, true, true]",False,False,False,67008,0,fc67b5b9a2d8c823e29b2d5c2dd6465388b731a6dccfb0feeb70cb674ab28be9,validation_005,0,4,582213489,8,19.61006876052369,
38,7.6000000000000005,B_front,background_mainline,True,,258.0,20.0,,,,,,,,,,,,,,,,,,,,,,67008,0,fc67b5b9a2d8c823e29b2d5c2dd6465388b731a6dccfb0feeb70cb674ab28be9,validation_005,0,4,582213489,8,,
38,7.6000000000000005,B_rear,background_mainline,True,,131.47218292724423,15.092983095963737,,,,,,,,,,,,,,,,,,,,,,67008,0,fc67b5b9a2d8c823e29b2d5c2dd6465388b731a6dccfb0feeb70cb674ab28be9,validation_005,0,4,582213489,8,,
39,7.800000000000001,A,mainline,True,False,163.2000000000002,16.0,0,maintain,0.0,0.0,188.0,20.0,0,0,maintain-maintain,0.05867408215999603,-0.09832269698381424,-0.021952830255031586,0,0.05867408215999603,-0.021952830255031586,0.08062691241502762,0.15699677914381027,"[true, true, true]",False,False,False,67008,0,fc67b5b9a2d8c823e29b2d5c2dd6465388b731a6dccfb0feeb70cb674ab28be9,validation_005,0,4,582213489,8,20.410068760523643,
39,7.800000000000001,B,ramp,True,False,188.0,20.0,0,maintain,0.0,0.0,163.2000000000002,16.0,0,0,maintain-maintain,0.1632084846496582,0.026866726577281952,-0.10140795260667801,0,0.1632084846496582,0.026866726577281952,0.13634175807237625,0.2646164372563362,"[true, true, true]",False,False,False,67008,0,fc67b5b9a2d8c823e29b2d5c2dd6465388b731a6dccfb0feeb70cb674ab28be9,validation_005,0,4,582213489,8,20.410068760523643,
39,7.800000000000001,B_front,background_mainline,True,,260.0,0.0,,,,,,,,,,,,,,,,,,,,,,67008,0,fc67b5b9a2d8c823e29b2d5c2dd6465388b731a6dccfb0feeb70cb674ab28be9,validation_005,0,4,582213489,8,,
39,7.800000000000001,B_rear,background_mainline,True,,134.493068293404,15.115807880838776,,,,,,,,,,,,,,,,,,,,,,67008,0,fc67b5b9a2d8c823e29b2d5c2dd6465388b731a6dccfb0feeb70cb674ab28be9,validation_005,0,4,582213489,8,,
40,8.0,A,mainline,True,False,166.40000000000023,16.0,0,maintain,0.0,0.0,192.0,20.0,0,0,maintain-maintain,0.0403246209025383,-0.10765764117240906,-0.04145747423171997,0,0.0403246209025383,-0.04145747423171997,0.08178209513425827,0.14798226207494736,"[true, true, true]",False,False,False,67008,0,fc67b5b9a2d8c823e29b2d5c2dd6465388b731a6dccfb0feeb70cb674ab28be9,validation_005,0,4,582213489,8,21.210068760523598,
40,8.0,B,ramp,True,False,192.0,20.0,0,maintain,0.0,0.0,166.40000000000023,16.0,0,0,maintain-maintain,0.14372487366199493,0.029423564672470093,-0.09602542221546173,0,0.14372487366199493,0.029423564672470093,0.11430130898952484,0.23975029587745667,"[true, true, true]",False,False,False,67008,0,fc67b5b9a2d8c823e29b2d5c2dd6465388b731a6dccfb0feeb70cb674ab28be9,validation_005,0,4,582213489,8,21.210068760523598,
40,8.0,B_front,background_mainline,True,,260.0,0.0,,,,,,,,,,,,,,,,,,,,,,67008,0,fc67b5b9a2d8c823e29b2d5c2dd6465388b731a6dccfb0feeb70cb674ab28be9,validation_005,0,4,582213489,8,,
40,8.0,B_rear,background_mainline,True,,137.5184777612636,15.138220905798965,,,,,,,,,,,,,,,,,,,,,,67008,0,fc67b5b9a2d8c823e29b2d5c2dd6465388b731a6dccfb0feeb70cb674ab28be9,validation_005,0,4,582213489,8,,
41,8.200000000000001,A,mainline,True,False,169.60000000000028,16.0,0,maintain,0.0,0.0,196.0,20.0,0,0,maintain-maintain,0.04032222926616669,-0.10783293843269348,-0.042717285454273224,0,0.04032222926616669,-0.042717285454273224,0.08303951472043991,0.14815516769886017,"[true, true, true]",False,False,False,67008,0,fc67b5b9a2d8c823e29b2d5c2dd6465388b731a6dccfb0feeb70cb674ab28be9,validation_005,0,4,582213489,8,22.010068760523552,
41,8.200000000000001,B,ramp,True,False,196.0,20.0,0,maintain,0.0,0.0,169.60000000000028,16.0,0,0,maintain-maintain,0.14357134699821472,0.029327385127544403,-0.09607869386672974,0,0.14357134699821472,0.029327385127544403,0.11424396187067032,0.23965004086494446,"[true, true, true]",False,False,False,67008,0,fc67b5b9a2d8c823e29b2d5c2dd6465388b731a6dccfb0feeb70cb674ab28be9,validation_005,0,4,582213489,8,22.010068760523552,
41,8.200000000000001,B_front,background_mainline,True,,260.0,0.0,,,,,,,,,,,,,,,,,,,,,,67008,0,fc67b5b9a2d8c823e29b2d5c2dd6465388b731a6dccfb0feeb70cb674ab28be9,validation_005,0,4,582213489,8,,
41,8.200000000000001,B_rear,background_mainline,True,,140.54832708402242,15.160203921029645,,,,,,,,,,,,,,,,,,,,,,67008,0,fc67b5b9a2d8c823e29b2d5c2dd6465388b731a6dccfb0feeb70cb674ab28be9,validation_005,0,4,582213489,8,,
42,8.4,A,mainline,True,False,172.80000000000032,16.0,0,maintain,0.0,0.0,200.0,20.0,0,0,maintain-maintain,0.04001709073781967,-0.1077909767627716,-0.0439300611615181,0,0.04001709073781967,-0.0439300611615181,0.08394715189933777,0.14780806750059128,"[true, true, true]",False,False,False,67008,0,fc67b5b9a2d8c823e29b2d5c2dd6465388b731a6dccfb0feeb70cb674ab28be9,validation_005,0,4,582213489,8,22.810068760523507,
42,8.4,B,ramp,True,False,200.0,20.0,0,maintain,0.0,0.0,172.80000000000032,16.0,0,0,maintain-maintain,0.14341793954372406,0.029231451451778412,-0.09613104164600372,0,0.14341793954372406,0.029231451451778412,0.11418648809194565,0.23954898118972778,"[true, true, true]",False,False,False,67008,0,fc67b5b9a2d8c823e29b2d5c2dd6465388b731a6dccfb0feeb70cb674ab28be9,validation_005,0,4,582213489,8,22.810068760523507,
42,8.4,B_front,background_mainline,True,,260.0,0.0,,,,,,,,,,,,,,,,,,,,,,67008,0,fc67b5b9a2d8c823e29b2d5c2dd6465388b731a6dccfb0feeb70cb674ab28be9,validation_005,0,4,582213489,8,,
42,8.4,B_rear,background_mainline,True,,143.5825287911146,15.18174284671272,,,,,,,,,,,,,,,,,,,,,,67008,0,fc67b5b9a2d8c823e29b2d5c2dd6465388b731a6dccfb0feeb70cb674ab28be9,validation_005,0,4,582213489,8,,
43,8.6,A,mainline,True,False,176.00000000000037,16.0,0,maintain,0.0,0.0,204.0,20.0,0,0,maintain-maintain,0.03950431942939758,-0.10768921673297882,-0.04502470791339874,0,0.03950431942939758,-0.04502470791339874,0.08452902734279633,0.1471935361623764,"[true, true, true]",False,False,False,67008,0,fc67b5b9a2d8c823e29b2d5c2dd6465388b731a6dccfb0feeb70cb674ab28be9,validation_005,0,4,582213489,8,23.61006876052346,
43,8.6,B,ramp,True,False,204.0,20.0,0,maintain,0.0,0.0,176.00000000000037,16.0,0,0,maintain-maintain,0.14326466619968414,0.029135748744010925,-0.09618248045444489,0,0.14326466619968414,0.029135748744010925,0.11412891745567322,0.23944714665412903,"[true, true, true]",False,False,False,67008,0,fc67b5b9a2d8c823e29b2d5c2dd6465388b731a6dccfb0feeb70cb674ab28be9,validation_005,0,4,582213489,8,23.61006876052346,
43,8.6,B_front,background_mainline,True,,260.0,0.0,,,,,,,,,,,,,,,,,,,,,,67008,0,fc67b5b9a2d8c823e29b2d5c2dd6465388b731a6dccfb0feeb70cb674ab28be9,validation_005,0,4,582213489,8,,
43,8.6,B_rear,background_mainline,True,,146.62099296593846,15.202827221818913,,,,,,,,,,,,,,,,,,,,,,67008,0,fc67b5b9a2d8c823e29b2d5c2dd6465388b731a6dccfb0feeb70cb674ab28be9,validation_005,0,4,582213489,8,,
44,8.8,A,mainline,True,False,179.20000000000041,16.0,0,maintain,0.0,0.0,208.0,20.0,0,0,maintain-maintain,0.03906121850013733,-0.10787413269281387,-0.04584023356437683,0,0.03906121850013733,-0.04584023356437683,0.08490145206451416,0.1469353511929512,"[true, true, true]",False,False,False,67008,0,fc67b5b9a2d8c823e29b2d5c2dd6465388b731a6dccfb0feeb70cb674ab28be9,validation_005,0,4,582213489,8,24.410068760523416,
44,8.8,B,ramp,True,False,208.0,20.0,0,maintain,0.0,0.0,179.20000000000041,16.0,0,0,maintain-maintain,0.14324459433555603,0.028917551040649414,-0.09605894982814789,0,0.14324459433555603,0.028917551040649414,0.11432704329490662,0.23930354416370392,"[true, true, true]",False,False,False,67008,0,fc67b5b9a2d8c823e29b2d5c2dd6465388b731a6dccfb0feeb70cb674ab28be9,validation_005,0,4,582213489,8,24.410068760523416,
44,8.8,B_front,background_mainline,True,,260.0,0.0,,,,,,,,,,,,,,,,,,,,,,67008,0,fc67b5b9a2d8c823e29b2d5c2dd6465388b731a6dccfb0feeb70cb674ab28be9,validation_005,0,4,582213489,8,,
44,8.8,B_rear,background_mainline,True,,149.66362792035437,15.223449721483936,,,,,,,,,,,,,,,,,,,,,,67008,0,fc67b5b9a2d8c823e29b2d5c2dd6465388b731a6dccfb0feeb70cb674ab28be9,validation_005,0,4,582213489,8,,
45,9.0,A,mainline,True,False,182.40000000000046,16.0,0,maintain,0.0,0.0,212.0,20.0,0,0,maintain-maintain,0.038289785385131836,-0.10817313939332962,-0.04625698924064636,0,0.038289785385131836,-0.04625698924064636,0.0845467746257782,0.14646292477846146,"[true, true, true]",False,False,False,67008,0,fc67b5b9a2d8c823e29b2d5c2dd6465388b731a6dccfb0feeb70cb674ab28be9,validation_005,0,4,582213489,8,25.21006876052337,
45,9.0,B,ramp,True,False,212.0,20.0,0,maintain,0.0,0.0,182.40000000000046,16.0,0,0,maintain-maintain,0.14327296614646912,0.028879359364509583,-0.09597578644752502,0,0.14327296614646912,0.028879359364509583,0.11439360678195953,0.23924875259399414,"[true, true, true]",False,False,False,67008,0,fc67b5b9a2d8c823e29b2d5c2dd6465388b731a6dccfb0feeb70cb674ab28be9,validation_005,0,4,582213489,8,25.21006876052337,
45,9.0,B_front,background_mainline,True,,260.0,0.0,,,,,,,,,,,,,,,,,,,,,,67008,0,fc67b5b9a2d8c823e29b2d5c2dd6465388b731a6dccfb0feeb70cb674ab28be9,validation_005,0,4,582213489,8,,
45,9.0,B_rear,background_mainline,True,,152.71034077874685,15.243605733971995,,,,,,,,,,,,,,,,,,,,,,67008,0,fc67b5b9a2d8c823e29b2d5c2dd6465388b731a6dccfb0feeb70cb674ab28be9,validation_005,0,4,582213489,8,,
46,9.200000000000001,A,mainline,True,False,185.6000000000005,16.0,0,maintain,0.0,0.0,216.0,20.0,0,0,maintain-maintain,0.03726039081811905,-0.10885728150606155,-0.046446412801742554,0,0.03726039081811905,-0.046446412801742554,0.0837068036198616,0.1461176723241806,"[true, true, true]",False,False,False,67008,0,fc67b5b9a2d8c823e29b2d5c2dd6465388b731a6dccfb0feeb70cb674ab28be9,validation_005,0,4,582213489,8,26.010068760523325,
46,9.200000000000001,B,ramp,True,False,216.0,20.0,0,maintain,0.0,0.0,185.6000000000005,16.0,0,0,maintain-maintain,0.1435195505619049,0.028897970914840698,-0.09584112465381622,0,0.1435195505619049,0.028897970914840698,0.11462157964706421,0.23936067521572113,"[true, true, true]",False,False,False,67008,0,fc67b5b9a2d8c823e29b2d5c2dd6465388b731a6dccfb0feeb70cb674ab28be9,validation_005,0,4,582213489,8,26.010068760523325,
46,9.200000000000001,B_front,background_mainline,True,,260.0,0.0,,,,,,,,,,,,,,,,,,,,,,67008,0,fc67b5b9a2d8c823e29b2d5c2dd6465388b731a6dccfb0feeb70cb674ab28be9,validation_005,0,4,582213489,8,,
46,9.200000000000001,B_rear,background_mainline,True,,155.7610379827802,15.263292989544492,,,,,,,,,,,,,,,,,,,,,,67008,0,fc67b5b9a2d8c823e29b2d5c2dd6465388b731a6dccfb0feeb70cb674ab28be9,validation_005,0,4,582213489,8,,
47,9.4,A,mainline,True,False,188.80000000000055,16.0,0,maintain,0.0,0.0,220.0,20.0,0,0,maintain-maintain,0.036246493458747864,-0.10978107154369354,-0.04645262658596039,0,0.036246493458747864,-0.04645262658596039,0.08269912004470825,0.1460275650024414,"[true, true, true]",False,False,False,67008,0,fc67b5b9a2d8c823e29b2d5c2dd6465388b731a6dccfb0feeb70cb674ab28be9,validation_005,0,4,582213489,8,26.81006876052328,
47,9.4,B,ramp,True,False,220.0,20.0,0,maintain,0.0,0.0,188.80000000000055,16.0,0,0,maintain-maintain,0.14395667612552643,0.028887830674648285,-0.09569518268108368,0,0.14395667612552643,0.028887830674648285,0.11506884545087814,0.2396518588066101,"[true, true, true]",False,False,False,67008,0,fc67b5b9a2d8c823e29b2d5c2dd6465388b731a6dccfb0feeb70cb674ab28be9,validation_005,0,4,582213489,8,26.81006876052328,
47,9.4,B_front,background_mainline,True,,260.0,0.0,,,,,,,,,,,,,,,,,,,,,,67008,0,fc67b5b9a2d8c823e29b2d5c2dd6465388b731a6dccfb0feeb70cb674ab28be9,validation_005,0,4,582213489,8,,
47,9.4,B_rear,background_mainline,True,,158.81562572655554,15.28251123464823,,,,,,,,,,,,,,,,,,,,,,67008,0,fc67b5b9a2d8c823e29b2d5c2dd6465388b731a6dccfb0feeb70cb674ab28be9,validation_005,0,4,582213489,8,,
48,9.600000000000001,A,mainline,True,False,192.0000000000006,16.0,0,maintain,0.0,0.0,224.0,20.0,0,0,maintain-maintain,0.035232365131378174,-0.11070561408996582,-0.04645804315805435,0,0.035232365131378174,-0.04645804315805435,0.08169040828943253,0.145937979221344,"[true, true, true]",False,False,False,67008,0,fc67b5b9a2d8c823e29b2d5c2dd6465388b731a6dccfb0feeb70cb674ab28be9,validation_005,0,4,582213489,8,27.610068760523234,
48,9.600000000000001,B,ramp,True,False,224.0,20.0,0,maintain,0.0,0.0,192.0000000000006,16.0,0,0,maintain-maintain,0.14378942549228668,0.0290306955575943,-0.09563448280096054,0,0.14378942549228668,0.0290306955575943,0.11475872993469238,0.23942390829324722,"[true, true, true]",False,False,False,67008,0,fc67b5b9a2d8c823e29b2d5c2dd6465388b731a6dccfb0feeb70cb674ab28be9,validation_005,0,4,582213489,8,27.610068760523234,
48,9.600000000000001,B_front,background_mainline,True,,260.0,0.0,,,,,,,,,,,,,,,,,,,,,,67008,0,fc67b5b9a2d8c823e29b2d5c2dd6465388b731a6dccfb0feeb70cb674ab28be9,validation_005,0,4,582213489,8,,
48,9.600000000000001,B_rear,background_mainline,True,,161.87401033065248,15.301261945756476,,,,,,,,,,,,,,,,,,,,,,67008,0,fc67b5b9a2d8c823e29b2d5c2dd6465388b731a6dccfb0feeb70cb674ab28be9,validation_005,0,4,582213489,8,,
49,9.8,A,mainline,True,False,195.20000000000064,16.0,0,maintain,0.0,0.0,228.0,20.0,0,0,maintain-maintain,0.03421803563833237,-0.1116308942437172,-0.046462684869766235,0,0.03421803563833237,-0.046462684869766235,0.0806807205080986,0.14584892988204956,"[true, true, true]",False,False,False,67008,0,fc67b5b9a2d8c823e29b2d5c2dd6465388b731a6dccfb0feeb70cb674ab28be9,validation_005,0,4,582213489,8,28.41006876052319,
49,9.8,B,ramp,True,False,228.0,20.0,0,maintain,0.0,0.0,195.20000000000064,16.0,0,0,maintain-maintain,0.14356885850429535,0.029187239706516266,-0.09558066725730896,0,0.14356885850429535,0.029187239706516266,0.11438161879777908,0.2391495257616043,"[true, true, true]",False,False,False,67008,0,fc67b5b9a2d8c823e29b2d5c2dd6465388b731a6dccfb0feeb70cb674ab28be9,validation_005,0,4,582213489,8,28.41006876052319,
49,9.8,B_front,background_mainline,True,,260.0,0.0,,,,,,,,,,,,,,,,,,,,,,67008,0,fc67b5b9a2d8c823e29b2d5c2dd6465388b731a6dccfb0feeb70cb674ab28be9,validation_005,0,4,582213489,8,,
49,9.8,B_rear,background_mainline,True,,164.9360985624864,15.319548077970309,,,,,,,,,,,,,,,,,,,,,,67008,0,fc67b5b9a2d8c823e29b2d5c2dd6465388b731a6dccfb0feeb70cb674ab28be9,validation_005,0,4,582213489,8,,
50,10.0,A,mainline,True,False,198.4000000000007,16.0,0,maintain,0.0,0.0,232.0,20.0,0,0,maintain-maintain,0.03320348262786865,-0.11255684494972229,-0.04646654427051544,0,0.03320348262786865,-0.04646654427051544,0.0796700268983841,0.14576032757759094,"[true, true, true]",False,False,False,67008,0,fc67b5b9a2d8c823e29b2d5c2dd6465388b731a6dccfb0feeb70cb674ab28be9,validation_005,0,4,582213489,8,29.210068760523143,
50,10.0,B,ramp,True,False,232.0,20.0,0,maintain,0.0,0.0,198.4000000000007,16.0,0,0,maintain-maintain,0.1433480978012085,0.029344066977500916,-0.09552620351314545,0,0.1433480978012085,0.029344066977500916,0.11400403082370758,0.23887430131435394,"[true, true, true]",False,False,False,67008,0,fc67b5b9a2d8c823e29b2d5c2dd6465388b731a6dccfb0feeb70cb674ab28be9,validation_005,0,4,582213489,8,29.210068760523143,
50,10.0,B_front,background_mainline,True,,260.0,0.0,,,,,,,,,,,,,,,,,,,,,,67008,0,fc67b5b9a2d8c823e29b2d5c2dd6465388b731a6dccfb0feeb70cb674ab28be9,validation_005,0,4,582213489,8,,
50,10.0,B_rear,background_mainline,True,,168.0017979094996,15.337373844142279,,,,,,,,,,,,,,,,,,,,,,67008,0,fc67b5b9a2d8c823e29b2d5c2dd6465388b731a6dccfb0feeb70cb674ab28be9,validation_005,0,4,582213489,8,,
51,10.200000000000001,A,mainline,True,False,201.60000000000073,16.0,0,maintain,0.0,0.0,236.0,20.0,0,0,maintain-maintain,0.03218868374824524,-0.1134834885597229,-0.046469613909721375,0,0.03218868374824524,-0.046469613909721375,0.07865829765796661,0.14567217230796814,"[true, true, true]",False,False,False,67008,0,fc67b5b9a2d8c823e29b2d5c2dd6465388b731a6dccfb0feeb70cb674ab28be9,validation_005,0,4,582213489,8,30.010068760523097,
51,10.200000000000001,B,ramp,True,False,236.0,20.0,0,maintain,0.0,0.0,201.60000000000073,16.0,0,0,maintain-maintain,0.1431785225868225,0.02957259863615036,-0.09537921845912933,0,0.1431785225868225,0.02957259863615036,0.11360592395067215,0.23855774104595184,"[true, true, true]",False,False,False,67008,0,fc67b5b9a2d8c823e29b2d5c2dd6465388b731a6dccfb0feeb70cb674ab28be9,validation_005,0,4,582213489,8,30.010068760523097,
51,10.200000000000001,B_front,background_mainline,True,,260.0,0.0,,,,,,,,,,,,,,,,,,,,,,67008,0,fc67b5b9a2d8c823e29b2d5c2dd6465388b731a6dccfb0feeb70cb674ab28be9,validation_005,0,4,582213489,8,,
51,10.200000000000001,B_rear,background_mainline,True,,171.07101681091515,15.35474452084075,,,,,,,,,,,,,,,,,,,,,,67008,0,fc67b5b9a2d8c823e29b2d5c2dd6465388b731a6dccfb0feeb70cb674ab28be9,validation_005,0,4,582213489,8,,
52,10.4,A,mainline,True,False,204.80000000000078,16.0,0,maintain,0.0,0.0,240.0,20.0,0,0,maintain-maintain,0.03135170787572861,-0.114406518638134,-0.0463174507021904,0,0.03135170787572861,-0.0463174507021904,0.077669158577919,0.1457582265138626,"[true, true, true]",False,False,False,67008,0,fc67b5b9a2d8c823e29b2d5c2dd6465388b731a6dccfb0feeb70cb674ab28be9,validation_005,0,4,582213489,8,30.810068760523052,
52,10.4,B,ramp,True,False,240.0,20.0,0,maintain,0.0,0.0,204.80000000000078,16.0,0,0,maintain-maintain,0.14303895831108093,0.02984142303466797,-0.09517545998096466,0,0.14303895831108093,0.02984142303466797,0.11319753527641296,0.2382144182920456,"[true, true, true]",False,False,False,67008,0,fc67b5b9a2d8c823e29b2d5c2dd6465388b731a6dccfb0feeb70cb674ab28be9,validation_005,0,4,582213489,8,30.810068760523052,
52,10.4,B_front,background_mainline,True,,260.0,0.0,,,,,,,,,,,,,,,,,,,,,,67008,0,fc67b5b9a2d8c823e29b2d5c2dd6465388b731a6dccfb0feeb70cb674ab28be9,validation_005,0,4,582213489,8,,
52,10.4,B_rear,background_mainline,True,,174.14366485309327,15.3716662779476,,,,,,,,,,,,,,,,,,,,,,67008,0,fc67b5b9a2d8c823e29b2d5c2dd6465388b731a6dccfb0feeb70cb674ab28be9,validation_005,0,4,582213489,8,,
53,10.600000000000001,A,mainline,True,False,208.00000000000082,16.0,0,maintain,0.0,0.0,244.0,20.0,0,0,maintain-maintain,0.030617237091064453,-0.11532081663608551,-0.046177878975868225,0,0.030617237091064453,-0.046177878975868225,0.07679511606693268,0.14593805372714996,"[true, true, true]",False,False,False,67008,0,fc67b5b9a2d8c823e29b2d5c2dd6465388b731a6dccfb0feeb70cb674ab28be9,validation_005,0,4,582213489,8,31.610068760523006,
53,10.600000000000001,B,ramp,True,False,244.0,20.0,0,maintain,0.0,0.0,208.00000000000082,16.0,0,0,maintain-maintain,0.14289933443069458,0.030110575258731842,-0.09497083723545074,0,0.14289933443069458,0.030110575258731842,0.11278875917196274,0.23787017166614532,"[true, true, true]",False,False,False,67008,0,fc67b5b9a2d8c823e29b2d5c2dd6465388b731a6dccfb0feeb70cb674ab28be9,validation_005,0,4,582213489,8,31.610068760523006,
53,10.600000000000001,B_front,background_mainline,True,,260.0,0.0,,,,,,,,,,,,,,,,,,,,,,67008,0,fc67b5b9a2d8c823e29b2d5c2dd6465388b731a6dccfb0feeb70cb674ab28be9,validation_005,0,4,582213489,8,,
53,10.600000000000001,B_rear,background_mainline,True,,177.21965293293178,15.388146029088315,,,,,,,,,,,,,,,,,,,,,,67008,0,fc67b5b9a2d8c823e29b2d5c2dd6465388b731a6dccfb0feeb70cb674ab28be9,validation_005,0,4,582213489,8,,
54,10.8,A,mainline,True,False,211.20000000000087,16.0,0,maintain,0.0,0.0,248.0,20.0,0,0,maintain-maintain,0.0299079567193985,-0.11617916822433472,-0.046176642179489136,0,0.0299079567193985,-0.046176642179489136,0.07608459889888763,0.14608712494373322,"[true, true, true]",False,False,False,67008,0,fc67b5b9a2d8c823e29b2d5c2dd6465388b731a6dccfb0feeb70cb674ab28be9,validation_005,0,4,582213489,8,32.41006876052296,
54,10.8,B,ramp,True,False,248.0,20.0,0,maintain,0.0,0.0,211.20000000000087,16.0,0,0,maintain-maintain,0.14275962114334106,0.030379988253116608,-0.094765305519104,0,0.14275962114334106,0.030379988253116608,0.11237963289022446,0.23752492666244507,"[true, true, true]",False,False,False,67008,0,fc67b5b9a2d8c823e29b2d5c2dd6465388b731a6dccfb0feeb70cb674ab28be9,validation_005,0,4,582213489,8,32.41006876052296,
54,10.8,B_front,background_mainline,True,,260.0,0.0,,,,,,,,,,,,,,,,,,,,,,67008,0,fc67b5b9a2d8c823e29b2d5c2dd6465388b731a6dccfb0feeb70cb674ab28be9,validation_005,0,4,582213489,8,,
54,10.8,B_rear,background_mainline,True,,180.29889339322634,15.404191300442623,,,,,,,,,,,,,,,,,,,,,,67008,0,fc67b5b9a2d8c823e29b2d5c2dd6465388b731a6dccfb0feeb70cb674ab28be9,validation_005,0,4,582213489,8,,
55,11.0,A,mainline,True,False,214.40000000000092,16.0,0,maintain,0.0,0.0,252.0,20.0,0,0,maintain-maintain,0.029677845537662506,-0.11663247644901276,-0.04555670917034149,0,0.029677845537662506,-0.04555670917034149,0.075234554708004,0.14631032198667526,"[true, true, true]",False,False,False,67008,0,fc67b5b9a2d8c823e29b2d5c2dd6465388b731a6dccfb0feeb70cb674ab28be9,validation_005,0,4,582213489,8,33.210068760522915,
55,11.0,B,ramp,True,False,252.0,20.0,0,maintain,0.0,0.0,214.40000000000092,16.0,0,0,maintain-maintain,0.14261981844902039,0.03064967691898346,-0.09455893188714981,0,0.14261981844902039,0.03064967691898346,0.11197014153003693,0.2371787503361702,"[true, true, true]",False,False,False,67008,0,fc67b5b9a2d8c823e29b2d5c2dd6465388b731a6dccfb0feeb70cb674ab28be9,validation_005,0,4,582213489,8,33.210068760522915,
55,11.0,B_front,background_mainline,True,,260.0,0.0,,,,,,,,,,,,,,,,,,,,,,67008,0,fc67b5b9a2d8c823e29b2d5c2dd6465388b731a6dccfb0feeb70cb674ab28be9,validation_005,0,4,582213489,8,,
55,11.0,B_rear,background_mainline,True,,183.381300133447,15.419810115785,,,,,,,,,,,,,,,,,,,,,,67008,0,fc67b5b9a2d8c823e29b2d5c2dd6465388b731a6dccfb0feeb70cb674ab28be9,validation_005,0,4,582213489,8,,
56,11.200000000000001,A,mainline,True,False,217.60000000000096,16.0,0,maintain,0.0,0.0,256.0,20.0,0,0,maintain-maintain,0.029501423239707947,-0.11702698469161987,-0.044660814106464386,0,0.029501423239707947,-0.044660814106464386,0.07416223734617233,0.14652840793132782,"[true, true, true]",False,False,False,67008,0,fc67b5b9a2d8c823e29b2d5c2dd6465388b731a6dccfb0feeb70cb674ab28be9,validation_005,0,4,582213489,8,34.0100687605229,
56,11.200000000000001,B,ramp,True,False,256.0,20.0,0,maintain,0.0,0.0,217.60000000000096,16.0,0,0,maintain-maintain,0.14247995615005493,0.030919630080461502,-0.09435172379016876,0,0.14247995615005493,0.030919630080461502,0.11156032606959343,0.2368316799402237,"[true, true, true]",False,False,False,67008,0,fc67b5b9a2d8c823e29b2d5c2dd6465388b731a6dccfb0feeb70cb674ab28be9,validation_005,0,4,582213489,8,34.0100687605229,
56,11.200000000000001,B_front,background_mainline,True,,260.0,0.0,,,,,,,,,,,,,,,,,,,,,,67008,0,fc67b5b9a2d8c823e29b2d5c2dd6465388b731a6dccfb0feeb70cb674ab28be9,validation_005,0,4,582213489,8,,
56,11.200000000000001,B_rear,background_mainline,True,,186.46678869898503,15.435010895864904,,,,,,,,,,,,,,,,,,,,,,67008,0,fc67b5b9a2d8c823e29b2d5c2dd6465388b731a6dccfb0feeb70cb674ab28be9,validation_005,0,4,582213489,8,,
57,11.4,A,mainline,True,False,220.800000000001,16.0,0,maintain,0.0,0.0,260.0,20.0,0,0,maintain-maintain,0.02934076637029648,-0.11769204586744308,-0.04366345703601837,0,0.02934076637029648,-0.04366345703601837,0.07300422340631485,0.14703281223773956,"[true, true, true]",False,False,False,67008,0,fc67b5b9a2d8c823e29b2d5c2dd6465388b731a6dccfb0feeb70cb674ab28be9,validation_005,0,4,582213489,8,,
57,11.4,B,ramp,True,False,260.0,20.0,0,maintain,0.0,0.0,220.800000000001,16.0,0,0,maintain-maintain,0.14235948026180267,0.031224776059389114,-0.09413948655128479,0,0.14235948026180267,0.031224776059389114,0.11113470420241356,0.23649896681308746,"[true, true, true]",False,False,False,67008,0,fc67b5b9a2d8c823e29b2d5c2dd6465388b731a6dccfb0feeb70cb674ab28be9,validation_005,0,4,582213489,8,,
57,11.4,B_front,background_mainline,True,,260.0,0.0,,,,,,,,,,,,,,,,,,,,,,67008,0,fc67b5b9a2d8c823e29b2d5c2dd6465388b731a6dccfb0feeb70cb674ab28be9,validation_005,0,4,582213489,8,,
57,11.4,B_rear,background_mainline,True,,189.55527635156713,15.44980237046278,,,,,,,,,,,,,,,,,,,,,,67008,0,fc67b5b9a2d8c823e29b2d5c2dd6465388b731a6dccfb0feeb70cb674ab28be9,validation_005,0,4,582213489,8,,
58,11.600000000000001,A,mainline,True,False,224.00000000000105,16.0,2,decelerate,0.0,-3.000000000000007,261.0,0.0,2,0,active-inactive,-0.012535355985164642,-0.13296043872833252,0.026100024580955505,2,0.026100024580955505,-0.012535355985164642,0.03863538056612015,0.15906046330928802,"[true, true, true]",False,False,False,67008,0,fc67b5b9a2d8c823e29b2d5c2dd6465388b731a6dccfb0feeb70cb674ab28be9,validation_005,0,4,582213489,8,,
58,11.600000000000001,B,ramp,False,True,261.0,0.0,0,maintain,0.0,0.0,224.00000000000105,16.0,2,0,active-inactive,0.1391451358795166,0.03688085824251175,-0.09925159066915512,0,0.1391451358795166,0.03688085824251175,0.10226427763700485,0.23839672654867172,"[true, true, true]",False,False,False,67008,0,fc67b5b9a2d8c823e29b2d5c2dd6465388b731a6dccfb0feeb70cb674ab28be9,validation_005,0,4,582213489,8,,
58,11.600000000000001,B_front,background_mainline,True,,260.0,0.0,,,,,,,,,,,,,,,,,,,,,,67008,0,fc67b5b9a2d8c823e29b2d5c2dd6465388b731a6dccfb0feeb70cb674ab28be9,validation_005,0,4,582213489,8,,
58,11.600000000000001,B_rear,background_mainline,True,,192.6457422876275,15.448061434978252,,,,,,,,,,,,,,,,,,,,,,67008,0,fc67b5b9a2d8c823e29b2d5c2dd6465388b731a6dccfb0feeb70cb674ab28be9,validation_005,0,4,582213489,8,,
59,11.8,A,mainline,True,False,227.14000000000104,15.399999999999999,2,decelerate,-3.0,-3.000000000000007,261.0,0.0,2,0,active-inactive,-0.012553386390209198,-0.13259437680244446,0.026526719331741333,2,0.026526719331741333,-0.012553386390209198,0.03908010572195053,0.1591210961341858,"[true, true, true]",False,False,False,67008,0,fc67b5b9a2d8c823e29b2d5c2dd6465388b731a6dccfb0feeb70cb674ab28be9,validation_005,0,4,582213489,8,,
59,11.8,B,ramp,False,True,261.0,0.0,0,maintain,0.0,0.0,227.14000000000104,15.399999999999999,2,0,active-inactive,0.1388661116361618,0.037589579820632935,-0.09813451766967773,0,0.1388661116361618,0.037589579820632935,0.10127653181552887,0.23700062930583954,"[true, true, true]",False,False,False,67008,0,fc67b5b9a2d8c823e29b2d5c2dd6465388b731a6dccfb0feeb70cb674ab28be9,validation_005,0,4,582213489,8,,
59,11.8,B_front,background_mainline,True,,260.0,0.0,,,,,,,,,,,,,,,,,,,,,,67008,0,fc67b5b9a2d8c823e29b2d5c2dd6465388b731a6dccfb0feeb70cb674ab28be9,validation_005,0,4,582213489,8,,
59,11.8,B_rear,background_mainline,True,,195.73149044204962,15.402559143977848,,,,,,,,,,,,,,,,,,,,,,67008,0,fc67b5b9a2d8c823e29b2d5c2dd6465388b731a6dccfb0feeb70cb674ab28be9,validation_005,0,4,582213489,8,,
60,12.0,A,mainline,True,False,230.16000000000105,14.799999999999997,2,decelerate,-3.0,-3.000000000000007,261.0,0.0,2,0,active-inactive,-0.012364909052848816,-0.13191744685173035,0.02664223499596119,2,0.02664223499596119,-0.012364909052848816,0.039007144048810005,0.15855968184769154,"[true, true, true]",False,False,False,67008,0,fc67b5b9a2d8c823e29b2d5c2dd6465388b731a6dccfb0feeb70cb674ab28be9,validation_005,0,4,582213489,8,,
60,12.0,B,ramp,False,True,261.0,0.0,0,maintain,0.0,0.0,230.16000000000105,14.799999999999997,2,0,active-inactive,0.13855841755867004,0.03827791288495064,-0.0969698429107666,0,0.13855841755867004,0.03827791288495064,0.1002805046737194,0.23552826046943665,"[true, true, true]",False,False,False,67008,0,fc67b5b9a2d8c823e29b2d5c2dd6465388b731a6dccfb0feeb70cb674ab28be9,validation_005,0,4,582213489,8,,
60,12.0,B_front,background_mainline,True,,260.0,0.0,,,,,,,,,,,,,,,,,,,,,,67008,0,fc67b5b9a2d8c823e29b2d5c2dd6465388b731a6dccfb0feeb70cb674ab28be9,validation_005,0,4,582213489,8,,
60,12.0,B_rear,background_mainline,True,,198.80375692157182,15.313312559228349,,,,,,,,,,,,,,,,,,,,,,67008,0,fc67b5b9a2d8c823e29b2d5c2dd6465388b731a6dccfb0feeb70cb674ab28be9,validation_005,0,4,582213489,8,,
61,12.200000000000001,A,mainline,True,False,233.06000000000105,14.199999999999996,2,decelerate,-3.0,-3.000000000000007,261.0,0.0,2,0,active-inactive,-0.012011274695396423,-0.1310793161392212,0.02668198198080063,2,0.02668198198080063,-0.012011274695396423,0.03869325667619705,0.15776129812002182,"[true, true, true]",False,False,False,67008,0,fc67b5b9a2d8c823e29b2d5c2dd6465388b731a6dccfb0feeb70cb674ab28be9,validation_005,0,4,582213489,8,,
61,12.200000000000001,B,ramp,False,True,261.0,0.0,0,maintain,0.0,0.0,233.06000000000105,14.199999999999996,2,0,active-inactive,0.13824644684791565,0.03893085569143295,-0.09575241804122925,0,0.13824644684791565,0.03893085569143295,0.0993155911564827,0.2339988648891449,"[true, true, true]",False,False,False,67008,0,fc67b5b9a2d8c823e29b2d5c2dd6465388b731a6dccfb0feeb70cb674ab28be9,validation_005,0,4,582213489,8,,
61,12.200000000000001,B_front,background_mainline,True,,260.0,0.0,,,,,,,,,,,,,,,,,,,,,,67008,0,fc67b5b9a2d8c823e29b2d5c2dd6465388b731a6dccfb0feeb70cb674ab28be9,validation_005,0,4,582213489,8,,
61,12.200000000000001,B_rear,background_mainline,True,,201.85386157096343,15.181118979525282,,,,,,,,,,,,,,,,,,,,,,67008,0,fc67b5b9a2d8c823e29b2d5c2dd6465388b731a6dccfb0feeb70cb674ab28be9,validation_005,0,4,582213489,8,,
62,12.4,A,mainline,True,False,235.84000000000106,13.599999999999994,2,decelerate,-3.0,-3.000000000000007,261.0,0.0,2,0,active-inactive,-0.011275328695774078,-0.13008129596710205,0.026622949168086052,2,0.026622949168086052,-0.011275328695774078,0.03789827786386013,0.1567042451351881,"[true, true, true]",False,False,False,67008,0,fc67b5b9a2d8c823e29b2d5c2dd6465388b731a6dccfb0feeb70cb674ab28be9,validation_005,0,4,582213489,8,,
62,12.4,B,ramp,False,True,261.0,0.0,0,maintain,0.0,0.0,235.84000000000106,13.599999999999994,2,0,active-inactive,0.13790112733840942,0.039563797414302826,-0.09449079632759094,0,0.13790112733840942,0.039563797414302826,0.0983373299241066,0.23239192366600037,"[true, true, true]",False,False,False,67008,0,fc67b5b9a2d8c823e29b2d5c2dd6465388b731a6dccfb0feeb70cb674ab28be9,validation_005,0,4,582213489,8,,
62,12.4,B_front,background_mainline,True,,260.0,0.0,,,,,,,,,,,,,,,,,,,,,,67008,0,fc67b5b9a2d8c823e29b2d5c2dd6465388b731a6dccfb0feeb70cb674ab28be9,validation_005,0,4,582213489,8,,
62,12.4,B_rear,background_mainline,True,,204.8733489413613,15.007403909927541,,,,,,,,,,,,,,,,,,,,,,67008,0,fc67b5b9a2d8c823e29b2d5c2dd6465388b731a6dccfb0feeb70cb674ab28be9,validation_005,0,4,582213489,8,,
63,12.600000000000001,A,mainline,True,False,238.50000000000105,12.999999999999993,2,decelerate,-3.0,-3.000000000000007,261.0,0.0,2,0,active-inactive,-0.010406240820884705,-0.12956602871418,0.02627181075513363,2,0.02627181075513363,-0.010406240820884705,0.03667805157601833,0.15583783946931362,"[true, true, true]",False,False,False,67008,0,fc67b5b9a2d8c823e29b2d5c2dd6465388b731a6dccfb0feeb70cb674ab28be9,validation_005,0,4,582213489,8,,
63,12.600000000000001,B,ramp,False,True,261.0,0.0,0,maintain,0.0,0.0,238.50000000000105,12.999999999999993,2,0,active-inactive,0.1375226378440857,0.040175266563892365,-0.09318741410970688,0,0.1375226378440857,0.040175266563892365,0.09734737128019333,0.23071005195379257,"[true, true, true]",False,False,False,67008,0,fc67b5b9a2d8c823e29b2d5c2dd6465388b731a6dccfb0feeb70cb674ab28be9,validation_005,0,4,582213489,8,,
63,12.600000000000001,B_front,background_mainline,True,,260.0,0.0,,,,,,,,,,,,,,,,,,,,,,67008,0,fc67b5b9a2d8c823e29b2d5c2dd6465388b731a6dccfb0feeb70cb674ab28be9,validation_005,0,4,582213489,8,,
63,12.600000000000001,B_rear,background_mainline,True,,207.85409844221533,14.794066651496117,,,,,,,,,,,,,,,,,,,,,,67008,0,fc67b5b9a2d8c823e29b2d5c2dd6465388b731a6dccfb0feeb70cb674ab28be9,validation_005,0,4,582213489,8,,
64,12.8,A,mainline,True,False,241.04000000000104,12.399999999999991,2,decelerate,-3.0,-3.000000000000007,261.0,0.0,2,0,active-inactive,-0.009581878781318665,-0.12909655272960663,0.025913527235388756,2,0.025913527235388756,-0.009581878781318665,0.03549540601670742,0.15501007996499538,"[true, true, true]",False,False,False,67008,0,fc67b5b9a2d8c823e29b2d5c2dd6465388b731a6dccfb0feeb70cb674ab28be9,validation_005,0,4,582213489,8,,
64,12.8,B,ramp,False,True,261.0,0.0,0,maintain,0.0,0.0,241.04000000000104,12.399999999999991,2,0,active-inactive,0.1371113806962967,0.04076358303427696,-0.09184540808200836,0,0.1371113806962967,0.04076358303427696,0.09634779766201973,0.22895678877830505,"[true, true, true]",False,False,False,67008,0,fc67b5b9a2d8c823e29b2d5c2dd6465388b731a6dccfb0feeb70cb674ab28be9,validation_005,0,4,582213489,8,,
64,12.8,B_front,background_mainline,True,,260.0,0.0,,,,,,,,,,,,,,,,,,,,,,67008,0,fc67b5b9a2d8c823e29b2d5c2dd6465388b731a6dccfb0feeb70cb674ab28be9,validation_005,0,4,582213489,8,,
64,12.8,B_rear,background_mainline,True,,210.78840426011575,14.543333854143807,,,,,,,,,,,,,,,,,,,,,,67008,0,fc67b5b9a2d8c823e29b2d5c2dd6465388b731a6dccfb0feeb70cb674ab28be9,validation_005,0,4,582213489,8,,
65,13.0,A,mainline,True,False,243.46000000000103,11.79999999999999,2,decelerate,-3.0,-3.000000000000007,261.0,0.0,2,0,active-inactive,-0.008800327777862549,-0.12866966426372528,0.025547802448272705,2,0.025547802448272705,-0.008800327777862549,0.034348130226135254,0.15421746671199799,"[true, true, true]",False,False,False,67008,0,fc67b5b9a2d8c823e29b2d5c2dd6465388b731a6dccfb0feeb70cb674ab28be9,validation_005,0,4,582213489,8,,
65,13.0,B,ramp,False,True,261.0,0.0,0,maintain,0.0,0.0,243.46000000000103,11.79999999999999,2,0,active-inactive,0.13666795194149017,0.041326895356178284,-0.09046821296215057,0,0.13666795194149017,0.041326895356178284,0.09534105658531189,0.22713616490364075,"[true, true, true]",False,False,False,67008,0,fc67b5b9a2d8c823e29b2d5c2dd6465388b731a6dccfb0feeb70cb674ab28be9,validation_005,0,4,582213489,8,,
65,13.0,B_front,background_mainline,True,,260.0,0.0,,,,,,,,,,,,,,,,,,,,,,67008,0,fc67b5b9a2d8c823e29b2d5c2dd6465388b731a6dccfb0feeb70cb674ab28be9,validation_005,0,4,582213489,8,,
65,13.0,B_rear,background_mainline,True,,213.66902748809866,14.25762910074779,,,,,,,,,,,,,,,,,,,,,,67008,0,fc67b5b9a2d8c823e29b2d5c2dd6465388b731a6dccfb0feeb70cb674ab28be9,validation_005,0,4,582213489,8,,
66,13.200000000000001,A,mainline,True,False,245.760000000001,11.199999999999989,2,decelerate,-3.0,-3.000000000000007,261.0,0.0,2,0,active-inactive,-0.00810384750366211,-0.1283215880393982,0.02516908198595047,2,0.02516908198595047,-0.00810384750366211,0.03327292948961258,0.15349067002534866,"[true, true, true]",False,False,False,67008,0,fc67b5b9a2d8c823e29b2d5c2dd6465388b731a6dccfb0feeb70cb674ab28be9,validation_005,0,4,582213489,8,,
66,13.200000000000001,B,ramp,False,True,261.0,0.0,0,maintain,0.0,0.0,245.760000000001,11.199999999999989,2,0,active-inactive,0.13619309663772583,0.04186331108212471,-0.08905953168869019,0,0.13619309663772583,0.04186331108212471,0.09432978555560112,0.22525262832641602,"[true, true, true]",False,False,False,67008,0,fc67b5b9a2d8c823e29b2d5c2dd6465388b731a6dccfb0feeb70cb674ab28be9,validation_005,0,4,582213489,8,,
66,13.200000000000001,B_front,background_mainline,True,,260.0,0.0,,,,,,,,,,,,,,,,,,,,,,67008,0,fc67b5b9a2d8c823e29b2d5c2dd6465388b731a6dccfb0feeb70cb674ab28be9,validation_005,0,4,582213489,8,,
66,13.200000000000001,B_rear,background_mainline,True,,216.48922422337193,13.939463545927113,,,,,,,,,,,,,,,,,,,,,,67008,0,fc67b5b9a2d8c823e29b2d5c2dd6465388b731a6dccfb0feeb70cb674ab28be9,validation_005,0,4,582213489,8,,
67,13.4,A,mainline,True,False,247.94000000000102,10.599999999999987,2,decelerate,-3.0,-3.000000000000007,261.0,0.0,2,0,active-inactive,-0.007553216069936752,-0.12810522317886353,0.024769464507699013,2,0.024769464507699013,-0.007553216069936752,0.032322680577635765,0.15287468768656254,"[true, true, true]",False,False,False,67008,0,fc67b5b9a2d8c823e29b2d5c2dd6465388b731a6dccfb0feeb70cb674ab28be9,validation_005,0,4,582213489,8,,
67,13.4,B,ramp,False,True,261.0,0.0,0,maintain,0.0,0.0,247.94000000000102,10.599999999999987,2,0,active-inactive,0.13540369272232056,0.04228118434548378,-0.08815519511699677,0,0.13540369272232056,0.04228118434548378,0.09312250837683678,0.22355888783931732,"[true, true, true]",False,False,False,67008,0,fc67b5b9a2d8c823e29b2d5c2dd6465388b731a6dccfb0feeb70cb674ab28be9,validation_005,0,4,582213489,8,,
67,13.4,B_front,background_mainline,True,,260.0,0.0,,,,,,,,,,,,,,,,,,,,,,67008,0,fc67b5b9a2d8c823e29b2d5c2dd6465388b731a6dccfb0feeb70cb674ab28be9,validation_005,0,4,582213489,8,,
67,13.4,B_rear,background_mainline,True,,219.2427540881081,13.591349604072207,,,,,,,,,,,,,,,,,,,,,,67008,0,fc67b5b9a2d8c823e29b2d5c2dd6465388b731a6dccfb0feeb70cb674ab28be9,validation_005,0,4,582213489,8,,
68,13.600000000000001,A,mainline,True,False,250.00000000000102,9.999999999999986,2,decelerate,-3.0,-3.000000000000007,261.0,0.0,2,0,active-inactive,-0.007024943828582764,-0.12790937721729279,0.024361219257116318,2,0.024361219257116318,-0.007024943828582764,0.03138616308569908,0.1522705964744091,"[true, true, true]",False,False,False,67008,0,fc67b5b9a2d8c823e29b2d5c2dd6465388b731a6dccfb0feeb70cb674ab28be9,validation_005,0,4,582213489,8,,
68,13.600000000000001,B,ramp,False,True,261.0,0.0,0,maintain,0.0,0.0,250.00000000000102,9.999999999999986,2,0,active-inactive,0.1339104175567627,0.042731985449790955,-0.08784753084182739,0,0.1339104175567627,0.042731985449790955,0.09117843210697174,0.2217579483985901,"[true, true, true]",False,False,False,67008,0,fc67b5b9a2d8c823e29b2d5c2dd6465388b731a6dccfb0feeb70cb674ab28be9,validation_005,0,4,582213489,8,,
68,13.600000000000001,B_front,background_mainline,True,,260.0,0.0,,,,,,,,,,,,,,,,,,,,,,67008,0,fc67b5b9a2d8c823e29b2d5c2dd6465388b731a6dccfb0feeb70cb674ab28be9,validation_005,0,4,582213489,8,,
68,13.600000000000001,B_rear,background_mainline,True,,221.9238737658524,13.215737178579674,,,,,,,,,,,,,,,,,,,,,,67008,0,fc67b5b9a2d8c823e29b2d5c2dd6465388b731a6dccfb0feeb70cb674ab28be9,validation_005,0,4,582213489,8,,
69,13.8,A,mainline,True,False,251.94000000000102,9.399999999999984,2,decelerate,-3.0,-3.000000000000007,261.0,0.0,2,0,active-inactive,-0.006525598466396332,-0.12772251665592194,0.02394860051572323,2,0.02394860051572323,-0.006525598466396332,0.03047419898211956,0.15167111717164516,"[true, true, true]",False,False,False,67008,0,fc67b5b9a2d8c823e29b2d5c2dd6465388b731a6dccfb0feeb70cb674ab28be9,validation_005,0,4,582213489,8,,
69,13.8,B,ramp,False,True,261.0,0.0,0,maintain,0.0,0.0,251.94000000000102,9.399999999999984,2,0,active-inactive,0.13260483741760254,0.04298551753163338,-0.08720673620700836,0,0.13260483741760254,0.04298551753163338,0.08961931988596916,0.2198115736246109,"[true, true, true]",False,False,False,67008,0,fc67b5b9a2d8c823e29b2d5c2dd6465388b731a6dccfb0feeb70cb674ab28be9,validation_005,0,4,582213489,8,,
69,13.8,B_front,background_mainline,True,,260.0,0.0,,,,,,,,,,,,,,,,,,,,,,67008,0,fc67b5b9a2d8c823e29b2d5c2dd6465388b731a6dccfb0feeb70cb674ab28be9,validation_005,0,4,582213489,8,,
69,13.8,B_rear,background_mainline,True,,224.52731985726734,12.81497017560367,,,,,,,,,,,,,,,,,,,,,,67008,0,fc67b5b9a2d8c823e29b2d5c2dd6465388b731a6dccfb0feeb70cb674ab28be9,validation_005,0,4,582213489,8,,
70,14.0,A,mainline,True,False,253.760000000001,8.799999999999983,2,decelerate,-3.0,-3.000000000000007,261.0,0.0,2,0,active-inactive,-0.006055526435375214,-0.12754011154174805,0.023531707003712654,2,0.023531707003712654,-0.006055526435375214,0.029587233439087868,0.1510718185454607,"[true, true, true]",False,False,False,67008,0,fc67b5b9a2d8c823e29b2d5c2dd6465388b731a6dccfb0feeb70cb674ab28be9,validation_005,0,4,582213489,8,,
70,14.0,B,ramp,False,True,261.0,0.0,0,maintain,0.0,0.0,253.760000000001,8.799999999999983,2,0,active-inactive,0.1310817301273346,0.04319550096988678,-0.08639030158519745,0,0.1310817301273346,0.04319550096988678,0.08788622915744781,0.21747203171253204,"[true, true, true]",False,False,False,67008,0,fc67b5b9a2d8c823e29b2d5c2dd6465388b731a6dccfb0feeb70cb674ab28be9,validation_005,0,4,582213489,8,,
70,14.0,B_front,background_mainline,True,,260.0,0.0,,,,,,,,,,,,,,,,,,,,,,67008,0,fc67b5b9a2d8c823e29b2d5c2dd6465388b731a6dccfb0feeb70cb674ab28be9,validation_005,0,4,582213489,8,,
70,14.0,B_rear,background_mainline,True,,227.04828479773138,12.39126005880477,,,,,,,,,,,,,,,,,,,,,,67008,0,fc67b5b9a2d8c823e29b2d5c2dd6465388b731a6dccfb0feeb70cb674ab28be9,validation_005,0,4,582213489,8,,
71,14.200000000000001,A,mainline,True,False,255.460000000001,8.199999999999982,2,decelerate,-3.0,-3.000000000000007,261.0,0.0,2,0,active-inactive,-0.0057059526443481445,-0.12771853804588318,0.02330596372485161,2,0.02330596372485161,-0.0057059526443481445,0.029011916369199753,0.1510245017707348,"[true, true, true]",False,False,False,67008,0,fc67b5b9a2d8c823e29b2d5c2dd6465388b731a6dccfb0feeb70cb674ab28be9,validation_005,0,4,582213489,8,,
71,14.200000000000001,B,ramp,False,True,261.0,0.0,0,maintain,0.0,0.0,255.460000000001,8.199999999999982,2,0,active-inactive,0.1292475312948227,0.04326484352350235,-0.08546041697263718,0,0.1292475312948227,0.04326484352350235,0.08598268777132034,0.21470794826745987,"[true, true, true]",False,False,False,67008,0,fc67b5b9a2d8c823e29b2d5c2dd6465388b731a6dccfb0feeb70cb674ab28be9,validation_005,0,4,582213489,8,,
71,14.200000000000001,B_front,background_mainline,True,,260.0,0.0,,,,,,,,,,,,,,,,,,,,,,67008,0,fc67b5b9a2d8c823e29b2d5c2dd6465388b731a6dccfb0feeb70cb674ab28be9,validation_005,0,4,582213489,8,,
71,14.200000000000001,B_rear,background_mainline,True,,229.48238888699373,11.946672851634341,,,,,,,,,,,,,,,,,,,,,,67008,0,fc67b5b9a2d8c823e29b2d5c2dd6465388b731a6dccfb0feeb70cb674ab28be9,validation_005,0,4,582213489,8,,
72,14.4,A,mainline,True,False,257.04000000000104,7.59999999999998,2,decelerate,-3.0,-3.000000000000007,261.0,0.0,2,0,active-inactive,-0.005378957837820053,-0.12793312966823578,0.023080378770828247,2,0.023080378770828247,-0.005378957837820053,0.0284593366086483,0.15101350843906403,"[true, true, true]",False,False,False,67008,0,fc67b5b9a2d8c823e29b2d5c2dd6465388b731a6dccfb0feeb70cb674ab28be9,validation_005,0,4,582213489,8,,
72,14.4,B,ramp,False,True,261.0,0.0,0,maintain,0.0,0.0,257.04000000000104,7.59999999999998,2,0,active-inactive,0.12739339470863342,0.04330915957689285,-0.08450883626937866,0,0.12739339470863342,0.04330915957689285,0.08408423513174057,0.21190223097801208,"[true, true, true]",False,False,False,67008,0,fc67b5b9a2d8c823e29b2d5c2dd6465388b731a6dccfb0feeb70cb674ab28be9,validation_005,0,4,582213489,8,,
72,14.4,B_front,background_mainline,True,,260.0,0.0,,,,,,,,,,,,,,,,,,,,,,67008,0,fc67b5b9a2d8c823e29b2d5c2dd6465388b731a6dccfb0feeb70cb674ab28be9,validation_005,0,4,582213489,8,,
72,14.4,B_rear,background_mainline,True,,231.82565076751894,11.483126102076506,,,,,,,,,,,,,,,,,,,,,,67008,0,fc67b5b9a2d8c823e29b2d5c2dd6465388b731a6dccfb0feeb70cb674ab28be9,validation_005,0,4,582213489,8,,
73,14.600000000000001,A,mainline,True,False,258.500000000001,6.999999999999979,2,decelerate,-3.0,-3.000000000000007,261.0,0.0,2,0,active-inactive,-0.0051831528544425964,-0.12853464484214783,0.022566337138414383,2,0.022566337138414383,-0.0051831528544425964,0.02774948999285698,0.1511009819805622,"[true, true, true]",False,False,False,67008,0,fc67b5b9a2d8c823e29b2d5c2dd6465388b731a6dccfb0feeb70cb674ab28be9,validation_005,0,4,582213489,8,,
73,14.600000000000001,B,ramp,False,True,261.0,0.0,0,maintain,0.0,0.0,258.500000000001,6.999999999999979,2,0,active-inactive,0.12546469271183014,0.04335285723209381,-0.08360700309276581,0,0.12546469271183014,0.04335285723209381,0.08211183547973633,0.20907169580459595,"[true, true, true]",False,False,False,67008,0,fc67b5b9a2d8c823e29b2d5c2dd6465388b731a6dccfb0feeb70cb674ab28be9,validation_005,0,4,582213489,8,,
73,14.600000000000001,B_front,background_mainline,True,,260.0,0.0,,,,,,,,,,,,,,,,,,,,,,67008,0,fc67b5b9a2d8c823e29b2d5c2dd6465388b731a6dccfb0feeb70cb674ab28be9,validation_005,0,4,582213489,8,,
73,14.600000000000001,B_rear,background_mainline,True,,234.07445802697023,11.002392714563578,,,,,,,,,,,,,,,,,,,,,,67008,0,fc67b5b9a2d8c823e29b2d5c2dd6465388b731a6dccfb0feeb70cb674ab28be9,validation_005,0,4,582213489,8,,
74,14.8,A,mainline,True,False,259.84000000000106,6.399999999999977,2,decelerate,-3.0,0.0,261.0,0.0,2,0,active-inactive,-0.005149096250534058,-0.12946197390556335,0.02179700694978237,2,0.02179700694978237,-0.005149096250534058,0.02694610320031643,0.15125898085534573,"[true, true, true]",False,True,False,67008,0,fc67b5b9a2d8c823e29b2d5c2dd6465388b731a6dccfb0feeb70cb674ab28be9,validation_005,0,4,582213489,8,,
74,14.8,B,ramp,False,True,261.0,0.0,0,maintain,0.0,0.0,259.84000000000106,6.399999999999977,2,0,active-inactive,0.12342047691345215,0.043473146855831146,-0.08283215761184692,0,0.12342047691345215,0.043473146855831146,0.079947330057621,0.20625263452529907,"[true, true, true]",False,True,False,67008,0,fc67b5b9a2d8c823e29b2d5c2dd6465388b731a6dccfb0feeb70cb674ab28be9,validation_005,0,4,582213489,8,,
74,14.8,B_front,background_mainline,True,,260.0,0.0,,,,,,,,,,,,,,,,,,,,,,67008,0,fc67b5b9a2d8c823e29b2d5c2dd6465388b731a6dccfb0feeb70cb674ab28be9,validation_005,0,4,582213489,8,,
74,14.8,B_rear,background_mainline,True,,236.26884494866297,11.084512382421618,,,,,,,,,,,,,,,,,,,,,,67008,0,fc67b5b9a2d8c823e29b2d5c2dd6465388b731a6dccfb0feeb70cb674ab28be9,validation_005,0,4,582213489,8,,
0,0.0,A,ramp,True,False,32.0,20.0,0,maintain,0.0,0.0,38.4,16.0,0,0,maintain-maintain,0.07432842254638672,-0.03172249719500542,0.008620671927928925,0,0.07432842254638672,0.008620671927928925,0.0657077506184578,0.10605091974139214,"[true, true, true]",False,False,False,67008,0,fc67b5b9a2d8c823e29b2d5c2dd6465388b731a6dccfb0feeb70cb674ab28be9,validation_005,1,4,582213489,9,,
0,0.0,B,mainline,True,False,38.4,16.0,0,maintain,0.0,0.0,32.0,20.0,0,0,maintain-maintain,0.15604883432388306,-0.014428883790969849,0.022930843755602837,0,0.15604883432388306,0.022930843755602837,0.13311799056828022,0.1704777181148529,"[true, true, true]",False,False,False,67008,0,fc67b5b9a2d8c823e29b2d5c2dd6465388b731a6dccfb0feeb70cb674ab28be9,validation_005,1,4,582213489,9,,
0,0.0,B_front,background_mainline,True,,106.0,20.0,,,,,,,,,,,,,,,,,,,,,,67008,0,fc67b5b9a2d8c823e29b2d5c2dd6465388b731a6dccfb0feeb70cb674ab28be9,validation_005,1,4,582213489,9,,
0,0.0,B_rear,background_mainline,True,,16.68,18.799999999999997,,,,,,,,,,,,,,,,,,,,,,67008,0,fc67b5b9a2d8c823e29b2d5c2dd6465388b731a6dccfb0feeb70cb674ab28be9,validation_005,1,4,582213489,9,,
1,0.2,A,ramp,True,False,36.0,20.0,0,maintain,0.0,0.0,41.59999999999999,16.0,0,0,maintain-maintain,0.07344578206539154,-0.03259093686938286,0.01072608307003975,0,0.07344578206539154,0.01072608307003975,0.06271969899535179,0.1060367189347744,"[true, true, true]",False,False,False,67008,0,fc67b5b9a2d8c823e29b2d5c2dd6465388b731a6dccfb0feeb70cb674ab28be9,validation_005,1,4,582213489,9,,
1,0.2,B,mainline,True,False,41.59999999999999,16.0,0,maintain,0.0,0.0,36.0,20.0,0,0,maintain-maintain,0.15952086448669434,-0.01470116525888443,0.025388533249497414,0,0.15952086448669434,0.025388533249497414,0.13413233123719692,0.17422202974557877,"[true, true, true]",False,False,False,67008,0,fc67b5b9a2d8c823e29b2d5c2dd6465388b731a6dccfb0feeb70cb674ab28be9,validation_005,1,4,582213489,9,,
1,0.2,B_front,background_mainline,True,,110.0,20.0,,,,,,,,,,,,,,,,,,,,,,67008,0,fc67b5b9a2d8c823e29b2d5c2dd6465388b731a6dccfb0feeb70cb674ab28be9,validation_005,1,4,582213489,9,,
1,0.2,B_rear,background_mainline,True,,20.32084991092236,17.633996436894353,,,,,,,,,,,,,,,,,,,,,,67008,0,fc67b5b9a2d8c823e29b2d5c2dd6465388b731a6dccfb0feeb70cb674ab28be9,validation_005,1,4,582213489,9,,
2,0.4,A,ramp,True,False,40.0,20.0,0,maintain,0.0,0.0,44.799999999999976,16.0,0,0,maintain-maintain,0.07272359728813171,-0.033499620854854584,0.012673109769821167,0,0.07272359728813171,0.012673109769821167,0.06005048751831055,0.1062232181429863,"[true, true, true]",False,False,False,67008,0,fc67b5b9a2d8c823e29b2d5c2dd6465388b731a6dccfb0feeb70cb674ab28be9,validation_005,1,4,582213489,9,,
2,0.4,B,mainline,True,False,44.799999999999976,16.0,0,maintain,0.0,0.0,40.0,20.0,0,0,maintain-maintain,0.16294360160827637,-0.015090666711330414,0.027954427525401115,0,0.16294360160827637,0.027954427525401115,0.13498917408287525,0.17803426831960678,"[true, true, true]",False,False,False,67008,0,fc67b5b9a2d8c823e29b2d5c2dd6465388b731a6dccfb0feeb70cb674ab28be9,validation_005,1,4,582213489,9,,
2,0.4,B_front,background_mainline,True,,114.0,20.0,,,,,,,,,,,,,,,,,,,,,,67008,0,fc67b5b9a2d8c823e29b2d5c2dd6465388b731a6dccfb0feeb70cb674ab28be9,validation_005,1,4,582213489,9,,
2,0.4,B_rear,background_mainline,True,,23.76055685764985,16.815144009073002,,,,,,,,,,,,,,,,,,,,,,67008,0,fc67b5b9a2d8c823e29b2d5c2dd6465388b731a6dccfb0feeb70cb674ab28be9,validation_005,1,4,582213489,9,,
3,0.6000000000000001,A,ramp,True,False,44.0,20.0,0,maintain,0.0,0.0,47.999999999999964,16.0,0,0,maintain-maintain,0.0720042735338211,-0.03419950231909752,0.014417007565498352,0,0.0720042735338211,0.014417007565498352,0.057587265968322754,0.10620377585291862,"[true, true, true]",False,False,False,67008,0,fc67b5b9a2d8c823e29b2d5c2dd6465388b731a6dccfb0feeb70cb674ab28be9,validation_005,1,4,582213489,9,,
3,0.6000000000000001,B,mainline,True,False,47.999999999999964,16.0,0,maintain,0.0,0.0,44.0,20.0,0,0,maintain-maintain,0.1658865213394165,-0.015421457588672638,0.02965882234275341,0,0.1658865213394165,0.02965882234275341,0.1362276989966631,0.18130797892808914,"[true, true, true]",False,False,False,67008,0,fc67b5b9a2d8c823e29b2d5c2dd6465388b731a6dccfb0feeb70cb674ab28be9,validation_005,1,4,582213489,9,,
3,0.6000000000000001,B_front,background_mainline,True,,118.0,20.0,,,,,,,,,,,,,,,,,,,,,,67008,0,fc67b5b9a2d8c823e29b2d5c2dd6465388b731a6dccfb0feeb70cb674ab28be9,validation_005,1,4,582213489,9,,
3,0.6000000000000001,B_rear,background_mainline,True,,27.064354151939316,16.253204911824554,,,,,,,,,,,,,,,,,,,,,,67008,0,fc67b5b9a2d8c823e29b2d5c2dd6465388b731a6dccfb0feeb70cb674ab28be9,validation_005,1,4,582213489,9,,
4,0.8,A,ramp,True,False,48.0,20.0,0,maintain,0.0,0.0,51.19999999999995,16.0,0,0,maintain-maintain,0.07123279571533203,-0.03479372337460518,0.016046777367591858,0,0.07123279571533203,0.016046777367591858,0.05518601834774017,0.10602651908993721,"[true, true, true]",False,False,False,67008,0,fc67b5b9a2d8c823e29b2d5c2dd6465388b731a6dccfb0feeb70cb674ab28be9,validation_005,1,4,582213489,9,,
4,0.8,B,mainline,True,False,51.19999999999995,16.0,0,maintain,0.0,0.0,48.0,20.0,0,0,maintain-maintain,0.1684831976890564,-0.016505226492881775,0.030412377789616585,0,0.1684831976890564,0.030412377789616585,0.1380708198994398,0.18498842418193817,"[true, true, true]",False,False,False,67008,0,fc67b5b9a2d8c823e29b2d5c2dd6465388b731a6dccfb0feeb70cb674ab28be9,validation_005,1,4,582213489,9,,
4,0.8,B_front,background_mainline,True,,122.0,20.0,,,,,,,,,,,,,,,,,,,,,,67008,0,fc67b5b9a2d8c823e29b2d5c2dd6465388b731a6dccfb0feeb70cb674ab28be9,validation_005,1,4,582213489,9,,
4,0.8,B_rear,background_mainline,True,,30.272542440013506,15.848224001625413,,,,,,,,,,,,,,,,,,,,,,67008,0,fc67b5b9a2d8c823e29b2d5c2dd6465388b731a6dccfb0feeb70cb674ab28be9,validation_005,1,4,582213489,9,,
5,1.0,A,ramp,True,False,52.0,20.0,0,maintain,0.0,0.0,54.39999999999994,16.0,0,0,maintain-maintain,0.0704285204410553,-0.03532303869724274,0.01760639250278473,0,0.0704285204410553,0.01760639250278473,0.05282212793827057,0.10575155913829803,"[true, true, true]",False,False,False,67008,0,fc67b5b9a2d8c823e29b2d5c2dd6465388b731a6dccfb0feeb70cb674ab28be9,validation_005,1,4,582213489,9,,
5,1.0,B,mainline,True,False,54.39999999999994,16.0,0,maintain,0.0,0.0,52.0,20.0,0,0,maintain-maintain,0.1708492636680603,-0.017355680465698242,0.030845914036035538,0,0.1708492636680603,0.030845914036035538,0.14000334963202477,0.18820494413375854,"[true, true, true]",False,False,False,67008,0,fc67b5b9a2d8c823e29b2d5c2dd6465388b731a6dccfb0feeb70cb674ab28be9,validation_005,1,4,582213489,9,,
5,1.0,B_front,background_mainline,True,,126.0,20.0,,,,,,,,,,,,,,,,,,,,,,67008,0,fc67b5b9a2d8c823e29b2d5c2dd6465388b731a6dccfb0feeb70cb674ab28be9,validation_005,1,4,582213489,9,,
5,1.0,B_rear,background_mainline,True,,33.410763451653374,15.547406498688567,,,,,,,,,,,,,,,,,,,,,,67008,0,fc67b5b9a2d8c823e29b2d5c2dd6465388b731a6dccfb0feeb70cb674ab28be9,validation_005,1,4,582213489,9,,
6,1.2000000000000002,A,ramp,True,False,56.0,20.0,0,maintain,0.0,0.0,57.59999999999993,16.0,0,0,maintain-maintain,0.06960193812847137,-0.03580920398235321,0.01911918818950653,0,0.06960193812847137,0.01911918818950653,0.050482749938964844,0.10541114211082458,"[true, true, true]",False,False,False,67008,0,fc67b5b9a2d8c823e29b2d5c2dd6465388b731a6dccfb0feeb70cb674ab28be9,validation_005,1,4,582213489,9,,
6,1.2000000000000002,B,mainline,True,False,57.59999999999993,16.0,0,maintain,0.0,0.0,56.0,20.0,0,0,maintain-maintain,0.17299160361289978,-0.01811601221561432,0.03114597499370575,0,0.17299160361289978,0.03114597499370575,0.14184562861919403,0.1911076158285141,"[true, true, true]",False,False,False,67008,0,fc67b5b9a2d8c823e29b2d5c2dd6465388b731a6dccfb0feeb70cb674ab28be9,validation_005,1,4,582213489,9,,
6,1.2000000000000002,B_front,background_mainline,True,,130.0,20.0,,,,,,,,,,,,,,,,,,,,,,67008,0,fc67b5b9a2d8c823e29b2d5c2dd6465388b731a6dccfb0feeb70cb674ab28be9,validation_005,1,4,582213489,9,,
6,1.2000000000000002,B_rear,background_mainline,True,,36.49650908699333,15.319697024324133,,,,,,,,,,,,,,,,,,,,,,67008,0,fc67b5b9a2d8c823e29b2d5c2dd6465388b731a6dccfb0feeb70cb674ab28be9,validation_005,1,4,582213489,9,,
7,1.4000000000000001,A,ramp,True,False,60.0,20.0,0,maintain,0.0,0.0,60.79999999999992,16.0,0,0,maintain-maintain,0.06866775453090668,-0.03623874858021736,0.020575203001499176,0,0.06866775453090668,0.020575203001499176,0.0480925515294075,0.10490650311112404,"[true, true, true]",False,False,False,67008,0,fc67b5b9a2d8c823e29b2d5c2dd6465388b731a6dccfb0feeb70cb674ab28be9,validation_005,1,4,582213489,9,,
7,1.4000000000000001,B,mainline,True,False,60.79999999999992,16.0,0,maintain,0.0,0.0,60.0,20.0,0,0,maintain-maintain,0.17493490874767303,-0.018642649054527283,0.03136884421110153,0,0.17493490874767303,0.03136884421110153,0.1435660645365715,0.19357755780220032,"[true, true, true]",False,False,False,67008,0,fc67b5b9a2d8c823e29b2d5c2dd6465388b731a6dccfb0feeb70cb674ab28be9,validation_005,1,4,582213489,9,,
7,1.4000000000000001,B_front,background_mainline,True,,134.0,20.0,,,,,,,,,,,,,,,,,,,,,,67008,0,fc67b5b9a2d8c823e29b2d5c2dd6465388b731a6dccfb0feeb70cb674ab28be9,validation_005,1,4,582213489,9,,
7,1.4000000000000001,B_rear,background_mainline,True,,39.54230198562867,15.14540608994518,,,,,,,,,,,,,,,,,,,,,,67008,0,fc67b5b9a2d8c823e29b2d5c2dd6465388b731a6dccfb0feeb70cb674ab28be9,validation_005,1,4,582213489,9,,
8,1.6,A,ramp,True,False,64.0,20.0,0,maintain,0.0,0.0,63.99999999999991,16.0,0,0,maintain-maintain,0.06696569919586182,-0.036414649337530136,0.021926721557974815,0,0.06696569919586182,0.021926721557974815,0.045038977637887,0.10338034853339195,"[true, true, true]",False,False,False,67008,0,fc67b5b9a2d8c823e29b2d5c2dd6465388b731a6dccfb0feeb70cb674ab28be9,validation_005,1,4,582213489,9,,
8,1.6,B,mainline,True,False,63.99999999999991,16.0,0,maintain,0.0,0.0,64.0,20.0,0,0,maintain-maintain,0.17600750923156738,-0.01901857554912567,0.0312846377491951,0,0.17600750923156738,0.0312846377491951,0.14472287148237228,0.19502608478069305,"[true, true, true]",False,False,False,67008,0,fc67b5b9a2d8c823e29b2d5c2dd6465388b731a6dccfb0feeb70cb674ab28be9,validation_005,1,4,582213489,9,,
8,1.6,B_front,background_mainline,True,,138.0,20.0,,,,,,,,,,,,,,,,,,,,,,67008,0,fc67b5b9a2d8c823e29b2d5c2dd6465388b731a6dccfb0feeb70cb674ab28be9,validation_005,1,4,582213489,9,,
8,1.6,B_rear,background_mainline,True,,42.55742906219087,15.011339484868996,,,,,,,,,,,,,,,,,,,,,,67008,0,fc67b5b9a2d8c823e29b2d5c2dd6465388b731a6dccfb0feeb70cb674ab28be9,validation_005,1,4,582213489,9,,
9,1.8,A,ramp,True,False,68.0,20.0,0,maintain,0.0,0.0,67.1999999999999,16.0,0,0,maintain-maintain,0.06524302065372467,-0.03657197579741478,0.023251738399267197,0,0.06524302065372467,0.023251738399267197,0.041991282254457474,0.10181499645113945,"[true, true, true]",False,False,False,67008,0,fc67b5b9a2d8c823e29b2d5c2dd6465388b731a6dccfb0feeb70cb674ab28be9,validation_005,1,4,582213489,9,,
9,1.8,B,mainline,True,False,67.1999999999999,16.0,0,maintain,0.0,0.0,68.0,20.0,0,0,maintain-maintain,0.17694036662578583,-0.019456781446933746,0.030969860032200813,0,0.17694036662578583,0.030969860032200813,0.14597050659358501,0.19639714807271957,"[true, true, true]",False,False,False,67008,0,fc67b5b9a2d8c823e29b2d5c2dd6465388b731a6dccfb0feeb70cb674ab28be9,validation_005,1,4,582213489,9,,
9,1.8,B_front,background_mainline,True,,142.0,20.0,,,,,,,,,,,,,,,,,,,,,,67008,0,fc67b5b9a2d8c823e29b2d5c2dd6465388b731a6dccfb0feeb70cb674ab28be9,validation_005,1,4,582213489,9,,
9,1.8,B_rear,background_mainline,True,,45.54896375678824,14.908270389754659,,,,,,,,,,,,,,,,,,,,,,67008,0,fc67b5b9a2d8c823e29b2d5c2dd6465388b731a6dccfb0feeb70cb674ab28be9,validation_005,1,4,582213489,9,,
10,2.0,A,ramp,True,False,72.0,20.0,0,maintain,0.0,0.0,70.39999999999989,16.0,0,0,maintain-maintain,0.06350485235452652,-0.03720738738775253,0.02447526343166828,0,0.06350485235452652,0.02447526343166828,0.03902958892285824,0.10071223974227905,"[true, true, true]",False,False,False,67008,0,fc67b5b9a2d8c823e29b2d5c2dd6465388b731a6dccfb0feeb70cb674ab28be9,validation_005,1,4,582213489,9,,
10,2.0,B,mainline,True,False,70.39999999999989,16.0,0,maintain,0.0,0.0,72.0,20.0,0,0,maintain-maintain,0.17780214548110962,-0.019927218556404114,0.03051786497235298,0,0.17780214548110962,0.03051786497235298,0.14728428050875664,0.19772936403751373,"[true, true, true]",False,False,False,67008,0,fc67b5b9a2d8c823e29b2d5c2dd6465388b731a6dccfb0feeb70cb674ab28be9,validation_005,1,4,582213489,9,,
10,2.0,B_front,background_mainline,True,,146.0,20.0,,,,,,,,,,,,,,,,,,,,,,67008,0,fc67b5b9a2d8c823e29b2d5c2dd6465388b731a6dccfb0feeb70cb674ab28be9,validation_005,1,4,582213489,9,,
10,2.0,B_rear,background_mainline,True,,48.52240598957687,14.829524320238427,,,,,,,,,,,,,,,,,,,,,,67008,0,fc67b5b9a2d8c823e29b2d5c2dd6465388b731a6dccfb0feeb70cb674ab28be9,validation_005,1,4,582213489,9,,
11,2.2,A,ramp,True,False,76.0,20.0,0,maintain,0.0,0.0,73.59999999999988,16.0,0,0,maintain-maintain,0.06181654334068298,-0.0382712222635746,0.025515208020806313,0,0.06181654334068298,0.025515208020806313,0.03630133531987667,0.10008776560425758,"[true, true, true]",False,False,False,67008,0,fc67b5b9a2d8c823e29b2d5c2dd6465388b731a6dccfb0feeb70cb674ab28be9,validation_005,1,4,582213489,9,,
11,2.2,B,mainline,True,False,73.59999999999988,16.0,0,maintain,0.0,0.0,76.0,20.0,0,0,maintain-maintain,0.17899316549301147,-0.02041982114315033,0.02995595894753933,0,0.17899316549301147,0.02995595894753933,0.14903720654547215,0.1994129866361618,"[true, true, true]",False,False,False,67008,0,fc67b5b9a2d8c823e29b2d5c2dd6465388b731a6dccfb0feeb70cb674ab28be9,validation_005,1,4,582213489,9,,
11,2.2,B_front,background_mainline,True,,150.0,20.0,,,,,,,,,,,,,,,,,,,,,,67008,0,fc67b5b9a2d8c823e29b2d5c2dd6465388b731a6dccfb0feeb70cb674ab28be9,validation_005,1,4,582213489,9,,
11,2.2,B_rear,background_mainline,True,,51.482102116434845,14.77013860856792,,,,,,,,,,,,,,,,,,,,,,67008,0,fc67b5b9a2d8c823e29b2d5c2dd6465388b731a6dccfb0feeb70cb674ab28be9,validation_005,1,4,582213489,9,,
12,2.4000000000000004,A,ramp,True,False,80.0,20.0,0,maintain,0.0,0.0,76.79999999999987,16.0,0,0,maintain-maintain,0.060277946293354034,-0.03979784995317459,0.026323607191443443,0,0.060277946293354034,0.026323607191443443,0.03395433910191059,0.10007579624652863,"[true, true, true]",False,False,False,67008,0,fc67b5b9a2d8c823e29b2d5c2dd6465388b731a6dccfb0feeb70cb674ab28be9,validation_005,1,4,582213489,9,,
12,2.4000000000000004,B,mainline,True,False,76.79999999999987,16.0,0,maintain,0.0,0.0,80.0,20.0,0,0,maintain-maintain,0.1804818958044052,-0.02093355357646942,0.029298333451151848,0,0.1804818958044052,0.029298333451151848,0.15118356235325336,0.20141544938087463,"[true, true, true]",False,False,False,67008,0,fc67b5b9a2d8c823e29b2d5c2dd6465388b731a6dccfb0feeb70cb674ab28be9,validation_005,1,4,582213489,9,,
12,2.4000000000000004,B_front,background_mainline,True,,154.0,20.0,,,,,,,,,,,,,,,,,,,,,,67008,0,fc67b5b9a2d8c823e29b2d5c2dd6465388b731a6dccfb0feeb70cb674ab28be9,validation_005,1,4,582213489,9,,
12,2.4000000000000004,B_rear,background_mainline,True,,54.43153124120051,14.72633866941052,,,,,,,,,,,,,,,,,,,,,,67008,0,fc67b5b9a2d8c823e29b2d5c2dd6465388b731a6dccfb0feeb70cb674ab28be9,validation_005,1,4,582213489,9,,
13,2.6,A,ramp,True,False,84.0,20.0,0,maintain,0.0,0.0,79.99999999999986,16.0,0,0,maintain-maintain,0.05865243822336197,-0.04119088128209114,0.027085011824965477,0,0.05865243822336197,0.027085011824965477,0.03156742639839649,0.09984331950545311,"[true, true, true]",False,False,False,67008,0,fc67b5b9a2d8c823e29b2d5c2dd6465388b731a6dccfb0feeb70cb674ab28be9,validation_005,1,4,582213489,9,,
13,2.6,B,mainline,True,False,79.99999999999986,16.0,0,maintain,0.0,0.0,84.0,20.0,0,0,maintain-maintain,0.18194550275802612,-0.021439887583255768,0.02862509898841381,0,0.18194550275802612,0.02862509898841381,0.1533204037696123,0.2033853903412819,"[true, true, true]",False,False,False,67008,0,fc67b5b9a2d8c823e29b2d5c2dd6465388b731a6dccfb0feeb70cb674ab28be9,validation_005,1,4,582213489,9,,
13,2.6,B_front,background_mainline,True,,158.0,20.0,,,,,,,,,,,,,,,,,,,,,,67008,0,fc67b5b9a2d8c823e29b2d5c2dd6465388b731a6dccfb0feeb70cb674ab28be9,validation_005,1,4,582213489,9,,
13,2.6,B_rear,background_mainline,True,,57.37350668656598,14.695198500098094,,,,,,,,,,,,,,,,,,,,,,67008,0,fc67b5b9a2d8c823e29b2d5c2dd6465388b731a6dccfb0feeb70cb674ab28be9,validation_005,1,4,582213489,9,,
14,2.8000000000000003,A,ramp,True,False,88.0,20.0,0,maintain,0.0,0.0,83.19999999999985,16.0,0,0,maintain-maintain,0.05690012872219086,-0.04254414141178131,0.027587471529841423,0,0.05690012872219086,0.027587471529841423,0.029312657192349434,0.09944427013397217,"[true, true, true]",False,False,False,67008,0,fc67b5b9a2d8c823e29b2d5c2dd6465388b731a6dccfb0feeb70cb674ab28be9,validation_005,1,4,582213489,9,,
14,2.8000000000000003,B,mainline,True,False,83.19999999999985,16.0,0,maintain,0.0,0.0,88.0,20.0,0,0,maintain-maintain,0.18331362307071686,-0.021961167454719543,0.027892978861927986,0,0.18331362307071686,0.027892978861927986,0.15542064420878887,0.2052747905254364,"[true, true, true]",False,False,False,67008,0,fc67b5b9a2d8c823e29b2d5c2dd6465388b731a6dccfb0feeb70cb674ab28be9,validation_005,1,4,582213489,9,,
14,2.8000000000000003,B_front,background_mainline,True,,162.0,20.0,,,,,,,,,,,,,,,,,,,,,,67008,0,fc67b5b9a2d8c823e29b2d5c2dd6465388b731a6dccfb0feeb70cb674ab28be9,validation_005,1,4,582213489,9,,
14,2.8000000000000003,B_rear,background_mainline,True,,60.31032159540981,14.674413169185362,,,,,,,,,,,,,,,,,,,,,,67008,0,fc67b5b9a2d8c823e29b2d5c2dd6465388b731a6dccfb0feeb70cb674ab28be9,validation_005,1,4,582213489,9,,
15,3.0,A,ramp,True,False,92.0,20.0,0,maintain,0.0,0.0,86.39999999999984,16.0,0,0,maintain-maintain,0.05513691157102585,-0.043884508311748505,0.02809234708547592,0,0.05513691157102585,0.02809234708547592,0.027044564485549927,0.09902141988277435,"[true, true, true]",False,False,False,67008,0,fc67b5b9a2d8c823e29b2d5c2dd6465388b731a6dccfb0feeb70cb674ab28be9,validation_005,1,4,582213489,9,,
15,3.0,B,mainline,True,False,86.39999999999984,16.0,0,maintain,0.0,0.0,92.0,20.0,0,0,maintain-maintain,0.18449249863624573,-0.022403642535209656,0.027044089511036873,0,0.18449249863624573,0.027044089511036873,0.15744840912520885,0.20689614117145538,"[true, true, true]",False,False,False,67008,0,fc67b5b9a2d8c823e29b2d5c2dd6465388b731a6dccfb0feeb70cb674ab28be9,validation_005,1,4,582213489,9,,
15,3.0,B_front,background_mainline,True,,166.0,20.0,,,,,,,,,,,,,,,,,,,,,,67008,0,fc67b5b9a2d8c823e29b2d5c2dd6465388b731a6dccfb0feeb70cb674ab28be9,validation_005,1,4,582213489,9,,
15,3.0,B_rear,background_mainline,True,,63.24385658297747,14.662141962490464,,,,,,,,,,,,,,,,,,,,,,67008,0,fc67b5b9a2d8c823e29b2d5c2dd6465388b731a6dccfb0feeb70cb674ab28be9,validation_005,1,4,582213489,9,,
16,3.2,A,ramp,True,False,96.0,20.0,0,maintain,0.0,0.0,89.59999999999982,16.0,0,0,maintain-maintain,0.05342073738574982,-0.045060157775878906,0.028706353157758713,0,0.05342073738574982,0.028706353157758713,0.024714384227991104,0.09848089516162872,"[true, true, true]",False,False,False,67008,0,fc67b5b9a2d8c823e29b2d5c2dd6465388b731a6dccfb0feeb70cb674ab28be9,validation_005,1,4,582213489,9,,
16,3.2,B,mainline,True,False,89.59999999999982,16.0,0,maintain,0.0,0.0,96.0,20.0,0,0,maintain-maintain,0.18555139005184174,-0.022663719952106476,0.026127789169549942,0,0.18555139005184174,0.026127789169549942,0.1594236008822918,0.2082151100039482,"[true, true, true]",False,False,False,67008,0,fc67b5b9a2d8c823e29b2d5c2dd6465388b731a6dccfb0feeb70cb674ab28be9,validation_005,1,4,582213489,9,,
16,3.2,B_front,background_mainline,True,,170.0,20.0,,,,,,,,,,,,,,,,,,,,,,67008,0,fc67b5b9a2d8c823e29b2d5c2dd6465388b731a6dccfb0feeb70cb674ab28be9,validation_005,1,4,582213489,9,,
16,3.2,B_rear,background_mainline,True,,66.17566091720816,14.656897553351971,,,,,,,,,,,,,,,,,,,,,,67008,0,fc67b5b9a2d8c823e29b2d5c2dd6465388b731a6dccfb0feeb70cb674ab28be9,validation_005,1,4,582213489,9,,
17,3.4000000000000004,A,ramp,True,False,100.0,20.0,0,maintain,0.0,0.0,92.79999999999981,16.0,0,0,maintain-maintain,0.05184993892908096,-0.04581674933433533,0.029604952782392502,0,0.05184993892908096,0.029604952782392502,0.02224498614668846,0.09766668826341629,"[true, true, true]",False,False,False,67008,0,fc67b5b9a2d8c823e29b2d5c2dd6465388b731a6dccfb0feeb70cb674ab28be9,validation_005,1,4,582213489,9,,
17,3.4000000000000004,B,mainline,True,False,92.79999999999981,16.0,0,maintain,0.0,0.0,100.0,20.0,0,0,maintain-maintain,0.18660970032215118,-0.02294006198644638,0.025242051109671593,0,0.18660970032215118,0.025242051109671593,0.1613676492124796,0.20954976230859756,"[true, true, true]",False,False,False,67008,0,fc67b5b9a2d8c823e29b2d5c2dd6465388b731a6dccfb0feeb70cb674ab28be9,validation_005,1,4,582213489,9,,
17,3.4000000000000004,B_front,background_mainline,True,,174.0,20.0,,,,,,,,,,,,,,,,,,,,,,67008,0,fc67b5b9a2d8c823e29b2d5c2dd6465388b731a6dccfb0feeb70cb674ab28be9,validation_005,1,4,582213489,9,,
17,3.4000000000000004,B_rear,background_mainline,True,,69.10701480119897,14.657465990696096,,,,,,,,,,,,,,,,,,,,,,67008,0,fc67b5b9a2d8c823e29b2d5c2dd6465388b731a6dccfb0feeb70cb674ab28be9,validation_005,1,4,582213489,9,,
18,3.6,A,ramp,True,False,104.0,20.0,0,maintain,0.0,0.0,95.9999999999998,16.0,0,0,maintain-maintain,0.050398729741573334,-0.04646080732345581,0.030634207651019096,0,0.050398729741573334,0.030634207651019096,0.019764522090554237,0.09685953706502914,"[true, true, true]",False,False,False,67008,0,fc67b5b9a2d8c823e29b2d5c2dd6465388b731a6dccfb0feeb70cb674ab28be9,validation_005,1,4,582213489,9,3.7211100113070614,
18,3.6,B,mainline,True,False,95.9999999999998,16.0,0,maintain,0.0,0.0,104.0,20.0,0,0,maintain-maintain,0.1877259910106659,-0.02293064445257187,0.025187483057379723,0,0.1877259910106659,0.025187483057379723,0.16253850795328617,0.21065663546323776,"[true, true, true]",False,False,False,67008,0,fc67b5b9a2d8c823e29b2d5c2dd6465388b731a6dccfb0feeb70cb674ab28be9,validation_005,1,4,582213489,9,3.7211100113070614,
18,3.6,B_front,background_mainline,True,,178.0,20.0,,,,,,,,,,,,,,,,,,,,,,67008,0,fc67b5b9a2d8c823e29b2d5c2dd6465388b731a6dccfb0feeb70cb674ab28be9,validation_005,1,4,582213489,9,,
18,3.6,B_rear,background_mainline,True,,72.03897788770404,14.662847827311545,,,,,,,,,,,,,,,,,,,,,,67008,0,fc67b5b9a2d8c823e29b2d5c2dd6465388b731a6dccfb0feeb70cb674ab28be9,validation_005,1,4,582213489,9,,
19,3.8000000000000003,A,ramp,True,False,108.0,20.0,0,maintain,0.0,0.0,99.19999999999979,16.0,0,0,maintain-maintain,0.04817543923854828,-0.04560183733701706,-0.0012455582618713379,0,0.04817543923854828,-0.0012455582618713379,0.04942099750041962,0.09377727657556534,"[true, true, true]",False,False,False,67008,0,fc67b5b9a2d8c823e29b2d5c2dd6465388b731a6dccfb0feeb70cb674ab28be9,validation_005,1,4,582213489,9,4.490400185418935,
19,3.8000000000000003,B,mainline,True,False,99.19999999999979,16.0,0,maintain,0.0,0.0,108.0,20.0,0,0,maintain-maintain,0.17684966325759888,-0.024233773350715637,0.039502207189798355,0,0.17684966325759888,0.039502207189798355,0.13734745606780052,0.20108343660831451,"[true, true, true]",False,False,False,67008,0,fc67b5b9a2d8c823e29b2d5c2dd6465388b731a6dccfb0feeb70cb674ab28be9,validation_005,1,4,582213489,9,4.490400185418935,
19,3.8000000000000003,B_front,background_mainline,True,,182.0,20.0,,,,,,,,,,,,,,,,,,,,,,67008,0,fc67b5b9a2d8c823e29b2d5c2dd6465388b731a6dccfb0feeb70cb674ab28be9,validation_005,1,4,582213489,9,,
19,3.8000000000000003,B_rear,background_mainline,True,,74.97242758050754,14.672214062655758,,,,,,,,,,,,,,,,,,,,,,67008,0,fc67b5b9a2d8c823e29b2d5c2dd6465388b731a6dccfb0feeb70cb674ab28be9,validation_005,1,4,582213489,9,,
20,4.0,A,ramp,True,False,112.0,20.0,0,maintain,0.0,0.0,102.39999999999978,16.0,0,0,maintain-maintain,0.04726971685886383,-0.04698013514280319,-0.000649675726890564,0,0.04726971685886383,-0.000649675726890564,0.047919392585754395,0.09424985200166702,"[true, true, true]",False,False,False,67008,0,fc67b5b9a2d8c823e29b2d5c2dd6465388b731a6dccfb0feeb70cb674ab28be9,validation_005,1,4,582213489,9,5.261653451641479,
20,4.0,B,mainline,True,False,102.39999999999978,16.0,0,maintain,0.0,0.0,112.0,20.0,0,0,maintain-maintain,0.17854084074497223,-0.02345338463783264,0.039086923003196716,0,0.17854084074497223,0.039086923003196716,0.1394539177417755,0.20199422538280487,"[true, true, true]",False,False,False,67008,0,fc67b5b9a2d8c823e29b2d5c2dd6465388b731a6dccfb0feeb70cb674ab28be9,validation_005,1,4,582213489,9,5.261653451641479,
20,4.0,B_front,background_mainline,True,,186.0,20.0,,,,,,,,,,,,,,,,,,,,,,67008,0,fc67b5b9a2d8c823e29b2d5c2dd6465388b731a6dccfb0feeb70cb674ab28be9,validation_005,1,4,582213489,9,,
20,4.0,B_rear,background_mainline,True,,77.90808963648631,14.68487266671984,,,,,,,,,,,,,,,,,,,,,,67008,0,fc67b5b9a2d8c823e29b2d5c2dd6465388b731a6dccfb0feeb70cb674ab28be9,validation_005,1,4,582213489,9,,
21,4.2,A,ramp,True,False,116.0,20.0,0,maintain,0.0,0.0,105.59999999999977,16.0,0,0,maintain-maintain,0.04629497975111008,-0.04832831770181656,-1.3366341590881348e-05,0,0.04629497975111008,-1.3366341590881348e-05,0.04630834609270096,0.09462329745292664,"[true, true, true]",False,False,False,67008,0,fc67b5b9a2d8c823e29b2d5c2dd6465388b731a6dccfb0feeb70cb674ab28be9,validation_005,1,4,582213489,9,6.0384097335651035,
21,4.2,B,mainline,True,False,105.59999999999977,16.0,0,maintain,0.0,0.0,116.0,20.0,0,0,maintain-maintain,0.180154487490654,-0.022037342190742493,0.03882448375225067,0,0.180154487490654,0.03882448375225067,0.14133000373840332,0.20219182968139648,"[true, true, true]",False,False,False,67008,0,fc67b5b9a2d8c823e29b2d5c2dd6465388b731a6dccfb0feeb70cb674ab28be9,validation_005,1,4,582213489,9,6.0384097335651035,
21,4.2,B_front,background_mainline,True,,190.0,20.0,,,,,,,,,,,,,,,,,,,,,,67008,0,fc67b5b9a2d8c823e29b2d5c2dd6465388b731a6dccfb0feeb70cb674ab28be9,validation_005,1,4,582213489,9,,
21,4.2,B_rear,background_mainline,True,,80.84656287852293,14.700242791499189,,,,,,,,,,,,,,,,,,,,,,67008,0,fc67b5b9a2d8c823e29b2d5c2dd6465388b731a6dccfb0feeb70cb674ab28be9,validation_005,1,4,582213489,9,,
22,4.4,A,ramp,True,False,120.0,20.0,0,maintain,0.0,0.0,108.79999999999976,16.0,0,0,maintain-maintain,0.04539965093135834,-0.049394939094781876,0.0002923533320426941,0,0.04539965093135834,0.0002923533320426941,0.04510729759931564,0.09479459002614021,"[true, true, true]",False,False,False,67008,0,fc67b5b9a2d8c823e29b2d5c2dd6465388b731a6dccfb0feeb70cb674ab28be9,validation_005,1,4,582213489,9,6.8225995334051674,
22,4.4,B,mainline,True,False,108.79999999999976,16.0,0,maintain,0.0,0.0,120.0,20.0,0,0,maintain-maintain,0.18143042922019958,-0.020476773381233215,0.03822712227702141,0,0.18143042922019958,0.03822712227702141,0.14320330694317818,0.2019072026014328,"[true, true, true]",False,False,False,67008,0,fc67b5b9a2d8c823e29b2d5c2dd6465388b731a6dccfb0feeb70cb674ab28be9,validation_005,1,4,582213489,9,6.8225995334051674,
22,4.4,B_front,background_mainline,True,,194.0,20.0,,,,,,,,,,,,,,,,,,,,,,67008,0,fc67b5b9a2d8c823e29b2d5c2dd6465388b731a6dccfb0feeb70cb674ab28be9,validation_005,1,4,582213489,9,,
22,4.4,B_rear,background_mainline,True,,83.78833934418984,14.717834654839969,,,,,,,,,,,,,,,,,,,,,,67008,0,fc67b5b9a2d8c823e29b2d5c2dd6465388b731a6dccfb0feeb70cb674ab28be9,validation_005,1,4,582213489,9,,
23,4.6000000000000005,A,ramp,True,False,124.0,20.0,0,maintain,0.0,0.0,111.99999999999974,16.0,0,0,maintain-maintain,0.04456774890422821,-0.05037178844213486,0.0004927776753902435,0,0.04456774890422821,0.0004927776753902435,0.04407497122883797,0.09493953734636307,"[true, true, true]",False,False,False,67008,0,fc67b5b9a2d8c823e29b2d5c2dd6465388b731a6dccfb0feeb70cb674ab28be9,validation_005,1,4,582213489,9,7.6140464246074515,
23,4.6000000000000005,B,mainline,True,False,111.99999999999974,16.0,0,maintain,0.0,0.0,124.0,20.0,0,0,maintain-maintain,0.1822197288274765,-0.019071340560913086,0.038029029965400696,0,0.1822197288274765,0.038029029965400696,0.1441906988620758,0.2012910693883896,"[true, true, true]",False,False,False,67008,0,fc67b5b9a2d8c823e29b2d5c2dd6465388b731a6dccfb0feeb70cb674ab28be9,validation_005,1,4,582213489,9,7.6140464246074515,
23,4.6000000000000005,B_front,background_mainline,True,,198.0,20.0,,,,,,,,,,,,,,,,,,,,,,67008,0,fc67b5b9a2d8c823e29b2d5c2dd6465388b731a6dccfb0feeb70cb674ab28be9,validation_005,1,4,582213489,9,,
23,4.6000000000000005,B_rear,background_mainline,True,,86.73382085442388,14.737233669004388,,,,,,,,,,,,,,,,,,,,,,67008,0,fc67b5b9a2d8c823e29b2d5c2dd6465388b731a6dccfb0feeb70cb674ab28be9,validation_005,1,4,582213489,9,,
24,4.800000000000001,A,ramp,True,False,128.0,20.0,0,maintain,0.0,0.0,115.19999999999973,16.0,0,0,maintain-maintain,0.04363856464624405,-0.05155671387910843,0.0007903911173343658,0,0.04363856464624405,0.0007903911173343658,0.04284817352890968,0.09519527852535248,"[true, true, true]",False,False,False,67008,0,fc67b5b9a2d8c823e29b2d5c2dd6465388b731a6dccfb0feeb70cb674ab28be9,validation_005,1,4,582213489,9,8.410772018403236,
24,4.800000000000001,B,mainline,True,False,115.19999999999973,16.0,0,maintain,0.0,0.0,128.0,20.0,0,0,maintain-maintain,0.1829102784395218,-0.01777009665966034,0.038067594170570374,0,0.1829102784395218,0.038067594170570374,0.14484268426895142,0.20068037509918213,"[true, true, true]",False,False,False,67008,0,fc67b5b9a2d8c823e29b2d5c2dd6465388b731a6dccfb0feeb70cb674ab28be9,validation_005,1,4,582213489,9,8.410772018403236,
24,4.800000000000001,B_front,background_mainline,True,,202.0,20.0,,,,,,,,,,,,,,,,,,,,,,67008,0,fc67b5b9a2d8c823e29b2d5c2dd6465388b731a6dccfb0feeb70cb674ab28be9,validation_005,1,4,582213489,9,,
24,4.800000000000001,B_rear,background_mainline,True,,89.68333274326632,14.758087786803967,,,,,,,,,,,,,,,,,,,,,,67008,0,fc67b5b9a2d8c823e29b2d5c2dd6465388b731a6dccfb0feeb70cb674ab28be9,validation_005,1,4,582213489,9,,
25,5.0,A,ramp,True,False,132.0,20.0,0,maintain,0.0,0.0,118.39999999999972,16.0,0,0,maintain-maintain,0.04268212616443634,-0.053217511624097824,0.0011100023984909058,0,0.04268212616443634,0.0011100023984909058,0.041572123765945435,0.09589963778853416,"[true, true, true]",False,False,False,67008,0,fc67b5b9a2d8c823e29b2d5c2dd6465388b731a6dccfb0feeb70cb674ab28be9,validation_005,1,4,582213489,9,9.2101001371,
25,5.0,B,mainline,True,False,118.39999999999972,16.0,0,maintain,0.0,0.0,132.0,20.0,0,0,maintain-maintain,0.1836945116519928,-0.016421295702457428,0.03809242323040962,0,0.1836945116519928,0.03809242323040962,0.14560208842158318,0.20011580735445023,"[true, true, true]",False,False,False,67008,0,fc67b5b9a2d8c823e29b2d5c2dd6465388b731a6dccfb0feeb70cb674ab28be9,validation_005,1,4,582213489,9,9.2101001371,
25,5.0,B_front,background_mainline,True,,206.0,20.0,,,,,,,,,,,,,,,,,,,,,,67008,0,fc67b5b9a2d8c823e29b2d5c2dd6465388b731a6dccfb0feeb70cb674ab28be9,validation_005,1,4,582213489,9,,
25,5.0,B_rear,background_mainline,True,,92.63713531362761,14.780097315800283,,,,,,,,,,,,,,,,,,,,,,67008,0,fc67b5b9a2d8c823e29b2d5c2dd6465388b731a6dccfb0feeb70cb674ab28be9,validation_005,1,4,582213489,9,,
26,5.2,A,ramp,True,False,136.0,20.0,0,maintain,0.0,0.0,121.59999999999971,16.0,0,0,maintain-maintain,0.041719041764736176,-0.05517590790987015,0.0013491958379745483,0,0.041719041764736176,0.0013491958379745483,0.04036984592676163,0.09689494967460632,"[true, true, true]",False,False,False,67008,0,fc67b5b9a2d8c823e29b2d5c2dd6465388b731a6dccfb0feeb70cb674ab28be9,validation_005,1,4,582213489,9,10.010068760531738,
26,5.2,B,mainline,True,False,121.59999999999971,16.0,0,maintain,0.0,0.0,136.0,20.0,0,0,maintain-maintain,0.18456128239631653,-0.015072651207447052,0.03816384822130203,0,0.18456128239631653,0.03816384822130203,0.1463974341750145,0.19963393360376358,"[true, true, true]",False,False,False,67008,0,fc67b5b9a2d8c823e29b2d5c2dd6465388b731a6dccfb0feeb70cb674ab28be9,validation_005,1,4,582213489,9,10.010068760531738,
26,5.2,B_front,background_mainline,True,,210.0,20.0,,,,,,,,,,,,,,,,,,,,,,67008,0,fc67b5b9a2d8c823e29b2d5c2dd6465388b731a6dccfb0feeb70cb674ab28be9,validation_005,1,4,582213489,9,,
26,5.2,B_rear,background_mainline,True,,95.59543345473061,14.803006646542665,,,,,,,,,,,,,,,,,,,,,,67008,0,fc67b5b9a2d8c823e29b2d5c2dd6465388b731a6dccfb0feeb70cb674ab28be9,validation_005,1,4,582213489,9,,
27,5.4,A,ramp,True,False,140.0,20.0,0,maintain,0.0,0.0,124.7999999999997,16.0,0,0,maintain-maintain,0.04076903313398361,-0.05714321881532669,0.0015773773193359375,0,0.04076903313398361,0.0015773773193359375,0.039191655814647675,0.0979122519493103,"[true, true, true]",False,False,False,67008,0,fc67b5b9a2d8c823e29b2d5c2dd6465388b731a6dccfb0feeb70cb674ab28be9,validation_005,1,4,582213489,9,10.810068760524189,
27,5.4,B,mainline,True,False,124.7999999999997,16.0,0,maintain,0.0,0.0,140.0,20.0,0,0,maintain-maintain,0.18565911054611206,-0.013397380709648132,0.03839945048093796,0,0.18565911054611206,0.03839945048093796,0.1472596600651741,0.1990564912557602,"[true, true, true]",False,False,False,67008,0,fc67b5b9a2d8c823e29b2d5c2dd6465388b731a6dccfb0feeb70cb674ab28be9,validation_005,1,4,582213489,9,10.810068760524189,
27,5.4,B_front,background_mainline,True,,214.0,20.0,,,,,,,,,,,,,,,,,,,,,,67008,0,fc67b5b9a2d8c823e29b2d5c2dd6465388b731a6dccfb0feeb70cb674ab28be9,validation_005,1,4,582213489,9,,
27,5.4,B_rear,background_mainline,True,,98.55838476075411,14.826597480382203,,,,,,,,,,,,,,,,,,,,,,67008,0,fc67b5b9a2d8c823e29b2d5c2dd6465388b731a6dccfb0feeb70cb674ab28be9,validation_005,1,4,582213489,9,,
28,5.6000000000000005,A,ramp,True,False,144.0,20.0,0,maintain,0.0,0.0,127.99999999999969,16.0,0,0,maintain-maintain,0.03982225060462952,-0.059112511575222015,0.0018024295568466187,0,0.03982225060462952,0.0018024295568466187,0.0380198210477829,0.09893476217985153,"[true, true, true]",False,False,False,67008,0,fc67b5b9a2d8c823e29b2d5c2dd6465388b731a6dccfb0feeb70cb674ab28be9,validation_005,1,4,582213489,9,11.610068760524143,
28,5.6000000000000005,B,mainline,True,False,127.99999999999969,16.0,0,maintain,0.0,0.0,144.0,20.0,0,0,maintain-maintain,0.18658451735973358,-0.01161620020866394,0.038813743740320206,0,0.18658451735973358,0.038813743740320206,0.14777077361941338,0.19820071756839752,"[true, true, true]",False,False,False,67008,0,fc67b5b9a2d8c823e29b2d5c2dd6465388b731a6dccfb0feeb70cb674ab28be9,validation_005,1,4,582213489,9,11.610068760524143,
28,5.6000000000000005,B_front,background_mainline,True,,218.0,20.0,,,,,,,,,,,,,,,,,,,,,,67008,0,fc67b5b9a2d8c823e29b2d5c2dd6465388b731a6dccfb0feeb70cb674ab28be9,validation_005,1,4,582213489,9,,
28,5.6000000000000005,B_rear,background_mainline,True,,101.52610641790288,14.850683243359098,,,,,,,,,,,,,,,,,,,,,,67008,0,fc67b5b9a2d8c823e29b2d5c2dd6465388b731a6dccfb0feeb70cb674ab28be9,validation_005,1,4,582213489,9,,
29,5.800000000000001,A,ramp,True,False,148.0,20.0,0,maintain,0.0,0.0,131.19999999999973,16.0,0,0,maintain-maintain,0.0386875718832016,-0.061010584235191345,0.0020614266395568848,0,0.0386875718832016,0.0020614266395568848,0.036626145243644714,0.09969815611839294,"[true, true, true]",False,False,False,67008,0,fc67b5b9a2d8c823e29b2d5c2dd6465388b731a6dccfb0feeb70cb674ab28be9,validation_005,1,4,582213489,9,12.410068760524098,
29,5.800000000000001,B,mainline,True,False,131.19999999999973,16.0,0,maintain,0.0,0.0,148.0,20.0,0,0,maintain-maintain,0.1870594322681427,-0.00979362428188324,0.03970335051417351,0,0.1870594322681427,0.03970335051417351,0.1473560817539692,0.19685305655002594,"[true, true, true]",False,False,False,67008,0,fc67b5b9a2d8c823e29b2d5c2dd6465388b731a6dccfb0feeb70cb674ab28be9,validation_005,1,4,582213489,9,12.410068760524098,
29,5.800000000000001,B_front,background_mainline,True,,222.0,20.0,,,,,,,,,,,,,,,,,,,,,,67008,0,fc67b5b9a2d8c823e29b2d5c2dd6465388b731a6dccfb0feeb70cb674ab28be9,validation_005,1,4,582213489,9,,
29,5.800000000000001,B_rear,background_mainline,True,,104.49868107217276,14.875104446568573,,,,,,,,,,,,,,,,,,,,,,67008,0,fc67b5b9a2d8c823e29b2d5c2dd6465388b731a6dccfb0feeb70cb674ab28be9,validation_005,1,4,582213489,9,,
30,6.0,A,ramp,True,False,152.0,20.0,0,maintain,0.0,0.0,134.39999999999978,16.0,0,0,maintain-maintain,0.037633590400218964,-0.06303517520427704,0.002115122973918915,0,0.037633590400218964,0.002115122973918915,0.03551846742630005,0.100668765604496,"[true, true, true]",False,False,False,67008,0,fc67b5b9a2d8c823e29b2d5c2dd6465388b731a6dccfb0feeb70cb674ab28be9,validation_005,1,4,582213489,9,13.210068760524052,
30,6.0,B,mainline,True,False,134.39999999999978,16.0,0,maintain,0.0,0.0,152.0,20.0,0,0,maintain-maintain,0.18726396560668945,-0.00814695656299591,0.040589526295661926,0,0.18726396560668945,0.040589526295661926,0.14667443931102753,0.19541092216968536,"[true, true, true]",False,False,False,67008,0,fc67b5b9a2d8c823e29b2d5c2dd6465388b731a6dccfb0feeb70cb674ab28be9,validation_005,1,4,582213489,9,13.210068760524052,
30,6.0,B_front,background_mainline,True,,226.0,20.0,,,,,,,,,,,,,,,,,,,,,,67008,0,fc67b5b9a2d8c823e29b2d5c2dd6465388b731a6dccfb0feeb70cb674ab28be9,validation_005,1,4,582213489,9,,
30,6.0,B_rear,background_mainline,True,,107.4761618478841,14.89972480812078,,,,,,,,,,,,,,,,,,,,,,67008,0,fc67b5b9a2d8c823e29b2d5c2dd6465388b731a6dccfb0feeb70cb674ab28be9,validation_005,1,4,582213489,9,,
31,6.2,A,ramp,True,False,156.0,20.0,0,maintain,0.0,0.0,137.59999999999982,16.0,0,0,maintain-maintain,0.03653264045715332,-0.06493091583251953,0.0021947845816612244,0,0.03653264045715332,0.0021947845816612244,0.034337855875492096,0.10146355628967285,"[true, true, true]",False,False,False,67008,0,fc67b5b9a2d8c823e29b2d5c2dd6465388b731a6dccfb0feeb70cb674ab28be9,validation_005,1,4,582213489,9,14.010068760524007,
31,6.2,B,mainline,True,False,137.59999999999982,16.0,0,maintain,0.0,0.0,156.0,20.0,0,0,maintain-maintain,0.18746867775917053,-0.006499096751213074,0.0414743646979332,0,0.18746867775917053,0.0414743646979332,0.14599431306123734,0.1939677745103836,"[true, true, true]",False,False,False,67008,0,fc67b5b9a2d8c823e29b2d5c2dd6465388b731a6dccfb0feeb70cb674ab28be9,validation_005,1,4,582213489,9,14.010068760524007,
31,6.2,B_front,background_mainline,True,,230.0,20.0,,,,,,,,,,,,,,,,,,,,,,67008,0,fc67b5b9a2d8c823e29b2d5c2dd6465388b731a6dccfb0feeb70cb674ab28be9,validation_005,1,4,582213489,9,,
31,6.2,B_rear,background_mainline,True,,110.45857665435368,14.924427992730175,,,,,,,,,,,,,,,,,,,,,,67008,0,fc67b5b9a2d8c823e29b2d5c2dd6465388b731a6dccfb0feeb70cb674ab28be9,validation_005,1,4,582213489,9,,
32,6.4,A,ramp,True,False,160.0,20.0,0,maintain,0.0,0.0,140.79999999999987,16.0,0,0,maintain-maintain,0.03520458936691284,-0.06650097668170929,0.0022389329969882965,0,0.03520458936691284,0.0022389329969882965,0.032965656369924545,0.10170556604862213,"[true, true, true]",False,False,False,67008,0,fc67b5b9a2d8c823e29b2d5c2dd6465388b731a6dccfb0feeb70cb674ab28be9,validation_005,1,4,582213489,9,14.810068760523961,
32,6.4,B,mainline,True,False,140.79999999999987,16.0,0,maintain,0.0,0.0,160.0,20.0,0,0,maintain-maintain,0.1876586228609085,-0.0047814249992370605,0.04243163764476776,0,0.1876586228609085,0.04243163764476776,0.14522698521614075,0.19244004786014557,"[true, true, true]",False,False,False,67008,0,fc67b5b9a2d8c823e29b2d5c2dd6465388b731a6dccfb0feeb70cb674ab28be9,validation_005,1,4,582213489,9,14.810068760523961,
32,6.4,B_front,background_mainline,True,,234.0,20.0,,,,,,,,,,,,,,,,,,,,,,67008,0,fc67b5b9a2d8c823e29b2d5c2dd6465388b731a6dccfb0feeb70cb674ab28be9,validation_005,1,4,582213489,9,,
32,6.4,B_rear,background_mainline,True,,113.44593189250566,14.949114855872248,,,,,,,,,,,,,,,,,,,,,,67008,0,fc67b5b9a2d8c823e29b2d5c2dd6465388b731a6dccfb0feeb70cb674ab28be9,validation_005,1,4,582213489,9,,
33,6.6000000000000005,A,ramp,True,False,164.0,20.0,0,maintain,0.0,0.0,143.99999999999991,16.0,0,0,maintain-maintain,0.033876933157444,-0.06807101517915726,0.002283010631799698,0,0.033876933157444,0.002283010631799698,0.0315939225256443,0.10194794833660126,"[true, true, true]",False,False,False,67008,0,fc67b5b9a2d8c823e29b2d5c2dd6465388b731a6dccfb0feeb70cb674ab28be9,validation_005,1,4,582213489,9,15.610068760523916,
33,6.6000000000000005,B,mainline,True,False,143.99999999999991,16.0,0,maintain,0.0,0.0,164.0,20.0,0,0,maintain-maintain,0.18780946731567383,-0.002988964319229126,0.0434701070189476,0,0.18780946731567383,0.0434701070189476,0.14433936029672623,0.19079843163490295,"[true, true, true]",False,False,False,67008,0,fc67b5b9a2d8c823e29b2d5c2dd6465388b731a6dccfb0feeb70cb674ab28be9,validation_005,1,4,582213489,9,15.610068760523916,
33,6.6000000000000005,B_front,background_mainline,True,,238.0,20.0,,,,,,,,,,,,,,,,,,,,,,67008,0,fc67b5b9a2d8c823e29b2d5c2dd6465388b731a6dccfb0feeb70cb674ab28be9,validation_005,1,4,582213489,9,,
33,6.6000000000000005,B_rear,background_mainline,True,,116.43821565306325,14.973701102995264,,,,,,,,,,,,,,,,,,,,,,67008,0,fc67b5b9a2d8c823e29b2d5c2dd6465388b731a6dccfb0feeb70cb674ab28be9,validation_005,1,4,582213489,9,,
34,6.800000000000001,A,ramp,True,False,168.0,20.0,0,maintain,0.0,0.0,147.19999999999996,16.0,0,0,maintain-maintain,0.03254958987236023,-0.06964097917079926,0.0023271217942237854,0,0.03254958987236023,0.0023271217942237854,0.030222468078136444,0.10219056904315948,"[true, true, true]",False,False,False,67008,0,fc67b5b9a2d8c823e29b2d5c2dd6465388b731a6dccfb0feeb70cb674ab28be9,validation_005,1,4,582213489,9,16.41006876052387,
34,6.800000000000001,B,mainline,True,False,147.19999999999996,16.0,0,maintain,0.0,0.0,168.0,20.0,0,0,maintain-maintain,0.1873602271080017,-0.001237817108631134,0.04470958560705185,0,0.1873602271080017,0.04470958560705185,0.14265064150094986,0.18859804421663284,"[true, true, true]",False,False,False,67008,0,fc67b5b9a2d8c823e29b2d5c2dd6465388b731a6dccfb0feeb70cb674ab28be9,validation_005,1,4,582213489,9,16.41006876052387,
34,6.800000000000001,B_front,background_mainline,True,,242.0,20.0,,,,,,,,,,,,,,,,,,,,,,67008,0,fc67b5b9a2d8c823e29b2d5c2dd6465388b731a6dccfb0feeb70cb674ab28be9,validation_005,1,4,582213489,9,,
34,6.800000000000001,B_rear,background_mainline,True,,119.43540048194315,14.998115292374626,,,,,,,,,,,,,,,,,,,,,,67008,0,fc67b5b9a2d8c823e29b2d5c2dd6465388b731a6dccfb0feeb70cb674ab28be9,validation_005,1,4,582213489,9,,
35,7.0,A,ramp,True,False,172.0,20.0,0,maintain,0.0,0.0,150.4,16.0,0,0,maintain-maintain,0.03122253715991974,-0.0712108463048935,0.0023714080452919006,0,0.03122253715991974,0.0023714080452919006,0.028851129114627838,0.10243338346481323,"[true, true, true]",False,False,False,67008,0,fc67b5b9a2d8c823e29b2d5c2dd6465388b731a6dccfb0feeb70cb674ab28be9,validation_005,1,4,582213489,9,17.210068760523825,
35,7.0,B,mainline,True,False,150.4,16.0,0,maintain,0.0,0.0,172.0,20.0,0,0,maintain-maintain,0.18655607104301453,0.000527307391166687,0.04606008157134056,0,0.18655607104301453,0.04606008157134056,0.14049598947167397,0.18602876365184784,"[true, true, true]",False,False,False,67008,0,fc67b5b9a2d8c823e29b2d5c2dd6465388b731a6dccfb0feeb70cb674ab28be9,validation_005,1,4,582213489,9,17.210068760523825,
35,7.0,B_front,background_mainline,True,,246.0,20.0,,,,,,,,,,,,,,,,,,,,,,67008,0,fc67b5b9a2d8c823e29b2d5c2dd6465388b731a6dccfb0feeb70cb674ab28be9,validation_005,1,4,582213489,9,,
35,7.0,B_rear,background_mainline,True,,122.43744577564956,15.022297124221161,,,,,,,,,,,,,,,,,,,,,,67008,0,fc67b5b9a2d8c823e29b2d5c2dd6465388b731a6dccfb0feeb70cb674ab28be9,validation_005,1,4,582213489,9,,
36,7.2,A,ramp,True,False,176.0,20.0,0,maintain,0.0,0.0,153.60000000000005,16.0,0,0,maintain-maintain,0.030068859457969666,-0.07348416745662689,0.002447947859764099,0,0.030068859457969666,0.002447947859764099,0.027620911598205566,0.10355302691459656,"[true, true, true]",False,False,False,67008,0,fc67b5b9a2d8c823e29b2d5c2dd6465388b731a6dccfb0feeb70cb674ab28be9,validation_005,1,4,582213489,9,18.01006876052378,
36,7.2,B,mainline,True,False,153.60000000000005,16.0,0,maintain,0.0,0.0,176.0,20.0,0,0,maintain-maintain,0.18570266664028168,0.0023087337613105774,0.04738651588559151,0,0.18570266664028168,0.04738651588559151,0.13831615075469017,0.1833939328789711,"[true, true, true]",False,False,False,67008,0,fc67b5b9a2d8c823e29b2d5c2dd6465388b731a6dccfb0feeb70cb674ab28be9,validation_005,1,4,582213489,9,18.01006876052378,
36,7.2,B_front,background_mainline,True,,250.0,20.0,,,,,,,,,,,,,,,,,,,,,,67008,0,fc67b5b9a2d8c823e29b2d5c2dd6465388b731a6dccfb0feeb70cb674ab28be9,validation_005,1,4,582213489,9,,
36,7.2,B_rear,background_mainline,True,,125.44429985912409,15.04619596960372,,,,,,,,,,,,,,,,,,,,,,67008,0,fc67b5b9a2d8c823e29b2d5c2dd6465388b731a6dccfb0feeb70cb674ab28be9,validation_005,1,4,582213489,9,,
37,7.4,A,ramp,True,False,180.0,20.0,0,maintain,0.0,0.0,156.8000000000001,16.0,0,0,maintain-maintain,0.02910219132900238,-0.07524525374174118,0.002338901162147522,0,0.02910219132900238,0.002338901162147522,0.02676329016685486,0.10434744507074356,"[true, true, true]",False,False,False,67008,0,fc67b5b9a2d8c823e29b2d5c2dd6465388b731a6dccfb0feeb70cb674ab28be9,validation_005,1,4,582213489,9,18.810068760523734,
37,7.4,B,mainline,True,False,156.8000000000001,16.0,0,maintain,0.0,0.0,180.0,20.0,0,0,maintain-maintain,0.18498197197914124,0.0042714327573776245,0.0484609380364418,0,0.18498197197914124,0.0484609380364418,0.13652103394269943,0.1807105392217636,"[true, true, true]",False,False,False,67008,0,fc67b5b9a2d8c823e29b2d5c2dd6465388b731a6dccfb0feeb70cb674ab28be9,validation_005,1,4,582213489,9,18.810068760523734,
37,7.4,B_front,background_mainline,True,,254.0,20.0,,,,,,,,,,,,,,,,,,,,,,67008,0,fc67b5b9a2d8c823e29b2d5c2dd6465388b731a6dccfb0feeb70cb674ab28be9,validation_005,1,4,582213489,9,,
37,7.4,B_rear,background_mainline,True,,128.45590179011162,15.069769601356915,,,,,,,,,,,,,,,,,,,,,,67008,0,fc67b5b9a2d8c823e29b2d5c2dd6465388b731a6dccfb0feeb70cb674ab28be9,validation_005,1,4,582213489,9,,
38,7.6000000000000005,A,ramp,True,False,184.0,20.0,0,maintain,0.0,0.0,160.00000000000014,16.0,0,0,maintain-maintain,0.029023513197898865,-0.07675253599882126,0.0027028322219848633,0,0.029023513197898865,0.0027028322219848633,0.026320680975914,0.10577604919672012,"[true, true, true]",False,False,False,67008,0,fc67b5b9a2d8c823e29b2d5c2dd6465388b731a6dccfb0feeb70cb674ab28be9,validation_005,1,4,582213489,9,19.61006876052369,
38,7.6000000000000005,B,mainline,True,False,160.00000000000014,16.0,0,maintain,0.0,0.0,184.0,20.0,0,0,maintain-maintain,0.18295887112617493,0.006576269865036011,0.04695568233728409,0,0.18295887112617493,0.04695568233728409,0.13600318878889084,0.17638260126113892,"[true, true, true]",False,False,False,67008,0,fc67b5b9a2d8c823e29b2d5c2dd6465388b731a6dccfb0feeb70cb674ab28be9,validation_005,1,4,582213489,9,19.61006876052369,
38,7.6000000000000005,B_front,background_mainline,True,,258.0,20.0,,,,,,,,,,,,,,,,,,,,,,67008,0,fc67b5b9a2d8c823e29b2d5c2dd6465388b731a6dccfb0feeb70cb674ab28be9,validation_005,1,4,582213489,9,,
38,7.6000000000000005,B_rear,background_mainline,True,,131.47218292724423,15.092983095963737,,,,,,,,,,,,,,,,,,,,,,67008,0,fc67b5b9a2d8c823e29b2d5c2dd6465388b731a6dccfb0feeb70cb674ab28be9,validation_005,1,4,582213489,9,,
39,7.800000000000001,A,ramp,True,False,188.0,20.0,0,maintain,0.0,0.0,163.2000000000002,16.0,0,0,maintain-maintain,0.02894529700279236,-0.07825982570648193,0.0030671022832393646,0,0.02894529700279236,0.0030671022832393646,0.025878194719552994,0.10720512270927429,"[true, true, true]",False,False,False,67008,0,fc67b5b9a2d8c823e29b2d5c2dd6465388b731a6dccfb0feeb70cb674ab28be9,validation_005,1,4,582213489,9,20.410068760523643,
39,7.800000000000001,B,mainline,True,False,163.2000000000002,16.0,0,maintain,0.0,0.0,188.0,20.0,0,0,maintain-maintain,0.18120691180229187,0.008784331381320953,0.04534526914358139,0,0.18120691180229187,0.04534526914358139,0.13586164265871048,0.17242258042097092,"[true, true, true]",False,False,False,67008,0,fc67b5b9a2d8c823e29b2d5c2dd6465388b731a6dccfb0feeb70cb674ab28be9,validation_005,1,4,582213489,9,20.410068760523643,
39,7.800000000000001,B_front,background_mainline,True,,260.0,0.0,,,,,,,,,,,,,,,,,,,,,,67008,0,fc67b5b9a2d8c823e29b2d5c2dd6465388b731a6dccfb0feeb70cb674ab28be9,validation_005,1,4,582213489,9,,
39,7.800000000000001,B_rear,background_mainline,True,,134.493068293404,15.115807880838776,,,,,,,,,,,,,,,,,,,,,,67008,0,fc67b5b9a2d8c823e29b2d5c2dd6465388b731a6dccfb0feeb70cb674ab28be9,validation_005,1,4,582213489,9,,
40,8.0,A,ramp,True,False,192.0,20.0,0,maintain,0.0,0.0,166.40000000000023,16.0,0,0,maintain-maintain,0.01497475802898407,-0.11256708204746246,-0.0060109421610832214,0,0.01497475802898407,-0.0060109421610832214,0.02098570019006729,0.12754184007644653,"[true, true, true]",False,False,False,67008,0,fc67b5b9a2d8c823e29b2d5c2dd6465388b731a6dccfb0feeb70cb674ab28be9,validation_005,1,4,582213489,9,21.210068760523598,
40,8.0,B,mainline,True,False,166.40000000000023,16.0,0,maintain,0.0,0.0,192.0,20.0,0,0,maintain-maintain,0.17720955610275269,-0.001886904239654541,0.035767413675785065,0,0.17720955610275269,0.035767413675785065,0.14144214242696762,0.17909646034240723,"[true, true, true]",False,False,False,67008,0,fc67b5b9a2d8c823e29b2d5c2dd6465388b731a6dccfb0feeb70cb674ab28be9,validation_005,1,4,582213489,9,21.210068760523598,
40,8.0,B_front,background_mainline,True,,260.0,0.0,,,,,,,,,,,,,,,,,,,,,,67008,0,fc67b5b9a2d8c823e29b2d5c2dd6465388b731a6dccfb0feeb70cb674ab28be9,validation_005,1,4,582213489,9,,
40,8.0,B_rear,background_mainline,True,,137.5184777612636,15.138220905798965,,,,,,,,,,,,,,,,,,,,,,67008,0,fc67b5b9a2d8c823e29b2d5c2dd6465388b731a6dccfb0feeb70cb674ab28be9,validation_005,1,4,582213489,9,,
41,8.200000000000001,A,ramp,True,False,196.0,20.0,0,maintain,0.0,0.0,169.60000000000028,16.0,0,0,maintain-maintain,0.014794781804084778,-0.11414079368114471,-0.0054259225726127625,0,0.014794781804084778,-0.0054259225726127625,0.02022070437669754,0.1289355754852295,"[true, true, true]",False,False,False,67008,0,fc67b5b9a2d8c823e29b2d5c2dd6465388b731a6dccfb0feeb70cb674ab28be9,validation_005,1,4,582213489,9,22.010068760523552,
41,8.200000000000001,B,mainline,True,False,169.60000000000028,16.0,0,maintain,0.0,0.0,196.0,20.0,0,0,maintain-maintain,0.1761268675327301,-0.00036963820457458496,0.034333862364292145,0,0.1761268675327301,0.034333862364292145,0.14179300516843796,0.1764965057373047,"[true, true, true]",False,False,False,67008,0,fc67b5b9a2d8c823e29b2d5c2dd6465388b731a6dccfb0feeb70cb674ab28be9,validation_005,1,4,582213489,9,22.010068760523552,
41,8.200000000000001,B_front,background_mainline,True,,260.0,0.0,,,,,,,,,,,,,,,,,,,,,,67008,0,fc67b5b9a2d8c823e29b2d5c2dd6465388b731a6dccfb0feeb70cb674ab28be9,validation_005,1,4,582213489,9,,
41,8.200000000000001,B_rear,background_mainline,True,,140.54832708402242,15.160203921029645,,,,,,,,,,,,,,,,,,,,,,67008,0,fc67b5b9a2d8c823e29b2d5c2dd6465388b731a6dccfb0feeb70cb674ab28be9,validation_005,1,4,582213489,9,,
42,8.4,A,ramp,True,False,200.0,20.0,0,maintain,0.0,0.0,172.80000000000032,16.0,0,0,maintain-maintain,0.014614909887313843,-0.11571502685546875,-0.0048404596745967865,0,0.014614909887313843,-0.0048404596745967865,0.01945536956191063,0.1303299367427826,"[true, true, true]",False,False,False,67008,0,fc67b5b9a2d8c823e29b2d5c2dd6465388b731a6dccfb0feeb70cb674ab28be9,validation_005,1,4,582213489,9,22.810068760523507,
42,8.4,B,mainline,True,False,172.80000000000032,16.0,0,maintain,0.0,0.0,200.0,20.0,0,0,maintain-maintain,0.17504549026489258,0.001148611307144165,0.03289947286248207,0,0.17504549026489258,0.03289947286248207,0.1421460174024105,0.1738968789577484,"[true, true, true]",False,False,False,67008,0,fc67b5b9a2d8c823e29b2d5c2dd6465388b731a6dccfb0feeb70cb674ab28be9,validation_005,1,4,582213489,9,22.810068760523507,
42,8.4,B_front,background_mainline,True,,260.0,0.0,,,,,,,,,,,,,,,,,,,,,,67008,0,fc67b5b9a2d8c823e29b2d5c2dd6465388b731a6dccfb0feeb70cb674ab28be9,validation_005,1,4,582213489,9,,
42,8.4,B_rear,background_mainline,True,,143.5825287911146,15.18174284671272,,,,,,,,,,,,,,,,,,,,,,67008,0,fc67b5b9a2d8c823e29b2d5c2dd6465388b731a6dccfb0feeb70cb674ab28be9,validation_005,1,4,582213489,9,,
43,8.6,A,ramp,True,False,204.0,20.0,0,maintain,0.0,0.0,176.00000000000037,16.0,0,0,maintain-maintain,0.014558963477611542,-0.11756200343370438,-0.004268825054168701,0,0.014558963477611542,-0.004268825054168701,0.018827788531780243,0.13212096691131592,"[true, true, true]",False,False,False,67008,0,fc67b5b9a2d8c823e29b2d5c2dd6465388b731a6dccfb0feeb70cb674ab28be9,validation_005,1,4,582213489,9,23.61006876052346,
43,8.6,B,mainline,True,False,176.00000000000037,16.0,0,maintain,0.0,0.0,204.0,20.0,0,0,maintain-maintain,0.17396537959575653,0.002667829394340515,0.03146425634622574,0,0.17396537959575653,0.03146425634622574,0.1425011232495308,0.17129755020141602,"[true, true, true]",False,False,False,67008,0,fc67b5b9a2d8c823e29b2d5c2dd6465388b731a6dccfb0feeb70cb674ab28be9,validation_005,1,4,582213489,9,23.61006876052346,
43,8.6,B_front,background_mainline,True,,260.0,0.0,,,,,,,,,,,,,,,,,,,,,,67008,0,fc67b5b9a2d8c823e29b2d5c2dd6465388b731a6dccfb0feeb70cb674ab28be9,validation_005,1,4,582213489,9,,
43,8.6,B_rear,background_mainline,True,,146.62099296593846,15.202827221818913,,,,,,,,,,,,,,,,,,,,,,67008,0,fc67b5b9a2d8c823e29b2d5c2dd6465388b731a6dccfb0feeb70cb674ab28be9,validation_005,1,4,582213489,9,,
44,8.8,A,ramp,True,False,208.0,20.0,0,maintain,0.0,0.0,179.20000000000041,16.0,0,0,maintain-maintain,0.014516666531562805,-0.11947806924581528,-0.0036757811903953552,0,0.014516666531562805,-0.0036757811903953552,0.01819244772195816,0.13399473577737808,"[true, true, true]",False,False,False,67008,0,fc67b5b9a2d8c823e29b2d5c2dd6465388b731a6dccfb0feeb70cb674ab28be9,validation_005,1,4,582213489,9,24.410068760523416,
44,8.8,B,mainline,True,False,179.20000000000041,16.0,0,maintain,0.0,0.0,208.0,20.0,0,0,maintain-maintain,0.1729649007320404,0.004140391945838928,0.03002089075744152,0,0.1729649007320404,0.03002089075744152,0.14294400997459888,0.16882450878620148,"[true, true, true]",False,False,False,67008,0,fc67b5b9a2d8c823e29b2d5c2dd6465388b731a6dccfb0feeb70cb674ab28be9,validation_005,1,4,582213489,9,24.410068760523416,
44,8.8,B_front,background_mainline,True,,260.0,0.0,,,,,,,,,,,,,,,,,,,,,,67008,0,fc67b5b9a2d8c823e29b2d5c2dd6465388b731a6dccfb0feeb70cb674ab28be9,validation_005,1,4,582213489,9,,
44,8.8,B_rear,background_mainline,True,,149.66362792035437,15.223449721483936,,,,,,,,,,,,,,,,,,,,,,67008,0,fc67b5b9a2d8c823e29b2d5c2dd6465388b731a6dccfb0feeb70cb674ab28be9,validation_005,1,4,582213489,9,,
45,9.0,A,ramp,True,False,212.0,20.0,0,maintain,0.0,0.0,182.40000000000046,16.0,0,0,maintain-maintain,0.01443537324666977,-0.1195438951253891,-0.002676241099834442,0,0.01443537324666977,-0.002676241099834442,0.01711161434650421,0.13397926837205887,"[true, true, true]",False,False,False,67008,0,fc67b5b9a2d8c823e29b2d5c2dd6465388b731a6dccfb0feeb70cb674ab28be9,validation_005,1,4,582213489,9,25.21006876052337,
45,9.0,B,mainline,True,False,182.40000000000046,16.0,0,maintain,0.0,0.0,212.0,20.0,0,0,maintain-maintain,0.17349067330360413,0.004998251795768738,0.02942495420575142,0,0.17349067330360413,0.02942495420575142,0.1440657190978527,0.1684924215078354,"[true, true, true]",False,False,False,67008,0,fc67b5b9a2d8c823e29b2d5c2dd6465388b731a6dccfb0feeb70cb674ab28be9,validation_005,1,4,582213489,9,25.21006876052337,
45,9.0,B_front,background_mainline,True,,260.0,0.0,,,,,,,,,,,,,,,,,,,,,,67008,0,fc67b5b9a2d8c823e29b2d5c2dd6465388b731a6dccfb0feeb70cb674ab28be9,validation_005,1,4,582213489,9,,
45,9.0,B_rear,background_mainline,True,,152.71034077874685,15.243605733971995,,,,,,,,,,,,,,,,,,,,,,67008,0,fc67b5b9a2d8c823e29b2d5c2dd6465388b731a6dccfb0feeb70cb674ab28be9,validation_005,1,4,582213489,9,,
46,9.200000000000001,A,ramp,True,False,216.0,20.0,0,maintain,0.0,0.0,185.6000000000005,16.0,0,0,maintain-maintain,0.01436285674571991,-0.11888507753610611,-0.001546509563922882,0,0.01436285674571991,-0.001546509563922882,0.015909366309642792,0.13324793428182602,"[true, true, true]",False,False,False,67008,0,fc67b5b9a2d8c823e29b2d5c2dd6465388b731a6dccfb0feeb70cb674ab28be9,validation_005,1,4,582213489,9,26.010068760523325,
46,9.200000000000001,B,mainline,True,False,185.6000000000005,16.0,0,maintain,0.0,0.0,216.0,20.0,0,0,maintain-maintain,0.1744770109653473,0.005674615502357483,0.029099395498633385,0,0.1744770109653473,0.029099395498633385,0.1453776154667139,0.1688023954629898,"[true, true, true]",False,False,False,67008,0,fc67b5b9a2d8c823e29b2d5c2dd6465388b731a6dccfb0feeb70cb674ab28be9,validation_005,1,4,582213489,9,26.010068760523325,
46,9.200000000000001,B_front,background_mainline,True,,260.0,0.0,,,,,,,,,,,,,,,,,,,,,,67008,0,fc67b5b9a2d8c823e29b2d5c2dd6465388b731a6dccfb0feeb70cb674ab28be9,validation_005,1,4,582213489,9,,
46,9.200000000000001,B_rear,background_mainline,True,,155.7610379827802,15.263292989544492,,,,,,,,,,,,,,,,,,,,,,67008,0,fc67b5b9a2d8c823e29b2d5c2dd6465388b731a6dccfb0feeb70cb674ab28be9,validation_005,1,4,582213489,9,,
47,9.4,A,ramp,True,False,220.0,20.0,0,maintain,0.0,0.0,188.80000000000055,16.0,0,0,maintain-maintain,0.014290481805801392,-0.11822652071714401,-0.0004164092242717743,0,0.014290481805801392,-0.0004164092242717743,0.014706891030073166,0.1325170025229454,"[true, true, true]",False,False,False,67008,0,fc67b5b9a2d8c823e29b2d5c2dd6465388b731a6dccfb0feeb70cb674ab28be9,validation_005,1,4,582213489,9,26.81006876052328,
47,9.4,B,mainline,True,False,188.80000000000055,16.0,0,maintain,0.0,0.0,220.0,20.0,0,0,maintain-maintain,0.17548984289169312,0.006315857172012329,0.02881360426545143,0,0.17548984289169312,0.02881360426545143,0.14667623862624168,0.1691739857196808,"[true, true, true]",False,False,False,67008,0,fc67b5b9a2d8c823e29b2d5c2dd6465388b731a6dccfb0feeb70cb674ab28be9,validation_005,1,4,582213489,9,26.81006876052328,
47,9.4,B_front,background_mainline,True,,260.0,0.0,,,,,,,,,,,,,,,,,,,,,,67008,0,fc67b5b9a2d8c823e29b2d5c2dd6465388b731a6dccfb0feeb70cb674ab28be9,validation_005,1,4,582213489,9,,
47,9.4,B_rear,background_mainline,True,,158.81562572655554,15.28251123464823,,,,,,,,,,,,,,,,,,,,,,67008,0,fc67b5b9a2d8c823e29b2d5c2dd6465388b731a6dccfb0feeb70cb674ab28be9,validation_005,1,4,582213489,9,,
48,9.600000000000001,A,ramp,True,False,224.0,20.0,0,maintain,0.0,0.0,192.0000000000006,16.0,0,0,maintain-maintain,0.014218218624591827,-0.11756819486618042,0.0007140859961509705,0,0.014218218624591827,0.0007140859961509705,0.013504132628440857,0.13178641349077225,"[true, true, true]",False,False,False,67008,0,fc67b5b9a2d8c823e29b2d5c2dd6465388b731a6dccfb0feeb70cb674ab28be9,validation_005,1,4,582213489,9,27.610068760523234,
48,9.600000000000001,B,mainline,True,False,192.0000000000006,16.0,0,maintain,0.0,0.0,224.0,20.0,0,0,maintain-maintain,0.17652678489685059,0.006925314664840698,0.028563782572746277,0,0.17652678489685059,0.028563782572746277,0.1479630023241043,0.1696014702320099,"[true, true, true]",False,False,False,67008,0,fc67b5b9a2d8c823e29b2d5c2dd6465388b731a6dccfb0feeb70cb674ab28be9,validation_005,1,4,582213489,9,27.610068760523234,
48,9.600000000000001,B_front,background_mainline,True,,260.0,0.0,,,,,,,,,,,,,,,,,,,,,,67008,0,fc67b5b9a2d8c823e29b2d5c2dd6465388b731a6dccfb0feeb70cb674ab28be9,validation_005,1,4,582213489,9,,
48,9.600000000000001,B_rear,background_mainline,True,,161.87401033065248,15.301261945756476,,,,,,,,,,,,,,,,,,,,,,67008,0,fc67b5b9a2d8c823e29b2d5c2dd6465388b731a6dccfb0feeb70cb674ab28be9,validation_005,1,4,582213489,9,,
49,9.8,A,ramp,True,False,228.0,20.0,0,maintain,0.0,0.0,195.20000000000064,16.0,0,0,maintain-maintain,0.014146052300930023,-0.11691008508205414,0.0018449798226356506,0,0.014146052300930023,0.0018449798226356506,0.012301072478294373,0.13105613738298416,"[true, true, true]",False,False,False,67008,0,fc67b5b9a2d8c823e29b2d5c2dd6465388b731a6dccfb0feeb70cb674ab28be9,validation_005,1,4,582213489,9,28.41006876052319,
49,9.8,B,mainline,True,False,195.20000000000064,16.0,0,maintain,0.0,0.0,228.0,20.0,0,0,maintain-maintain,0.17756469547748566,0.007535830140113831,0.02831314317882061,0,0.17756469547748566,0.02831314317882061,0.14925155229866505,0.17002886533737183,"[true, true, true]",False,False,False,67008,0,fc67b5b9a2d8c823e29b2d5c2dd6465388b731a6dccfb0feeb70cb674ab28be9,validation_005,1,4,582213489,9,28.41006876052319,
49,9.8,B_front,background_mainline,True,,260.0,0.0,,,,,,,,,,,,,,,,,,,,,,67008,0,fc67b5b9a2d8c823e29b2d5c2dd6465388b731a6dccfb0feeb70cb674ab28be9,validation_005,1,4,582213489,9,,
49,9.8,B_rear,background_mainline,True,,164.9360985624864,15.319548077970309,,,,,,,,,,,,,,,,,,,,,,67008,0,fc67b5b9a2d8c823e29b2d5c2dd6465388b731a6dccfb0feeb70cb674ab28be9,validation_005,1,4,582213489,9,,
50,10.0,A,ramp,True,False,232.0,20.0,0,maintain,0.0,0.0,198.4000000000007,16.0,0,0,maintain-maintain,0.014420554041862488,-0.11629360914230347,0.0029133260250091553,0,0.014420554041862488,0.0029133260250091553,0.011507228016853333,0.13071416318416595,"[true, true, true]",False,False,False,67008,0,fc67b5b9a2d8c823e29b2d5c2dd6465388b731a6dccfb0feeb70cb674ab28be9,validation_005,1,4,582213489,9,29.210068760523143,
50,10.0,B,mainline,True,False,198.4000000000007,16.0,0,maintain,0.0,0.0,232.0,20.0,0,0,maintain-maintain,0.17855823040008545,0.008647128939628601,0.02797544002532959,0,0.17855823040008545,0.02797544002532959,0.15058279037475586,0.16991110146045685,"[true, true, true]",False,False,False,67008,0,fc67b5b9a2d8c823e29b2d5c2dd6465388b731a6dccfb0feeb70cb674ab28be9,validation_005,1,4,582213489,9,29.210068760523143,
50,10.0,B_front,background_mainline,True,,260.0,0.0,,,,,,,,,,,,,,,,,,,,,,67008,0,fc67b5b9a2d8c823e29b2d5c2dd6465388b731a6dccfb0feeb70cb674ab28be9,validation_005,1,4,582213489,9,,
50,10.0,B_rear,background_mainline,True,,168.0017979094996,15.337373844142279,,,,,,,,,,,,,,,,,,,,,,67008,0,fc67b5b9a2d8c823e29b2d5c2dd6465388b731a6dccfb0feeb70cb674ab28be9,validation_005,1,4,582213489,9,,
51,10.200000000000001,A,ramp,True,False,236.0,20.0,0,maintain,0.0,0.0,201.60000000000073,16.0,0,0,maintain-maintain,0.015284612774848938,-0.11574774235486984,0.003875039517879486,0,0.015284612774848938,0.003875039517879486,0.011409573256969452,0.13103235512971878,"[true, true, true]",False,False,False,67008,0,fc67b5b9a2d8c823e29b2d5c2dd6465388b731a6dccfb0feeb70cb674ab28be9,validation_005,1,4,582213489,9,30.010068760523097,
51,10.200000000000001,B,mainline,True,False,201.60000000000073,16.0,0,maintain,0.0,0.0,236.0,20.0,0,0,maintain-maintain,0.17945502698421478,0.009889483451843262,0.02774568274617195,0,0.17945502698421478,0.02774568274617195,0.15170934423804283,0.16956554353237152,"[true, true, true]",False,False,False,67008,0,fc67b5b9a2d8c823e29b2d5c2dd6465388b731a6dccfb0feeb70cb674ab28be9,validation_005,1,4,582213489,9,30.010068760523097,
51,10.200000000000001,B_front,background_mainline,True,,260.0,0.0,,,,,,,,,,,,,,,,,,,,,,67008,0,fc67b5b9a2d8c823e29b2d5c2dd6465388b731a6dccfb0feeb70cb674ab28be9,validation_005,1,4,582213489,9,,
51,10.200000000000001,B_rear,background_mainline,True,,171.07101681091515,15.35474452084075,,,,,,,,,,,,,,,,,,,,,,67008,0,fc67b5b9a2d8c823e29b2d5c2dd6465388b731a6dccfb0feeb70cb674ab28be9,validation_005,1,4,582213489,9,,
52,10.4,A,ramp,True,False,240.0,20.0,0,maintain,0.0,0.0,204.80000000000078,16.0,0,0,maintain-maintain,0.016178332269191742,-0.11495226621627808,0.005062229931354523,0,0.016178332269191742,0.005062229931354523,0.01111610233783722,0.13113059848546982,"[true, true, true]",False,False,False,67008,0,fc67b5b9a2d8c823e29b2d5c2dd6465388b731a6dccfb0feeb70cb674ab28be9,validation_005,1,4,582213489,9,30.810068760523052,
52,10.4,B,mainline,True,False,204.80000000000078,16.0,0,maintain,0.0,0.0,240.0,20.0,0,0,maintain-maintain,0.18026718497276306,0.011099465191364288,0.027579259127378464,0,0.18026718497276306,0.027579259127378464,0.1526879258453846,0.16916771978139877,"[true, true, true]",False,False,False,67008,0,fc67b5b9a2d8c823e29b2d5c2dd6465388b731a6dccfb0feeb70cb674ab28be9,validation_005,1,4,582213489,9,30.810068760523052,
52,10.4,B_front,background_mainline,True,,260.0,0.0,,,,,,,,,,,,,,,,,,,,,,67008,0,fc67b5b9a2d8c823e29b2d5c2dd6465388b731a6dccfb0feeb70cb674ab28be9,validation_005,1,4,582213489,9,,
52,10.4,B_rear,background_mainline,True,,174.14366485309327,15.3716662779476,,,,,,,,,,,,,,,,,,,,,,67008,0,fc67b5b9a2d8c823e29b2d5c2dd6465388b731a6dccfb0feeb70cb674ab28be9,validation_005,1,4,582213489,9,,
53,10.600000000000001,A,ramp,True,False,244.0,20.0,0,maintain,0.0,0.0,208.00000000000082,16.0,0,0,maintain-maintain,0.017066828906536102,-0.11385339498519897,0.0065444521605968475,0,0.017066828906536102,0.0065444521605968475,0.010522376745939255,0.13092022389173508,"[true, true, true]",False,False,False,67008,0,fc67b5b9a2d8c823e29b2d5c2dd6465388b731a6dccfb0feeb70cb674ab28be9,validation_005,1,4,582213489,9,31.610068760523006,
53,10.600000000000001,B,mainline,True,False,208.00000000000082,16.0,0,maintain,0.0,0.0,244.0,20.0,0,0,maintain-maintain,0.1807830035686493,0.012194439768791199,0.027634914964437485,0,0.1807830035686493,0.027634914964437485,0.1531480886042118,0.1685885637998581,"[true, true, true]",False,False,False,67008,0,fc67b5b9a2d8c823e29b2d5c2dd6465388b731a6dccfb0feeb70cb674ab28be9,validation_005,1,4,582213489,9,31.610068760523006,
53,10.600000000000001,B_front,background_mainline,True,,260.0,0.0,,,,,,,,,,,,,,,,,,,,,,67008,0,fc67b5b9a2d8c823e29b2d5c2dd6465388b731a6dccfb0feeb70cb674ab28be9,validation_005,1,4,582213489,9,,
53,10.600000000000001,B_rear,background_mainline,True,,177.21965293293178,15.388146029088315,,,,,,,,,,,,,,,,,,,,,,67008,0,fc67b5b9a2d8c823e29b2d5c2dd6465388b731a6dccfb0feeb70cb674ab28be9,validation_005,1,4,582213489,9,,
54,10.8,A,ramp,True,False,248.0,20.0,0,maintain,0.0,0.0,211.20000000000087,16.0,0,0,maintain-maintain,0.017871394753456116,-0.11272377520799637,0.008086659014225006,0,0.017871394753456116,0.008086659014225006,0.00978473573923111,0.13059516996145248,"[true, true, true]",False,False,False,67008,0,fc67b5b9a2d8c823e29b2d5c2dd6465388b731a6dccfb0feeb70cb674ab28be9,validation_005,1,4,582213489,9,32.41006876052296,
54,10.8,B,mainline,True,False,211.20000000000087,16.0,0,maintain,0.0,0.0,248.0,20.0,0,0,maintain-maintain,0.18143199384212494,0.012841008603572845,0.0277559794485569,0,0.18143199384212494,0.0277559794485569,0.15367601439356804,0.1685909852385521,"[true, true, true]",False,False,False,67008,0,fc67b5b9a2d8c823e29b2d5c2dd6465388b731a6dccfb0feeb70cb674ab28be9,validation_005,1,4,582213489,9,32.41006876052296,
54,10.8,B_front,background_mainline,True,,260.0,0.0,,,,,,,,,,,,,,,,,,,,,,67008,0,fc67b5b9a2d8c823e29b2d5c2dd6465388b731a6dccfb0feeb70cb674ab28be9,validation_005,1,4,582213489,9,,
54,10.8,B_rear,background_mainline,True,,180.29889339322634,15.404191300442623,,,,,,,,,,,,,,,,,,,,,,67008,0,fc67b5b9a2d8c823e29b2d5c2dd6465388b731a6dccfb0feeb70cb674ab28be9,validation_005,1,4,582213489,9,,
55,11.0,A,ramp,True,False,252.0,20.0,0,maintain,0.0,0.0,214.40000000000092,16.0,0,0,maintain-maintain,0.018410779535770416,-0.11127721518278122,0.009551756083965302,0,0.018410779535770416,0.009551756083965302,0.008859023451805115,0.12968799471855164,"[true, true, true]",False,False,False,67008,0,fc67b5b9a2d8c823e29b2d5c2dd6465388b731a6dccfb0feeb70cb674ab28be9,validation_005,1,4,582213489,9,33.210068760522915,
55,11.0,B,mainline,True,False,214.40000000000092,16.0,0,maintain,0.0,0.0,252.0,20.0,0,0,maintain-maintain,0.1821039468050003,0.013360895216464996,0.027885323390364647,0,0.1821039468050003,0.027885323390364647,0.15421862341463566,0.1687430515885353,"[true, true, true]",False,False,False,67008,0,fc67b5b9a2d8c823e29b2d5c2dd6465388b731a6dccfb0feeb70cb674ab28be9,validation_005,1,4,582213489,9,33.210068760522915,
55,11.0,B_front,background_mainline,True,,260.0,0.0,,,,,,,,,,,,,,,,,,,,,,67008,0,fc67b5b9a2d8c823e29b2d5c2dd6465388b731a6dccfb0feeb70cb674ab28be9,validation_005,1,4,582213489,9,,
55,11.0,B_rear,background_mainline,True,,183.381300133447,15.419810115785,,,,,,,,,,,,,,,,,,,,,,67008,0,fc67b5b9a2d8c823e29b2d5c2dd6465388b731a6dccfb0feeb70cb674ab28be9,validation_005,1,4,582213489,9,,
56,11.200000000000001,A,ramp,True,False,256.0,20.0,0,maintain,0.0,0.0,217.60000000000096,16.0,0,0,maintain-maintain,0.018466472625732422,-0.10967979580163956,0.010201405733823776,0,0.018466472625732422,0.010201405733823776,0.008265066891908646,0.12814626842737198,"[true, true, true]",False,False,False,67008,0,fc67b5b9a2d8c823e29b2d5c2dd6465388b731a6dccfb0feeb70cb674ab28be9,validation_005,1,4,582213489,9,34.0100687605229,
56,11.200000000000001,B,mainline,True,False,217.60000000000096,16.0,0,maintain,0.0,0.0,256.0,20.0,0,0,maintain-maintain,0.18277660012245178,0.013882078230381012,0.028013933449983597,0,0.18277660012245178,0.028013933449983597,0.15476266667246819,0.16889452189207077,"[true, true, true]",False,False,False,67008,0,fc67b5b9a2d8c823e29b2d5c2dd6465388b731a6dccfb0feeb70cb674ab28be9,validation_005,1,4,582213489,9,34.0100687605229,
56,11.200000000000001,B_front,background_mainline,True,,260.0,0.0,,,,,,,,,,,,,,,,,,,,,,67008,0,fc67b5b9a2d8c823e29b2d5c2dd6465388b731a6dccfb0feeb70cb674ab28be9,validation_005,1,4,582213489,9,,
56,11.200000000000001,B_rear,background_mainline,True,,186.46678869898503,15.435010895864904,,,,,,,,,,,,,,,,,,,,,,67008,0,fc67b5b9a2d8c823e29b2d5c2dd6465388b731a6dccfb0feeb70cb674ab28be9,validation_005,1,4,582213489,9,,
57,11.4,A,ramp,True,False,260.0,20.0,0,maintain,0.0,0.0,220.800000000001,16.0,0,0,maintain-maintain,0.018440261483192444,-0.10834167152643204,0.010773696005344391,0,0.018440261483192444,0.010773696005344391,0.007666565477848053,0.12678193300962448,"[true, true, true]",False,False,False,67008,0,fc67b5b9a2d8c823e29b2d5c2dd6465388b731a6dccfb0feeb70cb674ab28be9,validation_005,1,4,582213489,9,,
57,11.4,B,mainline,True,False,220.800000000001,16.0,0,maintain,0.0,0.0,260.0,20.0,0,0,maintain-maintain,0.18340402841567993,0.014413855969905853,0.028061654418706894,0,0.18340402841567993,0.028061654418706894,0.15534237399697304,0.16899017244577408,"[true, true, true]",False,False,False,67008,0,fc67b5b9a2d8c823e29b2d5c2dd6465388b731a6dccfb0feeb70cb674ab28be9,validation_005,1,4,582213489,9,,
57,11.4,B_front,background_mainline,True,,260.0,0.0,,,,,,,,,,,,,,,,,,,,,,67008,0,fc67b5b9a2d8c823e29b2d5c2dd6465388b731a6dccfb0feeb70cb674ab28be9,validation_005,1,4,582213489,9,,
57,11.4,B_rear,background_mainline,True,,189.55527635156713,15.44980237046278,,,,,,,,,,,,,,,,,,,,,,67008,0,fc67b5b9a2d8c823e29b2d5c2dd6465388b731a6dccfb0feeb70cb674ab28be9,validation_005,1,4,582213489,9,,
58,11.600000000000001,A,ramp,False,True,261.0,0.0,0,maintain,0.0,0.0,224.00000000000105,16.0,0,0,inactive-active,-0.024095069617033005,-0.09577174484729767,0.018808279186487198,2,0.018808279186487198,-0.024095069617033005,0.0429033488035202,0.11458002403378487,"[true, true, true]",False,False,False,67008,0,fc67b5b9a2d8c823e29b2d5c2dd6465388b731a6dccfb0feeb70cb674ab28be9,validation_005,1,4,582213489,9,,
58,11.600000000000001,B,mainline,True,False,224.00000000000105,16.0,0,maintain,0.0,0.0,261.0,0.0,0,0,inactive-active,0.12478585541248322,-0.005818851292133331,0.06616555899381638,0,0.12478585541248322,0.06616555899381638,0.05862029641866684,0.13060470670461655,"[true, true, true]",False,False,False,67008,0,fc67b5b9a2d8c823e29b2d5c2dd6465388b731a6dccfb0feeb70cb674ab28be9,validation_005,1,4,582213489,9,,
58,11.600000000000001,B_front,background_mainline,True,,260.0,0.0,,,,,,,,,,,,,,,,,,,,,,67008,0,fc67b5b9a2d8c823e29b2d5c2dd6465388b731a6dccfb0feeb70cb674ab28be9,validation_005,1,4,582213489,9,,
58,11.600000000000001,B_rear,background_mainline,True,,192.6466821232238,15.464193501654686,,,,,,,,,,,,,,,,,,,,,,67008,0,fc67b5b9a2d8c823e29b2d5c2dd6465388b731a6dccfb0feeb70cb674ab28be9,validation_005,1,4,582213489,9,,
59,11.8,A,ramp,False,True,261.0,0.0,0,maintain,0.0,0.0,227.2000000000011,16.0,0,0,inactive-active,-0.024531975388526917,-0.09499913454055786,0.01851818710565567,2,0.01851818710565567,-0.024531975388526917,0.04305016249418259,0.11351732164621353,"[true, true, true]",False,False,False,67008,0,fc67b5b9a2d8c823e29b2d5c2dd6465388b731a6dccfb0feeb70cb674ab28be9,validation_005,1,4,582213489,9,,
59,11.8,B,mainline,True,False,227.2000000000011,16.0,0,maintain,0.0,0.0,261.0,0.0,0,0,inactive-active,0.12461058050394058,-0.00576213002204895,0.06666485965251923,0,0.12461058050394058,0.06666485965251923,0.057945720851421356,0.13037271052598953,"[true, true, true]",False,False,False,67008,0,fc67b5b9a2d8c823e29b2d5c2dd6465388b731a6dccfb0feeb70cb674ab28be9,validation_005,1,4,582213489,9,,
59,11.8,B_front,background_mainline,True,,260.0,0.0,,,,,,,,,,,,,,,,,,,,,,67008,0,fc67b5b9a2d8c823e29b2d5c2dd6465388b731a6dccfb0feeb70cb674ab28be9,validation_005,1,4,582213489,9,,
59,11.8,B_rear,background_mainline,True,,195.7409268559205,15.478193416990187,,,,,,,,,,,,,,,,,,,,,,67008,0,fc67b5b9a2d8c823e29b2d5c2dd6465388b731a6dccfb0feeb70cb674ab28be9,validation_005,1,4,582213489,9,,
60,12.0,A,ramp,False,True,261.0,0.0,0,maintain,0.0,0.0,230.40000000000114,16.0,0,0,inactive-active,-0.025380365550518036,-0.09441623836755753,0.01841002330183983,2,0.01841002330183983,-0.025380365550518036,0.043790388852357864,0.11282626166939735,"[true, true, true]",False,False,False,67008,0,fc67b5b9a2d8c823e29b2d5c2dd6465388b731a6dccfb0feeb70cb674ab28be9,validation_005,1,4,582213489,9,,
60,12.0,B,mainline,True,False,230.40000000000114,16.0,0,maintain,0.0,0.0,261.0,0.0,0,0,inactive-active,0.12443557381629944,-0.0057040974497795105,0.06716352701187134,0,0.12443557381629944,0.06716352701187134,0.0572720468044281,0.13013967126607895,"[true, true, true]",False,False,False,67008,0,fc67b5b9a2d8c823e29b2d5c2dd6465388b731a6dccfb0feeb70cb674ab28be9,validation_005,1,4,582213489,9,,
60,12.0,B_front,background_mainline,True,,260.0,0.0,,,,,,,,,,,,,,,,,,,,,,67008,0,fc67b5b9a2d8c823e29b2d5c2dd6465388b731a6dccfb0feeb70cb674ab28be9,validation_005,1,4,582213489,9,,
60,12.0,B_rear,background_mainline,True,,198.8379332287184,15.49181135143844,,,,,,,,,,,,,,,,,,,,,,67008,0,fc67b5b9a2d8c823e29b2d5c2dd6465388b731a6dccfb0feeb70cb674ab28be9,validation_005,1,4,582213489,9,,
61,12.200000000000001,A,ramp,False,True,261.0,0.0,0,maintain,0.0,0.0,233.6000000000012,16.0,0,0,inactive-active,-0.026202961802482605,-0.0938027948141098,0.018272001296281815,2,0.018272001296281815,-0.026202961802482605,0.04447496309876442,0.11207479611039162,"[true, true, true]",False,False,False,67008,0,fc67b5b9a2d8c823e29b2d5c2dd6465388b731a6dccfb0feeb70cb674ab28be9,validation_005,1,4,582213489,9,,
61,12.200000000000001,B,mainline,True,False,233.6000000000012,16.0,0,maintain,0.0,0.0,261.0,0.0,0,0,inactive-active,0.1243981197476387,-0.005548447370529175,0.06752750277519226,0,0.1243981197476387,0.06752750277519226,0.05687061697244644,0.12994656711816788,"[true, true, true]",False,False,False,67008,0,fc67b5b9a2d8c823e29b2d5c2dd6465388b731a6dccfb0feeb70cb674ab28be9,validation_005,1,4,582213489,9,,
61,12.200000000000001,B_front,background_mainline,True,,260.0,0.0,,,,,,,,,,,,,,,,,,,,,,67008,0,fc67b5b9a2d8c823e29b2d5c2dd6465388b731a6dccfb0feeb70cb674ab28be9,validation_005,1,4,582213489,9,,
61,12.200000000000001,B_rear,background_mainline,True,,201.93762577411448,15.505056597089151,,,,,,,,,,,,,,,,,,,,,,67008,0,fc67b5b9a2d8c823e29b2d5c2dd6465388b731a6dccfb0feeb70cb674ab28be9,validation_005,1,4,582213489,9,,
62,12.4,A,ramp,False,True,261.0,0.0,0,maintain,0.0,0.0,236.80000000000123,16.0,0,0,inactive-active,-0.026837214827537537,-0.09291638433933258,0.017907440662384033,2,0.017907440662384033,-0.026837214827537537,0.04474465548992157,0.11082382500171661,"[true, true, true]",False,False,False,67008,0,fc67b5b9a2d8c823e29b2d5c2dd6465388b731a6dccfb0feeb70cb674ab28be9,validation_005,1,4,582213489,9,,
62,12.4,B,mainline,True,False,236.80000000000123,16.0,0,maintain,0.0,0.0,261.0,0.0,0,0,inactive-active,0.12441113591194153,-0.005392707884311676,0.06786634027957916,0,0.12441113591194153,0.06786634027957916,0.056544795632362366,0.1298038437962532,"[true, true, true]",False,False,False,67008,0,fc67b5b9a2d8c823e29b2d5c2dd6465388b731a6dccfb0feeb70cb674ab28be9,validation_005,1,4,582213489,9,,
62,12.4,B_front,background_mainline,True,,260.0,0.0,,,,,,,,,,,,,,,,,,,,,,67008,0,fc67b5b9a2d8c823e29b2d5c2dd6465388b731a6dccfb0feeb70cb674ab28be9,validation_005,1,4,582213489,9,,
62,12.4,B_rear,background_mainline,True,,205.03993088502074,15.517938459710882,,,,,,,,,,,,,,,,,,,,,,67008,0,fc67b5b9a2d8c823e29b2d5c2dd6465388b731a6dccfb0feeb70cb674ab28be9,validation_005,1,4,582213489,9,,
63,12.600000000000001,A,ramp,False,True,261.0,0.0,0,maintain,0.0,0.0,240.00000000000128,16.0,0,0,inactive-active,-0.027449458837509155,-0.09199485927820206,0.017515916377305984,2,0.017515916377305984,-0.027449458837509155,0.04496537521481514,0.10951077565550804,"[true, true, true]",False,False,False,67008,0,fc67b5b9a2d8c823e29b2d5c2dd6465388b731a6dccfb0feeb70cb674ab28be9,validation_005,1,4,582213489,9,,
63,12.600000000000001,B,mainline,True,False,240.00000000000128,16.0,0,maintain,0.0,0.0,261.0,0.0,0,0,inactive-active,0.12435892224311829,-0.005284622311592102,0.068312868475914,0,0.12435892224311829,0.068312868475914,0.056046053767204285,0.1296435445547104,"[true, true, true]",False,False,False,67008,0,fc67b5b9a2d8c823e29b2d5c2dd6465388b731a6dccfb0feeb70cb674ab28be9,validation_005,1,4,582213489,9,,
63,12.600000000000001,B_front,background_mainline,True,,260.0,0.0,,,,,,,,,,,,,,,,,,,,,,67008,0,fc67b5b9a2d8c823e29b2d5c2dd6465388b731a6dccfb0feeb70cb674ab28be9,validation_005,1,4,582213489,9,,
63,12.600000000000001,B_rear,background_mainline,True,,208.14477681367316,15.530466221371075,,,,,,,,,,,,,,,,,,,,,,67008,0,fc67b5b9a2d8c823e29b2d5c2dd6465388b731a6dccfb0feeb70cb674ab28be9,validation_005,1,4,582213489,9,,
64,12.8,A,ramp,False,True,261.0,0.0,0,maintain,0.0,0.0,243.20000000000132,16.0,0,0,inactive-active,-0.028061609715223312,-0.09107360243797302,0.017124410718679428,2,0.017124410718679428,-0.028061609715223312,0.04518602043390274,0.10819801315665245,"[true, true, true]",False,False,False,67008,0,fc67b5b9a2d8c823e29b2d5c2dd6465388b731a6dccfb0feeb70cb674ab28be9,validation_005,1,4,582213489,9,,
64,12.8,B,mainline,True,False,243.20000000000132,16.0,0,maintain,0.0,0.0,261.0,0.0,0,0,inactive-active,0.1242281123995781,-0.005277365446090698,0.06865067034959793,0,0.1242281123995781,0.06865067034959793,0.055577442049980164,0.1295054778456688,"[true, true, true]",False,False,False,67008,0,fc67b5b9a2d8c823e29b2d5c2dd6465388b731a6dccfb0feeb70cb674ab28be9,validation_005,1,4,582213489,9,,
64,12.8,B_front,background_mainline,True,,260.0,0.0,,,,,,,,,,,,,,,,,,,,,,67008,0,fc67b5b9a2d8c823e29b2d5c2dd6465388b731a6dccfb0feeb70cb674ab28be9,validation_005,1,4,582213489,9,,
64,12.8,B_rear,background_mainline,True,,211.25209366361037,15.542649108412071,,,,,,,,,,,,,,,,,,,,,,67008,0,fc67b5b9a2d8c823e29b2d5c2dd6465388b731a6dccfb0feeb70cb674ab28be9,validation_005,1,4,582213489,9,,
65,13.0,A,ramp,False,True,261.0,0.0,0,maintain,0.0,0.0,246.40000000000137,16.0,0,0,inactive-active,-0.02867363579571247,-0.09015263617038727,0.016732916235923767,2,0.016732916235923767,-0.02867363579571247,0.04540655203163624,0.10688555240631104,"[true, true, true]",False,False,False,67008,0,fc67b5b9a2d8c823e29b2d5c2dd6465388b731a6dccfb0feeb70cb674ab28be9,validation_005,1,4,582213489,9,,
65,13.0,B,mainline,True,False,246.40000000000137,16.0,0,maintain,0.0,0.0,261.0,0.0,0,0,inactive-active,0.12423008680343628,-0.005354829132556915,0.06907007843255997,0,0.12423008680343628,0.06907007843255997,0.05516000837087631,0.1295849159359932,"[true, true, true]",False,False,False,67008,0,fc67b5b9a2d8c823e29b2d5c2dd6465388b731a6dccfb0feeb70cb674ab28be9,validation_005,1,4,582213489,9,,
65,13.0,B_front,background_mainline,True,,260.0,0.0,,,,,,,,,,,,,,,,,,,,,,67008,0,fc67b5b9a2d8c823e29b2d5c2dd6465388b731a6dccfb0feeb70cb674ab28be9,validation_005,1,4,582213489,9,,
65,13.0,B_rear,background_mainline,True,,214.36181337572992,15.554496264156752,,,,,,,,,,,,,,,,,,,,,,67008,0,fc67b5b9a2d8c823e29b2d5c2dd6465388b731a6dccfb0feeb70cb674ab28be9,validation_005,1,4,582213489,9,,
66,13.200000000000001,A,ramp,False,True,261.0,0.0,0,maintain,0.0,0.0,249.60000000000142,16.0,0,0,inactive-active,-0.029075875878334045,-0.08946000039577484,0.016154445707798004,2,0.016154445707798004,-0.029075875878334045,0.04523032158613205,0.10561444610357285,"[true, true, true]",False,False,False,67008,0,fc67b5b9a2d8c823e29b2d5c2dd6465388b731a6dccfb0feeb70cb674ab28be9,validation_005,1,4,582213489,9,,
66,13.200000000000001,B,mainline,True,False,249.60000000000142,16.0,0,maintain,0.0,0.0,261.0,0.0,0,0,inactive-active,0.12435416132211685,-0.005368359386920929,0.06960633397102356,0,0.12435416132211685,0.06960633397102356,0.05474782735109329,0.12972252070903778,"[true, true, true]",False,False,False,67008,0,fc67b5b9a2d8c823e29b2d5c2dd6465388b731a6dccfb0feeb70cb674ab28be9,validation_005,1,4,582213489,9,,
66,13.200000000000001,B_front,background_mainline,True,,260.0,0.0,,,,,,,,,,,,,,,,,,,,,,67008,0,fc67b5b9a2d8c823e29b2d5c2dd6465388b731a6dccfb0feeb70cb674ab28be9,validation_005,1,4,582213489,9,,
66,13.200000000000001,B_rear,background_mainline,True,,217.47386970931106,15.566016725787634,,,,,,,,,,,,,,,,,,,,,,67008,0,fc67b5b9a2d8c823e29b2d5c2dd6465388b731a6dccfb0feeb70cb674ab28be9,validation_005,1,4,582213489,9,,
67,13.4,A,ramp,False,True,261.0,0.0,0,maintain,0.0,0.0,252.80000000000146,16.0,0,0,inactive-active,-0.02945910207927227,-0.08878818154335022,0.015559133142232895,2,0.015559133142232895,-0.02945910207927227,0.045018235221505165,0.10434731468558311,"[true, true, true]",False,False,False,67008,0,fc67b5b9a2d8c823e29b2d5c2dd6465388b731a6dccfb0feeb70cb674ab28be9,validation_005,1,4,582213489,9,,
67,13.4,B,mainline,True,False,252.80000000000146,16.0,0,maintain,0.0,0.0,261.0,0.0,0,0,inactive-active,0.12445659935474396,-0.005378231406211853,0.0700528472661972,0,0.12445659935474396,0.0700528472661972,0.05440375208854675,0.1298348307609558,"[true, true, true]",False,False,False,67008,0,fc67b5b9a2d8c823e29b2d5c2dd6465388b731a6dccfb0feeb70cb674ab28be9,validation_005,1,4,582213489,9,,
67,13.4,B_front,background_mainline,True,,260.0,0.0,,,,,,,,,,,,,,,,,,,,,,67008,0,fc67b5b9a2d8c823e29b2d5c2dd6465388b731a6dccfb0feeb70cb674ab28be9,validation_005,1,4,582213489,9,,
67,13.4,B_rear,background_mainline,True,,220.58819821878868,15.577219404905494,,,,,,,,,,,,,,,,,,,,,,67008,0,fc67b5b9a2d8c823e29b2d5c2dd6465388b731a6dccfb0feeb70cb674ab28be9,validation_005,1,4,582213489,9,,
68,13.600000000000001,A,ramp,False,True,261.0,0.0,0,maintain,0.0,0.0,256.0000000000015,16.0,0,0,inactive-active,-0.02984224632382393,-0.08811662346124649,0.014963824301958084,2,0.014963824301958084,-0.02984224632382393,0.04480607062578201,0.10308044776320457,"[true, true, true]",False,False,False,67008,0,fc67b5b9a2d8c823e29b2d5c2dd6465388b731a6dccfb0feeb70cb674ab28be9,validation_005,1,4,582213489,9,,
68,13.600000000000001,B,mainline,True,False,256.0000000000015,16.0,0,maintain,0.0,0.0,261.0,0.0,0,0,inactive-active,0.12452638149261475,-0.005383022129535675,0.07036412507295609,0,0.12452638149261475,0.07036412507295609,0.05416225641965866,0.12990940362215042,"[true, true, true]",False,False,False,67008,0,fc67b5b9a2d8c823e29b2d5c2dd6465388b731a6dccfb0feeb70cb674ab28be9,validation_005,1,4,582213489,9,,
68,13.600000000000001,B_front,background_mainline,True,,260.0,0.0,,,,,,,,,,,,,,,,,,,,,,67008,0,fc67b5b9a2d8c823e29b2d5c2dd6465388b731a6dccfb0feeb70cb674ab28be9,validation_005,1,4,582213489,9,,
68,13.600000000000001,B_rear,background_mainline,True,,223.70473622696932,15.588113071328578,,,,,,,,,,,,,,,,,,,,,,67008,0,fc67b5b9a2d8c823e29b2d5c2dd6465388b731a6dccfb0feeb70cb674ab28be9,validation_005,1,4,582213489,9,,
69,13.8,A,ramp,False,True,261.0,0.0,0,maintain,0.0,0.0,259.2000000000015,16.0,0,0,inactive-active,-0.030225269496440887,-0.08744536340236664,0.014368537813425064,2,0.014368537813425064,-0.030225269496440887,0.04459380730986595,0.1018139012157917,"[true, true, true]",False,True,False,67008,0,fc67b5b9a2d8c823e29b2d5c2dd6465388b731a6dccfb0feeb70cb674ab28be9,validation_005,1,4,582213489,9,,
69,13.8,B,mainline,True,False,259.2000000000015,16.0,0,maintain,0.0,0.0,261.0,0.0,0,0,inactive-active,0.12459609657526016,-0.0053868889808654785,0.0706748366355896,0,0.12459609657526016,0.0706748366355896,0.05392125993967056,0.12998298555612564,"[true, true, true]",False,True,False,67008,0,fc67b5b9a2d8c823e29b2d5c2dd6465388b731a6dccfb0feeb70cb674ab28be9,validation_005,1,4,582213489,9,,
69,13.8,B_front,background_mainline,True,,260.0,0.0,,,,,,,,,,,,,,,,,,,,,,67008,0,fc67b5b9a2d8c823e29b2d5c2dd6465388b731a6dccfb0feeb70cb674ab28be9,validation_005,1,4,582213489,9,,
69,13.8,B_rear,background_mainline,True,,226.8334283916639,15.731688243182012,,,,,,,,,,,,,,,,,,,,,,67008,0,fc67b5b9a2d8c823e29b2d5c2dd6465388b731a6dccfb0feeb70cb674ab28be9,validation_005,1,4,582213489,9,,
0,0.0,A,mainline,True,False,38.4,16.0,0,maintain,0.0,0.0,33.199999999999996,18.0,0,0,maintain-maintain,0.042759329080581665,-0.07943190634250641,-0.024924755096435547,0,0.042759329080581665,-0.024924755096435547,0.06768408417701721,0.12219123542308807,"[true, true, true]",False,False,False,67008,0,fc67b5b9a2d8c823e29b2d5c2dd6465388b731a6dccfb0feeb70cb674ab28be9,validation_006,0,5,1929278315,10,,
0,0.0,B,ramp,True,False,33.199999999999996,18.0,0,maintain,0.0,0.0,38.4,16.0,0,0,maintain-maintain,0.13112929463386536,-0.021395698189735413,-0.09230902791023254,0,0.13112929463386536,-0.021395698189735413,0.15252499282360077,0.2234383225440979,"[true, true, true]",False,False,False,67008,0,fc67b5b9a2d8c823e29b2d5c2dd6465388b731a6dccfb0feeb70cb674ab28be9,validation_006,0,5,1929278315,10,,
0,0.0,B_front,background_mainline,True,,106.0,20.0,,,,,,,,,,,,,,,,,,,,,,67008,0,fc67b5b9a2d8c823e29b2d5c2dd6465388b731a6dccfb0feeb70cb674ab28be9,validation_006,0,5,1929278315,10,,
0,0.0,B_rear,background_mainline,True,,17.879999999999995,18.799999999999997,,,,,,,,,,,,,,,,,,,,,,67008,0,fc67b5b9a2d8c823e29b2d5c2dd6465388b731a6dccfb0feeb70cb674ab28be9,validation_006,0,5,1929278315,10,,
1,0.2,A,mainline,True,False,41.59999999999999,16.0,0,maintain,0.0,0.0,36.79999999999999,18.0,0,0,maintain-maintain,0.04118762165307999,-0.07628723233938217,-0.02256394922733307,0,0.04118762165307999,-0.02256394922733307,0.06375157088041306,0.11747485399246216,"[true, true, true]",False,False,False,67008,0,fc67b5b9a2d8c823e29b2d5c2dd6465388b731a6dccfb0feeb70cb674ab28be9,validation_006,0,5,1929278315,10,,
1,0.2,B,ramp,True,False,36.79999999999999,18.0,0,maintain,0.0,0.0,41.59999999999999,16.0,0,0,maintain-maintain,0.1318759024143219,-0.021271616220474243,-0.09110483527183533,0,0.1318759024143219,-0.021271616220474243,0.15314751863479614,0.22298073768615723,"[true, true, true]",False,False,False,67008,0,fc67b5b9a2d8c823e29b2d5c2dd6465388b731a6dccfb0feeb70cb674ab28be9,validation_006,0,5,1929278315,10,,
1,0.2,B_front,background_mainline,True,,110.0,20.0,,,,,,,,,,,,,,,,,,,,,,67008,0,fc67b5b9a2d8c823e29b2d5c2dd6465388b731a6dccfb0feeb70cb674ab28be9,validation_006,0,5,1929278315,10,,
1,0.2,B_rear,background_mainline,True,,21.519999999999996,17.599999999999994,,,,,,,,,,,,,,,,,,,,,,67008,0,fc67b5b9a2d8c823e29b2d5c2dd6465388b731a6dccfb0feeb70cb674ab28be9,validation_006,0,5,1929278315,10,,
2,0.4,A,mainline,True,False,44.799999999999976,16.0,0,maintain,0.0,0.0,40.399999999999984,18.0,0,0,maintain-maintain,0.03958733379840851,-0.07313021272420883,-0.020166859030723572,0,0.03958733379840851,-0.020166859030723572,0.05975419282913208,0.11271754652261734,"[true, true, true]",False,False,False,67008,0,fc67b5b9a2d8c823e29b2d5c2dd6465388b731a6dccfb0feeb70cb674ab28be9,validation_006,0,5,1929278315,10,,
2,0.4,B,ramp,True,False,40.399999999999984,18.0,0,maintain,0.0,0.0,44.799999999999976,16.0,0,0,maintain-maintain,0.13275721669197083,-0.02132268249988556,-0.08976006507873535,0,0.13275721669197083,-0.02132268249988556,0.15407989919185638,0.22251728177070618,"[true, true, true]",False,False,False,67008,0,fc67b5b9a2d8c823e29b2d5c2dd6465388b731a6dccfb0feeb70cb674ab28be9,validation_006,0,5,1929278315,10,,
2,0.4,B_front,background_mainline,True,,114.0,20.0,,,,,,,,,,,,,,,,,,,,,,67008,0,fc67b5b9a2d8c823e29b2d5c2dd6465388b731a6dccfb0feeb70cb674ab28be9,validation_006,0,5,1929278315,10,,
2,0.4,B_rear,background_mainline,True,,24.94217641286115,16.686516521410333,,,,,,,,,,,,,,,,,,,,,,67008,0,fc67b5b9a2d8c823e29b2d5c2dd6465388b731a6dccfb0feeb70cb674ab28be9,validation_006,0,5,1929278315,10,,
3,0.6000000000000001,A,mainline,True,False,47.999999999999964,16.0,0,maintain,0.0,0.0,43.99999999999998,18.0,0,0,maintain-maintain,0.03811253607273102,-0.0707806721329689,-0.018200740218162537,0,0.03811253607273102,-0.018200740218162537,0.056313276290893555,0.10889320820569992,"[true, true, true]",False,False,False,67008,0,fc67b5b9a2d8c823e29b2d5c2dd6465388b731a6dccfb0feeb70cb674ab28be9,validation_006,0,5,1929278315,10,,
3,0.6000000000000001,B,ramp,True,False,43.99999999999998,18.0,0,maintain,0.0,0.0,47.999999999999964,16.0,0,0,maintain-maintain,0.13382381200790405,-0.021443814039230347,-0.08851272612810135,0,0.13382381200790405,-0.021443814039230347,0.1552676260471344,0.2223365381360054,"[true, true, true]",False,False,False,67008,0,fc67b5b9a2d8c823e29b2d5c2dd6465388b731a6dccfb0feeb70cb674ab28be9,validation_006,0,5,1929278315,10,,
3,0.6000000000000001,B_front,background_mainline,True,,118.0,20.0,,,,,,,,,,,,,,,,,,,,,,67008,0,fc67b5b9a2d8c823e29b2d5c2dd6465388b731a6dccfb0feeb70cb674ab28be9,validation_006,0,5,1929278315,10,,
3,0.6000000000000001,B_rear,background_mainline,True,,28.21562841445792,16.08352846628833,,,,,,,,,,,,,,,,,,,,,,67008,0,fc67b5b9a2d8c823e29b2d5c2dd6465388b731a6dccfb0feeb70cb674ab28be9,validation_006,0,5,1929278315,10,,
4,0.8,A,mainline,True,False,51.19999999999995,16.0,0,maintain,0.0,0.0,47.59999999999997,18.0,0,0,maintain-maintain,0.03666124492883682,-0.06917353719472885,-0.016693778336048126,0,0.03666124492883682,-0.016693778336048126,0.05335502326488495,0.10583478212356567,"[true, true, true]",False,False,False,67008,0,fc67b5b9a2d8c823e29b2d5c2dd6465388b731a6dccfb0feeb70cb674ab28be9,validation_006,0,5,1929278315,10,,
4,0.8,B,ramp,True,False,47.59999999999997,18.0,0,maintain,0.0,0.0,51.19999999999995,16.0,0,0,maintain-maintain,0.1349543333053589,-0.021477162837982178,-0.08753467351198196,0,0.1349543333053589,-0.021477162837982178,0.15643149614334106,0.22248900681734085,"[true, true, true]",False,False,False,67008,0,fc67b5b9a2d8c823e29b2d5c2dd6465388b731a6dccfb0feeb70cb674ab28be9,validation_006,0,5,1929278315,10,,
4,0.8,B_front,background_mainline,True,,122.0,20.0,,,,,,,,,,,,,,,,,,,,,,67008,0,fc67b5b9a2d8c823e29b2d5c2dd6465388b731a6dccfb0feeb70cb674ab28be9,validation_006,0,5,1929278315,10,,
4,0.8,B_rear,background_mainline,True,,31.387858188138374,15.660749407338313,,,,,,,,,,,,,,,,,,,,,,67008,0,fc67b5b9a2d8c823e29b2d5c2dd6465388b731a6dccfb0feeb70cb674ab28be9,validation_006,0,5,1929278315,10,,
5,1.0,A,mainline,True,False,54.39999999999994,16.0,0,maintain,0.0,0.0,51.19999999999997,18.0,0,0,maintain-maintain,0.03539760410785675,-0.06790236383676529,-0.01543077826499939,0,0.03539760410785675,-0.01543077826499939,0.05082838237285614,0.10329996794462204,"[true, true, true]",False,False,False,67008,0,fc67b5b9a2d8c823e29b2d5c2dd6465388b731a6dccfb0feeb70cb674ab28be9,validation_006,0,5,1929278315,10,,
5,1.0,B,ramp,True,False,51.19999999999997,18.0,0,maintain,0.0,0.0,54.39999999999994,16.0,0,0,maintain-maintain,0.13612252473831177,-0.021461643278598785,-0.08671413362026215,0,0.13612252473831177,-0.021461643278598785,0.15758416801691055,0.2228366583585739,"[true, true, true]",False,False,False,67008,0,fc67b5b9a2d8c823e29b2d5c2dd6465388b731a6dccfb0feeb70cb674ab28be9,validation_006,0,5,1929278315,10,,
5,1.0,B_front,background_mainline,True,,126.0,20.0,,,,,,,,,,,,,,,,,,,,,,67008,0,fc67b5b9a2d8c823e29b2d5c2dd6465388b731a6dccfb0feeb70cb674ab28be9,validation_006,0,5,1929278315,10,,
5,1.0,B_rear,background_mainline,True,,34.48782309875748,15.353579330192815,,,,,,,,,,,,,,,,,,,,,,67008,0,fc67b5b9a2d8c823e29b2d5c2dd6465388b731a6dccfb0feeb70cb674ab28be9,validation_006,0,5,1929278315,10,,
6,1.2000000000000002,A,mainline,True,False,57.59999999999993,16.0,0,maintain,0.0,0.0,54.79999999999996,18.0,0,0,maintain-maintain,0.034256719052791595,-0.06682392209768295,-0.014294780790805817,0,0.034256719052791595,-0.014294780790805817,0.04855149984359741,0.10108064115047455,"[true, true, true]",False,False,False,67008,0,fc67b5b9a2d8c823e29b2d5c2dd6465388b731a6dccfb0feeb70cb674ab28be9,validation_006,0,5,1929278315,10,,
6,1.2000000000000002,B,ramp,True,False,54.79999999999996,18.0,0,maintain,0.0,0.0,57.59999999999993,16.0,0,0,maintain-maintain,0.13714540004730225,-0.021131642162799835,-0.08610408753156662,0,0.13714540004730225,-0.021131642162799835,0.15827704221010208,0.22324948757886887,"[true, true, true]",False,False,False,67008,0,fc67b5b9a2d8c823e29b2d5c2dd6465388b731a6dccfb0feeb70cb674ab28be9,validation_006,0,5,1929278315,10,,
6,1.2000000000000002,B_front,background_mainline,True,,130.0,20.0,,,,,,,,,,,,,,,,,,,,,,67008,0,fc67b5b9a2d8c823e29b2d5c2dd6465388b731a6dccfb0feeb70cb674ab28be9,validation_006,0,5,1929278315,10,,
6,1.2000000000000002,B_rear,background_mainline,True,,37.53470614414331,15.125585128608417,,,,,,,,,,,,,,,,,,,,,,67008,0,fc67b5b9a2d8c823e29b2d5c2dd6465388b731a6dccfb0feeb70cb674ab28be9,validation_006,0,5,1929278315,10,,
7,1.4000000000000001,A,mainline,True,False,60.79999999999992,16.0,0,maintain,0.0,0.0,58.399999999999956,18.0,0,0,maintain-maintain,0.033165350556373596,-0.06575710326433182,-0.01303160935640335,0,0.033165350556373596,-0.01303160935640335,0.04619695991277695,0.09892245382070541,"[true, true, true]",False,False,False,67008,0,fc67b5b9a2d8c823e29b2d5c2dd6465388b731a6dccfb0feeb70cb674ab28be9,validation_006,0,5,1929278315,10,,
7,1.4000000000000001,B,ramp,True,False,58.399999999999956,18.0,0,maintain,0.0,0.0,60.79999999999992,16.0,0,0,maintain-maintain,0.13787870109081268,-0.02047917991876602,-0.08578687161207199,0,0.13787870109081268,-0.02047917991876602,0.1583578810095787,0.22366557270288467,"[true, true, true]",False,False,False,67008,0,fc67b5b9a2d8c823e29b2d5c2dd6465388b731a6dccfb0feeb70cb674ab28be9,validation_006,0,5,1929278315,10,,
7,1.4000000000000001,B_front,background_mainline,True,,134.0,20.0,,,,,,,,,,,,,,,,,,,,,,67008,0,fc67b5b9a2d8c823e29b2d5c2dd6465388b731a6dccfb0feeb70cb674ab28be9,validation_006,0,5,1929278315,10,,
7,1.4000000000000001,B_rear,background_mainline,True,,40.541944875874314,14.95436040254882,,,,,,,,,,,,,,,,,,,,,,67008,0,fc67b5b9a2d8c823e29b2d5c2dd6465388b731a6dccfb0feeb70cb674ab28be9,validation_006,0,5,1929278315,10,,
8,1.6,A,mainline,True,False,63.99999999999991,16.0,0,maintain,0.0,0.0,61.99999999999995,18.0,0,0,maintain-maintain,0.031532540917396545,-0.06500372290611267,-0.011847063899040222,0,0.031532540917396545,-0.011847063899040222,0.04337960481643677,0.09653626382350922,"[true, true, true]",False,False,False,67008,0,fc67b5b9a2d8c823e29b2d5c2dd6465388b731a6dccfb0feeb70cb674ab28be9,validation_006,0,5,1929278315,10,,
8,1.6,B,ramp,True,False,61.99999999999995,18.0,0,maintain,0.0,0.0,63.99999999999991,16.0,0,0,maintain-maintain,0.1374991536140442,-0.019133366644382477,-0.08614785224199295,0,0.1374991536140442,-0.019133366644382477,0.15663252025842667,0.22364700585603714,"[true, true, true]",False,False,False,67008,0,fc67b5b9a2d8c823e29b2d5c2dd6465388b731a6dccfb0feeb70cb674ab28be9,validation_006,0,5,1929278315,10,,
8,1.6,B_front,background_mainline,True,,138.0,20.0,,,,,,,,,,,,,,,,,,,,,,67008,0,fc67b5b9a2d8c823e29b2d5c2dd6465388b731a6dccfb0feeb70cb674ab28be9,validation_006,0,5,1929278315,10,,
8,1.6,B_rear,background_mainline,True,,43.51933555755461,14.825235468744333,,,,,,,,,,,,,,,,,,,,,,67008,0,fc67b5b9a2d8c823e29b2d5c2dd6465388b731a6dccfb0feeb70cb674ab28be9,validation_006,0,5,1929278315,10,,
9,1.8,A,mainline,True,False,67.1999999999999,16.0,0,maintain,0.0,0.0,65.59999999999995,18.0,0,0,maintain-maintain,0.029512882232666016,-0.06442954391241074,-0.010774873197078705,0,0.029512882232666016,-0.010774873197078705,0.04028775542974472,0.09394242614507675,"[true, true, true]",False,False,False,67008,0,fc67b5b9a2d8c823e29b2d5c2dd6465388b731a6dccfb0feeb70cb674ab28be9,validation_006,0,5,1929278315,10,,
9,1.8,B,ramp,True,False,65.59999999999995,18.0,0,maintain,0.0,0.0,67.1999999999999,16.0,0,0,maintain-maintain,0.13706161081790924,-0.01708999276161194,-0.08672840893268585,0,0.13706161081790924,-0.01708999276161194,0.15415160357952118,0.2237900197505951,"[true, true, true]",False,False,False,67008,0,fc67b5b9a2d8c823e29b2d5c2dd6465388b731a6dccfb0feeb70cb674ab28be9,validation_006,0,5,1929278315,10,,
9,1.8,B_front,background_mainline,True,,142.0,20.0,,,,,,,,,,,,,,,,,,,,,,67008,0,fc67b5b9a2d8c823e29b2d5c2dd6465388b731a6dccfb0feeb70cb674ab28be9,validation_006,0,5,1929278315,10,,
9,1.8,B_rear,background_mainline,True,,46.474235282017354,14.728139503250018,,,,,,,,,,,,,,,,,,,,,,67008,0,fc67b5b9a2d8c823e29b2d5c2dd6465388b731a6dccfb0feeb70cb674ab28be9,validation_006,0,5,1929278315,10,,
10,2.0,A,mainline,True,False,70.39999999999989,16.0,0,maintain,0.0,0.0,69.19999999999997,18.0,0,0,maintain-maintain,0.02803293615579605,-0.06391914188861847,-0.01013527438044548,0,0.02803293615579605,-0.01013527438044548,0.03816821053624153,0.09195207804441452,"[true, true, true]",False,False,False,67008,0,fc67b5b9a2d8c823e29b2d5c2dd6465388b731a6dccfb0feeb70cb674ab28be9,validation_006,0,5,1929278315,10,,
10,2.0,B,ramp,True,False,69.19999999999997,18.0,0,maintain,0.0,0.0,70.39999999999989,16.0,0,0,maintain-maintain,0.136633962392807,-0.015042245388031006,-0.08733570575714111,0,0.136633962392807,-0.015042245388031006,0.151676207780838,0.22396966814994812,"[true, true, true]",False,False,False,67008,0,fc67b5b9a2d8c823e29b2d5c2dd6465388b731a6dccfb0feeb70cb674ab28be9,validation_006,0,5,1929278315,10,,
10,2.0,B_front,background_mainline,True,,146.0,20.0,,,,,,,,,,,,,,,,,,,,,,67008,0,fc67b5b9a2d8c823e29b2d5c2dd6465388b731a6dccfb0feeb70cb674ab28be9,validation_006,0,5,1929278315,10,,
10,2.0,B_rear,background_mainline,True,,49.41229619819735,14.655896799996471,,,,,,,,,,,,,,,,,,,,,,67008,0,fc67b5b9a2d8c823e29b2d5c2dd6465388b731a6dccfb0feeb70cb674ab28be9,validation_006,0,5,1929278315,10,,
11,2.2,A,mainline,True,False,73.59999999999988,16.0,0,maintain,0.0,0.0,72.8,18.0,0,0,maintain-maintain,0.02665521949529648,-0.06344491243362427,-0.009587563574314117,0,0.02665521949529648,-0.009587563574314117,0.036242783069610596,0.09010013192892075,"[true, true, true]",False,False,False,67008,0,fc67b5b9a2d8c823e29b2d5c2dd6465388b731a6dccfb0feeb70cb674ab28be9,validation_006,0,5,1929278315,10,,
11,2.2,B,ramp,True,False,72.8,18.0,0,maintain,0.0,0.0,73.59999999999988,16.0,0,0,maintain-maintain,0.13621392846107483,-0.01299111545085907,-0.0879637598991394,0,0.13621392846107483,-0.01299111545085907,0.1492050439119339,0.22417768836021423,"[true, true, true]",False,False,False,67008,0,fc67b5b9a2d8c823e29b2d5c2dd6465388b731a6dccfb0feeb70cb674ab28be9,validation_006,0,5,1929278315,10,,
11,2.2,B_front,background_mainline,True,,150.0,20.0,,,,,,,,,,,,,,,,,,,,,,67008,0,fc67b5b9a2d8c823e29b2d5c2dd6465388b731a6dccfb0feeb70cb674ab28be9,validation_006,0,5,1929278315,10,,
11,2.2,B_rear,background_mainline,True,,52.33793785091527,14.603239149251383,,,,,,,,,,,,,,,,,,,,,,67008,0,fc67b5b9a2d8c823e29b2d5c2dd6465388b731a6dccfb0feeb70cb674ab28be9,validation_006,0,5,1929278315,10,,
12,2.4000000000000004,A,mainline,True,False,76.79999999999987,16.0,0,maintain,0.0,0.0,76.40000000000002,18.0,0,0,maintain-maintain,0.025292739272117615,-0.06299920380115509,-0.009062997996807098,0,0.025292739272117615,-0.009062997996807098,0.03435573726892471,0.0882919430732727,"[true, true, true]",False,False,False,67008,0,fc67b5b9a2d8c823e29b2d5c2dd6465388b731a6dccfb0feeb70cb674ab28be9,validation_006,0,5,1929278315,10,,
12,2.4000000000000004,B,ramp,True,False,76.40000000000002,18.0,0,maintain,0.0,0.0,76.79999999999987,16.0,0,0,maintain-maintain,0.13579991459846497,-0.010937109589576721,-0.08860808610916138,0,0.13579991459846497,-0.010937109589576721,0.1467370241880417,0.22440800070762634,"[true, true, true]",False,False,False,67008,0,fc67b5b9a2d8c823e29b2d5c2dd6465388b731a6dccfb0feeb70cb674ab28be9,validation_006,0,5,1929278315,10,,
12,2.4000000000000004,B_front,background_mainline,True,,154.0,20.0,,,,,,,,,,,,,,,,,,,,,,67008,0,fc67b5b9a2d8c823e29b2d5c2dd6465388b731a6dccfb0feeb70cb674ab28be9,validation_006,0,5,1929278315,10,,
12,2.4000000000000004,B_rear,background_mainline,True,,55.25466395655898,14.566202649506472,,,,,,,,,,,,,,,,,,,,,,67008,0,fc67b5b9a2d8c823e29b2d5c2dd6465388b731a6dccfb0feeb70cb674ab28be9,validation_006,0,5,1929278315,10,,
13,2.6,A,mainline,True,False,79.99999999999986,16.0,0,maintain,0.0,0.0,80.00000000000004,18.0,0,0,maintain-maintain,0.02369808405637741,-0.06257004290819168,-0.008460957556962967,0,0.02369808405637741,-0.008460957556962967,0.03215904161334038,0.08626812696456909,"[true, true, true]",False,False,False,67008,0,fc67b5b9a2d8c823e29b2d5c2dd6465388b731a6dccfb0feeb70cb674ab28be9,validation_006,0,5,1929278315,10,,
13,2.6,B,ramp,True,False,80.00000000000004,18.0,0,maintain,0.0,0.0,79.99999999999986,16.0,0,0,maintain-maintain,0.13531674444675446,-0.008782044053077698,-0.08866837620735168,0,0.13531674444675446,-0.008782044053077698,0.14409878849983215,0.22398512065410614,"[true, true, true]",False,False,False,67008,0,fc67b5b9a2d8c823e29b2d5c2dd6465388b731a6dccfb0feeb70cb674ab28be9,validation_006,0,5,1929278315,10,,
13,2.6,B_front,background_mainline,True,,158.0,20.0,,,,,,,,,,,,,,,,,,,,,,67008,0,fc67b5b9a2d8c823e29b2d5c2dd6465388b731a6dccfb0feeb70cb674ab28be9,validation_006,0,5,1929278315,10,,
13,2.6,B_rear,background_mainline,True,,58.165282238811564,14.541743230830718,,,,,,,,,,,,,,,,,,,,,,67008,0,fc67b5b9a2d8c823e29b2d5c2dd6465388b731a6dccfb0feeb70cb674ab28be9,validation_006,0,5,1929278315,10,,
14,2.8000000000000003,A,mainline,True,False,83.19999999999985,16.0,0,maintain,0.0,0.0,83.60000000000007,18.0,0,0,maintain-maintain,0.02204449474811554,-0.06221035122871399,-0.007876336574554443,0,0.02204449474811554,-0.007876336574554443,0.029920831322669983,0.08425484597682953,"[true, true, true]",False,False,False,67008,0,fc67b5b9a2d8c823e29b2d5c2dd6465388b731a6dccfb0feeb70cb674ab28be9,validation_006,0,5,1929278315,10,,
14,2.8000000000000003,B,ramp,True,False,83.60000000000007,18.0,0,maintain,0.0,0.0,83.19999999999985,16.0,0,0,maintain-maintain,0.13473355770111084,-0.006482616066932678,-0.08788418024778366,0,0.13473355770111084,-0.006482616066932678,0.14121617376804352,0.2226177379488945,"[true, true, true]",False,False,False,67008,0,fc67b5b9a2d8c823e29b2d5c2dd6465388b731a6dccfb0feeb70cb674ab28be9,validation_006,0,5,1929278315,10,,
14,2.8000000000000003,B_front,background_mainline,True,,162.0,20.0,,,,,,,,,,,,,,,,,,,,,,67008,0,fc67b5b9a2d8c823e29b2d5c2dd6465388b731a6dccfb0feeb70cb674ab28be9,validation_006,0,5,1929278315,10,,
14,2.8000000000000003,B_rear,background_mainline,True,,61.072061422989094,14.52748268554673,,,,,,,,,,,,,,,,,,,,,,67008,0,fc67b5b9a2d8c823e29b2d5c2dd6465388b731a6dccfb0feeb70cb674ab28be9,validation_006,0,5,1929278315,10,,
15,3.0,A,mainline,True,False,86.39999999999984,16.0,0,maintain,0.0,0.0,87.20000000000009,18.0,0,0,maintain-maintain,0.02050630748271942,-0.061876945197582245,-0.0072632357478141785,0,0.02050630748271942,-0.0072632357478141785,0.0277695432305336,0.08238325268030167,"[true, true, true]",False,False,False,67008,0,fc67b5b9a2d8c823e29b2d5c2dd6465388b731a6dccfb0feeb70cb674ab28be9,validation_006,0,5,1929278315,10,,
15,3.0,B,ramp,True,False,87.20000000000009,18.0,0,maintain,0.0,0.0,86.39999999999984,16.0,0,0,maintain-maintain,0.13416478037834167,-0.0043250322341918945,-0.08728949725627899,0,0.13416478037834167,-0.0043250322341918945,0.13848981261253357,0.22145427763462067,"[true, true, true]",False,False,False,67008,0,fc67b5b9a2d8c823e29b2d5c2dd6465388b731a6dccfb0feeb70cb674ab28be9,validation_006,0,5,1929278315,10,,
15,3.0,B_front,background_mainline,True,,166.0,20.0,,,,,,,,,,,,,,,,,,,,,,67008,0,fc67b5b9a2d8c823e29b2d5c2dd6465388b731a6dccfb0feeb70cb674ab28be9,validation_006,0,5,1929278315,10,,
15,3.0,B_rear,background_mainline,True,,63.97684611865208,14.521535746312706,,,,,,,,,,,,,,,,,,,,,,67008,0,fc67b5b9a2d8c823e29b2d5c2dd6465388b731a6dccfb0feeb70cb674ab28be9,validation_006,0,5,1929278315,10,,
16,3.2,A,mainline,True,False,89.59999999999982,16.0,0,maintain,0.0,0.0,90.80000000000011,18.0,0,0,maintain-maintain,0.019035741686820984,-0.06158804893493652,-0.006650235503911972,0,0.019035741686820984,-0.006650235503911972,0.025685977190732956,0.08062379062175751,"[true, true, true]",False,False,False,67008,0,fc67b5b9a2d8c823e29b2d5c2dd6465388b731a6dccfb0feeb70cb674ab28be9,validation_006,0,5,1929278315,10,,
16,3.2,B,ramp,True,False,90.80000000000011,18.0,0,maintain,0.0,0.0,89.59999999999982,16.0,0,0,maintain-maintain,0.1342415064573288,-0.002469375729560852,-0.08749265968799591,0,0.1342415064573288,-0.002469375729560852,0.13671088218688965,0.2217341661453247,"[true, true, true]",False,False,False,67008,0,fc67b5b9a2d8c823e29b2d5c2dd6465388b731a6dccfb0feeb70cb674ab28be9,validation_006,0,5,1929278315,10,,
16,3.2,B_front,background_mainline,True,,170.0,20.0,,,,,,,,,,,,,,,,,,,,,,67008,0,fc67b5b9a2d8c823e29b2d5c2dd6465388b731a6dccfb0feeb70cb674ab28be9,validation_006,0,5,1929278315,10,,
16,3.2,B_rear,background_mainline,True,,66.88114267066567,14.522389234585514,,,,,,,,,,,,,,,,,,,,,,67008,0,fc67b5b9a2d8c823e29b2d5c2dd6465388b731a6dccfb0feeb70cb674ab28be9,validation_006,0,5,1929278315,10,,
17,3.4000000000000004,A,mainline,True,False,92.79999999999981,16.0,0,maintain,0.0,0.0,94.40000000000013,18.0,0,0,maintain-maintain,0.018059521913528442,-0.061750948429107666,-0.005908269435167313,0,0.018059521913528442,-0.005908269435167313,0.023967791348695755,0.07981047034263611,"[true, true, true]",False,False,False,67008,0,fc67b5b9a2d8c823e29b2d5c2dd6465388b731a6dccfb0feeb70cb674ab28be9,validation_006,0,5,1929278315,10,,
17,3.4000000000000004,B,ramp,True,False,94.40000000000013,18.0,0,maintain,0.0,0.0,92.79999999999981,16.0,0,0,maintain-maintain,0.13471129536628723,-0.000944577157497406,-0.08846655488014221,0,0.13471129536628723,-0.000944577157497406,0.13565587252378464,0.22317785024642944,"[true, true, true]",False,False,False,67008,0,fc67b5b9a2d8c823e29b2d5c2dd6465388b731a6dccfb0feeb70cb674ab28be9,validation_006,0,5,1929278315,10,,
17,3.4000000000000004,B_front,background_mainline,True,,174.0,20.0,,,,,,,,,,,,,,,,,,,,,,67008,0,fc67b5b9a2d8c823e29b2d5c2dd6465388b731a6dccfb0feeb70cb674ab28be9,validation_006,0,5,1929278315,10,,
17,3.4000000000000004,B_rear,background_mainline,True,,69.78618449895114,14.52881565614234,,,,,,,,,,,,,,,,,,,,,,67008,0,fc67b5b9a2d8c823e29b2d5c2dd6465388b731a6dccfb0feeb70cb674ab28be9,validation_006,0,5,1929278315,10,,
18,3.6,A,mainline,True,False,95.9999999999998,16.0,0,maintain,0.0,0.0,98.00000000000016,18.0,0,0,maintain-maintain,0.017079249024391174,-0.061943214386701584,-0.005195900797843933,0,0.017079249024391174,-0.005195900797843933,0.022275149822235107,0.07902246341109276,"[true, true, true]",False,False,False,67008,0,fc67b5b9a2d8c823e29b2d5c2dd6465388b731a6dccfb0feeb70cb674ab28be9,validation_006,0,5,1929278315,10,,
18,3.6,B,ramp,True,False,98.00000000000016,18.0,0,maintain,0.0,0.0,95.9999999999998,16.0,0,0,maintain-maintain,0.13547936081886292,0.0001291409134864807,-0.08908815681934357,0,0.13547936081886292,0.0001291409134864807,0.13535021990537643,0.22456751763820648,"[true, true, true]",False,False,False,67008,0,fc67b5b9a2d8c823e29b2d5c2dd6465388b731a6dccfb0feeb70cb674ab28be9,validation_006,0,5,1929278315,10,,
18,3.6,B_front,background_mainline,True,,178.0,20.0,,,,,,,,,,,,,,,,,,,,,,67008,0,fc67b5b9a2d8c823e29b2d5c2dd6465388b731a6dccfb0feeb70cb674ab28be9,validation_006,0,5,1929278315,10,,
18,3.6,B_rear,background_mainline,True,,72.69298263187875,14.539810173889702,,,,,,,,,,,,,,,,,,,,,,67008,0,fc67b5b9a2d8c823e29b2d5c2dd6465388b731a6dccfb0feeb70cb674ab28be9,validation_006,0,5,1929278315,10,,
19,3.8000000000000003,A,mainline,True,False,99.19999999999979,16.0,0,maintain,0.0,0.0,101.60000000000018,18.0,0,0,maintain-maintain,0.016095317900180817,-0.06216154620051384,-0.00450911745429039,0,0.016095317900180817,-0.00450911745429039,0.020604435354471207,0.07825686410069466,"[true, true, true]",False,False,False,67008,0,fc67b5b9a2d8c823e29b2d5c2dd6465388b731a6dccfb0feeb70cb674ab28be9,validation_006,0,5,1929278315,10,,
19,3.8000000000000003,B,ramp,True,False,101.60000000000018,18.0,0,maintain,0.0,0.0,99.19999999999979,16.0,0,0,maintain-maintain,0.13629066944122314,0.0011680945754051208,-0.08966363966464996,0,0.13629066944122314,0.0011680945754051208,0.13512257486581802,0.2259543091058731,"[true, true, true]",False,False,False,67008,0,fc67b5b9a2d8c823e29b2d5c2dd6465388b731a6dccfb0feeb70cb674ab28be9,validation_006,0,5,1929278315,10,,
19,3.8000000000000003,B_front,background_mainline,True,,182.0,20.0,,,,,,,,,,,,,,,,,,,,,,67008,0,fc67b5b9a2d8c823e29b2d5c2dd6465388b731a6dccfb0feeb70cb674ab28be9,validation_006,0,5,1929278315,10,,
19,3.8000000000000003,B_rear,background_mainline,True,,75.6023653464126,14.554543806054147,,,,,,,,,,,,,,,,,,,,,,67008,0,fc67b5b9a2d8c823e29b2d5c2dd6465388b731a6dccfb0feeb70cb674ab28be9,validation_006,0,5,1929278315,10,,
20,4.0,A,mainline,True,False,102.39999999999978,16.0,0,maintain,0.0,0.0,105.2000000000002,18.0,0,0,maintain-maintain,0.015479110181331635,-0.0633276179432869,-0.0041303932666778564,0,0.015479110181331635,-0.0041303932666778564,0.01960950344800949,0.07880672812461853,"[true, true, true]",False,False,False,67008,0,fc67b5b9a2d8c823e29b2d5c2dd6465388b731a6dccfb0feeb70cb674ab28be9,validation_006,0,5,1929278315,10,-1.8849898768173432,0.0
20,4.0,B,ramp,True,False,105.2000000000002,18.0,0,maintain,0.0,0.0,102.39999999999978,16.0,0,0,maintain-maintain,0.13711492717266083,0.002215743064880371,-0.09023407101631165,0,0.13711492717266083,0.002215743064880371,0.13489918410778046,0.22734899818897247,"[true, true, true]",False,False,False,67008,0,fc67b5b9a2d8c823e29b2d5c2dd6465388b731a6dccfb0feeb70cb674ab28be9,validation_006,0,5,1929278315,10,-1.8849898768173432,0.0
20,4.0,B_front,background_mainline,True,,186.0,20.0,,,,,,,,,,,,,,,,,,,,,,67008,0,fc67b5b9a2d8c823e29b2d5c2dd6465388b731a6dccfb0feeb70cb674ab28be9,validation_006,0,5,1929278315,10,,
20,4.0,B_rear,background_mainline,True,,78.51500965688284,14.572328113016988,,,,,,,,,,,,,,,,,,,,,,67008,0,fc67b5b9a2d8c823e29b2d5c2dd6465388b731a6dccfb0feeb70cb674ab28be9,validation_006,0,5,1929278315,10,,
21,4.2,A,mainline,True,False,105.59999999999977,16.0,0,maintain,0.0,0.0,108.80000000000022,18.0,0,0,maintain-maintain,0.03798769414424896,-0.06777074187994003,0.009499546140432358,0,0.03798769414424896,0.009499546140432358,0.028488148003816605,0.105758436024189,"[true, true, true]",True,True,False,67008,0,fc67b5b9a2d8c823e29b2d5c2dd6465388b731a6dccfb0feeb70cb674ab28be9,validation_006,0,5,1929278315,10,-1.6057846421624475,0.0
21,4.2,B,ramp,True,False,108.80000000000022,18.0,0,maintain,0.0,0.0,105.59999999999977,16.0,0,0,maintain-maintain,0.16711662709712982,0.011777333915233612,-0.09627846628427505,0,0.16711662709712982,0.011777333915233612,0.1553392931818962,0.2633950933814049,"[true, true, true]",True,True,False,67008,0,fc67b5b9a2d8c823e29b2d5c2dd6465388b731a6dccfb0feeb70cb674ab28be9,validation_006,0,5,1929278315,10,-1.6057846421624475,0.0
21,4.2,B_front,background_mainline,True,,189.0,20.0,,,,,,,,,,,,,,,,,,,,,,67008,0,fc67b5b9a2d8c823e29b2d5c2dd6465388b731a6dccfb0feeb70cb674ab28be9,validation_006,0,5,1929278315,10,,
21,4.2,B_rear,background_mainline,True,,80.70196893517563,14.587318845132232,,,,,,,,,,,,,,,,,,,,,,67008,0,fc67b5b9a2d8c823e29b2d5c2dd6465388b731a6dccfb0feeb70cb674ab28be9,validation_006,0,5,1929278315,10,,
0,0.0,A,ramp,True,False,33.199999999999996,18.0,0,maintain,0.0,0.0,38.4,16.0,0,0,maintain-maintain,0.07250514626502991,-0.029710207134485245,0.01169230043888092,0,0.07250514626502991,0.01169230043888092,0.06081284582614899,0.10221535339951515,"[true, true, true]",False,False,False,67008,0,fc67b5b9a2d8c823e29b2d5c2dd6465388b731a6dccfb0feeb70cb674ab28be9,validation_006,1,5,1929278315,11,,
0,0.0,B,mainline,True,False,38.4,16.0,0,maintain,0.0,0.0,33.199999999999996,18.0,0,0,maintain-maintain,0.15460389852523804,-0.012386545538902283,0.023569893091917038,0,0.15460389852523804,0.023569893091917038,0.131034005433321,0.16699044406414032,"[true, true, true]",False,False,False,67008,0,fc67b5b9a2d8c823e29b2d5c2dd6465388b731a6dccfb0feeb70cb674ab28be9,validation_006,1,5,1929278315,11,,
0,0.0,B_front,background_mainline,True,,106.0,20.0,,,,,,,,,,,,,,,,,,,,,,67008,0,fc67b5b9a2d8c823e29b2d5c2dd6465388b731a6dccfb0feeb70cb674ab28be9,validation_006,1,5,1929278315,11,,
0,0.0,B_rear,background_mainline,True,,17.879999999999995,18.799999999999997,,,,,,,,,,,,,,,,,,,,,,67008,0,fc67b5b9a2d8c823e29b2d5c2dd6465388b731a6dccfb0feeb70cb674ab28be9,validation_006,1,5,1929278315,11,,
1,0.2,A,ramp,True,False,36.79999999999999,18.0,0,maintain,0.0,0.0,41.59999999999999,16.0,0,0,maintain-maintain,0.0718919038772583,-0.030676651746034622,0.013563409447669983,0,0.0718919038772583,0.013563409447669983,0.05832849442958832,0.10256855562329292,"[true, true, true]",False,False,False,67008,0,fc67b5b9a2d8c823e29b2d5c2dd6465388b731a6dccfb0feeb70cb674ab28be9,validation_006,1,5,1929278315,11,,
1,0.2,B,mainline,True,False,41.59999999999999,16.0,0,maintain,0.0,0.0,36.79999999999999,18.0,0,0,maintain-maintain,0.15787415206432343,-0.01283571869134903,0.026106348261237144,0,0.15787415206432343,0.026106348261237144,0.13176780380308628,0.17070987075567245,"[true, true, true]",False,False,False,67008,0,fc67b5b9a2d8c823e29b2d5c2dd6465388b731a6dccfb0feeb70cb674ab28be9,validation_006,1,5,1929278315,11,,
1,0.2,B_front,background_mainline,True,,110.0,20.0,,,,,,,,,,,,,,,,,,,,,,67008,0,fc67b5b9a2d8c823e29b2d5c2dd6465388b731a6dccfb0feeb70cb674ab28be9,validation_006,1,5,1929278315,11,,
1,0.2,B_rear,background_mainline,True,,21.519999999999996,17.599999999999994,,,,,,,,,,,,,,,,,,,,,,67008,0,fc67b5b9a2d8c823e29b2d5c2dd6465388b731a6dccfb0feeb70cb674ab28be9,validation_006,1,5,1929278315,11,,
2,0.4,A,ramp,True,False,40.399999999999984,18.0,0,maintain,0.0,0.0,44.799999999999976,16.0,0,0,maintain-maintain,0.07122945785522461,-0.03180614486336708,0.015488404780626297,0,0.07122945785522461,0.015488404780626297,0.05574105307459831,0.10303560271859169,"[true, true, true]",False,False,False,67008,0,fc67b5b9a2d8c823e29b2d5c2dd6465388b731a6dccfb0feeb70cb674ab28be9,validation_006,1,5,1929278315,11,,
2,0.4,B,mainline,True,False,44.799999999999976,16.0,0,maintain,0.0,0.0,40.399999999999984,18.0,0,0,maintain-maintain,0.16110992431640625,-0.013275250792503357,0.028709737583994865,0,0.16110992431640625,0.028709737583994865,0.13240018673241138,0.1743851751089096,"[true, true, true]",False,False,False,67008,0,fc67b5b9a2d8c823e29b2d5c2dd6465388b731a6dccfb0feeb70cb674ab28be9,validation_006,1,5,1929278315,11,,
2,0.4,B_front,background_mainline,True,,114.0,20.0,,,,,,,,,,,,,,,,,,,,,,67008,0,fc67b5b9a2d8c823e29b2d5c2dd6465388b731a6dccfb0feeb70cb674ab28be9,validation_006,1,5,1929278315,11,,
2,0.4,B_rear,background_mainline,True,,24.94217641286115,16.686516521410333,,,,,,,,,,,,,,,,,,,,,,67008,0,fc67b5b9a2d8c823e29b2d5c2dd6465388b731a6dccfb0feeb70cb674ab28be9,validation_006,1,5,1929278315,11,,
3,0.6000000000000001,A,ramp,True,False,43.99999999999998,18.0,0,maintain,0.0,0.0,47.999999999999964,16.0,0,0,maintain-maintain,0.07047069072723389,-0.032847046852111816,0.017244763672351837,0,0.07047069072723389,0.017244763672351837,0.05322592705488205,0.1033177375793457,"[true, true, true]",False,False,False,67008,0,fc67b5b9a2d8c823e29b2d5c2dd6465388b731a6dccfb0feeb70cb674ab28be9,validation_006,1,5,1929278315,11,,
3,0.6000000000000001,B,mainline,True,False,47.999999999999964,16.0,0,maintain,0.0,0.0,43.99999999999998,18.0,0,0,maintain-maintain,0.16415941715240479,-0.01406746357679367,0.030326317995786667,0,0.16415941715240479,0.030326317995786667,0.13383309915661812,0.17822688072919846,"[true, true, true]",False,False,False,67008,0,fc67b5b9a2d8c823e29b2d5c2dd6465388b731a6dccfb0feeb70cb674ab28be9,validation_006,1,5,1929278315,11,,
3,0.6000000000000001,B_front,background_mainline,True,,118.0,20.0,,,,,,,,,,,,,,,,,,,,,,67008,0,fc67b5b9a2d8c823e29b2d5c2dd6465388b731a6dccfb0feeb70cb674ab28be9,validation_006,1,5,1929278315,11,,
3,0.6000000000000001,B_rear,background_mainline,True,,28.21562841445792,16.08352846628833,,,,,,,,,,,,,,,,,,,,,,67008,0,fc67b5b9a2d8c823e29b2d5c2dd6465388b731a6dccfb0feeb70cb674ab28be9,validation_006,1,5,1929278315,11,,
4,0.8,A,ramp,True,False,47.59999999999997,18.0,0,maintain,0.0,0.0,51.19999999999995,16.0,0,0,maintain-maintain,0.06977871060371399,-0.03344941511750221,0.01879027485847473,0,0.06977871060371399,0.01879027485847473,0.05098843574523926,0.1032281257212162,"[true, true, true]",False,False,False,67008,0,fc67b5b9a2d8c823e29b2d5c2dd6465388b731a6dccfb0feeb70cb674ab28be9,validation_006,1,5,1929278315,11,,
4,0.8,B,mainline,True,False,51.19999999999995,16.0,0,maintain,0.0,0.0,47.59999999999997,18.0,0,0,maintain-maintain,0.1668066382408142,-0.015008829534053802,0.031016629189252853,0,0.1668066382408142,0.031016629189252853,0.13579000905156136,0.181815467774868,"[true, true, true]",False,False,False,67008,0,fc67b5b9a2d8c823e29b2d5c2dd6465388b731a6dccfb0feeb70cb674ab28be9,validation_006,1,5,1929278315,11,,
4,0.8,B_front,background_mainline,True,,122.0,20.0,,,,,,,,,,,,,,,,,,,,,,67008,0,fc67b5b9a2d8c823e29b2d5c2dd6465388b731a6dccfb0feeb70cb674ab28be9,validation_006,1,5,1929278315,11,,
4,0.8,B_rear,background_mainline,True,,31.387858188138374,15.660749407338313,,,,,,,,,,,,,,,,,,,,,,67008,0,fc67b5b9a2d8c823e29b2d5c2dd6465388b731a6dccfb0feeb70cb674ab28be9,validation_006,1,5,1929278315,11,,
5,1.0,A,ramp,True,False,51.19999999999997,18.0,0,maintain,0.0,0.0,54.39999999999994,16.0,0,0,maintain-maintain,0.06901176273822784,-0.033905934542417526,0.0202973410487175,0,0.06901176273822784,0.0202973410487175,0.048714421689510345,0.10291769728064537,"[true, true, true]",False,False,False,67008,0,fc67b5b9a2d8c823e29b2d5c2dd6465388b731a6dccfb0feeb70cb674ab28be9,validation_006,1,5,1929278315,11,,
5,1.0,B,mainline,True,False,54.39999999999994,16.0,0,maintain,0.0,0.0,51.19999999999997,18.0,0,0,maintain-maintain,0.1688002198934555,-0.015733107924461365,0.031232478097081184,0,0.1688002198934555,0.031232478097081184,0.13756774179637432,0.18453332781791687,"[true, true, true]",False,False,False,67008,0,fc67b5b9a2d8c823e29b2d5c2dd6465388b731a6dccfb0feeb70cb674ab28be9,validation_006,1,5,1929278315,11,,
5,1.0,B_front,background_mainline,True,,126.0,20.0,,,,,,,,,,,,,,,,,,,,,,67008,0,fc67b5b9a2d8c823e29b2d5c2dd6465388b731a6dccfb0feeb70cb674ab28be9,validation_006,1,5,1929278315,11,,
5,1.0,B_rear,background_mainline,True,,34.48782309875748,15.353579330192815,,,,,,,,,,,,,,,,,,,,,,67008,0,fc67b5b9a2d8c823e29b2d5c2dd6465388b731a6dccfb0feeb70cb674ab28be9,validation_006,1,5,1929278315,11,,
6,1.2000000000000002,A,ramp,True,False,54.79999999999996,18.0,0,maintain,0.0,0.0,57.59999999999993,16.0,0,0,maintain-maintain,0.06824074685573578,-0.03430330380797386,0.021751949563622475,0,0.06824074685573578,0.021751949563622475,0.046488797292113304,0.10254405066370964,"[true, true, true]",False,False,False,67008,0,fc67b5b9a2d8c823e29b2d5c2dd6465388b731a6dccfb0feeb70cb674ab28be9,validation_006,1,5,1929278315,11,,
6,1.2000000000000002,B,mainline,True,False,57.59999999999993,16.0,0,maintain,0.0,0.0,54.79999999999996,18.0,0,0,maintain-maintain,0.17050747573375702,-0.01632930338382721,0.03124968893826008,0,0.17050747573375702,0.03124968893826008,0.13925778679549694,0.18683677911758423,"[true, true, true]",False,False,False,67008,0,fc67b5b9a2d8c823e29b2d5c2dd6465388b731a6dccfb0feeb70cb674ab28be9,validation_006,1,5,1929278315,11,,
6,1.2000000000000002,B_front,background_mainline,True,,130.0,20.0,,,,,,,,,,,,,,,,,,,,,,67008,0,fc67b5b9a2d8c823e29b2d5c2dd6465388b731a6dccfb0feeb70cb674ab28be9,validation_006,1,5,1929278315,11,,
6,1.2000000000000002,B_rear,background_mainline,True,,37.53470614414331,15.125585128608417,,,,,,,,,,,,,,,,,,,,,,67008,0,fc67b5b9a2d8c823e29b2d5c2dd6465388b731a6dccfb0feeb70cb674ab28be9,validation_006,1,5,1929278315,11,,
7,1.4000000000000001,A,ramp,True,False,58.399999999999956,18.0,0,maintain,0.0,0.0,60.79999999999992,16.0,0,0,maintain-maintain,0.06736625730991364,-0.03464546799659729,0.023143060505390167,0,0.06736625730991364,0.023143060505390167,0.04422319680452347,0.10201172530651093,"[true, true, true]",False,False,False,67008,0,fc67b5b9a2d8c823e29b2d5c2dd6465388b731a6dccfb0feeb70cb674ab28be9,validation_006,1,5,1929278315,11,,
7,1.4000000000000001,B,mainline,True,False,60.79999999999992,16.0,0,maintain,0.0,0.0,58.399999999999956,18.0,0,0,maintain-maintain,0.17202135920524597,-0.01671162247657776,0.031186746433377266,0,0.17202135920524597,0.031186746433377266,0.1408346127718687,0.18873298168182373,"[true, true, true]",False,False,False,67008,0,fc67b5b9a2d8c823e29b2d5c2dd6465388b731a6dccfb0feeb70cb674ab28be9,validation_006,1,5,1929278315,11,,
7,1.4000000000000001,B_front,background_mainline,True,,134.0,20.0,,,,,,,,,,,,,,,,,,,,,,67008,0,fc67b5b9a2d8c823e29b2d5c2dd6465388b731a6dccfb0feeb70cb674ab28be9,validation_006,1,5,1929278315,11,,
7,1.4000000000000001,B_rear,background_mainline,True,,40.541944875874314,14.95436040254882,,,,,,,,,,,,,,,,,,,,,,67008,0,fc67b5b9a2d8c823e29b2d5c2dd6465388b731a6dccfb0feeb70cb674ab28be9,validation_006,1,5,1929278315,11,,
8,1.6,A,ramp,True,False,61.99999999999995,18.0,0,maintain,0.0,0.0,63.99999999999991,16.0,0,0,maintain-maintain,0.06603391468524933,-0.034877218306064606,0.024374276399612427,0,0.06603391468524933,0.024374276399612427,0.0416596382856369,0.10091113299131393,"[true, true, true]",False,False,False,67008,0,fc67b5b9a2d8c823e29b2d5c2dd6465388b731a6dccfb0feeb70cb674ab28be9,validation_006,1,5,1929278315,11,,
8,1.6,B,mainline,True,False,63.99999999999991,16.0,0,maintain,0.0,0.0,61.99999999999995,18.0,0,0,maintain-maintain,0.17306676506996155,-0.016895130276679993,0.03089451789855957,0,0.17306676506996155,0.03089451789855957,0.14217224717140198,0.18996189534664154,"[true, true, true]",False,False,False,67008,0,fc67b5b9a2d8c823e29b2d5c2dd6465388b731a6dccfb0feeb70cb674ab28be9,validation_006,1,5,1929278315,11,,
8,1.6,B_front,background_mainline,True,,138.0,20.0,,,,,,,,,,,,,,,,,,,,,,67008,0,fc67b5b9a2d8c823e29b2d5c2dd6465388b731a6dccfb0feeb70cb674ab28be9,validation_006,1,5,1929278315,11,,
8,1.6,B_rear,background_mainline,True,,43.51933555755461,14.825235468744333,,,,,,,,,,,,,,,,,,,,,,67008,0,fc67b5b9a2d8c823e29b2d5c2dd6465388b731a6dccfb0feeb70cb674ab28be9,validation_006,1,5,1929278315,11,,
9,1.8,A,ramp,True,False,65.59999999999995,18.0,0,maintain,0.0,0.0,67.1999999999999,16.0,0,0,maintain-maintain,0.06454726308584213,-0.0350503996014595,0.02553514391183853,0,0.06454726308584213,0.02553514391183853,0.0390121191740036,0.09959766268730164,"[true, true, true]",False,False,False,67008,0,fc67b5b9a2d8c823e29b2d5c2dd6465388b731a6dccfb0feeb70cb674ab28be9,validation_006,1,5,1929278315,11,,
9,1.8,B,mainline,True,False,67.1999999999999,16.0,0,maintain,0.0,0.0,65.59999999999995,18.0,0,0,maintain-maintain,0.17382138967514038,-0.017326608300209045,0.030501114204525948,0,0.17382138967514038,0.030501114204525948,0.14332027547061443,0.19114799797534943,"[true, true, true]",False,False,False,67008,0,fc67b5b9a2d8c823e29b2d5c2dd6465388b731a6dccfb0feeb70cb674ab28be9,validation_006,1,5,1929278315,11,,
9,1.8,B_front,background_mainline,True,,142.0,20.0,,,,,,,,,,,,,,,,,,,,,,67008,0,fc67b5b9a2d8c823e29b2d5c2dd6465388b731a6dccfb0feeb70cb674ab28be9,validation_006,1,5,1929278315,11,,
9,1.8,B_rear,background_mainline,True,,46.474235282017354,14.728139503250018,,,,,,,,,,,,,,,,,,,,,,67008,0,fc67b5b9a2d8c823e29b2d5c2dd6465388b731a6dccfb0feeb70cb674ab28be9,validation_006,1,5,1929278315,11,,
10,2.0,A,ramp,True,False,69.19999999999997,18.0,0,maintain,0.0,0.0,70.39999999999989,16.0,0,0,maintain-maintain,0.06304633617401123,-0.03573241084814072,0.026589857414364815,0,0.06304633617401123,0.026589857414364815,0.036456478759646416,0.09877874702215195,"[true, true, true]",False,False,False,67008,0,fc67b5b9a2d8c823e29b2d5c2dd6465388b731a6dccfb0feeb70cb674ab28be9,validation_006,1,5,1929278315,11,,
10,2.0,B,mainline,True,False,70.39999999999989,16.0,0,maintain,0.0,0.0,69.19999999999997,18.0,0,0,maintain-maintain,0.1745157092809677,-0.017738744616508484,0.030074629932641983,0,0.1745157092809677,0.030074629932641983,0.14444107934832573,0.1922544538974762,"[true, true, true]",False,False,False,67008,0,fc67b5b9a2d8c823e29b2d5c2dd6465388b731a6dccfb0feeb70cb674ab28be9,validation_006,1,5,1929278315,11,,
10,2.0,B_front,background_mainline,True,,146.0,20.0,,,,,,,,,,,,,,,,,,,,,,67008,0,fc67b5b9a2d8c823e29b2d5c2dd6465388b731a6dccfb0feeb70cb674ab28be9,validation_006,1,5,1929278315,11,,
10,2.0,B_rear,background_mainline,True,,49.41229619819735,14.655896799996471,,,,,,,,,,,,,,,,,,,,,,67008,0,fc67b5b9a2d8c823e29b2d5c2dd6465388b731a6dccfb0feeb70cb674ab28be9,validation_006,1,5,1929278315,11,,
11,2.2,A,ramp,True,False,72.8,18.0,0,maintain,0.0,0.0,73.59999999999988,16.0,0,0,maintain-maintain,0.06153760105371475,-0.036677610129117966,0.027585137635469437,0,0.06153760105371475,0.027585137635469437,0.033952463418245316,0.09821521118283272,"[true, true, true]",False,False,False,67008,0,fc67b5b9a2d8c823e29b2d5c2dd6465388b731a6dccfb0feeb70cb674ab28be9,validation_006,1,5,1929278315,11,,
11,2.2,B,mainline,True,False,73.59999999999988,16.0,0,maintain,0.0,0.0,72.8,18.0,0,0,maintain-maintain,0.17516329884529114,-0.018135853111743927,0.029622381553053856,0,0.17516329884529114,0.029622381553053856,0.14554091729223728,0.19329915195703506,"[true, true, true]",False,False,False,67008,0,fc67b5b9a2d8c823e29b2d5c2dd6465388b731a6dccfb0feeb70cb674ab28be9,validation_006,1,5,1929278315,11,,
11,2.2,B_front,background_mainline,True,,150.0,20.0,,,,,,,,,,,,,,,,,,,,,,67008,0,fc67b5b9a2d8c823e29b2d5c2dd6465388b731a6dccfb0feeb70cb674ab28be9,validation_006,1,5,1929278315,11,,
11,2.2,B_rear,background_mainline,True,,52.33793785091527,14.603239149251383,,,,,,,,,,,,,,,,,,,,,,67008,0,fc67b5b9a2d8c823e29b2d5c2dd6465388b731a6dccfb0feeb70cb674ab28be9,validation_006,1,5,1929278315,11,,
12,2.4000000000000004,A,ramp,True,False,76.40000000000002,18.0,0,maintain,0.0,0.0,76.79999999999987,16.0,0,0,maintain-maintain,0.0600566491484642,-0.03763146698474884,0.028569797053933144,0,0.0600566491484642,0.028569797053933144,0.03148685209453106,0.09768811613321304,"[true, true, true]",False,False,False,67008,0,fc67b5b9a2d8c823e29b2d5c2dd6465388b731a6dccfb0feeb70cb674ab28be9,validation_006,1,5,1929278315,11,,
12,2.4000000000000004,B,mainline,True,False,76.79999999999987,16.0,0,maintain,0.0,0.0,76.40000000000002,18.0,0,0,maintain-maintain,0.17577418684959412,-0.018521100282669067,0.029149621725082397,0,0.17577418684959412,0.029149621725082397,0.14662456512451172,0.19429528713226318,"[true, true, true]",False,False,False,67008,0,fc67b5b9a2d8c823e29b2d5c2dd6465388b731a6dccfb0feeb70cb674ab28be9,validation_006,1,5,1929278315,11,,
12,2.4000000000000004,B_front,background_mainline,True,,154.0,20.0,,,,,,,,,,,,,,,,,,,,,,67008,0,fc67b5b9a2d8c823e29b2d5c2dd6465388b731a6dccfb0feeb70cb674ab28be9,validation_006,1,5,1929278315,11,,
12,2.4000000000000004,B_rear,background_mainline,True,,55.25466395655898,14.566202649506472,,,,,,,,,,,,,,,,,,,,,,67008,0,fc67b5b9a2d8c823e29b2d5c2dd6465388b731a6dccfb0feeb70cb674ab28be9,validation_006,1,5,1929278315,11,,
13,2.6,A,ramp,True,False,80.00000000000004,18.0,0,maintain,0.0,0.0,79.99999999999986,16.0,0,0,maintain-maintain,0.058651573956012726,-0.038650993257761,0.02945098467171192,0,0.058651573956012726,0.02945098467171192,0.029200589284300804,0.09730256721377373,"[true, true, true]",False,False,False,67008,0,fc67b5b9a2d8c823e29b2d5c2dd6465388b731a6dccfb0feeb70cb674ab28be9,validation_006,1,5,1929278315,11,,
13,2.6,B,mainline,True,False,79.99999999999986,16.0,0,maintain,0.0,0.0,80.00000000000004,18.0,0,0,maintain-maintain,0.17690157890319824,-0.01895040273666382,0.02853659726679325,0,0.17690157890319824,0.02853659726679325,0.148364981636405,0.19585198163986206,"[true, true, true]",False,False,False,67008,0,fc67b5b9a2d8c823e29b2d5c2dd6465388b731a6dccfb0feeb70cb674ab28be9,validation_006,1,5,1929278315,11,,
13,2.6,B_front,background_mainline,True,,158.0,20.0,,,,,,,,,,,,,,,,,,,,,,67008,0,fc67b5b9a2d8c823e29b2d5c2dd6465388b731a6dccfb0feeb70cb674ab28be9,validation_006,1,5,1929278315,11,,
13,2.6,B_rear,background_mainline,True,,58.165282238811564,14.541743230830718,,,,,,,,,,,,,,,,,,,,,,67008,0,fc67b5b9a2d8c823e29b2d5c2dd6465388b731a6dccfb0feeb70cb674ab28be9,validation_006,1,5,1929278315,11,,
14,2.8000000000000003,A,ramp,True,False,83.60000000000007,18.0,0,maintain,0.0,0.0,83.19999999999985,16.0,0,0,maintain-maintain,0.05740291625261307,-0.04017508029937744,0.03013543039560318,0,0.05740291625261307,0.03013543039560318,0.027267485857009888,0.09757799655199051,"[true, true, true]",False,False,False,67008,0,fc67b5b9a2d8c823e29b2d5c2dd6465388b731a6dccfb0feeb70cb674ab28be9,validation_006,1,5,1929278315,11,,
14,2.8000000000000003,B,mainline,True,False,83.19999999999985,16.0,0,maintain,0.0,0.0,83.60000000000007,18.0,0,0,maintain-maintain,0.178137868642807,-0.01938624680042267,0.027881160378456116,0,0.178137868642807,0.027881160378456116,0.1502567082643509,0.19752411544322968,"[true, true, true]",False,False,False,67008,0,fc67b5b9a2d8c823e29b2d5c2dd6465388b731a6dccfb0feeb70cb674ab28be9,validation_006,1,5,1929278315,11,,
14,2.8000000000000003,B_front,background_mainline,True,,162.0,20.0,,,,,,,,,,,,,,,,,,,,,,67008,0,fc67b5b9a2d8c823e29b2d5c2dd6465388b731a6dccfb0feeb70cb674ab28be9,validation_006,1,5,1929278315,11,,
14,2.8000000000000003,B_rear,background_mainline,True,,61.072061422989094,14.52748268554673,,,,,,,,,,,,,,,,,,,,,,67008,0,fc67b5b9a2d8c823e29b2d5c2dd6465388b731a6dccfb0feeb70cb674ab28be9,validation_006,1,5,1929278315,11,,
15,3.0,A,ramp,True,False,87.20000000000009,18.0,0,maintain,0.0,0.0,86.39999999999984,16.0,0,0,maintain-maintain,0.056012317538261414,-0.041549522429704666,0.030562760308384895,0,0.056012317538261414,0.030562760308384895,0.025449557229876518,0.09756183996796608,"[true, true, true]",False,False,False,67008,0,fc67b5b9a2d8c823e29b2d5c2dd6465388b731a6dccfb0feeb70cb674ab28be9,validation_006,1,5,1929278315,11,,
15,3.0,B,mainline,True,False,86.39999999999984,16.0,0,maintain,0.0,0.0,87.20000000000009,18.0,0,0,maintain-maintain,0.17936012148857117,-0.019822798669338226,0.027219442650675774,0,0.17936012148857117,0.027219442650675774,0.1521406788378954,0.1991829201579094,"[true, true, true]",False,False,False,67008,0,fc67b5b9a2d8c823e29b2d5c2dd6465388b731a6dccfb0feeb70cb674ab28be9,validation_006,1,5,1929278315,11,,
15,3.0,B_front,background_mainline,True,,166.0,20.0,,,,,,,,,,,,,,,,,,,,,,67008,0,fc67b5b9a2d8c823e29b2d5c2dd6465388b731a6dccfb0feeb70cb674ab28be9,validation_006,1,5,1929278315,11,,
15,3.0,B_rear,background_mainline,True,,63.97684611865208,14.521535746312706,,,,,,,,,,,,,,,,,,,,,,67008,0,fc67b5b9a2d8c823e29b2d5c2dd6465388b731a6dccfb0feeb70cb674ab28be9,validation_006,1,5,1929278315,11,,
16,3.2,A,ramp,True,False,90.80000000000011,18.0,0,maintain,0.0,0.0,89.59999999999982,16.0,0,0,maintain-maintain,0.05455155670642853,-0.04275115579366684,0.030952200293540955,0,0.05455155670642853,0.030952200293540955,0.023599356412887573,0.09730271250009537,"[true, true, true]",False,False,False,67008,0,fc67b5b9a2d8c823e29b2d5c2dd6465388b731a6dccfb0feeb70cb674ab28be9,validation_006,1,5,1929278315,11,,
16,3.2,B,mainline,True,False,89.59999999999982,16.0,0,maintain,0.0,0.0,90.80000000000011,18.0,0,0,maintain-maintain,0.18057306110858917,-0.02026580274105072,0.026557018980383873,0,0.18057306110858917,0.026557018980383873,0.1540160421282053,0.2008388638496399,"[true, true, true]",False,False,False,67008,0,fc67b5b9a2d8c823e29b2d5c2dd6465388b731a6dccfb0feeb70cb674ab28be9,validation_006,1,5,1929278315,11,,
16,3.2,B_front,background_mainline,True,,170.0,20.0,,,,,,,,,,,,,,,,,,,,,,67008,0,fc67b5b9a2d8c823e29b2d5c2dd6465388b731a6dccfb0feeb70cb674ab28be9,validation_006,1,5,1929278315,11,,
16,3.2,B_rear,background_mainline,True,,66.88114267066567,14.522389234585514,,,,,,,,,,,,,,,,,,,,,,67008,0,fc67b5b9a2d8c823e29b2d5c2dd6465388b731a6dccfb0feeb70cb674ab28be9,validation_006,1,5,1929278315,11,,
17,3.4000000000000004,A,ramp,True,False,94.40000000000013,18.0,0,maintain,0.0,0.0,92.79999999999981,16.0,0,0,maintain-maintain,0.05291753262281418,-0.04365445673465729,0.031318847090005875,0,0.05291753262281418,0.031318847090005875,0.021598685532808304,0.09657198935747147,"[true, true, true]",False,False,False,67008,0,fc67b5b9a2d8c823e29b2d5c2dd6465388b731a6dccfb0feeb70cb674ab28be9,validation_006,1,5,1929278315,11,,
17,3.4000000000000004,B,mainline,True,False,92.79999999999981,16.0,0,maintain,0.0,0.0,94.40000000000013,18.0,0,0,maintain-maintain,0.18175312876701355,-0.020673811435699463,0.025880208238959312,0,0.18175312876701355,0.025880208238959312,0.15587292052805424,0.202426940202713,"[true, true, true]",False,False,False,67008,0,fc67b5b9a2d8c823e29b2d5c2dd6465388b731a6dccfb0feeb70cb674ab28be9,validation_006,1,5,1929278315,11,,
17,3.4000000000000004,B_front,background_mainline,True,,174.0,20.0,,,,,,,,,,,,,,,,,,,,,,67008,0,fc67b5b9a2d8c823e29b2d5c2dd6465388b731a6dccfb0feeb70cb674ab28be9,validation_006,1,5,1929278315,11,,
17,3.4000000000000004,B_rear,background_mainline,True,,69.78618449895114,14.52881565614234,,,,,,,,,,,,,,,,,,,,,,67008,0,fc67b5b9a2d8c823e29b2d5c2dd6465388b731a6dccfb0feeb70cb674ab28be9,validation_006,1,5,1929278315,11,,
18,3.6,A,ramp,True,False,98.00000000000016,18.0,0,maintain,0.0,0.0,95.9999999999998,16.0,0,0,maintain-maintain,0.051271840929985046,-0.04449034109711647,0.03168215602636337,0,0.051271840929985046,0.03168215602636337,0.019589684903621674,0.09576218202710152,"[true, true, true]",False,False,False,67008,0,fc67b5b9a2d8c823e29b2d5c2dd6465388b731a6dccfb0feeb70cb674ab28be9,validation_006,1,5,1929278315,11,,
18,3.6,B,mainline,True,False,95.9999999999998,16.0,0,maintain,0.0,0.0,98.00000000000016,18.0,0,0,maintain-maintain,0.18279743194580078,-0.020872436463832855,0.025123242288827896,0,0.18279743194580078,0.025123242288827896,0.15767418965697289,0.20366986840963364,"[true, true, true]",False,False,False,67008,0,fc67b5b9a2d8c823e29b2d5c2dd6465388b731a6dccfb0feeb70cb674ab28be9,validation_006,1,5,1929278315,11,,
18,3.6,B_front,background_mainline,True,,178.0,20.0,,,,,,,,,,,,,,,,,,,,,,67008,0,fc67b5b9a2d8c823e29b2d5c2dd6465388b731a6dccfb0feeb70cb674ab28be9,validation_006,1,5,1929278315,11,,
18,3.6,B_rear,background_mainline,True,,72.69298263187875,14.539810173889702,,,,,,,,,,,,,,,,,,,,,,67008,0,fc67b5b9a2d8c823e29b2d5c2dd6465388b731a6dccfb0feeb70cb674ab28be9,validation_006,1,5,1929278315,11,,
19,3.8000000000000003,A,ramp,True,False,101.60000000000018,18.0,0,maintain,0.0,0.0,99.19999999999979,16.0,0,0,maintain-maintain,0.05002494156360626,-0.04469171166419983,0.032299794256687164,0,0.05002494156360626,0.032299794256687164,0.017725147306919098,0.09471665322780609,"[true, true, true]",False,False,False,67008,0,fc67b5b9a2d8c823e29b2d5c2dd6465388b731a6dccfb0feeb70cb674ab28be9,validation_006,1,5,1929278315,11,,
19,3.8000000000000003,B,mainline,True,False,99.19999999999979,16.0,0,maintain,0.0,0.0,101.60000000000018,18.0,0,0,maintain-maintain,0.18364357948303223,-0.02075432986021042,0.024616435170173645,0,0.18364357948303223,0.024616435170173645,0.15902714431285858,0.20439790934324265,"[true, true, true]",False,False,False,67008,0,fc67b5b9a2d8c823e29b2d5c2dd6465388b731a6dccfb0feeb70cb674ab28be9,validation_006,1,5,1929278315,11,,
19,3.8000000000000003,B_front,background_mainline,True,,182.0,20.0,,,,,,,,,,,,,,,,,,,,,,67008,0,fc67b5b9a2d8c823e29b2d5c2dd6465388b731a6dccfb0feeb70cb674ab28be9,validation_006,1,5,1929278315,11,,
19,3.8000000000000003,B_rear,background_mainline,True,,75.6023653464126,14.554543806054147,,,,,,,,,,,,,,,,,,,,,,67008,0,fc67b5b9a2d8c823e29b2d5c2dd6465388b731a6dccfb0feeb70cb674ab28be9,validation_006,1,5,1929278315,11,,
20,4.0,A,ramp,True,False,105.2000000000002,18.0,0,maintain,0.0,0.0,102.39999999999978,16.0,0,0,maintain-maintain,0.04881850630044937,-0.04494747892022133,0.03291194885969162,0,0.04881850630044937,0.03291194885969162,0.01590655744075775,0.0937659852206707,"[true, true, true]",False,False,False,67008,0,fc67b5b9a2d8c823e29b2d5c2dd6465388b731a6dccfb0feeb70cb674ab28be9,validation_006,1,5,1929278315,11,-1.8849898768173432,0.0
20,4.0,B,mainline,True,False,102.39999999999978,16.0,0,maintain,0.0,0.0,105.2000000000002,18.0,0,0,maintain-maintain,0.18451395630836487,-0.020434267818927765,0.02416928857564926,0,0.18451395630836487,0.02416928857564926,0.1603446677327156,0.20494822412729263,"[true, true, true]",False,False,False,67008,0,fc67b5b9a2d8c823e29b2d5c2dd6465388b731a6dccfb0feeb70cb674ab28be9,validation_006,1,5,1929278315,11,-1.8849898768173432,0.0
20,4.0,B_front,background_mainline,True,,186.0,20.0,,,,,,,,,,,,,,,,,,,,,,67008,0,fc67b5b9a2d8c823e29b2d5c2dd6465388b731a6dccfb0feeb70cb674ab28be9,validation_006,1,5,1929278315,11,,
20,4.0,B_rear,background_mainline,True,,78.51500965688284,14.572328113016988,,,,,,,,,,,,,,,,,,,,,,67008,0,fc67b5b9a2d8c823e29b2d5c2dd6465388b731a6dccfb0feeb70cb674ab28be9,validation_006,1,5,1929278315,11,,
21,4.2,A,ramp,True,False,108.80000000000022,18.0,0,maintain,0.0,0.0,105.59999999999977,16.0,0,0,maintain-maintain,0.04651707410812378,-0.049242112785577774,0.0024879872798919678,0,0.04651707410812378,0.0024879872798919678,0.04402908682823181,0.09575918689370155,"[true, true, true]",True,True,False,67008,0,fc67b5b9a2d8c823e29b2d5c2dd6465388b731a6dccfb0feeb70cb674ab28be9,validation_006,1,5,1929278315,11,-1.6057846421624475,0.0
21,4.2,B,mainline,True,False,105.59999999999977,16.0,0,maintain,0.0,0.0,108.80000000000022,18.0,0,0,maintain-maintain,0.1686093658208847,-0.018111109733581543,0.03323200345039368,0,0.1686093658208847,0.03323200345039368,0.13537736237049103,0.18672047555446625,"[true, true, true]",True,True,False,67008,0,fc67b5b9a2d8c823e29b2d5c2dd6465388b731a6dccfb0feeb70cb674ab28be9,validation_006,1,5,1929278315,11,-1.6057846421624475,0.0
21,4.2,B_front,background_mainline,True,,189.0,20.0,,,,,,,,,,,,,,,,,,,,,,67008,0,fc67b5b9a2d8c823e29b2d5c2dd6465388b731a6dccfb0feeb70cb674ab28be9,validation_006,1,5,1929278315,11,,
21,4.2,B_rear,background_mainline,True,,80.70196893517563,14.587318845132232,,,,,,,,,,,,,,,,,,,,,,67008,0,fc67b5b9a2d8c823e29b2d5c2dd6465388b731a6dccfb0feeb70cb674ab28be9,validation_006,1,5,1929278315,11,,
0,0.0,A,mainline,True,False,28.0,20.0,0,maintain,0.0,0.0,40.4,18.0,0,0,maintain-maintain,0.04321318864822388,-0.07478642463684082,-0.03588646650314331,0,0.04321318864822388,-0.03588646650314331,0.07909965515136719,0.1179996132850647,"[true, true, true]",False,False,False,67008,0,fc67b5b9a2d8c823e29b2d5c2dd6465388b731a6dccfb0feeb70cb674ab28be9,validation_007,0,6,1088625531,12,,
0,0.0,B,ramp,True,False,40.4,18.0,0,maintain,0.0,0.0,28.0,20.0,0,0,maintain-maintain,0.13149431347846985,-0.025026507675647736,-0.10200454294681549,0,0.13149431347846985,-0.025026507675647736,0.15652082115411758,0.23349885642528534,"[true, true, true]",False,False,False,67008,0,fc67b5b9a2d8c823e29b2d5c2dd6465388b731a6dccfb0feeb70cb674ab28be9,validation_007,0,6,1088625531,12,,
0,0.0,B_front,background_mainline,True,,120.0,20.0,,,,,,,,,,,,,,,,,,,,,,67008,0,fc67b5b9a2d8c823e29b2d5c2dd6465388b731a6dccfb0feeb70cb674ab28be9,validation_007,0,6,1088625531,12,,
0,0.0,B_rear,background_mainline,True,,3.945792890543582,19.483844969091912,,,,,,,,,,,,,,,,,,,,,,67008,0,fc67b5b9a2d8c823e29b2d5c2dd6465388b731a6dccfb0feeb70cb674ab28be9,validation_007,0,6,1088625531,12,,
1,0.2,A,mainline,True,False,32.0,20.0,0,maintain,0.0,0.0,43.99999999999999,18.0,0,0,maintain-maintain,0.041660577058792114,-0.0724739283323288,-0.0339474231004715,0,0.041660577058792114,-0.0339474231004715,0.07560800015926361,0.11413450539112091,"[true, true, true]",False,False,False,67008,0,fc67b5b9a2d8c823e29b2d5c2dd6465388b731a6dccfb0feeb70cb674ab28be9,validation_007,0,6,1088625531,12,,
1,0.2,B,ramp,True,False,43.99999999999999,18.0,0,maintain,0.0,0.0,32.0,20.0,0,0,maintain-maintain,0.13293522596359253,-0.024574771523475647,-0.10118056833744049,0,0.13293522596359253,-0.024574771523475647,0.15750999748706818,0.23411579430103302,"[true, true, true]",False,False,False,67008,0,fc67b5b9a2d8c823e29b2d5c2dd6465388b731a6dccfb0feeb70cb674ab28be9,validation_007,0,6,1088625531,12,,
1,0.2,B_front,background_mainline,True,,124.0,20.0,,,,,,,,,,,,,,,,,,,,,,67008,0,fc67b5b9a2d8c823e29b2d5c2dd6465388b731a6dccfb0feeb70cb674ab28be9,validation_007,0,6,1088625531,12,,
1,0.2,B_rear,background_mainline,True,,7.802789976125999,19.103228823167687,,,,,,,,,,,,,,,,,,,,,,67008,0,fc67b5b9a2d8c823e29b2d5c2dd6465388b731a6dccfb0feeb70cb674ab28be9,validation_007,0,6,1088625531,12,,
2,0.4,A,mainline,True,False,36.0,20.0,0,maintain,0.0,0.0,47.59999999999999,18.0,0,0,maintain-maintain,0.040242329239845276,-0.0703803077340126,-0.03218381851911545,0,0.040242329239845276,-0.03218381851911545,0.07242614775896072,0.11062263697385788,"[true, true, true]",False,False,False,67008,0,fc67b5b9a2d8c823e29b2d5c2dd6465388b731a6dccfb0feeb70cb674ab28be9,validation_007,0,6,1088625531,12,,
2,0.4,B,ramp,True,False,47.59999999999999,18.0,0,maintain,0.0,0.0,36.0,20.0,0,0,maintain-maintain,0.13442762196063995,-0.02411370724439621,-0.10044713318347931,0,0.13442762196063995,-0.02411370724439621,0.15854132920503616,0.23487475514411926,"[true, true, true]",False,False,False,67008,0,fc67b5b9a2d8c823e29b2d5c2dd6465388b731a6dccfb0feeb70cb674ab28be9,validation_007,0,6,1088625531,12,,
2,0.4,B_front,background_mainline,True,,128.0,20.0,,,,,,,,,,,,,,,,,,,,,,67008,0,fc67b5b9a2d8c823e29b2d5c2dd6465388b731a6dccfb0feeb70cb674ab28be9,validation_007,0,6,1088625531,12,,
2,0.4,B_rear,background_mainline,True,,11.593368401039545,18.814498512244633,,,,,,,,,,,,,,,,,,,,,,67008,0,fc67b5b9a2d8c823e29b2d5c2dd6465388b731a6dccfb0feeb70cb674ab28be9,validation_007,0,6,1088625531,12,,
3,0.6000000000000001,A,mainline,True,False,40.0,20.0,0,maintain,0.0,0.0,51.19999999999998,18.0,0,0,maintain-maintain,0.03891466557979584,-0.06843462586402893,-0.030538231134414673,0,0.03891466557979584,-0.030538231134414673,0.06945289671421051,0.10734929144382477,"[true, true, true]",False,False,False,67008,0,fc67b5b9a2d8c823e29b2d5c2dd6465388b731a6dccfb0feeb70cb674ab28be9,validation_007,0,6,1088625531,12,,
3,0.6000000000000001,B,ramp,True,False,51.19999999999998,18.0,0,maintain,0.0,0.0,40.0,20.0,0,0,maintain-maintain,0.13599377870559692,-0.023691117763519287,-0.0997261255979538,0,0.13599377870559692,-0.023691117763519287,0.1596848964691162,0.23571990430355072,"[true, true, true]",False,False,False,67008,0,fc67b5b9a2d8c823e29b2d5c2dd6465388b731a6dccfb0feeb70cb674ab28be9,validation_007,0,6,1088625531,12,,
3,0.6000000000000001,B_front,background_mainline,True,,132.0,20.0,,,,,,,,,,,,,,,,,,,,,,67008,0,fc67b5b9a2d8c823e29b2d5c2dd6465388b731a6dccfb0feeb70cb674ab28be9,validation_007,0,6,1088625531,12,,
3,0.6000000000000001,B_rear,background_mainline,True,,15.333070330500611,18.591211668736282,,,,,,,,,,,,,,,,,,,,,,67008,0,fc67b5b9a2d8c823e29b2d5c2dd6465388b731a6dccfb0feeb70cb674ab28be9,validation_007,0,6,1088625531,12,,
4,0.8,A,mainline,True,False,44.0,20.0,0,maintain,0.0,0.0,54.799999999999976,18.0,0,0,maintain-maintain,0.03765125572681427,-0.06659415364265442,-0.028976142406463623,0,0.03765125572681427,-0.028976142406463623,0.0666273981332779,0.10424540936946869,"[true, true, true]",False,False,False,67008,0,fc67b5b9a2d8c823e29b2d5c2dd6465388b731a6dccfb0feeb70cb674ab28be9,validation_007,0,6,1088625531,12,,
4,0.8,B,ramp,True,False,54.799999999999976,18.0,0,maintain,0.0,0.0,44.0,20.0,0,0,maintain-maintain,0.13766241073608398,-0.023353055119514465,-0.09895053505897522,0,0.13766241073608398,-0.023353055119514465,0.16101546585559845,0.2366129457950592,"[true, true, true]",False,False,False,67008,0,fc67b5b9a2d8c823e29b2d5c2dd6465388b731a6dccfb0feeb70cb674ab28be9,validation_007,0,6,1088625531,12,,
4,0.8,B_front,background_mainline,True,,136.0,20.0,,,,,,,,,,,,,,,,,,,,,,67008,0,fc67b5b9a2d8c823e29b2d5c2dd6465388b731a6dccfb0feeb70cb674ab28be9,validation_007,0,6,1088625531,12,,
4,0.8,B_rear,background_mainline,True,,19.03316593289923,18.4162696490176,,,,,,,,,,,,,,,,,,,,,,67008,0,fc67b5b9a2d8c823e29b2d5c2dd6465388b731a6dccfb0feeb70cb674ab28be9,validation_007,0,6,1088625531,12,,
5,1.0,A,mainline,True,False,48.0,20.0,0,maintain,0.0,0.0,58.39999999999997,18.0,0,0,maintain-maintain,0.03643514961004257,-0.06483122706413269,-0.027475416660308838,0,0.03643514961004257,-0.027475416660308838,0.06391056627035141,0.10126637667417526,"[true, true, true]",False,False,False,67008,0,fc67b5b9a2d8c823e29b2d5c2dd6465388b731a6dccfb0feeb70cb674ab28be9,validation_007,0,6,1088625531,12,,
5,1.0,B,ramp,True,False,58.39999999999997,18.0,0,maintain,0.0,0.0,48.0,20.0,0,0,maintain-maintain,0.13934168219566345,-0.023003630340099335,-0.09821821749210358,0,0.13934168219566345,-0.023003630340099335,0.1623453125357628,0.23755989968776703,"[true, true, true]",False,False,False,67008,0,fc67b5b9a2d8c823e29b2d5c2dd6465388b731a6dccfb0feeb70cb674ab28be9,validation_007,0,6,1088625531,12,,
5,1.0,B_front,background_mainline,True,,140.0,20.0,,,,,,,,,,,,,,,,,,,,,,67008,0,fc67b5b9a2d8c823e29b2d5c2dd6465388b731a6dccfb0feeb70cb674ab28be9,validation_007,0,6,1088625531,12,,
5,1.0,B_rear,background_mainline,True,,22.702096516872903,18.278056734572637,,,,,,,,,,,,,,,,,,,,,,67008,0,fc67b5b9a2d8c823e29b2d5c2dd6465388b731a6dccfb0feeb70cb674ab28be9,validation_007,0,6,1088625531,12,,
6,1.2000000000000002,A,mainline,True,False,52.0,20.0,0,maintain,0.0,0.0,61.999999999999964,18.0,0,0,maintain-maintain,0.03468745946884155,-0.06383184343576431,-0.026178479194641113,0,0.03468745946884155,-0.026178479194641113,0.060865938663482666,0.09851930290460587,"[true, true, true]",False,False,False,67008,0,fc67b5b9a2d8c823e29b2d5c2dd6465388b731a6dccfb0feeb70cb674ab28be9,validation_007,0,6,1088625531,12,,
6,1.2000000000000002,B,ramp,True,False,61.999999999999964,18.0,0,maintain,0.0,0.0,52.0,20.0,0,0,maintain-maintain,0.14096699655056,-0.021816253662109375,-0.09774336218833923,0,0.14096699655056,-0.021816253662109375,0.16278325021266937,0.23871035873889923,"[true, true, true]",False,False,False,67008,0,fc67b5b9a2d8c823e29b2d5c2dd6465388b731a6dccfb0feeb70cb674ab28be9,validation_007,0,6,1088625531,12,,
6,1.2000000000000002,B_front,background_mainline,True,,144.0,20.0,,,,,,,,,,,,,,,,,,,,,,67008,0,fc67b5b9a2d8c823e29b2d5c2dd6465388b731a6dccfb0feeb70cb674ab28be9,validation_007,0,6,1088625531,12,,
6,1.2000000000000002,B_rear,background_mainline,True,,26.346345420577936,18.168371143538728,,,,,,,,,,,,,,,,,,,,,,67008,0,fc67b5b9a2d8c823e29b2d5c2dd6465388b731a6dccfb0feeb70cb674ab28be9,validation_007,0,6,1088625531,12,,
7,1.4000000000000001,A,mainline,True,False,56.0,20.0,0,maintain,0.0,0.0,65.59999999999997,18.0,0,0,maintain-maintain,0.03261060267686844,-0.06302978843450546,-0.025004133582115173,0,0.03261060267686844,-0.025004133582115173,0.05761473625898361,0.0956403911113739,"[true, true, true]",False,False,False,67008,0,fc67b5b9a2d8c823e29b2d5c2dd6465388b731a6dccfb0feeb70cb674ab28be9,validation_007,0,6,1088625531,12,,
7,1.4000000000000001,B,ramp,True,False,65.59999999999997,18.0,0,maintain,0.0,0.0,56.0,20.0,0,0,maintain-maintain,0.14225052297115326,-0.019559338688850403,-0.09770561754703522,0,0.14225052297115326,-0.019559338688850403,0.16180986166000366,0.23995614051818848,"[true, true, true]",False,False,False,67008,0,fc67b5b9a2d8c823e29b2d5c2dd6465388b731a6dccfb0feeb70cb674ab28be9,validation_007,0,6,1088625531,12,,
7,1.4000000000000001,B_front,background_mainline,True,,148.0,20.0,,,,,,,,,,,,,,,,,,,,,,67008,0,fc67b5b9a2d8c823e29b2d5c2dd6465388b731a6dccfb0feeb70cb674ab28be9,validation_007,0,6,1088625531,12,,
7,1.4000000000000001,B_rear,background_mainline,True,,29.97099247115752,18.081238737388432,,,,,,,,,,,,,,,,,,,,,,67008,0,fc67b5b9a2d8c823e29b2d5c2dd6465388b731a6dccfb0feeb70cb674ab28be9,validation_007,0,6,1088625531,12,,
8,1.6,A,mainline,True,False,60.0,20.0,0,maintain,0.0,0.0,69.19999999999999,18.0,0,0,maintain-maintain,0.030829258263111115,-0.06179533526301384,-0.0236261785030365,0,0.030829258263111115,-0.0236261785030365,0.054455436766147614,0.09262459352612495,"[true, true, true]",False,False,False,67008,0,fc67b5b9a2d8c823e29b2d5c2dd6465388b731a6dccfb0feeb70cb674ab28be9,validation_007,0,6,1088625531,12,,
8,1.6,B,ramp,True,False,69.19999999999999,18.0,0,maintain,0.0,0.0,60.0,20.0,0,0,maintain-maintain,0.14353790879249573,-0.01730284094810486,-0.09768904745578766,0,0.14353790879249573,-0.01730284094810486,0.16084074974060059,0.2412269562482834,"[true, true, true]",False,False,False,67008,0,fc67b5b9a2d8c823e29b2d5c2dd6465388b731a6dccfb0feeb70cb674ab28be9,validation_007,0,6,1088625531,12,,
8,1.6,B_front,background_mainline,True,,152.0,20.0,,,,,,,,,,,,,,,,,,,,,,67008,0,fc67b5b9a2d8c823e29b2d5c2dd6465388b731a6dccfb0feeb70cb674ab28be9,validation_007,0,6,1088625531,12,,
8,1.6,B_rear,background_mainline,True,,33.58008240344489,18.012195307757786,,,,,,,,,,,,,,,,,,,,,,67008,0,fc67b5b9a2d8c823e29b2d5c2dd6465388b731a6dccfb0feeb70cb674ab28be9,validation_007,0,6,1088625531,12,,
9,1.8,A,mainline,True,False,64.0,20.0,0,maintain,0.0,0.0,72.80000000000001,18.0,0,0,maintain-maintain,0.029024362564086914,-0.060821350663900375,-0.022358015179634094,0,0.029024362564086914,-0.022358015179634094,0.05138237774372101,0.08984571322798729,"[true, true, true]",False,False,False,67008,0,fc67b5b9a2d8c823e29b2d5c2dd6465388b731a6dccfb0feeb70cb674ab28be9,validation_007,0,6,1088625531,12,,
9,1.8,B,ramp,True,False,72.80000000000001,18.0,0,maintain,0.0,0.0,64.0,20.0,0,0,maintain-maintain,0.14346599578857422,-0.014742948114871979,-0.09825979918241501,0,0.14346599578857422,-0.014742948114871979,0.1582089439034462,0.24172579497098923,"[true, true, true]",False,False,False,67008,0,fc67b5b9a2d8c823e29b2d5c2dd6465388b731a6dccfb0feeb70cb674ab28be9,validation_007,0,6,1088625531,12,,
9,1.8,B_front,background_mainline,True,,156.0,20.0,,,,,,,,,,,,,,,,,,,,,,67008,0,fc67b5b9a2d8c823e29b2d5c2dd6465388b731a6dccfb0feeb70cb674ab28be9,validation_007,0,6,1088625531,12,,
9,1.8,B_rear,background_mainline,True,,37.176878382210035,17.957832915032608,,,,,,,,,,,,,,,,,,,,,,67008,0,fc67b5b9a2d8c823e29b2d5c2dd6465388b731a6dccfb0feeb70cb674ab28be9,validation_007,0,6,1088625531,12,,
10,2.0,A,mainline,True,False,68.0,20.0,0,maintain,0.0,0.0,76.40000000000003,18.0,0,0,maintain-maintain,0.027368709444999695,-0.060166135430336,-0.021325744688510895,0,0.027368709444999695,-0.021325744688510895,0.04869445413351059,0.0875348448753357,"[true, true, true]",False,False,False,67008,0,fc67b5b9a2d8c823e29b2d5c2dd6465388b731a6dccfb0feeb70cb674ab28be9,validation_007,0,6,1088625531,12,,
10,2.0,B,ramp,True,False,76.40000000000003,18.0,0,maintain,0.0,0.0,68.0,20.0,0,0,maintain-maintain,0.14328880608081818,-0.012266069650650024,-0.09887702763080597,0,0.14328880608081818,-0.012266069650650024,0.1555548757314682,0.24216583371162415,"[true, true, true]",False,False,False,67008,0,fc67b5b9a2d8c823e29b2d5c2dd6465388b731a6dccfb0feeb70cb674ab28be9,validation_007,0,6,1088625531,12,,
10,2.0,B_front,background_mainline,True,,160.0,20.0,,,,,,,,,,,,,,,,,,,,,,67008,0,fc67b5b9a2d8c823e29b2d5c2dd6465388b731a6dccfb0feeb70cb674ab28be9,validation_007,0,6,1088625531,12,,
10,2.0,B_rear,background_mainline,True,,40.7640416374725,17.91550248138286,,,,,,,,,,,,,,,,,,,,,,67008,0,fc67b5b9a2d8c823e29b2d5c2dd6465388b731a6dccfb0feeb70cb674ab28be9,validation_007,0,6,1088625531,12,,
11,2.2,A,mainline,True,False,72.0,20.0,0,maintain,0.0,0.0,80.00000000000006,18.0,0,0,maintain-maintain,0.026155933737754822,-0.05989677459001541,-0.020167365670204163,0,0.026155933737754822,-0.020167365670204163,0.046323299407958984,0.08605270832777023,"[true, true, true]",False,False,False,67008,0,fc67b5b9a2d8c823e29b2d5c2dd6465388b731a6dccfb0feeb70cb674ab28be9,validation_007,0,6,1088625531,12,,
11,2.2,B,ramp,True,False,80.00000000000006,18.0,0,maintain,0.0,0.0,72.0,20.0,0,0,maintain-maintain,0.1430794894695282,-0.009982407093048096,-0.09946035593748093,0,0.1430794894695282,-0.009982407093048096,0.1530618965625763,0.24253984540700912,"[true, true, true]",False,False,False,67008,0,fc67b5b9a2d8c823e29b2d5c2dd6465388b731a6dccfb0feeb70cb674ab28be9,validation_007,0,6,1088625531,12,,
11,2.2,B_front,background_mainline,True,,164.0,20.0,,,,,,,,,,,,,,,,,,,,,,67008,0,fc67b5b9a2d8c823e29b2d5c2dd6465388b731a6dccfb0feeb70cb674ab28be9,validation_007,0,6,1088625531,12,,
11,2.2,B_rear,background_mainline,True,,44.34376194699707,17.883112703357657,,,,,,,,,,,,,,,,,,,,,,67008,0,fc67b5b9a2d8c823e29b2d5c2dd6465388b731a6dccfb0feeb70cb674ab28be9,validation_007,0,6,1088625531,12,,
12,2.4000000000000004,A,mainline,True,False,76.0,20.0,0,maintain,0.0,0.0,83.60000000000008,18.0,0,0,maintain-maintain,0.02501818537712097,-0.05970276892185211,-0.019000276923179626,0,0.02501818537712097,-0.019000276923179626,0.0440184623003006,0.08472095429897308,"[true, true, true]",False,False,False,67008,0,fc67b5b9a2d8c823e29b2d5c2dd6465388b731a6dccfb0feeb70cb674ab28be9,validation_007,0,6,1088625531,12,,
12,2.4000000000000004,B,ramp,True,False,83.60000000000008,18.0,0,maintain,0.0,0.0,76.0,20.0,0,0,maintain-maintain,0.14281906187534332,-0.007629312574863434,-0.09952392429113388,0,0.14281906187534332,-0.007629312574863434,0.15044837445020676,0.2423429861664772,"[true, true, true]",False,False,False,67008,0,fc67b5b9a2d8c823e29b2d5c2dd6465388b731a6dccfb0feeb70cb674ab28be9,validation_007,0,6,1088625531,12,,
12,2.4000000000000004,B_front,background_mainline,True,,168.0,20.0,,,,,,,,,,,,,,,,,,,,,,67008,0,fc67b5b9a2d8c823e29b2d5c2dd6465388b731a6dccfb0feeb70cb674ab28be9,validation_007,0,6,1088625531,12,,
12,2.4000000000000004,B_rear,background_mainline,True,,47.91785446244585,17.858990433126642,,,,,,,,,,,,,,,,,,,,,,67008,0,fc67b5b9a2d8c823e29b2d5c2dd6465388b731a6dccfb0feeb70cb674ab28be9,validation_007,0,6,1088625531,12,,
13,2.6,A,mainline,True,False,80.0,20.0,0,maintain,0.0,0.0,87.2000000000001,18.0,0,0,maintain-maintain,0.02387700229883194,-0.05952758342027664,-0.01785501092672348,0,0.02387700229883194,-0.01785501092672348,0.04173201322555542,0.08340458571910858,"[true, true, true]",False,False,False,67008,0,fc67b5b9a2d8c823e29b2d5c2dd6465388b731a6dccfb0feeb70cb674ab28be9,validation_007,0,6,1088625531,12,,
13,2.6,B,ramp,True,False,87.2000000000001,18.0,0,maintain,0.0,0.0,80.0,20.0,0,0,maintain-maintain,0.1424436718225479,-0.005100034177303314,-0.09854830801486969,0,0.1424436718225479,-0.005100034177303314,0.14754370599985123,0.2409919798374176,"[true, true, true]",False,False,False,67008,0,fc67b5b9a2d8c823e29b2d5c2dd6465388b731a6dccfb0feeb70cb674ab28be9,validation_007,0,6,1088625531,12,,
13,2.6,B_front,background_mainline,True,,172.0,20.0,,,,,,,,,,,,,,,,,,,,,,67008,0,fc67b5b9a2d8c823e29b2d5c2dd6465388b731a6dccfb0feeb70cb674ab28be9,validation_007,0,6,1088625531,12,,
13,2.6,B_rear,background_mainline,True,,51.487832908435976,17.84178147527624,,,,,,,,,,,,,,,,,,,,,,67008,0,fc67b5b9a2d8c823e29b2d5c2dd6465388b731a6dccfb0feeb70cb674ab28be9,validation_007,0,6,1088625531,12,,
14,2.8000000000000003,A,mainline,True,False,84.0,20.0,0,maintain,0.0,0.0,90.80000000000013,18.0,0,0,maintain-maintain,0.022729352116584778,-0.05937667936086655,-0.016736358404159546,0,0.022729352116584778,-0.016736358404159546,0.039465710520744324,0.08210603147745132,"[true, true, true]",False,False,False,67008,0,fc67b5b9a2d8c823e29b2d5c2dd6465388b731a6dccfb0feeb70cb674ab28be9,validation_007,0,6,1088625531,12,,
14,2.8000000000000003,B,ramp,True,False,90.80000000000013,18.0,0,maintain,0.0,0.0,84.0,20.0,0,0,maintain-maintain,0.14264437556266785,-0.0029157325625419617,-0.09854744374752045,0,0.14264437556266785,-0.0029157325625419617,0.1455601081252098,0.2411918193101883,"[true, true, true]",False,False,False,67008,0,fc67b5b9a2d8c823e29b2d5c2dd6465388b731a6dccfb0feeb70cb674ab28be9,validation_007,0,6,1088625531,12,,
14,2.8000000000000003,B_front,background_mainline,True,,176.0,20.0,,,,,,,,,,,,,,,,,,,,,,67008,0,fc67b5b9a2d8c823e29b2d5c2dd6465388b731a6dccfb0feeb70cb674ab28be9,validation_007,0,6,1088625531,12,,
14,2.8000000000000003,B_rear,background_mainline,True,,55.05496583010487,17.830378655921983,,,,,,,,,,,,,,,,,,,,,,67008,0,fc67b5b9a2d8c823e29b2d5c2dd6465388b731a6dccfb0feeb70cb674ab28be9,validation_007,0,6,1088625531,12,,
15,3.0,A,mainline,True,False,88.0,20.0,0,maintain,0.0,0.0,94.40000000000015,18.0,0,0,maintain-maintain,0.021590977907180786,-0.05925677344202995,-0.01563805341720581,0,0.021590977907180786,-0.01563805341720581,0.0372290313243866,0.08084775134921074,"[true, true, true]",False,False,False,67008,0,fc67b5b9a2d8c823e29b2d5c2dd6465388b731a6dccfb0feeb70cb674ab28be9,validation_007,0,6,1088625531,12,,
15,3.0,B,ramp,True,False,94.40000000000015,18.0,0,maintain,0.0,0.0,88.0,20.0,0,0,maintain-maintain,0.14275109767913818,-0.0009081363677978516,-0.09892360866069794,0,0.14275109767913818,-0.0009081363677978516,0.14365923404693604,0.24167470633983612,"[true, true, true]",False,False,False,67008,0,fc67b5b9a2d8c823e29b2d5c2dd6465388b731a6dccfb0feeb70cb674ab28be9,validation_007,0,6,1088625531,12,,
15,3.0,B_front,background_mainline,True,,180.0,20.0,,,,,,,,,,,,,,,,,,,,,,67008,0,fc67b5b9a2d8c823e29b2d5c2dd6465388b731a6dccfb0feeb70cb674ab28be9,validation_007,0,6,1088625531,12,,
15,3.0,B_rear,background_mainline,True,,58.62032044288004,17.82386872025833,,,,,,,,,,,,,,,,,,,,,,67008,0,fc67b5b9a2d8c823e29b2d5c2dd6465388b731a6dccfb0feeb70cb674ab28be9,validation_007,0,6,1088625531,12,,
16,3.2,A,mainline,True,False,92.0,20.0,0,maintain,0.0,0.0,98.00000000000017,18.0,0,0,maintain-maintain,0.020753860473632812,-0.059369251132011414,-0.014815501868724823,0,0.020753860473632812,-0.014815501868724823,0.035569362342357635,0.08012311160564423,"[true, true, true]",False,False,False,67008,0,fc67b5b9a2d8c823e29b2d5c2dd6465388b731a6dccfb0feeb70cb674ab28be9,validation_007,0,6,1088625531,12,,
16,3.2,B,ramp,True,False,98.00000000000017,18.0,0,maintain,0.0,0.0,92.0,20.0,0,0,maintain-maintain,0.14279228448867798,0.0009019672870635986,-0.09954065084457397,0,0.14279228448867798,0.0009019672870635986,0.14189031720161438,0.24233293533325195,"[true, true, true]",False,False,False,67008,0,fc67b5b9a2d8c823e29b2d5c2dd6465388b731a6dccfb0feeb70cb674ab28be9,validation_007,0,6,1088625531,12,,
16,3.2,B_front,background_mainline,True,,184.0,20.0,,,,,,,,,,,,,,,,,,,,,,67008,0,fc67b5b9a2d8c823e29b2d5c2dd6465388b731a6dccfb0feeb70cb674ab28be9,validation_007,0,6,1088625531,12,,
16,3.2,B_rear,background_mainline,True,,62.18479725868787,17.82149249512178,,,,,,,,,,,,,,,,,,,,,,67008,0,fc67b5b9a2d8c823e29b2d5c2dd6465388b731a6dccfb0feeb70cb674ab28be9,validation_007,0,6,1088625531,12,,
17,3.4000000000000004,A,mainline,True,False,96.0,20.0,0,maintain,0.0,0.0,101.6000000000002,18.0,0,0,maintain-maintain,0.019983306527137756,-0.05954444780945778,-0.01400129497051239,0,0.019983306527137756,-0.01400129497051239,0.033984601497650146,0.07952775433659554,"[true, true, true]",False,False,False,67008,0,fc67b5b9a2d8c823e29b2d5c2dd6465388b731a6dccfb0feeb70cb674ab28be9,validation_007,0,6,1088625531,12,,
17,3.4000000000000004,B,ramp,True,False,101.6000000000002,18.0,0,maintain,0.0,0.0,96.0,20.0,0,0,maintain-maintain,0.14325618743896484,0.002204813063144684,-0.10011526942253113,0,0.14325618743896484,0.002204813063144684,0.14105137437582016,0.24337145686149597,"[true, true, true]",False,False,False,67008,0,fc67b5b9a2d8c823e29b2d5c2dd6465388b731a6dccfb0feeb70cb674ab28be9,validation_007,0,6,1088625531,12,,
17,3.4000000000000004,B_front,background_mainline,True,,188.0,20.0,,,,,,,,,,,,,,,,,,,,,,67008,0,fc67b5b9a2d8c823e29b2d5c2dd6465388b731a6dccfb0feeb70cb674ab28be9,validation_007,0,6,1088625531,12,,
17,3.4000000000000004,B_rear,background_mainline,True,,65.74915774430865,17.82261456794975,,,,,,,,,,,,,,,,,,,,,,67008,0,fc67b5b9a2d8c823e29b2d5c2dd6465388b731a6dccfb0feeb70cb674ab28be9,validation_007,0,6,1088625531,12,,
18,3.6,A,mainline,True,False,100.0,20.0,0,maintain,0.0,0.0,105.20000000000022,18.0,0,0,maintain-maintain,0.01937204599380493,-0.05979897454380989,-0.013083942234516144,0,0.01937204599380493,-0.013083942234516144,0.032455988228321075,0.07917102053761482,"[true, true, true]",False,False,False,67008,0,fc67b5b9a2d8c823e29b2d5c2dd6465388b731a6dccfb0feeb70cb674ab28be9,validation_007,0,6,1088625531,12,-0.28498987681756205,0.0
18,3.6,B,ramp,True,False,105.20000000000022,18.0,0,maintain,0.0,0.0,100.0,20.0,0,0,maintain-maintain,0.1440102458000183,0.0032445788383483887,-0.10090303421020508,0,0.1440102458000183,0.0032445788383483887,0.14076566696166992,0.2449132800102234,"[true, true, true]",False,False,False,67008,0,fc67b5b9a2d8c823e29b2d5c2dd6465388b731a6dccfb0feeb70cb674ab28be9,validation_007,0,6,1088625531,12,-0.28498987681756205,0.0
18,3.6,B_front,background_mainline,True,,192.0,20.0,,,,,,,,,,,,,,,,,,,,,,67008,0,fc67b5b9a2d8c823e29b2d5c2dd6465388b731a6dccfb0feeb70cb674ab28be9,validation_007,0,6,1088625531,12,,
18,3.6,B_rear,background_mainline,True,,69.31404664279964,17.82669990521531,,,,,,,,,,,,,,,,,,,,,,67008,0,fc67b5b9a2d8c823e29b2d5c2dd6465388b731a6dccfb0feeb70cb674ab28be9,validation_007,0,6,1088625531,12,,
19,3.8000000000000003,A,mainline,True,False,104.0,20.0,0,maintain,0.0,0.0,108.80000000000024,18.0,0,0,maintain-maintain,0.03567453473806381,-0.06480973958969116,0.004466317594051361,0,0.03567453473806381,0.004466317594051361,0.03120821714401245,0.10048427432775497,"[true, true, true]",True,True,False,67008,0,fc67b5b9a2d8c823e29b2d5c2dd6465388b731a6dccfb0feeb70cb674ab28be9,validation_007,0,6,1088625531,12,-0.7126296985600504,0.0
19,3.8000000000000003,B,ramp,True,False,108.80000000000024,18.0,0,maintain,0.0,0.0,104.0,20.0,0,0,maintain-maintain,0.17108508944511414,0.01159636676311493,-0.10502902418375015,0,0.17108508944511414,0.01159636676311493,0.1594887226819992,0.2761141136288643,"[true, true, true]",True,True,False,67008,0,fc67b5b9a2d8c823e29b2d5c2dd6465388b731a6dccfb0feeb70cb674ab28be9,validation_007,0,6,1088625531,12,-0.7126296985600504,0.0
19,3.8000000000000003,B_front,background_mainline,True,,196.0,20.0,,,,,,,,,,,,,,,,,,,,,,67008,0,fc67b5b9a2d8c823e29b2d5c2dd6465388b731a6dccfb0feeb70cb674ab28be9,validation_007,0,6,1088625531,12,,
19,3.8000000000000003,B_rear,background_mainline,True,,72.88001015572469,17.833295606636447,,,,,,,,,,,,,,,,,,,,,,67008,0,fc67b5b9a2d8c823e29b2d5c2dd6465388b731a6dccfb0feeb70cb674ab28be9,validation_007,0,6,1088625531,12,,
0,0.0,A,ramp,True,False,40.4,18.0,0,maintain,0.0,0.0,28.0,20.0,0,0,maintain-maintain,0.06826776266098022,-0.03895837068557739,0.0038183480501174927,0,0.06826776266098022,0.0038183480501174927,0.06444941461086273,0.10722613334655762,"[true, true, true]",False,False,False,67008,0,fc67b5b9a2d8c823e29b2d5c2dd6465388b731a6dccfb0feeb70cb674ab28be9,validation_007,1,6,1088625531,13,,
0,0.0,B,mainline,True,False,28.0,20.0,0,maintain,0.0,0.0,40.4,18.0,0,0,maintain-maintain,0.1553710401058197,-0.012151524424552917,0.01490827463567257,0,0.1553710401058197,0.01490827463567257,0.14046276547014713,0.16752256453037262,"[true, true, true]",False,False,False,67008,0,fc67b5b9a2d8c823e29b2d5c2dd6465388b731a6dccfb0feeb70cb674ab28be9,validation_007,1,6,1088625531,13,,
0,0.0,B_front,background_mainline,True,,120.0,20.0,,,,,,,,,,,,,,,,,,,,,,67008,0,fc67b5b9a2d8c823e29b2d5c2dd6465388b731a6dccfb0feeb70cb674ab28be9,validation_007,1,6,1088625531,13,,
0,0.0,B_rear,background_mainline,True,,3.945792890543582,19.483844969091912,,,,,,,,,,,,,,,,,,,,,,67008,0,fc67b5b9a2d8c823e29b2d5c2dd6465388b731a6dccfb0feeb70cb674ab28be9,validation_007,1,6,1088625531,13,,
1,0.2,A,ramp,True,False,43.99999999999999,18.0,0,maintain,0.0,0.0,32.0,20.0,0,0,maintain-maintain,0.06814412772655487,-0.03919433429837227,0.005169503390789032,0,0.06814412772655487,0.005169503390789032,0.06297462433576584,0.10733846202492714,"[true, true, true]",False,False,False,67008,0,fc67b5b9a2d8c823e29b2d5c2dd6465388b731a6dccfb0feeb70cb674ab28be9,validation_007,1,6,1088625531,13,,
1,0.2,B,mainline,True,False,32.0,20.0,0,maintain,0.0,0.0,43.99999999999999,18.0,0,0,maintain-maintain,0.1571502983570099,-0.012354269623756409,0.016464194282889366,0,0.1571502983570099,0.016464194282889366,0.14068610407412052,0.1695045679807663,"[true, true, true]",False,False,False,67008,0,fc67b5b9a2d8c823e29b2d5c2dd6465388b731a6dccfb0feeb70cb674ab28be9,validation_007,1,6,1088625531,13,,
1,0.2,B_front,background_mainline,True,,124.0,20.0,,,,,,,,,,,,,,,,,,,,,,67008,0,fc67b5b9a2d8c823e29b2d5c2dd6465388b731a6dccfb0feeb70cb674ab28be9,validation_007,1,6,1088625531,13,,
1,0.2,B_rear,background_mainline,True,,7.802789976125999,19.103228823167687,,,,,,,,,,,,,,,,,,,,,,67008,0,fc67b5b9a2d8c823e29b2d5c2dd6465388b731a6dccfb0feeb70cb674ab28be9,validation_007,1,6,1088625531,13,,
2,0.4,A,ramp,True,False,47.59999999999999,18.0,0,maintain,0.0,0.0,36.0,20.0,0,0,maintain-maintain,0.06803151965141296,-0.039371930062770844,0.006456874310970306,0,0.06803151965141296,0.006456874310970306,0.06157464534044266,0.10740344971418381,"[true, true, true]",False,False,False,67008,0,fc67b5b9a2d8c823e29b2d5c2dd6465388b731a6dccfb0feeb70cb674ab28be9,validation_007,1,6,1088625531,13,,
2,0.4,B,mainline,True,False,36.0,20.0,0,maintain,0.0,0.0,47.59999999999999,18.0,0,0,maintain-maintain,0.1585742086172104,-0.012723028659820557,0.01761913113296032,0,0.1585742086172104,0.01761913113296032,0.14095507748425007,0.17129723727703094,"[true, true, true]",False,False,False,67008,0,fc67b5b9a2d8c823e29b2d5c2dd6465388b731a6dccfb0feeb70cb674ab28be9,validation_007,1,6,1088625531,13,,
2,0.4,B_front,background_mainline,True,,128.0,20.0,,,,,,,,,,,,,,,,,,,,,,67008,0,fc67b5b9a2d8c823e29b2d5c2dd6465388b731a6dccfb0feeb70cb674ab28be9,validation_007,1,6,1088625531,13,,
2,0.4,B_rear,background_mainline,True,,11.593368401039545,18.814498512244633,,,,,,,,,,,,,,,,,,,,,,67008,0,fc67b5b9a2d8c823e29b2d5c2dd6465388b731a6dccfb0feeb70cb674ab28be9,validation_007,1,6,1088625531,13,,
3,0.6000000000000001,A,ramp,True,False,51.19999999999998,18.0,0,maintain,0.0,0.0,40.0,20.0,0,0,maintain-maintain,0.06774906814098358,-0.03942546248435974,0.007814008742570877,0,0.06774906814098358,0.007814008742570877,0.059935059398412704,0.10717453062534332,"[true, true, true]",False,False,False,67008,0,fc67b5b9a2d8c823e29b2d5c2dd6465388b731a6dccfb0feeb70cb674ab28be9,validation_007,1,6,1088625531,13,,
3,0.6000000000000001,B,mainline,True,False,40.0,20.0,0,maintain,0.0,0.0,51.19999999999998,18.0,0,0,maintain-maintain,0.15969963371753693,-0.013004563748836517,0.018425388261675835,0,0.15969963371753693,0.018425388261675835,0.1412742454558611,0.17270419746637344,"[true, true, true]",False,False,False,67008,0,fc67b5b9a2d8c823e29b2d5c2dd6465388b731a6dccfb0feeb70cb674ab28be9,validation_007,1,6,1088625531,13,,
3,0.6000000000000001,B_front,background_mainline,True,,132.0,20.0,,,,,,,,,,,,,,,,,,,,,,67008,0,fc67b5b9a2d8c823e29b2d5c2dd6465388b731a6dccfb0feeb70cb674ab28be9,validation_007,1,6,1088625531,13,,
3,0.6000000000000001,B_rear,background_mainline,True,,15.333070330500611,18.591211668736282,,,,,,,,,,,,,,,,,,,,,,67008,0,fc67b5b9a2d8c823e29b2d5c2dd6465388b731a6dccfb0feeb70cb674ab28be9,validation_007,1,6,1088625531,13,,
4,0.8,A,ramp,True,False,54.799999999999976,18.0,0,maintain,0.0,0.0,44.0,20.0,0,0,maintain-maintain,0.06749778985977173,-0.03943298012018204,0.00913211703300476,0,0.06749778985977173,0.00913211703300476,0.05836567282676697,0.10693076997995377,"[true, true, true]",False,False,False,67008,0,fc67b5b9a2d8c823e29b2d5c2dd6465388b731a6dccfb0feeb70cb674ab28be9,validation_007,1,6,1088625531,13,,
4,0.8,B,mainline,True,False,44.0,20.0,0,maintain,0.0,0.0,54.799999999999976,18.0,0,0,maintain-maintain,0.1606711447238922,-0.01324741542339325,0.019057292491197586,0,0.1606711447238922,0.019057292491197586,0.14161385223269463,0.17391856014728546,"[true, true, true]",False,False,False,67008,0,fc67b5b9a2d8c823e29b2d5c2dd6465388b731a6dccfb0feeb70cb674ab28be9,validation_007,1,6,1088625531,13,,
4,0.8,B_front,background_mainline,True,,136.0,20.0,,,,,,,,,,,,,,,,,,,,,,67008,0,fc67b5b9a2d8c823e29b2d5c2dd6465388b731a6dccfb0feeb70cb674ab28be9,validation_007,1,6,1088625531,13,,
4,0.8,B_rear,background_mainline,True,,19.03316593289923,18.4162696490176,,,,,,,,,,,,,,,,,,,,,,67008,0,fc67b5b9a2d8c823e29b2d5c2dd6465388b731a6dccfb0feeb70cb674ab28be9,validation_007,1,6,1088625531,13,,
5,1.0,A,ramp,True,False,58.39999999999997,18.0,0,maintain,0.0,0.0,48.0,20.0,0,0,maintain-maintain,0.06726381182670593,-0.03950478136539459,0.010446235537528992,0,0.06726381182670593,0.010446235537528992,0.05681757628917694,0.10676859319210052,"[true, true, true]",False,False,False,67008,0,fc67b5b9a2d8c823e29b2d5c2dd6465388b731a6dccfb0feeb70cb674ab28be9,validation_007,1,6,1088625531,13,,
5,1.0,B,mainline,True,False,48.0,20.0,0,maintain,0.0,0.0,58.39999999999997,18.0,0,0,maintain-maintain,0.16156859695911407,-0.013485968112945557,0.019614897668361664,0,0.16156859695911407,0.019614897668361664,0.1419536992907524,0.17505456507205963,"[true, true, true]",False,False,False,67008,0,fc67b5b9a2d8c823e29b2d5c2dd6465388b731a6dccfb0feeb70cb674ab28be9,validation_007,1,6,1088625531,13,,
5,1.0,B_front,background_mainline,True,,140.0,20.0,,,,,,,,,,,,,,,,,,,,,,67008,0,fc67b5b9a2d8c823e29b2d5c2dd6465388b731a6dccfb0feeb70cb674ab28be9,validation_007,1,6,1088625531,13,,
5,1.0,B_rear,background_mainline,True,,22.702096516872903,18.278056734572637,,,,,,,,,,,,,,,,,,,,,,67008,0,fc67b5b9a2d8c823e29b2d5c2dd6465388b731a6dccfb0feeb70cb674ab28be9,validation_007,1,6,1088625531,13,,
6,1.2000000000000002,A,ramp,True,False,61.999999999999964,18.0,0,maintain,0.0,0.0,52.0,20.0,0,0,maintain-maintain,0.06688264012336731,-0.0398133285343647,0.011712513864040375,0,0.06688264012336731,0.011712513864040375,0.055170126259326935,0.10669596865773201,"[true, true, true]",False,False,False,67008,0,fc67b5b9a2d8c823e29b2d5c2dd6465388b731a6dccfb0feeb70cb674ab28be9,validation_007,1,6,1088625531,13,,
6,1.2000000000000002,B,mainline,True,False,52.0,20.0,0,maintain,0.0,0.0,61.999999999999964,18.0,0,0,maintain-maintain,0.16210272908210754,-0.013864859938621521,0.02014317363500595,0,0.16210272908210754,0.02014317363500595,0.1419595554471016,0.17596758902072906,"[true, true, true]",False,False,False,67008,0,fc67b5b9a2d8c823e29b2d5c2dd6465388b731a6dccfb0feeb70cb674ab28be9,validation_007,1,6,1088625531,13,,
6,1.2000000000000002,B_front,background_mainline,True,,144.0,20.0,,,,,,,,,,,,,,,,,,,,,,67008,0,fc67b5b9a2d8c823e29b2d5c2dd6465388b731a6dccfb0feeb70cb674ab28be9,validation_007,1,6,1088625531,13,,
6,1.2000000000000002,B_rear,background_mainline,True,,26.346345420577936,18.168371143538728,,,,,,,,,,,,,,,,,,,,,,67008,0,fc67b5b9a2d8c823e29b2d5c2dd6465388b731a6dccfb0feeb70cb674ab28be9,validation_007,1,6,1088625531,13,,
7,1.4000000000000001,A,ramp,True,False,65.59999999999997,18.0,0,maintain,0.0,0.0,56.0,20.0,0,0,maintain-maintain,0.06642407178878784,-0.04006081074476242,0.012844927608966827,0,0.06642407178878784,0.012844927608966827,0.053579144179821014,0.10648488253355026,"[true, true, true]",False,False,False,67008,0,fc67b5b9a2d8c823e29b2d5c2dd6465388b731a6dccfb0feeb70cb674ab28be9,validation_007,1,6,1088625531,13,,
7,1.4000000000000001,B,mainline,True,False,56.0,20.0,0,maintain,0.0,0.0,65.59999999999997,18.0,0,0,maintain-maintain,0.16237707436084747,-0.014503568410873413,0.020442459732294083,0,0.16237707436084747,0.020442459732294083,0.1419346146285534,0.1768806427717209,"[true, true, true]",False,False,False,67008,0,fc67b5b9a2d8c823e29b2d5c2dd6465388b731a6dccfb0feeb70cb674ab28be9,validation_007,1,6,1088625531,13,,
7,1.4000000000000001,B_front,background_mainline,True,,148.0,20.0,,,,,,,,,,,,,,,,,,,,,,67008,0,fc67b5b9a2d8c823e29b2d5c2dd6465388b731a6dccfb0feeb70cb674ab28be9,validation_007,1,6,1088625531,13,,
7,1.4000000000000001,B_rear,background_mainline,True,,29.97099247115752,18.081238737388432,,,,,,,,,,,,,,,,,,,,,,67008,0,fc67b5b9a2d8c823e29b2d5c2dd6465388b731a6dccfb0feeb70cb674ab28be9,validation_007,1,6,1088625531,13,,
8,1.6,A,ramp,True,False,69.19999999999999,18.0,0,maintain,0.0,0.0,60.0,20.0,0,0,maintain-maintain,0.06597071886062622,-0.040294669568538666,0.013961996883153915,0,0.06597071886062622,0.013961996883153915,0.052008721977472305,0.10626538842916489,"[true, true, true]",False,False,False,67008,0,fc67b5b9a2d8c823e29b2d5c2dd6465388b731a6dccfb0feeb70cb674ab28be9,validation_007,1,6,1088625531,13,,
8,1.6,B,mainline,True,False,60.0,20.0,0,maintain,0.0,0.0,69.19999999999999,18.0,0,0,maintain-maintain,0.16290460526943207,-0.015535734593868256,0.020010510459542274,0,0.16290460526943207,0.020010510459542274,0.1428940948098898,0.17844033986330032,"[true, true, true]",False,False,False,67008,0,fc67b5b9a2d8c823e29b2d5c2dd6465388b731a6dccfb0feeb70cb674ab28be9,validation_007,1,6,1088625531,13,,
8,1.6,B_front,background_mainline,True,,152.0,20.0,,,,,,,,,,,,,,,,,,,,,,67008,0,fc67b5b9a2d8c823e29b2d5c2dd6465388b731a6dccfb0feeb70cb674ab28be9,validation_007,1,6,1088625531,13,,
8,1.6,B_rear,background_mainline,True,,33.58008240344489,18.012195307757786,,,,,,,,,,,,,,,,,,,,,,67008,0,fc67b5b9a2d8c823e29b2d5c2dd6465388b731a6dccfb0feeb70cb674ab28be9,validation_007,1,6,1088625531,13,,
9,1.8,A,ramp,True,False,72.80000000000001,18.0,0,maintain,0.0,0.0,64.0,20.0,0,0,maintain-maintain,0.06466840207576752,-0.040130991488695145,0.015018116682767868,0,0.06466840207576752,0.015018116682767868,0.04965028539299965,0.10479939356446266,"[true, true, true]",False,False,False,67008,0,fc67b5b9a2d8c823e29b2d5c2dd6465388b731a6dccfb0feeb70cb674ab28be9,validation_007,1,6,1088625531,13,,
9,1.8,B,mainline,True,False,64.0,20.0,0,maintain,0.0,0.0,72.80000000000001,18.0,0,0,maintain-maintain,0.1631471812725067,-0.01566244661808014,0.019754480570554733,0,0.1631471812725067,0.019754480570554733,0.14339270070195198,0.17880962789058685,"[true, true, true]",False,False,False,67008,0,fc67b5b9a2d8c823e29b2d5c2dd6465388b731a6dccfb0feeb70cb674ab28be9,validation_007,1,6,1088625531,13,,
9,1.8,B_front,background_mainline,True,,156.0,20.0,,,,,,,,,,,,,,,,,,,,,,67008,0,fc67b5b9a2d8c823e29b2d5c2dd6465388b731a6dccfb0feeb70cb674ab28be9,validation_007,1,6,1088625531,13,,
9,1.8,B_rear,background_mainline,True,,37.176878382210035,17.957832915032608,,,,,,,,,,,,,,,,,,,,,,67008,0,fc67b5b9a2d8c823e29b2d5c2dd6465388b731a6dccfb0feeb70cb674ab28be9,validation_007,1,6,1088625531,13,,
10,2.0,A,ramp,True,False,76.40000000000003,18.0,0,maintain,0.0,0.0,68.0,20.0,0,0,maintain-maintain,0.06336945295333862,-0.039958469569683075,0.016064271330833435,0,0.06336945295333862,0.016064271330833435,0.04730518162250519,0.1033279225230217,"[true, true, true]",False,False,False,67008,0,fc67b5b9a2d8c823e29b2d5c2dd6465388b731a6dccfb0feeb70cb674ab28be9,validation_007,1,6,1088625531,13,,
10,2.0,B,mainline,True,False,68.0,20.0,0,maintain,0.0,0.0,76.40000000000003,18.0,0,0,maintain-maintain,0.16345907747745514,-0.015950381755828857,0.01978825218975544,0,0.16345907747745514,0.01978825218975544,0.1436708252876997,0.179409459233284,"[true, true, true]",False,False,False,67008,0,fc67b5b9a2d8c823e29b2d5c2dd6465388b731a6dccfb0feeb70cb674ab28be9,validation_007,1,6,1088625531,13,,
10,2.0,B_front,background_mainline,True,,160.0,20.0,,,,,,,,,,,,,,,,,,,,,,67008,0,fc67b5b9a2d8c823e29b2d5c2dd6465388b731a6dccfb0feeb70cb674ab28be9,validation_007,1,6,1088625531,13,,
10,2.0,B_rear,background_mainline,True,,40.7640416374725,17.91550248138286,,,,,,,,,,,,,,,,,,,,,,67008,0,fc67b5b9a2d8c823e29b2d5c2dd6465388b731a6dccfb0feeb70cb674ab28be9,validation_007,1,6,1088625531,13,,
11,2.2,A,ramp,True,False,80.00000000000006,18.0,0,maintain,0.0,0.0,72.0,20.0,0,0,maintain-maintain,0.06205575913190842,-0.04048892483115196,0.016978509724140167,0,0.06205575913190842,0.016978509724140167,0.04507724940776825,0.10254468396306038,"[true, true, true]",False,False,False,67008,0,fc67b5b9a2d8c823e29b2d5c2dd6465388b731a6dccfb0feeb70cb674ab28be9,validation_007,1,6,1088625531,13,,
11,2.2,B,mainline,True,False,72.0,20.0,0,maintain,0.0,0.0,80.00000000000006,18.0,0,0,maintain-maintain,0.16415607929229736,-0.016338929533958435,0.019788015633821487,0,0.16415607929229736,0.019788015633821487,0.14436806365847588,0.1804950088262558,"[true, true, true]",False,False,False,67008,0,fc67b5b9a2d8c823e29b2d5c2dd6465388b731a6dccfb0feeb70cb674ab28be9,validation_007,1,6,1088625531,13,,
11,2.2,B_front,background_mainline,True,,164.0,20.0,,,,,,,,,,,,,,,,,,,,,,67008,0,fc67b5b9a2d8c823e29b2d5c2dd6465388b731a6dccfb0feeb70cb674ab28be9,validation_007,1,6,1088625531,13,,
11,2.2,B_rear,background_mainline,True,,44.34376194699707,17.883112703357657,,,,,,,,,,,,,,,,,,,,,,67008,0,fc67b5b9a2d8c823e29b2d5c2dd6465388b731a6dccfb0feeb70cb674ab28be9,validation_007,1,6,1088625531,13,,
12,2.4000000000000004,A,ramp,True,False,83.60000000000008,18.0,0,maintain,0.0,0.0,76.0,20.0,0,0,maintain-maintain,0.060738757252693176,-0.041218847036361694,0.017851077020168304,0,0.060738757252693176,0.017851077020168304,0.04288768023252487,0.10195760428905487,"[true, true, true]",False,False,False,67008,0,fc67b5b9a2d8c823e29b2d5c2dd6465388b731a6dccfb0feeb70cb674ab28be9,validation_007,1,6,1088625531,13,,
12,2.4000000000000004,B,mainline,True,False,76.0,20.0,0,maintain,0.0,0.0,83.60000000000008,18.0,0,0,maintain-maintain,0.16514214873313904,-0.016753479838371277,0.019713355228304863,0,0.16514214873313904,0.019713355228304863,0.14542879350483418,0.18189562857151031,"[true, true, true]",False,False,False,67008,0,fc67b5b9a2d8c823e29b2d5c2dd6465388b731a6dccfb0feeb70cb674ab28be9,validation_007,1,6,1088625531,13,,
12,2.4000000000000004,B_front,background_mainline,True,,168.0,20.0,,,,,,,,,,,,,,,,,,,,,,67008,0,fc67b5b9a2d8c823e29b2d5c2dd6465388b731a6dccfb0feeb70cb674ab28be9,validation_007,1,6,1088625531,13,,
12,2.4000000000000004,B_rear,background_mainline,True,,47.91785446244585,17.858990433126642,,,,,,,,,,,,,,,,,,,,,,67008,0,fc67b5b9a2d8c823e29b2d5c2dd6465388b731a6dccfb0feeb70cb674ab28be9,validation_007,1,6,1088625531,13,,
13,2.6,A,ramp,True,False,87.2000000000001,18.0,0,maintain,0.0,0.0,80.0,20.0,0,0,maintain-maintain,0.05939532071352005,-0.04190655052661896,0.018718667328357697,0,0.05939532071352005,0.018718667328357697,0.040676653385162354,0.10130187124013901,"[true, true, true]",False,False,False,67008,0,fc67b5b9a2d8c823e29b2d5c2dd6465388b731a6dccfb0feeb70cb674ab28be9,validation_007,1,6,1088625531,13,,
13,2.6,B,mainline,True,False,80.0,20.0,0,maintain,0.0,0.0,87.2000000000001,18.0,0,0,maintain-maintain,0.1661168485879898,-0.01717032492160797,0.019638488069176674,0,0.1661168485879898,0.019638488069176674,0.14647836051881313,0.18328717350959778,"[true, true, true]",False,False,False,67008,0,fc67b5b9a2d8c823e29b2d5c2dd6465388b731a6dccfb0feeb70cb674ab28be9,validation_007,1,6,1088625531,13,,
13,2.6,B_front,background_mainline,True,,172.0,20.0,,,,,,,,,,,,,,,,,,,,,,67008,0,fc67b5b9a2d8c823e29b2d5c2dd6465388b731a6dccfb0feeb70cb674ab28be9,validation_007,1,6,1088625531,13,,
13,2.6,B_rear,background_mainline,True,,51.487832908435976,17.84178147527624,,,,,,,,,,,,,,,,,,,,,,67008,0,fc67b5b9a2d8c823e29b2d5c2dd6465388b731a6dccfb0feeb70cb674ab28be9,validation_007,1,6,1088625531,13,,
14,2.8000000000000003,A,ramp,True,False,90.80000000000013,18.0,0,maintain,0.0,0.0,84.0,20.0,0,0,maintain-maintain,0.0579160675406456,-0.04239855334162712,0.019568059593439102,0,0.0579160675406456,0.019568059593439102,0.0383480079472065,0.10031462088227272,"[true, true, true]",False,False,False,67008,0,fc67b5b9a2d8c823e29b2d5c2dd6465388b731a6dccfb0feeb70cb674ab28be9,validation_007,1,6,1088625531,13,,
14,2.8000000000000003,B,mainline,True,False,84.0,20.0,0,maintain,0.0,0.0,90.80000000000013,18.0,0,0,maintain-maintain,0.1670839786529541,-0.01759478449821472,0.019567441195249557,0,0.1670839786529541,0.019567441195249557,0.14751653745770454,0.18467876315116882,"[true, true, true]",False,False,False,67008,0,fc67b5b9a2d8c823e29b2d5c2dd6465388b731a6dccfb0feeb70cb674ab28be9,validation_007,1,6,1088625531,13,,
14,2.8000000000000003,B_front,background_mainline,True,,176.0,20.0,,,,,,,,,,,,,,,,,,,,,,67008,0,fc67b5b9a2d8c823e29b2d5c2dd6465388b731a6dccfb0feeb70cb674ab28be9,validation_007,1,6,1088625531,13,,
14,2.8000000000000003,B_rear,background_mainline,True,,55.05496583010487,17.830378655921983,,,,,,,,,,,,,,,,,,,,,,67008,0,fc67b5b9a2d8c823e29b2d5c2dd6465388b731a6dccfb0feeb70cb674ab28be9,validation_007,1,6,1088625531,13,,
15,3.0,A,ramp,True,False,94.40000000000015,18.0,0,maintain,0.0,0.0,88.0,20.0,0,0,maintain-maintain,0.05653657019138336,-0.04250788688659668,0.02065737545490265,0,0.05653657019138336,0.02065737545490265,0.03587919473648071,0.09904445707798004,"[true, true, true]",False,False,False,67008,0,fc67b5b9a2d8c823e29b2d5c2dd6465388b731a6dccfb0feeb70cb674ab28be9,validation_007,1,6,1088625531,13,,
15,3.0,B,mainline,True,False,88.0,20.0,0,maintain,0.0,0.0,94.40000000000015,18.0,0,0,maintain-maintain,0.16792361438274384,-0.017885610461235046,0.01972922496497631,0,0.16792361438274384,0.01972922496497631,0.14819438941776752,0.18580922484397888,"[true, true, true]",False,False,False,67008,0,fc67b5b9a2d8c823e29b2d5c2dd6465388b731a6dccfb0feeb70cb674ab28be9,validation_007,1,6,1088625531,13,,
15,3.0,B_front,background_mainline,True,,180.0,20.0,,,,,,,,,,,,,,,,,,,,,,67008,0,fc67b5b9a2d8c823e29b2d5c2dd6465388b731a6dccfb0feeb70cb674ab28be9,validation_007,1,6,1088625531,13,,
15,3.0,B_rear,background_mainline,True,,58.62032044288004,17.82386872025833,,,,,,,,,,,,,,,,,,,,,,67008,0,fc67b5b9a2d8c823e29b2d5c2dd6465388b731a6dccfb0feeb70cb674ab28be9,validation_007,1,6,1088625531,13,,
16,3.2,A,ramp,True,False,98.00000000000017,18.0,0,maintain,0.0,0.0,92.0,20.0,0,0,maintain-maintain,0.0551728755235672,-0.04254967346787453,0.021790988743305206,0,0.0551728755235672,0.021790988743305206,0.03338188678026199,0.09772254899144173,"[true, true, true]",False,False,False,67008,0,fc67b5b9a2d8c823e29b2d5c2dd6465388b731a6dccfb0feeb70cb674ab28be9,validation_007,1,6,1088625531,13,,
16,3.2,B,mainline,True,False,92.0,20.0,0,maintain,0.0,0.0,98.00000000000017,18.0,0,0,maintain-maintain,0.168747216463089,-0.017876125872135162,0.01975242607295513,0,0.168747216463089,0.01975242607295513,0.14899479039013386,0.18662334233522415,"[true, true, true]",False,False,False,67008,0,fc67b5b9a2d8c823e29b2d5c2dd6465388b731a6dccfb0feeb70cb674ab28be9,validation_007,1,6,1088625531,13,,
16,3.2,B_front,background_mainline,True,,184.0,20.0,,,,,,,,,,,,,,,,,,,,,,67008,0,fc67b5b9a2d8c823e29b2d5c2dd6465388b731a6dccfb0feeb70cb674ab28be9,validation_007,1,6,1088625531,13,,
16,3.2,B_rear,background_mainline,True,,62.18479725868787,17.82149249512178,,,,,,,,,,,,,,,,,,,,,,67008,0,fc67b5b9a2d8c823e29b2d5c2dd6465388b731a6dccfb0feeb70cb674ab28be9,validation_007,1,6,1088625531,13,,
17,3.4000000000000004,A,ramp,True,False,101.6000000000002,18.0,0,maintain,0.0,0.0,96.0,20.0,0,0,maintain-maintain,0.05380856245756149,-0.04258719086647034,0.022928763180971146,0,0.05380856245756149,0.022928763180971146,0.030879799276590347,0.09639575332403183,"[true, true, true]",False,False,False,67008,0,fc67b5b9a2d8c823e29b2d5c2dd6465388b731a6dccfb0feeb70cb674ab28be9,validation_007,1,6,1088625531,13,,
17,3.4000000000000004,B,mainline,True,False,96.0,20.0,0,maintain,0.0,0.0,101.6000000000002,18.0,0,0,maintain-maintain,0.16983625292778015,-0.017458796501159668,0.01940893940627575,0,0.16983625292778015,0.01940893940627575,0.1504273135215044,0.18729504942893982,"[true, true, true]",False,False,False,67008,0,fc67b5b9a2d8c823e29b2d5c2dd6465388b731a6dccfb0feeb70cb674ab28be9,validation_007,1,6,1088625531,13,,
17,3.4000000000000004,B_front,background_mainline,True,,188.0,20.0,,,,,,,,,,,,,,,,,,,,,,67008,0,fc67b5b9a2d8c823e29b2d5c2dd6465388b731a6dccfb0feeb70cb674ab28be9,validation_007,1,6,1088625531,13,,
17,3.4000000000000004,B_rear,background_mainline,True,,65.74915774430865,17.82261456794975,,,,,,,,,,,,,,,,,,,,,,67008,0,fc67b5b9a2d8c823e29b2d5c2dd6465388b731a6dccfb0feeb70cb674ab28be9,validation_007,1,6,1088625531,13,,
18,3.6,A,ramp,True,False,105.20000000000022,18.0,0,maintain,0.0,0.0,100.0,20.0,0,0,maintain-maintain,0.05257993936538696,-0.042766015976667404,0.024177540093660355,0,0.05257993936538696,0.024177540093660355,0.02840239927172661,0.09534595534205437,"[true, true, true]",False,False,False,67008,0,fc67b5b9a2d8c823e29b2d5c2dd6465388b731a6dccfb0feeb70cb674ab28be9,validation_007,1,6,1088625531,13,-0.28498987681756205,0.0
18,3.6,B,mainline,True,False,100.0,20.0,0,maintain,0.0,0.0,105.20000000000022,18.0,0,0,maintain-maintain,0.17120124399662018,-0.016775980591773987,0.0187674630433321,0,0.17120124399662018,0.0187674630433321,0.15243378095328808,0.18797722458839417,"[true, true, true]",False,False,False,67008,0,fc67b5b9a2d8c823e29b2d5c2dd6465388b731a6dccfb0feeb70cb674ab28be9,validation_007,1,6,1088625531,13,-0.28498987681756205,0.0
18,3.6,B_front,background_mainline,True,,192.0,20.0,,,,,,,,,,,,,,,,,,,,,,67008,0,fc67b5b9a2d8c823e29b2d5c2dd6465388b731a6dccfb0feeb70cb674ab28be9,validation_007,1,6,1088625531,13,,
18,3.6,B_rear,background_mainline,True,,69.31404664279964,17.82669990521531,,,,,,,,,,,,,,,,,,,,,,67008,0,fc67b5b9a2d8c823e29b2d5c2dd6465388b731a6dccfb0feeb70cb674ab28be9,validation_007,1,6,1088625531,13,,
19,3.8000000000000003,A,ramp,True,False,108.80000000000024,18.0,0,maintain,0.0,0.0,104.0,20.0,0,0,maintain-maintain,0.04435442388057709,-0.05664028227329254,-0.0053283460438251495,0,0.04435442388057709,-0.0053283460438251495,0.04968276992440224,0.10099470615386963,"[true, true, true]",True,True,False,67008,0,fc67b5b9a2d8c823e29b2d5c2dd6465388b731a6dccfb0feeb70cb674ab28be9,validation_007,1,6,1088625531,13,-0.7126296985600504,0.0
19,3.8000000000000003,B,mainline,True,False,104.0,20.0,0,maintain,0.0,0.0,108.80000000000024,18.0,0,0,maintain-maintain,0.153722882270813,-0.010887987911701202,0.02492603287100792,0,0.153722882270813,0.02492603287100792,0.12879684939980507,0.1646108701825142,"[true, true, true]",True,True,False,67008,0,fc67b5b9a2d8c823e29b2d5c2dd6465388b731a6dccfb0feeb70cb674ab28be9,validation_007,1,6,1088625531,13,-0.7126296985600504,0.0
19,3.8000000000000003,B_front,background_mainline,True,,196.0,20.0,,,,,,,,,,,,,,,,,,,,,,67008,0,fc67b5b9a2d8c823e29b2d5c2dd6465388b731a6dccfb0feeb70cb674ab28be9,validation_007,1,6,1088625531,13,,
19,3.8000000000000003,B_rear,background_mainline,True,,72.88001015572469,17.833295606636447,,,,,,,,,,,,,,,,,,,,,,67008,0,fc67b5b9a2d8c823e29b2d5c2dd6465388b731a6dccfb0feeb70cb674ab28be9,validation_007,1,6,1088625531,13,,
0,0.0,A,mainline,True,False,38.4,16.0,0,maintain,0.0,0.0,29.599999999999994,18.0,0,0,maintain-maintain,0.040656447410583496,-0.08011655509471893,-0.02370515465736389,0,0.040656447410583496,-0.02370515465736389,0.06436160206794739,0.12077300250530243,"[true, true, true]",False,False,False,67008,0,fc67b5b9a2d8c823e29b2d5c2dd6465388b731a6dccfb0feeb70cb674ab28be9,validation_008,0,7,1144094226,14,,
0,0.0,B,ramp,True,False,29.599999999999994,18.0,0,maintain,0.0,0.0,38.4,16.0,0,0,maintain-maintain,0.13169123232364655,-0.02134963870048523,-0.09326884895563126,0,0.13169123232364655,-0.02134963870048523,0.15304087102413177,0.2249600812792778,"[true, true, true]",False,False,False,67008,0,fc67b5b9a2d8c823e29b2d5c2dd6465388b731a6dccfb0feeb70cb674ab28be9,validation_008,0,7,1144094226,14,,
0,0.0,B_front,background_mainline,True,,108.0,20.0,,,,,,,,,,,,,,,,,,,,,,67008,0,fc67b5b9a2d8c823e29b2d5c2dd6465388b731a6dccfb0feeb70cb674ab28be9,validation_008,0,7,1144094226,14,,
0,0.0,B_rear,background_mainline,True,,9.490854699893537,18.965931983561415,,,,,,,,,,,,,,,,,,,,,,67008,0,fc67b5b9a2d8c823e29b2d5c2dd6465388b731a6dccfb0feeb70cb674ab28be9,validation_008,0,7,1144094226,14,,
1,0.2,A,mainline,True,False,41.59999999999999,16.0,0,maintain,0.0,0.0,33.19999999999999,18.0,0,0,maintain-maintain,0.039198532700538635,-0.0772552639245987,-0.021580830216407776,0,0.039198532700538635,-0.021580830216407776,0.06077936291694641,0.11645379662513733,"[true, true, true]",False,False,False,67008,0,fc67b5b9a2d8c823e29b2d5c2dd6465388b731a6dccfb0feeb70cb674ab28be9,validation_008,0,7,1144094226,14,,
1,0.2,B,ramp,True,False,33.19999999999999,18.0,0,maintain,0.0,0.0,41.59999999999999,16.0,0,0,maintain-maintain,0.1324959397315979,-0.021197609603405,-0.09216596186161041,0,0.1324959397315979,-0.021197609603405,0.1536935493350029,0.2246619015932083,"[true, true, true]",False,False,False,67008,0,fc67b5b9a2d8c823e29b2d5c2dd6465388b731a6dccfb0feeb70cb674ab28be9,validation_008,0,7,1144094226,14,,
1,0.2,B_front,background_mainline,True,,112.0,20.0,,,,,,,,,,,,,,,,,,,,,,67008,0,fc67b5b9a2d8c823e29b2d5c2dd6465388b731a6dccfb0feeb70cb674ab28be9,validation_008,0,7,1144094226,14,,
1,0.2,B_rear,background_mainline,True,,13.20600045072223,18.22040287677284,,,,,,,,,,,,,,,,,,,,,,67008,0,fc67b5b9a2d8c823e29b2d5c2dd6465388b731a6dccfb0feeb70cb674ab28be9,validation_008,0,7,1144094226,14,,
2,0.4,A,mainline,True,False,44.799999999999976,16.0,0,maintain,0.0,0.0,36.79999999999998,18.0,0,0,maintain-maintain,0.03791099041700363,-0.07505519688129425,-0.019869476556777954,0,0.03791099041700363,-0.019869476556777954,0.057780466973781586,0.11296618729829788,"[true, true, true]",False,False,False,67008,0,fc67b5b9a2d8c823e29b2d5c2dd6465388b731a6dccfb0feeb70cb674ab28be9,validation_008,0,7,1144094226,14,,
2,0.4,B,ramp,True,False,36.79999999999998,18.0,0,maintain,0.0,0.0,44.799999999999976,16.0,0,0,maintain-maintain,0.13352304697036743,-0.02115286886692047,-0.09110961854457855,0,0.13352304697036743,-0.02115286886692047,0.1546759158372879,0.22463266551494598,"[true, true, true]",False,False,False,67008,0,fc67b5b9a2d8c823e29b2d5c2dd6465388b731a6dccfb0feeb70cb674ab28be9,validation_008,0,7,1144094226,14,,
2,0.4,B_front,background_mainline,True,,116.0,20.0,,,,,,,,,,,,,,,,,,,,,,67008,0,fc67b5b9a2d8c823e29b2d5c2dd6465388b731a6dccfb0feeb70cb674ab28be9,validation_008,0,7,1144094226,14,,
2,0.4,B_rear,background_mainline,True,,16.79149391890783,17.657671806215454,,,,,,,,,,,,,,,,,,,,,,67008,0,fc67b5b9a2d8c823e29b2d5c2dd6465388b731a6dccfb0feeb70cb674ab28be9,validation_008,0,7,1144094226,14,,
3,0.6000000000000001,A,mainline,True,False,47.999999999999964,16.0,0,maintain,0.0,0.0,40.39999999999998,18.0,0,0,maintain-maintain,0.03672471642494202,-0.0734529197216034,-0.018448293209075928,0,0.03672471642494202,-0.018448293209075928,0.055173009634017944,0.11017763614654541,"[true, true, true]",False,False,False,67008,0,fc67b5b9a2d8c823e29b2d5c2dd6465388b731a6dccfb0feeb70cb674ab28be9,validation_008,0,7,1144094226,14,,
3,0.6000000000000001,B,ramp,True,False,40.39999999999998,18.0,0,maintain,0.0,0.0,47.999999999999964,16.0,0,0,maintain-maintain,0.1346484124660492,-0.021129310131072998,-0.09013974666595459,0,0.1346484124660492,-0.021129310131072998,0.1557777225971222,0.22478815913200378,"[true, true, true]",False,False,False,67008,0,fc67b5b9a2d8c823e29b2d5c2dd6465388b731a6dccfb0feeb70cb674ab28be9,validation_008,0,7,1144094226,14,,
3,0.6000000000000001,B_front,background_mainline,True,,120.0,20.0,,,,,,,,,,,,,,,,,,,,,,67008,0,fc67b5b9a2d8c823e29b2d5c2dd6465388b731a6dccfb0feeb70cb674ab28be9,validation_008,0,7,1144094226,14,,
3,0.6000000000000001,B_rear,background_mainline,True,,20.27760368914112,17.219720820791732,,,,,,,,,,,,,,,,,,,,,,67008,0,fc67b5b9a2d8c823e29b2d5c2dd6465388b731a6dccfb0feeb70cb674ab28be9,validation_008,0,7,1144094226,14,,
4,0.8,A,mainline,True,False,51.19999999999995,16.0,0,maintain,0.0,0.0,43.99999999999997,18.0,0,0,maintain-maintain,0.03561009466648102,-0.07210540026426315,-0.017196938395500183,0,0.03561009466648102,-0.017196938395500183,0.0528070330619812,0.10771549493074417,"[true, true, true]",False,False,False,67008,0,fc67b5b9a2d8c823e29b2d5c2dd6465388b731a6dccfb0feeb70cb674ab28be9,validation_008,0,7,1144094226,14,,
4,0.8,B,ramp,True,False,43.99999999999997,18.0,0,maintain,0.0,0.0,51.19999999999995,16.0,0,0,maintain-maintain,0.13580107688903809,-0.02107589691877365,-0.08928132057189941,0,0.13580107688903809,-0.02107589691877365,0.15687697380781174,0.2250823974609375,"[true, true, true]",False,False,False,67008,0,fc67b5b9a2d8c823e29b2d5c2dd6465388b731a6dccfb0feeb70cb674ab28be9,validation_008,0,7,1144094226,14,,
4,0.8,B_front,background_mainline,True,,124.0,20.0,,,,,,,,,,,,,,,,,,,,,,67008,0,fc67b5b9a2d8c823e29b2d5c2dd6465388b731a6dccfb0feeb70cb674ab28be9,validation_008,0,7,1144094226,14,,
4,0.8,B_rear,background_mainline,True,,23.685525156927344,16.871472593617604,,,,,,,,,,,,,,,,,,,,,,67008,0,fc67b5b9a2d8c823e29b2d5c2dd6465388b731a6dccfb0feeb70cb674ab28be9,validation_008,0,7,1144094226,14,,
5,1.0,A,mainline,True,False,54.39999999999994,16.0,0,maintain,0.0,0.0,47.599999999999966,18.0,0,0,maintain-maintain,0.0345461443066597,-0.07094091922044754,-0.01606668531894684,0,0.0345461443066597,-0.01606668531894684,0.05061282962560654,0.10548706352710724,"[true, true, true]",False,False,False,67008,0,fc67b5b9a2d8c823e29b2d5c2dd6465388b731a6dccfb0feeb70cb674ab28be9,validation_008,0,7,1144094226,14,,
5,1.0,B,ramp,True,False,47.599999999999966,18.0,0,maintain,0.0,0.0,54.39999999999994,16.0,0,0,maintain-maintain,0.13697361946105957,-0.021001994609832764,-0.08850354701280594,0,0.13697361946105957,-0.021001994609832764,0.15797561407089233,0.2254771664738655,"[true, true, true]",False,False,False,67008,0,fc67b5b9a2d8c823e29b2d5c2dd6465388b731a6dccfb0feeb70cb674ab28be9,validation_008,0,7,1144094226,14,,
5,1.0,B_front,background_mainline,True,,128.0,20.0,,,,,,,,,,,,,,,,,,,,,,67008,0,fc67b5b9a2d8c823e29b2d5c2dd6465388b731a6dccfb0feeb70cb674ab28be9,validation_008,0,7,1144094226,14,,
5,1.0,B_rear,background_mainline,True,,27.030783353853565,16.590204737179807,,,,,,,,,,,,,,,,,,,,,,67008,0,fc67b5b9a2d8c823e29b2d5c2dd6465388b731a6dccfb0feeb70cb674ab28be9,validation_008,0,7,1144094226,14,,
6,1.2000000000000002,A,mainline,True,False,57.59999999999993,16.0,0,maintain,0.0,0.0,51.19999999999996,18.0,0,0,maintain-maintain,0.03352277725934982,-0.06988868862390518,-0.014995627105236053,0,0.03352277725934982,-0.014995627105236053,0.048518404364585876,0.103411465883255,"[true, true, true]",False,False,False,67008,0,fc67b5b9a2d8c823e29b2d5c2dd6465388b731a6dccfb0feeb70cb674ab28be9,validation_008,0,7,1144094226,14,,
6,1.2000000000000002,B,ramp,True,False,51.19999999999996,18.0,0,maintain,0.0,0.0,57.59999999999993,16.0,0,0,maintain-maintain,0.13816116750240326,-0.02091333270072937,-0.08778633177280426,0,0.13816116750240326,-0.02091333270072937,0.15907450020313263,0.22594749927520752,"[true, true, true]",False,False,False,67008,0,fc67b5b9a2d8c823e29b2d5c2dd6465388b731a6dccfb0feeb70cb674ab28be9,validation_008,0,7,1144094226,14,,
6,1.2000000000000002,B_front,background_mainline,True,,132.0,20.0,,,,,,,,,,,,,,,,,,,,,,67008,0,fc67b5b9a2d8c823e29b2d5c2dd6465388b731a6dccfb0feeb70cb674ab28be9,validation_008,0,7,1144094226,14,,
6,1.2000000000000002,B_rear,background_mainline,True,,30.32513735507926,16.36041685778437,,,,,,,,,,,,,,,,,,,,,,67008,0,fc67b5b9a2d8c823e29b2d5c2dd6465388b731a6dccfb0feeb70cb674ab28be9,validation_008,0,7,1144094226,14,,
7,1.4000000000000001,A,mainline,True,False,60.79999999999992,16.0,0,maintain,0.0,0.0,54.799999999999955,18.0,0,0,maintain-maintain,0.03250722587108612,-0.06880414485931396,-0.013763323426246643,0,0.03250722587108612,-0.013763323426246643,0.046270549297332764,0.10131137073040009,"[true, true, true]",False,False,False,67008,0,fc67b5b9a2d8c823e29b2d5c2dd6465388b731a6dccfb0feeb70cb674ab28be9,validation_008,0,7,1144094226,14,,
7,1.4000000000000001,B,ramp,True,False,54.799999999999955,18.0,0,maintain,0.0,0.0,60.79999999999992,16.0,0,0,maintain-maintain,0.138997420668602,-0.020417004823684692,-0.08737504482269287,0,0.138997420668602,-0.020417004823684692,0.15941442549228668,0.22637246549129486,"[true, true, true]",False,False,False,67008,0,fc67b5b9a2d8c823e29b2d5c2dd6465388b731a6dccfb0feeb70cb674ab28be9,validation_008,0,7,1144094226,14,,
7,1.4000000000000001,B_front,background_mainline,True,,136.0,20.0,,,,,,,,,,,,,,,,,,,,,,67008,0,fc67b5b9a2d8c823e29b2d5c2dd6465388b731a6dccfb0feeb70cb674ab28be9,validation_008,0,7,1144094226,14,,
7,1.4000000000000001,B_rear,background_mainline,True,,33.57772666594771,16.171100887956097,,,,,,,,,,,,,,,,,,,,,,67008,0,fc67b5b9a2d8c823e29b2d5c2dd6465388b731a6dccfb0feeb70cb674ab28be9,validation_008,0,7,1144094226,14,,
8,1.6,A,mainline,True,False,63.99999999999991,16.0,0,maintain,0.0,0.0,58.39999999999995,18.0,0,0,maintain-maintain,0.03138462454080582,-0.06789730489253998,-0.012532919645309448,0,0.03138462454080582,-0.012532919645309448,0.043917544186115265,0.0992819294333458,"[true, true, true]",False,False,False,67008,0,fc67b5b9a2d8c823e29b2d5c2dd6465388b731a6dccfb0feeb70cb674ab28be9,validation_008,0,7,1144094226,14,,
8,1.6,B,ramp,True,False,58.39999999999995,18.0,0,maintain,0.0,0.0,63.99999999999991,16.0,0,0,maintain-maintain,0.1387278288602829,-0.019705072045326233,-0.0875156819820404,0,0.1387278288602829,-0.019705072045326233,0.15843290090560913,0.2262435108423233,"[true, true, true]",False,False,False,67008,0,fc67b5b9a2d8c823e29b2d5c2dd6465388b731a6dccfb0feeb70cb674ab28be9,validation_008,0,7,1144094226,14,,
8,1.6,B_front,background_mainline,True,,140.0,20.0,,,,,,,,,,,,,,,,,,,,,,67008,0,fc67b5b9a2d8c823e29b2d5c2dd6465388b731a6dccfb0feeb70cb674ab28be9,validation_008,0,7,1144094226,14,,
8,1.6,B_rear,background_mainline,True,,36.79580108635068,16.01418324038585,,,,,,,,,,,,,,,,,,,,,,67008,0,fc67b5b9a2d8c823e29b2d5c2dd6465388b731a6dccfb0feeb70cb674ab28be9,validation_008,0,7,1144094226,14,,
9,1.8,A,mainline,True,False,67.1999999999999,16.0,0,maintain,0.0,0.0,61.99999999999994,18.0,0,0,maintain-maintain,0.030009083449840546,-0.06695044785737991,-0.01147451251745224,0,0.030009083449840546,-0.01147451251745224,0.041483595967292786,0.09695953130722046,"[true, true, true]",False,False,False,67008,0,fc67b5b9a2d8c823e29b2d5c2dd6465388b731a6dccfb0feeb70cb674ab28be9,validation_008,0,7,1144094226,14,,
9,1.8,B,ramp,True,False,61.99999999999994,18.0,0,maintain,0.0,0.0,67.1999999999999,16.0,0,0,maintain-maintain,0.13829708099365234,-0.01835617423057556,-0.08787153661251068,0,0.13829708099365234,-0.01835617423057556,0.1566532552242279,0.22616861760616302,"[true, true, true]",False,False,False,67008,0,fc67b5b9a2d8c823e29b2d5c2dd6465388b731a6dccfb0feeb70cb674ab28be9,validation_008,0,7,1144094226,14,,
9,1.8,B_front,background_mainline,True,,144.0,20.0,,,,,,,,,,,,,,,,,,,,,,67008,0,fc67b5b9a2d8c823e29b2d5c2dd6465388b731a6dccfb0feeb70cb674ab28be9,validation_008,0,7,1144094226,14,,
9,1.8,B_rear,background_mainline,True,,39.9852065678639,15.883584563184659,,,,,,,,,,,,,,,,,,,,,,67008,0,fc67b5b9a2d8c823e29b2d5c2dd6465388b731a6dccfb0feeb70cb674ab28be9,validation_008,0,7,1144094226,14,,
10,2.0,A,mainline,True,False,70.39999999999989,16.0,0,maintain,0.0,0.0,65.59999999999995,18.0,0,0,maintain-maintain,0.028360262513160706,-0.06598614901304245,-0.01056196540594101,0,0.028360262513160706,-0.01056196540594101,0.038922227919101715,0.09434641152620316,"[true, true, true]",False,False,False,67008,0,fc67b5b9a2d8c823e29b2d5c2dd6465388b731a6dccfb0feeb70cb674ab28be9,validation_008,0,7,1144094226,14,,
10,2.0,B,ramp,True,False,65.59999999999995,18.0,0,maintain,0.0,0.0,70.39999999999989,16.0,0,0,maintain-maintain,0.1378498375415802,-0.016283124685287476,-0.08843418210744858,0,0.1378498375415802,-0.016283124685287476,0.15413296222686768,0.22628401964902878,"[true, true, true]",False,False,False,67008,0,fc67b5b9a2d8c823e29b2d5c2dd6465388b731a6dccfb0feeb70cb674ab28be9,validation_008,0,7,1144094226,14,,
10,2.0,B_front,background_mainline,True,,148.0,20.0,,,,,,,,,,,,,,,,,,,,,,67008,0,fc67b5b9a2d8c823e29b2d5c2dd6465388b731a6dccfb0feeb70cb674ab28be9,validation_008,0,7,1144094226,14,,
10,2.0,B_rear,background_mainline,True,,43.150720614232604,15.77462581929039,,,,,,,,,,,,,,,,,,,,,,67008,0,fc67b5b9a2d8c823e29b2d5c2dd6465388b731a6dccfb0feeb70cb674ab28be9,validation_008,0,7,1144094226,14,,
11,2.2,A,mainline,True,False,73.59999999999988,16.0,0,maintain,0.0,0.0,69.19999999999997,18.0,0,0,maintain-maintain,0.026734136044979095,-0.06506375223398209,-0.009682204574346542,0,0.026734136044979095,-0.009682204574346542,0.03641634061932564,0.09179788827896118,"[true, true, true]",False,False,False,67008,0,fc67b5b9a2d8c823e29b2d5c2dd6465388b731a6dccfb0feeb70cb674ab28be9,validation_008,0,7,1144094226,14,,
11,2.2,B,ramp,True,False,69.19999999999997,18.0,0,maintain,0.0,0.0,73.59999999999988,16.0,0,0,maintain-maintain,0.13740965723991394,-0.014208368957042694,-0.08901560306549072,0,0.13740965723991394,-0.014208368957042694,0.15161802619695663,0.22642526030540466,"[true, true, true]",False,False,False,67008,0,fc67b5b9a2d8c823e29b2d5c2dd6465388b731a6dccfb0feeb70cb674ab28be9,validation_008,0,7,1144094226,14,,
11,2.2,B_front,background_mainline,True,,152.0,20.0,,,,,,,,,,,,,,,,,,,,,,67008,0,fc67b5b9a2d8c823e29b2d5c2dd6465388b731a6dccfb0feeb70cb674ab28be9,validation_008,0,7,1144094226,14,,
11,2.2,B_rear,background_mainline,True,,46.29629093022773,15.683638668176437,,,,,,,,,,,,,,,,,,,,,,67008,0,fc67b5b9a2d8c823e29b2d5c2dd6465388b731a6dccfb0feeb70cb674ab28be9,validation_008,0,7,1144094226,14,,
12,2.4000000000000004,A,mainline,True,False,76.79999999999987,16.0,0,maintain,0.0,0.0,72.8,18.0,0,0,maintain-maintain,0.025126799941062927,-0.06417609751224518,-0.008829649537801743,0,0.025126799941062927,-0.008829649537801743,0.03395644947886467,0.0893028974533081,"[true, true, true]",False,False,False,67008,0,fc67b5b9a2d8c823e29b2d5c2dd6465388b731a6dccfb0feeb70cb674ab28be9,validation_008,0,7,1144094226,14,,
12,2.4000000000000004,B,ramp,True,False,72.8,18.0,0,maintain,0.0,0.0,76.79999999999987,16.0,0,0,maintain-maintain,0.13697534799575806,-0.012132212519645691,-0.08961261808872223,0,0.13697534799575806,-0.012132212519645691,0.14910756051540375,0.22658796608448029,"[true, true, true]",False,False,False,67008,0,fc67b5b9a2d8c823e29b2d5c2dd6465388b731a6dccfb0feeb70cb674ab28be9,validation_008,0,7,1144094226,14,,
12,2.4000000000000004,B_front,background_mainline,True,,156.0,20.0,,,,,,,,,,,,,,,,,,,,,,67008,0,fc67b5b9a2d8c823e29b2d5c2dd6465388b731a6dccfb0feeb70cb674ab28be9,validation_008,0,7,1144094226,14,,
12,2.4000000000000004,B_rear,background_mainline,True,,49.42520963079524,15.607701574331575,,,,,,,,,,,,,,,,,,,,,,67008,0,fc67b5b9a2d8c823e29b2d5c2dd6465388b731a6dccfb0feeb70cb674ab28be9,validation_008,0,7,1144094226,14,,
13,2.6,A,mainline,True,False,79.99999999999986,16.0,0,maintain,0.0,0.0,76.40000000000002,18.0,0,0,maintain-maintain,0.023683607578277588,-0.06358619034290314,-0.008206721395254135,0,0.023683607578277588,-0.008206721395254135,0.03189032897353172,0.08726979792118073,"[true, true, true]",False,False,False,67008,0,fc67b5b9a2d8c823e29b2d5c2dd6465388b731a6dccfb0feeb70cb674ab28be9,validation_008,0,7,1144094226,14,,
13,2.6,B,ramp,True,False,76.40000000000002,18.0,0,maintain,0.0,0.0,79.99999999999986,16.0,0,0,maintain-maintain,0.13654595613479614,-0.01005488634109497,-0.09022273868322372,0,0.13654595613479614,-0.01005488634109497,0.1466008424758911,0.22676869481801987,"[true, true, true]",False,False,False,67008,0,fc67b5b9a2d8c823e29b2d5c2dd6465388b731a6dccfb0feeb70cb674ab28be9,validation_008,0,7,1144094226,14,,
13,2.6,B_front,background_mainline,True,,160.0,20.0,,,,,,,,,,,,,,,,,,,,,,67008,0,fc67b5b9a2d8c823e29b2d5c2dd6465388b731a6dccfb0feeb70cb674ab28be9,validation_008,0,7,1144094226,14,,
13,2.6,B_rear,background_mainline,True,,52.5402432318834,15.5444561112083,,,,,,,,,,,,,,,,,,,,,,67008,0,fc67b5b9a2d8c823e29b2d5c2dd6465388b731a6dccfb0feeb70cb674ab28be9,validation_008,0,7,1144094226,14,,
14,2.8000000000000003,A,mainline,True,False,83.19999999999985,16.0,0,maintain,0.0,0.0,80.00000000000004,18.0,0,0,maintain-maintain,0.022142231464385986,-0.06314872950315475,-0.0076327696442604065,0,0.022142231464385986,-0.0076327696442604065,0.029775001108646393,0.08529096096754074,"[true, true, true]",False,False,False,67008,0,fc67b5b9a2d8c823e29b2d5c2dd6465388b731a6dccfb0feeb70cb674ab28be9,validation_008,0,7,1144094226,14,,
14,2.8000000000000003,B,ramp,True,False,80.00000000000004,18.0,0,maintain,0.0,0.0,83.19999999999985,16.0,0,0,maintain-maintain,0.13604103028774261,-0.00787016749382019,-0.09020015597343445,0,0.13604103028774261,-0.00787016749382019,0.1439111977815628,0.22624118626117706,"[true, true, true]",False,False,False,67008,0,fc67b5b9a2d8c823e29b2d5c2dd6465388b731a6dccfb0feeb70cb674ab28be9,validation_008,0,7,1144094226,14,,
14,2.8000000000000003,B_front,background_mainline,True,,164.0,20.0,,,,,,,,,,,,,,,,,,,,,,67008,0,fc67b5b9a2d8c823e29b2d5c2dd6465388b731a6dccfb0feeb70cb674ab28be9,validation_008,0,7,1144094226,14,,
14,2.8000000000000003,B_rear,background_mainline,True,,55.64373150958938,15.491976018116178,,,,,,,,,,,,,,,,,,,,,,67008,0,fc67b5b9a2d8c823e29b2d5c2dd6465388b731a6dccfb0feeb70cb674ab28be9,validation_008,0,7,1144094226,14,,
15,3.0,A,mainline,True,False,86.39999999999984,16.0,0,maintain,0.0,0.0,83.60000000000007,18.0,0,0,maintain-maintain,0.02049092948436737,-0.06279316544532776,-0.007063031196594238,0,0.02049092948436737,-0.007063031196594238,0.02755396068096161,0.08328409492969513,"[true, true, true]",False,False,False,67008,0,fc67b5b9a2d8c823e29b2d5c2dd6465388b731a6dccfb0feeb70cb674ab28be9,validation_008,0,7,1144094226,14,,
15,3.0,B,ramp,True,False,83.60000000000007,18.0,0,maintain,0.0,0.0,86.39999999999984,16.0,0,0,maintain-maintain,0.135439932346344,-0.005547709763050079,-0.08936500549316406,0,0.135439932346344,-0.005547709763050079,0.14098764210939407,0.22480493783950806,"[true, true, true]",False,False,False,67008,0,fc67b5b9a2d8c823e29b2d5c2dd6465388b731a6dccfb0feeb70cb674ab28be9,validation_008,0,7,1144094226,14,,
15,3.0,B_front,background_mainline,True,,168.0,20.0,,,,,,,,,,,,,,,,,,,,,,67008,0,fc67b5b9a2d8c823e29b2d5c2dd6465388b731a6dccfb0feeb70cb674ab28be9,validation_008,0,7,1144094226,14,,
15,3.0,B_rear,background_mainline,True,,58.73766394563039,15.448671899389609,,,,,,,,,,,,,,,,,,,,,,67008,0,fc67b5b9a2d8c823e29b2d5c2dd6465388b731a6dccfb0feeb70cb674ab28be9,validation_008,0,7,1144094226,14,,
16,3.2,A,mainline,True,False,89.59999999999982,16.0,0,maintain,0.0,0.0,87.20000000000009,18.0,0,0,maintain-maintain,0.018845655024051666,-0.06246455758810043,-0.00651269406080246,0,0.018845655024051666,-0.00651269406080246,0.025358349084854126,0.0813102126121521,"[true, true, true]",False,False,False,67008,0,fc67b5b9a2d8c823e29b2d5c2dd6465388b731a6dccfb0feeb70cb674ab28be9,validation_008,0,7,1144094226,14,,
16,3.2,B,ramp,True,False,87.20000000000009,18.0,0,maintain,0.0,0.0,89.59999999999982,16.0,0,0,maintain-maintain,0.1350383758544922,-0.0034966468811035156,-0.08904218673706055,0,0.1350383758544922,-0.0034966468811035156,0.1385350227355957,0.22408056259155273,"[true, true, true]",False,False,False,67008,0,fc67b5b9a2d8c823e29b2d5c2dd6465388b731a6dccfb0feeb70cb674ab28be9,validation_008,0,7,1144094226,14,,
16,3.2,B_front,background_mainline,True,,172.0,20.0,,,,,,,,,,,,,,,,,,,,,,67008,0,fc67b5b9a2d8c823e29b2d5c2dd6465388b731a6dccfb0feeb70cb674ab28be9,validation_008,0,7,1144094226,14,,
16,3.2,B_rear,background_mainline,True,,61.823739715371254,15.41322057723825,,,,,,,,,,,,,,,,,,,,,,67008,0,fc67b5b9a2d8c823e29b2d5c2dd6465388b731a6dccfb0feeb70cb674ab28be9,validation_008,0,7,1144094226,14,,
17,3.4000000000000004,A,mainline,True,False,92.79999999999981,16.0,0,maintain,0.0,0.0,90.80000000000011,18.0,0,0,maintain-maintain,0.017289310693740845,-0.062167830765247345,-0.005948476493358612,0,0.017289310693740845,-0.005948476493358612,0.023237787187099457,0.07945714145898819,"[true, true, true]",False,False,False,67008,0,fc67b5b9a2d8c823e29b2d5c2dd6465388b731a6dccfb0feeb70cb674ab28be9,validation_008,0,7,1144094226,14,,
17,3.4000000000000004,B,ramp,True,False,90.80000000000011,18.0,0,maintain,0.0,0.0,92.79999999999981,16.0,0,0,maintain-maintain,0.13517729938030243,-0.002256244421005249,-0.08953725546598434,0,0.13517729938030243,-0.002256244421005249,0.13743354380130768,0.22471455484628677,"[true, true, true]",False,False,False,67008,0,fc67b5b9a2d8c823e29b2d5c2dd6465388b731a6dccfb0feeb70cb674ab28be9,validation_008,0,7,1144094226,14,,
17,3.4000000000000004,B_front,background_mainline,True,,176.0,20.0,,,,,,,,,,,,,,,,,,,,,,67008,0,fc67b5b9a2d8c823e29b2d5c2dd6465388b731a6dccfb0feeb70cb674ab28be9,validation_008,0,7,1144094226,14,,
17,3.4000000000000004,B_rear,background_mainline,True,,64.90341537924611,15.384511855578438,,,,,,,,,,,,,,,,,,,,,,67008,0,fc67b5b9a2d8c823e29b2d5c2dd6465388b731a6dccfb0feeb70cb674ab28be9,validation_008,0,7,1144094226,14,,
18,3.6,A,mainline,True,False,95.9999999999998,16.0,0,maintain,0.0,0.0,94.40000000000013,18.0,0,0,maintain-maintain,0.015817493200302124,-0.061906397342681885,-0.0053739994764328,0,0.015817493200302124,-0.0053739994764328,0.021191492676734924,0.07772389054298401,"[true, true, true]",False,False,False,67008,0,fc67b5b9a2d8c823e29b2d5c2dd6465388b731a6dccfb0feeb70cb674ab28be9,validation_008,0,7,1144094226,14,,
18,3.6,B,ramp,True,False,94.40000000000013,18.0,0,maintain,0.0,0.0,95.9999999999998,16.0,0,0,maintain-maintain,0.13581876456737518,-0.0013536065816879272,-0.09011195600032806,0,0.13581876456737518,-0.0013536065816879272,0.1371723711490631,0.22593072056770325,"[true, true, true]",False,False,False,67008,0,fc67b5b9a2d8c823e29b2d5c2dd6465388b731a6dccfb0feeb70cb674ab28be9,validation_008,0,7,1144094226,14,,
18,3.6,B_front,background_mainline,True,,180.0,20.0,,,,,,,,,,,,,,,,,,,,,,67008,0,fc67b5b9a2d8c823e29b2d5c2dd6465388b731a6dccfb0feeb70cb674ab28be9,validation_008,0,7,1144094226,14,,
18,3.6,B_rear,background_mainline,True,,67.97794324213748,15.361607809883507,,,,,,,,,,,,,,,,,,,,,,67008,0,fc67b5b9a2d8c823e29b2d5c2dd6465388b731a6dccfb0feeb70cb674ab28be9,validation_008,0,7,1144094226,14,,
19,3.8000000000000003,A,mainline,True,False,99.19999999999979,16.0,0,maintain,0.0,0.0,98.00000000000016,18.0,0,0,maintain-maintain,0.014819204807281494,-0.06207774206995964,-0.004674099385738373,0,0.014819204807281494,-0.004674099385738373,0.019493304193019867,0.07689694687724113,"[true, true, true]",False,False,False,67008,0,fc67b5b9a2d8c823e29b2d5c2dd6465388b731a6dccfb0feeb70cb674ab28be9,validation_008,0,7,1144094226,14,,
19,3.8000000000000003,B,ramp,True,False,98.00000000000016,18.0,0,maintain,0.0,0.0,99.19999999999979,16.0,0,0,maintain-maintain,0.1365848183631897,-0.0002919137477874756,-0.09066030383110046,0,0.1365848183631897,-0.0002919137477874756,0.13687673211097717,0.22724512219429016,"[true, true, true]",False,False,False,67008,0,fc67b5b9a2d8c823e29b2d5c2dd6465388b731a6dccfb0feeb70cb674ab28be9,validation_008,0,7,1144094226,14,,
19,3.8000000000000003,B_front,background_mainline,True,,184.0,20.0,,,,,,,,,,,,,,,,,,,,,,67008,0,fc67b5b9a2d8c823e29b2d5c2dd6465388b731a6dccfb0feeb70cb674ab28be9,validation_008,0,7,1144094226,14,,
19,3.8000000000000003,B_rear,background_mainline,True,,71.04840253054955,15.343711239868192,,,,,,,,,,,,,,,,,,,,,,67008,0,fc67b5b9a2d8c823e29b2d5c2dd6465388b731a6dccfb0feeb70cb674ab28be9,validation_008,0,7,1144094226,14,,
20,4.0,A,mainline,True,False,102.39999999999978,16.0,0,maintain,0.0,0.0,101.60000000000018,18.0,0,0,maintain-maintain,0.01392848789691925,-0.06230904534459114,-0.004011362791061401,0,0.01392848789691925,-0.004011362791061401,0.017939850687980652,0.07623753324151039,"[true, true, true]",False,False,False,67008,0,fc67b5b9a2d8c823e29b2d5c2dd6465388b731a6dccfb0feeb70cb674ab28be9,validation_008,0,7,1144094226,14,,
20,4.0,B,ramp,True,False,101.60000000000018,18.0,0,maintain,0.0,0.0,102.39999999999978,16.0,0,0,maintain-maintain,0.13732829689979553,0.0008552521467208862,-0.09123662114143372,0,0.13732829689979553,0.0008552521467208862,0.13647304475307465,0.22856491804122925,"[true, true, true]",False,False,False,67008,0,fc67b5b9a2d8c823e29b2d5c2dd6465388b731a6dccfb0feeb70cb674ab28be9,validation_008,0,7,1144094226,14,,
20,4.0,B_front,background_mainline,True,,188.0,20.0,,,,,,,,,,,,,,,,,,,,,,67008,0,fc67b5b9a2d8c823e29b2d5c2dd6465388b731a6dccfb0feeb70cb674ab28be9,validation_008,0,7,1144094226,14,,
20,4.0,B_rear,background_mainline,True,,74.11572497155953,15.330140926367468,,,,,,,,,,,,,,,,,,,,,,67008,0,fc67b5b9a2d8c823e29b2d5c2dd6465388b731a6dccfb0feeb70cb674ab28be9,validation_008,0,7,1144094226,14,,
21,4.2,A,mainline,True,False,105.59999999999977,16.0,0,maintain,0.0,0.0,105.2000000000002,18.0,0,0,maintain-maintain,0.013303138315677643,-0.06277451664209366,-0.0035013295710086823,0,0.013303138315677643,-0.0035013295710086823,0.016804467886686325,0.0760776549577713,"[true, true, true]",True,True,False,67008,0,fc67b5b9a2d8c823e29b2d5c2dd6465388b731a6dccfb0feeb70cb674ab28be9,validation_008,0,7,1144094226,14,-4.821866963179346,0.0
21,4.2,B,ramp,True,False,105.2000000000002,18.0,0,maintain,0.0,0.0,105.59999999999977,16.0,0,0,maintain-maintain,0.13807687163352966,0.0020262300968170166,-0.0918160229921341,0,0.13807687163352966,0.0020262300968170166,0.13605064153671265,0.22989289462566376,"[true, true, true]",True,True,False,67008,0,fc67b5b9a2d8c823e29b2d5c2dd6465388b731a6dccfb0feeb70cb674ab28be9,validation_008,0,7,1144094226,14,-4.821866963179346,0.0
21,4.2,B_front,background_mainline,True,,191.0,20.0,,,,,,,,,,,,,,,,,,,,,,67008,0,fc67b5b9a2d8c823e29b2d5c2dd6465388b731a6dccfb0feeb70cb674ab28be9,validation_008,0,7,1144094226,14,,
21,4.2,B_rear,background_mainline,True,,76.41789830062376,15.387130765549852,,,,,,,,,,,,,,,,,,,,,,67008,0,fc67b5b9a2d8c823e29b2d5c2dd6465388b731a6dccfb0feeb70cb674ab28be9,validation_008,0,7,1144094226,14,,
0,0.0,A,ramp,True,False,29.599999999999994,18.0,0,maintain,0.0,0.0,38.4,16.0,0,0,maintain-maintain,0.07409302890300751,-0.029808659106492996,0.009660426527261734,0,0.07409302890300751,0.009660426527261734,0.06443260237574577,0.1039016880095005,"[true, true, true]",False,False,False,67008,0,fc67b5b9a2d8c823e29b2d5c2dd6465388b731a6dccfb0feeb70cb674ab28be9,validation_008,1,7,1144094226,15,,
0,0.0,B,mainline,True,False,38.4,16.0,0,maintain,0.0,0.0,29.599999999999994,18.0,0,0,maintain-maintain,0.15152432024478912,-0.012764260172843933,0.02499275654554367,0,0.15152432024478912,0.02499275654554367,0.12653156369924545,0.16428858041763306,"[true, true, true]",False,False,False,67008,0,fc67b5b9a2d8c823e29b2d5c2dd6465388b731a6dccfb0feeb70cb674ab28be9,validation_008,1,7,1144094226,15,,
0,0.0,B_front,background_mainline,True,,108.0,20.0,,,,,,,,,,,,,,,,,,,,,,67008,0,fc67b5b9a2d8c823e29b2d5c2dd6465388b731a6dccfb0feeb70cb674ab28be9,validation_008,1,7,1144094226,15,,
0,0.0,B_rear,background_mainline,True,,9.490854699893537,18.965931983561415,,,,,,,,,,,,,,,,,,,,,,67008,0,fc67b5b9a2d8c823e29b2d5c2dd6465388b731a6dccfb0feeb70cb674ab28be9,validation_008,1,7,1144094226,15,,
1,0.2,A,ramp,True,False,33.19999999999999,18.0,0,maintain,0.0,0.0,41.59999999999999,16.0,0,0,maintain-maintain,0.07335375249385834,-0.030556611716747284,0.011577397584915161,0,0.07335375249385834,0.011577397584915161,0.061776354908943176,0.10391036421060562,"[true, true, true]",False,False,False,67008,0,fc67b5b9a2d8c823e29b2d5c2dd6465388b731a6dccfb0feeb70cb674ab28be9,validation_008,1,7,1144094226,15,,
1,0.2,B,mainline,True,False,41.59999999999999,16.0,0,maintain,0.0,0.0,33.19999999999999,18.0,0,0,maintain-maintain,0.15444600582122803,-0.012871906161308289,0.027254918590188026,0,0.15444600582122803,0.027254918590188026,0.12719108723104,0.16731791198253632,"[true, true, true]",False,False,False,67008,0,fc67b5b9a2d8c823e29b2d5c2dd6465388b731a6dccfb0feeb70cb674ab28be9,validation_008,1,7,1144094226,15,,
1,0.2,B_front,background_mainline,True,,112.0,20.0,,,,,,,,,,,,,,,,,,,,,,67008,0,fc67b5b9a2d8c823e29b2d5c2dd6465388b731a6dccfb0feeb70cb674ab28be9,validation_008,1,7,1144094226,15,,
1,0.2,B_rear,background_mainline,True,,13.20600045072223,18.22040287677284,,,,,,,,,,,,,,,,,,,,,,67008,0,fc67b5b9a2d8c823e29b2d5c2dd6465388b731a6dccfb0feeb70cb674ab28be9,validation_008,1,7,1144094226,15,,
2,0.4,A,ramp,True,False,36.79999999999998,18.0,0,maintain,0.0,0.0,44.799999999999976,16.0,0,0,maintain-maintain,0.07272475957870483,-0.031335651874542236,0.013221710920333862,0,0.07272475957870483,0.013221710920333862,0.05950304865837097,0.10406041145324707,"[true, true, true]",False,False,False,67008,0,fc67b5b9a2d8c823e29b2d5c2dd6465388b731a6dccfb0feeb70cb674ab28be9,validation_008,1,7,1144094226,15,,
2,0.4,B,mainline,True,False,44.799999999999976,16.0,0,maintain,0.0,0.0,36.79999999999998,18.0,0,0,maintain-maintain,0.15694773197174072,-0.013176828622817993,0.028929555788636208,0,0.15694773197174072,0.028929555788636208,0.12801817618310452,0.17012456059455872,"[true, true, true]",False,False,False,67008,0,fc67b5b9a2d8c823e29b2d5c2dd6465388b731a6dccfb0feeb70cb674ab28be9,validation_008,1,7,1144094226,15,,
2,0.4,B_front,background_mainline,True,,116.0,20.0,,,,,,,,,,,,,,,,,,,,,,67008,0,fc67b5b9a2d8c823e29b2d5c2dd6465388b731a6dccfb0feeb70cb674ab28be9,validation_008,1,7,1144094226,15,,
2,0.4,B_rear,background_mainline,True,,16.79149391890783,17.657671806215454,,,,,,,,,,,,,,,,,,,,,,67008,0,fc67b5b9a2d8c823e29b2d5c2dd6465388b731a6dccfb0feeb70cb674ab28be9,validation_008,1,7,1144094226,15,,
3,0.6000000000000001,A,ramp,True,False,40.39999999999998,18.0,0,maintain,0.0,0.0,47.999999999999964,16.0,0,0,maintain-maintain,0.07207609713077545,-0.03208398446440697,0.014789633452892303,0,0.07207609713077545,0.014789633452892303,0.05728646367788315,0.10416008159518242,"[true, true, true]",False,False,False,67008,0,fc67b5b9a2d8c823e29b2d5c2dd6465388b731a6dccfb0feeb70cb674ab28be9,validation_008,1,7,1144094226,15,,
3,0.6000000000000001,B,mainline,True,False,47.999999999999964,16.0,0,maintain,0.0,0.0,40.39999999999998,18.0,0,0,maintain-maintain,0.15928073227405548,-0.013634108006954193,0.03004678711295128,0,0.15928073227405548,0.03004678711295128,0.1292339451611042,0.17291484028100967,"[true, true, true]",False,False,False,67008,0,fc67b5b9a2d8c823e29b2d5c2dd6465388b731a6dccfb0feeb70cb674ab28be9,validation_008,1,7,1144094226,15,,
3,0.6000000000000001,B_front,background_mainline,True,,120.0,20.0,,,,,,,,,,,,,,,,,,,,,,67008,0,fc67b5b9a2d8c823e29b2d5c2dd6465388b731a6dccfb0feeb70cb674ab28be9,validation_008,1,7,1144094226,15,,
3,0.6000000000000001,B_rear,background_mainline,True,,20.27760368914112,17.219720820791732,,,,,,,,,,,,,,,,,,,,,,67008,0,fc67b5b9a2d8c823e29b2d5c2dd6465388b731a6dccfb0feeb70cb674ab28be9,validation_008,1,7,1144094226,15,,
4,0.8,A,ramp,True,False,43.99999999999997,18.0,0,maintain,0.0,0.0,51.19999999999995,16.0,0,0,maintain-maintain,0.07132516801357269,-0.03269823268055916,0.016345035284757614,0,0.07132516801357269,0.016345035284757614,0.05498013272881508,0.10402340069413185,"[true, true, true]",False,False,False,67008,0,fc67b5b9a2d8c823e29b2d5c2dd6465388b731a6dccfb0feeb70cb674ab28be9,validation_008,1,7,1144094226,15,,
4,0.8,B,mainline,True,False,51.19999999999995,16.0,0,maintain,0.0,0.0,43.99999999999997,18.0,0,0,maintain-maintain,0.1616392582654953,-0.01439446210861206,0.03046228736639023,0,0.1616392582654953,0.03046228736639023,0.13117697089910507,0.17603372037410736,"[true, true, true]",False,False,False,67008,0,fc67b5b9a2d8c823e29b2d5c2dd6465388b731a6dccfb0feeb70cb674ab28be9,validation_008,1,7,1144094226,15,,
4,0.8,B_front,background_mainline,True,,124.0,20.0,,,,,,,,,,,,,,,,,,,,,,67008,0,fc67b5b9a2d8c823e29b2d5c2dd6465388b731a6dccfb0feeb70cb674ab28be9,validation_008,1,7,1144094226,15,,
4,0.8,B_rear,background_mainline,True,,23.685525156927344,16.871472593617604,,,,,,,,,,,,,,,,,,,,,,67008,0,fc67b5b9a2d8c823e29b2d5c2dd6465388b731a6dccfb0feeb70cb674ab28be9,validation_008,1,7,1144094226,15,,
5,1.0,A,ramp,True,False,47.599999999999966,18.0,0,maintain,0.0,0.0,54.39999999999994,16.0,0,0,maintain-maintain,0.07050773501396179,-0.033219337463378906,0.017886407673358917,0,0.07050773501396179,0.017886407673358917,0.052621327340602875,0.1037270724773407,"[true, true, true]",False,False,False,67008,0,fc67b5b9a2d8c823e29b2d5c2dd6465388b731a6dccfb0feeb70cb674ab28be9,validation_008,1,7,1144094226,15,,
5,1.0,B,mainline,True,False,54.39999999999994,16.0,0,maintain,0.0,0.0,47.599999999999966,18.0,0,0,maintain-maintain,0.16379262506961823,-0.015088111162185669,0.03076685220003128,0,0.16379262506961823,0.03076685220003128,0.13302577286958694,0.1788807362318039,"[true, true, true]",False,False,False,67008,0,fc67b5b9a2d8c823e29b2d5c2dd6465388b731a6dccfb0feeb70cb674ab28be9,validation_008,1,7,1144094226,15,,
5,1.0,B_front,background_mainline,True,,128.0,20.0,,,,,,,,,,,,,,,,,,,,,,67008,0,fc67b5b9a2d8c823e29b2d5c2dd6465388b731a6dccfb0feeb70cb674ab28be9,validation_008,1,7,1144094226,15,,
5,1.0,B_rear,background_mainline,True,,27.030783353853565,16.590204737179807,,,,,,,,,,,,,,,,,,,,,,67008,0,fc67b5b9a2d8c823e29b2d5c2dd6465388b731a6dccfb0feeb70cb674ab28be9,validation_008,1,7,1144094226,15,,
6,1.2000000000000002,A,ramp,True,False,51.19999999999996,18.0,0,maintain,0.0,0.0,57.59999999999993,16.0,0,0,maintain-maintain,0.0696951150894165,-0.03369681537151337,0.01938202977180481,0,0.0696951150894165,0.01938202977180481,0.050313085317611694,0.10339193046092987,"[true, true, true]",False,False,False,67008,0,fc67b5b9a2d8c823e29b2d5c2dd6465388b731a6dccfb0feeb70cb674ab28be9,validation_008,1,7,1144094226,15,,
6,1.2000000000000002,B,mainline,True,False,57.59999999999993,16.0,0,maintain,0.0,0.0,51.19999999999996,18.0,0,0,maintain-maintain,0.16570445895195007,-0.01581898331642151,0.0309944786131382,0,0.16570445895195007,0.0309944786131382,0.13470998033881187,0.18152344226837158,"[true, true, true]",False,False,False,67008,0,fc67b5b9a2d8c823e29b2d5c2dd6465388b731a6dccfb0feeb70cb674ab28be9,validation_008,1,7,1144094226,15,,
6,1.2000000000000002,B_front,background_mainline,True,,132.0,20.0,,,,,,,,,,,,,,,,,,,,,,67008,0,fc67b5b9a2d8c823e29b2d5c2dd6465388b731a6dccfb0feeb70cb674ab28be9,validation_008,1,7,1144094226,15,,
6,1.2000000000000002,B_rear,background_mainline,True,,30.32513735507926,16.36041685778437,,,,,,,,,,,,,,,,,,,,,,67008,0,fc67b5b9a2d8c823e29b2d5c2dd6465388b731a6dccfb0feeb70cb674ab28be9,validation_008,1,7,1144094226,15,,
7,1.4000000000000001,A,ramp,True,False,54.799999999999955,18.0,0,maintain,0.0,0.0,60.79999999999992,16.0,0,0,maintain-maintain,0.06878456473350525,-0.03412279486656189,0.020825793966650963,0,0.06878456473350525,0.020825793966650963,0.047958770766854286,0.10290735960006714,"[true, true, true]",False,False,False,67008,0,fc67b5b9a2d8c823e29b2d5c2dd6465388b731a6dccfb0feeb70cb674ab28be9,validation_008,1,7,1144094226,15,,
7,1.4000000000000001,B,mainline,True,False,60.79999999999992,16.0,0,maintain,0.0,0.0,54.799999999999955,18.0,0,0,maintain-maintain,0.1672798991203308,-0.016285009682178497,0.030820485204458237,0,0.1672798991203308,0.030820485204458237,0.13645941391587257,0.1835649088025093,"[true, true, true]",False,False,False,67008,0,fc67b5b9a2d8c823e29b2d5c2dd6465388b731a6dccfb0feeb70cb674ab28be9,validation_008,1,7,1144094226,15,,
7,1.4000000000000001,B_front,background_mainline,True,,136.0,20.0,,,,,,,,,,,,,,,,,,,,,,67008,0,fc67b5b9a2d8c823e29b2d5c2dd6465388b731a6dccfb0feeb70cb674ab28be9,validation_008,1,7,1144094226,15,,
7,1.4000000000000001,B_rear,background_mainline,True,,33.57772666594771,16.171100887956097,,,,,,,,,,,,,,,,,,,,,,67008,0,fc67b5b9a2d8c823e29b2d5c2dd6465388b731a6dccfb0feeb70cb674ab28be9,validation_008,1,7,1144094226,15,,
8,1.6,A,ramp,True,False,58.39999999999995,18.0,0,maintain,0.0,0.0,63.99999999999991,16.0,0,0,maintain-maintain,0.06757819652557373,-0.034460052847862244,0.022187333554029465,0,0.06757819652557373,0.022187333554029465,0.045390862971544266,0.10203824937343597,"[true, true, true]",False,False,False,67008,0,fc67b5b9a2d8c823e29b2d5c2dd6465388b731a6dccfb0feeb70cb674ab28be9,validation_008,1,7,1144094226,15,,
8,1.6,B,mainline,True,False,63.99999999999991,16.0,0,maintain,0.0,0.0,58.39999999999995,18.0,0,0,maintain-maintain,0.16859817504882812,-0.01619553565979004,0.03055606782436371,0,0.16859817504882812,0.03055606782436371,0.13804210722446442,0.18479371070861816,"[true, true, true]",False,False,False,67008,0,fc67b5b9a2d8c823e29b2d5c2dd6465388b731a6dccfb0feeb70cb674ab28be9,validation_008,1,7,1144094226,15,,
8,1.6,B_front,background_mainline,True,,140.0,20.0,,,,,,,,,,,,,,,,,,,,,,67008,0,fc67b5b9a2d8c823e29b2d5c2dd6465388b731a6dccfb0feeb70cb674ab28be9,validation_008,1,7,1144094226,15,,
8,1.6,B_rear,background_mainline,True,,36.79580108635068,16.01418324038585,,,,,,,,,,,,,,,,,,,,,,67008,0,fc67b5b9a2d8c823e29b2d5c2dd6465388b731a6dccfb0feeb70cb674ab28be9,validation_008,1,7,1144094226,15,,
9,1.8,A,ramp,True,False,61.99999999999994,18.0,0,maintain,0.0,0.0,67.1999999999999,16.0,0,0,maintain-maintain,0.0662638396024704,-0.034681469202041626,0.023423992097377777,0,0.0662638396024704,0.023423992097377777,0.04283984750509262,0.10094530880451202,"[true, true, true]",False,False,False,67008,0,fc67b5b9a2d8c823e29b2d5c2dd6465388b731a6dccfb0feeb70cb674ab28be9,validation_008,1,7,1144094226,15,,
9,1.8,B,mainline,True,False,67.1999999999999,16.0,0,maintain,0.0,0.0,61.99999999999994,18.0,0,0,maintain-maintain,0.16964036226272583,-0.016363322734832764,0.030202247202396393,0,0.16964036226272583,0.030202247202396393,0.13943811506032944,0.1860036849975586,"[true, true, true]",False,False,False,67008,0,fc67b5b9a2d8c823e29b2d5c2dd6465388b731a6dccfb0feeb70cb674ab28be9,validation_008,1,7,1144094226,15,,
9,1.8,B_front,background_mainline,True,,144.0,20.0,,,,,,,,,,,,,,,,,,,,,,67008,0,fc67b5b9a2d8c823e29b2d5c2dd6465388b731a6dccfb0feeb70cb674ab28be9,validation_008,1,7,1144094226,15,,
9,1.8,B_rear,background_mainline,True,,39.9852065678639,15.883584563184659,,,,,,,,,,,,,,,,,,,,,,67008,0,fc67b5b9a2d8c823e29b2d5c2dd6465388b731a6dccfb0feeb70cb674ab28be9,validation_008,1,7,1144094226,15,,
10,2.0,A,ramp,True,False,65.59999999999995,18.0,0,maintain,0.0,0.0,70.39999999999989,16.0,0,0,maintain-maintain,0.06481089442968369,-0.03483195602893829,0.02457854151725769,0,0.06481089442968369,0.02457854151725769,0.040232352912425995,0.09964285045862198,"[true, true, true]",False,False,False,67008,0,fc67b5b9a2d8c823e29b2d5c2dd6465388b731a6dccfb0feeb70cb674ab28be9,validation_008,1,7,1144094226,15,,
10,2.0,B,mainline,True,False,70.39999999999989,16.0,0,maintain,0.0,0.0,65.59999999999995,18.0,0,0,maintain-maintain,0.17042039334774017,-0.016788892447948456,0.02976558357477188,0,0.17042039334774017,0.02976558357477188,0.1406548097729683,0.18720928579568863,"[true, true, true]",False,False,False,67008,0,fc67b5b9a2d8c823e29b2d5c2dd6465388b731a6dccfb0feeb70cb674ab28be9,validation_008,1,7,1144094226,15,,
10,2.0,B_front,background_mainline,True,,148.0,20.0,,,,,,,,,,,,,,,,,,,,,,67008,0,fc67b5b9a2d8c823e29b2d5c2dd6465388b731a6dccfb0feeb70cb674ab28be9,validation_008,1,7,1144094226,15,,
10,2.0,B_rear,background_mainline,True,,43.150720614232604,15.77462581929039,,,,,,,,,,,,,,,,,,,,,,67008,0,fc67b5b9a2d8c823e29b2d5c2dd6465388b731a6dccfb0feeb70cb674ab28be9,validation_008,1,7,1144094226,15,,
11,2.2,A,ramp,True,False,69.19999999999997,18.0,0,maintain,0.0,0.0,73.59999999999988,16.0,0,0,maintain-maintain,0.06335993856191635,-0.03573109582066536,0.02556646801531315,0,0.06335993856191635,0.02556646801531315,0.0377934705466032,0.09909103438258171,"[true, true, true]",False,False,False,67008,0,fc67b5b9a2d8c823e29b2d5c2dd6465388b731a6dccfb0feeb70cb674ab28be9,validation_008,1,7,1144094226,15,,
11,2.2,B,mainline,True,False,73.59999999999988,16.0,0,maintain,0.0,0.0,69.19999999999997,18.0,0,0,maintain-maintain,0.1711587905883789,-0.017201684415340424,0.029308445751667023,0,0.1711587905883789,0.029308445751667023,0.14185034483671188,0.18836047500371933,"[true, true, true]",False,False,False,67008,0,fc67b5b9a2d8c823e29b2d5c2dd6465388b731a6dccfb0feeb70cb674ab28be9,validation_008,1,7,1144094226,15,,
11,2.2,B_front,background_mainline,True,,152.0,20.0,,,,,,,,,,,,,,,,,,,,,,67008,0,fc67b5b9a2d8c823e29b2d5c2dd6465388b731a6dccfb0feeb70cb674ab28be9,validation_008,1,7,1144094226,15,,
11,2.2,B_rear,background_mainline,True,,46.29629093022773,15.683638668176437,,,,,,,,,,,,,,,,,,,,,,67008,0,fc67b5b9a2d8c823e29b2d5c2dd6465388b731a6dccfb0feeb70cb674ab28be9,validation_008,1,7,1144094226,15,,
12,2.4000000000000004,A,ramp,True,False,72.8,18.0,0,maintain,0.0,0.0,76.79999999999987,16.0,0,0,maintain-maintain,0.06191055476665497,-0.03664468228816986,0.026538118720054626,0,0.06191055476665497,0.026538118720054626,0.03537243604660034,0.09855523705482483,"[true, true, true]",False,False,False,67008,0,fc67b5b9a2d8c823e29b2d5c2dd6465388b731a6dccfb0feeb70cb674ab28be9,validation_008,1,7,1144094226,15,,
12,2.4000000000000004,B,mainline,True,False,76.79999999999987,16.0,0,maintain,0.0,0.0,72.8,18.0,0,0,maintain-maintain,0.17186254262924194,-0.01760387420654297,0.028834298253059387,0,0.17186254262924194,0.028834298253059387,0.14302824437618256,0.1894664168357849,"[true, true, true]",False,False,False,67008,0,fc67b5b9a2d8c823e29b2d5c2dd6465388b731a6dccfb0feeb70cb674ab28be9,validation_008,1,7,1144094226,15,,
12,2.4000000000000004,B_front,background_mainline,True,,156.0,20.0,,,,,,,,,,,,,,,,,,,,,,67008,0,fc67b5b9a2d8c823e29b2d5c2dd6465388b731a6dccfb0feeb70cb674ab28be9,validation_008,1,7,1144094226,15,,
12,2.4000000000000004,B_rear,background_mainline,True,,49.42520963079524,15.607701574331575,,,,,,,,,,,,,,,,,,,,,,67008,0,fc67b5b9a2d8c823e29b2d5c2dd6465388b731a6dccfb0feeb70cb674ab28be9,validation_008,1,7,1144094226,15,,
13,2.6,A,ramp,True,False,76.40000000000002,18.0,0,maintain,0.0,0.0,79.99999999999986,16.0,0,0,maintain-maintain,0.06046311557292938,-0.03754451125860214,0.02750059962272644,0,0.06046311557292938,0.02750059962272644,0.03296251595020294,0.09800762683153152,"[true, true, true]",False,False,False,67008,0,fc67b5b9a2d8c823e29b2d5c2dd6465388b731a6dccfb0feeb70cb674ab28be9,validation_008,1,7,1144094226,15,,
13,2.6,B,mainline,True,False,79.99999999999986,16.0,0,maintain,0.0,0.0,76.40000000000002,18.0,0,0,maintain-maintain,0.1728067398071289,-0.018023580312728882,0.0282848309725523,0,0.1728067398071289,0.0282848309725523,0.1445219088345766,0.1908303201198578,"[true, true, true]",False,False,False,67008,0,fc67b5b9a2d8c823e29b2d5c2dd6465388b731a6dccfb0feeb70cb674ab28be9,validation_008,1,7,1144094226,15,,
13,2.6,B_front,background_mainline,True,,160.0,20.0,,,,,,,,,,,,,,,,,,,,,,67008,0,fc67b5b9a2d8c823e29b2d5c2dd6465388b731a6dccfb0feeb70cb674ab28be9,validation_008,1,7,1144094226,15,,
13,2.6,B_rear,background_mainline,True,,52.5402432318834,15.5444561112083,,,,,,,,,,,,,,,,,,,,,,67008,0,fc67b5b9a2d8c823e29b2d5c2dd6465388b731a6dccfb0feeb70cb674ab28be9,validation_008,1,7,1144094226,15,,
14,2.8000000000000003,A,ramp,True,False,80.00000000000004,18.0,0,maintain,0.0,0.0,83.19999999999985,16.0,0,0,maintain-maintain,0.05901734530925751,-0.03843271732330322,0.028455395251512527,0,0.05901734530925751,0.028455395251512527,0.03056195005774498,0.09745006263256073,"[true, true, true]",False,False,False,67008,0,fc67b5b9a2d8c823e29b2d5c2dd6465388b731a6dccfb0feeb70cb674ab28be9,validation_008,1,7,1144094226,15,,
14,2.8000000000000003,B,mainline,True,False,83.19999999999985,16.0,0,maintain,0.0,0.0,80.00000000000004,18.0,0,0,maintain-maintain,0.17413805425167084,-0.018476217985153198,0.027630029246211052,0,0.17413805425167084,0.027630029246211052,0.14650802500545979,0.19261427223682404,"[true, true, true]",False,False,False,67008,0,fc67b5b9a2d8c823e29b2d5c2dd6465388b731a6dccfb0feeb70cb674ab28be9,validation_008,1,7,1144094226,15,,
14,2.8000000000000003,B_front,background_mainline,True,,164.0,20.0,,,,,,,,,,,,,,,,,,,,,,67008,0,fc67b5b9a2d8c823e29b2d5c2dd6465388b731a6dccfb0feeb70cb674ab28be9,validation_008,1,7,1144094226,15,,
14,2.8000000000000003,B_rear,background_mainline,True,,55.64373150958938,15.491976018116178,,,,,,,,,,,,,,,,,,,,,,67008,0,fc67b5b9a2d8c823e29b2d5c2dd6465388b731a6dccfb0feeb70cb674ab28be9,validation_008,1,7,1144094226,15,,
15,3.0,A,ramp,True,False,83.60000000000007,18.0,0,maintain,0.0,0.0,86.39999999999984,16.0,0,0,maintain-maintain,0.05774985998868942,-0.03974687308073044,0.029040765017271042,0,0.05774985998868942,0.029040765017271042,0.02870909497141838,0.09749673306941986,"[true, true, true]",False,False,False,67008,0,fc67b5b9a2d8c823e29b2d5c2dd6465388b731a6dccfb0feeb70cb674ab28be9,validation_008,1,7,1144094226,15,,
15,3.0,B,mainline,True,False,86.39999999999984,16.0,0,maintain,0.0,0.0,83.60000000000007,18.0,0,0,maintain-maintain,0.17545121908187866,-0.018923938274383545,0.026965534314513206,0,0.17545121908187866,0.026965534314513206,0.14848568476736546,0.1943751573562622,"[true, true, true]",False,False,False,67008,0,fc67b5b9a2d8c823e29b2d5c2dd6465388b731a6dccfb0feeb70cb674ab28be9,validation_008,1,7,1144094226,15,,
15,3.0,B_front,background_mainline,True,,168.0,20.0,,,,,,,,,,,,,,,,,,,,,,67008,0,fc67b5b9a2d8c823e29b2d5c2dd6465388b731a6dccfb0feeb70cb674ab28be9,validation_008,1,7,1144094226,15,,
15,3.0,B_rear,background_mainline,True,,58.73766394563039,15.448671899389609,,,,,,,,,,,,,,,,,,,,,,67008,0,fc67b5b9a2d8c823e29b2d5c2dd6465388b731a6dccfb0feeb70cb674ab28be9,validation_008,1,7,1144094226,15,,
16,3.2,A,ramp,True,False,87.20000000000009,18.0,0,maintain,0.0,0.0,89.59999999999982,16.0,0,0,maintain-maintain,0.05634768307209015,-0.041133664548397064,0.029459968209266663,0,0.05634768307209015,0.029459968209266663,0.026887714862823486,0.09748134762048721,"[true, true, true]",False,False,False,67008,0,fc67b5b9a2d8c823e29b2d5c2dd6465388b731a6dccfb0feeb70cb674ab28be9,validation_008,1,7,1144094226,15,,
16,3.2,B,mainline,True,False,89.59999999999982,16.0,0,maintain,0.0,0.0,87.20000000000009,18.0,0,0,maintain-maintain,0.17675092816352844,-0.019373148679733276,0.02629728429019451,0,0.17675092816352844,0.02629728429019451,0.15045364387333393,0.19612407684326172,"[true, true, true]",False,False,False,67008,0,fc67b5b9a2d8c823e29b2d5c2dd6465388b731a6dccfb0feeb70cb674ab28be9,validation_008,1,7,1144094226,15,,
16,3.2,B_front,background_mainline,True,,172.0,20.0,,,,,,,,,,,,,,,,,,,,,,67008,0,fc67b5b9a2d8c823e29b2d5c2dd6465388b731a6dccfb0feeb70cb674ab28be9,validation_008,1,7,1144094226,15,,
16,3.2,B_rear,background_mainline,True,,61.823739715371254,15.41322057723825,,,,,,,,,,,,,,,,,,,,,,67008,0,fc67b5b9a2d8c823e29b2d5c2dd6465388b731a6dccfb0feeb70cb674ab28be9,validation_008,1,7,1144094226,15,,
17,3.4000000000000004,A,ramp,True,False,90.80000000000011,18.0,0,maintain,0.0,0.0,92.79999999999981,16.0,0,0,maintain-maintain,0.05487772077322006,-0.042347706854343414,0.029879475012421608,0,0.05487772077322006,0.029879475012421608,0.024998245760798454,0.09722542762756348,"[true, true, true]",False,False,False,67008,0,fc67b5b9a2d8c823e29b2d5c2dd6465388b731a6dccfb0feeb70cb674ab28be9,validation_008,1,7,1144094226,15,,
17,3.4000000000000004,B,mainline,True,False,92.79999999999981,16.0,0,maintain,0.0,0.0,90.80000000000011,18.0,0,0,maintain-maintain,0.178041011095047,-0.019829221069812775,0.02563031017780304,0,0.178041011095047,0.02563031017780304,0.15241070091724396,0.19787023216485977,"[true, true, true]",False,False,False,67008,0,fc67b5b9a2d8c823e29b2d5c2dd6465388b731a6dccfb0feeb70cb674ab28be9,validation_008,1,7,1144094226,15,,
17,3.4000000000000004,B_front,background_mainline,True,,176.0,20.0,,,,,,,,,,,,,,,,,,,,,,67008,0,fc67b5b9a2d8c823e29b2d5c2dd6465388b731a6dccfb0feeb70cb674ab28be9,validation_008,1,7,1144094226,15,,
17,3.4000000000000004,B_rear,background_mainline,True,,64.90341537924611,15.384511855578438,,,,,,,,,,,,,,,,,,,,,,67008,0,fc67b5b9a2d8c823e29b2d5c2dd6465388b731a6dccfb0feeb70cb674ab28be9,validation_008,1,7,1144094226,15,,
18,3.6,A,ramp,True,False,94.40000000000013,18.0,0,maintain,0.0,0.0,95.9999999999998,16.0,0,0,maintain-maintain,0.05323804169893265,-0.043216362595558167,0.03028644621372223,0,0.05323804169893265,0.03028644621372223,0.02295159548521042,0.09645440429449081,"[true, true, true]",False,False,False,67008,0,fc67b5b9a2d8c823e29b2d5c2dd6465388b731a6dccfb0feeb70cb674ab28be9,validation_008,1,7,1144094226,15,,
18,3.6,B,mainline,True,False,95.9999999999998,16.0,0,maintain,0.0,0.0,94.40000000000013,18.0,0,0,maintain-maintain,0.17932401597499847,-0.02029529958963394,0.02496746927499771,0,0.17932401597499847,0.02496746927499771,0.15435654670000076,0.19961931556463242,"[true, true, true]",False,False,False,67008,0,fc67b5b9a2d8c823e29b2d5c2dd6465388b731a6dccfb0feeb70cb674ab28be9,validation_008,1,7,1144094226,15,,
18,3.6,B_front,background_mainline,True,,180.0,20.0,,,,,,,,,,,,,,,,,,,,,,67008,0,fc67b5b9a2d8c823e29b2d5c2dd6465388b731a6dccfb0feeb70cb674ab28be9,validation_008,1,7,1144094226,15,,
18,3.6,B_rear,background_mainline,True,,67.97794324213748,15.361607809883507,,,,,,,,,,,,,,,,,,,,,,67008,0,fc67b5b9a2d8c823e29b2d5c2dd6465388b731a6dccfb0feeb70cb674ab28be9,validation_008,1,7,1144094226,15,,
19,3.8000000000000003,A,ramp,True,False,98.00000000000016,18.0,0,maintain,0.0,0.0,99.19999999999979,16.0,0,0,maintain-maintain,0.05175338685512543,-0.04383320361375809,0.03077303245663643,0,0.05175338685512543,0.03077303245663643,0.020980354398489,0.09558659046888351,"[true, true, true]",False,False,False,67008,0,fc67b5b9a2d8c823e29b2d5c2dd6465388b731a6dccfb0feeb70cb674ab28be9,validation_008,1,7,1144094226,15,,
19,3.8000000000000003,B,mainline,True,False,99.19999999999979,16.0,0,maintain,0.0,0.0,98.00000000000016,18.0,0,0,maintain-maintain,0.18045389652252197,-0.020541712641716003,0.024470021948218346,0,0.18045389652252197,0.024470021948218346,0.15598387457430363,0.20099560916423798,"[true, true, true]",False,False,False,67008,0,fc67b5b9a2d8c823e29b2d5c2dd6465388b731a6dccfb0feeb70cb674ab28be9,validation_008,1,7,1144094226,15,,
19,3.8000000000000003,B_front,background_mainline,True,,184.0,20.0,,,,,,,,,,,,,,,,,,,,,,67008,0,fc67b5b9a2d8c823e29b2d5c2dd6465388b731a6dccfb0feeb70cb674ab28be9,validation_008,1,7,1144094226,15,,
19,3.8000000000000003,B_rear,background_mainline,True,,71.04840253054955,15.343711239868192,,,,,,,,,,,,,,,,,,,,,,67008,0,fc67b5b9a2d8c823e29b2d5c2dd6465388b731a6dccfb0feeb70cb674ab28be9,validation_008,1,7,1144094226,15,,
20,4.0,A,ramp,True,False,101.60000000000018,18.0,0,maintain,0.0,0.0,102.39999999999978,16.0,0,0,maintain-maintain,0.050518348813056946,-0.04407099634408951,0.031401339918375015,0,0.050518348813056946,0.031401339918375015,0.01911700889468193,0.09458934515714645,"[true, true, true]",False,False,False,67008,0,fc67b5b9a2d8c823e29b2d5c2dd6465388b731a6dccfb0feeb70cb674ab28be9,validation_008,1,7,1144094226,15,,
20,4.0,B,mainline,True,False,102.39999999999978,16.0,0,maintain,0.0,0.0,101.60000000000018,18.0,0,0,maintain-maintain,0.18137255311012268,-0.020483337342739105,0.02437097206711769,0,0.18137255311012268,0.02437097206711769,0.157001581043005,0.20185589045286179,"[true, true, true]",False,False,False,67008,0,fc67b5b9a2d8c823e29b2d5c2dd6465388b731a6dccfb0feeb70cb674ab28be9,validation_008,1,7,1144094226,15,,
20,4.0,B_front,background_mainline,True,,188.0,20.0,,,,,,,,,,,,,,,,,,,,,,67008,0,fc67b5b9a2d8c823e29b2d5c2dd6465388b731a6dccfb0feeb70cb674ab28be9,validation_008,1,7,1144094226,15,,
20,4.0,B_rear,background_mainline,True,,74.11572497155953,15.330140926367468,,,,,,,,,,,,,,,,,,,,,,67008,0,fc67b5b9a2d8c823e29b2d5c2dd6465388b731a6dccfb0feeb70cb674ab28be9,validation_008,1,7,1144094226,15,,
21,4.2,A,ramp,True,False,105.2000000000002,18.0,0,maintain,0.0,0.0,105.59999999999977,16.0,0,0,maintain-maintain,0.04940115660429001,-0.04441440850496292,0.032260410487651825,0,0.04940115660429001,0.032260410487651825,0.017140746116638184,0.09381556510925293,"[true, true, true]",True,True,False,67008,0,fc67b5b9a2d8c823e29b2d5c2dd6465388b731a6dccfb0feeb70cb674ab28be9,validation_008,1,7,1144094226,15,-4.821866963179346,0.0
21,4.2,B,mainline,True,False,105.59999999999977,16.0,0,maintain,0.0,0.0,105.2000000000002,18.0,0,0,maintain-maintain,0.18200430274009705,-0.02021278440952301,0.024749234318733215,0,0.18200430274009705,0.024749234318733215,0.15725506842136383,0.20221708714962006,"[true, true, true]",True,True,False,67008,0,fc67b5b9a2d8c823e29b2d5c2dd6465388b731a6dccfb0feeb70cb674ab28be9,validation_008,1,7,1144094226,15,-4.821866963179346,0.0
21,4.2,B_front,background_mainline,True,,191.0,20.0,,,,,,,,,,,,,,,,,,,,,,67008,0,fc67b5b9a2d8c823e29b2d5c2dd6465388b731a6dccfb0feeb70cb674ab28be9,validation_008,1,7,1144094226,15,,
21,4.2,B_rear,background_mainline,True,,76.41789830062376,15.387130765549852,,,,,,,,,,,,,,,,,,,,,,67008,0,fc67b5b9a2d8c823e29b2d5c2dd6465388b731a6dccfb0feeb70cb674ab28be9,validation_008,1,7,1144094226,15,,
