policy_step,simulation_time,controller,controller_role,active,exited,route_progress,speed,commanded_action,commanded_action_name,commanded_acceleration,realised_acceleration,peer_progress,peer_speed,action_A,action_B,joint_action_category,Q_maintain,Q_accelerate,Q_decelerate,greedy_action,best_Q,second_best_Q,Q_margin,Q_range,action_mask,collision_flag,termination_flag,truncation_flag,master_seed,checkpoint_step,checkpoint_sha256,validation_block_id,assignment,scenario_block,eval_seed,episode_index,front_gap
0,0.0,A,mainline,True,False,28.0,20.0,1,accelerate,0.0,2.0000000000000284,20.0,20.0,1,0,accelerate-maintain,-0.06248089671134949,0.0373074971139431,-0.17289552092552185,1,0.0373074971139431,-0.06248089671134949,0.09978839382529259,0.21020301803946495,"[true, true, true]",False,False,False,66015,0,e827f3a7c15be3cc0e8dad398a812438a042d5fbfc05ac4f148ca8e9393507fa,validation_001,0,0,169499248,0,
0,0.0,B,ramp,True,False,20.0,20.0,0,maintain,0.0,0.0,28.0,20.0,1,0,accelerate-maintain,0.060603294521570206,-0.11584685742855072,-0.15717700123786926,0,0.060603294521570206,-0.11584685742855072,0.17645015195012093,0.21778029575943947,"[true, true, true]",False,False,False,66015,0,e827f3a7c15be3cc0e8dad398a812438a042d5fbfc05ac4f148ca8e9393507fa,validation_001,0,0,169499248,0,
1,0.2,A,mainline,True,False,32.04,20.400000000000006,1,accelerate,2.0,2.0000000000000284,24.0,20.0,1,0,accelerate-maintain,-0.06384769827127457,0.03510797396302223,-0.1732122153043747,1,0.03510797396302223,-0.06384769827127457,0.0989556722342968,0.20832018926739693,"[true, true, true]",False,False,False,66015,0,e827f3a7c15be3cc0e8dad398a812438a042d5fbfc05ac4f148ca8e9393507fa,validation_001,0,0,169499248,0,
1,0.2,B,ramp,True,False,24.0,20.0,0,maintain,0.0,0.0,32.04,20.400000000000006,1,0,accelerate-maintain,0.05919739603996277,-0.11722481995820999,-0.15543660521507263,0,0.05919739603996277,-0.11722481995820999,0.17642221599817276,0.2146340012550354,"[true, true, true]",False,False,False,66015,0,e827f3a7c15be3cc0e8dad398a812438a042d5fbfc05ac4f148ca8e9393507fa,validation_001,0,0,169499248,0,
2,0.4,A,mainline,True,False,36.160000000000004,20.80000000000001,1,accelerate,2.0,2.0000000000000284,28.0,20.0,1,0,accelerate-maintain,-0.06518346071243286,0.03275076672434807,-0.17350101470947266,1,0.03275076672434807,-0.06518346071243286,0.09793422743678093,0.20625178143382072,"[true, true, true]",False,False,False,66015,0,e827f3a7c15be3cc0e8dad398a812438a042d5fbfc05ac4f148ca8e9393507fa,validation_001,0,0,169499248,0,
2,0.4,B,ramp,True,False,28.0,20.0,0,maintain,0.0,0.0,36.160000000000004,20.80000000000001,1,0,accelerate-maintain,0.05787324905395508,-0.11854853481054306,-0.15377628803253174,0,0.05787324905395508,-0.11854853481054306,0.17642178386449814,0.21164953708648682,"[true, true, true]",False,False,False,66015,0,e827f3a7c15be3cc0e8dad398a812438a042d5fbfc05ac4f148ca8e9393507fa,validation_001,0,0,169499248,0,
3,0.6000000000000001,A,mainline,True,False,40.36000000000001,21.200000000000017,1,accelerate,2.0,2.0000000000000284,32.0,20.0,1,0,accelerate-maintain,-0.06613688915967941,0.030882902443408966,-0.17378151416778564,1,0.030882902443408966,-0.06613688915967941,0.09701979160308838,0.2046644166111946,"[true, true, true]",False,False,False,66015,0,e827f3a7c15be3cc0e8dad398a812438a042d5fbfc05ac4f148ca8e9393507fa,validation_001,0,0,169499248,0,
3,0.6000000000000001,B,ramp,True,False,32.0,20.0,0,maintain,0.0,0.0,40.36000000000001,21.200000000000017,1,0,accelerate-maintain,0.05657973513007164,-0.11983490735292435,-0.15215153992176056,0,0.05657973513007164,-0.11983490735292435,0.176414642482996,0.2087312750518322,"[true, true, true]",False,False,False,66015,0,e827f3a7c15be3cc0e8dad398a812438a042d5fbfc05ac4f148ca8e9393507fa,validation_001,0,0,169499248,0,
4,0.8,A,mainline,True,False,44.64000000000001,21.600000000000023,1,accelerate,2.0,2.0000000000000284,36.0,20.0,1,0,accelerate-maintain,-0.06701637804508209,0.029029984027147293,-0.17403662204742432,1,0.029029984027147293,-0.06701637804508209,0.09604636207222939,0.2030666060745716,"[true, true, true]",False,False,False,66015,0,e827f3a7c15be3cc0e8dad398a812438a042d5fbfc05ac4f148ca8e9393507fa,validation_001,0,0,169499248,0,
4,0.8,B,ramp,True,False,36.0,20.0,0,maintain,0.0,0.0,44.64000000000001,21.600000000000023,1,0,accelerate-maintain,0.05531087517738342,-0.12079551815986633,-0.15057899057865143,0,0.05531087517738342,-0.12079551815986633,0.17610639333724976,0.20588986575603485,"[true, true, true]",False,False,False,66015,0,e827f3a7c15be3cc0e8dad398a812438a042d5fbfc05ac4f148ca8e9393507fa,validation_001,0,0,169499248,0,
5,1.0,A,mainline,True,False,49.000000000000014,22.00000000000003,1,accelerate,2.0,2.0000000000000284,40.0,20.0,1,0,accelerate-maintain,-0.06788059324026108,0.026703208684921265,-0.173747718334198,1,0.026703208684921265,-0.06788059324026108,0.09458380192518234,0.20045092701911926,"[true, true, true]",False,False,False,66015,0,e827f3a7c15be3cc0e8dad398a812438a042d5fbfc05ac4f148ca8e9393507fa,validation_001,0,0,169499248,0,
5,1.0,B,ramp,True,False,40.0,20.0,0,maintain,0.0,0.0,49.000000000000014,22.00000000000003,1,0,accelerate-maintain,0.0541597381234169,-0.1211467981338501,-0.14900967478752136,0,0.0541597381234169,-0.1211467981338501,0.175306536257267,0.20316941291093826,"[true, true, true]",False,False,False,66015,0,e827f3a7c15be3cc0e8dad398a812438a042d5fbfc05ac4f148ca8e9393507fa,validation_001,0,0,169499248,0,
6,1.2000000000000002,A,mainline,True,False,53.44000000000002,22.400000000000034,1,accelerate,2.0,2.0000000000000284,44.0,20.0,1,0,accelerate-maintain,-0.06895140558481216,0.024294838309288025,-0.1732766330242157,1,0.024294838309288025,-0.06895140558481216,0.09324624389410019,0.19757147133350372,"[true, true, true]",False,False,False,66015,0,e827f3a7c15be3cc0e8dad398a812438a042d5fbfc05ac4f148ca8e9393507fa,validation_001,0,0,169499248,0,
6,1.2000000000000002,B,ramp,True,False,44.0,20.0,0,maintain,0.0,0.0,53.44000000000002,22.400000000000034,1,0,accelerate-maintain,0.053447578102350235,-0.12083318829536438,-0.14666499197483063,0,0.053447578102350235,-0.12083318829536438,0.17428076639771461,0.20011257007718086,"[true, true, true]",False,False,False,66015,0,e827f3a7c15be3cc0e8dad398a812438a042d5fbfc05ac4f148ca8e9393507fa,validation_001,0,0,169499248,0,
7,1.4000000000000001,A,mainline,True,False,57.96000000000003,22.80000000000004,1,accelerate,2.0,2.0000000000000284,48.0,20.0,1,0,accelerate-maintain,-0.0696701854467392,0.022316213697195053,-0.17230655252933502,1,0.022316213697195053,-0.0696701854467392,0.09198639914393425,0.19462276622653008,"[true, true, true]",False,False,False,66015,0,e827f3a7c15be3cc0e8dad398a812438a042d5fbfc05ac4f148ca8e9393507fa,validation_001,0,0,169499248,0,
7,1.4000000000000001,B,ramp,True,False,48.0,20.0,0,maintain,0.0,0.0,57.96000000000003,22.80000000000004,1,0,accelerate-maintain,0.05271526426076889,-0.12050468474626541,-0.1443200409412384,0,0.05271526426076889,-0.12050468474626541,0.1732199490070343,0.1970353052020073,"[true, true, true]",False,False,False,66015,0,e827f3a7c15be3cc0e8dad398a812438a042d5fbfc05ac4f148ca8e9393507fa,validation_001,0,0,169499248,0,
8,1.6,A,mainline,True,False,62.56000000000004,23.200000000000045,1,accelerate,2.0,2.0000000000000284,52.0,20.0,1,0,accelerate-maintain,-0.06983618438243866,0.02041717618703842,-0.172031432390213,1,0.02041717618703842,-0.06983618438243866,0.09025336056947708,0.19244860857725143,"[true, true, true]",False,False,False,66015,0,e827f3a7c15be3cc0e8dad398a812438a042d5fbfc05ac4f148ca8e9393507fa,validation_001,0,0,169499248,0,
8,1.6,B,ramp,True,False,52.0,20.0,0,maintain,0.0,0.0,62.56000000000004,23.200000000000045,1,0,accelerate-maintain,0.051704470068216324,-0.11994099617004395,-0.14157727360725403,0,0.051704470068216324,-0.11994099617004395,0.17164546623826027,0.19328174367547035,"[true, true, true]",False,False,False,66015,0,e827f3a7c15be3cc0e8dad398a812438a042d5fbfc05ac4f148ca8e9393507fa,validation_001,0,0,169499248,0,
9,1.8,A,mainline,True,False,67.24000000000005,23.60000000000005,1,accelerate,2.0,2.0000000000000284,56.0,20.0,1,0,accelerate-maintain,-0.06955757737159729,0.018580175936222076,-0.17233426868915558,1,0.018580175936222076,-0.06955757737159729,0.08813775330781937,0.19091444462537766,"[true, true, true]",False,False,False,66015,0,e827f3a7c15be3cc0e8dad398a812438a042d5fbfc05ac4f148ca8e9393507fa,validation_001,0,0,169499248,0,
9,1.8,B,ramp,True,False,56.0,20.0,0,maintain,0.0,0.0,67.24000000000005,23.60000000000005,1,0,accelerate-maintain,0.05063394457101822,-0.1192392036318779,-0.1384919136762619,0,0.05063394457101822,-0.1192392036318779,0.16987314820289612,0.18912585824728012,"[true, true, true]",False,False,False,66015,0,e827f3a7c15be3cc0e8dad398a812438a042d5fbfc05ac4f148ca8e9393507fa,validation_001,0,0,169499248,0,
10,2.0,A,mainline,True,False,72.00000000000007,24.000000000000057,1,accelerate,2.0,2.0000000000000284,60.0,20.0,1,0,accelerate-maintain,-0.06928637623786926,0.016722727566957474,-0.17265933752059937,1,0.016722727566957474,-0.06928637623786926,0.08600910380482674,0.18938206508755684,"[true, true, true]",False,False,False,66015,0,e827f3a7c15be3cc0e8dad398a812438a042d5fbfc05ac4f148ca8e9393507fa,validation_001,0,0,169499248,0,
10,2.0,B,ramp,True,False,60.0,20.0,0,maintain,0.0,0.0,72.00000000000007,24.000000000000057,1,0,accelerate-maintain,0.05053718388080597,-0.11803735792636871,-0.1369127631187439,0,0.05053718388080597,-0.11803735792636871,0.16857454180717468,0.18744994699954987,"[true, true, true]",False,False,False,66015,0,e827f3a7c15be3cc0e8dad398a812438a042d5fbfc05ac4f148ca8e9393507fa,validation_001,0,0,169499248,0,
11,2.2,A,mainline,True,False,76.84000000000009,24.400000000000063,1,accelerate,2.0,2.0000000000000284,64.0,20.0,1,0,accelerate-maintain,-0.06848720461130142,0.015001337975263596,-0.17234419286251068,1,0.015001337975263596,-0.06848720461130142,0.08348854258656502,0.18734553083777428,"[true, true, true]",False,False,False,66015,0,e827f3a7c15be3cc0e8dad398a812438a042d5fbfc05ac4f148ca8e9393507fa,validation_001,0,0,169499248,0,
11,2.2,B,ramp,True,False,64.0,20.0,0,maintain,0.0,0.0,76.84000000000009,24.400000000000063,1,0,accelerate-maintain,0.05085388198494911,-0.11721564829349518,-0.13474874198436737,0,0.05085388198494911,-0.11721564829349518,0.1680695302784443,0.18560262396931648,"[true, true, true]",False,False,False,66015,0,e827f3a7c15be3cc0e8dad398a812438a042d5fbfc05ac4f148ca8e9393507fa,validation_001,0,0,169499248,0,
12,2.4000000000000004,A,mainline,True,False,81.76000000000009,24.800000000000068,1,accelerate,2.0,2.0000000000000284,68.0,20.0,1,0,accelerate-maintain,-0.06768093258142471,0.013280864804983139,-0.17200985550880432,1,0.013280864804983139,-0.06768093258142471,0.08096179738640785,0.18529072031378746,"[true, true, true]",False,False,False,66015,0,e827f3a7c15be3cc0e8dad398a812438a042d5fbfc05ac4f148ca8e9393507fa,validation_001,0,0,169499248,0,
12,2.4000000000000004,B,ramp,True,False,68.0,20.0,0,maintain,0.0,0.0,81.76000000000009,24.800000000000068,1,0,accelerate-maintain,0.05124236270785332,-0.11641330271959305,-0.1324346661567688,0,0.05124236270785332,-0.11641330271959305,0.16765566542744637,0.18367702886462212,"[true, true, true]",False,False,False,66015,0,e827f3a7c15be3cc0e8dad398a812438a042d5fbfc05ac4f148ca8e9393507fa,validation_001,0,0,169499248,0,
13,2.6,A,mainline,True,False,86.7600000000001,25.200000000000074,1,accelerate,2.0,2.0000000000000284,72.0,20.0,1,0,accelerate-maintain,-0.06772896647453308,0.012241378426551819,-0.17098195850849152,1,0.012241378426551819,-0.06772896647453308,0.0799703449010849,0.18322333693504333,"[true, true, true]",False,False,False,66015,0,e827f3a7c15be3cc0e8dad398a812438a042d5fbfc05ac4f148ca8e9393507fa,validation_001,0,0,169499248,0,
13,2.6,B,ramp,True,False,72.0,20.0,0,maintain,0.0,0.0,86.7600000000001,25.200000000000074,1,0,accelerate-maintain,0.051494985818862915,-0.1151358112692833,-0.1302012801170349,0,0.051494985818862915,-0.1151358112692833,0.1666307970881462,0.18169626593589783,"[true, true, true]",False,False,False,66015,0,e827f3a7c15be3cc0e8dad398a812438a042d5fbfc05ac4f148ca8e9393507fa,validation_001,0,0,169499248,0,
14,2.8000000000000003,A,mainline,True,False,91.84000000000012,25.60000000000008,1,accelerate,2.0,2.0000000000000284,76.0,20.0,1,0,accelerate-maintain,-0.06888039410114288,0.012073595076799393,-0.1702408790588379,1,0.012073595076799393,-0.06888039410114288,0.08095398917794228,0.18231447413563728,"[true, true, true]",False,False,False,66015,0,e827f3a7c15be3cc0e8dad398a812438a042d5fbfc05ac4f148ca8e9393507fa,validation_001,0,0,169499248,0,
14,2.8000000000000003,B,ramp,True,False,76.0,20.0,0,maintain,0.0,0.0,91.84000000000012,25.60000000000008,1,0,accelerate-maintain,0.051552578806877136,-0.11361463367938995,-0.1279764175415039,0,0.051552578806877136,-0.11361463367938995,0.1651672124862671,0.17952899634838104,"[true, true, true]",False,False,False,66015,0,e827f3a7c15be3cc0e8dad398a812438a042d5fbfc05ac4f148ca8e9393507fa,validation_001,0,0,169499248,0,
15,3.0,A,mainline,True,False,97.00000000000013,26.000000000000085,1,accelerate,2.0,2.0000000000000284,80.0,20.0,1,0,accelerate-maintain,-0.07003315538167953,0.012180730700492859,-0.16941285133361816,1,0.012180730700492859,-0.07003315538167953,0.0822138860821724,0.18159358203411102,"[true, true, true]",False,False,False,66015,0,e827f3a7c15be3cc0e8dad398a812438a042d5fbfc05ac4f148ca8e9393507fa,validation_001,0,0,169499248,0,
15,3.0,B,ramp,True,False,80.0,20.0,0,maintain,0.0,0.0,97.00000000000013,26.000000000000085,1,0,accelerate-maintain,0.05184924602508545,-0.1122315302491188,-0.12591449916362762,0,0.05184924602508545,-0.1122315302491188,0.16408077627420425,0.17776374518871307,"[true, true, true]",False,False,False,66015,0,e827f3a7c15be3cc0e8dad398a812438a042d5fbfc05ac4f148ca8e9393507fa,validation_001,0,0,169499248,0,
16,3.2,A,mainline,True,False,102.24000000000015,26.40000000000009,1,accelerate,2.0,2.0000000000000284,84.0,20.0,1,0,accelerate-maintain,-0.0718451589345932,0.012422680854797363,-0.1691051423549652,1,0.012422680854797363,-0.0718451589345932,0.08426783978939056,0.18152782320976257,"[true, true, true]",False,False,False,66015,0,e827f3a7c15be3cc0e8dad398a812438a042d5fbfc05ac4f148ca8e9393507fa,validation_001,0,0,169499248,0,
16,3.2,B,ramp,True,False,84.0,20.0,0,maintain,0.0,0.0,102.24000000000015,26.40000000000009,1,0,accelerate-maintain,0.05249137058854103,-0.11121147871017456,-0.1240014061331749,0,0.05249137058854103,-0.11121147871017456,0.1637028492987156,0.17649277672171593,"[true, true, true]",False,False,False,66015,0,e827f3a7c15be3cc0e8dad398a812438a042d5fbfc05ac4f148ca8e9393507fa,validation_001,0,0,169499248,0,
17,3.4000000000000004,A,mainline,True,False,107.56000000000017,26.800000000000097,1,accelerate,2.0,2.0000000000000284,88.0,20.0,1,0,accelerate-maintain,-0.07417221367359161,0.0124974325299263,-0.16925184428691864,1,0.0124974325299263,-0.07417221367359161,0.08666964620351791,0.18174927681684494,"[true, true, true]",False,False,False,66015,0,e827f3a7c15be3cc0e8dad398a812438a042d5fbfc05ac4f148ca8e9393507fa,validation_001,0,0,169499248,0,
17,3.4000000000000004,B,ramp,True,False,88.0,20.0,0,maintain,0.0,0.0,107.56000000000017,26.800000000000097,1,0,accelerate-maintain,0.05316689610481262,-0.11019417643547058,-0.1220325380563736,0,0.05316689610481262,-0.11019417643547058,0.1633610725402832,0.17519943416118622,"[true, true, true]",False,False,False,66015,0,e827f3a7c15be3cc0e8dad398a812438a042d5fbfc05ac4f148ca8e9393507fa,validation_001,0,0,169499248,0,
18,3.6,A,mainline,True,False,112.96000000000019,27.200000000000102,1,accelerate,2.0,2.0000000000000284,92.0,20.0,1,0,accelerate-maintain,-0.0770597755908966,0.012457825243473053,-0.17003542184829712,1,0.012457825243473053,-0.0770597755908966,0.08951760083436966,0.18249324709177017,"[true, true, true]",False,False,False,66015,0,e827f3a7c15be3cc0e8dad398a812438a042d5fbfc05ac4f148ca8e9393507fa,validation_001,0,0,169499248,0,
18,3.6,B,ramp,True,False,92.0,20.0,0,maintain,0.0,0.0,112.96000000000019,27.200000000000102,1,0,accelerate-maintain,0.0536322295665741,-0.10869742929935455,-0.12026111781597137,0,0.0536322295665741,-0.10869742929935455,0.16232965886592865,0.17389334738254547,"[true, true, true]",False,False,False,66015,0,e827f3a7c15be3cc0e8dad398a812438a042d5fbfc05ac4f148ca8e9393507fa,validation_001,0,0,169499248,0,
19,3.8000000000000003,A,mainline,True,False,118.44000000000023,27.600000000000108,1,accelerate,2.0,2.0000000000000284,96.0,20.0,1,0,accelerate-maintain,-0.08000653982162476,0.012419778853654861,-0.1711151897907257,1,0.012419778853654861,-0.08000653982162476,0.09242631867527962,0.18353496864438057,"[true, true, true]",False,False,False,66015,0,e827f3a7c15be3cc0e8dad398a812438a042d5fbfc05ac4f148ca8e9393507fa,validation_001,0,0,169499248,0,
19,3.8000000000000003,B,ramp,True,False,96.0,20.0,0,maintain,0.0,0.0,118.44000000000023,27.600000000000108,1,0,accelerate-maintain,0.054358214139938354,-0.10812216997146606,-0.11904358863830566,0,0.054358214139938354,-0.10812216997146606,0.16248038411140442,0.17340180277824402,"[true, true, true]",False,False,False,66015,0,e827f3a7c15be3cc0e8dad398a812438a042d5fbfc05ac4f148ca8e9393507fa,validation_001,0,0,169499248,0,
20,4.0,A,mainline,True,False,124.00000000000026,28.000000000000114,1,accelerate,2.0,2.0000000000000284,100.0,20.0,1,0,accelerate-maintain,-0.08193668723106384,0.012286804616451263,-0.17212960124015808,1,0.012286804616451263,-0.08193668723106384,0.0942234918475151,0.18441640585660934,"[true, true, true]",False,False,False,66015,0,e827f3a7c15be3cc0e8dad398a812438a042d5fbfc05ac4f148ca8e9393507fa,validation_001,0,0,169499248,0,
20,4.0,B,ramp,True,False,100.0,20.0,0,maintain,0.0,0.0,124.00000000000026,28.000000000000114,1,0,accelerate-maintain,0.054815202951431274,-0.10852973163127899,-0.11767412722110748,0,0.054815202951431274,-0.10852973163127899,0.16334493458271027,0.17248933017253876,"[true, true, true]",False,False,False,66015,0,e827f3a7c15be3cc0e8dad398a812438a042d5fbfc05ac4f148ca8e9393507fa,validation_001,0,0,169499248,0,
21,4.2,A,mainline,True,False,129.64000000000027,28.40000000000012,1,accelerate,2.0,2.0000000000000284,104.0,20.0,1,0,accelerate-maintain,-0.08307409286499023,0.011836253106594086,-0.17387793958187103,1,0.011836253106594086,-0.08307409286499023,0.09491034597158432,0.18571419268846512,"[true, true, true]",False,False,False,66015,0,e827f3a7c15be3cc0e8dad398a812438a042d5fbfc05ac4f148ca8e9393507fa,validation_001,0,0,169499248,0,22.438889988693447
21,4.2,B,ramp,True,False,104.0,20.0,0,maintain,0.0,0.0,129.64000000000027,28.40000000000012,1,0,accelerate-maintain,0.055052250623703,-0.10987120121717453,-0.11759188771247864,0,0.055052250623703,-0.10987120121717453,0.16492345184087753,0.17264413833618164,"[true, true, true]",False,False,False,66015,0,e827f3a7c15be3cc0e8dad398a812438a042d5fbfc05ac4f148ca8e9393507fa,validation_001,0,0,169499248,0,22.438889988693447
22,4.4,A,mainline,True,False,135.3600000000003,28.800000000000125,1,accelerate,2.0,2.0000000000000284,108.0,20.0,1,0,accelerate-maintain,-0.08559330552816391,0.010085023939609528,-0.17521663010120392,1,0.010085023939609528,-0.08559330552816391,0.09567832946777344,0.18530165404081345,"[true, true, true]",False,False,False,66015,0,e827f3a7c15be3cc0e8dad398a812438a042d5fbfc05ac4f148ca8e9393507fa,validation_001,0,0,169499248,0,24.269599814581625
22,4.4,B,ramp,True,False,108.0,20.0,0,maintain,0.0,0.0,135.3600000000003,28.800000000000125,1,0,accelerate-maintain,0.10521069914102554,-0.14285646378993988,-0.17121097445487976,0,0.10521069914102554,-0.14285646378993988,0.24806716293096542,0.2764216735959053,"[true, true, true]",False,False,False,66015,0,e827f3a7c15be3cc0e8dad398a812438a042d5fbfc05ac4f148ca8e9393507fa,validation_001,0,0,169499248,0,24.269599814581625
23,4.6000000000000005,A,mainline,True,False,141.16000000000034,29.20000000000013,1,accelerate,2.0,2.0000000000000284,112.0,20.0,1,0,accelerate-maintain,-0.08809179812669754,0.008175581693649292,-0.1792849600315094,1,0.008175581693649292,-0.08809179812669754,0.09626737982034683,0.1874605417251587,"[true, true, true]",False,False,False,66015,0,e827f3a7c15be3cc0e8dad398a812438a042d5fbfc05ac4f148ca8e9393507fa,validation_001,0,0,169499248,0,26.178346548359116
23,4.6000000000000005,B,ramp,True,False,112.0,20.0,0,maintain,0.0,0.0,141.16000000000034,29.20000000000013,1,0,accelerate-maintain,0.10343697667121887,-0.14328733086585999,-0.16894938051700592,0,0.10343697667121887,-0.14328733086585999,0.24672430753707886,0.2723863571882248,"[true, true, true]",False,False,False,66015,0,e827f3a7c15be3cc0e8dad398a812438a042d5fbfc05ac4f148ca8e9393507fa,validation_001,0,0,169499248,0,26.178346548359116
24,4.800000000000001,A,mainline,True,False,147.04000000000036,29.600000000000136,1,accelerate,2.0,1.9999999999971863,116.0,20.0,1,0,accelerate-maintain,-0.09027878940105438,0.007506914436817169,-0.18371005356311798,1,0.007506914436817169,-0.09027878940105438,0.09778570383787155,0.19121696799993515,"[true, true, true]",False,False,False,66015,0,e827f3a7c15be3cc0e8dad398a812438a042d5fbfc05ac4f148ca8e9393507fa,validation_001,0,0,169499248,0,28.16159026643554
24,4.800000000000001,B,ramp,True,False,116.0,20.0,0,maintain,0.0,0.0,147.04000000000036,29.600000000000136,1,0,accelerate-maintain,0.10249621421098709,-0.14386659860610962,-0.16666071116924286,0,0.10249621421098709,-0.14386659860610962,0.2463628128170967,0.26915692538022995,"[true, true, true]",False,False,False,66015,0,e827f3a7c15be3cc0e8dad398a812438a042d5fbfc05ac4f148ca8e9393507fa,validation_001,0,0,169499248,0,28.16159026643554
25,5.0,A,mainline,True,False,153.0000000000004,30.0,1,accelerate,2.0,0.0,120.0,20.0,1,0,accelerate-maintain,-0.09221737086772919,0.007013190537691116,-0.18929651379585266,1,0.007013190537691116,-0.09221737086772919,0.0992305614054203,0.19630970433354378,"[true, true, true]",False,False,False,66015,0,e827f3a7c15be3cc0e8dad398a812438a042d5fbfc05ac4f148ca8e9393507fa,validation_001,0,0,169499248,0,30.177400466595486
25,5.0,B,ramp,True,False,120.0,20.0,0,maintain,0.0,0.0,153.0000000000004,30.0,1,0,accelerate-maintain,0.10233819484710693,-0.14463332295417786,-0.16458359360694885,0,0.10233819484710693,-0.14463332295417786,0.2469715178012848,0.2669217884540558,"[true, true, true]",False,False,False,66015,0,e827f3a7c15be3cc0e8dad398a812438a042d5fbfc05ac4f148ca8e9393507fa,validation_001,0,0,169499248,0,30.177400466595486
26,5.2,A,mainline,True,False,159.0000000000004,30.0,1,accelerate,2.0,0.0,124.0,20.0,1,0,accelerate-maintain,-0.092180535197258,0.006103888154029846,-0.19535501301288605,1,0.006103888154029846,-0.092180535197258,0.09828442335128784,0.2014589011669159,"[true, true, true]",False,False,False,66015,0,e827f3a7c15be3cc0e8dad398a812438a042d5fbfc05ac4f148ca8e9393507fa,validation_001,0,0,169499248,0,32.185953575393214
26,5.2,B,ramp,True,False,124.0,20.0,0,maintain,0.0,0.0,159.0000000000004,30.0,1,0,accelerate-maintain,0.10210870206356049,-0.14672861993312836,-0.16264627873897552,0,0.10210870206356049,-0.14672861993312836,0.24883732199668884,0.264754980802536,"[true, true, true]",False,False,False,66015,0,e827f3a7c15be3cc0e8dad398a812438a042d5fbfc05ac4f148ca8e9393507fa,validation_001,0,0,169499248,0,32.185953575393214
27,5.4,A,mainline,True,False,165.0000000000004,30.0,1,accelerate,2.0,0.0,128.0,20.0,1,0,accelerate-maintain,-0.0903962180018425,0.004236035048961639,-0.20125359296798706,1,0.004236035048961639,-0.0903962180018425,0.09463225305080414,0.2054896280169487,"[true, true, true]",False,False,False,66015,0,e827f3a7c15be3cc0e8dad398a812438a042d5fbfc05ac4f148ca8e9393507fa,validation_001,0,0,169499248,0,34.18922798159744
27,5.4,B,ramp,True,False,128.0,20.0,0,maintain,0.0,0.0,165.0000000000004,30.0,1,0,accelerate-maintain,0.10177178680896759,-0.14911268651485443,-0.16103027760982513,0,0.10177178680896759,-0.14911268651485443,0.250884473323822,0.2628020644187927,"[true, true, true]",False,False,False,66015,0,e827f3a7c15be3cc0e8dad398a812438a042d5fbfc05ac4f148ca8e9393507fa,validation_001,0,0,169499248,0,34.18922798159744
28,5.6000000000000005,A,mainline,True,False,171.0000000000004,30.0,1,accelerate,2.0,0.0,132.0,20.0,1,0,accelerate-maintain,-0.08854149281978607,0.0023813992738723755,-0.20704974234104156,1,0.0023813992738723755,-0.08854149281978607,0.09092289209365845,0.20943114161491394,"[true, true, true]",False,False,False,66015,0,e827f3a7c15be3cc0e8dad398a812438a042d5fbfc05ac4f148ca8e9393507fa,validation_001,0,0,169499248,0,36.18989986290069
28,5.6000000000000005,B,ramp,True,False,132.0,20.0,0,maintain,0.0,0.0,171.0000000000004,30.0,1,0,accelerate-maintain,0.10086093842983246,-0.15016287565231323,-0.15939080715179443,0,0.10086093842983246,-0.15016287565231323,0.2510238140821457,0.2602517455816269,"[true, true, true]",False,False,False,66015,0,e827f3a7c15be3cc0e8dad398a812438a042d5fbfc05ac4f148ca8e9393507fa,validation_001,0,0,169499248,0,36.18989986290069
29,5.800000000000001,A,mainline,True,False,177.0000000000004,30.0,1,accelerate,2.0,0.0,136.0,20.0,1,0,accelerate-maintain,-0.08663328737020493,0.0005354955792427063,-0.21276402473449707,1,0.0005354955792427063,-0.08663328737020493,0.08716878294944763,0.21329952031373978,"[true, true, true]",False,False,False,66015,0,e827f3a7c15be3cc0e8dad398a812438a042d5fbfc05ac4f148ca8e9393507fa,validation_001,0,0,169499248,0,38.18993123946896
29,5.800000000000001,B,ramp,True,False,136.0,20.0,0,maintain,0.0,0.0,177.0000000000004,30.0,1,0,accelerate-maintain,0.1001032292842865,-0.15117892622947693,-0.15786753594875336,0,0.1001032292842865,-0.15117892622947693,0.2512821555137634,0.25797076523303986,"[true, true, true]",False,False,False,66015,0,e827f3a7c15be3cc0e8dad398a812438a042d5fbfc05ac4f148ca8e9393507fa,validation_001,0,0,169499248,0,38.18993123946896
30,6.0,A,mainline,True,False,183.0000000000004,30.0,1,accelerate,2.0,0.0,140.0,20.0,1,0,accelerate-maintain,-0.08408699929714203,-0.000855620950460434,-0.2175065577030182,1,-0.000855620950460434,-0.08408699929714203,0.0832313783466816,0.21665093675255775,"[true, true, true]",False,False,False,66015,0,e827f3a7c15be3cc0e8dad398a812438a042d5fbfc05ac4f148ca8e9393507fa,validation_001,0,0,169499248,0,40.18993123947652
30,6.0,B,ramp,True,False,140.0,20.0,0,maintain,0.0,0.0,183.0000000000004,30.0,1,0,accelerate-maintain,0.09979920089244843,-0.15256325900554657,-0.15697991847991943,0,0.09979920089244843,-0.15256325900554657,0.252362459897995,0.25677911937236786,"[true, true, true]",False,False,False,66015,0,e827f3a7c15be3cc0e8dad398a812438a042d5fbfc05ac4f148ca8e9393507fa,validation_001,0,0,169499248,0,40.18993123947652
31,6.2,A,mainline,True,False,189.0000000000004,30.0,1,accelerate,2.0,0.0,144.0,20.0,1,0,accelerate-maintain,-0.08091191947460175,-0.0017918720841407776,-0.22130194306373596,1,-0.0017918720841407776,-0.08091191947460175,0.07912004739046097,0.21951007097959518,"[true, true, true]",False,False,False,66015,0,e827f3a7c15be3cc0e8dad398a812438a042d5fbfc05ac4f148ca8e9393507fa,validation_001,0,0,169499248,0,42.18993123947652
31,6.2,B,ramp,True,False,144.0,20.0,0,maintain,0.0,0.0,189.0000000000004,30.0,1,0,accelerate-maintain,0.09941798448562622,-0.15385472774505615,-0.15681521594524384,0,0.09941798448562622,-0.15385472774505615,0.2532727122306824,0.25623320043087006,"[true, true, true]",False,False,False,66015,0,e827f3a7c15be3cc0e8dad398a812438a042d5fbfc05ac4f148ca8e9393507fa,validation_001,0,0,169499248,0,42.18993123947652
32,6.4,A,mainline,True,False,195.0000000000004,30.0,1,accelerate,2.0,0.0,148.0,20.0,1,0,accelerate-maintain,-0.07773793488740921,-0.0027505233883857727,-0.22513356804847717,1,-0.0027505233883857727,-0.07773793488740921,0.07498741149902344,0.2223830446600914,"[true, true, true]",False,False,False,66015,0,e827f3a7c15be3cc0e8dad398a812438a042d5fbfc05ac4f148ca8e9393507fa,validation_001,0,0,169499248,0,44.18993123947652
32,6.4,B,ramp,True,False,148.0,20.0,0,maintain,0.0,0.0,195.0000000000004,30.0,1,0,accelerate-maintain,0.09903278946876526,-0.15506882965564728,-0.15677331387996674,0,0.09903278946876526,-0.15506882965564728,0.25410161912441254,0.255806103348732,"[true, true, true]",False,False,False,66015,0,e827f3a7c15be3cc0e8dad398a812438a042d5fbfc05ac4f148ca8e9393507fa,validation_001,0,0,169499248,0,44.18993123947652
33,6.6000000000000005,A,mainline,True,False,201.0000000000004,30.0,1,accelerate,2.0,0.0,152.0,20.0,1,0,accelerate-maintain,-0.07505165785551071,-0.003567684441804886,-0.229265496134758,1,-0.003567684441804886,-0.07505165785551071,0.07148397341370583,0.2256978116929531,"[true, true, true]",False,False,False,66015,0,e827f3a7c15be3cc0e8dad398a812438a042d5fbfc05ac4f148ca8e9393507fa,validation_001,0,0,169499248,0,46.18993123947652
33,6.6000000000000005,B,ramp,True,False,152.0,20.0,0,maintain,0.0,0.0,201.0000000000004,30.0,1,0,accelerate-maintain,0.0982615202665329,-0.15691837668418884,-0.15745951235294342,0,0.0982615202665329,-0.15691837668418884,0.25517989695072174,0.2557210326194763,"[true, true, true]",False,False,False,66015,0,e827f3a7c15be3cc0e8dad398a812438a042d5fbfc05ac4f148ca8e9393507fa,validation_001,0,0,169499248,0,46.18993123947652
34,6.800000000000001,A,mainline,True,False,207.0000000000004,30.0,1,accelerate,2.0,0.0,156.0,20.0,1,0,accelerate-maintain,-0.07269465923309326,-0.004087287932634354,-0.2333557903766632,1,-0.004087287932634354,-0.07269465923309326,0.06860737130045891,0.22926850244402885,"[true, true, true]",False,False,False,66015,0,e827f3a7c15be3cc0e8dad398a812438a042d5fbfc05ac4f148ca8e9393507fa,validation_001,0,0,169499248,0,48.18993123947652
34,6.800000000000001,B,ramp,True,False,156.0,20.0,0,maintain,0.0,0.0,207.0000000000004,30.0,1,0,accelerate-maintain,0.09726202487945557,-0.15878556668758392,-0.1585807055234909,0,0.09726202487945557,-0.1585807055234909,0.25584273040294647,0.2560475915670395,"[true, true, true]",False,False,False,66015,0,e827f3a7c15be3cc0e8dad398a812438a042d5fbfc05ac4f148ca8e9393507fa,validation_001,0,0,169499248,0,48.18993123947652
35,7.0,A,mainline,True,False,213.0000000000004,30.0,1,accelerate,2.0,0.0,160.0,20.0,1,0,accelerate-maintain,-0.0707513615489006,-0.004897598177194595,-0.2375446856021881,1,-0.004897598177194595,-0.0707513615489006,0.06585376337170601,0.23264708742499352,"[true, true, true]",False,False,False,66015,0,e827f3a7c15be3cc0e8dad398a812438a042d5fbfc05ac4f148ca8e9393507fa,validation_001,0,0,169499248,0,50.18993123947652
35,7.0,B,ramp,True,False,160.0,20.0,0,maintain,0.0,0.0,213.0000000000004,30.0,1,0,accelerate-maintain,0.09563030302524567,-0.16114531457424164,-0.1604735106229782,0,0.09563030302524567,-0.1604735106229782,0.2561038136482239,0.2567756175994873,"[true, true, true]",False,False,False,66015,0,e827f3a7c15be3cc0e8dad398a812438a042d5fbfc05ac4f148ca8e9393507fa,validation_001,0,0,169499248,0,50.18993123947652
36,7.2,A,mainline,True,False,219.0000000000004,30.0,0,maintain,2.0,0.0,164.0,20.0,0,0,maintain-maintain,-0.046046964824199677,-0.05431966483592987,-0.15507018566131592,0,-0.046046964824199677,-0.05431966483592987,0.008272700011730194,0.10902322083711624,"[true, true, true]",False,False,False,66015,0,e827f3a7c15be3cc0e8dad398a812438a042d5fbfc05ac4f148ca8e9393507fa,validation_001,0,0,169499248,0,52.18993123947652
36,7.2,B,ramp,True,False,164.0,20.0,0,maintain,0.0,0.0,219.0000000000004,30.0,0,0,maintain-maintain,0.05677350237965584,-0.16367599368095398,-0.17054487764835358,0,0.05677350237965584,-0.16367599368095398,0.22044949606060982,0.22731838002800941,"[true, true, true]",False,False,False,66015,0,e827f3a7c15be3cc0e8dad398a812438a042d5fbfc05ac4f148ca8e9393507fa,validation_001,0,0,169499248,0,52.18993123947652
37,7.4,A,mainline,True,False,225.0000000000004,30.0,0,maintain,0.0,0.0,168.0,20.0,0,0,maintain-maintain,-0.04446769878268242,-0.05729943513870239,-0.15719491243362427,0,-0.04446769878268242,-0.05729943513870239,0.012831736356019974,0.11272721365094185,"[true, true, true]",False,False,False,66015,0,e827f3a7c15be3cc0e8dad398a812438a042d5fbfc05ac4f148ca8e9393507fa,validation_001,0,0,169499248,0,54.18993123947652
37,7.4,B,ramp,True,False,168.0,20.0,0,maintain,0.0,0.0,225.0000000000004,30.0,0,0,maintain-maintain,0.05443963035941124,-0.16351504623889923,-0.1732204705476761,0,0.05443963035941124,-0.16351504623889923,0.21795467659831047,0.22766010090708733,"[true, true, true]",False,False,False,66015,0,e827f3a7c15be3cc0e8dad398a812438a042d5fbfc05ac4f148ca8e9393507fa,validation_001,0,0,169499248,0,54.18993123947652
38,7.6000000000000005,A,mainline,True,False,231.0000000000004,30.0,0,maintain,0.0,0.0,172.0,20.0,0,0,maintain-maintain,-0.0426846407353878,-0.06039336323738098,-0.1592845618724823,0,-0.0426846407353878,-0.06039336323738098,0.01770872250199318,0.1165999211370945,"[true, true, true]",False,False,False,66015,0,e827f3a7c15be3cc0e8dad398a812438a042d5fbfc05ac4f148ca8e9393507fa,validation_001,0,0,169499248,0,56.18993123947652
38,7.6000000000000005,B,ramp,True,False,172.0,20.0,0,maintain,0.0,0.0,231.0000000000004,30.0,0,0,maintain-maintain,0.052104704082012177,-0.16327926516532898,-0.17593781650066376,0,0.052104704082012177,-0.16327926516532898,0.21538396924734116,0.22804252058267593,"[true, true, true]",False,False,False,66015,0,e827f3a7c15be3cc0e8dad398a812438a042d5fbfc05ac4f148ca8e9393507fa,validation_001,0,0,169499248,0,56.18993123947652
39,7.800000000000001,A,mainline,True,False,237.0000000000004,30.0,0,maintain,0.0,0.0,176.0,20.0,0,0,maintain-maintain,-0.04045788571238518,-0.0629870817065239,-0.16190436482429504,0,-0.04045788571238518,-0.0629870817065239,0.022529195994138718,0.12144647911190987,"[true, true, true]",False,False,False,66015,0,e827f3a7c15be3cc0e8dad398a812438a042d5fbfc05ac4f148ca8e9393507fa,validation_001,0,0,169499248,0,58.18993123947652
39,7.800000000000001,B,ramp,True,False,176.0,20.0,0,maintain,0.0,0.0,237.0000000000004,30.0,0,0,maintain-maintain,0.050082236528396606,-0.1632557213306427,-0.17872357368469238,0,0.050082236528396606,-0.1632557213306427,0.2133379578590393,0.228805810213089,"[true, true, true]",False,False,False,66015,0,e827f3a7c15be3cc0e8dad398a812438a042d5fbfc05ac4f148ca8e9393507fa,validation_001,0,0,169499248,0,58.18993123947652
40,8.0,A,mainline,True,False,243.0000000000004,30.0,0,maintain,0.0,0.0,180.0,20.0,0,0,maintain-maintain,-0.03851193189620972,-0.06522584706544876,-0.16413383185863495,0,-0.03851193189620972,-0.06522584706544876,0.026713915169239044,0.12562189996242523,"[true, true, true]",False,False,False,66015,0,e827f3a7c15be3cc0e8dad398a812438a042d5fbfc05ac4f148ca8e9393507fa,validation_001,0,0,169499248,0,60.18993123947652
40,8.0,B,ramp,True,False,180.0,20.0,0,maintain,0.0,0.0,243.0000000000004,30.0,0,0,maintain-maintain,0.04870475083589554,-0.16421078145503998,-0.18211694061756134,0,0.04870475083589554,-0.16421078145503998,0.21291553229093552,0.23082169145345688,"[true, true, true]",False,False,False,66015,0,e827f3a7c15be3cc0e8dad398a812438a042d5fbfc05ac4f148ca8e9393507fa,validation_001,0,0,169499248,0,60.18993123947652
41,8.200000000000001,A,mainline,True,False,249.0000000000004,30.0,0,maintain,0.0,0.0,184.0,20.0,0,0,maintain-maintain,-0.036695048213005066,-0.06670472025871277,-0.1662740707397461,0,-0.036695048213005066,-0.06670472025871277,0.030009672045707703,0.12957902252674103,"[true, true, true]",False,False,False,66015,0,e827f3a7c15be3cc0e8dad398a812438a042d5fbfc05ac4f148ca8e9393507fa,validation_001,0,0,169499248,0,62.18993123947652
41,8.200000000000001,B,ramp,True,False,184.0,20.0,0,maintain,0.0,0.0,249.0000000000004,30.0,0,0,maintain-maintain,0.04783814027905464,-0.16600146889686584,-0.18550969660282135,0,0.04783814027905464,-0.16600146889686584,0.2138396091759205,0.233347836881876,"[true, true, true]",False,False,False,66015,0,e827f3a7c15be3cc0e8dad398a812438a042d5fbfc05ac4f148ca8e9393507fa,validation_001,0,0,169499248,0,62.18993123947652
42,8.4,A,mainline,True,False,255.0000000000004,30.0,0,maintain,0.0,0.0,188.0,20.0,0,0,maintain-maintain,-0.03481674939393997,-0.06804965436458588,-0.168354794383049,0,-0.03481674939393997,-0.06804965436458588,0.033232904970645905,0.13353804498910904,"[true, true, true]",False,False,False,66015,0,e827f3a7c15be3cc0e8dad398a812438a042d5fbfc05ac4f148ca8e9393507fa,validation_001,0,0,169499248,0,
42,8.4,B,ramp,True,False,188.0,20.0,0,maintain,0.0,0.0,255.0000000000004,30.0,0,0,maintain-maintain,0.04722563549876213,-0.16750462353229523,-0.18860436975955963,0,0.04722563549876213,-0.16750462353229523,0.21473025903105736,0.23583000525832176,"[true, true, true]",False,False,False,66015,0,e827f3a7c15be3cc0e8dad398a812438a042d5fbfc05ac4f148ca8e9393507fa,validation_001,0,0,169499248,0,
43,8.6,A,mainline,False,True,261.0000000000004,0.0,0,maintain,0.0,0.0,192.0,20.0,0,0,inactive-active,-0.024668339639902115,-0.037424683570861816,-0.2051050215959549,0,-0.024668339639902115,-0.037424683570861816,0.012756343930959702,0.18043668195605278,"[true, true, true]",False,False,False,66015,0,e827f3a7c15be3cc0e8dad398a812438a042d5fbfc05ac4f148ca8e9393507fa,validation_001,0,0,169499248,0,
43,8.6,B,ramp,True,False,192.0,20.0,0,maintain,0.0,0.0,261.0000000000004,0.0,0,0,inactive-active,0.02237655781209469,-0.06861070543527603,-0.10417318344116211,0,0.02237655781209469,-0.06861070543527603,0.09098726324737072,0.1265497412532568,"[true, true, true]",False,False,False,66015,0,e827f3a7c15be3cc0e8dad398a812438a042d5fbfc05ac4f148ca8e9393507fa,validation_001,0,0,169499248,0,
44,8.8,A,mainline,False,True,261.0000000000004,0.0,0,maintain,0.0,0.0,196.0,20.0,0,0,inactive-active,-0.024052796885371208,-0.0362219363451004,-0.20530930161476135,0,-0.024052796885371208,-0.0362219363451004,0.012169139459729195,0.18125650472939014,"[true, true, true]",False,False,False,66015,0,e827f3a7c15be3cc0e8dad398a812438a042d5fbfc05ac4f148ca8e9393507fa,validation_001,0,0,169499248,0,
44,8.8,B,ramp,True,False,196.0,20.0,0,maintain,0.0,0.0,261.0000000000004,0.0,0,0,inactive-active,0.02315578982234001,-0.06892915070056915,-0.10312119126319885,0,0.02315578982234001,-0.06892915070056915,0.09208494052290916,0.12627698108553886,"[true, true, true]",False,False,False,66015,0,e827f3a7c15be3cc0e8dad398a812438a042d5fbfc05ac4f148ca8e9393507fa,validation_001,0,0,169499248,0,
45,9.0,A,mainline,False,True,261.0000000000004,0.0,0,maintain,0.0,0.0,200.0,20.0,0,0,inactive-active,-0.02343365177512169,-0.03503929823637009,-0.2055720090866089,0,-0.02343365177512169,-0.03503929823637009,0.011605646461248398,0.1821383573114872,"[true, true, true]",False,False,False,66015,0,e827f3a7c15be3cc0e8dad398a812438a042d5fbfc05ac4f148ca8e9393507fa,validation_001,0,0,169499248,0,
45,9.0,B,ramp,True,False,200.0,20.0,0,maintain,0.0,0.0,261.0000000000004,0.0,0,0,inactive-active,0.023935401812195778,-0.06924699991941452,-0.10206902772188187,0,0.023935401812195778,-0.06924699991941452,0.0931824017316103,0.12600442953407764,"[true, true, true]",False,False,False,66015,0,e827f3a7c15be3cc0e8dad398a812438a042d5fbfc05ac4f148ca8e9393507fa,validation_001,0,0,169499248,0,
46,9.200000000000001,A,mainline,False,True,261.0000000000004,0.0,0,maintain,0.0,0.0,204.0,20.0,0,0,inactive-active,-0.022806910797953606,-0.03378433734178543,-0.20579349994659424,0,-0.022806910797953606,-0.03378433734178543,0.010977426543831825,0.18298658914864063,"[true, true, true]",False,False,False,66015,0,e827f3a7c15be3cc0e8dad398a812438a042d5fbfc05ac4f148ca8e9393507fa,validation_001,0,0,169499248,0,
46,9.200000000000001,B,ramp,True,False,204.0,20.0,0,maintain,0.0,0.0,261.0000000000004,0.0,0,0,inactive-active,0.024864688515663147,-0.06967198848724365,-0.1010158360004425,0,0.024864688515663147,-0.06967198848724365,0.0945366770029068,0.12588052451610565,"[true, true, true]",False,False,False,66015,0,e827f3a7c15be3cc0e8dad398a812438a042d5fbfc05ac4f148ca8e9393507fa,validation_001,0,0,169499248,0,
47,9.4,A,mainline,False,True,261.0000000000004,0.0,0,maintain,0.0,0.0,208.0,20.0,0,0,inactive-active,-0.022096017375588417,-0.0324815958738327,-0.20589858293533325,0,-0.022096017375588417,-0.0324815958738327,0.010385578498244286,0.18380256555974483,"[true, true, true]",False,False,False,66015,0,e827f3a7c15be3cc0e8dad398a812438a042d5fbfc05ac4f148ca8e9393507fa,validation_001,0,0,169499248,0,
47,9.4,B,ramp,True,False,208.0,20.0,0,maintain,0.0,0.0,261.0000000000004,0.0,0,0,inactive-active,0.02574586495757103,-0.07098869979381561,-0.10022763162851334,0,0.02574586495757103,-0.07098869979381561,0.09673456475138664,0.12597349658608437,"[true, true, true]",False,False,False,66015,0,e827f3a7c15be3cc0e8dad398a812438a042d5fbfc05ac4f148ca8e9393507fa,validation_001,0,0,169499248,0,
48,9.600000000000001,A,mainline,False,True,261.0000000000004,0.0,0,maintain,0.0,0.0,212.0,20.0,0,0,inactive-active,-0.021378913894295692,-0.031095512211322784,-0.20556658506393433,0,-0.021378913894295692,-0.031095512211322784,0.009716598317027092,0.18418767116963863,"[true, true, true]",False,False,False,66015,0,e827f3a7c15be3cc0e8dad398a812438a042d5fbfc05ac4f148ca8e9393507fa,validation_001,0,0,169499248,0,
48,9.600000000000001,B,ramp,True,False,212.0,20.0,0,maintain,0.0,0.0,261.0000000000004,0.0,0,0,inactive-active,0.026350583881139755,-0.0723133459687233,-0.09957241266965866,0,0.026350583881139755,-0.0723133459687233,0.09866392984986305,0.12592299655079842,"[true, true, true]",False,False,False,66015,0,e827f3a7c15be3cc0e8dad398a812438a042d5fbfc05ac4f148ca8e9393507fa,validation_001,0,0,169499248,0,
49,9.8,A,mainline,False,True,261.0000000000004,0.0,0,maintain,0.0,0.0,216.0,20.0,0,0,inactive-active,-0.020699696615338326,-0.029720976948738098,-0.20521259307861328,0,-0.020699696615338326,-0.029720976948738098,0.009021280333399773,0.18451289646327496,"[true, true, true]",False,False,False,66015,0,e827f3a7c15be3cc0e8dad398a812438a042d5fbfc05ac4f148ca8e9393507fa,validation_001,0,0,169499248,0,
49,9.8,B,ramp,True,False,216.0,20.0,0,maintain,0.0,0.0,261.0000000000004,0.0,0,0,inactive-active,0.026896996423602104,-0.073634572327137,-0.09896580874919891,0,0.026896996423602104,-0.073634572327137,0.1005315687507391,0.12586280517280102,"[true, true, true]",False,False,False,66015,0,e827f3a7c15be3cc0e8dad398a812438a042d5fbfc05ac4f148ca8e9393507fa,validation_001,0,0,169499248,0,
50,10.0,A,mainline,False,True,261.0000000000004,0.0,0,maintain,0.0,0.0,220.0,20.0,0,0,inactive-active,-0.020044680684804916,-0.028348132967948914,-0.20484638214111328,0,-0.020044680684804916,-0.028348132967948914,0.008303452283143997,0.18480170145630836,"[true, true, true]",False,False,False,66015,0,e827f3a7c15be3cc0e8dad398a812438a042d5fbfc05ac4f148ca8e9393507fa,validation_001,0,0,169499248,0,
50,10.0,B,ramp,True,False,220.0,20.0,0,maintain,0.0,0.0,261.0000000000004,0.0,0,0,inactive-active,0.027366720139980316,-0.07504422962665558,-0.09832636266946793,0,0.027366720139980316,-0.07504422962665558,0.1024109497666359,0.12569308280944824,"[true, true, true]",False,False,False,66015,0,e827f3a7c15be3cc0e8dad398a812438a042d5fbfc05ac4f148ca8e9393507fa,validation_001,0,0,169499248,0,
51,10.200000000000001,A,mainline,False,True,261.0000000000004,0.0,0,maintain,0.0,0.0,224.0,20.0,0,0,inactive-active,-0.019136859104037285,-0.026722028851509094,-0.20475077629089355,0,-0.019136859104037285,-0.026722028851509094,0.007585169747471809,0.18561391718685627,"[true, true, true]",False,False,False,66015,0,e827f3a7c15be3cc0e8dad398a812438a042d5fbfc05ac4f148ca8e9393507fa,validation_001,0,0,169499248,0,
51,10.200000000000001,B,ramp,True,False,224.0,20.0,0,maintain,0.0,0.0,261.0000000000004,0.0,0,0,inactive-active,0.02763545699417591,-0.0766807347536087,-0.09759168326854706,0,0.02763545699417591,-0.0766807347536087,0.10431619174778461,0.12522714026272297,"[true, true, true]",False,False,False,66015,0,e827f3a7c15be3cc0e8dad398a812438a042d5fbfc05ac4f148ca8e9393507fa,validation_001,0,0,169499248,0,
52,10.4,A,mainline,False,True,261.0000000000004,0.0,0,maintain,0.0,0.0,228.0,20.0,0,0,inactive-active,-0.018402038142085075,-0.025312431156635284,-0.20475372672080994,0,-0.018402038142085075,-0.025312431156635284,0.006910393014550209,0.18635168857872486,"[true, true, true]",False,False,False,66015,0,e827f3a7c15be3cc0e8dad398a812438a042d5fbfc05ac4f148ca8e9393507fa,validation_001,0,0,169499248,0,
52,10.4,B,ramp,True,False,228.0,20.0,0,maintain,0.0,0.0,261.0000000000004,0.0,0,0,inactive-active,0.028055017814040184,-0.07812038064002991,-0.09670789539813995,0,0.028055017814040184,-0.07812038064002991,0.10617539845407009,0.12476291321218014,"[true, true, true]",False,False,False,66015,0,e827f3a7c15be3cc0e8dad398a812438a042d5fbfc05ac4f148ca8e9393507fa,validation_001,0,0,169499248,0,
53,10.600000000000001,A,mainline,False,True,261.0000000000004,0.0,0,maintain,0.0,0.0,232.0,20.0,0,0,inactive-active,-0.017646489664912224,-0.023669622838497162,-0.20464560389518738,0,-0.017646489664912224,-0.023669622838497162,0.006023133173584938,0.18699911423027515,"[true, true, true]",False,False,False,66015,0,e827f3a7c15be3cc0e8dad398a812438a042d5fbfc05ac4f148ca8e9393507fa,validation_001,0,0,169499248,0,
53,10.600000000000001,B,ramp,True,False,232.0,20.0,0,maintain,0.0,0.0,261.0000000000004,0.0,0,0,inactive-active,0.028436552733182907,-0.07946324348449707,-0.09591890871524811,0,0.028436552733182907,-0.07946324348449707,0.10789979621767998,0.12435546144843102,"[true, true, true]",False,False,False,66015,0,e827f3a7c15be3cc0e8dad398a812438a042d5fbfc05ac4f148ca8e9393507fa,validation_001,0,0,169499248,0,
54,10.8,A,mainline,False,True,261.0000000000004,0.0,0,maintain,0.0,0.0,236.0,20.0,0,0,inactive-active,-0.01656290888786316,-0.021213054656982422,-0.2041950225830078,0,-0.01656290888786316,-0.021213054656982422,0.004650145769119263,0.18763211369514465,"[true, true, true]",False,False,False,66015,0,e827f3a7c15be3cc0e8dad398a812438a042d5fbfc05ac4f148ca8e9393507fa,validation_001,0,0,169499248,0,
54,10.8,B,ramp,True,False,236.0,20.0,0,maintain,0.0,0.0,261.0000000000004,0.0,0,0,inactive-active,0.028769489377737045,-0.08068235218524933,-0.09525094926357269,0,0.028769489377737045,-0.08068235218524933,0.10945184156298637,0.12402043864130974,"[true, true, true]",False,False,False,66015,0,e827f3a7c15be3cc0e8dad398a812438a042d5fbfc05ac4f148ca8e9393507fa,validation_001,0,0,169499248,0,
55,11.0,A,mainline,False,True,261.0000000000004,0.0,0,maintain,0.0,0.0,240.0,20.0,0,0,inactive-active,-0.015478948131203651,-0.018755987286567688,-0.2037448287010193,0,-0.015478948131203651,-0.018755987286567688,0.0032770391553640366,0.18826588056981564,"[true, true, true]",False,False,False,66015,0,e827f3a7c15be3cc0e8dad398a812438a042d5fbfc05ac4f148ca8e9393507fa,validation_001,0,0,169499248,0,
55,11.0,B,ramp,True,False,240.0,20.0,0,maintain,0.0,0.0,261.0000000000004,0.0,0,0,inactive-active,0.029078003019094467,-0.08190758526325226,-0.09459274262189865,0,0.029078003019094467,-0.08190758526325226,0.11098558828234673,0.12367074564099312,"[true, true, true]",False,False,False,66015,0,e827f3a7c15be3cc0e8dad398a812438a042d5fbfc05ac4f148ca8e9393507fa,validation_001,0,0,169499248,0,
56,11.200000000000001,A,mainline,False,True,261.0000000000004,0.0,0,maintain,0.0,0.0,244.0,20.0,0,0,inactive-active,-0.014394735917448997,-0.01629839837551117,-0.2032950073480606,0,-0.014394735917448997,-0.01629839837551117,0.001903662458062172,0.1889002714306116,"[true, true, true]",False,False,False,66015,0,e827f3a7c15be3cc0e8dad398a812438a042d5fbfc05ac4f148ca8e9393507fa,validation_001,0,0,169499248,0,
56,11.200000000000001,B,ramp,True,False,244.0,20.0,0,maintain,0.0,0.0,261.0000000000004,0.0,0,0,inactive-active,0.02894006296992302,-0.0831993892788887,-0.09412840008735657,0,0.02894006296992302,-0.0831993892788887,0.11213945224881172,0.12306846305727959,"[true, true, true]",False,False,False,66015,0,e827f3a7c15be3cc0e8dad398a812438a042d5fbfc05ac4f148ca8e9393507fa,validation_001,0,0,169499248,0,
57,11.4,A,mainline,False,True,261.0000000000004,0.0,0,maintain,0.0,0.0,248.0,20.0,0,0,inactive-active,-0.013310300186276436,-0.013840243220329285,-0.20284563302993774,0,-0.013310300186276436,-0.013840243220329285,0.0005299430340528488,0.1895353328436613,"[true, true, true]",False,False,False,66015,0,e827f3a7c15be3cc0e8dad398a812438a042d5fbfc05ac4f148ca8e9393507fa,validation_001,0,0,169499248,0,
57,11.4,B,ramp,True,False,248.0,20.0,0,maintain,0.0,0.0,261.0000000000004,0.0,0,0,inactive-active,0.028892548754811287,-0.08445508778095245,-0.09363102167844772,0,0.028892548754811287,-0.08445508778095245,0.11334763653576374,0.12252357043325901,"[true, true, true]",False,False,False,66015,0,e827f3a7c15be3cc0e8dad398a812438a042d5fbfc05ac4f148ca8e9393507fa,validation_001,0,0,169499248,0,
58,11.600000000000001,A,mainline,False,True,261.0000000000004,0.0,0,maintain,0.0,0.0,252.0,20.0,0,0,inactive-active,-0.012225758284330368,-0.011381521821022034,-0.20239666104316711,1,-0.011381521821022034,-0.012225758284330368,0.0008442364633083344,0.19101513922214508,"[true, true, true]",False,False,False,66015,0,e827f3a7c15be3cc0e8dad398a812438a042d5fbfc05ac4f148ca8e9393507fa,validation_001,0,0,169499248,0,
58,11.600000000000001,B,ramp,True,False,252.0,20.0,0,maintain,0.0,0.0,261.0000000000004,0.0,0,0,inactive-active,0.028982916846871376,-0.08566810190677643,-0.09301082044839859,0,0.028982916846871376,-0.08566810190677643,0.1146510187536478,0.12199373729526997,"[true, true, true]",False,False,False,66015,0,e827f3a7c15be3cc0e8dad398a812438a042d5fbfc05ac4f148ca8e9393507fa,validation_001,0,0,169499248,0,
59,11.8,A,mainline,False,True,261.0000000000004,0.0,0,maintain,0.0,0.0,256.0,20.0,0,0,inactive-active,-0.011141113936901093,-0.008922204375267029,-0.2019481062889099,1,-0.008922204375267029,-0.011141113936901093,0.0022189095616340637,0.19302590191364288,"[true, true, true]",False,False,False,66015,0,e827f3a7c15be3cc0e8dad398a812438a042d5fbfc05ac4f148ca8e9393507fa,validation_001,0,0,169499248,0,
59,11.8,B,ramp,True,False,256.0,20.0,0,maintain,0.0,0.0,261.0000000000004,0.0,0,0,inactive-active,0.029178671538829803,-0.08690334111452103,-0.09201265871524811,0,0.029178671538829803,-0.08690334111452103,0.11608201265335083,0.12119133025407791,"[true, true, true]",False,False,False,66015,0,e827f3a7c15be3cc0e8dad398a812438a042d5fbfc05ac4f148ca8e9393507fa,validation_001,0,0,169499248,0,
60,12.0,A,mainline,False,True,261.0000000000004,0.0,0,maintain,0.0,0.0,260.0,20.0,0,0,inactive-active,-0.009957315400242805,-0.006299570202827454,-0.20149996876716614,1,-0.006299570202827454,-0.009957315400242805,0.003657745197415352,0.19520039856433868,"[true, true, true]",False,True,False,66015,0,e827f3a7c15be3cc0e8dad398a812438a042d5fbfc05ac4f148ca8e9393507fa,validation_001,0,0,169499248,0,
60,12.0,B,ramp,True,False,260.0,20.0,0,maintain,0.0,0.0,261.0000000000004,0.0,0,0,inactive-active,0.029375413432717323,-0.08814117312431335,-0.09101328253746033,0,0.029375413432717323,-0.08814117312431335,0.11751658655703068,0.12038869597017765,"[true, true, true]",False,True,False,66015,0,e827f3a7c15be3cc0e8dad398a812438a042d5fbfc05ac4f148ca8e9393507fa,validation_001,0,0,169499248,0,
0,0.0,A,ramp,True,False,20.0,20.0,1,accelerate,0.0,2.0000000000000284,28.0,20.0,1,0,accelerate-maintain,-0.055643390864133835,0.08040143549442291,-0.10156235098838806,1,0.08040143549442291,-0.055643390864133835,0.13604482635855675,0.18196378648281097,"[true, true, true]",False,False,False,66015,0,e827f3a7c15be3cc0e8dad398a812438a042d5fbfc05ac4f148ca8e9393507fa,validation_001,1,0,169499248,1,
0,0.0,B,mainline,True,False,28.0,20.0,0,maintain,0.0,0.0,20.0,20.0,1,0,accelerate-maintain,0.02300671488046646,-0.14330533146858215,-0.11846543103456497,0,0.02300671488046646,-0.11846543103456497,0.14147214591503143,0.16631204634904861,"[true, true, true]",False,False,False,66015,0,e827f3a7c15be3cc0e8dad398a812438a042d5fbfc05ac4f148ca8e9393507fa,validation_001,1,0,169499248,1,
1,0.2,A,ramp,True,False,24.040000000000003,20.400000000000006,1,accelerate,2.0,2.0000000000000284,32.0,20.0,1,0,accelerate-maintain,-0.056243352591991425,0.08117496967315674,-0.10212163627147675,1,0.08117496967315674,-0.056243352591991425,0.13741832226514816,0.18329660594463348,"[true, true, true]",False,False,False,66015,0,e827f3a7c15be3cc0e8dad398a812438a042d5fbfc05ac4f148ca8e9393507fa,validation_001,1,0,169499248,1,
1,0.2,B,mainline,True,False,32.0,20.0,0,maintain,0.0,0.0,24.040000000000003,20.400000000000006,1,0,accelerate-maintain,0.022702254354953766,-0.14228743314743042,-0.11689059436321259,0,0.022702254354953766,-0.11689059436321259,0.13959284871816635,0.16498968750238419,"[true, true, true]",False,False,False,66015,0,e827f3a7c15be3cc0e8dad398a812438a042d5fbfc05ac4f148ca8e9393507fa,validation_001,1,0,169499248,1,
2,0.4,A,ramp,True,False,28.160000000000004,20.80000000000001,1,accelerate,2.0,2.0000000000000284,36.0,20.0,1,0,accelerate-maintain,-0.056607685983181,0.08189491927623749,-0.10277765989303589,1,0.08189491927623749,-0.056607685983181,0.1385026052594185,0.18467257916927338,"[true, true, true]",False,False,False,66015,0,e827f3a7c15be3cc0e8dad398a812438a042d5fbfc05ac4f148ca8e9393507fa,validation_001,1,0,169499248,1,
2,0.4,B,mainline,True,False,36.0,20.0,0,maintain,0.0,0.0,28.160000000000004,20.80000000000001,1,0,accelerate-maintain,0.022728394716978073,-0.14077700674533844,-0.11535851657390594,0,0.022728394716978073,-0.11535851657390594,0.13808691129088402,0.1635054014623165,"[true, true, true]",False,False,False,66015,0,e827f3a7c15be3cc0e8dad398a812438a042d5fbfc05ac4f148ca8e9393507fa,validation_001,1,0,169499248,1,
3,0.6000000000000001,A,ramp,True,False,32.36000000000001,21.200000000000017,1,accelerate,2.0,2.0000000000000284,40.0,20.0,1,0,accelerate-maintain,-0.056804925203323364,0.08256960660219193,-0.10350430011749268,1,0.08256960660219193,-0.056804925203323364,0.1393745318055153,0.1860739067196846,"[true, true, true]",False,False,False,66015,0,e827f3a7c15be3cc0e8dad398a812438a042d5fbfc05ac4f148ca8e9393507fa,validation_001,1,0,169499248,1,
3,0.6000000000000001,B,mainline,True,False,40.0,20.0,0,maintain,0.0,0.0,32.36000000000001,21.200000000000017,1,0,accelerate-maintain,0.023008126765489578,-0.13888442516326904,-0.11379116773605347,0,0.023008126765489578,-0.11379116773605347,0.13679929450154305,0.16189255192875862,"[true, true, true]",False,False,False,66015,0,e827f3a7c15be3cc0e8dad398a812438a042d5fbfc05ac4f148ca8e9393507fa,validation_001,1,0,169499248,1,
4,0.8,A,ramp,True,False,36.64000000000001,21.600000000000023,1,accelerate,2.0,2.0000000000000284,44.0,20.0,1,0,accelerate-maintain,-0.05687659978866577,0.08320403844118118,-0.10428601503372192,1,0.08320403844118118,-0.05687659978866577,0.14008063822984695,0.1874900534749031,"[true, true, true]",False,False,False,66015,0,e827f3a7c15be3cc0e8dad398a812438a042d5fbfc05ac4f148ca8e9393507fa,validation_001,1,0,169499248,1,
4,0.8,B,mainline,True,False,44.0,20.0,0,maintain,0.0,0.0,36.64000000000001,21.600000000000023,1,0,accelerate-maintain,0.023369982838630676,-0.13682705163955688,-0.1124209463596344,0,0.023369982838630676,-0.1124209463596344,0.13579092919826508,0.16019703447818756,"[true, true, true]",False,False,False,66015,0,e827f3a7c15be3cc0e8dad398a812438a042d5fbfc05ac4f148ca8e9393507fa,validation_001,1,0,169499248,1,
5,1.0,A,ramp,True,False,41.000000000000014,22.00000000000003,1,accelerate,2.0,2.0000000000000284,48.0,20.0,1,0,accelerate-maintain,-0.056704290211200714,0.08431009948253632,-0.10545794665813446,1,0.08431009948253632,-0.056704290211200714,0.14101438969373703,0.18976804614067078,"[true, true, true]",False,False,False,66015,0,e827f3a7c15be3cc0e8dad398a812438a042d5fbfc05ac4f148ca8e9393507fa,validation_001,1,0,169499248,1,
5,1.0,B,mainline,True,False,48.0,20.0,0,maintain,0.0,0.0,41.000000000000014,22.00000000000003,1,0,accelerate-maintain,0.023676039651036263,-0.13490737974643707,-0.11137150973081589,0,0.023676039651036263,-0.11137150973081589,0.13504754938185215,0.15858341939747334,"[true, true, true]",False,False,False,66015,0,e827f3a7c15be3cc0e8dad398a812438a042d5fbfc05ac4f148ca8e9393507fa,validation_001,1,0,169499248,1,
6,1.2000000000000002,A,ramp,True,False,45.44000000000002,22.400000000000034,1,accelerate,2.0,2.0000000000000284,52.0,20.0,1,0,accelerate-maintain,-0.05660802125930786,0.08569060266017914,-0.10664896667003632,1,0.08569060266017914,-0.05660802125930786,0.142298623919487,0.19233956933021545,"[true, true, true]",False,False,False,66015,0,e827f3a7c15be3cc0e8dad398a812438a042d5fbfc05ac4f148ca8e9393507fa,validation_001,1,0,169499248,1,
6,1.2000000000000002,B,mainline,True,False,52.0,20.0,0,maintain,0.0,0.0,45.44000000000002,22.400000000000034,1,0,accelerate-maintain,0.023842351511120796,-0.13309691846370697,-0.11051841080188751,0,0.023842351511120796,-0.11051841080188751,0.1343607623130083,0.15693926997482777,"[true, true, true]",False,False,False,66015,0,e827f3a7c15be3cc0e8dad398a812438a042d5fbfc05ac4f148ca8e9393507fa,validation_001,1,0,169499248,1,
7,1.4000000000000001,A,ramp,True,False,49.96000000000003,22.80000000000004,1,accelerate,2.0,2.0000000000000284,56.0,20.0,1,0,accelerate-maintain,-0.05657891184091568,0.08701664209365845,-0.10748226195573807,1,0.08701664209365845,-0.05657891184091568,0.14359555393457413,0.19449890404939651,"[true, true, true]",False,False,False,66015,0,e827f3a7c15be3cc0e8dad398a812438a042d5fbfc05ac4f148ca8e9393507fa,validation_001,1,0,169499248,1,
7,1.4000000000000001,B,mainline,True,False,56.0,20.0,0,maintain,0.0,0.0,49.96000000000003,22.80000000000004,1,0,accelerate-maintain,0.02433556132018566,-0.13078510761260986,-0.10902519524097443,0,0.02433556132018566,-0.10902519524097443,0.1333607565611601,0.15512066893279552,"[true, true, true]",False,False,False,66015,0,e827f3a7c15be3cc0e8dad398a812438a042d5fbfc05ac4f148ca8e9393507fa,validation_001,1,0,169499248,1,
8,1.6,A,ramp,True,False,54.56000000000004,23.200000000000045,1,accelerate,2.0,2.0000000000000284,60.0,20.0,1,0,accelerate-maintain,-0.05643820762634277,0.0882047489285469,-0.10835221409797668,1,0.0882047489285469,-0.05643820762634277,0.14464295655488968,0.1965569630265236,"[true, true, true]",False,False,False,66015,0,e827f3a7c15be3cc0e8dad398a812438a042d5fbfc05ac4f148ca8e9393507fa,validation_001,1,0,169499248,1,
8,1.6,B,mainline,True,False,60.0,20.0,0,maintain,0.0,0.0,54.56000000000004,23.200000000000045,1,0,accelerate-maintain,0.025133583694696426,-0.12853679060935974,-0.10745523124933243,0,0.025133583694696426,-0.10745523124933243,0.13258881494402885,0.15367037430405617,"[true, true, true]",False,False,False,66015,0,e827f3a7c15be3cc0e8dad398a812438a042d5fbfc05ac4f148ca8e9393507fa,validation_001,1,0,169499248,1,
9,1.8,A,ramp,True,False,59.240000000000045,23.60000000000005,1,accelerate,2.0,2.0000000000000284,64.0,20.0,1,0,accelerate-maintain,-0.05587492883205414,0.08936306834220886,-0.10874885320663452,1,0.08936306834220886,-0.05587492883205414,0.145237997174263,0.19811192154884338,"[true, true, true]",False,False,False,66015,0,e827f3a7c15be3cc0e8dad398a812438a042d5fbfc05ac4f148ca8e9393507fa,validation_001,1,0,169499248,1,
9,1.8,B,mainline,True,False,64.0,20.0,0,maintain,0.0,0.0,59.240000000000045,23.60000000000005,1,0,accelerate-maintain,0.026949197053909302,-0.12512055039405823,-0.10559748113155365,0,0.026949197053909302,-0.10559748113155365,0.13254667818546295,0.15206974744796753,"[true, true, true]",False,False,False,66015,0,e827f3a7c15be3cc0e8dad398a812438a042d5fbfc05ac4f148ca8e9393507fa,validation_001,1,0,169499248,1,
10,2.0,A,ramp,True,False,64.00000000000006,24.000000000000057,1,accelerate,2.0,2.0000000000000284,68.0,20.0,1,0,accelerate-maintain,-0.05409051105380058,0.09037665277719498,-0.11078620702028275,1,0.09037665277719498,-0.05409051105380058,0.14446716383099556,0.20116285979747772,"[true, true, true]",False,False,False,66015,0,e827f3a7c15be3cc0e8dad398a812438a042d5fbfc05ac4f148ca8e9393507fa,validation_001,1,0,169499248,1,
10,2.0,B,mainline,True,False,68.0,20.0,0,maintain,0.0,0.0,64.00000000000006,24.000000000000057,1,0,accelerate-maintain,0.028508570045232773,-0.12204135954380035,-0.10456394404172897,0,0.028508570045232773,-0.10456394404172897,0.13307251408696175,0.15054992958903313,"[true, true, true]",False,False,False,66015,0,e827f3a7c15be3cc0e8dad398a812438a042d5fbfc05ac4f148ca8e9393507fa,validation_001,1,0,169499248,1,
11,2.2,A,ramp,True,False,68.84000000000006,24.400000000000063,1,accelerate,2.0,2.0000000000000284,72.0,20.0,1,0,accelerate-maintain,-0.051577337086200714,0.09112079441547394,-0.11328074336051941,1,0.09112079441547394,-0.051577337086200714,0.14269813150167465,0.20440153777599335,"[true, true, true]",False,False,False,66015,0,e827f3a7c15be3cc0e8dad398a812438a042d5fbfc05ac4f148ca8e9393507fa,validation_001,1,0,169499248,1,
11,2.2,B,mainline,True,False,72.0,20.0,0,maintain,0.0,0.0,68.84000000000006,24.400000000000063,1,0,accelerate-maintain,0.030580472201108932,-0.12163692712783813,-0.10553368180990219,0,0.030580472201108932,-0.10553368180990219,0.13611415401101112,0.15221739932894707,"[true, true, true]",False,False,False,66015,0,e827f3a7c15be3cc0e8dad398a812438a042d5fbfc05ac4f148ca8e9393507fa,validation_001,1,0,169499248,1,
12,2.4000000000000004,A,ramp,True,False,73.76000000000006,24.800000000000068,1,accelerate,2.0,2.0000000000000284,76.0,20.0,1,0,accelerate-maintain,-0.04884321615099907,0.09103378653526306,-0.11577765643596649,1,0.09103378653526306,-0.04884321615099907,0.13987700268626213,0.20681144297122955,"[true, true, true]",False,False,False,66015,0,e827f3a7c15be3cc0e8dad398a812438a042d5fbfc05ac4f148ca8e9393507fa,validation_001,1,0,169499248,1,
12,2.4000000000000004,B,mainline,True,False,76.0,20.0,0,maintain,0.0,0.0,73.76000000000006,24.800000000000068,1,0,accelerate-maintain,0.03235557675361633,-0.12222599983215332,-0.10677172243595123,0,0.03235557675361633,-0.10677172243595123,0.13912729918956757,0.15458157658576965,"[true, true, true]",False,False,False,66015,0,e827f3a7c15be3cc0e8dad398a812438a042d5fbfc05ac4f148ca8e9393507fa,validation_001,1,0,169499248,1,
13,2.6,A,ramp,True,False,78.76000000000008,25.200000000000074,1,accelerate,2.0,2.0000000000000284,80.0,20.0,1,0,accelerate-maintain,-0.04650371894240379,0.0906723141670227,-0.11816512793302536,1,0.0906723141670227,-0.04650371894240379,0.1371760331094265,0.20883744210004807,"[true, true, true]",False,False,False,66015,0,e827f3a7c15be3cc0e8dad398a812438a042d5fbfc05ac4f148ca8e9393507fa,validation_001,1,0,169499248,1,
13,2.6,B,mainline,True,False,80.0,20.0,0,maintain,0.0,0.0,78.76000000000008,25.200000000000074,1,0,accelerate-maintain,0.0335235521197319,-0.12293393909931183,-0.10788729786872864,0,0.0335235521197319,-0.10788729786872864,0.14141084998846054,0.15645749121904373,"[true, true, true]",False,False,False,66015,0,e827f3a7c15be3cc0e8dad398a812438a042d5fbfc05ac4f148ca8e9393507fa,validation_001,1,0,169499248,1,
14,2.8000000000000003,A,ramp,True,False,83.84000000000009,25.60000000000008,1,accelerate,2.0,2.0000000000000284,84.0,20.0,1,0,accelerate-maintain,-0.044148631393909454,0.09034011512994766,-0.12045575678348541,1,0.09034011512994766,-0.044148631393909454,0.13448874652385712,0.21079587191343307,"[true, true, true]",False,False,False,66015,0,e827f3a7c15be3cc0e8dad398a812438a042d5fbfc05ac4f148ca8e9393507fa,validation_001,1,0,169499248,1,
14,2.8000000000000003,B,mainline,True,False,84.0,20.0,0,maintain,0.0,0.0,83.84000000000009,25.60000000000008,1,0,accelerate-maintain,0.03469795361161232,-0.12366269528865814,-0.10918964445590973,0,0.03469795361161232,-0.10918964445590973,0.14388759806752205,0.15836064890027046,"[true, true, true]",False,False,False,66015,0,e827f3a7c15be3cc0e8dad398a812438a042d5fbfc05ac4f148ca8e9393507fa,validation_001,1,0,169499248,1,
15,3.0,A,ramp,True,False,89.0000000000001,26.000000000000085,1,accelerate,2.0,2.0000000000000284,88.0,20.0,1,0,accelerate-maintain,-0.041776157915592194,0.0899517685174942,-0.12273603677749634,1,0.0899517685174942,-0.041776157915592194,0.1317279264330864,0.21268780529499054,"[true, true, true]",False,False,False,66015,0,e827f3a7c15be3cc0e8dad398a812438a042d5fbfc05ac4f148ca8e9393507fa,validation_001,1,0,169499248,1,
15,3.0,B,mainline,True,False,88.0,20.0,0,maintain,0.0,0.0,89.0000000000001,26.000000000000085,1,0,accelerate-maintain,0.03600647300481796,-0.12432502210140228,-0.1106758713722229,0,0.03600647300481796,-0.1106758713722229,0.14668234437704086,0.16033149510622025,"[true, true, true]",False,False,False,66015,0,e827f3a7c15be3cc0e8dad398a812438a042d5fbfc05ac4f148ca8e9393507fa,validation_001,1,0,169499248,1,
16,3.2,A,ramp,True,False,94.24000000000012,26.40000000000009,1,accelerate,2.0,2.0000000000000284,92.0,20.0,1,0,accelerate-maintain,-0.03987007960677147,0.08999907970428467,-0.12506526708602905,1,0.08999907970428467,-0.03987007960677147,0.12986915931105614,0.21506434679031372,"[true, true, true]",False,False,False,66015,0,e827f3a7c15be3cc0e8dad398a812438a042d5fbfc05ac4f148ca8e9393507fa,validation_001,1,0,169499248,1,
16,3.2,B,mainline,True,False,92.0,20.0,0,maintain,0.0,0.0,94.24000000000012,26.40000000000009,1,0,accelerate-maintain,0.03729880228638649,-0.12461043894290924,-0.1126265749335289,0,0.03729880228638649,-0.1126265749335289,0.1499253772199154,0.16190924122929573,"[true, true, true]",False,False,False,66015,0,e827f3a7c15be3cc0e8dad398a812438a042d5fbfc05ac4f148ca8e9393507fa,validation_001,1,0,169499248,1,
17,3.4000000000000004,A,ramp,True,False,99.56000000000014,26.800000000000097,1,accelerate,2.0,2.0000000000000284,96.0,20.0,1,0,accelerate-maintain,-0.0379272997379303,0.09005840122699738,-0.1273767203092575,1,0.09005840122699738,-0.0379272997379303,0.12798570096492767,0.21743512153625488,"[true, true, true]",False,False,False,66015,0,e827f3a7c15be3cc0e8dad398a812438a042d5fbfc05ac4f148ca8e9393507fa,validation_001,1,0,169499248,1,
17,3.4000000000000004,B,mainline,True,False,96.0,20.0,0,maintain,0.0,0.0,99.56000000000014,26.800000000000097,1,0,accelerate-maintain,0.03847048431634903,-0.12453737109899521,-0.11499010026454926,0,0.03847048431634903,-0.11499010026454926,0.15346058458089828,0.16300785541534424,"[true, true, true]",False,False,False,66015,0,e827f3a7c15be3cc0e8dad398a812438a042d5fbfc05ac4f148ca8e9393507fa,validation_001,1,0,169499248,1,
18,3.6,A,ramp,True,False,104.96000000000016,27.200000000000102,1,accelerate,2.0,2.0000000000000284,100.0,20.0,1,0,accelerate-maintain,-0.03566379100084305,0.0899013876914978,-0.12965165078639984,1,0.0899013876914978,-0.03566379100084305,0.12556517869234085,0.21955303847789764,"[true, true, true]",False,False,False,66015,0,e827f3a7c15be3cc0e8dad398a812438a042d5fbfc05ac4f148ca8e9393507fa,validation_001,1,0,169499248,1,1.3423704397527558
18,3.6,B,mainline,True,False,100.0,20.0,0,maintain,0.0,0.0,104.96000000000016,27.200000000000102,1,0,accelerate-maintain,0.039659757167100906,-0.12446758151054382,-0.11740739643573761,0,0.039659757167100906,-0.11740739643573761,0.15706715360283852,0.16412733867764473,"[true, true, true]",False,False,False,66015,0,e827f3a7c15be3cc0e8dad398a812438a042d5fbfc05ac4f148ca8e9393507fa,validation_001,1,0,169499248,1,1.3423704397527558
19,3.8000000000000003,A,ramp,True,False,110.4400000000002,27.600000000000108,1,accelerate,2.0,2.0000000000000284,104.0,20.0,1,0,accelerate-maintain,-0.02342451550066471,0.07036834955215454,-0.13539665937423706,1,0.07036834955215454,-0.02342451550066471,0.09379286505281925,0.2057650089263916,"[true, true, true]",False,False,False,66015,0,e827f3a7c15be3cc0e8dad398a812438a042d5fbfc05ac4f148ca8e9393507fa,validation_001,1,0,169499248,1,2.861653451641473
19,3.8000000000000003,B,mainline,True,False,104.0,20.0,0,maintain,0.0,0.0,110.4400000000002,27.600000000000108,1,0,accelerate-maintain,0.058588769286870956,-0.11953108012676239,-0.1537504643201828,0,0.058588769286870956,-0.11953108012676239,0.17811984941363335,0.21233923360705376,"[true, true, true]",False,False,False,66015,0,e827f3a7c15be3cc0e8dad398a812438a042d5fbfc05ac4f148ca8e9393507fa,validation_001,1,0,169499248,1,2.861653451641473
20,4.0,A,ramp,True,False,116.00000000000023,28.000000000000114,1,accelerate,2.0,2.0000000000000284,108.0,20.0,1,0,accelerate-maintain,-0.020379353314638138,0.07167641818523407,-0.13679975271224976,1,0.07167641818523407,-0.020379353314638138,0.09205577149987221,0.20847617089748383,"[true, true, true]",False,False,False,66015,0,e827f3a7c15be3cc0e8dad398a812438a042d5fbfc05ac4f148ca8e9393507fa,validation_001,1,0,169499248,1,4.4709900490209975
20,4.0,B,mainline,True,False,108.0,20.0,0,maintain,0.0,0.0,116.00000000000023,28.000000000000114,1,0,accelerate-maintain,0.059055253863334656,-0.12004651874303818,-0.15512102842330933,0,0.059055253863334656,-0.12004651874303818,0.17910177260637283,0.21417628228664398,"[true, true, true]",False,False,False,66015,0,e827f3a7c15be3cc0e8dad398a812438a042d5fbfc05ac4f148ca8e9393507fa,validation_001,1,0,169499248,1,4.4709900490209975
21,4.2,A,ramp,True,False,121.64000000000024,28.40000000000012,1,accelerate,2.0,2.0000000000000284,112.0,20.0,1,0,accelerate-maintain,-0.017295576632022858,0.07301248610019684,-0.13827835023403168,1,0.07301248610019684,-0.017295576632022858,0.0903080627322197,0.21129083633422852,"[true, true, true]",False,False,False,66015,0,e827f3a7c15be3cc0e8dad398a812438a042d5fbfc05ac4f148ca8e9393507fa,validation_001,1,0,169499248,1,6.174993136994146
21,4.2,B,mainline,True,False,112.0,20.0,0,maintain,0.0,0.0,121.64000000000024,28.40000000000012,1,0,accelerate-maintain,0.05944927781820297,-0.1206325888633728,-0.1562710553407669,0,0.05944927781820297,-0.1206325888633728,0.18008186668157578,0.21572033315896988,"[true, true, true]",False,False,False,66015,0,e827f3a7c15be3cc0e8dad398a812438a042d5fbfc05ac4f148ca8e9393507fa,validation_001,1,0,169499248,1,6.174993136994146
22,4.4,A,ramp,True,False,127.36000000000026,28.800000000000125,1,accelerate,2.0,2.0000000000000284,116.0,20.0,1,0,accelerate-maintain,-0.015218479558825493,0.07359135150909424,-0.13943229615688324,1,0.07359135150909424,-0.015218479558825493,0.08880983106791973,0.21302364766597748,"[true, true, true]",False,False,False,66015,0,e827f3a7c15be3cc0e8dad398a812438a042d5fbfc05ac4f148ca8e9393507fa,validation_001,1,0,169499248,1,7.970420718597609
22,4.4,B,mainline,True,False,116.0,20.0,0,maintain,0.0,0.0,127.36000000000026,28.800000000000125,1,0,accelerate-maintain,0.059443891048431396,-0.12167767435312271,-0.15758837759494781,0,0.059443891048431396,-0.12167767435312271,0.1811215654015541,0.2170322686433792,"[true, true, true]",False,False,False,66015,0,e827f3a7c15be3cc0e8dad398a812438a042d5fbfc05ac4f148ca8e9393507fa,validation_001,1,0,169499248,1,7.970420718597609
23,4.6000000000000005,A,ramp,True,False,133.1600000000003,29.20000000000013,1,accelerate,2.0,2.0000000000000284,120.0,20.0,1,0,accelerate-maintain,-0.013621910475194454,0.07380373775959015,-0.14072716236114502,1,0.07380373775959015,-0.013621910475194454,0.0874256482347846,0.21453090012073517,"[true, true, true]",False,False,False,66015,0,e827f3a7c15be3cc0e8dad398a812438a042d5fbfc05ac4f148ca8e9393507fa,validation_001,1,0,169499248,1,9.850068818720331
23,4.6000000000000005,B,mainline,True,False,120.0,20.0,0,maintain,0.0,0.0,133.1600000000003,29.20000000000013,1,0,accelerate-maintain,0.05938614904880524,-0.12301252782344818,-0.1588238626718521,0,0.05938614904880524,-0.12301252782344818,0.18239867687225342,0.21821001172065735,"[true, true, true]",False,False,False,66015,0,e827f3a7c15be3cc0e8dad398a812438a042d5fbfc05ac4f148ca8e9393507fa,validation_001,1,0,169499248,1,9.850068818720331
24,4.800000000000001,A,ramp,True,False,139.04000000000033,29.600000000000136,1,accelerate,2.0,1.9999999999971863,124.0,20.0,1,0,accelerate-maintain,-0.0111331045627594,0.07399410754442215,-0.14299263060092926,1,0.07399410754442215,-0.0111331045627594,0.08512721210718155,0.2169867381453514,"[true, true, true]",False,False,False,66015,0,e827f3a7c15be3cc0e8dad398a812438a042d5fbfc05ac4f148ca8e9393507fa,validation_001,1,0,169499248,1,11.810068760524246
24,4.800000000000001,B,mainline,True,False,124.0,20.0,0,maintain,0.0,0.0,139.04000000000033,29.600000000000136,1,0,accelerate-maintain,0.05980822071433067,-0.12327424436807632,-0.15962310135364532,0,0.05980822071433067,-0.12327424436807632,0.183082465082407,0.219431322067976,"[true, true, true]",False,False,False,66015,0,e827f3a7c15be3cc0e8dad398a812438a042d5fbfc05ac4f148ca8e9393507fa,validation_001,1,0,169499248,1,11.810068760524246
25,5.0,A,ramp,True,False,145.00000000000037,30.0,1,accelerate,2.0,0.0,128.0,20.0,1,0,accelerate-maintain,-0.008614318445324898,0.07418911904096603,-0.14531615376472473,1,0.07418911904096603,-0.008614318445324898,0.08280343748629093,0.21950527280569077,"[true, true, true]",False,False,False,66015,0,e827f3a7c15be3cc0e8dad398a812438a042d5fbfc05ac4f148ca8e9393507fa,validation_001,1,0,169499248,1,13.810068760524246
25,5.0,B,mainline,True,False,128.0,20.0,0,maintain,0.0,0.0,145.00000000000037,30.0,1,0,accelerate-maintain,0.05996964871883392,-0.1232587993144989,-0.1605958491563797,0,0.05996964871883392,-0.1232587993144989,0.18322844803333282,0.22056549787521362,"[true, true, true]",False,False,False,66015,0,e827f3a7c15be3cc0e8dad398a812438a042d5fbfc05ac4f148ca8e9393507fa,validation_001,1,0,169499248,1,13.810068760524246
26,5.2,A,ramp,True,False,151.00000000000037,30.0,1,accelerate,2.0,0.0,132.0,20.0,1,0,accelerate-maintain,-0.005880367010831833,0.07410432398319244,-0.14842601120471954,1,0.07410432398319244,-0.005880367010831833,0.07998469099402428,0.222530335187912,"[true, true, true]",False,False,False,66015,0,e827f3a7c15be3cc0e8dad398a812438a042d5fbfc05ac4f148ca8e9393507fa,validation_001,1,0,169499248,1,15.810068760524246
26,5.2,B,mainline,True,False,132.0,20.0,0,maintain,0.0,0.0,151.00000000000037,30.0,1,0,accelerate-maintain,0.059398774057626724,-0.12269110232591629,-0.16057945787906647,0,0.059398774057626724,-0.12269110232591629,0.18208987638354301,0.2199782319366932,"[true, true, true]",False,False,False,66015,0,e827f3a7c15be3cc0e8dad398a812438a042d5fbfc05ac4f148ca8e9393507fa,validation_001,1,0,169499248,1,15.810068760524246
27,5.4,A,ramp,True,False,157.00000000000037,30.0,1,accelerate,2.0,0.0,136.0,20.0,1,0,accelerate-maintain,-0.004136241972446442,0.07374754548072815,-0.1508735716342926,1,0.07374754548072815,-0.004136241972446442,0.07788378745317459,0.22462111711502075,"[true, true, true]",False,False,False,66015,0,e827f3a7c15be3cc0e8dad398a812438a042d5fbfc05ac4f148ca8e9393507fa,validation_001,1,0,169499248,1,17.810068760524246
27,5.4,B,mainline,True,False,136.0,20.0,0,maintain,0.0,0.0,157.00000000000037,30.0,1,0,accelerate-maintain,0.05872100591659546,-0.12242886424064636,-0.16034318506717682,0,0.05872100591659546,-0.12242886424064636,0.18114987015724182,0.21906419098377228,"[true, true, true]",False,False,False,66015,0,e827f3a7c15be3cc0e8dad398a812438a042d5fbfc05ac4f148ca8e9393507fa,validation_001,1,0,169499248,1,17.810068760524246
28,5.6000000000000005,A,ramp,True,False,163.00000000000037,30.0,1,accelerate,2.0,0.0,140.0,20.0,1,0,accelerate-maintain,-0.002452634274959564,0.07314765453338623,-0.1533719301223755,1,0.07314765453338623,-0.002452634274959564,0.0756002888083458,0.22651958465576172,"[true, true, true]",False,False,False,66015,0,e827f3a7c15be3cc0e8dad398a812438a042d5fbfc05ac4f148ca8e9393507fa,validation_001,1,0,169499248,1,19.810068760524246
28,5.6000000000000005,B,mainline,True,False,140.0,20.0,0,maintain,0.0,0.0,163.00000000000037,30.0,1,0,accelerate-maintain,0.05795885995030403,-0.12243705242872238,-0.16001874208450317,0,0.05795885995030403,-0.12243705242872238,0.1803959123790264,0.2179776020348072,"[true, true, true]",False,False,False,66015,0,e827f3a7c15be3cc0e8dad398a812438a042d5fbfc05ac4f148ca8e9393507fa,validation_001,1,0,169499248,1,19.810068760524246
29,5.800000000000001,A,ramp,True,False,169.00000000000037,30.0,1,accelerate,2.0,0.0,144.0,20.0,1,0,accelerate-maintain,-0.0008865632116794586,0.07219414412975311,-0.15556278824806213,1,0.07219414412975311,-0.0008865632116794586,0.07308070734143257,0.22775693237781525,"[true, true, true]",False,False,False,66015,0,e827f3a7c15be3cc0e8dad398a812438a042d5fbfc05ac4f148ca8e9393507fa,validation_001,1,0,169499248,1,21.810068760524246
29,5.800000000000001,B,mainline,True,False,144.0,20.0,0,maintain,0.0,0.0,169.00000000000037,30.0,1,0,accelerate-maintain,0.057254012674093246,-0.12244144827127457,-0.15973888337612152,0,0.057254012674093246,-0.12244144827127457,0.1796954609453678,0.21699289605021477,"[true, true, true]",False,False,False,66015,0,e827f3a7c15be3cc0e8dad398a812438a042d5fbfc05ac4f148ca8e9393507fa,validation_001,1,0,169499248,1,21.810068760524246
30,6.0,A,ramp,True,False,175.00000000000037,30.0,1,accelerate,2.0,0.0,148.0,20.0,1,0,accelerate-maintain,0.0006799772381782532,0.07124046981334686,-0.15775370597839355,1,0.07124046981334686,0.0006799772381782532,0.07056049257516861,0.22899417579174042,"[true, true, true]",False,False,False,66015,0,e827f3a7c15be3cc0e8dad398a812438a042d5fbfc05ac4f148ca8e9393507fa,validation_001,1,0,169499248,1,23.810068760524246
30,6.0,B,mainline,True,False,148.0,20.0,0,maintain,0.0,0.0,175.00000000000037,30.0,1,0,accelerate-maintain,0.05642487481236458,-0.12272021174430847,-0.15968191623687744,0,0.05642487481236458,-0.12272021174430847,0.17914508655667305,0.21610679104924202,"[true, true, true]",False,False,False,66015,0,e827f3a7c15be3cc0e8dad398a812438a042d5fbfc05ac4f148ca8e9393507fa,validation_001,1,0,169499248,1,23.810068760524246
31,6.2,A,ramp,True,False,181.00000000000037,30.0,1,accelerate,2.0,0.0,152.0,20.0,1,0,accelerate-maintain,0.0024901386350393295,0.07018715143203735,-0.15985167026519775,1,0.07018715143203735,0.0024901386350393295,0.06769701279699802,0.2300388216972351,"[true, true, true]",False,False,False,66015,0,e827f3a7c15be3cc0e8dad398a812438a042d5fbfc05ac4f148ca8e9393507fa,validation_001,1,0,169499248,1,25.810068760524246
31,6.2,B,mainline,True,False,152.0,20.0,0,maintain,0.0,0.0,181.00000000000037,30.0,1,0,accelerate-maintain,0.055490974336862564,-0.12362392246723175,-0.16015206277370453,0,0.055490974336862564,-0.12362392246723175,0.17911489680409431,0.2156430371105671,"[true, true, true]",False,False,False,66015,0,e827f3a7c15be3cc0e8dad398a812438a042d5fbfc05ac4f148ca8e9393507fa,validation_001,1,0,169499248,1,25.810068760524246
32,6.4,A,ramp,True,False,187.00000000000037,30.0,1,accelerate,2.0,0.0,156.0,20.0,1,0,accelerate-maintain,0.005069706588983536,0.06925643980503082,-0.16253478825092316,1,0.06925643980503082,0.005069706588983536,0.06418673321604729,0.23179122805595398,"[true, true, true]",False,False,False,66015,0,e827f3a7c15be3cc0e8dad398a812438a042d5fbfc05ac4f148ca8e9393507fa,validation_001,1,0,169499248,1,27.810068760524246
32,6.4,B,mainline,True,False,156.0,20.0,0,maintain,0.0,0.0,187.00000000000037,30.0,1,0,accelerate-maintain,0.05482552945613861,-0.12437111139297485,-0.16157856583595276,0,0.05482552945613861,-0.12437111139297485,0.17919664084911346,0.21640409529209137,"[true, true, true]",False,False,False,66015,0,e827f3a7c15be3cc0e8dad398a812438a042d5fbfc05ac4f148ca8e9393507fa,validation_001,1,0,169499248,1,27.810068760524246
33,6.6000000000000005,A,ramp,True,False,193.00000000000037,30.0,1,accelerate,2.0,0.0,160.0,20.0,1,0,accelerate-maintain,0.007829736918210983,0.06820462644100189,-0.16553372144699097,1,0.06820462644100189,0.007829736918210983,0.06037488952279091,0.23373834788799286,"[true, true, true]",False,False,False,66015,0,e827f3a7c15be3cc0e8dad398a812438a042d5fbfc05ac4f148ca8e9393507fa,validation_001,1,0,169499248,1,29.810068760524246
33,6.6000000000000005,B,mainline,True,False,160.0,20.0,0,maintain,0.0,0.0,193.00000000000037,30.0,1,0,accelerate-maintain,0.054053451865911484,-0.12515492737293243,-0.1630631536245346,0,0.054053451865911484,-0.12515492737293243,0.17920837923884392,0.2171166054904461,"[true, true, true]",False,False,False,66015,0,e827f3a7c15be3cc0e8dad398a812438a042d5fbfc05ac4f148ca8e9393507fa,validation_001,1,0,169499248,1,29.810068760524246
34,6.800000000000001,A,ramp,True,False,199.00000000000037,30.0,1,accelerate,2.0,0.0,164.0,20.0,1,0,accelerate-maintain,0.011170830577611923,0.06688791513442993,-0.16845542192459106,1,0.06688791513442993,0.011170830577611923,0.05571708455681801,0.235343337059021,"[true, true, true]",False,False,False,66015,0,e827f3a7c15be3cc0e8dad398a812438a042d5fbfc05ac4f148ca8e9393507fa,validation_001,1,0,169499248,1,31.810068760524246
34,6.800000000000001,B,mainline,True,False,164.0,20.0,0,maintain,0.0,0.0,199.00000000000037,30.0,1,0,accelerate-maintain,0.05311664938926697,-0.1259755939245224,-0.16474512219429016,0,0.05311664938926697,-0.1259755939245224,0.17909224331378937,0.21786177158355713,"[true, true, true]",False,False,False,66015,0,e827f3a7c15be3cc0e8dad398a812438a042d5fbfc05ac4f148ca8e9393507fa,validation_001,1,0,169499248,1,31.810068760524246
35,7.0,A,ramp,True,False,205.00000000000037,30.0,1,accelerate,2.0,0.0,168.0,20.0,1,0,accelerate-maintain,0.015661977231502533,0.06560748815536499,-0.1707768440246582,1,0.06560748815536499,0.015661977231502533,0.04994551092386246,0.2363843321800232,"[true, true, true]",False,False,False,66015,0,e827f3a7c15be3cc0e8dad398a812438a042d5fbfc05ac4f148ca8e9393507fa,validation_001,1,0,169499248,1,33.810068760524246
35,7.0,B,mainline,True,False,168.0,20.0,0,maintain,0.0,0.0,205.00000000000037,30.0,1,0,accelerate-maintain,0.051720187067985535,-0.1271379142999649,-0.1669175624847412,0,0.051720187067985535,-0.1271379142999649,0.17885810136795044,0.21863774955272675,"[true, true, true]",False,False,False,66015,0,e827f3a7c15be3cc0e8dad398a812438a042d5fbfc05ac4f148ca8e9393507fa,validation_001,1,0,169499248,1,33.810068760524246
36,7.2,A,ramp,True,False,211.00000000000037,30.0,1,accelerate,2.0,0.0,172.0,20.0,1,0,accelerate-maintain,0.03537963703274727,0.040199633687734604,-0.13527493178844452,1,0.040199633687734604,0.03537963703274727,0.004819996654987335,0.17547456547617912,"[true, true, true]",False,False,False,66015,0,e827f3a7c15be3cc0e8dad398a812438a042d5fbfc05ac4f148ca8e9393507fa,validation_001,1,0,169499248,1,35.810068760524246
36,7.2,B,mainline,True,False,172.0,20.0,0,maintain,0.0,0.0,211.00000000000037,30.0,1,0,accelerate-maintain,0.05475736781954765,-0.12384636700153351,-0.17732299864292145,0,0.05475736781954765,-0.12384636700153351,0.17860373482108116,0.2320803664624691,"[true, true, true]",False,False,False,66015,0,e827f3a7c15be3cc0e8dad398a812438a042d5fbfc05ac4f148ca8e9393507fa,validation_001,1,0,169499248,1,35.810068760524246
37,7.4,A,ramp,True,False,217.00000000000037,30.0,0,maintain,2.0,0.0,176.0,20.0,0,0,maintain-maintain,0.03920241445302963,0.038804832845926285,-0.1367638260126114,0,0.03920241445302963,0.038804832845926285,0.0003975816071033478,0.17596624046564102,"[true, true, true]",False,False,False,66015,0,e827f3a7c15be3cc0e8dad398a812438a042d5fbfc05ac4f148ca8e9393507fa,validation_001,1,0,169499248,1,37.810068760524246
37,7.4,B,mainline,True,False,176.0,20.0,0,maintain,0.0,0.0,217.00000000000037,30.0,0,0,maintain-maintain,0.052997998893260956,-0.1238371953368187,-0.1800292581319809,0,0.052997998893260956,-0.1238371953368187,0.17683519423007965,0.23302725702524185,"[true, true, true]",False,False,False,66015,0,e827f3a7c15be3cc0e8dad398a812438a042d5fbfc05ac4f148ca8e9393507fa,validation_001,1,0,169499248,1,37.810068760524246
38,7.6000000000000005,A,ramp,True,False,223.00000000000037,30.0,0,maintain,0.0,0.0,180.0,20.0,0,0,maintain-maintain,0.04341694712638855,0.03714796155691147,-0.13820584118366241,0,0.04341694712638855,0.03714796155691147,0.006268985569477081,0.18162278831005096,"[true, true, true]",False,False,False,66015,0,e827f3a7c15be3cc0e8dad398a812438a042d5fbfc05ac4f148ca8e9393507fa,validation_001,1,0,169499248,1,39.810068760524246
38,7.6000000000000005,B,mainline,True,False,180.0,20.0,0,maintain,0.0,0.0,223.00000000000037,30.0,0,0,maintain-maintain,0.051378145813941956,-0.12369111180305481,-0.18258558213710785,0,0.051378145813941956,-0.12369111180305481,0.17506925761699677,0.2339637279510498,"[true, true, true]",False,False,False,66015,0,e827f3a7c15be3cc0e8dad398a812438a042d5fbfc05ac4f148ca8e9393507fa,validation_001,1,0,169499248,1,39.810068760524246
39,7.800000000000001,A,ramp,True,False,229.00000000000037,30.0,0,maintain,0.0,0.0,184.0,20.0,0,0,maintain-maintain,0.047007039189338684,0.03626576438546181,-0.1395263373851776,0,0.047007039189338684,0.03626576438546181,0.010741274803876877,0.1865333765745163,"[true, true, true]",False,False,False,66015,0,e827f3a7c15be3cc0e8dad398a812438a042d5fbfc05ac4f148ca8e9393507fa,validation_001,1,0,169499248,1,41.810068760524246
39,7.800000000000001,B,mainline,True,False,184.0,20.0,0,maintain,0.0,0.0,229.00000000000037,30.0,0,0,maintain-maintain,0.0505090057849884,-0.12268716096878052,-0.1846971958875656,0,0.0505090057849884,-0.12268716096878052,0.17319616675376892,0.23520620167255402,"[true, true, true]",False,False,False,66015,0,e827f3a7c15be3cc0e8dad398a812438a042d5fbfc05ac4f148ca8e9393507fa,validation_001,1,0,169499248,1,41.810068760524246
40,8.0,A,ramp,True,False,235.00000000000037,30.0,0,maintain,0.0,0.0,188.0,20.0,0,0,maintain-maintain,0.0503169521689415,0.035438619554042816,-0.14075897634029388,0,0.0503169521689415,0.035438619554042816,0.014878332614898682,0.19107592850923538,"[true, true, true]",False,False,False,66015,0,e827f3a7c15be3cc0e8dad398a812438a042d5fbfc05ac4f148ca8e9393507fa,validation_001,1,0,169499248,1,43.810068760524246
40,8.0,B,mainline,True,False,188.0,20.0,0,maintain,0.0,0.0,235.00000000000037,30.0,0,0,maintain-maintain,0.04979395866394043,-0.12146268784999847,-0.18626612424850464,0,0.04979395866394043,-0.12146268784999847,0.1712566465139389,0.23606008291244507,"[true, true, true]",False,False,False,66015,0,e827f3a7c15be3cc0e8dad398a812438a042d5fbfc05ac4f148ca8e9393507fa,validation_001,1,0,169499248,1,43.810068760524246
41,8.200000000000001,A,ramp,True,False,241.00000000000037,30.0,0,maintain,0.0,0.0,192.0,20.0,0,0,maintain-maintain,0.05294177681207657,0.03464819863438606,-0.14198073744773865,0,0.05294177681207657,0.03464819863438606,0.018293578177690506,0.19492251425981522,"[true, true, true]",False,False,False,66015,0,e827f3a7c15be3cc0e8dad398a812438a042d5fbfc05ac4f148ca8e9393507fa,validation_001,1,0,169499248,1,45.810068760524246
41,8.200000000000001,B,mainline,True,False,192.0,20.0,0,maintain,0.0,0.0,241.00000000000037,30.0,0,0,maintain-maintain,0.04927481710910797,-0.12062408030033112,-0.18769223988056183,0,0.04927481710910797,-0.12062408030033112,0.1698988974094391,0.2369670569896698,"[true, true, true]",False,False,False,66015,0,e827f3a7c15be3cc0e8dad398a812438a042d5fbfc05ac4f148ca8e9393507fa,validation_001,1,0,169499248,1,45.810068760524246
42,8.4,A,ramp,True,False,247.00000000000037,30.0,0,maintain,0.0,0.0,196.0,20.0,0,0,maintain-maintain,0.055570319294929504,0.033853963017463684,-0.14320850372314453,0,0.055570319294929504,0.033853963017463684,0.02171635627746582,0.19877882301807404,"[true, true, true]",False,False,False,66015,0,e827f3a7c15be3cc0e8dad398a812438a042d5fbfc05ac4f148ca8e9393507fa,validation_001,1,0,169499248,1,47.810068760524246
42,8.4,B,mainline,True,False,196.0,20.0,0,maintain,0.0,0.0,247.00000000000037,30.0,0,0,maintain-maintain,0.04876024276018143,-0.11983877420425415,-0.1891373246908188,0,0.04876024276018143,-0.11983877420425415,0.16859901696443558,0.2378975674510002,"[true, true, true]",False,False,False,66015,0,e827f3a7c15be3cc0e8dad398a812438a042d5fbfc05ac4f148ca8e9393507fa,validation_001,1,0,169499248,1,47.810068760524246
43,8.6,A,ramp,True,False,253.00000000000037,30.0,0,maintain,0.0,0.0,200.0,20.0,0,0,maintain-maintain,0.058041155338287354,0.033014509826898575,-0.14434689283370972,0,0.058041155338287354,0.033014509826898575,0.02502664551138878,0.20238804817199707,"[true, true, true]",False,False,False,66015,0,e827f3a7c15be3cc0e8dad398a812438a042d5fbfc05ac4f148ca8e9393507fa,validation_001,1,0,169499248,1,49.810068760524246
43,8.6,B,mainline,True,False,200.0,20.0,0,maintain,0.0,0.0,253.00000000000037,30.0,0,0,maintain-maintain,0.04834111034870148,-0.11912563443183899,-0.19054102897644043,0,0.04834111034870148,-0.11912563443183899,0.16746674478054047,0.2388821393251419,"[true, true, true]",False,False,False,66015,0,e827f3a7c15be3cc0e8dad398a812438a042d5fbfc05ac4f148ca8e9393507fa,validation_001,1,0,169499248,1,49.810068760524246
44,8.8,A,ramp,True,False,259.00000000000034,30.0,0,maintain,0.0,0.0,204.0,20.0,0,0,maintain-maintain,0.060414038598537445,0.03217083215713501,-0.14547199010849,0,0.060414038598537445,0.03217083215713501,0.028243206441402435,0.20588602870702744,"[true, true, true]",False,False,False,66015,0,e827f3a7c15be3cc0e8dad398a812438a042d5fbfc05ac4f148ca8e9393507fa,validation_001,1,0,169499248,1,
44,8.8,B,mainline,True,False,204.0,20.0,0,maintain,0.0,0.0,259.00000000000034,30.0,0,0,maintain-maintain,0.0485413633286953,-0.11888115108013153,-0.19167715311050415,0,0.0485413633286953,-0.11888115108013153,0.16742251440882683,0.24021851643919945,"[true, true, true]",False,False,False,66015,0,e827f3a7c15be3cc0e8dad398a812438a042d5fbfc05ac4f148ca8e9393507fa,validation_001,1,0,169499248,1,
45,9.0,A,ramp,False,True,260.50000000000034,0.0,0,maintain,0.0,0.0,208.0,20.0,0,0,inactive-active,0.027076222002506256,0.008163485676050186,-0.17556709051132202,0,0.027076222002506256,0.008163485676050186,0.01891273632645607,0.20264331251382828,"[true, true, true]",False,False,False,66015,0,e827f3a7c15be3cc0e8dad398a812438a042d5fbfc05ac4f148ca8e9393507fa,validation_001,1,0,169499248,1,
45,9.0,B,mainline,True,False,208.0,20.0,0,maintain,0.0,0.0,260.50000000000034,0.0,0,0,inactive-active,-0.01498161256313324,-0.10376808047294617,-0.11388704180717468,0,-0.01498161256313324,-0.10376808047294617,0.08878646790981293,0.09890542924404144,"[true, true, true]",False,False,False,66015,0,e827f3a7c15be3cc0e8dad398a812438a042d5fbfc05ac4f148ca8e9393507fa,validation_001,1,0,169499248,1,
46,9.200000000000001,A,ramp,False,True,260.50000000000034,0.0,0,maintain,0.0,0.0,212.0,20.0,0,0,inactive-active,0.02767445519566536,0.010535664856433868,-0.17433148622512817,0,0.02767445519566536,0.010535664856433868,0.01713879033923149,0.20200594142079353,"[true, true, true]",False,False,False,66015,0,e827f3a7c15be3cc0e8dad398a812438a042d5fbfc05ac4f148ca8e9393507fa,validation_001,1,0,169499248,1,
46,9.200000000000001,B,mainline,True,False,212.0,20.0,0,maintain,0.0,0.0,260.50000000000034,0.0,0,0,inactive-active,-0.014032453298568726,-0.10347728431224823,-0.11201083660125732,0,-0.014032453298568726,-0.10347728431224823,0.0894448310136795,0.0979783833026886,"[true, true, true]",False,False,False,66015,0,e827f3a7c15be3cc0e8dad398a812438a042d5fbfc05ac4f148ca8e9393507fa,validation_001,1,0,169499248,1,
47,9.4,A,ramp,False,True,260.50000000000034,0.0,0,maintain,0.0,0.0,216.0,20.0,0,0,inactive-active,0.028546694666147232,0.013171911239624023,-0.1733093559741974,0,0.028546694666147232,0.013171911239624023,0.015374783426523209,0.20185605064034462,"[true, true, true]",False,False,False,66015,0,e827f3a7c15be3cc0e8dad398a812438a042d5fbfc05ac4f148ca8e9393507fa,validation_001,1,0,169499248,1,
47,9.4,B,mainline,True,False,216.0,20.0,0,maintain,0.0,0.0,260.50000000000034,0.0,0,0,inactive-active,-0.01295337826013565,-0.1030687689781189,-0.10987401753664017,0,-0.01295337826013565,-0.1030687689781189,0.09011539071798325,0.09692063927650452,"[true, true, true]",False,False,False,66015,0,e827f3a7c15be3cc0e8dad398a812438a042d5fbfc05ac4f148ca8e9393507fa,validation_001,1,0,169499248,1,
48,9.600000000000001,A,ramp,False,True,260.50000000000034,0.0,0,maintain,0.0,0.0,220.0,20.0,0,0,inactive-active,0.029422558844089508,0.015852563083171844,-0.17241394519805908,0,0.029422558844089508,0.015852563083171844,0.013569995760917664,0.2018365040421486,"[true, true, true]",False,False,False,66015,0,e827f3a7c15be3cc0e8dad398a812438a042d5fbfc05ac4f148ca8e9393507fa,validation_001,1,0,169499248,1,
48,9.600000000000001,B,mainline,True,False,220.0,20.0,0,maintain,0.0,0.0,260.50000000000034,0.0,0,0,inactive-active,-0.011875271797180176,-0.10266018658876419,-0.10773582756519318,0,-0.011875271797180176,-0.10266018658876419,0.09078491479158401,0.095860555768013,"[true, true, true]",False,False,False,66015,0,e827f3a7c15be3cc0e8dad398a812438a042d5fbfc05ac4f148ca8e9393507fa,validation_001,1,0,169499248,1,
49,9.8,A,ramp,False,True,260.50000000000034,0.0,0,maintain,0.0,0.0,224.0,20.0,0,0,inactive-active,0.0303097665309906,0.018674343824386597,-0.1719232201576233,0,0.0303097665309906,0.018674343824386597,0.011635422706604004,0.2022329866886139,"[true, true, true]",False,False,False,66015,0,e827f3a7c15be3cc0e8dad398a812438a042d5fbfc05ac4f148ca8e9393507fa,validation_001,1,0,169499248,1,
49,9.8,B,mainline,True,False,224.0,20.0,0,maintain,0.0,0.0,260.50000000000034,0.0,0,0,inactive-active,-0.010661527514457703,-0.1022500991821289,-0.10561450570821762,0,-0.010661527514457703,-0.1022500991821289,0.0915885716676712,0.09495297819375992,"[true, true, true]",False,False,False,66015,0,e827f3a7c15be3cc0e8dad398a812438a042d5fbfc05ac4f148ca8e9393507fa,validation_001,1,0,169499248,1,
50,10.0,A,ramp,False,True,260.50000000000034,0.0,0,maintain,0.0,0.0,228.0,20.0,0,0,inactive-active,0.031192079186439514,0.021178964525461197,-0.17164844274520874,0,0.031192079186439514,0.021178964525461197,0.010013114660978317,0.20284052193164825,"[true, true, true]",False,False,False,66015,0,e827f3a7c15be3cc0e8dad398a812438a042d5fbfc05ac4f148ca8e9393507fa,validation_001,1,0,169499248,1,
50,10.0,B,mainline,True,False,228.0,20.0,0,maintain,0.0,0.0,260.50000000000034,0.0,0,0,inactive-active,-0.00919077917933464,-0.10183723270893097,-0.10352635383605957,0,-0.00919077917933464,-0.10183723270893097,0.09264645352959633,0.09433557465672493,"[true, true, true]",False,False,False,66015,0,e827f3a7c15be3cc0e8dad398a812438a042d5fbfc05ac4f148ca8e9393507fa,validation_001,1,0,169499248,1,
51,10.200000000000001,A,ramp,False,True,260.50000000000034,0.0,0,maintain,0.0,0.0,232.0,20.0,0,0,inactive-active,0.03187524154782295,0.02346114069223404,-0.17164337635040283,0,0.03187524154782295,0.02346114069223404,0.008414100855588913,0.20351861789822578,"[true, true, true]",False,False,False,66015,0,e827f3a7c15be3cc0e8dad398a812438a042d5fbfc05ac4f148ca8e9393507fa,validation_001,1,0,169499248,1,
51,10.200000000000001,B,mainline,True,False,232.0,20.0,0,maintain,0.0,0.0,260.50000000000034,0.0,0,0,inactive-active,-0.007670693099498749,-0.10172729194164276,-0.10162554681301117,0,-0.007670693099498749,-0.10162554681301117,0.09395485371351242,0.09405659884214401,"[true, true, true]",False,False,False,66015,0,e827f3a7c15be3cc0e8dad398a812438a042d5fbfc05ac4f148ca8e9393507fa,validation_001,1,0,169499248,1,
52,10.4,A,ramp,False,True,260.50000000000034,0.0,0,maintain,0.0,0.0,236.0,20.0,0,0,inactive-active,0.032082024961709976,0.02521180361509323,-0.1722821295261383,0,0.032082024961709976,0.02521180361509323,0.006870221346616745,0.20436415448784828,"[true, true, true]",False,False,False,66015,0,e827f3a7c15be3cc0e8dad398a812438a042d5fbfc05ac4f148ca8e9393507fa,validation_001,1,0,169499248,1,
52,10.4,B,mainline,True,False,236.0,20.0,0,maintain,0.0,0.0,260.50000000000034,0.0,0,0,inactive-active,-0.006122764199972153,-0.10186251997947693,-0.09987819194793701,0,-0.006122764199972153,-0.09987819194793701,0.09375542774796486,0.09573975577950478,"[true, true, true]",False,False,False,66015,0,e827f3a7c15be3cc0e8dad398a812438a042d5fbfc05ac4f148ca8e9393507fa,validation_001,1,0,169499248,1,
53,10.600000000000001,A,ramp,False,True,260.50000000000034,0.0,0,maintain,0.0,0.0,240.0,20.0,0,0,inactive-active,0.03228884935379028,0.026962893083691597,-0.17292125523090363,0,0.03228884935379028,0.026962893083691597,0.005325956270098686,0.2052101045846939,"[true, true, true]",False,False,False,66015,0,e827f3a7c15be3cc0e8dad398a812438a042d5fbfc05ac4f148ca8e9393507fa,validation_001,1,0,169499248,1,
53,10.600000000000001,B,mainline,True,False,240.0,20.0,0,maintain,0.0,0.0,260.50000000000034,0.0,0,0,inactive-active,-0.004598662257194519,-0.10199026763439178,-0.09815533459186554,0,-0.004598662257194519,-0.09815533459186554,0.09355667233467102,0.09739160537719727,"[true, true, true]",False,False,False,66015,0,e827f3a7c15be3cc0e8dad398a812438a042d5fbfc05ac4f148ca8e9393507fa,validation_001,1,0,169499248,1,
54,10.8,A,ramp,False,True,260.50000000000034,0.0,0,maintain,0.0,0.0,244.0,20.0,0,0,inactive-active,0.03249571472406387,0.02871440164744854,-0.1735607385635376,0,0.03249571472406387,0.02871440164744854,0.0037813130766153336,0.20605645328760147,"[true, true, true]",False,False,False,66015,0,e827f3a7c15be3cc0e8dad398a812438a042d5fbfc05ac4f148ca8e9393507fa,validation_001,1,0,169499248,1,
54,10.8,B,mainline,True,False,244.0,20.0,0,maintain,0.0,0.0,260.50000000000034,0.0,0,0,inactive-active,-0.002902507781982422,-0.10197421908378601,-0.0961189791560173,0,-0.002902507781982422,-0.0961189791560173,0.09321647137403488,0.09907171130180359,"[true, true, true]",False,False,False,66015,0,e827f3a7c15be3cc0e8dad398a812438a042d5fbfc05ac4f148ca8e9393507fa,validation_001,1,0,169499248,1,
55,11.0,A,ramp,False,True,260.50000000000034,0.0,0,maintain,0.0,0.0,248.0,20.0,0,0,inactive-active,0.032702602446079254,0.030466340482234955,-0.17420051991939545,0,0.032702602446079254,0.030466340482234955,0.0022362619638442993,0.2069031223654747,"[true, true, true]",False,False,False,66015,0,e827f3a7c15be3cc0e8dad398a812438a042d5fbfc05ac4f148ca8e9393507fa,validation_001,1,0,169499248,1,
55,11.0,B,mainline,True,False,248.0,20.0,0,maintain,0.0,0.0,260.50000000000034,0.0,0,0,inactive-active,-0.0011047571897506714,-0.10203653573989868,-0.09422723948955536,0,-0.0011047571897506714,-0.09422723948955536,0.09312248229980469,0.10093177855014801,"[true, true, true]",False,False,False,66015,0,e827f3a7c15be3cc0e8dad398a812438a042d5fbfc05ac4f148ca8e9393507fa,validation_001,1,0,169499248,1,
56,11.200000000000001,A,ramp,False,True,260.50000000000034,0.0,0,maintain,0.0,0.0,252.0,20.0,0,0,inactive-active,0.032932259142398834,0.03220788761973381,-0.17483817040920258,0,0.032932259142398834,0.03220788761973381,0.0007243715226650238,0.2077704295516014,"[true, true, true]",False,False,False,66015,0,e827f3a7c15be3cc0e8dad398a812438a042d5fbfc05ac4f148ca8e9393507fa,validation_001,1,0,169499248,1,
56,11.200000000000001,B,mainline,True,False,252.0,20.0,0,maintain,0.0,0.0,260.50000000000034,0.0,0,0,inactive-active,0.0006923787295818329,-0.10209901630878448,-0.09233498573303223,0,0.0006923787295818329,-0.09233498573303223,0.09302736446261406,0.10279139503836632,"[true, true, true]",False,False,False,66015,0,e827f3a7c15be3cc0e8dad398a812438a042d5fbfc05ac4f148ca8e9393507fa,validation_001,1,0,169499248,1,
57,11.4,A,ramp,False,True,260.50000000000034,0.0,0,maintain,0.0,0.0,256.0,20.0,0,0,inactive-active,0.033247653394937515,0.03390432521700859,-0.1755010187625885,1,0.03390432521700859,0.033247653394937515,0.0006566718220710754,0.2094053439795971,"[true, true, true]",False,True,False,66015,0,e827f3a7c15be3cc0e8dad398a812438a042d5fbfc05ac4f148ca8e9393507fa,validation_001,1,0,169499248,1,
57,11.4,B,mainline,True,False,256.0,20.0,0,maintain,0.0,0.0,260.50000000000034,0.0,0,0,inactive-active,0.0024889521300792694,-0.10216164588928223,-0.09044215828180313,0,0.0024889521300792694,-0.09044215828180313,0.0929311104118824,0.1046505980193615,"[true, true, true]",False,True,False,66015,0,e827f3a7c15be3cc0e8dad398a812438a042d5fbfc05ac4f148ca8e9393507fa,validation_001,1,0,169499248,1,
0,0.0,A,mainline,True,False,33.199999999999996,18.0,1,accelerate,0.0,2.0000000000000284,44.8,16.0,1,0,accelerate-maintain,-0.07667699456214905,0.03363169729709625,-0.16324234008789062,1,0.03363169729709625,-0.07667699456214905,0.1103086918592453,0.19687403738498688,"[true, true, true]",False,False,False,66015,0,e827f3a7c15be3cc0e8dad398a812438a042d5fbfc05ac4f148ca8e9393507fa,validation_002,0,1,2038157923,2,
0,0.0,B,ramp,True,False,44.8,16.0,0,maintain,0.0,0.0,33.199999999999996,18.0,1,0,accelerate-maintain,0.06405061483383179,-0.12083220481872559,-0.14948825538158417,0,0.06405061483383179,-0.12083220481872559,0.18488281965255737,0.21353887021541595,"[true, true, true]",False,False,False,66015,0,e827f3a7c15be3cc0e8dad398a812438a042d5fbfc05ac4f148ca8e9393507fa,validation_002,0,1,2038157923,2,
1,0.2,A,mainline,True,False,36.839999999999996,18.400000000000006,1,accelerate,2.0,2.0000000000000284,47.999999999999986,16.0,1,0,accelerate-maintain,-0.07802258431911469,0.03211785852909088,-0.1636570245027542,1,0.03211785852909088,-0.07802258431911469,0.11014044284820557,0.1957748830318451,"[true, true, true]",False,False,False,66015,0,e827f3a7c15be3cc0e8dad398a812438a042d5fbfc05ac4f148ca8e9393507fa,validation_002,0,1,2038157923,2,
1,0.2,B,ramp,True,False,47.999999999999986,16.0,0,maintain,0.0,0.0,36.839999999999996,18.400000000000006,1,0,accelerate-maintain,0.06237206235527992,-0.12236270308494568,-0.1478203535079956,0,0.06237206235527992,-0.12236270308494568,0.1847347654402256,0.21019241586327553,"[true, true, true]",False,False,False,66015,0,e827f3a7c15be3cc0e8dad398a812438a042d5fbfc05ac4f148ca8e9393507fa,validation_002,0,1,2038157923,2,
2,0.4,A,mainline,True,False,40.559999999999995,18.80000000000001,1,accelerate,2.0,2.0000000000000284,51.199999999999974,16.0,1,0,accelerate-maintain,-0.07898124307394028,0.0304675605148077,-0.16416747868061066,1,0.0304675605148077,-0.07898124307394028,0.10944880358874798,0.19463503919541836,"[true, true, true]",False,False,False,66015,0,e827f3a7c15be3cc0e8dad398a812438a042d5fbfc05ac4f148ca8e9393507fa,validation_002,0,1,2038157923,2,
2,0.4,B,ramp,True,False,51.199999999999974,16.0,0,maintain,0.0,0.0,40.559999999999995,18.80000000000001,1,0,accelerate-maintain,0.06099066883325577,-0.12327991425991058,-0.14657056331634521,0,0.06099066883325577,-0.12327991425991058,0.18427058309316635,0.20756123214960098,"[true, true, true]",False,False,False,66015,0,e827f3a7c15be3cc0e8dad398a812438a042d5fbfc05ac4f148ca8e9393507fa,validation_002,0,1,2038157923,2,
3,0.6000000000000001,A,mainline,True,False,44.36,19.200000000000017,1,accelerate,2.0,2.0000000000000284,54.39999999999996,16.0,1,0,accelerate-maintain,-0.07968205213546753,0.02856920287013054,-0.1644240766763687,1,0.02856920287013054,-0.07968205213546753,0.10825125500559807,0.19299327954649925,"[true, true, true]",False,False,False,66015,0,e827f3a7c15be3cc0e8dad398a812438a042d5fbfc05ac4f148ca8e9393507fa,validation_002,0,1,2038157923,2,
3,0.6000000000000001,B,ramp,True,False,54.39999999999996,16.0,0,maintain,0.0,0.0,44.36,19.200000000000017,1,0,accelerate-maintain,0.06009630113840103,-0.12405194342136383,-0.14470690488815308,0,0.06009630113840103,-0.12405194342136383,0.18414824455976486,0.2048032060265541,"[true, true, true]",False,False,False,66015,0,e827f3a7c15be3cc0e8dad398a812438a042d5fbfc05ac4f148ca8e9393507fa,validation_002,0,1,2038157923,2,
4,0.8,A,mainline,True,False,48.24,19.600000000000023,1,accelerate,2.0,2.0000000000000284,57.59999999999995,16.0,1,0,accelerate-maintain,-0.08033637702465057,0.026809945702552795,-0.16431814432144165,1,0.026809945702552795,-0.08033637702465057,0.10714632272720337,0.19112809002399445,"[true, true, true]",False,False,False,66015,0,e827f3a7c15be3cc0e8dad398a812438a042d5fbfc05ac4f148ca8e9393507fa,validation_002,0,1,2038157923,2,
4,0.8,B,ramp,True,False,57.59999999999995,16.0,0,maintain,0.0,0.0,48.24,19.600000000000023,1,0,accelerate-maintain,0.0593666136264801,-0.12481772154569626,-0.14240092039108276,0,0.0593666136264801,-0.12481772154569626,0.18418433517217636,0.20176753401756287,"[true, true, true]",False,False,False,66015,0,e827f3a7c15be3cc0e8dad398a812438a042d5fbfc05ac4f148ca8e9393507fa,validation_002,0,1,2038157923,2,
5,1.0,A,mainline,True,False,52.20000000000001,20.00000000000003,1,accelerate,2.0,2.0000000000000284,60.79999999999994,16.0,1,0,accelerate-maintain,-0.08107496798038483,0.025047458708286285,-0.16410133242607117,1,0.025047458708286285,-0.08107496798038483,0.10612242668867111,0.18914879113435745,"[true, true, true]",False,False,False,66015,0,e827f3a7c15be3cc0e8dad398a812438a042d5fbfc05ac4f148ca8e9393507fa,validation_002,0,1,2038157923,2,
5,1.0,B,ramp,True,False,60.79999999999994,16.0,0,maintain,0.0,0.0,52.20000000000001,20.00000000000003,1,0,accelerate-maintain,0.058882828801870346,-0.12508070468902588,-0.14003625512123108,0,0.058882828801870346,-0.12508070468902588,0.18396353349089622,0.19891908392310143,"[true, true, true]",False,False,False,66015,0,e827f3a7c15be3cc0e8dad398a812438a042d5fbfc05ac4f148ca8e9393507fa,validation_002,0,1,2038157923,2,
6,1.2000000000000002,A,mainline,True,False,56.240000000000016,20.400000000000034,1,accelerate,2.0,2.0000000000000284,63.99999999999993,16.0,1,0,accelerate-maintain,-0.08136895298957825,0.023603376001119614,-0.16298982501029968,1,0.023603376001119614,-0.08136895298957825,0.10497232899069786,0.1865932010114193,"[true, true, true]",False,False,False,66015,0,e827f3a7c15be3cc0e8dad398a812438a042d5fbfc05ac4f148ca8e9393507fa,validation_002,0,1,2038157923,2,
6,1.2000000000000002,B,ramp,True,False,63.99999999999993,16.0,0,maintain,0.0,0.0,56.240000000000016,20.400000000000034,1,0,accelerate-maintain,0.05889630317687988,-0.12531475722789764,-0.13707828521728516,0,0.05889630317687988,-0.12531475722789764,0.18421106040477753,0.19597458839416504,"[true, true, true]",False,False,False,66015,0,e827f3a7c15be3cc0e8dad398a812438a042d5fbfc05ac4f148ca8e9393507fa,validation_002,0,1,2038157923,2,
7,1.4000000000000001,A,mainline,True,False,60.36000000000002,20.80000000000004,1,accelerate,2.0,2.0000000000000284,67.19999999999992,16.0,1,0,accelerate-maintain,-0.08152643591165543,0.02247307077050209,-0.1614687591791153,1,0.02247307077050209,-0.08152643591165543,0.10399950668215752,0.18394182994961739,"[true, true, true]",False,False,False,66015,0,e827f3a7c15be3cc0e8dad398a812438a042d5fbfc05ac4f148ca8e9393507fa,validation_002,0,1,2038157923,2,
7,1.4000000000000001,B,ramp,True,False,67.19999999999992,16.0,0,maintain,0.0,0.0,60.36000000000002,20.80000000000004,1,0,accelerate-maintain,0.0590774305164814,-0.12508291006088257,-0.13423994183540344,0,0.0590774305164814,-0.12508291006088257,0.18416034057736397,0.19331737235188484,"[true, true, true]",False,False,False,66015,0,e827f3a7c15be3cc0e8dad398a812438a042d5fbfc05ac4f148ca8e9393507fa,validation_002,0,1,2038157923,2,
8,1.6,A,mainline,True,False,64.56000000000003,21.200000000000045,1,accelerate,2.0,2.0000000000000284,70.3999999999999,16.0,1,0,accelerate-maintain,-0.0807344913482666,0.021323487162590027,-0.16110123693943024,1,0.021323487162590027,-0.0807344913482666,0.10205797851085663,0.18242472410202026,"[true, true, true]",False,False,False,66015,0,e827f3a7c15be3cc0e8dad398a812438a042d5fbfc05ac4f148ca8e9393507fa,validation_002,0,1,2038157923,2,
8,1.6,B,ramp,True,False,70.3999999999999,16.0,0,maintain,0.0,0.0,64.56000000000003,21.200000000000045,1,0,accelerate-maintain,0.05908307433128357,-0.1234331876039505,-0.13098838925361633,0,0.05908307433128357,-0.1234331876039505,0.18251626193523407,0.1900714635848999,"[true, true, true]",False,False,False,66015,0,e827f3a7c15be3cc0e8dad398a812438a042d5fbfc05ac4f148ca8e9393507fa,validation_002,0,1,2038157923,2,
9,1.8,A,mainline,True,False,68.84000000000003,21.60000000000005,1,accelerate,2.0,2.0000000000000284,73.5999999999999,16.0,1,0,accelerate-maintain,-0.08002012968063354,0.02000042051076889,-0.16088321805000305,1,0.02000042051076889,-0.08002012968063354,0.10002055019140244,0.18088363856077194,"[true, true, true]",False,False,False,66015,0,e827f3a7c15be3cc0e8dad398a812438a042d5fbfc05ac4f148ca8e9393507fa,validation_002,0,1,2038157923,2,
9,1.8,B,ramp,True,False,73.5999999999999,16.0,0,maintain,0.0,0.0,68.84000000000003,21.60000000000005,1,0,accelerate-maintain,0.059060484170913696,-0.12173011898994446,-0.1277238130569458,0,0.059060484170913696,-0.12173011898994446,0.18079060316085815,0.1867842972278595,"[true, true, true]",False,False,False,66015,0,e827f3a7c15be3cc0e8dad398a812438a042d5fbfc05ac4f148ca8e9393507fa,validation_002,0,1,2038157923,2,
10,2.0,A,mainline,True,False,73.20000000000003,22.000000000000057,1,accelerate,2.0,2.0000000000000284,76.79999999999988,16.0,1,0,accelerate-maintain,-0.07970593869686127,0.01910918578505516,-0.16002298891544342,1,0.01910918578505516,-0.07970593869686127,0.09881512448191643,0.17913217470049858,"[true, true, true]",False,False,False,66015,0,e827f3a7c15be3cc0e8dad398a812438a042d5fbfc05ac4f148ca8e9393507fa,validation_002,0,1,2038157923,2,
10,2.0,B,ramp,True,False,76.79999999999988,16.0,0,maintain,0.0,0.0,73.20000000000003,22.000000000000057,1,0,accelerate-maintain,0.0589960440993309,-0.11993802338838577,-0.12447573244571686,0,0.0589960440993309,-0.11993802338838577,0.17893406748771667,0.18347177654504776,"[true, true, true]",False,False,False,66015,0,e827f3a7c15be3cc0e8dad398a812438a042d5fbfc05ac4f148ca8e9393507fa,validation_002,0,1,2038157923,2,
11,2.2,A,mainline,True,False,77.64000000000004,22.400000000000063,1,accelerate,2.0,2.0000000000000284,79.99999999999987,16.0,1,0,accelerate-maintain,-0.0794251412153244,0.01821988821029663,-0.15915800631046295,1,0.01821988821029663,-0.0794251412153244,0.09764502942562103,0.17737789452075958,"[true, true, true]",False,False,False,66015,0,e827f3a7c15be3cc0e8dad398a812438a042d5fbfc05ac4f148ca8e9393507fa,validation_002,0,1,2038157923,2,
11,2.2,B,ramp,True,False,79.99999999999987,16.0,0,maintain,0.0,0.0,77.64000000000004,22.400000000000063,1,0,accelerate-maintain,0.059132084250450134,-0.11839504539966583,-0.12125562131404877,0,0.059132084250450134,-0.11839504539966583,0.17752712965011597,0.1803877055644989,"[true, true, true]",False,False,False,66015,0,e827f3a7c15be3cc0e8dad398a812438a042d5fbfc05ac4f148ca8e9393507fa,validation_002,0,1,2038157923,2,
12,2.4000000000000004,A,mainline,True,False,82.16000000000005,22.800000000000068,1,accelerate,2.0,2.0000000000000284,83.19999999999986,16.0,1,0,accelerate-maintain,-0.07932111620903015,0.01757948473095894,-0.1582297682762146,1,0.01757948473095894,-0.07932111620903015,0.09690060093998909,0.17580925300717354,"[true, true, true]",False,False,False,66015,0,e827f3a7c15be3cc0e8dad398a812438a042d5fbfc05ac4f148ca8e9393507fa,validation_002,0,1,2038157923,2,
12,2.4000000000000004,B,ramp,True,False,83.19999999999986,16.0,0,maintain,0.0,0.0,82.16000000000005,22.800000000000068,1,0,accelerate-maintain,0.05866358429193497,-0.11813212931156158,-0.11942858248949051,0,0.05866358429193497,-0.11813212931156158,0.17679571360349655,0.17809216678142548,"[true, true, true]",False,False,False,66015,0,e827f3a7c15be3cc0e8dad398a812438a042d5fbfc05ac4f148ca8e9393507fa,validation_002,0,1,2038157923,2,
13,2.6,A,mainline,True,False,86.76000000000006,23.200000000000074,1,accelerate,2.0,2.0000000000000284,86.39999999999985,16.0,1,0,accelerate-maintain,-0.07940295338630676,0.01766400784254074,-0.15736043453216553,1,0.01766400784254074,-0.07940295338630676,0.0970669612288475,0.17502444237470627,"[true, true, true]",False,False,False,66015,0,e827f3a7c15be3cc0e8dad398a812438a042d5fbfc05ac4f148ca8e9393507fa,validation_002,0,1,2038157923,2,
13,2.6,B,ramp,True,False,86.39999999999985,16.0,0,maintain,0.0,0.0,86.76000000000006,23.200000000000074,1,0,accelerate-maintain,0.05826864019036293,-0.11802548915147781,-0.11811774224042892,0,0.05826864019036293,-0.11802548915147781,0.17629412934184074,0.17638638243079185,"[true, true, true]",False,False,False,66015,0,e827f3a7c15be3cc0e8dad398a812438a042d5fbfc05ac4f148ca8e9393507fa,validation_002,0,1,2038157923,2,
14,2.8000000000000003,A,mainline,True,False,91.44000000000008,23.60000000000008,1,accelerate,2.0,2.0000000000000284,89.59999999999984,16.0,1,0,accelerate-maintain,-0.07920774817466736,0.01803290843963623,-0.15615028142929077,1,0.01803290843963623,-0.07920774817466736,0.09724065661430359,0.174183189868927,"[true, true, true]",False,False,False,66015,0,e827f3a7c15be3cc0e8dad398a812438a042d5fbfc05ac4f148ca8e9393507fa,validation_002,0,1,2038157923,2,
14,2.8000000000000003,B,ramp,True,False,89.59999999999984,16.0,0,maintain,0.0,0.0,91.44000000000008,23.60000000000008,1,0,accelerate-maintain,0.05775079131126404,-0.11776849627494812,-0.11682616174221039,0,0.05775079131126404,-0.11682616174221039,0.17457695305347443,0.17551928758621216,"[true, true, true]",False,False,False,66015,0,e827f3a7c15be3cc0e8dad398a812438a042d5fbfc05ac4f148ca8e9393507fa,validation_002,0,1,2038157923,2,
15,3.0,A,mainline,True,False,96.2000000000001,24.000000000000085,1,accelerate,2.0,2.0000000000000284,92.79999999999983,16.0,1,0,accelerate-maintain,-0.07897094637155533,0.01824105530977249,-0.15529656410217285,1,0.01824105530977249,-0.07897094637155533,0.09721200168132782,0.17353761941194534,"[true, true, true]",False,False,False,66015,0,e827f3a7c15be3cc0e8dad398a812438a042d5fbfc05ac4f148ca8e9393507fa,validation_002,0,1,2038157923,2,
15,3.0,B,ramp,True,False,92.79999999999983,16.0,0,maintain,0.0,0.0,96.2000000000001,24.000000000000085,1,0,accelerate-maintain,0.05718199536204338,-0.11745841801166534,-0.1155124306678772,0,0.05718199536204338,-0.1155124306678772,0.17269442602992058,0.17464041337370872,"[true, true, true]",False,False,False,66015,0,e827f3a7c15be3cc0e8dad398a812438a042d5fbfc05ac4f148ca8e9393507fa,validation_002,0,1,2038157923,2,
16,3.2,A,mainline,True,False,101.04000000000012,24.40000000000009,1,accelerate,2.0,2.0000000000000284,95.99999999999982,16.0,1,0,accelerate-maintain,-0.07893680036067963,0.01842382550239563,-0.15480577945709229,1,0.01842382550239563,-0.07893680036067963,0.09736062586307526,0.17322960495948792,"[true, true, true]",False,False,False,66015,0,e827f3a7c15be3cc0e8dad398a812438a042d5fbfc05ac4f148ca8e9393507fa,validation_002,0,1,2038157923,2,
16,3.2,B,ramp,True,False,95.99999999999982,16.0,0,maintain,0.0,0.0,101.04000000000012,24.40000000000009,1,0,accelerate-maintain,0.05623156577348709,-0.11637897789478302,-0.11458267271518707,0,0.05623156577348709,-0.11458267271518707,0.17081423848867416,0.1726105436682701,"[true, true, true]",False,False,False,66015,0,e827f3a7c15be3cc0e8dad398a812438a042d5fbfc05ac4f148ca8e9393507fa,validation_002,0,1,2038157923,2,
17,3.4000000000000004,A,mainline,True,False,105.96000000000015,24.800000000000097,1,accelerate,2.0,2.0000000000000284,99.1999999999998,16.0,1,0,accelerate-maintain,-0.07978299260139465,0.018529705703258514,-0.15489517152309418,1,0.018529705703258514,-0.07978299260139465,0.09831269830465317,0.1734248772263527,"[true, true, true]",False,False,False,66015,0,e827f3a7c15be3cc0e8dad398a812438a042d5fbfc05ac4f148ca8e9393507fa,validation_002,0,1,2038157923,2,
17,3.4000000000000004,B,ramp,True,False,99.1999999999998,16.0,0,maintain,0.0,0.0,105.96000000000015,24.800000000000097,1,0,accelerate-maintain,0.05516675114631653,-0.11500605940818787,-0.11409937590360641,0,0.05516675114631653,-0.11409937590360641,0.16926612704992294,0.1701728105545044,"[true, true, true]",False,False,False,66015,0,e827f3a7c15be3cc0e8dad398a812438a042d5fbfc05ac4f148ca8e9393507fa,validation_002,0,1,2038157923,2,
18,3.6,A,mainline,True,False,110.96000000000018,25.200000000000102,1,accelerate,2.0,2.0000000000000284,102.39999999999979,16.0,1,0,accelerate-maintain,-0.08195876330137253,0.018545884639024734,-0.15602761507034302,1,0.018545884639024734,-0.08195876330137253,0.10050464794039726,0.17457349970936775,"[true, true, true]",False,False,False,66015,0,e827f3a7c15be3cc0e8dad398a812438a042d5fbfc05ac4f148ca8e9393507fa,validation_002,0,1,2038157923,2,
18,3.6,B,ramp,True,False,102.39999999999979,16.0,0,maintain,0.0,0.0,110.96000000000018,25.200000000000102,1,0,accelerate-maintain,0.05380465090274811,-0.11316066235303879,-0.11407066136598587,0,0.05380465090274811,-0.11316066235303879,0.1669653132557869,0.16787531226873398,"[true, true, true]",False,False,False,66015,0,e827f3a7c15be3cc0e8dad398a812438a042d5fbfc05ac4f148ca8e9393507fa,validation_002,0,1,2038157923,2,
19,3.8000000000000003,A,mainline,True,False,116.04000000000019,25.600000000000108,1,accelerate,2.0,2.0000000000000284,105.59999999999978,16.0,1,0,accelerate-maintain,-0.08395884931087494,0.018284723162651062,-0.1577831655740738,1,0.018284723162651062,-0.08395884931087494,0.102243572473526,0.17606788873672485,"[true, true, true]",False,False,False,66015,0,e827f3a7c15be3cc0e8dad398a812438a042d5fbfc05ac4f148ca8e9393507fa,validation_002,0,1,2038157923,2,7.484989876818233
19,3.8000000000000003,B,ramp,True,False,105.59999999999978,16.0,0,maintain,0.0,0.0,116.04000000000019,25.600000000000108,1,0,accelerate-maintain,0.05289900302886963,-0.11202149093151093,-0.11345475167036057,0,0.05289900302886963,-0.11202149093151093,0.16492049396038055,0.1663537546992302,"[true, true, true]",False,False,False,66015,0,e827f3a7c15be3cc0e8dad398a812438a042d5fbfc05ac4f148ca8e9393507fa,validation_002,0,1,2038157923,2,7.484989876818233
20,4.0,A,mainline,True,False,121.2000000000002,26.000000000000114,1,accelerate,2.0,2.0000000000000284,108.79999999999977,16.0,1,0,accelerate-maintain,-0.08627378195524216,0.01884157955646515,-0.15761776268482208,1,0.01884157955646515,-0.08627378195524216,0.1051153615117073,0.17645934224128723,"[true, true, true]",False,False,False,66015,0,e827f3a7c15be3cc0e8dad398a812438a042d5fbfc05ac4f148ca8e9393507fa,validation_002,0,1,2038157923,2,9.549599814581754
20,4.0,B,ramp,True,False,108.79999999999977,16.0,0,maintain,0.0,0.0,121.2000000000002,26.000000000000114,1,0,accelerate-maintain,0.10182596743106842,-0.13506236672401428,-0.16805201768875122,0,0.10182596743106842,-0.13506236672401428,0.2368883341550827,0.26987798511981964,"[true, true, true]",False,False,False,66015,0,e827f3a7c15be3cc0e8dad398a812438a042d5fbfc05ac4f148ca8e9393507fa,validation_002,0,1,2038157923,2,9.549599814581754
21,4.2,A,mainline,True,False,126.44000000000023,26.40000000000012,1,accelerate,2.0,2.0000000000000284,111.99999999999976,16.0,1,0,accelerate-maintain,-0.09017070382833481,0.017098046839237213,-0.16205474734306335,1,0.017098046839237213,-0.09017070382833481,0.10726875066757202,0.17915279418230057,"[true, true, true]",False,False,False,66015,0,e827f3a7c15be3cc0e8dad398a812438a042d5fbfc05ac4f148ca8e9393507fa,validation_002,0,1,2038157923,2,11.692941917612188
21,4.2,B,ramp,True,False,111.99999999999976,16.0,0,maintain,0.0,0.0,126.44000000000023,26.40000000000012,1,0,accelerate-maintain,0.10069118440151215,-0.13611352443695068,-0.1649092733860016,0,0.10069118440151215,-0.13611352443695068,0.23680470883846283,0.26560045778751373,"[true, true, true]",False,False,False,66015,0,e827f3a7c15be3cc0e8dad398a812438a042d5fbfc05ac4f148ca8e9393507fa,validation_002,0,1,2038157923,2,11.692941917612188
22,4.4,A,mainline,True,False,131.76000000000025,26.800000000000125,1,accelerate,2.0,2.0000000000000284,115.19999999999975,16.0,1,0,accelerate-maintain,-0.0937134176492691,0.015542522072792053,-0.16613543033599854,1,0.015542522072792053,-0.0937134176492691,0.10925593972206116,0.1816779524087906,"[true, true, true]",False,False,False,66015,0,e827f3a7c15be3cc0e8dad398a812438a042d5fbfc05ac4f148ca8e9393507fa,validation_002,0,1,2038157923,2,13.91312183850249
22,4.4,B,ramp,True,False,115.19999999999975,16.0,0,maintain,0.0,0.0,131.76000000000025,26.800000000000125,1,0,accelerate-maintain,0.0995851531624794,-0.13694486021995544,-0.16230840981006622,0,0.0995851531624794,-0.13694486021995544,0.23653001338243484,0.2618935629725456,"[true, true, true]",False,False,False,66015,0,e827f3a7c15be3cc0e8dad398a812438a042d5fbfc05ac4f148ca8e9393507fa,validation_002,0,1,2038157923,2,13.91312183850249
23,4.6000000000000005,A,mainline,True,False,137.16000000000028,27.20000000000013,1,accelerate,2.0,2.0000000000000284,118.39999999999974,16.0,1,0,accelerate-maintain,-0.09740863740444183,0.015503574162721634,-0.17066508531570435,1,0.015503574162721634,-0.09740863740444183,0.11291221156716347,0.18616865947842598,"[true, true, true]",False,False,False,66015,0,e827f3a7c15be3cc0e8dad398a812438a042d5fbfc05ac4f148ca8e9393507fa,validation_002,0,1,2038157923,2,16.2088445266115
23,4.6000000000000005,B,ramp,True,False,118.39999999999974,16.0,0,maintain,0.0,0.0,137.16000000000028,27.20000000000013,1,0,accelerate-maintain,0.09975209832191467,-0.138310045003891,-0.15980936586856842,0,0.09975209832191467,-0.138310045003891,0.23806214332580566,0.2595614641904831,"[true, true, true]",False,False,False,66015,0,e827f3a7c15be3cc0e8dad398a812438a042d5fbfc05ac4f148ca8e9393507fa,validation_002,0,1,2038157923,2,16.2088445266115
24,4.800000000000001,A,mainline,True,False,142.6400000000003,27.600000000000136,1,accelerate,2.0,2.0000000000000284,121.59999999999972,16.0,1,0,accelerate-maintain,-0.10059226304292679,0.015336509793996811,-0.17504346370697021,1,0.015336509793996811,-0.10059226304292679,0.1159287728369236,0.19037997350096703,"[true, true, true]",False,False,False,66015,0,e827f3a7c15be3cc0e8dad398a812438a042d5fbfc05ac4f148ca8e9393507fa,validation_002,0,1,2038157923,2,18.579649371162887
24,4.800000000000001,B,ramp,True,False,121.59999999999972,16.0,0,maintain,0.0,0.0,142.6400000000003,27.600000000000136,1,0,accelerate-maintain,0.10046262294054031,-0.14001286029815674,-0.1576927751302719,0,0.10046262294054031,-0.14001286029815674,0.24047548323869705,0.2581553980708122,"[true, true, true]",False,False,False,66015,0,e827f3a7c15be3cc0e8dad398a812438a042d5fbfc05ac4f148ca8e9393507fa,validation_002,0,1,2038157923,2,18.579649371162887
25,5.0,A,mainline,True,False,148.20000000000033,28.000000000000142,1,accelerate,2.0,2.0000000000000284,124.79999999999971,16.0,1,0,accelerate-maintain,-0.10254059731960297,0.014965835958719254,-0.17984351515769958,1,0.014965835958719254,-0.10254059731960297,0.11750643327832222,0.19480935111641884,"[true, true, true]",False,False,False,66015,0,e827f3a7c15be3cc0e8dad398a812438a042d5fbfc05ac4f148ca8e9393507fa,validation_002,0,1,2038157923,2,21.02595357539346
25,5.0,B,ramp,True,False,124.79999999999971,16.0,0,maintain,0.0,0.0,148.20000000000033,28.000000000000142,1,0,accelerate-maintain,0.10041338205337524,-0.14253857731819153,-0.1565338671207428,0,0.10041338205337524,-0.14253857731819153,0.24295195937156677,0.25694724917411804,"[true, true, true]",False,False,False,66015,0,e827f3a7c15be3cc0e8dad398a812438a042d5fbfc05ac4f148ca8e9393507fa,validation_002,0,1,2038157923,2,21.02595357539346
26,5.2,A,mainline,True,False,153.84000000000034,28.400000000000148,1,accelerate,2.0,2.0000000000000284,127.9999999999997,16.0,1,0,accelerate-maintain,-0.10329527407884598,0.014326311647891998,-0.18469199538230896,1,0.014326311647891998,-0.10329527407884598,0.11762158572673798,0.19901830703020096,"[true, true, true]",False,False,False,66015,0,e827f3a7c15be3cc0e8dad398a812438a042d5fbfc05ac4f148ca8e9393507fa,validation_002,0,1,2038157923,2,23.5488651446108
26,5.2,B,ramp,True,False,127.9999999999997,16.0,0,maintain,0.0,0.0,153.84000000000034,28.400000000000148,1,0,accelerate-maintain,0.10015754401683807,-0.14643213152885437,-0.1560012251138687,0,0.10015754401683807,-0.14643213152885437,0.24658967554569244,0.2561587691307068,"[true, true, true]",False,False,False,66015,0,e827f3a7c15be3cc0e8dad398a812438a042d5fbfc05ac4f148ca8e9393507fa,validation_002,0,1,2038157923,2,23.5488651446108
27,5.4,A,mainline,True,False,159.56000000000037,28.800000000000153,1,accelerate,2.0,2.0000000000000284,131.19999999999973,16.0,1,0,accelerate-maintain,-0.10288864374160767,0.012939907610416412,-0.18938279151916504,1,0.012939907610416412,-0.10288864374160767,0.11582855135202408,0.20232269912958145,"[true, true, true]",False,False,False,66015,0,e827f3a7c15be3cc0e8dad398a812438a042d5fbfc05ac4f148ca8e9393507fa,validation_002,0,1,2038157923,2,26.14978745833446
27,5.4,B,ramp,True,False,131.19999999999973,16.0,0,maintain,0.0,0.0,159.56000000000037,28.800000000000153,1,0,accelerate-maintain,0.09994541108608246,-0.149883434176445,-0.15539775788784027,0,0.09994541108608246,-0.149883434176445,0.24982884526252747,0.25534316897392273,"[true, true, true]",False,False,False,66015,0,e827f3a7c15be3cc0e8dad398a812438a042d5fbfc05ac4f148ca8e9393507fa,validation_002,0,1,2038157923,2,26.14978745833446
28,5.6000000000000005,A,mainline,True,False,165.3600000000004,29.20000000000016,1,accelerate,2.0,2.0000000000000284,134.39999999999978,16.0,1,0,accelerate-maintain,-0.10202208161354065,0.0112704336643219,-0.19473525881767273,1,0.0112704336643219,-0.10202208161354065,0.11329251527786255,0.20600569248199463,"[true, true, true]",False,False,False,66015,0,e827f3a7c15be3cc0e8dad398a812438a042d5fbfc05ac4f148ca8e9393507fa,validation_002,0,1,2038157923,2,28.82992813227108
28,5.6000000000000005,B,ramp,True,False,134.39999999999978,16.0,0,maintain,0.0,0.0,165.3600000000004,29.20000000000016,1,0,accelerate-maintain,0.09972292184829712,-0.1523415744304657,-0.15507732331752777,0,0.09972292184829712,-0.1523415744304657,0.2520644962787628,0.2548002451658249,"[true, true, true]",False,False,False,66015,0,e827f3a7c15be3cc0e8dad398a812438a042d5fbfc05ac4f148ca8e9393507fa,validation_002,0,1,2038157923,2,28.82992813227108
29,5.800000000000001,A,mainline,True,False,171.24000000000044,29.600000000000165,1,accelerate,2.0,1.9999999999966178,137.59999999999982,16.0,1,0,accelerate-maintain,-0.10082368552684784,0.009397901594638824,-0.20056232810020447,1,0.009397901594638824,-0.10082368552684784,0.11022158712148666,0.2099602296948433,"[true, true, true]",False,False,False,66015,0,e827f3a7c15be3cc0e8dad398a812438a042d5fbfc05ac4f148ca8e9393507fa,validation_002,0,1,2038157923,2,31.589931239476726
29,5.800000000000001,B,ramp,True,False,137.59999999999982,16.0,0,maintain,0.0,0.0,171.24000000000044,29.600000000000165,1,0,accelerate-maintain,0.09948354959487915,-0.15378674864768982,-0.15485768020153046,0,0.09948354959487915,-0.15378674864768982,0.25327029824256897,0.2543412297964096,"[true, true, true]",False,False,False,66015,0,e827f3a7c15be3cc0e8dad398a812438a042d5fbfc05ac4f148ca8e9393507fa,validation_002,0,1,2038157923,2,31.589931239476726
30,6.0,A,mainline,True,False,177.20000000000047,30.0,1,accelerate,2.0,0.0,140.79999999999987,16.0,1,0,accelerate-maintain,-0.09957482665777206,0.007511783391237259,-0.20640817284584045,1,0.007511783391237259,-0.09957482665777206,0.10708661004900932,0.2139199562370777,"[true, true, true]",False,False,False,66015,0,e827f3a7c15be3cc0e8dad398a812438a042d5fbfc05ac4f148ca8e9393507fa,validation_002,0,1,2038157923,2,34.38993123947668
30,6.0,B,ramp,True,False,140.79999999999987,16.0,0,maintain,0.0,0.0,177.20000000000047,30.0,1,0,accelerate-maintain,0.09939859807491302,-0.15479391813278198,-0.1548982411623001,0,0.09939859807491302,-0.15479391813278198,0.254192516207695,0.25429683923721313,"[true, true, true]",False,False,False,66015,0,e827f3a7c15be3cc0e8dad398a812438a042d5fbfc05ac4f148ca8e9393507fa,validation_002,0,1,2038157923,2,34.38993123947668
31,6.2,A,mainline,True,False,183.20000000000047,30.0,1,accelerate,2.0,0.0,143.99999999999991,16.0,1,0,accelerate-maintain,-0.0969429463148117,0.006171286106109619,-0.2110007107257843,1,0.006171286106109619,-0.0969429463148117,0.10311423242092133,0.21717199683189392,"[true, true, true]",False,False,False,66015,0,e827f3a7c15be3cc0e8dad398a812438a042d5fbfc05ac4f148ca8e9393507fa,validation_002,0,1,2038157923,2,37.189931239476635
31,6.2,B,ramp,True,False,143.99999999999991,16.0,0,maintain,0.0,0.0,183.20000000000047,30.0,1,0,accelerate-maintain,0.0990595668554306,-0.15503442287445068,-0.15437108278274536,0,0.0990595668554306,-0.15437108278274536,0.25343064963817596,0.2540939897298813,"[true, true, true]",False,False,False,66015,0,e827f3a7c15be3cc0e8dad398a812438a042d5fbfc05ac4f148ca8e9393507fa,validation_002,0,1,2038157923,2,37.189931239476635
32,6.4,A,mainline,True,False,189.20000000000047,30.0,1,accelerate,2.0,0.0,147.19999999999996,16.0,1,0,accelerate-maintain,-0.09373579174280167,0.005247853696346283,-0.214717835187912,1,0.005247853696346283,-0.09373579174280167,0.09898364543914795,0.21996568888425827,"[true, true, true]",False,False,False,66015,0,e827f3a7c15be3cc0e8dad398a812438a042d5fbfc05ac4f148ca8e9393507fa,validation_002,0,1,2038157923,2,39.98993123947659
32,6.4,B,ramp,True,False,147.19999999999996,16.0,0,maintain,0.0,0.0,189.20000000000047,30.0,1,0,accelerate-maintain,0.09809938818216324,-0.15614038705825806,-0.15508390963077545,0,0.09809938818216324,-0.15508390963077545,0.2531832978129387,0.2542397752404213,"[true, true, true]",False,False,False,66015,0,e827f3a7c15be3cc0e8dad398a812438a042d5fbfc05ac4f148ca8e9393507fa,validation_002,0,1,2038157923,2,39.98993123947659
33,6.6000000000000005,A,mainline,True,False,195.20000000000047,30.0,1,accelerate,2.0,0.0,150.4,16.0,1,0,accelerate-maintain,-0.0905107781291008,0.004326764494180679,-0.2184160351753235,1,0.004326764494180679,-0.0905107781291008,0.09483754262328148,0.22274279966950417,"[true, true, true]",False,False,False,66015,0,e827f3a7c15be3cc0e8dad398a812438a042d5fbfc05ac4f148ca8e9393507fa,validation_002,0,1,2038157923,2,42.789931239476545
33,6.6000000000000005,B,ramp,True,False,150.4,16.0,0,maintain,0.0,0.0,195.20000000000047,30.0,1,0,accelerate-maintain,0.09676094353199005,-0.15760359168052673,-0.15617933869361877,0,0.09676094353199005,-0.15617933869361877,0.2529402822256088,0.2543645352125168,"[true, true, true]",False,False,False,66015,0,e827f3a7c15be3cc0e8dad398a812438a042d5fbfc05ac4f148ca8e9393507fa,validation_002,0,1,2038157923,2,42.789931239476545
34,6.800000000000001,A,mainline,True,False,201.20000000000047,30.0,1,accelerate,2.0,0.0,153.60000000000005,16.0,1,0,accelerate-maintain,-0.08727090805768967,0.0034075751900672913,-0.222098708152771,1,0.0034075751900672913,-0.08727090805768967,0.09067848324775696,0.2255062833428383,"[true, true, true]",False,False,False,66015,0,e827f3a7c15be3cc0e8dad398a812438a042d5fbfc05ac4f148ca8e9393507fa,validation_002,0,1,2038157923,2,45.5899312394765
34,6.800000000000001,B,ramp,True,False,153.60000000000005,16.0,0,maintain,0.0,0.0,201.20000000000047,30.0,1,0,accelerate-maintain,0.09543826431035995,-0.15905877947807312,-0.15729132294654846,0,0.09543826431035995,-0.15729132294654846,0.2527295872569084,0.2544970437884331,"[true, true, true]",False,False,False,66015,0,e827f3a7c15be3cc0e8dad398a812438a042d5fbfc05ac4f148ca8e9393507fa,validation_002,0,1,2038157923,2,45.5899312394765
35,7.0,A,mainline,True,False,207.20000000000047,30.0,1,accelerate,2.0,0.0,156.8000000000001,16.0,1,0,accelerate-maintain,-0.08401863276958466,0.0024899616837501526,-0.2257685661315918,1,0.0024899616837501526,-0.08401863276958466,0.08650859445333481,0.22825852781534195,"[true, true, true]",False,False,False,66015,0,e827f3a7c15be3cc0e8dad398a812438a042d5fbfc05ac4f148ca8e9393507fa,validation_002,0,1,2038157923,2,48.389931239476454
35,7.0,B,ramp,True,False,156.8000000000001,16.0,0,maintain,0.0,0.0,207.20000000000047,30.0,1,0,accelerate-maintain,0.09423507750034332,-0.16106267273426056,-0.15911109745502472,0,0.09423507750034332,-0.15911109745502472,0.25334617495536804,0.2552977502346039,"[true, true, true]",False,False,False,66015,0,e827f3a7c15be3cc0e8dad398a812438a042d5fbfc05ac4f148ca8e9393507fa,validation_002,0,1,2038157923,2,48.389931239476454
36,7.2,A,mainline,True,False,213.20000000000047,30.0,1,accelerate,2.0,0.0,160.00000000000014,16.0,1,0,accelerate-maintain,-0.08075596392154694,0.001573614776134491,-0.22942784428596497,1,0.001573614776134491,-0.08075596392154694,0.08232957869768143,0.23100145906209946,"[true, true, true]",False,False,False,66015,0,e827f3a7c15be3cc0e8dad398a812438a042d5fbfc05ac4f148ca8e9393507fa,validation_002,0,1,2038157923,2,51.18993123947641
36,7.2,B,ramp,True,False,160.00000000000014,16.0,0,maintain,0.0,0.0,213.20000000000047,30.0,1,0,accelerate-maintain,0.09331459552049637,-0.16315868496894836,-0.1612326055765152,0,0.09331459552049637,-0.1612326055765152,0.25454720109701157,0.25647328048944473,"[true, true, true]",False,False,False,66015,0,e827f3a7c15be3cc0e8dad398a812438a042d5fbfc05ac4f148ca8e9393507fa,validation_002,0,1,2038157923,2,51.18993123947641
37,7.4,A,mainline,True,False,219.20000000000047,30.0,1,accelerate,2.0,0.0,163.2000000000002,16.0,1,0,accelerate-maintain,-0.0779900997877121,0.000999443233013153,-0.23300684988498688,1,0.000999443233013153,-0.0779900997877121,0.07898954302072525,0.23400629311800003,"[true, true, true]",False,False,False,66015,0,e827f3a7c15be3cc0e8dad398a812438a042d5fbfc05ac4f148ca8e9393507fa,validation_002,0,1,2038157923,2,53.98993123947636
37,7.4,B,ramp,True,False,163.2000000000002,16.0,0,maintain,0.0,0.0,219.20000000000047,30.0,1,0,accelerate-maintain,0.09235250949859619,-0.16565120220184326,-0.16321484744548798,0,0.09235250949859619,-0.16321484744548798,0.25556735694408417,0.25800371170043945,"[true, true, true]",False,False,False,66015,0,e827f3a7c15be3cc0e8dad398a812438a042d5fbfc05ac4f148ca8e9393507fa,validation_002,0,1,2038157923,2,53.98993123947636
38,7.6000000000000005,A,mainline,True,False,225.20000000000047,30.0,1,accelerate,2.0,0.0,166.40000000000023,16.0,1,0,accelerate-maintain,-0.07581637799739838,0.0001855716109275818,-0.2362746298313141,1,0.0001855716109275818,-0.07581637799739838,0.07600194960832596,0.23646020144224167,"[true, true, true]",False,False,False,66015,0,e827f3a7c15be3cc0e8dad398a812438a042d5fbfc05ac4f148ca8e9393507fa,validation_002,0,1,2038157923,2,56.78993123947632
38,7.6000000000000005,B,ramp,True,False,166.40000000000023,16.0,0,maintain,0.0,0.0,225.20000000000047,30.0,1,0,accelerate-maintain,0.09148447215557098,-0.16788965463638306,-0.1650218814611435,0,0.09148447215557098,-0.1650218814611435,0.2565063536167145,0.25937412679195404,"[true, true, true]",False,False,False,66015,0,e827f3a7c15be3cc0e8dad398a812438a042d5fbfc05ac4f148ca8e9393507fa,validation_002,0,1,2038157923,2,56.78993123947632
39,7.800000000000001,A,mainline,True,False,231.20000000000047,30.0,1,accelerate,2.0,0.0,169.60000000000028,16.0,1,0,accelerate-maintain,-0.07391071319580078,-0.0008281618356704712,-0.2396269142627716,1,-0.0008281618356704712,-0.07391071319580078,0.07308255136013031,0.23879875242710114,"[true, true, true]",False,False,False,66015,0,e827f3a7c15be3cc0e8dad398a812438a042d5fbfc05ac4f148ca8e9393507fa,validation_002,0,1,2038157923,2,59.58993123947627
39,7.800000000000001,B,ramp,True,False,169.60000000000028,16.0,0,maintain,0.0,0.0,231.20000000000047,30.0,1,0,accelerate-maintain,0.09065548330545425,-0.17003153264522552,-0.16676725447177887,0,0.09065548330545425,-0.16676725447177887,0.2574227377772331,0.2606870159506798,"[true, true, true]",False,False,False,66015,0,e827f3a7c15be3cc0e8dad398a812438a042d5fbfc05ac4f148ca8e9393507fa,validation_002,0,1,2038157923,2,59.58993123947627
40,8.0,A,mainline,True,False,237.20000000000047,30.0,0,maintain,2.0,0.0,172.80000000000032,16.0,0,0,maintain-maintain,-0.04777608439326286,-0.055957525968551636,-0.15338659286499023,0,-0.04777608439326286,-0.055957525968551636,0.008181441575288773,0.10561050847172737,"[true, true, true]",False,False,False,66015,0,e827f3a7c15be3cc0e8dad398a812438a042d5fbfc05ac4f148ca8e9393507fa,validation_002,0,1,2038157923,2,62.389931239476226
40,8.0,B,ramp,True,False,172.80000000000032,16.0,0,maintain,0.0,0.0,237.20000000000047,30.0,0,0,maintain-maintain,0.050366681069135666,-0.16359379887580872,-0.17216739058494568,0,0.050366681069135666,-0.16359379887580872,0.21396047994494438,0.22253407165408134,"[true, true, true]",False,False,False,66015,0,e827f3a7c15be3cc0e8dad398a812438a042d5fbfc05ac4f148ca8e9393507fa,validation_002,0,1,2038157923,2,62.389931239476226
41,8.200000000000001,A,mainline,True,False,243.20000000000047,30.0,0,maintain,0.0,0.0,176.00000000000037,16.0,0,0,maintain-maintain,-0.045722655951976776,-0.05841173231601715,-0.15579484403133392,0,-0.045722655951976776,-0.05841173231601715,0.012689076364040375,0.11007218807935715,"[true, true, true]",False,False,False,66015,0,e827f3a7c15be3cc0e8dad398a812438a042d5fbfc05ac4f148ca8e9393507fa,validation_002,0,1,2038157923,2,65.18993123947618
41,8.200000000000001,B,ramp,True,False,176.00000000000037,16.0,0,maintain,0.0,0.0,243.20000000000047,30.0,0,0,maintain-maintain,0.049649905413389206,-0.1646154373884201,-0.17604203522205353,0,0.049649905413389206,-0.1646154373884201,0.2142653428018093,0.22569194063544273,"[true, true, true]",False,False,False,66015,0,e827f3a7c15be3cc0e8dad398a812438a042d5fbfc05ac4f148ca8e9393507fa,validation_002,0,1,2038157923,2,65.18993123947618
42,8.4,A,mainline,True,False,249.20000000000047,30.0,0,maintain,0.0,0.0,179.20000000000041,16.0,0,0,maintain-maintain,-0.04369013011455536,-0.0607050284743309,-0.15803197026252747,0,-0.04369013011455536,-0.0607050284743309,0.017014898359775543,0.1143418401479721,"[true, true, true]",False,False,False,66015,0,e827f3a7c15be3cc0e8dad398a812438a042d5fbfc05ac4f148ca8e9393507fa,validation_002,0,1,2038157923,2,67.98993123947614
42,8.4,B,ramp,True,False,179.20000000000041,16.0,0,maintain,0.0,0.0,249.20000000000047,30.0,0,0,maintain-maintain,0.04840637743473053,-0.16595964133739471,-0.18023771047592163,0,0.04840637743473053,-0.16595964133739471,0.21436601877212524,0.22864408791065216,"[true, true, true]",False,False,False,66015,0,e827f3a7c15be3cc0e8dad398a812438a042d5fbfc05ac4f148ca8e9393507fa,validation_002,0,1,2038157923,2,67.98993123947614
43,8.6,A,mainline,True,False,255.20000000000047,30.0,0,maintain,0.0,0.0,182.40000000000046,16.0,0,0,maintain-maintain,-0.04181593656539917,-0.06248393654823303,-0.16010937094688416,0,-0.04181593656539917,-0.06248393654823303,0.020667999982833862,0.11829343438148499,"[true, true, true]",False,False,False,66015,0,e827f3a7c15be3cc0e8dad398a812438a042d5fbfc05ac4f148ca8e9393507fa,validation_002,0,1,2038157923,2,
43,8.6,B,ramp,True,False,182.40000000000046,16.0,0,maintain,0.0,0.0,255.20000000000047,30.0,0,0,maintain-maintain,0.047855738550424576,-0.16693814098834991,-0.18351005017757416,0,0.047855738550424576,-0.16693814098834991,0.2147938795387745,0.23136578872799873,"[true, true, true]",False,False,False,66015,0,e827f3a7c15be3cc0e8dad398a812438a042d5fbfc05ac4f148ca8e9393507fa,validation_002,0,1,2038157923,2,
44,8.8,A,mainline,False,True,261.2000000000005,0.0,0,maintain,0.0,0.0,185.6000000000005,16.0,0,0,inactive-active,-0.024563580751419067,-0.030188962817192078,-0.19781634211540222,0,-0.024563580751419067,-0.030188962817192078,0.00562538206577301,0.17325276136398315,"[true, true, true]",False,False,False,66015,0,e827f3a7c15be3cc0e8dad398a812438a042d5fbfc05ac4f148ca8e9393507fa,validation_002,0,1,2038157923,2,
44,8.8,B,ramp,True,False,185.6000000000005,16.0,0,maintain,0.0,0.0,261.2000000000005,0.0,0,0,inactive-active,0.024294720962643623,-0.07308309525251389,-0.09732934832572937,0,0.024294720962643623,-0.07308309525251389,0.09737781621515751,0.121624069288373,"[true, true, true]",False,False,False,66015,0,e827f3a7c15be3cc0e8dad398a812438a042d5fbfc05ac4f148ca8e9393507fa,validation_002,0,1,2038157923,2,
45,9.0,A,mainline,False,True,261.2000000000005,0.0,0,maintain,0.0,0.0,188.80000000000055,16.0,0,0,inactive-active,-0.024118956178426743,-0.029526978731155396,-0.1975650191307068,0,-0.024118956178426743,-0.029526978731155396,0.005408022552728653,0.17344606295228004,"[true, true, true]",False,False,False,66015,0,e827f3a7c15be3cc0e8dad398a812438a042d5fbfc05ac4f148ca8e9393507fa,validation_002,0,1,2038157923,2,
45,9.0,B,ramp,True,False,188.80000000000055,16.0,0,maintain,0.0,0.0,261.2000000000005,0.0,0,0,inactive-active,0.025726575404405594,-0.07379475235939026,-0.09641455113887787,0,0.025726575404405594,-0.07379475235939026,0.09952132776379585,0.12214112654328346,"[true, true, true]",False,False,False,66015,0,e827f3a7c15be3cc0e8dad398a812438a042d5fbfc05ac4f148ca8e9393507fa,validation_002,0,1,2038157923,2,
46,9.200000000000001,A,mainline,False,True,261.2000000000005,0.0,0,maintain,0.0,0.0,192.0000000000006,16.0,0,0,inactive-active,-0.023895302787423134,-0.02868693321943283,-0.19728200137615204,0,-0.023895302787423134,-0.02868693321943283,0.004791630432009697,0.1733866985887289,"[true, true, true]",False,False,False,66015,0,e827f3a7c15be3cc0e8dad398a812438a042d5fbfc05ac4f148ca8e9393507fa,validation_002,0,1,2038157923,2,
46,9.200000000000001,B,ramp,True,False,192.0000000000006,16.0,0,maintain,0.0,0.0,261.2000000000005,0.0,0,0,inactive-active,0.02710457518696785,-0.07452106475830078,-0.09542734920978546,0,0.02710457518696785,-0.07452106475830078,0.10162563994526863,0.12253192439675331,"[true, true, true]",False,False,False,66015,0,e827f3a7c15be3cc0e8dad398a812438a042d5fbfc05ac4f148ca8e9393507fa,validation_002,0,1,2038157923,2,
47,9.4,A,mainline,False,True,261.2000000000005,0.0,0,maintain,0.0,0.0,195.20000000000064,16.0,0,0,inactive-active,-0.023374933749437332,-0.02780616283416748,-0.1972896009683609,0,-0.023374933749437332,-0.02780616283416748,0.004431229084730148,0.17391466721892357,"[true, true, true]",False,False,False,66015,0,e827f3a7c15be3cc0e8dad398a812438a042d5fbfc05ac4f148ca8e9393507fa,validation_002,0,1,2038157923,2,
47,9.4,B,ramp,True,False,195.20000000000064,16.0,0,maintain,0.0,0.0,261.2000000000005,0.0,0,0,inactive-active,0.028247011825442314,-0.07553458213806152,-0.09450638294219971,0,0.028247011825442314,-0.07553458213806152,0.10378159396350384,0.12275339476764202,"[true, true, true]",False,False,False,66015,0,e827f3a7c15be3cc0e8dad398a812438a042d5fbfc05ac4f148ca8e9393507fa,validation_002,0,1,2038157923,2,
48,9.600000000000001,A,mainline,False,True,261.2000000000005,0.0,0,maintain,0.0,0.0,198.4000000000007,16.0,0,0,inactive-active,-0.022669831290841103,-0.02688927948474884,-0.1974802315235138,0,-0.022669831290841103,-0.02688927948474884,0.004219448193907738,0.1748104002326727,"[true, true, true]",False,False,False,66015,0,e827f3a7c15be3cc0e8dad398a812438a042d5fbfc05ac4f148ca8e9393507fa,validation_002,0,1,2038157923,2,
48,9.600000000000001,B,ramp,True,False,198.4000000000007,16.0,0,maintain,0.0,0.0,261.2000000000005,0.0,0,0,inactive-active,0.028919408097863197,-0.07706525921821594,-0.09379811584949493,0,0.028919408097863197,-0.07706525921821594,0.10598466731607914,0.12271752394735813,"[true, true, true]",False,False,False,66015,0,e827f3a7c15be3cc0e8dad398a812438a042d5fbfc05ac4f148ca8e9393507fa,validation_002,0,1,2038157923,2,
49,9.8,A,mainline,False,True,261.2000000000005,0.0,0,maintain,0.0,0.0,201.60000000000073,16.0,0,0,inactive-active,-0.02196021005511284,-0.025931864976882935,-0.19764795899391174,0,-0.02196021005511284,-0.025931864976882935,0.003971654921770096,0.1756877489387989,"[true, true, true]",False,False,False,66015,0,e827f3a7c15be3cc0e8dad398a812438a042d5fbfc05ac4f148ca8e9393507fa,validation_002,0,1,2038157923,2,
49,9.8,B,ramp,True,False,201.60000000000073,16.0,0,maintain,0.0,0.0,261.2000000000005,0.0,0,0,inactive-active,0.029569851234555244,-0.07862259447574615,-0.09311040490865707,0,0.029569851234555244,-0.07862259447574615,0.1081924457103014,0.12268025614321232,"[true, true, true]",False,False,False,66015,0,e827f3a7c15be3cc0e8dad398a812438a042d5fbfc05ac4f148ca8e9393507fa,validation_002,0,1,2038157923,2,
50,10.0,A,mainline,False,True,261.2000000000005,0.0,0,maintain,0.0,0.0,204.80000000000078,16.0,0,0,inactive-active,-0.021291159093379974,-0.024922475218772888,-0.19778960943222046,0,-0.021291159093379974,-0.024922475218772888,0.003631316125392914,0.17649845033884048,"[true, true, true]",False,False,False,66015,0,e827f3a7c15be3cc0e8dad398a812438a042d5fbfc05ac4f148ca8e9393507fa,validation_002,0,1,2038157923,2,
50,10.0,B,ramp,True,False,204.80000000000078,16.0,0,maintain,0.0,0.0,261.2000000000005,0.0,0,0,inactive-active,0.030221017077565193,-0.0801803320646286,-0.09242180734872818,0,0.030221017077565193,-0.0801803320646286,0.1104013491421938,0.12264282442629337,"[true, true, true]",False,False,False,66015,0,e827f3a7c15be3cc0e8dad398a812438a042d5fbfc05ac4f148ca8e9393507fa,validation_002,0,1,2038157923,2,
51,10.200000000000001,A,mainline,False,True,261.2000000000005,0.0,0,maintain,0.0,0.0,208.00000000000082,16.0,0,0,inactive-active,-0.02067839913070202,-0.023924127221107483,-0.19798320531845093,0,-0.02067839913070202,-0.023924127221107483,0.003245728090405464,0.1773048061877489,"[true, true, true]",False,False,False,66015,0,e827f3a7c15be3cc0e8dad398a812438a042d5fbfc05ac4f148ca8e9393507fa,validation_002,0,1,2038157923,2,
51,10.200000000000001,B,ramp,True,False,208.00000000000082,16.0,0,maintain,0.0,0.0,261.2000000000005,0.0,0,0,inactive-active,0.030764322727918625,-0.08174307644367218,-0.09185226261615753,0,0.030764322727918625,-0.08174307644367218,0.1125073991715908,0.12261658534407616,"[true, true, true]",False,False,False,66015,0,e827f3a7c15be3cc0e8dad398a812438a042d5fbfc05ac4f148ca8e9393507fa,validation_002,0,1,2038157923,2,
52,10.4,A,mainline,False,True,261.2000000000005,0.0,0,maintain,0.0,0.0,211.20000000000087,16.0,0,0,inactive-active,-0.019995642825961113,-0.02276243269443512,-0.19828855991363525,0,-0.019995642825961113,-0.02276243269443512,0.0027667898684740067,0.17829291708767414,"[true, true, true]",False,False,False,66015,0,e827f3a7c15be3cc0e8dad398a812438a042d5fbfc05ac4f148ca8e9393507fa,validation_002,0,1,2038157923,2,
52,10.4,B,ramp,True,False,211.20000000000087,16.0,0,maintain,0.0,0.0,261.2000000000005,0.0,0,0,inactive-active,0.03113122656941414,-0.08325504511594772,-0.0914350226521492,0,0.03113122656941414,-0.08325504511594772,0.11438627168536186,0.12256624922156334,"[true, true, true]",False,False,False,66015,0,e827f3a7c15be3cc0e8dad398a812438a042d5fbfc05ac4f148ca8e9393507fa,validation_002,0,1,2038157923,2,
53,10.600000000000001,A,mainline,False,True,261.2000000000005,0.0,0,maintain,0.0,0.0,214.40000000000092,16.0,0,0,inactive-active,-0.019459128379821777,-0.021711647510528564,-0.1984373778104782,0,-0.019459128379821777,-0.021711647510528564,0.002252519130706787,0.17897824943065643,"[true, true, true]",False,False,False,66015,0,e827f3a7c15be3cc0e8dad398a812438a042d5fbfc05ac4f148ca8e9393507fa,validation_002,0,1,2038157923,2,
53,10.600000000000001,B,ramp,True,False,214.40000000000092,16.0,0,maintain,0.0,0.0,261.2000000000005,0.0,0,0,inactive-active,0.03144827485084534,-0.08462940901517868,-0.09103591740131378,0,0.03144827485084534,-0.08462940901517868,0.11607768386602402,0.12248419225215912,"[true, true, true]",False,False,False,66015,0,e827f3a7c15be3cc0e8dad398a812438a042d5fbfc05ac4f148ca8e9393507fa,validation_002,0,1,2038157923,2,
54,10.8,A,mainline,False,True,261.2000000000005,0.0,0,maintain,0.0,0.0,217.60000000000096,16.0,0,0,inactive-active,-0.01891324855387211,-0.020447418093681335,-0.19813361763954163,0,-0.01891324855387211,-0.020447418093681335,0.001534169539809227,0.17922036908566952,"[true, true, true]",False,False,False,66015,0,e827f3a7c15be3cc0e8dad398a812438a042d5fbfc05ac4f148ca8e9393507fa,validation_002,0,1,2038157923,2,
54,10.8,B,ramp,True,False,217.60000000000096,16.0,0,maintain,0.0,0.0,261.2000000000005,0.0,0,0,inactive-active,0.03160122036933899,-0.08566099405288696,-0.09050392359495163,0,0.03160122036933899,-0.08566099405288696,0.11726221442222595,0.12210514396429062,"[true, true, true]",False,False,False,66015,0,e827f3a7c15be3cc0e8dad398a812438a042d5fbfc05ac4f148ca8e9393507fa,validation_002,0,1,2038157923,2,
55,11.0,A,mainline,False,True,261.2000000000005,0.0,0,maintain,0.0,0.0,220.800000000001,16.0,0,0,inactive-active,-0.01814708299934864,-0.018673673272132874,-0.19757573306560516,0,-0.01814708299934864,-0.018673673272132874,0.0005265902727842331,0.17942865006625652,"[true, true, true]",False,False,False,66015,0,e827f3a7c15be3cc0e8dad398a812438a042d5fbfc05ac4f148ca8e9393507fa,validation_002,0,1,2038157923,2,
55,11.0,B,ramp,True,False,220.800000000001,16.0,0,maintain,0.0,0.0,261.2000000000005,0.0,0,0,inactive-active,0.03174883872270584,-0.08668418228626251,-0.08996257185935974,0,0.03174883872270584,-0.08668418228626251,0.11843302100896835,0.12171141058206558,"[true, true, true]",False,False,False,66015,0,e827f3a7c15be3cc0e8dad398a812438a042d5fbfc05ac4f148ca8e9393507fa,validation_002,0,1,2038157923,2,
56,11.200000000000001,A,mainline,False,True,261.2000000000005,0.0,0,maintain,0.0,0.0,224.00000000000105,16.0,0,0,inactive-active,-0.017134172841906548,-0.016738161444664,-0.19736166298389435,1,-0.016738161444664,-0.017134172841906548,0.0003960113972425461,0.18062350153923035,"[true, true, true]",False,False,False,66015,0,e827f3a7c15be3cc0e8dad398a812438a042d5fbfc05ac4f148ca8e9393507fa,validation_002,0,1,2038157923,2,
56,11.200000000000001,B,ramp,True,False,224.00000000000105,16.0,0,maintain,0.0,0.0,261.2000000000005,0.0,0,0,inactive-active,0.03189676254987717,-0.08770900219678879,-0.08941981941461563,0,0.03189676254987717,-0.08770900219678879,0.11960576474666595,0.1213165819644928,"[true, true, true]",False,False,False,66015,0,e827f3a7c15be3cc0e8dad398a812438a042d5fbfc05ac4f148ca8e9393507fa,validation_002,0,1,2038157923,2,
57,11.4,A,mainline,False,True,261.2000000000005,0.0,0,maintain,0.0,0.0,227.2000000000011,16.0,0,0,inactive-active,-0.01611512154340744,-0.014810055494308472,-0.19717973470687866,1,-0.014810055494308472,-0.01611512154340744,0.0013050660490989685,0.1823696792125702,"[true, true, true]",False,False,False,66015,0,e827f3a7c15be3cc0e8dad398a812438a042d5fbfc05ac4f148ca8e9393507fa,validation_002,0,1,2038157923,2,
57,11.4,B,ramp,True,False,227.2000000000011,16.0,0,maintain,0.0,0.0,261.2000000000005,0.0,0,0,inactive-active,0.03208694979548454,-0.08869339525699615,-0.08885122835636139,0,0.03208694979548454,-0.08869339525699615,0.1207803450524807,0.12093817815184593,"[true, true, true]",False,False,False,66015,0,e827f3a7c15be3cc0e8dad398a812438a042d5fbfc05ac4f148ca8e9393507fa,validation_002,0,1,2038157923,2,
58,11.600000000000001,A,mainline,False,True,261.2000000000005,0.0,0,maintain,0.0,0.0,230.40000000000114,16.0,0,0,inactive-active,-0.015186291188001633,-0.012757010757923126,-0.1967942714691162,1,-0.012757010757923126,-0.015186291188001633,0.0024292804300785065,0.18403726071119308,"[true, true, true]",False,False,False,66015,0,e827f3a7c15be3cc0e8dad398a812438a042d5fbfc05ac4f148ca8e9393507fa,validation_002,0,1,2038157923,2,
58,11.600000000000001,B,ramp,True,False,230.40000000000114,16.0,0,maintain,0.0,0.0,261.2000000000005,0.0,0,0,inactive-active,0.032258957624435425,-0.08946724236011505,-0.08817590773105621,0,0.032258957624435425,-0.08817590773105621,0.12043486535549164,0.12172619998455048,"[true, true, true]",False,False,False,66015,0,e827f3a7c15be3cc0e8dad398a812438a042d5fbfc05ac4f148ca8e9393507fa,validation_002,0,1,2038157923,2,
59,11.8,A,mainline,False,True,261.2000000000005,0.0,0,maintain,0.0,0.0,233.6000000000012,16.0,0,0,inactive-active,-0.014271838590502739,-0.01068367063999176,-0.19637680053710938,1,-0.01068367063999176,-0.014271838590502739,0.0035881679505109787,0.18569312989711761,"[true, true, true]",False,False,False,66015,0,e827f3a7c15be3cc0e8dad398a812438a042d5fbfc05ac4f148ca8e9393507fa,validation_002,0,1,2038157923,2,
59,11.8,B,ramp,True,False,233.6000000000012,16.0,0,maintain,0.0,0.0,261.2000000000005,0.0,0,0,inactive-active,0.032431457191705704,-0.09024305641651154,-0.0874992087483406,0,0.032431457191705704,-0.0874992087483406,0.11993066594004631,0.12267451360821724,"[true, true, true]",False,False,False,66015,0,e827f3a7c15be3cc0e8dad398a812438a042d5fbfc05ac4f148ca8e9393507fa,validation_002,0,1,2038157923,2,
60,12.0,A,mainline,False,True,261.2000000000005,0.0,0,maintain,0.0,0.0,236.80000000000123,16.0,0,0,inactive-active,-0.013357112184166908,-0.008642911911010742,-0.1959884613752365,1,-0.008642911911010742,-0.013357112184166908,0.004714200273156166,0.18734554946422577,"[true, true, true]",False,False,False,66015,0,e827f3a7c15be3cc0e8dad398a812438a042d5fbfc05ac4f148ca8e9393507fa,validation_002,0,1,2038157923,2,
60,12.0,B,ramp,True,False,236.80000000000123,16.0,0,maintain,0.0,0.0,261.2000000000005,0.0,0,0,inactive-active,0.03260437399148941,-0.09102094173431396,-0.08682114630937576,0,0.03260437399148941,-0.08682114630937576,0.11942552030086517,0.12362531572580338,"[true, true, true]",False,False,False,66015,0,e827f3a7c15be3cc0e8dad398a812438a042d5fbfc05ac4f148ca8e9393507fa,validation_002,0,1,2038157923,2,
61,12.200000000000001,A,mainline,False,True,261.2000000000005,0.0,0,maintain,0.0,0.0,240.00000000000128,16.0,0,0,inactive-active,-0.012441948056221008,-0.006661593914031982,-0.19565245509147644,1,-0.006661593914031982,-0.012441948056221008,0.005780354142189026,0.18899086117744446,"[true, true, true]",False,False,False,66015,0,e827f3a7c15be3cc0e8dad398a812438a042d5fbfc05ac4f148ca8e9393507fa,validation_002,0,1,2038157923,2,
61,12.200000000000001,B,ramp,True,False,240.00000000000128,16.0,0,maintain,0.0,0.0,261.2000000000005,0.0,0,0,inactive-active,0.03277546167373657,-0.09181029349565506,-0.08610936999320984,0,0.03277546167373657,-0.08610936999320984,0.11888483166694641,0.12458575516939163,"[true, true, true]",False,False,False,66015,0,e827f3a7c15be3cc0e8dad398a812438a042d5fbfc05ac4f148ca8e9393507fa,validation_002,0,1,2038157923,2,
62,12.4,A,mainline,False,True,261.2000000000005,0.0,0,maintain,0.0,0.0,243.20000000000132,16.0,0,0,inactive-active,-0.011784378439188004,-0.004752170294523239,-0.19526317715644836,1,-0.004752170294523239,-0.011784378439188004,0.007032208144664764,0.19051100686192513,"[true, true, true]",False,False,False,66015,0,e827f3a7c15be3cc0e8dad398a812438a042d5fbfc05ac4f148ca8e9393507fa,validation_002,0,1,2038157923,2,
62,12.4,B,ramp,True,False,243.20000000000132,16.0,0,maintain,0.0,0.0,261.2000000000005,0.0,0,0,inactive-active,0.032943326979875565,-0.09261691570281982,-0.08534378558397293,0,0.032943326979875565,-0.08534378558397293,0.1182871125638485,0.1255602426826954,"[true, true, true]",False,False,False,66015,0,e827f3a7c15be3cc0e8dad398a812438a042d5fbfc05ac4f148ca8e9393507fa,validation_002,0,1,2038157923,2,
63,12.600000000000001,A,mainline,False,True,261.2000000000005,0.0,0,maintain,0.0,0.0,246.40000000000137,16.0,0,0,inactive-active,-0.011368978768587112,-0.0029103271663188934,-0.19482381641864777,1,-0.0029103271663188934,-0.011368978768587112,0.008458651602268219,0.19191348925232887,"[true, true, true]",False,False,False,66015,0,e827f3a7c15be3cc0e8dad398a812438a042d5fbfc05ac4f148ca8e9393507fa,validation_002,0,1,2038157923,2,
63,12.600000000000001,B,ramp,True,False,246.40000000000137,16.0,0,maintain,0.0,0.0,261.2000000000005,0.0,0,0,inactive-active,0.033169470727443695,-0.09336744993925095,-0.08451047539710999,0,0.033169470727443695,-0.08451047539710999,0.11767994612455368,0.12653692066669464,"[true, true, true]",False,False,False,66015,0,e827f3a7c15be3cc0e8dad398a812438a042d5fbfc05ac4f148ca8e9393507fa,validation_002,0,1,2038157923,2,
64,12.8,A,mainline,False,True,261.2000000000005,0.0,0,maintain,0.0,0.0,249.60000000000142,16.0,0,0,inactive-active,-0.010999109596014023,-0.0010862834751605988,-0.19443565607070923,1,-0.0010862834751605988,-0.010999109596014023,0.009912826120853424,0.19334937259554863,"[true, true, true]",False,False,False,66015,0,e827f3a7c15be3cc0e8dad398a812438a042d5fbfc05ac4f148ca8e9393507fa,validation_002,0,1,2038157923,2,
64,12.8,B,ramp,True,False,249.60000000000142,16.0,0,maintain,0.0,0.0,261.2000000000005,0.0,0,0,inactive-active,0.033496204763650894,-0.09401623904705048,-0.08356450498104095,0,0.033496204763650894,-0.08356450498104095,0.11706070974469185,0.12751244381070137,"[true, true, true]",False,False,False,66015,0,e827f3a7c15be3cc0e8dad398a812438a042d5fbfc05ac4f148ca8e9393507fa,validation_002,0,1,2038157923,2,
65,13.0,A,mainline,False,True,261.2000000000005,0.0,0,maintain,0.0,0.0,252.80000000000146,16.0,0,0,inactive-active,-0.010741893202066422,0.0006924830377101898,-0.19417434930801392,1,0.0006924830377101898,-0.010741893202066422,0.011434376239776611,0.1948668323457241,"[true, true, true]",False,False,False,66015,0,e827f3a7c15be3cc0e8dad398a812438a042d5fbfc05ac4f148ca8e9393507fa,validation_002,0,1,2038157923,2,
65,13.0,B,ramp,True,False,252.80000000000146,16.0,0,maintain,0.0,0.0,261.2000000000005,0.0,0,0,inactive-active,0.03398735448718071,-0.09475884586572647,-0.08242972195148468,0,0.03398735448718071,-0.08242972195148468,0.11641707643866539,0.12874620035290718,"[true, true, true]",False,False,False,66015,0,e827f3a7c15be3cc0e8dad398a812438a042d5fbfc05ac4f148ca8e9393507fa,validation_002,0,1,2038157923,2,
66,13.200000000000001,A,mainline,False,True,261.2000000000005,0.0,0,maintain,0.0,0.0,256.0000000000015,16.0,0,0,inactive-active,-0.010543275624513626,0.0025164633989334106,-0.19382107257843018,1,0.0025164633989334106,-0.010543275624513626,0.013059739023447037,0.1963375359773636,"[true, true, true]",False,False,False,66015,0,e827f3a7c15be3cc0e8dad398a812438a042d5fbfc05ac4f148ca8e9393507fa,validation_002,0,1,2038157923,2,
66,13.200000000000001,B,ramp,True,False,256.0000000000015,16.0,0,maintain,0.0,0.0,261.2000000000005,0.0,0,0,inactive-active,0.03459310531616211,-0.09556745737791061,-0.08116307109594345,0,0.03459310531616211,-0.08116307109594345,0.11575617641210556,0.13016056269407272,"[true, true, true]",False,False,False,66015,0,e827f3a7c15be3cc0e8dad398a812438a042d5fbfc05ac4f148ca8e9393507fa,validation_002,0,1,2038157923,2,
67,13.4,A,mainline,False,True,261.2000000000005,0.0,0,maintain,0.0,0.0,259.2000000000015,16.0,0,0,inactive-active,-0.010419590398669243,0.004398223012685776,-0.19334974884986877,1,0.004398223012685776,-0.010419590398669243,0.014817813411355019,0.19774797186255455,"[true, true, true]",False,True,False,66015,0,e827f3a7c15be3cc0e8dad398a812438a042d5fbfc05ac4f148ca8e9393507fa,validation_002,0,1,2038157923,2,
67,13.4,B,ramp,True,False,259.2000000000015,16.0,0,maintain,0.0,0.0,261.2000000000005,0.0,0,0,inactive-active,0.03530353307723999,-0.09673959016799927,-0.08003154397010803,0,0.03530353307723999,-0.08003154397010803,0.11533507704734802,0.13204312324523926,"[true, true, true]",False,True,False,66015,0,e827f3a7c15be3cc0e8dad398a812438a042d5fbfc05ac4f148ca8e9393507fa,validation_002,0,1,2038157923,2,
0,0.0,A,ramp,True,False,44.8,16.0,1,accelerate,0.0,2.0000000000000284,33.199999999999996,18.0,1,0,accelerate-maintain,-0.048696573823690414,0.06789527833461761,-0.11049461364746094,1,0.06789527833461761,-0.048696573823690414,0.11659185215830803,0.17838989198207855,"[true, true, true]",False,False,False,66015,0,e827f3a7c15be3cc0e8dad398a812438a042d5fbfc05ac4f148ca8e9393507fa,validation_002,1,1,2038157923,3,
0,0.0,B,mainline,True,False,33.199999999999996,18.0,0,maintain,0.0,0.0,44.8,16.0,1,0,accelerate-maintain,0.026116030290722847,-0.1316746175289154,-0.1271478533744812,0,0.026116030290722847,-0.1271478533744812,0.15326388366520405,0.15779064781963825,"[true, true, true]",False,False,False,66015,0,e827f3a7c15be3cc0e8dad398a812438a042d5fbfc05ac4f148ca8e9393507fa,validation_002,1,1,2038157923,3,
1,0.2,A,ramp,True,False,48.04,16.400000000000006,1,accelerate,2.0,2.0000000000000284,36.79999999999999,18.0,1,0,accelerate-maintain,-0.05094457045197487,0.06899900734424591,-0.11013797670602798,1,0.06899900734424591,-0.05094457045197487,0.11994357779622078,0.1791369840502739,"[true, true, true]",False,False,False,66015,0,e827f3a7c15be3cc0e8dad398a812438a042d5fbfc05ac4f148ca8e9393507fa,validation_002,1,1,2038157923,3,
1,0.2,B,mainline,True,False,36.79999999999999,18.0,0,maintain,0.0,0.0,48.04,16.400000000000006,1,0,accelerate-maintain,0.024816034361720085,-0.13282710313796997,-0.12305217981338501,0,0.024816034361720085,-0.12305217981338501,0.1478682141751051,0.15764313749969006,"[true, true, true]",False,False,False,66015,0,e827f3a7c15be3cc0e8dad398a812438a042d5fbfc05ac4f148ca8e9393507fa,validation_002,1,1,2038157923,3,
2,0.4,A,ramp,True,False,51.36,16.80000000000001,1,accelerate,2.0,2.0000000000000284,40.399999999999984,18.0,1,0,accelerate-maintain,-0.05289860814809799,0.07005491107702255,-0.10988707840442657,1,0.07005491107702255,-0.05289860814809799,0.12295351922512054,0.17994198948144913,"[true, true, true]",False,False,False,66015,0,e827f3a7c15be3cc0e8dad398a812438a042d5fbfc05ac4f148ca8e9393507fa,validation_002,1,1,2038157923,3,
2,0.4,B,mainline,True,False,40.399999999999984,18.0,0,maintain,0.0,0.0,51.36,16.80000000000001,1,0,accelerate-maintain,0.024319451302289963,-0.1337253451347351,-0.11916765570640564,0,0.024319451302289963,-0.11916765570640564,0.1434871070086956,0.15804479643702507,"[true, true, true]",False,False,False,66015,0,e827f3a7c15be3cc0e8dad398a812438a042d5fbfc05ac4f148ca8e9393507fa,validation_002,1,1,2038157923,3,
3,0.6000000000000001,A,ramp,True,False,54.760000000000005,17.200000000000017,1,accelerate,2.0,2.0000000000000284,43.99999999999998,18.0,1,0,accelerate-maintain,-0.05409565567970276,0.07132899761199951,-0.11012795567512512,1,0.07132899761199951,-0.05409565567970276,0.12542465329170227,0.18145695328712463,"[true, true, true]",False,False,False,66015,0,e827f3a7c15be3cc0e8dad398a812438a042d5fbfc05ac4f148ca8e9393507fa,validation_002,1,1,2038157923,3,
3,0.6000000000000001,B,mainline,True,False,43.99999999999998,18.0,0,maintain,0.0,0.0,54.760000000000005,17.200000000000017,1,0,accelerate-maintain,0.0244407057762146,-0.13359810411930084,-0.11639375239610672,0,0.0244407057762146,-0.11639375239610672,0.14083445817232132,0.15803880989551544,"[true, true, true]",False,False,False,66015,0,e827f3a7c15be3cc0e8dad398a812438a042d5fbfc05ac4f148ca8e9393507fa,validation_002,1,1,2038157923,3,
4,0.8,A,ramp,True,False,58.24000000000001,17.600000000000023,1,accelerate,2.0,2.0000000000000284,47.59999999999997,18.0,1,0,accelerate-maintain,-0.054798152297735214,0.07297950983047485,-0.11082156002521515,1,0.07297950983047485,-0.054798152297735214,0.12777766212821007,0.18380106985569,"[true, true, true]",False,False,False,66015,0,e827f3a7c15be3cc0e8dad398a812438a042d5fbfc05ac4f148ca8e9393507fa,validation_002,1,1,2038157923,3,
4,0.8,B,mainline,True,False,47.59999999999997,18.0,0,maintain,0.0,0.0,58.24000000000001,17.600000000000023,1,0,accelerate-maintain,0.02527323178946972,-0.132944256067276,-0.11420318484306335,0,0.02527323178946972,-0.11420318484306335,0.13947641663253307,0.15821748785674572,"[true, true, true]",False,False,False,66015,0,e827f3a7c15be3cc0e8dad398a812438a042d5fbfc05ac4f148ca8e9393507fa,validation_002,1,1,2038157923,3,
5,1.0,A,ramp,True,False,61.80000000000001,18.00000000000003,1,accelerate,2.0,2.0000000000000284,51.19999999999997,18.0,1,0,accelerate-maintain,-0.054942477494478226,0.07449226826429367,-0.11204729974269867,1,0.07449226826429367,-0.054942477494478226,0.1294347457587719,0.18653956800699234,"[true, true, true]",False,False,False,66015,0,e827f3a7c15be3cc0e8dad398a812438a042d5fbfc05ac4f148ca8e9393507fa,validation_002,1,1,2038157923,3,
5,1.0,B,mainline,True,False,51.19999999999997,18.0,0,maintain,0.0,0.0,61.80000000000001,18.00000000000003,1,0,accelerate-maintain,0.026241622865200043,-0.1324111968278885,-0.11274529248476028,0,0.026241622865200043,-0.11274529248476028,0.13898691534996033,0.15865281969308853,"[true, true, true]",False,False,False,66015,0,e827f3a7c15be3cc0e8dad398a812438a042d5fbfc05ac4f148ca8e9393507fa,validation_002,1,1,2038157923,3,
6,1.2000000000000002,A,ramp,True,False,65.44000000000003,18.400000000000034,1,accelerate,2.0,2.0000000000000284,54.79999999999996,18.0,1,0,accelerate-maintain,-0.0545089989900589,0.07587733119726181,-0.11390624195337296,1,0.07587733119726181,-0.0545089989900589,0.1303863301873207,0.18978357315063477,"[true, true, true]",False,False,False,66015,0,e827f3a7c15be3cc0e8dad398a812438a042d5fbfc05ac4f148ca8e9393507fa,validation_002,1,1,2038157923,3,
6,1.2000000000000002,B,mainline,True,False,54.79999999999996,18.0,0,maintain,0.0,0.0,65.44000000000003,18.400000000000034,1,0,accelerate-maintain,0.02675679326057434,-0.13152067363262177,-0.11160391569137573,0,0.02675679326057434,-0.11160391569137573,0.13836070895195007,0.1582774668931961,"[true, true, true]",False,False,False,66015,0,e827f3a7c15be3cc0e8dad398a812438a042d5fbfc05ac4f148ca8e9393507fa,validation_002,1,1,2038157923,3,
7,1.4000000000000001,A,ramp,True,False,69.16000000000003,18.80000000000004,1,accelerate,2.0,2.0000000000000284,58.399999999999956,18.0,1,0,accelerate-maintain,-0.05395551025867462,0.07721447944641113,-0.11582808196544647,1,0.07721447944641113,-0.05395551025867462,0.13116998970508575,0.1930425614118576,"[true, true, true]",False,False,False,66015,0,e827f3a7c15be3cc0e8dad398a812438a042d5fbfc05ac4f148ca8e9393507fa,validation_002,1,1,2038157923,3,
7,1.4000000000000001,B,mainline,True,False,58.399999999999956,18.0,0,maintain,0.0,0.0,69.16000000000003,18.80000000000004,1,0,accelerate-maintain,0.027020538225769997,-0.13046103715896606,-0.11055894196033478,0,0.027020538225769997,-0.11055894196033478,0.13757948018610477,0.15748157538473606,"[true, true, true]",False,False,False,66015,0,e827f3a7c15be3cc0e8dad398a812438a042d5fbfc05ac4f148ca8e9393507fa,validation_002,1,1,2038157923,3,
8,1.6,A,ramp,True,False,72.96000000000002,19.200000000000045,1,accelerate,2.0,2.0000000000000284,61.99999999999995,18.0,1,0,accelerate-maintain,-0.05306564271450043,0.07865530997514725,-0.11728623509407043,1,0.07865530997514725,-0.05306564271450043,0.13172095268964767,0.19594154506921768,"[true, true, true]",False,False,False,66015,0,e827f3a7c15be3cc0e8dad398a812438a042d5fbfc05ac4f148ca8e9393507fa,validation_002,1,1,2038157923,3,
8,1.6,B,mainline,True,False,61.99999999999995,18.0,0,maintain,0.0,0.0,72.96000000000002,19.200000000000045,1,0,accelerate-maintain,0.027861442416906357,-0.12868785858154297,-0.10953296720981598,0,0.027861442416906357,-0.10953296720981598,0.13739440962672234,0.15654930099844933,"[true, true, true]",False,False,False,66015,0,e827f3a7c15be3cc0e8dad398a812438a042d5fbfc05ac4f148ca8e9393507fa,validation_002,1,1,2038157923,3,
9,1.8,A,ramp,True,False,76.84000000000003,19.60000000000005,1,accelerate,2.0,2.0000000000000284,65.59999999999995,18.0,1,0,accelerate-maintain,-0.051133815199136734,0.07925876975059509,-0.11814527958631516,1,0.07925876975059509,-0.051133815199136734,0.13039258494973183,0.19740404933691025,"[true, true, true]",False,False,False,66015,0,e827f3a7c15be3cc0e8dad398a812438a042d5fbfc05ac4f148ca8e9393507fa,validation_002,1,1,2038157923,3,
9,1.8,B,mainline,True,False,65.59999999999995,18.0,0,maintain,0.0,0.0,76.84000000000003,19.60000000000005,1,0,accelerate-maintain,0.029639003798365593,-0.12714862823486328,-0.10895287990570068,0,0.029639003798365593,-0.10895287990570068,0.13859188370406628,0.15678763203322887,"[true, true, true]",False,False,False,66015,0,e827f3a7c15be3cc0e8dad398a812438a042d5fbfc05ac4f148ca8e9393507fa,validation_002,1,1,2038157923,3,
10,2.0,A,ramp,True,False,80.80000000000004,20.000000000000057,1,accelerate,2.0,2.0000000000000284,69.19999999999997,18.0,1,0,accelerate-maintain,-0.04914693906903267,0.07977966219186783,-0.11901877820491791,1,0.07977966219186783,-0.04914693906903267,0.1289266012609005,0.19879844039678574,"[true, true, true]",False,False,False,66015,0,e827f3a7c15be3cc0e8dad398a812438a042d5fbfc05ac4f148ca8e9393507fa,validation_002,1,1,2038157923,3,
10,2.0,B,mainline,True,False,69.19999999999997,18.0,0,maintain,0.0,0.0,80.80000000000004,20.000000000000057,1,0,accelerate-maintain,0.03142303600907326,-0.12535139918327332,-0.10838766396045685,0,0.03142303600907326,-0.10838766396045685,0.1398106999695301,0.15677443519234657,"[true, true, true]",False,False,False,66015,0,e827f3a7c15be3cc0e8dad398a812438a042d5fbfc05ac4f148ca8e9393507fa,validation_002,1,1,2038157923,3,
11,2.2,A,ramp,True,False,84.84000000000005,20.400000000000063,1,accelerate,2.0,2.0000000000000284,72.8,18.0,1,0,accelerate-maintain,-0.047057658433914185,0.0800398588180542,-0.12049125134944916,1,0.0800398588180542,-0.047057658433914185,0.12709751725196838,0.20053111016750336,"[true, true, true]",False,False,False,66015,0,e827f3a7c15be3cc0e8dad398a812438a042d5fbfc05ac4f148ca8e9393507fa,validation_002,1,1,2038157923,3,
11,2.2,B,mainline,True,False,72.8,18.0,0,maintain,0.0,0.0,84.84000000000005,20.400000000000063,1,0,accelerate-maintain,0.03233115002512932,-0.12327287346124649,-0.10764347016811371,0,0.03233115002512932,-0.10764347016811371,0.13997462019324303,0.1556040234863758,"[true, true, true]",False,False,False,66015,0,e827f3a7c15be3cc0e8dad398a812438a042d5fbfc05ac4f148ca8e9393507fa,validation_002,1,1,2038157923,3,
12,2.4000000000000004,A,ramp,True,False,88.96000000000006,20.800000000000068,1,accelerate,2.0,2.0000000000000284,76.40000000000002,18.0,1,0,accelerate-maintain,-0.04449595510959625,0.08070077002048492,-0.12236467003822327,1,0.08070077002048492,-0.04449595510959625,0.12519672513008118,0.2030654400587082,"[true, true, true]",False,False,False,66015,0,e827f3a7c15be3cc0e8dad398a812438a042d5fbfc05ac4f148ca8e9393507fa,validation_002,1,1,2038157923,3,
12,2.4000000000000004,B,mainline,True,False,76.40000000000002,18.0,0,maintain,0.0,0.0,88.96000000000006,20.800000000000068,1,0,accelerate-maintain,0.03315471112728119,-0.12211786210536957,-0.10754889249801636,0,0.03315471112728119,-0.10754889249801636,0.14070360362529755,0.15527257323265076,"[true, true, true]",False,False,False,66015,0,e827f3a7c15be3cc0e8dad398a812438a042d5fbfc05ac4f148ca8e9393507fa,validation_002,1,1,2038157923,3,
13,2.6,A,ramp,True,False,93.16000000000008,21.200000000000074,1,accelerate,2.0,2.0000000000000284,80.00000000000004,18.0,1,0,accelerate-maintain,-0.04282408207654953,0.08118957281112671,-0.12438887357711792,1,0.08118957281112671,-0.04282408207654953,0.12401365488767624,0.20557844638824463,"[true, true, true]",False,False,False,66015,0,e827f3a7c15be3cc0e8dad398a812438a042d5fbfc05ac4f148ca8e9393507fa,validation_002,1,1,2038157923,3,
13,2.6,B,mainline,True,False,80.00000000000004,18.0,0,maintain,0.0,0.0,93.16000000000008,21.200000000000074,1,0,accelerate-maintain,0.03385528549551964,-0.12230899930000305,-0.10834906250238419,0,0.03385528549551964,-0.10834906250238419,0.14220434799790382,0.1561642847955227,"[true, true, true]",False,False,False,66015,0,e827f3a7c15be3cc0e8dad398a812438a042d5fbfc05ac4f148ca8e9393507fa,validation_002,1,1,2038157923,3,
14,2.8000000000000003,A,ramp,True,False,97.4400000000001,21.60000000000008,1,accelerate,2.0,2.0000000000000284,83.60000000000007,18.0,1,0,accelerate-maintain,-0.041295893490314484,0.0815960019826889,-0.126409113407135,1,0.0815960019826889,-0.041295893490314484,0.12289189547300339,0.2080051153898239,"[true, true, true]",False,False,False,66015,0,e827f3a7c15be3cc0e8dad398a812438a042d5fbfc05ac4f148ca8e9393507fa,validation_002,1,1,2038157923,3,
14,2.8000000000000003,B,mainline,True,False,83.60000000000007,18.0,0,maintain,0.0,0.0,97.4400000000001,21.60000000000008,1,0,accelerate-maintain,0.03456063196063042,-0.12247352302074432,-0.1091914176940918,0,0.03456063196063042,-0.1091914176940918,0.1437520496547222,0.15703415498137474,"[true, true, true]",False,False,False,66015,0,e827f3a7c15be3cc0e8dad398a812438a042d5fbfc05ac4f148ca8e9393507fa,validation_002,1,1,2038157923,3,
15,3.0,A,ramp,True,False,101.80000000000013,22.000000000000085,1,accelerate,2.0,2.0000000000000284,87.20000000000009,18.0,1,0,accelerate-maintain,-0.03945924714207649,0.08189565688371658,-0.12825217843055725,1,0.08189565688371658,-0.03945924714207649,0.12135490402579308,0.21014783531427383,"[true, true, true]",False,False,False,66015,0,e827f3a7c15be3cc0e8dad398a812438a042d5fbfc05ac4f148ca8e9393507fa,validation_002,1,1,2038157923,3,10.374173914945786
15,3.0,B,mainline,True,False,87.20000000000009,18.0,0,maintain,0.0,0.0,101.80000000000013,22.000000000000085,1,0,accelerate-maintain,0.03526948019862175,-0.1226140558719635,-0.11007022112607956,0,0.03526948019862175,-0.11007022112607956,0.1453397013247013,0.15788353607058525,"[true, true, true]",False,False,False,66015,0,e827f3a7c15be3cc0e8dad398a812438a042d5fbfc05ac4f148ca8e9393507fa,validation_002,1,1,2038157923,3,10.374173914945786
16,3.2,A,ramp,True,False,106.24000000000015,22.40000000000009,1,accelerate,2.0,2.0000000000000284,90.80000000000011,18.0,1,0,accelerate-maintain,-0.03188135102391243,0.0681842565536499,-0.14070457220077515,1,0.0681842565536499,-0.03188135102391243,0.10006560757756233,0.20888882875442505,"[true, true, true]",False,False,False,66015,0,e827f3a7c15be3cc0e8dad398a812438a042d5fbfc05ac4f148ca8e9393507fa,validation_002,1,1,2038157923,3,11.259902176537096
16,3.2,B,mainline,True,False,90.80000000000011,18.0,0,maintain,0.0,0.0,106.24000000000015,22.40000000000009,1,0,accelerate-maintain,0.048814572393894196,-0.11616303771734238,-0.13421809673309326,0,0.048814572393894196,-0.11616303771734238,0.16497761011123657,0.18303266912698746,"[true, true, true]",False,False,False,66015,0,e827f3a7c15be3cc0e8dad398a812438a042d5fbfc05ac4f148ca8e9393507fa,validation_002,1,1,2038157923,3,11.259902176537096
17,3.4000000000000004,A,ramp,True,False,110.76000000000016,22.800000000000097,1,accelerate,2.0,2.0000000000000284,94.40000000000013,18.0,1,0,accelerate-maintain,-0.029086587950587273,0.06882312893867493,-0.14122314751148224,1,0.06882312893867493,-0.029086587950587273,0.0979097168892622,0.21004627645015717,"[true, true, true]",False,False,False,66015,0,e827f3a7c15be3cc0e8dad398a812438a042d5fbfc05ac4f148ca8e9393507fa,validation_002,1,1,2038157923,3,12.225960273334223
17,3.4000000000000004,B,mainline,True,False,94.40000000000013,18.0,0,maintain,0.0,0.0,110.76000000000016,22.800000000000097,1,0,accelerate-maintain,0.04996608942747116,-0.11650681495666504,-0.13619418442249298,0,0.04996608942747116,-0.11650681495666504,0.1664729043841362,0.18616027384996414,"[true, true, true]",False,False,False,66015,0,e827f3a7c15be3cc0e8dad398a812438a042d5fbfc05ac4f148ca8e9393507fa,validation_002,1,1,2038157923,3,12.225960273334223
18,3.6,A,ramp,True,False,115.36000000000017,23.200000000000102,1,accelerate,2.0,2.0000000000000284,98.00000000000016,18.0,1,0,accelerate-maintain,-0.02633647993206978,0.06930810958147049,-0.14176763594150543,1,0.06930810958147049,-0.02633647993206978,0.09564458951354027,0.21107574552297592,"[true, true, true]",False,False,False,66015,0,e827f3a7c15be3cc0e8dad398a812438a042d5fbfc05ac4f148ca8e9393507fa,validation_002,1,1,2038157923,3,13.278213338310948
18,3.6,B,mainline,True,False,98.00000000000016,18.0,0,maintain,0.0,0.0,115.36000000000017,23.200000000000102,1,0,accelerate-maintain,0.051185838878154755,-0.11687411367893219,-0.1381477415561676,0,0.051185838878154755,-0.11687411367893219,0.16805995255708694,0.18933358043432236,"[true, true, true]",False,False,False,66015,0,e827f3a7c15be3cc0e8dad398a812438a042d5fbfc05ac4f148ca8e9393507fa,validation_002,1,1,2038157923,3,13.278213338310948
19,3.8000000000000003,A,ramp,True,False,120.04000000000019,23.600000000000108,1,accelerate,2.0,2.0000000000000284,101.60000000000018,18.0,1,0,accelerate-maintain,-0.023767225444316864,0.06981077790260315,-0.14235560595989227,1,0.06981077790260315,-0.023767225444316864,0.09357800334692001,0.21216638386249542,"[true, true, true]",False,False,False,66015,0,e827f3a7c15be3cc0e8dad398a812438a042d5fbfc05ac4f148ca8e9393507fa,validation_002,1,1,2038157923,3,14.420350628837738
19,3.8000000000000003,B,mainline,True,False,101.60000000000018,18.0,0,maintain,0.0,0.0,120.04000000000019,23.600000000000108,1,0,accelerate-maintain,0.051277704536914825,-0.1169886440038681,-0.13968300819396973,0,0.051277704536914825,-0.1169886440038681,0.16826634854078293,0.19096071273088455,"[true, true, true]",False,False,False,66015,0,e827f3a7c15be3cc0e8dad398a812438a042d5fbfc05ac4f148ca8e9393507fa,validation_002,1,1,2038157923,3,14.420350628837738
20,4.0,A,ramp,True,False,124.80000000000021,24.000000000000114,1,accelerate,2.0,2.0000000000000284,105.2000000000002,18.0,1,0,accelerate-maintain,-0.021237066015601158,0.07074378430843353,-0.14288176596164703,1,0.07074378430843353,-0.021237066015601158,0.09198085032403469,0.21362555027008057,"[true, true, true]",False,False,False,66015,0,e827f3a7c15be3cc0e8dad398a812438a042d5fbfc05ac4f148ca8e9393507fa,validation_002,1,1,2038157923,3,15.652217632353327
20,4.0,B,mainline,True,False,105.2000000000002,18.0,0,maintain,0.0,0.0,124.80000000000021,24.000000000000114,1,0,accelerate-maintain,0.05147440731525421,-0.11678265035152435,-0.1410333514213562,0,0.05147440731525421,-0.11678265035152435,0.16825705766677856,0.1925077587366104,"[true, true, true]",False,False,False,66015,0,e827f3a7c15be3cc0e8dad398a812438a042d5fbfc05ac4f148ca8e9393507fa,validation_002,1,1,2038157923,3,15.652217632353327
21,4.2,A,ramp,True,False,129.64000000000024,24.40000000000012,1,accelerate,2.0,2.0000000000000284,108.80000000000022,18.0,1,0,accelerate-maintain,-0.018704809248447418,0.07197083532810211,-0.1433476209640503,1,0.07197083532810211,-0.018704809248447418,0.09067564457654953,0.2153184562921524,"[true, true, true]",False,False,False,66015,0,e827f3a7c15be3cc0e8dad398a812438a042d5fbfc05ac4f148ca8e9393507fa,validation_002,1,1,2038157923,3,16.970194947707867
21,4.2,B,mainline,True,False,108.80000000000022,18.0,0,maintain,0.0,0.0,129.64000000000024,24.40000000000012,1,0,accelerate-maintain,0.05197574943304062,-0.11686442792415619,-0.14221058785915375,0,0.05197574943304062,-0.11686442792415619,0.1688401773571968,0.19418633729219437,"[true, true, true]",False,False,False,66015,0,e827f3a7c15be3cc0e8dad398a812438a042d5fbfc05ac4f148ca8e9393507fa,validation_002,1,1,2038157923,3,16.970194947707867
22,4.4,A,ramp,True,False,134.5600000000003,24.800000000000125,1,accelerate,2.0,2.0000000000000284,112.40000000000025,18.0,1,0,accelerate-maintain,-0.01612193137407303,0.07336767017841339,-0.14396528899669647,1,0.07336767017841339,-0.01612193137407303,0.08948960155248642,0.21733295917510986,"[true, true, true]",False,False,False,66015,0,e827f3a7c15be3cc0e8dad398a812438a042d5fbfc05ac4f148ca8e9393507fa,validation_002,1,1,2038157923,3,18.370068763480262
22,4.4,B,mainline,True,False,112.40000000000025,18.0,0,maintain,0.0,0.0,134.5600000000003,24.800000000000125,1,0,accelerate-maintain,0.05295880511403084,-0.11720983684062958,-0.14276812970638275,0,0.05295880511403084,-0.11720983684062958,0.17016864195466042,0.1957269348204136,"[true, true, true]",False,False,False,66015,0,e827f3a7c15be3cc0e8dad398a812438a042d5fbfc05ac4f148ca8e9393507fa,validation_002,1,1,2038157923,3,18.370068763480262
23,4.6000000000000005,A,ramp,True,False,139.5600000000003,25.20000000000013,1,accelerate,2.0,2.0000000000000284,116.00000000000027,18.0,1,0,accelerate-maintain,-0.01356114074587822,0.0745171308517456,-0.1456904113292694,1,0.0745171308517456,-0.01356114074587822,0.08807827159762383,0.22020754218101501,"[true, true, true]",False,False,False,66015,0,e827f3a7c15be3cc0e8dad398a812438a042d5fbfc05ac4f148ca8e9393507fa,validation_002,1,1,2038157923,3,19.85006876052391
23,4.6000000000000005,B,mainline,True,False,116.00000000000027,18.0,0,maintain,0.0,0.0,139.5600000000003,25.20000000000013,1,0,accelerate-maintain,0.05408012866973877,-0.11750106513500214,-0.1428629755973816,0,0.05408012866973877,-0.11750106513500214,0.1715811938047409,0.19694310426712036,"[true, true, true]",False,False,False,66015,0,e827f3a7c15be3cc0e8dad398a812438a042d5fbfc05ac4f148ca8e9393507fa,validation_002,1,1,2038157923,3,19.85006876052391
24,4.800000000000001,A,ramp,True,False,144.64000000000033,25.600000000000136,1,accelerate,2.0,2.0000000000000284,119.60000000000029,18.0,1,0,accelerate-maintain,-0.011144619435071945,0.07565350085496902,-0.1472315788269043,1,0.07565350085496902,-0.011144619435071945,0.08679812029004097,0.22288507968187332,"[true, true, true]",False,False,False,66015,0,e827f3a7c15be3cc0e8dad398a812438a042d5fbfc05ac4f148ca8e9393507fa,validation_002,1,1,2038157923,3,21.410068760523913
24,4.800000000000001,B,mainline,True,False,119.60000000000029,18.0,0,maintain,0.0,0.0,144.64000000000033,25.600000000000136,1,0,accelerate-maintain,0.05458538606762886,-0.11775193363428116,-0.14363187551498413,0,0.05458538606762886,-0.11775193363428116,0.17233731970191002,0.198217261582613,"[true, true, true]",False,False,False,66015,0,e827f3a7c15be3cc0e8dad398a812438a042d5fbfc05ac4f148ca8e9393507fa,validation_002,1,1,2038157923,3,21.410068760523913
25,5.0,A,ramp,True,False,149.80000000000035,26.000000000000142,1,accelerate,2.0,2.0000000000000284,123.20000000000032,18.0,1,0,accelerate-maintain,-0.009211904369294643,0.07658808678388596,-0.14935700595378876,1,0.07658808678388596,-0.009211904369294643,0.0857999911531806,0.2259450927376747,"[true, true, true]",False,False,False,66015,0,e827f3a7c15be3cc0e8dad398a812438a042d5fbfc05ac4f148ca8e9393507fa,validation_002,1,1,2038157923,3,23.0500687605239
25,5.0,B,mainline,True,False,123.20000000000032,18.0,0,maintain,0.0,0.0,149.80000000000035,26.000000000000142,1,0,accelerate-maintain,0.05518142879009247,-0.11763997375965118,-0.14428246021270752,0,0.05518142879009247,-0.11763997375965118,0.17282140254974365,0.1994638890028,"[true, true, true]",False,False,False,66015,0,e827f3a7c15be3cc0e8dad398a812438a042d5fbfc05ac4f148ca8e9393507fa,validation_002,1,1,2038157923,3,23.0500687605239
26,5.2,A,ramp,True,False,155.04000000000036,26.400000000000148,1,accelerate,2.0,2.0000000000000284,126.80000000000034,18.0,1,0,accelerate-maintain,-0.00775468535721302,0.07666663825511932,-0.150991290807724,1,0.07666663825511932,-0.00775468535721302,0.08442132361233234,0.22765792906284332,"[true, true, true]",False,False,False,66015,0,e827f3a7c15be3cc0e8dad398a812438a042d5fbfc05ac4f148ca8e9393507fa,validation_002,1,1,2038157923,3,24.77006876052394
26,5.2,B,mainline,True,False,126.80000000000034,18.0,0,maintain,0.0,0.0,155.04000000000036,26.400000000000148,1,0,accelerate-maintain,0.0555017814040184,-0.11762630939483643,-0.14483460783958435,0,0.0555017814040184,-0.11762630939483643,0.17312809079885483,0.20033638924360275,"[true, true, true]",False,False,False,66015,0,e827f3a7c15be3cc0e8dad398a812438a042d5fbfc05ac4f148ca8e9393507fa,validation_002,1,1,2038157923,3,24.77006876052394
27,5.4,A,ramp,True,False,160.3600000000004,26.800000000000153,1,accelerate,2.0,2.0000000000000284,130.40000000000035,18.0,1,0,accelerate-maintain,-0.006662234663963318,0.07601077109575272,-0.15248575806617737,1,0.07601077109575272,-0.006662234663963318,0.08267300575971603,0.22849652916193008,"[true, true, true]",False,False,False,66015,0,e827f3a7c15be3cc0e8dad398a812438a042d5fbfc05ac4f148ca8e9393507fa,validation_002,1,1,2038157923,3,26.570068760523952
27,5.4,B,mainline,True,False,130.40000000000035,18.0,0,maintain,0.0,0.0,160.3600000000004,26.800000000000153,1,0,accelerate-maintain,0.05565325915813446,-0.1174314096570015,-0.14549048244953156,0,0.05565325915813446,-0.1174314096570015,0.17308466881513596,0.20114374160766602,"[true, true, true]",False,False,False,66015,0,e827f3a7c15be3cc0e8dad398a812438a042d5fbfc05ac4f148ca8e9393507fa,validation_002,1,1,2038157923,3,26.570068760523952
28,5.6000000000000005,A,ramp,True,False,165.76000000000045,27.20000000000016,1,accelerate,2.0,2.0000000000000284,134.00000000000037,18.0,1,0,accelerate-maintain,-0.005344972014427185,0.07524509727954865,-0.15463362634181976,1,0.07524509727954865,-0.005344972014427185,0.08059006929397583,0.2298787236213684,"[true, true, true]",False,False,False,66015,0,e827f3a7c15be3cc0e8dad398a812438a042d5fbfc05ac4f148ca8e9393507fa,validation_002,1,1,2038157923,3,28.450068760523948
28,5.6000000000000005,B,mainline,True,False,134.00000000000037,18.0,0,maintain,0.0,0.0,165.76000000000045,27.20000000000016,1,0,accelerate-maintain,0.055781397968530655,-0.11734879016876221,-0.14612746238708496,0,0.055781397968530655,-0.11734879016876221,0.17313018813729286,0.20190886035561562,"[true, true, true]",False,False,False,66015,0,e827f3a7c15be3cc0e8dad398a812438a042d5fbfc05ac4f148ca8e9393507fa,validation_002,1,1,2038157923,3,28.450068760523948
29,5.800000000000001,A,ramp,True,False,171.24000000000046,27.600000000000165,1,accelerate,2.0,2.0000000000000284,137.6000000000004,18.0,1,0,accelerate-maintain,-0.004025906324386597,0.07446528971195221,-0.15682196617126465,1,0.07446528971195221,-0.004025906324386597,0.0784911960363388,0.23128725588321686,"[true, true, true]",False,False,False,66015,0,e827f3a7c15be3cc0e8dad398a812438a042d5fbfc05ac4f148ca8e9393507fa,validation_002,1,1,2038157923,3,30.410068760523984
29,5.800000000000001,B,mainline,True,False,137.6000000000004,18.0,0,maintain,0.0,0.0,171.24000000000046,27.600000000000165,1,0,accelerate-maintain,0.0554027259349823,-0.1182275265455246,-0.14716219902038574,0,0.0554027259349823,-0.1182275265455246,0.1736302524805069,0.20256492495536804,"[true, true, true]",False,False,False,66015,0,e827f3a7c15be3cc0e8dad398a812438a042d5fbfc05ac4f148ca8e9393507fa,validation_002,1,1,2038157923,3,30.410068760523984
30,6.0,A,ramp,True,False,176.80000000000052,28.00000000000017,1,accelerate,2.0,2.0000000000000284,141.20000000000041,18.0,1,0,accelerate-maintain,-0.002429824322462082,0.07339798659086227,-0.1591210961341858,1,0.07339798659086227,-0.002429824322462082,0.07582781091332436,0.23251908272504807,"[true, true, true]",False,False,False,66015,0,e827f3a7c15be3cc0e8dad398a812438a042d5fbfc05ac4f148ca8e9393507fa,validation_002,1,1,2038157923,3,32.450068760524005
30,6.0,B,mainline,True,False,141.20000000000041,18.0,0,maintain,0.0,0.0,176.80000000000052,28.00000000000017,1,0,accelerate-maintain,0.054967980831861496,-0.1195095032453537,-0.1483209729194641,0,0.054967980831861496,-0.1195095032453537,0.1744774840772152,0.2032889537513256,"[true, true, true]",False,False,False,66015,0,e827f3a7c15be3cc0e8dad398a812438a042d5fbfc05ac4f148ca8e9393507fa,validation_002,1,1,2038157923,3,32.450068760524005
31,6.2,A,ramp,True,False,182.44000000000057,28.400000000000176,1,accelerate,2.0,2.0000000000000284,144.80000000000044,18.0,1,0,accelerate-maintain,-0.00027508288621902466,0.07205794006586075,-0.1613159477710724,1,0.07205794006586075,-0.00027508288621902466,0.07233302295207977,0.23337388783693314,"[true, true, true]",False,False,False,66015,0,e827f3a7c15be3cc0e8dad398a812438a042d5fbfc05ac4f148ca8e9393507fa,validation_002,1,1,2038157923,3,34.57006876052401
31,6.2,B,mainline,True,False,144.80000000000044,18.0,0,maintain,0.0,0.0,182.44000000000057,28.400000000000176,1,0,accelerate-maintain,0.05460914969444275,-0.12085150182247162,-0.14997069537639618,0,0.05460914969444275,-0.12085150182247162,0.17546065151691437,0.20457984507083893,"[true, true, true]",False,False,False,66015,0,e827f3a7c15be3cc0e8dad398a812438a042d5fbfc05ac4f148ca8e9393507fa,validation_002,1,1,2038157923,3,34.57006876052401
32,6.4,A,ramp,True,False,188.1600000000006,28.800000000000182,1,accelerate,2.0,2.0000000000000284,148.40000000000046,18.0,1,0,accelerate-maintain,0.0020784027874469757,0.07097253948450089,-0.16309496760368347,1,0.07097253948450089,0.0020784027874469757,0.06889413669705391,0.23406750708818436,"[true, true, true]",False,False,False,66015,0,e827f3a7c15be3cc0e8dad398a812438a042d5fbfc05ac4f148ca8e9393507fa,validation_002,1,1,2038157923,3,36.770068760524026
32,6.4,B,mainline,True,False,148.40000000000046,18.0,0,maintain,0.0,0.0,188.1600000000006,28.800000000000182,1,0,accelerate-maintain,0.0546087771654129,-0.12199470400810242,-0.15209688246250153,0,0.0546087771654129,-0.12199470400810242,0.17660348117351532,0.20670565962791443,"[true, true, true]",False,False,False,66015,0,e827f3a7c15be3cc0e8dad398a812438a042d5fbfc05ac4f148ca8e9393507fa,validation_002,1,1,2038157923,3,36.770068760524026
33,6.6000000000000005,A,ramp,True,False,193.96000000000063,29.200000000000188,1,accelerate,2.0,2.0000000000000284,152.00000000000048,18.0,1,0,accelerate-maintain,0.004236854612827301,0.07035806775093079,-0.16555213928222656,1,0.07035806775093079,0.004236854612827301,0.06612121313810349,0.23591020703315735,"[true, true, true]",False,False,False,66015,0,e827f3a7c15be3cc0e8dad398a812438a042d5fbfc05ac4f148ca8e9393507fa,validation_002,1,1,2038157923,3,39.05006876052403
33,6.6000000000000005,B,mainline,True,False,152.00000000000048,18.0,0,maintain,0.0,0.0,193.96000000000063,29.200000000000188,1,0,accelerate-maintain,0.054609332233667374,-0.12311507761478424,-0.15421853959560394,0,0.054609332233667374,-0.12311507761478424,0.17772440984845161,0.20882787182927132,"[true, true, true]",False,False,False,66015,0,e827f3a7c15be3cc0e8dad398a812438a042d5fbfc05ac4f148ca8e9393507fa,validation_002,1,1,2038157923,3,39.05006876052403
34,6.800000000000001,A,ramp,True,False,199.84000000000066,29.600000000000193,1,accelerate,2.0,1.9999999999960494,155.6000000000005,18.0,1,0,accelerate-maintain,0.006451256573200226,0.06979164481163025,-0.16829454898834229,1,0.06979164481163025,0.006451256573200226,0.06334038823843002,0.23808619379997253,"[true, true, true]",False,False,False,66015,0,e827f3a7c15be3cc0e8dad398a812438a042d5fbfc05ac4f148ca8e9393507fa,validation_002,1,1,2038157923,3,41.41006876052404
34,6.800000000000001,B,mainline,True,False,155.6000000000005,18.0,0,maintain,0.0,0.0,199.84000000000066,29.600000000000193,1,0,accelerate-maintain,0.05457214266061783,-0.12421850115060806,-0.15635588765144348,0,0.05457214266061783,-0.12421850115060806,0.1787906438112259,0.2109280303120613,"[true, true, true]",False,False,False,66015,0,e827f3a7c15be3cc0e8dad398a812438a042d5fbfc05ac4f148ca8e9393507fa,validation_002,1,1,2038157923,3,41.41006876052404
35,7.0,A,ramp,True,False,205.8000000000007,30.0,1,accelerate,2.0,0.0,159.20000000000053,18.0,1,0,accelerate-maintain,0.009850218892097473,0.06881416589021683,-0.17070871591567993,1,0.06881416589021683,0.009850218892097473,0.058963946998119354,0.23952288180589676,"[true, true, true]",False,False,False,66015,0,e827f3a7c15be3cc0e8dad398a812438a042d5fbfc05ac4f148ca8e9393507fa,validation_002,1,1,2038157923,3,43.81006876052402
35,7.0,B,mainline,True,False,159.20000000000053,18.0,0,maintain,0.0,0.0,205.8000000000007,30.0,1,0,accelerate-maintain,0.054299578070640564,-0.12425021827220917,-0.15946318209171295,0,0.054299578070640564,-0.12425021827220917,0.17854979634284973,0.21376276016235352,"[true, true, true]",False,False,False,66015,0,e827f3a7c15be3cc0e8dad398a812438a042d5fbfc05ac4f148ca8e9393507fa,validation_002,1,1,2038157923,3,43.81006876052402
36,7.2,A,ramp,True,False,211.8000000000007,30.0,1,accelerate,2.0,0.0,162.80000000000055,18.0,1,0,accelerate-maintain,0.01419898122549057,0.06745192408561707,-0.1727808713912964,1,0.06745192408561707,0.01419898122549057,0.053252942860126495,0.24023279547691345,"[true, true, true]",False,False,False,66015,0,e827f3a7c15be3cc0e8dad398a812438a042d5fbfc05ac4f148ca8e9393507fa,validation_002,1,1,2038157923,3,46.210068760523995
36,7.2,B,mainline,True,False,162.80000000000055,18.0,0,maintain,0.0,0.0,211.8000000000007,30.0,1,0,accelerate-maintain,0.05324321240186691,-0.12399539351463318,-0.16170653700828552,0,0.05324321240186691,-0.12399539351463318,0.1772386059165001,0.21494974941015244,"[true, true, true]",False,False,False,66015,0,e827f3a7c15be3cc0e8dad398a812438a042d5fbfc05ac4f148ca8e9393507fa,validation_002,1,1,2038157923,3,46.210068760523995
37,7.4,A,ramp,True,False,217.8000000000007,30.0,1,accelerate,2.0,0.0,166.40000000000057,18.0,1,0,accelerate-maintain,0.018547281622886658,0.0660897046327591,-0.1748540699481964,1,0.0660897046327591,0.018547281622886658,0.047542423009872437,0.2409437745809555,"[true, true, true]",False,False,False,66015,0,e827f3a7c15be3cc0e8dad398a812438a042d5fbfc05ac4f148ca8e9393507fa,validation_002,1,1,2038157923,3,48.61006876052397
37,7.4,B,mainline,True,False,166.40000000000057,18.0,0,maintain,0.0,0.0,217.8000000000007,30.0,1,0,accelerate-maintain,0.05241928994655609,-0.12455519288778305,-0.1639244705438614,0,0.05241928994655609,-0.12455519288778305,0.17697448283433914,0.21634376049041748,"[true, true, true]",False,False,False,66015,0,e827f3a7c15be3cc0e8dad398a812438a042d5fbfc05ac4f148ca8e9393507fa,validation_002,1,1,2038157923,3,48.61006876052397
38,7.6000000000000005,A,ramp,True,False,223.8000000000007,30.0,1,accelerate,2.0,0.0,170.0000000000006,18.0,1,0,accelerate-maintain,0.022728245705366135,0.06438633799552917,-0.1776784062385559,1,0.06438633799552917,0.022728245705366135,0.04165809229016304,0.24206474423408508,"[true, true, true]",False,False,False,66015,0,e827f3a7c15be3cc0e8dad398a812438a042d5fbfc05ac4f148ca8e9393507fa,validation_002,1,1,2038157923,3,51.01006876052395
38,7.6000000000000005,B,mainline,True,False,170.0000000000006,18.0,0,maintain,0.0,0.0,223.8000000000007,30.0,1,0,accelerate-maintain,0.0521806925535202,-0.12588778138160706,-0.16594021022319794,0,0.0521806925535202,-0.12588778138160706,0.17806847393512726,0.21812090277671814,"[true, true, true]",False,False,False,66015,0,e827f3a7c15be3cc0e8dad398a812438a042d5fbfc05ac4f148ca8e9393507fa,validation_002,1,1,2038157923,3,51.01006876052395
39,7.800000000000001,A,ramp,True,False,229.8000000000007,30.0,1,accelerate,2.0,0.0,173.60000000000062,18.0,1,0,accelerate-maintain,0.026902876794338226,0.06267111003398895,-0.18052995204925537,1,0.06267111003398895,0.026902876794338226,0.035768233239650726,0.24320106208324432,"[true, true, true]",False,False,False,66015,0,e827f3a7c15be3cc0e8dad398a812438a042d5fbfc05ac4f148ca8e9393507fa,validation_002,1,1,2038157923,3,53.41006876052393
39,7.800000000000001,B,mainline,True,False,173.60000000000062,18.0,0,maintain,0.0,0.0,229.8000000000007,30.0,1,0,accelerate-maintain,0.05192089453339577,-0.12835486233234406,-0.16851098835468292,0,0.05192089453339577,-0.12835486233234406,0.18027575686573982,0.2204318828880787,"[true, true, true]",False,False,False,66015,0,e827f3a7c15be3cc0e8dad398a812438a042d5fbfc05ac4f148ca8e9393507fa,validation_002,1,1,2038157923,3,53.41006876052393
40,8.0,A,ramp,True,False,235.8000000000007,30.0,0,maintain,2.0,0.0,177.20000000000064,18.0,0,0,maintain-maintain,0.05023464560508728,0.03051859885454178,-0.14218014478683472,0,0.05023464560508728,0.03051859885454178,0.0197160467505455,0.192414790391922,"[true, true, true]",False,False,False,66015,0,e827f3a7c15be3cc0e8dad398a812438a042d5fbfc05ac4f148ca8e9393507fa,validation_002,1,1,2038157923,3,55.810068760523905
40,8.0,B,mainline,True,False,177.20000000000064,18.0,0,maintain,0.0,0.0,235.8000000000007,30.0,0,0,maintain-maintain,0.053349290043115616,-0.12431548535823822,-0.18488448858261108,0,0.053349290043115616,-0.12431548535823822,0.17766477540135384,0.2382337786257267,"[true, true, true]",False,False,False,66015,0,e827f3a7c15be3cc0e8dad398a812438a042d5fbfc05ac4f148ca8e9393507fa,validation_002,1,1,2038157923,3,55.810068760523905
41,8.200000000000001,A,ramp,True,False,241.8000000000007,30.0,0,maintain,0.0,0.0,180.80000000000067,18.0,0,0,maintain-maintain,0.05350251495838165,0.029426053166389465,-0.14300844073295593,0,0.05350251495838165,0.029426053166389465,0.024076461791992188,0.19651095569133759,"[true, true, true]",False,False,False,66015,0,e827f3a7c15be3cc0e8dad398a812438a042d5fbfc05ac4f148ca8e9393507fa,validation_002,1,1,2038157923,3,58.21006876052388
41,8.200000000000001,B,mainline,True,False,180.80000000000067,18.0,0,maintain,0.0,0.0,241.8000000000007,30.0,0,0,maintain-maintain,0.05208636820316315,-0.12441796064376831,-0.1874202936887741,0,0.05208636820316315,-0.12441796064376831,0.17650432884693146,0.23950666189193726,"[true, true, true]",False,False,False,66015,0,e827f3a7c15be3cc0e8dad398a812438a042d5fbfc05ac4f148ca8e9393507fa,validation_002,1,1,2038157923,3,58.21006876052388
42,8.4,A,ramp,True,False,247.8000000000007,30.0,0,maintain,0.0,0.0,184.4000000000007,18.0,0,0,maintain-maintain,0.05611799657344818,0.028475988656282425,-0.1441299170255661,0,0.05611799657344818,0.028475988656282425,0.027642007917165756,0.20024791359901428,"[true, true, true]",False,False,False,66015,0,e827f3a7c15be3cc0e8dad398a812438a042d5fbfc05ac4f148ca8e9393507fa,validation_002,1,1,2038157923,3,60.61006876052386
42,8.4,B,mainline,True,False,184.4000000000007,18.0,0,maintain,0.0,0.0,247.8000000000007,30.0,0,0,maintain-maintain,0.051320478320121765,-0.12361696362495422,-0.18907304108142853,0,0.051320478320121765,-0.12361696362495422,0.174937441945076,0.2403935194015503,"[true, true, true]",False,False,False,66015,0,e827f3a7c15be3cc0e8dad398a812438a042d5fbfc05ac4f148ca8e9393507fa,validation_002,1,1,2038157923,3,60.61006876052386
43,8.6,A,ramp,True,False,253.8000000000007,30.0,0,maintain,0.0,0.0,188.0000000000007,18.0,0,0,maintain-maintain,0.05865785479545593,0.027567164972424507,-0.14522060751914978,0,0.05865785479545593,0.027567164972424507,0.031090689823031425,0.2038784623146057,"[true, true, true]",False,False,False,66015,0,e827f3a7c15be3cc0e8dad398a812438a042d5fbfc05ac4f148ca8e9393507fa,validation_002,1,1,2038157923,3,63.01006876052381
43,8.6,B,mainline,True,False,188.0000000000007,18.0,0,maintain,0.0,0.0,253.8000000000007,30.0,0,0,maintain-maintain,0.050534121692180634,-0.12283186614513397,-0.1908200979232788,0,0.050534121692180634,-0.12283186614513397,0.1733659878373146,0.24135421961545944,"[true, true, true]",False,False,False,66015,0,e827f3a7c15be3cc0e8dad398a812438a042d5fbfc05ac4f148ca8e9393507fa,validation_002,1,1,2038157923,3,63.01006876052381
44,8.8,A,ramp,True,False,259.8000000000007,30.0,0,maintain,0.0,0.0,191.60000000000073,18.0,0,0,maintain-maintain,0.06104953587055206,0.02691299468278885,-0.1461091935634613,0,0.06104953587055206,0.02691299468278885,0.034136541187763214,0.20715872943401337,"[true, true, true]",False,False,False,66015,0,e827f3a7c15be3cc0e8dad398a812438a042d5fbfc05ac4f148ca8e9393507fa,validation_002,1,1,2038157923,3,
44,8.8,B,mainline,True,False,191.60000000000073,18.0,0,maintain,0.0,0.0,259.8000000000007,30.0,0,0,maintain-maintain,0.04983469843864441,-0.12212783098220825,-0.1926754266023636,0,0.04983469843864441,-0.12212783098220825,0.17196252942085266,0.242510125041008,"[true, true, true]",False,False,False,66015,0,e827f3a7c15be3cc0e8dad398a812438a042d5fbfc05ac4f148ca8e9393507fa,validation_002,1,1,2038157923,3,
45,9.0,A,ramp,False,True,261.3000000000007,0.0,0,maintain,0.0,0.0,195.20000000000076,18.0,0,0,inactive-active,0.02577853947877884,0.0052370354533195496,-0.17488807439804077,0,0.02577853947877884,0.0052370354533195496,0.02054150402545929,0.2006666138768196,"[true, true, true]",False,False,False,66015,0,e827f3a7c15be3cc0e8dad398a812438a042d5fbfc05ac4f148ca8e9393507fa,validation_002,1,1,2038157923,3,
45,9.0,B,mainline,True,False,195.20000000000076,18.0,0,maintain,0.0,0.0,261.3000000000007,0.0,0,0,inactive-active,-0.018588855862617493,-0.10306091606616974,-0.11138850450515747,0,-0.018588855862617493,-0.10306091606616974,0.08447206020355225,0.09279964864253998,"[true, true, true]",False,False,False,66015,0,e827f3a7c15be3cc0e8dad398a812438a042d5fbfc05ac4f148ca8e9393507fa,validation_002,1,1,2038157923,3,
46,9.200000000000001,A,ramp,False,True,261.3000000000007,0.0,0,maintain,0.0,0.0,198.80000000000078,18.0,0,0,inactive-active,0.026489783078432083,0.007159657776355743,-0.17360851168632507,0,0.026489783078432083,0.007159657776355743,0.01933012530207634,0.20009829476475716,"[true, true, true]",False,False,False,66015,0,e827f3a7c15be3cc0e8dad398a812438a042d5fbfc05ac4f148ca8e9393507fa,validation_002,1,1,2038157923,3,
46,9.200000000000001,B,mainline,True,False,198.80000000000078,18.0,0,maintain,0.0,0.0,261.3000000000007,0.0,0,0,inactive-active,-0.017780274152755737,-0.10293439775705338,-0.10966640710830688,0,-0.017780274152755737,-0.10293439775705338,0.08515412360429764,0.09188613295555115,"[true, true, true]",False,False,False,66015,0,e827f3a7c15be3cc0e8dad398a812438a042d5fbfc05ac4f148ca8e9393507fa,validation_002,1,1,2038157923,3,
47,9.4,A,ramp,False,True,261.3000000000007,0.0,0,maintain,0.0,0.0,202.4000000000008,18.0,0,0,inactive-active,0.02720094472169876,0.009082861244678497,-0.1723295897245407,0,0.02720094472169876,0.009082861244678497,0.018118083477020264,0.19953053444623947,"[true, true, true]",False,False,False,66015,0,e827f3a7c15be3cc0e8dad398a812438a042d5fbfc05ac4f148ca8e9393507fa,validation_002,1,1,2038157923,3,
47,9.4,B,mainline,True,False,202.4000000000008,18.0,0,maintain,0.0,0.0,261.3000000000007,0.0,0,0,inactive-active,-0.016958236694335938,-0.10270476341247559,-0.10807438939809799,0,-0.016958236694335938,-0.10270476341247559,0.08574652671813965,0.09111615270376205,"[true, true, true]",False,False,False,66015,0,e827f3a7c15be3cc0e8dad398a812438a042d5fbfc05ac4f148ca8e9393507fa,validation_002,1,1,2038157923,3,
48,9.600000000000001,A,ramp,False,True,261.3000000000007,0.0,0,maintain,0.0,0.0,206.00000000000082,18.0,0,0,inactive-active,0.027952682226896286,0.011042524129152298,-0.17100195586681366,0,0.027952682226896286,0.011042524129152298,0.016910158097743988,0.19895463809370995,"[true, true, true]",False,False,False,66015,0,e827f3a7c15be3cc0e8dad398a812438a042d5fbfc05ac4f148ca8e9393507fa,validation_002,1,1,2038157923,3,
48,9.600000000000001,B,mainline,True,False,206.00000000000082,18.0,0,maintain,0.0,0.0,261.3000000000007,0.0,0,0,inactive-active,-0.016002222895622253,-0.10250458121299744,-0.1063973605632782,0,-0.016002222895622253,-0.10250458121299744,0.08650235831737518,0.09039513766765594,"[true, true, true]",False,False,False,66015,0,e827f3a7c15be3cc0e8dad398a812438a042d5fbfc05ac4f148ca8e9393507fa,validation_002,1,1,2038157923,3,
49,9.8,A,ramp,False,True,261.3000000000007,0.0,0,maintain,0.0,0.0,209.60000000000085,18.0,0,0,inactive-active,0.028635196387767792,0.013335421681404114,-0.16988462209701538,0,0.028635196387767792,0.013335421681404114,0.015299774706363678,0.19851981848478317,"[true, true, true]",False,False,False,66015,0,e827f3a7c15be3cc0e8dad398a812438a042d5fbfc05ac4f148ca8e9393507fa,validation_002,1,1,2038157923,3,
49,9.8,B,mainline,True,False,209.60000000000085,18.0,0,maintain,0.0,0.0,261.3000000000007,0.0,0,0,inactive-active,-0.01484391838312149,-0.10224893689155579,-0.10447119176387787,0,-0.01484391838312149,-0.10224893689155579,0.0874050185084343,0.08962727338075638,"[true, true, true]",False,False,False,66015,0,e827f3a7c15be3cc0e8dad398a812438a042d5fbfc05ac4f148ca8e9393507fa,validation_002,1,1,2038157923,3,
50,10.0,A,ramp,False,True,261.3000000000007,0.0,0,maintain,0.0,0.0,213.20000000000087,18.0,0,0,inactive-active,0.029476597905158997,0.015903756022453308,-0.16914869844913483,0,0.029476597905158997,0.015903756022453308,0.013572841882705688,0.19862529635429382,"[true, true, true]",False,False,False,66015,0,e827f3a7c15be3cc0e8dad398a812438a042d5fbfc05ac4f148ca8e9393507fa,validation_002,1,1,2038157923,3,
50,10.0,B,mainline,True,False,213.20000000000087,18.0,0,maintain,0.0,0.0,261.3000000000007,0.0,0,0,inactive-active,-0.013592615723609924,-0.10198301821947098,-0.10255725681781769,0,-0.013592615723609924,-0.10198301821947098,0.08839040249586105,0.08896464109420776,"[true, true, true]",False,False,False,66015,0,e827f3a7c15be3cc0e8dad398a812438a042d5fbfc05ac4f148ca8e9393507fa,validation_002,1,1,2038157923,3,
51,10.200000000000001,A,ramp,False,True,261.3000000000007,0.0,0,maintain,0.0,0.0,216.8000000000009,18.0,0,0,inactive-active,0.030367277562618256,0.018483825027942657,-0.16888299584388733,0,0.030367277562618256,0.018483825027942657,0.011883452534675598,0.19925027340650558,"[true, true, true]",False,False,False,66015,0,e827f3a7c15be3cc0e8dad398a812438a042d5fbfc05ac4f148ca8e9393507fa,validation_002,1,1,2038157923,3,
51,10.200000000000001,B,mainline,True,False,216.8000000000009,18.0,0,maintain,0.0,0.0,261.3000000000007,0.0,0,0,inactive-active,-0.01212528720498085,-0.10169301182031631,-0.10067467391490936,0,-0.01212528720498085,-0.10067467391490936,0.08854938670992851,0.08956772461533546,"[true, true, true]",False,False,False,66015,0,e827f3a7c15be3cc0e8dad398a812438a042d5fbfc05ac4f148ca8e9393507fa,validation_002,1,1,2038157923,3,
52,10.4,A,ramp,False,True,261.3000000000007,0.0,0,maintain,0.0,0.0,220.40000000000092,18.0,0,0,inactive-active,0.031222574412822723,0.020853396505117416,-0.16874459385871887,0,0.031222574412822723,0.020853396505117416,0.010369177907705307,0.1999671682715416,"[true, true, true]",False,False,False,66015,0,e827f3a7c15be3cc0e8dad398a812438a042d5fbfc05ac4f148ca8e9393507fa,validation_002,1,1,2038157923,3,
52,10.4,B,mainline,True,False,220.40000000000092,18.0,0,maintain,0.0,0.0,261.3000000000007,0.0,0,0,inactive-active,-0.010658908635377884,-0.10140328854322433,-0.09878984838724136,0,-0.010658908635377884,-0.09878984838724136,0.08813093975186348,0.09074437990784645,"[true, true, true]",False,False,False,66015,0,e827f3a7c15be3cc0e8dad398a812438a042d5fbfc05ac4f148ca8e9393507fa,validation_002,1,1,2038157923,3,
53,10.600000000000001,A,ramp,False,True,261.3000000000007,0.0,0,maintain,0.0,0.0,224.00000000000094,18.0,0,0,inactive-active,0.032037317752838135,0.023102890700101852,-0.16850148141384125,0,0.032037317752838135,0.023102890700101852,0.008934427052736282,0.20053879916667938,"[true, true, true]",False,False,False,66015,0,e827f3a7c15be3cc0e8dad398a812438a042d5fbfc05ac4f148ca8e9393507fa,validation_002,1,1,2038157923,3,
53,10.600000000000001,B,mainline,True,False,224.00000000000094,18.0,0,maintain,0.0,0.0,261.3000000000007,0.0,0,0,inactive-active,-0.009304404258728027,-0.1012437641620636,-0.0970061868429184,0,-0.009304404258728027,-0.0970061868429184,0.08770178258419037,0.09193935990333557,"[true, true, true]",False,False,False,66015,0,e827f3a7c15be3cc0e8dad398a812438a042d5fbfc05ac4f148ca8e9393507fa,validation_002,1,1,2038157923,3,
54,10.8,A,ramp,False,True,261.3000000000007,0.0,0,maintain,0.0,0.0,227.60000000000096,18.0,0,0,inactive-active,0.032605331391096115,0.02507787197828293,-0.1685919165611267,0,0.032605331391096115,0.02507787197828293,0.007527459412813187,0.20119724795222282,"[true, true, true]",False,False,False,66015,0,e827f3a7c15be3cc0e8dad398a812438a042d5fbfc05ac4f148ca8e9393507fa,validation_002,1,1,2038157923,3,
54,10.8,B,mainline,True,False,227.60000000000096,18.0,0,maintain,0.0,0.0,261.3000000000007,0.0,0,0,inactive-active,-0.007984418421983719,-0.1011238545179367,-0.09525168687105179,0,-0.007984418421983719,-0.09525168687105179,0.08726726844906807,0.09313943609595299,"[true, true, true]",False,False,False,66015,0,e827f3a7c15be3cc0e8dad398a812438a042d5fbfc05ac4f148ca8e9393507fa,validation_002,1,1,2038157923,3,
55,11.0,A,ramp,False,True,261.3000000000007,0.0,0,maintain,0.0,0.0,231.20000000000098,18.0,0,0,inactive-active,0.03280733525753021,0.026645135134458542,-0.16917696595191956,0,0.03280733525753021,0.026645135134458542,0.0061622001230716705,0.20198430120944977,"[true, true, true]",False,False,False,66015,0,e827f3a7c15be3cc0e8dad398a812438a042d5fbfc05ac4f148ca8e9393507fa,validation_002,1,1,2038157923,3,
55,11.0,B,mainline,True,False,231.20000000000098,18.0,0,maintain,0.0,0.0,261.3000000000007,0.0,0,0,inactive-active,-0.006659150123596191,-0.10109428316354752,-0.09356390684843063,0,-0.006659150123596191,-0.09356390684843063,0.08690475672483444,0.09443513303995132,"[true, true, true]",False,False,False,66015,0,e827f3a7c15be3cc0e8dad398a812438a042d5fbfc05ac4f148ca8e9393507fa,validation_002,1,1,2038157923,3,
56,11.200000000000001,A,ramp,False,True,261.3000000000007,0.0,0,maintain,0.0,0.0,234.800000000001,18.0,0,0,inactive-active,0.033009208738803864,0.02821321040391922,-0.1697624921798706,0,0.033009208738803864,0.02821321040391922,0.0047959983348846436,0.20277170091867447,"[true, true, true]",False,False,False,66015,0,e827f3a7c15be3cc0e8dad398a812438a042d5fbfc05ac4f148ca8e9393507fa,validation_002,1,1,2038157923,3,
56,11.200000000000001,B,mainline,True,False,234.800000000001,18.0,0,maintain,0.0,0.0,261.3000000000007,0.0,0,0,inactive-active,-0.005319505929946899,-0.10127788782119751,-0.09203672409057617,0,-0.005319505929946899,-0.09203672409057617,0.08671721816062927,0.09595838189125061,"[true, true, true]",False,False,False,66015,0,e827f3a7c15be3cc0e8dad398a812438a042d5fbfc05ac4f148ca8e9393507fa,validation_002,1,1,2038157923,3,
57,11.4,A,ramp,False,True,261.3000000000007,0.0,0,maintain,0.0,0.0,238.40000000000103,18.0,0,0,inactive-active,0.033210959285497665,0.02978205494582653,-0.1703484058380127,0,0.033210959285497665,0.02978205494582653,0.003428904339671135,0.20355936512351036,"[true, true, true]",False,False,False,66015,0,e827f3a7c15be3cc0e8dad398a812438a042d5fbfc05ac4f148ca8e9393507fa,validation_002,1,1,2038157923,3,
57,11.4,B,mainline,True,False,238.40000000000103,18.0,0,maintain,0.0,0.0,261.3000000000007,0.0,0,0,inactive-active,-0.0038978755474090576,-0.10152606666088104,-0.0906263142824173,0,-0.0038978755474090576,-0.0906263142824173,0.08672843873500824,0.09762819111347198,"[true, true, true]",False,False,False,66015,0,e827f3a7c15be3cc0e8dad398a812438a042d5fbfc05ac4f148ca8e9393507fa,validation_002,1,1,2038157923,3,
58,11.600000000000001,A,ramp,False,True,261.3000000000007,0.0,0,maintain,0.0,0.0,242.00000000000105,18.0,0,0,inactive-active,0.03341259807348251,0.03135164827108383,-0.1709347665309906,0,0.03341259807348251,0.03135164827108383,0.0020609498023986816,0.20434736460447311,"[true, true, true]",False,False,False,66015,0,e827f3a7c15be3cc0e8dad398a812438a042d5fbfc05ac4f148ca8e9393507fa,validation_002,1,1,2038157923,3,
58,11.600000000000001,B,mainline,True,False,242.00000000000105,18.0,0,maintain,0.0,0.0,261.3000000000007,0.0,0,0,inactive-active,-0.0024608932435512543,-0.10178779065608978,-0.08923794329166412,0,-0.0024608932435512543,-0.08923794329166412,0.08677705004811287,0.09932689741253853,"[true, true, true]",False,False,False,66015,0,e827f3a7c15be3cc0e8dad398a812438a042d5fbfc05ac4f148ca8e9393507fa,validation_002,1,1,2038157923,3,
59,11.8,A,ramp,False,True,261.3000000000007,0.0,0,maintain,0.0,0.0,245.60000000000107,18.0,0,0,inactive-active,0.0336141474545002,0.032921984791755676,-0.17152151465415955,0,0.0336141474545002,0.032921984791755676,0.0006921626627445221,0.20513566210865974,"[true, true, true]",False,False,False,66015,0,e827f3a7c15be3cc0e8dad398a812438a042d5fbfc05ac4f148ca8e9393507fa,validation_002,1,1,2038157923,3,
59,11.8,B,mainline,True,False,245.60000000000107,18.0,0,maintain,0.0,0.0,261.3000000000007,0.0,0,0,inactive-active,-0.0010034069418907166,-0.10202112793922424,-0.08784034848213196,0,-0.0010034069418907166,-0.08784034848213196,0.08683694154024124,0.10101772099733353,"[true, true, true]",False,False,False,66015,0,e827f3a7c15be3cc0e8dad398a812438a042d5fbfc05ac4f148ca8e9393507fa,validation_002,1,1,2038157923,3,
60,12.0,A,ramp,False,True,261.3000000000007,0.0,0,maintain,0.0,0.0,249.2000000000011,18.0,0,0,inactive-active,0.033815570175647736,0.03449302166700363,-0.17210866510868073,1,0.03449302166700363,0.033815570175647736,0.000677451491355896,0.20660168677568436,"[true, true, true]",False,False,False,66015,0,e827f3a7c15be3cc0e8dad398a812438a042d5fbfc05ac4f148ca8e9393507fa,validation_002,1,1,2038157923,3,
60,12.0,B,mainline,True,False,249.2000000000011,18.0,0,maintain,0.0,0.0,261.3000000000007,0.0,0,0,inactive-active,0.0005840808153152466,-0.10207562148571014,-0.08639159798622131,0,0.0005840808153152466,-0.08639159798622131,0.08697567880153656,0.10265970230102539,"[true, true, true]",False,False,False,66015,0,e827f3a7c15be3cc0e8dad398a812438a042d5fbfc05ac4f148ca8e9393507fa,validation_002,1,1,2038157923,3,
61,12.200000000000001,A,ramp,False,True,261.3000000000007,0.0,0,maintain,0.0,0.0,252.80000000000112,18.0,0,0,inactive-active,0.034131743013858795,0.03596537187695503,-0.17300298810005188,1,0.03596537187695503,0.034131743013858795,0.0018336288630962372,0.2089683599770069,"[true, true, true]",False,False,False,66015,0,e827f3a7c15be3cc0e8dad398a812438a042d5fbfc05ac4f148ca8e9393507fa,validation_002,1,1,2038157923,3,
61,12.200000000000001,B,mainline,True,False,252.80000000000112,18.0,0,maintain,0.0,0.0,261.3000000000007,0.0,0,0,inactive-active,0.0021710023283958435,-0.10213073343038559,-0.08494176715612411,0,0.0021710023283958435,-0.08494176715612411,0.08711276948451996,0.10430173575878143,"[true, true, true]",False,False,False,66015,0,e827f3a7c15be3cc0e8dad398a812438a042d5fbfc05ac4f148ca8e9393507fa,validation_002,1,1,2038157923,3,
62,12.4,A,ramp,False,True,261.3000000000007,0.0,0,maintain,0.0,0.0,256.4000000000011,18.0,0,0,inactive-active,0.034700460731983185,0.03721971809864044,-0.1745726466178894,1,0.03721971809864044,0.034700460731983185,0.002519257366657257,0.21179236471652985,"[true, true, true]",False,True,False,66015,0,e827f3a7c15be3cc0e8dad398a812438a042d5fbfc05ac4f148ca8e9393507fa,validation_002,1,1,2038157923,3,
62,12.4,B,mainline,True,False,256.4000000000011,18.0,0,maintain,0.0,0.0,261.3000000000007,0.0,0,0,inactive-active,0.003789883106946945,-0.10221300274133682,-0.0834638774394989,0,0.003789883106946945,-0.0834638774394989,0.08725376054644585,0.10600288584828377,"[true, true, true]",False,True,False,66015,0,e827f3a7c15be3cc0e8dad398a812438a042d5fbfc05ac4f148ca8e9393507fa,validation_002,1,1,2038157923,3,
0,0.0,A,mainline,True,False,28.0,20.0,1,accelerate,0.0,2.0000000000000284,38.4,16.0,1,0,accelerate-maintain,-0.06755076348781586,0.03563795983791351,-0.16012457013130188,1,0.03563795983791351,-0.06755076348781586,0.10318872332572937,0.1957625299692154,"[true, true, true]",False,False,False,66015,0,e827f3a7c15be3cc0e8dad398a812438a042d5fbfc05ac4f148ca8e9393507fa,validation_003,0,2,993607744,4,
0,0.0,B,ramp,True,False,38.4,16.0,0,maintain,0.0,0.0,28.0,20.0,1,0,accelerate-maintain,0.06856152415275574,-0.12683086097240448,-0.15040408074855804,0,0.06856152415275574,-0.12683086097240448,0.19539238512516022,0.21896560490131378,"[true, true, true]",False,False,False,66015,0,e827f3a7c15be3cc0e8dad398a812438a042d5fbfc05ac4f148ca8e9393507fa,validation_003,0,2,993607744,4,
1,0.2,A,mainline,True,False,32.04,20.400000000000006,1,accelerate,2.0,2.0000000000000284,41.59999999999999,16.0,1,0,accelerate-maintain,-0.06857407093048096,0.0335138663649559,-0.16000044345855713,1,0.0335138663649559,-0.06857407093048096,0.10208793729543686,0.19351430982351303,"[true, true, true]",False,False,False,66015,0,e827f3a7c15be3cc0e8dad398a812438a042d5fbfc05ac4f148ca8e9393507fa,validation_003,0,2,993607744,4,
1,0.2,B,ramp,True,False,41.59999999999999,16.0,0,maintain,0.0,0.0,32.04,20.400000000000006,1,0,accelerate-maintain,0.06729185581207275,-0.12835398316383362,-0.1489785760641098,0,0.06729185581207275,-0.12835398316383362,0.19564583897590637,0.21627043187618256,"[true, true, true]",False,False,False,66015,0,e827f3a7c15be3cc0e8dad398a812438a042d5fbfc05ac4f148ca8e9393507fa,validation_003,0,2,993607744,4,
2,0.4,A,mainline,True,False,36.160000000000004,20.80000000000001,1,accelerate,2.0,2.0000000000000284,44.799999999999976,16.0,1,0,accelerate-maintain,-0.06972914189100266,0.031299788504838943,-0.16035205125808716,1,0.031299788504838943,-0.06972914189100266,0.1010289303958416,0.1916518397629261,"[true, true, true]",False,False,False,66015,0,e827f3a7c15be3cc0e8dad398a812438a042d5fbfc05ac4f148ca8e9393507fa,validation_003,0,2,993607744,4,
2,0.4,B,ramp,True,False,44.799999999999976,16.0,0,maintain,0.0,0.0,36.160000000000004,20.80000000000001,1,0,accelerate-maintain,0.06600521504878998,-0.12967222929000854,-0.1475595384836197,0,0.06600521504878998,-0.12967222929000854,0.19567744433879852,0.21356475353240967,"[true, true, true]",False,False,False,66015,0,e827f3a7c15be3cc0e8dad398a812438a042d5fbfc05ac4f148ca8e9393507fa,validation_003,0,2,993607744,4,
3,0.6000000000000001,A,mainline,True,False,40.36000000000001,21.200000000000017,1,accelerate,2.0,2.0000000000000284,47.999999999999964,16.0,1,0,accelerate-maintain,-0.07088765501976013,0.02900627814233303,-0.16076232492923737,1,0.02900627814233303,-0.07088765501976013,0.09989393316209316,0.1897686030715704,"[true, true, true]",False,False,False,66015,0,e827f3a7c15be3cc0e8dad398a812438a042d5fbfc05ac4f148ca8e9393507fa,validation_003,0,2,993607744,4,
3,0.6000000000000001,B,ramp,True,False,47.999999999999964,16.0,0,maintain,0.0,0.0,40.36000000000001,21.200000000000017,1,0,accelerate-maintain,0.06505170464515686,-0.1305456906557083,-0.14546561241149902,0,0.06505170464515686,-0.1305456906557083,0.19559739530086517,0.21051731705665588,"[true, true, true]",False,False,False,66015,0,e827f3a7c15be3cc0e8dad398a812438a042d5fbfc05ac4f148ca8e9393507fa,validation_003,0,2,993607744,4,
4,0.8,A,mainline,True,False,44.64000000000001,21.600000000000023,1,accelerate,2.0,2.0000000000000284,51.19999999999995,16.0,1,0,accelerate-maintain,-0.07193590700626373,0.026812901720404625,-0.1611739546060562,1,0.026812901720404625,-0.07193590700626373,0.09874880872666836,0.18798685632646084,"[true, true, true]",False,False,False,66015,0,e827f3a7c15be3cc0e8dad398a812438a042d5fbfc05ac4f148ca8e9393507fa,validation_003,0,2,993607744,4,
4,0.8,B,ramp,True,False,51.19999999999995,16.0,0,maintain,0.0,0.0,44.64000000000001,21.600000000000023,1,0,accelerate-maintain,0.06419563293457031,-0.13097497820854187,-0.14324821531772614,0,0.06419563293457031,-0.13097497820854187,0.19517061114311218,0.20744384825229645,"[true, true, true]",False,False,False,66015,0,e827f3a7c15be3cc0e8dad398a812438a042d5fbfc05ac4f148ca8e9393507fa,validation_003,0,2,993607744,4,
5,1.0,A,mainline,True,False,49.000000000000014,22.00000000000003,1,accelerate,2.0,2.0000000000000284,54.39999999999994,16.0,1,0,accelerate-maintain,-0.07241106778383255,0.025354299694299698,-0.16142073273658752,1,0.025354299694299698,-0.07241106778383255,0.09776536747813225,0.18677503243088722,"[true, true, true]",False,False,False,66015,0,e827f3a7c15be3cc0e8dad398a812438a042d5fbfc05ac4f148ca8e9393507fa,validation_003,0,2,993607744,4,
5,1.0,B,ramp,True,False,54.39999999999994,16.0,0,maintain,0.0,0.0,49.000000000000014,22.00000000000003,1,0,accelerate-maintain,0.06317158043384552,-0.1312970221042633,-0.14090487360954285,0,0.06317158043384552,-0.1312970221042633,0.19446860253810883,0.20407645404338837,"[true, true, true]",False,False,False,66015,0,e827f3a7c15be3cc0e8dad398a812438a042d5fbfc05ac4f148ca8e9393507fa,validation_003,0,2,993607744,4,
6,1.2000000000000002,A,mainline,True,False,53.44000000000002,22.400000000000034,1,accelerate,2.0,2.0000000000000284,57.59999999999993,16.0,1,0,accelerate-maintain,-0.07276696711778641,0.024396441876888275,-0.16094960272312164,1,0.024396441876888275,-0.07276696711778641,0.09716340899467468,0.18534604460000992,"[true, true, true]",False,False,False,66015,0,e827f3a7c15be3cc0e8dad398a812438a042d5fbfc05ac4f148ca8e9393507fa,validation_003,0,2,993607744,4,
6,1.2000000000000002,B,ramp,True,False,57.59999999999993,16.0,0,maintain,0.0,0.0,53.44000000000002,22.400000000000034,1,0,accelerate-maintain,0.06259067356586456,-0.1311192661523819,-0.13885807991027832,0,0.06259067356586456,-0.1311192661523819,0.19370993971824646,0.20144875347614288,"[true, true, true]",False,False,False,66015,0,e827f3a7c15be3cc0e8dad398a812438a042d5fbfc05ac4f148ca8e9393507fa,validation_003,0,2,993607744,4,
7,1.4000000000000001,A,mainline,True,False,57.96000000000003,22.80000000000004,1,accelerate,2.0,2.0000000000000284,60.79999999999992,16.0,1,0,accelerate-maintain,-0.07314059138298035,0.023296546190977097,-0.1604297161102295,1,0.023296546190977097,-0.07314059138298035,0.09643713757395744,0.1837262623012066,"[true, true, true]",False,False,False,66015,0,e827f3a7c15be3cc0e8dad398a812438a042d5fbfc05ac4f148ca8e9393507fa,validation_003,0,2,993607744,4,
7,1.4000000000000001,B,ramp,True,False,60.79999999999992,16.0,0,maintain,0.0,0.0,57.96000000000003,22.80000000000004,1,0,accelerate-maintain,0.06228935718536377,-0.1306917667388916,-0.13682493567466736,0,0.06228935718536377,-0.1306917667388916,0.19298112392425537,0.19911429286003113,"[true, true, true]",False,False,False,66015,0,e827f3a7c15be3cc0e8dad398a812438a042d5fbfc05ac4f148ca8e9393507fa,validation_003,0,2,993607744,4,
8,1.6,A,mainline,True,False,62.56000000000004,23.200000000000045,1,accelerate,2.0,2.0000000000000284,63.99999999999991,16.0,1,0,accelerate-maintain,-0.07284580916166306,0.0221126526594162,-0.1603829264640808,1,0.0221126526594162,-0.07284580916166306,0.09495846182107925,0.182495579123497,"[true, true, true]",False,False,False,66015,0,e827f3a7c15be3cc0e8dad398a812438a042d5fbfc05ac4f148ca8e9393507fa,validation_003,0,2,993607744,4,
8,1.6,B,ramp,True,False,63.99999999999991,16.0,0,maintain,0.0,0.0,62.56000000000004,23.200000000000045,1,0,accelerate-maintain,0.06227404996752739,-0.12917400896549225,-0.13388216495513916,0,0.06227404996752739,-0.12917400896549225,0.19144805893301964,0.19615621492266655,"[true, true, true]",False,False,False,66015,0,e827f3a7c15be3cc0e8dad398a812438a042d5fbfc05ac4f148ca8e9393507fa,validation_003,0,2,993607744,4,
9,1.8,A,mainline,True,False,67.24000000000005,23.60000000000005,1,accelerate,2.0,2.0000000000000284,67.1999999999999,16.0,1,0,accelerate-maintain,-0.07209616154432297,0.020957130938768387,-0.16084328293800354,1,0.020957130938768387,-0.07209616154432297,0.09305329248309135,0.18180041387677193,"[true, true, true]",False,False,False,66015,0,e827f3a7c15be3cc0e8dad398a812438a042d5fbfc05ac4f148ca8e9393507fa,validation_003,0,2,993607744,4,
9,1.8,B,ramp,True,False,67.1999999999999,16.0,0,maintain,0.0,0.0,67.24000000000005,23.60000000000005,1,0,accelerate-maintain,0.061631642282009125,-0.12761211395263672,-0.131490096449852,0,0.061631642282009125,-0.12761211395263672,0.18924375623464584,0.19312173873186111,"[true, true, true]",False,False,False,66015,0,e827f3a7c15be3cc0e8dad398a812438a042d5fbfc05ac4f148ca8e9393507fa,validation_003,0,2,993607744,4,
10,2.0,A,mainline,True,False,72.00000000000007,24.000000000000057,1,accelerate,2.0,2.0000000000000284,70.39999999999989,16.0,1,0,accelerate-maintain,-0.071281798183918,0.0194072388112545,-0.16080427169799805,1,0.0194072388112545,-0.071281798183918,0.0906890369951725,0.18021151050925255,"[true, true, true]",False,False,False,66015,0,e827f3a7c15be3cc0e8dad398a812438a042d5fbfc05ac4f148ca8e9393507fa,validation_003,0,2,993607744,4,
10,2.0,B,ramp,True,False,70.39999999999989,16.0,0,maintain,0.0,0.0,72.00000000000007,24.000000000000057,1,0,accelerate-maintain,0.06086135655641556,-0.1260756105184555,-0.12919014692306519,0,0.06086135655641556,-0.1260756105184555,0.18693696707487106,0.19005150347948074,"[true, true, true]",False,False,False,66015,0,e827f3a7c15be3cc0e8dad398a812438a042d5fbfc05ac4f148ca8e9393507fa,validation_003,0,2,993607744,4,
11,2.2,A,mainline,True,False,76.84000000000009,24.400000000000063,1,accelerate,2.0,2.0000000000000284,73.59999999999988,16.0,1,0,accelerate-maintain,-0.07091876864433289,0.018354155123233795,-0.16011950373649597,1,0.018354155123233795,-0.07091876864433289,0.08927292376756668,0.17847365885972977,"[true, true, true]",False,False,False,66015,0,e827f3a7c15be3cc0e8dad398a812438a042d5fbfc05ac4f148ca8e9393507fa,validation_003,0,2,993607744,4,
11,2.2,B,ramp,True,False,73.59999999999988,16.0,0,maintain,0.0,0.0,76.84000000000009,24.400000000000063,1,0,accelerate-maintain,0.06017855927348137,-0.12429717183113098,-0.1274106353521347,0,0.06017855927348137,-0.12429717183113098,0.18447573110461235,0.18758919462561607,"[true, true, true]",False,False,False,66015,0,e827f3a7c15be3cc0e8dad398a812438a042d5fbfc05ac4f148ca8e9393507fa,validation_003,0,2,993607744,4,
12,2.4000000000000004,A,mainline,True,False,81.76000000000009,24.800000000000068,1,accelerate,2.0,2.0000000000000284,76.79999999999987,16.0,1,0,accelerate-maintain,-0.07056942582130432,0.017945311963558197,-0.15953600406646729,1,0.017945311963558197,-0.07056942582130432,0.08851473778486252,0.17748131603002548,"[true, true, true]",False,False,False,66015,0,e827f3a7c15be3cc0e8dad398a812438a042d5fbfc05ac4f148ca8e9393507fa,validation_003,0,2,993607744,4,
12,2.4000000000000004,B,ramp,True,False,76.79999999999987,16.0,0,maintain,0.0,0.0,81.76000000000009,24.800000000000068,1,0,accelerate-maintain,0.05986534804105759,-0.12327373772859573,-0.1259816288948059,0,0.05986534804105759,-0.12327373772859573,0.18313908576965332,0.1858469769358635,"[true, true, true]",False,False,False,66015,0,e827f3a7c15be3cc0e8dad398a812438a042d5fbfc05ac4f148ca8e9393507fa,validation_003,0,2,993607744,4,
13,2.6,A,mainline,True,False,86.7600000000001,25.200000000000074,1,accelerate,2.0,2.0000000000000284,79.99999999999986,16.0,1,0,accelerate-maintain,-0.07013607770204544,0.017593786120414734,-0.15887080132961273,1,0.017593786120414734,-0.07013607770204544,0.08772986382246017,0.17646458745002747,"[true, true, true]",False,False,False,66015,0,e827f3a7c15be3cc0e8dad398a812438a042d5fbfc05ac4f148ca8e9393507fa,validation_003,0,2,993607744,4,
13,2.6,B,ramp,True,False,79.99999999999986,16.0,0,maintain,0.0,0.0,86.7600000000001,25.200000000000074,1,0,accelerate-maintain,0.05859892815351486,-0.12194573879241943,-0.12508107721805573,0,0.05859892815351486,-0.12194573879241943,0.1805446669459343,0.1836800053715706,"[true, true, true]",False,False,False,66015,0,e827f3a7c15be3cc0e8dad398a812438a042d5fbfc05ac4f148ca8e9393507fa,validation_003,0,2,993607744,4,
14,2.8000000000000003,A,mainline,True,False,91.84000000000012,25.60000000000008,1,accelerate,2.0,2.0000000000000284,83.19999999999985,16.0,1,0,accelerate-maintain,-0.06983187794685364,0.017342504113912582,-0.15821236371994019,1,0.017342504113912582,-0.06983187794685364,0.08717438206076622,0.17555486783385277,"[true, true, true]",False,False,False,66015,0,e827f3a7c15be3cc0e8dad398a812438a042d5fbfc05ac4f148ca8e9393507fa,validation_003,0,2,993607744,4,
14,2.8000000000000003,B,ramp,True,False,83.19999999999985,16.0,0,maintain,0.0,0.0,91.84000000000012,25.60000000000008,1,0,accelerate-maintain,0.05720674619078636,-0.12049028277397156,-0.12420913577079773,0,0.05720674619078636,-0.12049028277397156,0.17769702896475792,0.1814158819615841,"[true, true, true]",False,False,False,66015,0,e827f3a7c15be3cc0e8dad398a812438a042d5fbfc05ac4f148ca8e9393507fa,validation_003,0,2,993607744,4,
15,3.0,A,mainline,True,False,97.00000000000013,26.000000000000085,1,accelerate,2.0,2.0000000000000284,86.39999999999984,16.0,1,0,accelerate-maintain,-0.0710078775882721,0.01762695610523224,-0.15771141648292542,1,0.01762695610523224,-0.0710078775882721,0.08863483369350433,0.17533837258815765,"[true, true, true]",False,False,False,66015,0,e827f3a7c15be3cc0e8dad398a812438a042d5fbfc05ac4f148ca8e9393507fa,validation_003,0,2,993607744,4,
15,3.0,B,ramp,True,False,86.39999999999984,16.0,0,maintain,0.0,0.0,97.00000000000013,26.000000000000085,1,0,accelerate-maintain,0.055725909769535065,-0.11889860779047012,-0.12341593205928802,0,0.055725909769535065,-0.11889860779047012,0.1746245175600052,0.1791418418288231,"[true, true, true]",False,False,False,66015,0,e827f3a7c15be3cc0e8dad398a812438a042d5fbfc05ac4f148ca8e9393507fa,validation_003,0,2,993607744,4,
16,3.2,A,mainline,True,False,102.24000000000015,26.40000000000009,1,accelerate,2.0,2.0000000000000284,89.59999999999982,16.0,1,0,accelerate-maintain,-0.07262678444385529,0.018010273575782776,-0.15749046206474304,1,0.018010273575782776,-0.07262678444385529,0.09063705801963806,0.17550073564052582,"[true, true, true]",False,False,False,66015,0,e827f3a7c15be3cc0e8dad398a812438a042d5fbfc05ac4f148ca8e9393507fa,validation_003,0,2,993607744,4,
16,3.2,B,ramp,True,False,89.59999999999982,16.0,0,maintain,0.0,0.0,102.24000000000015,26.40000000000009,1,0,accelerate-maintain,0.053996577858924866,-0.11660656332969666,-0.12280087172985077,0,0.053996577858924866,-0.11660656332969666,0.17060314118862152,0.17679744958877563,"[true, true, true]",False,False,False,66015,0,e827f3a7c15be3cc0e8dad398a812438a042d5fbfc05ac4f148ca8e9393507fa,validation_003,0,2,993607744,4,
17,3.4000000000000004,A,mainline,True,False,107.56000000000017,26.800000000000097,1,accelerate,2.0,2.0000000000000284,92.79999999999981,16.0,1,0,accelerate-maintain,-0.0748736783862114,0.018263481557369232,-0.15785536170005798,1,0.018263481557369232,-0.0748736783862114,0.09313715994358063,0.17611884325742722,"[true, true, true]",False,False,False,66015,0,e827f3a7c15be3cc0e8dad398a812438a042d5fbfc05ac4f148ca8e9393507fa,validation_003,0,2,993607744,4,
17,3.4000000000000004,B,ramp,True,False,92.79999999999981,16.0,0,maintain,0.0,0.0,107.56000000000017,26.800000000000097,1,0,accelerate-maintain,0.05281311273574829,-0.11450118571519852,-0.12137393653392792,0,0.05281311273574829,-0.11450118571519852,0.1673142984509468,0.1741870492696762,"[true, true, true]",False,False,False,66015,0,e827f3a7c15be3cc0e8dad398a812438a042d5fbfc05ac4f148ca8e9393507fa,validation_003,0,2,993607744,4,
18,3.6,A,mainline,True,False,112.96000000000019,27.200000000000102,1,accelerate,2.0,2.0000000000000284,95.9999999999998,16.0,1,0,accelerate-maintain,-0.07724317908287048,0.01847955584526062,-0.1583729237318039,1,0.01847955584526062,-0.07724317908287048,0.0957227349281311,0.17685247957706451,"[true, true, true]",False,False,False,66015,0,e827f3a7c15be3cc0e8dad398a812438a042d5fbfc05ac4f148ca8e9393507fa,validation_003,0,2,993607744,4,
18,3.6,B,ramp,True,False,95.9999999999998,16.0,0,maintain,0.0,0.0,112.96000000000019,27.200000000000102,1,0,accelerate-maintain,0.051938436925411224,-0.11272773146629333,-0.11970927566289902,0,0.051938436925411224,-0.11272773146629333,0.16466616839170456,0.17164771258831024,"[true, true, true]",False,False,False,66015,0,e827f3a7c15be3cc0e8dad398a812438a042d5fbfc05ac4f148ca8e9393507fa,validation_003,0,2,993607744,4,
19,3.8000000000000003,A,mainline,True,False,118.44000000000023,27.600000000000108,1,accelerate,2.0,2.0000000000000284,99.19999999999979,16.0,1,0,accelerate-maintain,-0.08015047013759613,0.018401607871055603,-0.1598162055015564,1,0.018401607871055603,-0.08015047013759613,0.09855207800865173,0.178217813372612,"[true, true, true]",False,False,False,66015,0,e827f3a7c15be3cc0e8dad398a812438a042d5fbfc05ac4f148ca8e9393507fa,validation_003,0,2,993607744,4,
19,3.8000000000000003,B,ramp,True,False,99.19999999999979,16.0,0,maintain,0.0,0.0,118.44000000000023,27.600000000000108,1,0,accelerate-maintain,0.05133238807320595,-0.11239778995513916,-0.11833342909812927,0,0.05133238807320595,-0.11239778995513916,0.1637301780283451,0.16966581717133522,"[true, true, true]",False,False,False,66015,0,e827f3a7c15be3cc0e8dad398a812438a042d5fbfc05ac4f148ca8e9393507fa,validation_003,0,2,993607744,4,
20,4.0,A,mainline,True,False,124.00000000000026,28.000000000000114,1,accelerate,2.0,2.0000000000000284,102.39999999999978,16.0,1,0,accelerate-maintain,-0.08273549377918243,0.018139127641916275,-0.1614319533109665,1,0.018139127641916275,-0.08273549377918243,0.10087462142109871,0.17957108095288277,"[true, true, true]",False,False,False,66015,0,e827f3a7c15be3cc0e8dad398a812438a042d5fbfc05ac4f148ca8e9393507fa,validation_003,0,2,993607744,4,
20,4.0,B,ramp,True,False,102.39999999999978,16.0,0,maintain,0.0,0.0,124.00000000000026,28.000000000000114,1,0,accelerate-maintain,0.051042381674051285,-0.11202743649482727,-0.11691001057624817,0,0.051042381674051285,-0.11202743649482727,0.16306981816887856,0.16795239225029945,"[true, true, true]",False,False,False,66015,0,e827f3a7c15be3cc0e8dad398a812438a042d5fbfc05ac4f148ca8e9393507fa,validation_003,0,2,993607744,4,
21,4.2,A,mainline,True,False,129.64000000000027,28.40000000000012,1,accelerate,2.0,2.0000000000000284,105.59999999999977,16.0,1,0,accelerate-maintain,-0.08453167974948883,0.01736478880047798,-0.1634443700313568,1,0.01736478880047798,-0.08453167974948883,0.10189646854996681,0.1808091588318348,"[true, true, true]",False,False,False,66015,0,e827f3a7c15be3cc0e8dad398a812438a042d5fbfc05ac4f148ca8e9393507fa,validation_003,0,2,993607744,4,21.644989876818343
21,4.2,B,ramp,True,False,105.59999999999977,16.0,0,maintain,0.0,0.0,129.64000000000027,28.40000000000012,1,0,accelerate-maintain,0.05086397007107735,-0.11146483570337296,-0.11567141115665436,0,0.05086397007107735,-0.11146483570337296,0.1623288057744503,0.1665353812277317,"[true, true, true]",False,False,False,66015,0,e827f3a7c15be3cc0e8dad398a812438a042d5fbfc05ac4f148ca8e9393507fa,validation_003,0,2,993607744,4,21.644989876818343
22,4.4,A,mainline,True,False,135.3600000000003,28.800000000000125,1,accelerate,2.0,2.0000000000000284,108.79999999999976,16.0,1,0,accelerate-maintain,-0.09002785384654999,0.01724514365196228,-0.16282974183559418,1,0.01724514365196228,-0.09002785384654999,0.10727299749851227,0.18007488548755646,"[true, true, true]",False,False,False,66015,0,e827f3a7c15be3cc0e8dad398a812438a042d5fbfc05ac4f148ca8e9393507fa,validation_003,0,2,993607744,4,24.26959981458188
22,4.4,B,ramp,True,False,108.79999999999976,16.0,0,maintain,0.0,0.0,135.3600000000003,28.800000000000125,1,0,accelerate-maintain,0.09912154823541641,-0.13659588992595673,-0.17100508511066437,0,0.09912154823541641,-0.13659588992595673,0.23571743816137314,0.2701266333460808,"[true, true, true]",False,False,False,66015,0,e827f3a7c15be3cc0e8dad398a812438a042d5fbfc05ac4f148ca8e9393507fa,validation_003,0,2,993607744,4,24.26959981458188
23,4.6000000000000005,A,mainline,True,False,141.16000000000034,29.20000000000013,1,accelerate,2.0,2.0000000000000284,111.99999999999974,16.0,1,0,accelerate-maintain,-0.09496662765741348,0.015116468071937561,-0.16977500915527344,1,0.015116468071937561,-0.09496662765741348,0.11008309572935104,0.184891477227211,"[true, true, true]",False,False,False,66015,0,e827f3a7c15be3cc0e8dad398a812438a042d5fbfc05ac4f148ca8e9393507fa,validation_003,0,2,993607744,4,26.97294191761233
23,4.6000000000000005,B,ramp,True,False,111.99999999999974,16.0,0,maintain,0.0,0.0,141.16000000000034,29.20000000000013,1,0,accelerate-maintain,0.09866282343864441,-0.13810105621814728,-0.16596688330173492,0,0.09866282343864441,-0.13810105621814728,0.2367638796567917,0.26462970674037933,"[true, true, true]",False,False,False,66015,0,e827f3a7c15be3cc0e8dad398a812438a042d5fbfc05ac4f148ca8e9393507fa,validation_003,0,2,993607744,4,26.97294191761233
24,4.800000000000001,A,mainline,True,False,147.04000000000036,29.600000000000136,1,accelerate,2.0,1.9999999999971863,115.19999999999973,16.0,1,0,accelerate-maintain,-0.09825548529624939,0.014293119311332703,-0.1767994910478592,1,0.014293119311332703,-0.09825548529624939,0.11254860460758209,0.1910926103591919,"[true, true, true]",False,False,False,66015,0,e827f3a7c15be3cc0e8dad398a812438a042d5fbfc05ac4f148ca8e9393507fa,validation_003,0,2,993607744,4,29.753121838502608
24,4.800000000000001,B,ramp,True,False,115.19999999999973,16.0,0,maintain,0.0,0.0,147.04000000000036,29.600000000000136,1,0,accelerate-maintain,0.09957626461982727,-0.14016404747962952,-0.16176314651966095,0,0.09957626461982727,-0.14016404747962952,0.2397403120994568,0.2613394111394882,"[true, true, true]",False,False,False,66015,0,e827f3a7c15be3cc0e8dad398a812438a042d5fbfc05ac4f148ca8e9393507fa,validation_003,0,2,993607744,4,29.753121838502608
25,5.0,A,mainline,True,False,153.0000000000004,30.0,1,accelerate,2.0,0.0,118.39999999999972,16.0,1,0,accelerate-maintain,-0.10025981068611145,0.013595297932624817,-0.18323181569576263,1,0.013595297932624817,-0.10025981068611145,0.11385510861873627,0.19682711362838745,"[true, true, true]",False,False,False,66015,0,e827f3a7c15be3cc0e8dad398a812438a042d5fbfc05ac4f148ca8e9393507fa,validation_003,0,2,993607744,4,32.5688445266116
25,5.0,B,ramp,True,False,118.39999999999972,16.0,0,maintain,0.0,0.0,153.0000000000004,30.0,1,0,accelerate-maintain,0.09983672201633453,-0.14398981630802155,-0.15976159274578094,0,0.09983672201633453,-0.14398981630802155,0.24382653832435608,0.2595983147621155,"[true, true, true]",False,False,False,66015,0,e827f3a7c15be3cc0e8dad398a812438a042d5fbfc05ac4f148ca8e9393507fa,validation_003,0,2,993607744,4,32.5688445266116
26,5.2,A,mainline,True,False,159.0000000000004,30.0,1,accelerate,2.0,0.0,121.59999999999971,16.0,1,0,accelerate-maintain,-0.1003209799528122,0.012563399970531464,-0.1893998235464096,1,0.012563399970531464,-0.1003209799528122,0.11288437992334366,0.20196322351694107,"[true, true, true]",False,False,False,66015,0,e827f3a7c15be3cc0e8dad398a812438a042d5fbfc05ac4f148ca8e9393507fa,validation_003,0,2,993607744,4,35.37964937116297
26,5.2,B,ramp,True,False,121.59999999999971,16.0,0,maintain,0.0,0.0,159.0000000000004,30.0,1,0,accelerate-maintain,0.09969211369752884,-0.147609680891037,-0.1576671451330185,0,0.09969211369752884,-0.147609680891037,0.24730179458856583,0.25735925883054733,"[true, true, true]",False,False,False,66015,0,e827f3a7c15be3cc0e8dad398a812438a042d5fbfc05ac4f148ca8e9393507fa,validation_003,0,2,993607744,4,35.37964937116297
27,5.4,A,mainline,True,False,165.0000000000004,30.0,1,accelerate,2.0,0.0,124.7999999999997,16.0,1,0,accelerate-maintain,-0.09949108958244324,0.011167880147695541,-0.19465327262878418,1,0.011167880147695541,-0.09949108958244324,0.11065896973013878,0.20582115277647972,"[true, true, true]",False,False,False,66015,0,e827f3a7c15be3cc0e8dad398a812438a042d5fbfc05ac4f148ca8e9393507fa,validation_003,0,2,993607744,4,38.185953575393526
27,5.4,B,ramp,True,False,124.7999999999997,16.0,0,maintain,0.0,0.0,165.0000000000004,30.0,1,0,accelerate-maintain,0.09950850903987885,-0.14971785247325897,-0.15591715276241302,0,0.09950850903987885,-0.14971785247325897,0.24922636151313782,0.25542566180229187,"[true, true, true]",False,False,False,66015,0,e827f3a7c15be3cc0e8dad398a812438a042d5fbfc05ac4f148ca8e9393507fa,validation_003,0,2,993607744,4,38.185953575393526
28,5.6000000000000005,A,mainline,True,False,171.0000000000004,30.0,1,accelerate,2.0,0.0,127.99999999999969,16.0,1,0,accelerate-maintain,-0.09801336377859116,0.009463213384151459,-0.20021028816699982,1,0.009463213384151459,-0.09801336377859116,0.10747657716274261,0.20967350155115128,"[true, true, true]",False,False,False,66015,0,e827f3a7c15be3cc0e8dad398a812438a042d5fbfc05ac4f148ca8e9393507fa,validation_003,0,2,993607744,4,40.98886514461083
28,5.6000000000000005,B,ramp,True,False,127.99999999999969,16.0,0,maintain,0.0,0.0,171.0000000000004,30.0,1,0,accelerate-maintain,0.09930696338415146,-0.15095704793930054,-0.15410034358501434,0,0.09930696338415146,-0.15095704793930054,0.250264011323452,0.2534073069691658,"[true, true, true]",False,False,False,66015,0,e827f3a7c15be3cc0e8dad398a812438a042d5fbfc05ac4f148ca8e9393507fa,validation_003,0,2,993607744,4,40.98886514461083
29,5.800000000000001,A,mainline,True,False,177.0000000000004,30.0,1,accelerate,2.0,0.0,131.19999999999973,16.0,1,0,accelerate-maintain,-0.09622357040643692,0.007620193064212799,-0.20602747797966003,1,0.007620193064212799,-0.09622357040643692,0.10384376347064972,0.21364767104387283,"[true, true, true]",False,False,False,66015,0,e827f3a7c15be3cc0e8dad398a812438a042d5fbfc05ac4f148ca8e9393507fa,validation_003,0,2,993607744,4,43.789787458334445
29,5.800000000000001,B,ramp,True,False,131.19999999999973,16.0,0,maintain,0.0,0.0,177.0000000000004,30.0,1,0,accelerate-maintain,0.09898330271244049,-0.15108813345432281,-0.1524135172367096,0,0.09898330271244049,-0.15108813345432281,0.2500714361667633,0.2513968199491501,"[true, true, true]",False,False,False,66015,0,e827f3a7c15be3cc0e8dad398a812438a042d5fbfc05ac4f148ca8e9393507fa,validation_003,0,2,993607744,4,43.789787458334445
30,6.0,A,mainline,True,False,183.0000000000004,30.0,1,accelerate,2.0,0.0,134.39999999999978,16.0,1,0,accelerate-maintain,-0.09376853704452515,0.006232395768165588,-0.21083810925483704,1,0.006232395768165588,-0.09376853704452515,0.10000093281269073,0.21707050502300262,"[true, true, true]",False,False,False,66015,0,e827f3a7c15be3cc0e8dad398a812438a042d5fbfc05ac4f148ca8e9393507fa,validation_003,0,2,993607744,4,46.58992813227104
30,6.0,B,ramp,True,False,134.39999999999978,16.0,0,maintain,0.0,0.0,183.0000000000004,30.0,1,0,accelerate-maintain,0.09849697351455688,-0.1512041836977005,-0.15135164558887482,0,0.09849697351455688,-0.1512041836977005,0.24970115721225739,0.2498486191034317,"[true, true, true]",False,False,False,66015,0,e827f3a7c15be3cc0e8dad398a812438a042d5fbfc05ac4f148ca8e9393507fa,validation_003,0,2,993607744,4,46.58992813227104
31,6.2,A,mainline,True,False,189.0000000000004,30.0,1,accelerate,2.0,0.0,137.59999999999982,16.0,1,0,accelerate-maintain,-0.09066466242074966,0.005296953022480011,-0.21466350555419922,1,0.005296953022480011,-0.09066466242074966,0.09596161544322968,0.21996045857667923,"[true, true, true]",False,False,False,66015,0,e827f3a7c15be3cc0e8dad398a812438a042d5fbfc05ac4f148ca8e9393507fa,validation_003,0,2,993607744,4,49.38993123947665
31,6.2,B,ramp,True,False,137.59999999999982,16.0,0,maintain,0.0,0.0,189.0000000000004,30.0,1,0,accelerate-maintain,0.09797495603561401,-0.15159282088279724,-0.15089182555675507,0,0.09797495603561401,-0.15089182555675507,0.24886678159236908,0.24956777691841125,"[true, true, true]",False,False,False,66015,0,e827f3a7c15be3cc0e8dad398a812438a042d5fbfc05ac4f148ca8e9393507fa,validation_003,0,2,993607744,4,49.38993123947665
32,6.4,A,mainline,True,False,195.0000000000004,30.0,1,accelerate,2.0,0.0,140.79999999999987,16.0,1,0,accelerate-maintain,-0.08751814067363739,0.004367705434560776,-0.21843694150447845,1,0.004367705434560776,-0.08751814067363739,0.09188584610819817,0.22280464693903923,"[true, true, true]",False,False,False,66015,0,e827f3a7c15be3cc0e8dad398a812438a042d5fbfc05ac4f148ca8e9393507fa,validation_003,0,2,993607744,4,52.18993123947661
32,6.4,B,ramp,True,False,140.79999999999987,16.0,0,maintain,0.0,0.0,195.0000000000004,30.0,1,0,accelerate-maintain,0.09699748456478119,-0.15245316922664642,-0.15134043991565704,0,0.09699748456478119,-0.15134043991565704,0.24833792448043823,0.2494506537914276,"[true, true, true]",False,False,False,66015,0,e827f3a7c15be3cc0e8dad398a812438a042d5fbfc05ac4f148ca8e9393507fa,validation_003,0,2,993607744,4,52.18993123947661
33,6.6000000000000005,A,mainline,True,False,201.0000000000004,30.0,1,accelerate,2.0,0.0,143.99999999999991,16.0,1,0,accelerate-maintain,-0.0843392014503479,0.003442831337451935,-0.22217510640621185,1,0.003442831337451935,-0.0843392014503479,0.08778203278779984,0.2256179377436638,"[true, true, true]",False,False,False,66015,0,e827f3a7c15be3cc0e8dad398a812438a042d5fbfc05ac4f148ca8e9393507fa,validation_003,0,2,993607744,4,54.98993123947656
33,6.6000000000000005,B,ramp,True,False,143.99999999999991,16.0,0,maintain,0.0,0.0,201.0000000000004,30.0,1,0,accelerate-maintain,0.09578337520360947,-0.15334643423557281,-0.15237395465373993,0,0.09578337520360947,-0.15237395465373993,0.2481573298573494,0.24912980943918228,"[true, true, true]",False,False,False,66015,0,e827f3a7c15be3cc0e8dad398a812438a042d5fbfc05ac4f148ca8e9393507fa,validation_003,0,2,993607744,4,54.98993123947656
34,6.800000000000001,A,mainline,True,False,207.0000000000004,30.0,1,accelerate,2.0,0.0,147.19999999999996,16.0,1,0,accelerate-maintain,-0.08113439381122589,0.0025213323533535004,-0.2258860319852829,1,0.0025213323533535004,-0.08113439381122589,0.08365572616457939,0.2284073643386364,"[true, true, true]",False,False,False,66015,0,e827f3a7c15be3cc0e8dad398a812438a042d5fbfc05ac4f148ca8e9393507fa,validation_003,0,2,993607744,4,57.789931239476516
34,6.800000000000001,B,ramp,True,False,147.19999999999996,16.0,0,maintain,0.0,0.0,207.0000000000004,30.0,1,0,accelerate-maintain,0.09458189457654953,-0.15546360611915588,-0.15418647229671478,0,0.09458189457654953,-0.15418647229671478,0.2487683668732643,0.2500455006957054,"[true, true, true]",False,False,False,66015,0,e827f3a7c15be3cc0e8dad398a812438a042d5fbfc05ac4f148ca8e9393507fa,validation_003,0,2,993607744,4,57.789931239476516
35,7.0,A,mainline,True,False,213.0000000000004,30.0,1,accelerate,2.0,0.0,150.4,16.0,1,0,accelerate-maintain,-0.078226737678051,0.0018749088048934937,-0.22954782843589783,1,0.0018749088048934937,-0.078226737678051,0.08010164648294449,0.23142273724079132,"[true, true, true]",False,False,False,66015,0,e827f3a7c15be3cc0e8dad398a812438a042d5fbfc05ac4f148ca8e9393507fa,validation_003,0,2,993607744,4,60.58993123947647
35,7.0,B,ramp,True,False,150.4,16.0,0,maintain,0.0,0.0,213.0000000000004,30.0,1,0,accelerate-maintain,0.09334012866020203,-0.15806153416633606,-0.15584006905555725,0,0.09334012866020203,-0.15584006905555725,0.24918019771575928,0.2514016628265381,"[true, true, true]",False,False,False,66015,0,e827f3a7c15be3cc0e8dad398a812438a042d5fbfc05ac4f148ca8e9393507fa,validation_003,0,2,993607744,4,60.58993123947647
36,7.2,A,mainline,True,False,219.0000000000004,30.0,1,accelerate,2.0,0.0,153.60000000000005,16.0,1,0,accelerate-maintain,-0.056052450090646744,-0.05105316638946533,-0.14993904531002045,1,-0.05105316638946533,-0.056052450090646744,0.004999283701181412,0.09888587892055511,"[true, true, true]",False,False,False,66015,0,e827f3a7c15be3cc0e8dad398a812438a042d5fbfc05ac4f148ca8e9393507fa,validation_003,0,2,993607744,4,63.389931239476425
36,7.2,B,ramp,True,False,153.60000000000005,16.0,0,maintain,0.0,0.0,219.0000000000004,30.0,1,0,accelerate-maintain,0.0561450757086277,-0.15553909540176392,-0.16223883628845215,0,0.0561450757086277,-0.15553909540176392,0.21168417111039162,0.21838391199707985,"[true, true, true]",False,False,False,66015,0,e827f3a7c15be3cc0e8dad398a812438a042d5fbfc05ac4f148ca8e9393507fa,validation_003,0,2,993607744,4,63.389931239476425
37,7.4,A,mainline,True,False,225.0000000000004,30.0,1,accelerate,2.0,0.0,156.8000000000001,16.0,1,0,accelerate-maintain,-0.055475879460573196,-0.05351582169532776,-0.1520131528377533,1,-0.05351582169532776,-0.055475879460573196,0.0019600577652454376,0.09849733114242554,"[true, true, true]",False,False,False,66015,0,e827f3a7c15be3cc0e8dad398a812438a042d5fbfc05ac4f148ca8e9393507fa,validation_003,0,2,993607744,4,66.18993123947638
37,7.4,B,ramp,True,False,156.8000000000001,16.0,0,maintain,0.0,0.0,225.0000000000004,30.0,1,0,accelerate-maintain,0.055063702166080475,-0.1543034017086029,-0.16393491625785828,0,0.055063702166080475,-0.1543034017086029,0.20936710387468338,0.21899861842393875,"[true, true, true]",False,False,False,66015,0,e827f3a7c15be3cc0e8dad398a812438a042d5fbfc05ac4f148ca8e9393507fa,validation_003,0,2,993607744,4,66.18993123947638
38,7.6000000000000005,A,mainline,True,False,231.0000000000004,30.0,0,maintain,2.0,0.0,160.00000000000014,16.0,0,0,maintain-maintain,-0.054097168147563934,-0.056338973343372345,-0.15388289093971252,0,-0.054097168147563934,-0.056338973343372345,0.0022418051958084106,0.09978572279214859,"[true, true, true]",False,False,False,66015,0,e827f3a7c15be3cc0e8dad398a812438a042d5fbfc05ac4f148ca8e9393507fa,validation_003,0,2,993607744,4,68.98993123947633
38,7.6000000000000005,B,ramp,True,False,160.00000000000014,16.0,0,maintain,0.0,0.0,231.0000000000004,30.0,0,0,maintain-maintain,0.05386849865317345,-0.15387845039367676,-0.16624414920806885,0,0.05386849865317345,-0.15387845039367676,0.2077469490468502,0.2201126478612423,"[true, true, true]",False,False,False,66015,0,e827f3a7c15be3cc0e8dad398a812438a042d5fbfc05ac4f148ca8e9393507fa,validation_003,0,2,993607744,4,68.98993123947633
39,7.800000000000001,A,mainline,True,False,237.0000000000004,30.0,0,maintain,0.0,0.0,163.2000000000002,16.0,0,0,maintain-maintain,-0.052330415695905685,-0.058540210127830505,-0.15571093559265137,0,-0.052330415695905685,-0.058540210127830505,0.00620979443192482,0.10338051989674568,"[true, true, true]",False,False,False,66015,0,e827f3a7c15be3cc0e8dad398a812438a042d5fbfc05ac4f148ca8e9393507fa,validation_003,0,2,993607744,4,71.78993123947629
39,7.800000000000001,B,ramp,True,False,163.2000000000002,16.0,0,maintain,0.0,0.0,237.0000000000004,30.0,0,0,maintain-maintain,0.05283834785223007,-0.15403351187705994,-0.16907526552677155,0,0.05283834785223007,-0.15403351187705994,0.20687185972929,0.22191361337900162,"[true, true, true]",False,False,False,66015,0,e827f3a7c15be3cc0e8dad398a812438a042d5fbfc05ac4f148ca8e9393507fa,validation_003,0,2,993607744,4,71.78993123947629
40,8.0,A,mainline,True,False,243.0000000000004,30.0,0,maintain,0.0,0.0,166.40000000000023,16.0,0,0,maintain-maintain,-0.05024174600839615,-0.0607263445854187,-0.1575063169002533,0,-0.05024174600839615,-0.0607263445854187,0.010484598577022552,0.10726457089185715,"[true, true, true]",False,False,False,66015,0,e827f3a7c15be3cc0e8dad398a812438a042d5fbfc05ac4f148ca8e9393507fa,validation_003,0,2,993607744,4,74.58993123947624
40,8.0,B,ramp,True,False,166.40000000000023,16.0,0,maintain,0.0,0.0,243.0000000000004,30.0,0,0,maintain-maintain,0.05211545154452324,-0.15410315990447998,-0.17261111736297607,0,0.05211545154452324,-0.15410315990447998,0.20621861144900322,0.2247265689074993,"[true, true, true]",False,False,False,66015,0,e827f3a7c15be3cc0e8dad398a812438a042d5fbfc05ac4f148ca8e9393507fa,validation_003,0,2,993607744,4,74.58993123947624
41,8.200000000000001,A,mainline,True,False,249.0000000000004,30.0,0,maintain,0.0,0.0,169.60000000000028,16.0,0,0,maintain-maintain,-0.04795100539922714,-0.06278197467327118,-0.15971460938453674,0,-0.04795100539922714,-0.06278197467327118,0.014830969274044037,0.1117636039853096,"[true, true, true]",False,False,False,66015,0,e827f3a7c15be3cc0e8dad398a812438a042d5fbfc05ac4f148ca8e9393507fa,validation_003,0,2,993607744,4,77.3899312394762
41,8.200000000000001,B,ramp,True,False,169.60000000000028,16.0,0,maintain,0.0,0.0,249.0000000000004,30.0,0,0,maintain-maintain,0.051346272230148315,-0.15488700568675995,-0.17625407874584198,0,0.051346272230148315,-0.15488700568675995,0.20623327791690826,0.2276003509759903,"[true, true, true]",False,False,False,66015,0,e827f3a7c15be3cc0e8dad398a812438a042d5fbfc05ac4f148ca8e9393507fa,validation_003,0,2,993607744,4,77.3899312394762
42,8.4,A,mainline,True,False,255.0000000000004,30.0,0,maintain,0.0,0.0,172.80000000000032,16.0,0,0,maintain-maintain,-0.0454888716340065,-0.0645960122346878,-0.1621389389038086,0,-0.0454888716340065,-0.0645960122346878,0.019107140600681305,0.1166500672698021,"[true, true, true]",False,False,False,66015,0,e827f3a7c15be3cc0e8dad398a812438a042d5fbfc05ac4f148ca8e9393507fa,validation_003,0,2,993607744,4,
42,8.4,B,ramp,True,False,172.80000000000032,16.0,0,maintain,0.0,0.0,255.0000000000004,30.0,0,0,maintain-maintain,0.05050435662269592,-0.15602776408195496,-0.1799316555261612,0,0.05050435662269592,-0.15602776408195496,0.20653212070465088,0.23043601214885712,"[true, true, true]",False,False,False,66015,0,e827f3a7c15be3cc0e8dad398a812438a042d5fbfc05ac4f148ca8e9393507fa,validation_003,0,2,993607744,4,
43,8.6,A,mainline,False,True,261.0000000000004,0.0,0,maintain,0.0,0.0,176.00000000000037,16.0,0,0,inactive-active,-0.026190392673015594,-0.03115949034690857,-0.19852721691131592,0,-0.026190392673015594,-0.03115949034690857,0.004969097673892975,0.17233682423830032,"[true, true, true]",False,False,False,66015,0,e827f3a7c15be3cc0e8dad398a812438a042d5fbfc05ac4f148ca8e9393507fa,validation_003,0,2,993607744,4,
43,8.6,B,ramp,True,False,176.00000000000037,16.0,0,maintain,0.0,0.0,261.0000000000004,0.0,0,0,inactive-active,0.0204627625644207,-0.07098247110843658,-0.09878621250391006,0,0.0204627625644207,-0.07098247110843658,0.09144523367285728,0.11924897506833076,"[true, true, true]",False,False,False,66015,0,e827f3a7c15be3cc0e8dad398a812438a042d5fbfc05ac4f148ca8e9393507fa,validation_003,0,2,993607744,4,
44,8.8,A,mainline,False,True,261.0000000000004,0.0,0,maintain,0.0,0.0,179.20000000000041,16.0,0,0,inactive-active,-0.02569560334086418,-0.030975662171840668,-0.19840151071548462,0,-0.02569560334086418,-0.030975662171840668,0.005280058830976486,0.17270590737462044,"[true, true, true]",False,False,False,66015,0,e827f3a7c15be3cc0e8dad398a812438a042d5fbfc05ac4f148ca8e9393507fa,validation_003,0,2,993607744,4,
44,8.8,B,ramp,True,False,179.20000000000041,16.0,0,maintain,0.0,0.0,261.0000000000004,0.0,0,0,inactive-active,0.02164124697446823,-0.07213068753480911,-0.09835129976272583,0,0.02164124697446823,-0.07213068753480911,0.09377193450927734,0.11999254673719406,"[true, true, true]",False,False,False,66015,0,e827f3a7c15be3cc0e8dad398a812438a042d5fbfc05ac4f148ca8e9393507fa,validation_003,0,2,993607744,4,
45,9.0,A,mainline,False,True,261.0000000000004,0.0,0,maintain,0.0,0.0,182.40000000000046,16.0,0,0,inactive-active,-0.025177599862217903,-0.03048025071620941,-0.19821099936962128,0,-0.025177599862217903,-0.03048025071620941,0.0053026508539915085,0.17303339950740337,"[true, true, true]",False,False,False,66015,0,e827f3a7c15be3cc0e8dad398a812438a042d5fbfc05ac4f148ca8e9393507fa,validation_003,0,2,993607744,4,
45,9.0,B,ramp,True,False,182.40000000000046,16.0,0,maintain,0.0,0.0,261.0000000000004,0.0,0,0,inactive-active,0.02300262451171875,-0.07295259088277817,-0.0975831001996994,0,0.02300262451171875,-0.07295259088277817,0.09595521539449692,0.12058572471141815,"[true, true, true]",False,False,False,66015,0,e827f3a7c15be3cc0e8dad398a812438a042d5fbfc05ac4f148ca8e9393507fa,validation_003,0,2,993607744,4,
46,9.200000000000001,A,mainline,False,True,261.0000000000004,0.0,0,maintain,0.0,0.0,185.6000000000005,16.0,0,0,inactive-active,-0.024645930156111717,-0.02988390624523163,-0.19799233973026276,0,-0.024645930156111717,-0.02988390624523163,0.005237976089119911,0.17334640957415104,"[true, true, true]",False,False,False,66015,0,e827f3a7c15be3cc0e8dad398a812438a042d5fbfc05ac4f148ca8e9393507fa,validation_003,0,2,993607744,4,
46,9.200000000000001,B,ramp,True,False,185.6000000000005,16.0,0,maintain,0.0,0.0,261.0000000000004,0.0,0,0,inactive-active,0.024426091462373734,-0.07368310540914536,-0.09669189155101776,0,0.024426091462373734,-0.07368310540914536,0.09810919687151909,0.1211179830133915,"[true, true, true]",False,False,False,66015,0,e827f3a7c15be3cc0e8dad398a812438a042d5fbfc05ac4f148ca8e9393507fa,validation_003,0,2,993607744,4,
47,9.4,A,mainline,False,True,261.0000000000004,0.0,0,maintain,0.0,0.0,188.80000000000055,16.0,0,0,inactive-active,-0.024231819435954094,-0.029200315475463867,-0.1977405548095703,0,-0.024231819435954094,-0.029200315475463867,0.004968496039509773,0.17350873537361622,"[true, true, true]",False,False,False,66015,0,e827f3a7c15be3cc0e8dad398a812438a042d5fbfc05ac4f148ca8e9393507fa,validation_003,0,2,993607744,4,
47,9.4,B,ramp,True,False,188.80000000000055,16.0,0,maintain,0.0,0.0,261.0000000000004,0.0,0,0,inactive-active,0.025846799835562706,-0.07436896860599518,-0.09578540176153183,0,0.025846799835562706,-0.07436896860599518,0.10021576844155788,0.12163220159709454,"[true, true, true]",False,False,False,66015,0,e827f3a7c15be3cc0e8dad398a812438a042d5fbfc05ac4f148ca8e9393507fa,validation_003,0,2,993607744,4,
48,9.600000000000001,A,mainline,False,True,261.0000000000004,0.0,0,maintain,0.0,0.0,192.0000000000006,16.0,0,0,inactive-active,-0.02397923544049263,-0.028382912278175354,-0.19747313857078552,0,-0.02397923544049263,-0.028382912278175354,0.004403676837682724,0.1734939031302929,"[true, true, true]",False,False,False,66015,0,e827f3a7c15be3cc0e8dad398a812438a042d5fbfc05ac4f148ca8e9393507fa,validation_003,0,2,993607744,4,
48,9.600000000000001,B,ramp,True,False,192.0000000000006,16.0,0,maintain,0.0,0.0,261.0000000000004,0.0,0,0,inactive-active,0.027148891240358353,-0.07515764236450195,-0.0947365015745163,0,0.027148891240358353,-0.07515764236450195,0.1023065336048603,0.12188539281487465,"[true, true, true]",False,False,False,66015,0,e827f3a7c15be3cc0e8dad398a812438a042d5fbfc05ac4f148ca8e9393507fa,validation_003,0,2,993607744,4,
49,9.8,A,mainline,False,True,261.0000000000004,0.0,0,maintain,0.0,0.0,195.20000000000064,16.0,0,0,inactive-active,-0.023454029113054276,-0.027511723339557648,-0.1974763721227646,0,-0.023454029113054276,-0.027511723339557648,0.004057694226503372,0.1740223430097103,"[true, true, true]",False,False,False,66015,0,e827f3a7c15be3cc0e8dad398a812438a042d5fbfc05ac4f148ca8e9393507fa,validation_003,0,2,993607744,4,
49,9.8,B,ramp,True,False,195.20000000000064,16.0,0,maintain,0.0,0.0,261.0000000000004,0.0,0,0,inactive-active,0.028182663023471832,-0.07627467811107635,-0.09395880252122879,0,0.028182663023471832,-0.07627467811107635,0.10445734113454819,0.12214146554470062,"[true, true, true]",False,False,False,66015,0,e827f3a7c15be3cc0e8dad398a812438a042d5fbfc05ac4f148ca8e9393507fa,validation_003,0,2,993607744,4,
50,10.0,A,mainline,False,True,261.0000000000004,0.0,0,maintain,0.0,0.0,198.4000000000007,16.0,0,0,inactive-active,-0.022745948284864426,-0.02660457044839859,-0.19766104221343994,0,-0.022745948284864426,-0.02660457044839859,0.0038586221635341644,0.17491509392857552,"[true, true, true]",False,False,False,66015,0,e827f3a7c15be3cc0e8dad398a812438a042d5fbfc05ac4f148ca8e9393507fa,validation_003,0,2,993607744,4,
50,10.0,B,ramp,True,False,198.4000000000007,16.0,0,maintain,0.0,0.0,261.0000000000004,0.0,0,0,inactive-active,0.028857920318841934,-0.07779093086719513,-0.0933326855301857,0,0.028857920318841934,-0.07779093086719513,0.10664885118603706,0.12219060584902763,"[true, true, true]",False,False,False,66015,0,e827f3a7c15be3cc0e8dad398a812438a042d5fbfc05ac4f148ca8e9393507fa,validation_003,0,2,993607744,4,
51,10.200000000000001,A,mainline,False,True,261.0000000000004,0.0,0,maintain,0.0,0.0,201.60000000000073,16.0,0,0,inactive-active,-0.022036680951714516,-0.025697752833366394,-0.19784605503082275,0,-0.022036680951714516,-0.025697752833366394,0.0036610718816518784,0.17580937407910824,"[true, true, true]",False,False,False,66015,0,e827f3a7c15be3cc0e8dad398a812438a042d5fbfc05ac4f148ca8e9393507fa,validation_003,0,2,993607744,4,
51,10.200000000000001,B,ramp,True,False,201.60000000000073,16.0,0,maintain,0.0,0.0,261.0000000000004,0.0,0,0,inactive-active,0.029510676860809326,-0.07932470738887787,-0.09265982359647751,0,0.029510676860809326,-0.07932470738887787,0.1088353842496872,0.12217050045728683,"[true, true, true]",False,False,False,66015,0,e827f3a7c15be3cc0e8dad398a812438a042d5fbfc05ac4f148ca8e9393507fa,validation_003,0,2,993607744,4,
52,10.4,A,mainline,False,True,261.0000000000004,0.0,0,maintain,0.0,0.0,204.80000000000078,16.0,0,0,inactive-active,-0.021372975781559944,-0.02470632642507553,-0.19798751175403595,0,-0.021372975781559944,-0.02470632642507553,0.003333350643515587,0.176614535972476,"[true, true, true]",False,False,False,66015,0,e827f3a7c15be3cc0e8dad398a812438a042d5fbfc05ac4f148ca8e9393507fa,validation_003,0,2,993607744,4,
52,10.4,B,ramp,True,False,204.80000000000078,16.0,0,maintain,0.0,0.0,261.0000000000004,0.0,0,0,inactive-active,0.030164089053869247,-0.08085955679416656,-0.09198561310768127,0,0.030164089053869247,-0.08085955679416656,0.11102364584803581,0.12214970216155052,"[true, true, true]",False,False,False,66015,0,e827f3a7c15be3cc0e8dad398a812438a042d5fbfc05ac4f148ca8e9393507fa,validation_003,0,2,993607744,4,
53,10.600000000000001,A,mainline,False,True,261.0000000000004,0.0,0,maintain,0.0,0.0,208.00000000000082,16.0,0,0,inactive-active,-0.020771069452166557,-0.0237482488155365,-0.1981523036956787,0,-0.020771069452166557,-0.0237482488155365,0.0029771793633699417,0.17738123424351215,"[true, true, true]",False,False,False,66015,0,e827f3a7c15be3cc0e8dad398a812438a042d5fbfc05ac4f148ca8e9393507fa,validation_003,0,2,993607744,4,
53,10.600000000000001,B,ramp,True,False,208.00000000000082,16.0,0,maintain,0.0,0.0,261.0000000000004,0.0,0,0,inactive-active,0.030735576525330544,-0.08240347355604172,-0.09140440821647644,0,0.030735576525330544,-0.08240347355604172,0.11313905008137226,0.12213998474180698,"[true, true, true]",False,False,False,66015,0,e827f3a7c15be3cc0e8dad398a812438a042d5fbfc05ac4f148ca8e9393507fa,validation_003,0,2,993607744,4,
54,10.8,A,mainline,False,True,261.0000000000004,0.0,0,maintain,0.0,0.0,211.20000000000087,16.0,0,0,inactive-active,-0.020087476819753647,-0.02259877324104309,-0.19844794273376465,0,-0.020087476819753647,-0.02259877324104309,0.002511296421289444,0.178360465914011,"[true, true, true]",False,False,False,66015,0,e827f3a7c15be3cc0e8dad398a812438a042d5fbfc05ac4f148ca8e9393507fa,validation_003,0,2,993607744,4,
54,10.8,B,ramp,True,False,211.20000000000087,16.0,0,maintain,0.0,0.0,261.0000000000004,0.0,0,0,inactive-active,0.031103700399398804,-0.08389349281787872,-0.09100131690502167,0,0.031103700399398804,-0.08389349281787872,0.11499719321727753,0.12210501730442047,"[true, true, true]",False,False,False,66015,0,e827f3a7c15be3cc0e8dad398a812438a042d5fbfc05ac4f148ca8e9393507fa,validation_003,0,2,993607744,4,
55,11.0,A,mainline,False,True,261.0000000000004,0.0,0,maintain,0.0,0.0,214.40000000000092,16.0,0,0,inactive-active,-0.019566791132092476,-0.021571457386016846,-0.19860133528709412,0,-0.019566791132092476,-0.021571457386016846,0.00200466625392437,0.17903454415500164,"[true, true, true]",False,False,False,66015,0,e827f3a7c15be3cc0e8dad398a812438a042d5fbfc05ac4f148ca8e9393507fa,validation_003,0,2,993607744,4,
55,11.0,B,ramp,True,False,214.40000000000092,16.0,0,maintain,0.0,0.0,261.0000000000004,0.0,0,0,inactive-active,0.03141433000564575,-0.08523523807525635,-0.09073030948638916,0,0.03141433000564575,-0.08523523807525635,0.1166495680809021,0.12214463949203491,"[true, true, true]",False,False,False,66015,0,e827f3a7c15be3cc0e8dad398a812438a042d5fbfc05ac4f148ca8e9393507fa,validation_003,0,2,993607744,4,
56,11.200000000000001,A,mainline,False,True,261.0000000000004,0.0,0,maintain,0.0,0.0,217.60000000000096,16.0,0,0,inactive-active,-0.0190214104950428,-0.02032417058944702,-0.1982998549938202,0,-0.0190214104950428,-0.02032417058944702,0.0013027600944042206,0.1792784444987774,"[true, true, true]",False,False,False,66015,0,e827f3a7c15be3cc0e8dad398a812438a042d5fbfc05ac4f148ca8e9393507fa,validation_003,0,2,993607744,4,
56,11.200000000000001,B,ramp,True,False,217.60000000000096,16.0,0,maintain,0.0,0.0,261.0000000000004,0.0,0,0,inactive-active,0.03159710019826889,-0.08629591017961502,-0.0902477279305458,0,0.03159710019826889,-0.08629591017961502,0.11789301037788391,0.1218448281288147,"[true, true, true]",False,False,False,66015,0,e827f3a7c15be3cc0e8dad398a812438a042d5fbfc05ac4f148ca8e9393507fa,validation_003,0,2,993607744,4,
57,11.4,A,mainline,False,True,261.0000000000004,0.0,0,maintain,0.0,0.0,220.800000000001,16.0,0,0,inactive-active,-0.018240727484226227,-0.0185445174574852,-0.1977447271347046,0,-0.018240727484226227,-0.0185445174574852,0.00030378997325897217,0.17950399965047836,"[true, true, true]",False,False,False,66015,0,e827f3a7c15be3cc0e8dad398a812438a042d5fbfc05ac4f148ca8e9393507fa,validation_003,0,2,993607744,4,
57,11.4,B,ramp,True,False,220.800000000001,16.0,0,maintain,0.0,0.0,261.0000000000004,0.0,0,0,inactive-active,0.031745173037052155,-0.08729803562164307,-0.08971410244703293,0,0.031745173037052155,-0.08729803562164307,0.11904320865869522,0.12145927548408508,"[true, true, true]",False,False,False,66015,0,e827f3a7c15be3cc0e8dad398a812438a042d5fbfc05ac4f148ca8e9393507fa,validation_003,0,2,993607744,4,
58,11.600000000000001,A,mainline,False,True,261.0000000000004,0.0,0,maintain,0.0,0.0,224.00000000000105,16.0,0,0,inactive-active,-0.01723008044064045,-0.01660558581352234,-0.19749383628368378,1,-0.01660558581352234,-0.01723008044064045,0.0006244946271181107,0.18088825047016144,"[true, true, true]",False,False,False,66015,0,e827f3a7c15be3cc0e8dad398a812438a042d5fbfc05ac4f148ca8e9393507fa,validation_003,0,2,993607744,4,
58,11.600000000000001,B,ramp,True,False,224.00000000000105,16.0,0,maintain,0.0,0.0,261.0000000000004,0.0,0,0,inactive-active,0.031893517822027206,-0.08830249309539795,-0.08917880803346634,0,0.031893517822027206,-0.08830249309539795,0.12019601091742516,0.12107232585549355,"[true, true, true]",False,False,False,66015,0,e827f3a7c15be3cc0e8dad398a812438a042d5fbfc05ac4f148ca8e9393507fa,validation_003,0,2,993607744,4,
59,11.8,A,mainline,False,True,261.0000000000004,0.0,0,maintain,0.0,0.0,227.2000000000011,16.0,0,0,inactive-active,-0.016207339242100716,-0.014681868255138397,-0.19730764627456665,1,-0.014681868255138397,-0.016207339242100716,0.0015254709869623184,0.18262577801942825,"[true, true, true]",False,False,False,66015,0,e827f3a7c15be3cc0e8dad398a812438a042d5fbfc05ac4f148ca8e9393507fa,validation_003,0,2,993607744,4,
59,11.8,B,ramp,True,False,227.2000000000011,16.0,0,maintain,0.0,0.0,261.0000000000004,0.0,0,0,inactive-active,0.032123416662216187,-0.08926662057638168,-0.08861410617828369,0,0.032123416662216187,-0.08861410617828369,0.12073752284049988,0.12139003723859787,"[true, true, true]",False,False,False,66015,0,e827f3a7c15be3cc0e8dad398a812438a042d5fbfc05ac4f148ca8e9393507fa,validation_003,0,2,993607744,4,
60,12.0,A,mainline,False,True,261.0000000000004,0.0,0,maintain,0.0,0.0,230.40000000000114,16.0,0,0,inactive-active,-0.015281489118933678,-0.012624025344848633,-0.1969032883644104,1,-0.012624025344848633,-0.015281489118933678,0.002657463774085045,0.18427926301956177,"[true, true, true]",False,False,False,66015,0,e827f3a7c15be3cc0e8dad398a812438a042d5fbfc05ac4f148ca8e9393507fa,validation_003,0,2,993607744,4,
60,12.0,B,ramp,True,False,230.40000000000114,16.0,0,maintain,0.0,0.0,261.0000000000004,0.0,0,0,inactive-active,0.03229472041130066,-0.09002147614955902,-0.08794582635164261,0,0.03229472041130066,-0.08794582635164261,0.12024054676294327,0.12231619656085968,"[true, true, true]",False,False,False,66015,0,e827f3a7c15be3cc0e8dad398a812438a042d5fbfc05ac4f148ca8e9393507fa,validation_003,0,2,993607744,4,
61,12.200000000000001,A,mainline,False,True,261.0000000000004,0.0,0,maintain,0.0,0.0,233.6000000000012,16.0,0,0,inactive-active,-0.014363346621394157,-0.010555088520050049,-0.1964823603630066,1,-0.010555088520050049,-0.014363346621394157,0.0038082581013441086,0.18592727184295654,"[true, true, true]",False,False,False,66015,0,e827f3a7c15be3cc0e8dad398a812438a042d5fbfc05ac4f148ca8e9393507fa,validation_003,0,2,993607744,4,
61,12.200000000000001,B,ramp,True,False,233.6000000000012,16.0,0,maintain,0.0,0.0,261.0000000000004,0.0,0,0,inactive-active,0.03246649354696274,-0.09077899158000946,-0.08727594465017319,0,0.03246649354696274,-0.08727594465017319,0.11974243819713593,0.1232454851269722,"[true, true, true]",False,False,False,66015,0,e827f3a7c15be3cc0e8dad398a812438a042d5fbfc05ac4f148ca8e9393507fa,validation_003,0,2,993607744,4,
62,12.4,A,mainline,False,True,261.0000000000004,0.0,0,maintain,0.0,0.0,236.80000000000123,16.0,0,0,inactive-active,-0.013445300981402397,-0.008492916822433472,-0.19606848061084747,1,-0.008492916822433472,-0.013445300981402397,0.0049523841589689255,0.187575563788414,"[true, true, true]",False,False,False,66015,0,e827f3a7c15be3cc0e8dad398a812438a042d5fbfc05ac4f148ca8e9393507fa,validation_003,0,2,993607744,4,
62,12.4,B,ramp,True,False,236.80000000000123,16.0,0,maintain,0.0,0.0,261.0000000000004,0.0,0,0,inactive-active,0.032638728618621826,-0.09153921157121658,-0.08660446107387543,0,0.032638728618621826,-0.08660446107387543,0.11924318969249725,0.12417794018983841,"[true, true, true]",False,False,False,66015,0,e827f3a7c15be3cc0e8dad398a812438a042d5fbfc05ac4f148ca8e9393507fa,validation_003,0,2,993607744,4,
63,12.600000000000001,A,mainline,False,True,261.0000000000004,0.0,0,maintain,0.0,0.0,240.00000000000128,16.0,0,0,inactive-active,-0.012526784092187881,-0.006516501307487488,-0.19573000073432922,1,-0.006516501307487488,-0.012526784092187881,0.006010282784700394,0.18921349942684174,"[true, true, true]",False,False,False,66015,0,e827f3a7c15be3cc0e8dad398a812438a042d5fbfc05ac4f148ca8e9393507fa,validation_003,0,2,993607744,4,
63,12.600000000000001,B,ramp,True,False,240.00000000000128,16.0,0,maintain,0.0,0.0,261.0000000000004,0.0,0,0,inactive-active,0.03280897065997124,-0.09231233596801758,-0.08589621633291245,0,0.03280897065997124,-0.08589621633291245,0.11870518699288368,0.12512130662798882,"[true, true, true]",False,False,False,66015,0,e827f3a7c15be3cc0e8dad398a812438a042d5fbfc05ac4f148ca8e9393507fa,validation_003,0,2,993607744,4,
64,12.8,A,mainline,False,True,261.0000000000004,0.0,0,maintain,0.0,0.0,243.20000000000132,16.0,0,0,inactive-active,-0.011906707659363747,-0.004623323678970337,-0.19532977044582367,1,-0.004623323678970337,-0.011906707659363747,0.00728338398039341,0.19070644676685333,"[true, true, true]",False,False,False,66015,0,e827f3a7c15be3cc0e8dad398a812438a042d5fbfc05ac4f148ca8e9393507fa,validation_003,0,2,993607744,4,
64,12.8,B,ramp,True,False,243.20000000000132,16.0,0,maintain,0.0,0.0,261.0000000000004,0.0,0,0,inactive-active,0.0329761877655983,-0.09310251474380493,-0.08513693511486053,0,0.0329761877655983,-0.08513693511486053,0.11811312288045883,0.12607870250940323,"[true, true, true]",False,False,False,66015,0,e827f3a7c15be3cc0e8dad398a812438a042d5fbfc05ac4f148ca8e9393507fa,validation_003,0,2,993607744,4,
65,13.0,A,mainline,False,True,261.0000000000004,0.0,0,maintain,0.0,0.0,246.40000000000137,16.0,0,0,inactive-active,-0.01148679107427597,-0.002785623073577881,-0.19488836824893951,1,-0.002785623073577881,-0.01148679107427597,0.00870116800069809,0.19210274517536163,"[true, true, true]",False,False,False,66015,0,e827f3a7c15be3cc0e8dad398a812438a042d5fbfc05ac4f148ca8e9393507fa,validation_003,0,2,993607744,4,
65,13.0,B,ramp,True,False,246.40000000000137,16.0,0,maintain,0.0,0.0,261.0000000000004,0.0,0,0,inactive-active,0.03326510265469551,-0.09377437829971313,-0.08423584699630737,0,0.03326510265469551,-0.08423584699630737,0.11750094965100288,0.12703948095440865,"[true, true, true]",False,False,False,66015,0,e827f3a7c15be3cc0e8dad398a812438a042d5fbfc05ac4f148ca8e9393507fa,validation_003,0,2,993607744,4,
66,13.200000000000001,A,mainline,False,True,261.0000000000004,0.0,0,maintain,0.0,0.0,249.60000000000142,16.0,0,0,inactive-active,-0.011131379753351212,-0.0009733103215694427,-0.19451946020126343,1,-0.0009733103215694427,-0.011131379753351212,0.010158069431781769,0.19354614987969398,"[true, true, true]",False,False,False,66015,0,e827f3a7c15be3cc0e8dad398a812438a042d5fbfc05ac4f148ca8e9393507fa,validation_003,0,2,993607744,4,
66,13.200000000000001,B,ramp,True,False,249.60000000000142,16.0,0,maintain,0.0,0.0,261.0000000000004,0.0,0,0,inactive-active,0.033584244549274445,-0.0944192185997963,-0.08329875767230988,0,0.033584244549274445,-0.08329875767230988,0.11688300222158432,0.12800346314907074,"[true, true, true]",False,False,False,66015,0,e827f3a7c15be3cc0e8dad398a812438a042d5fbfc05ac4f148ca8e9393507fa,validation_003,0,2,993607744,4,
67,13.4,A,mainline,False,True,261.0000000000004,0.0,0,maintain,0.0,0.0,252.80000000000146,16.0,0,0,inactive-active,-0.010869363322854042,0.0008018501102924347,-0.19425556063652039,1,0.0008018501102924347,-0.010869363322854042,0.011671213433146477,0.19505741074681282,"[true, true, true]",False,False,False,66015,0,e827f3a7c15be3cc0e8dad398a812438a042d5fbfc05ac4f148ca8e9393507fa,validation_003,0,2,993607744,4,
67,13.4,B,ramp,True,False,252.80000000000146,16.0,0,maintain,0.0,0.0,261.0000000000004,0.0,0,0,inactive-active,0.03398241847753525,-0.09511030465364456,-0.08227033913135529,0,0.03398241847753525,-0.08227033913135529,0.11625275760889053,0.1290927231311798,"[true, true, true]",False,False,False,66015,0,e827f3a7c15be3cc0e8dad398a812438a042d5fbfc05ac4f148ca8e9393507fa,validation_003,0,2,993607744,4,
68,13.600000000000001,A,mainline,False,True,261.0000000000004,0.0,0,maintain,0.0,0.0,256.0000000000015,16.0,0,0,inactive-active,-0.010678660124540329,0.0026319660246372223,-0.19387981295585632,1,0.0026319660246372223,-0.010678660124540329,0.013310626149177551,0.19651177898049355,"[true, true, true]",False,False,False,66015,0,e827f3a7c15be3cc0e8dad398a812438a042d5fbfc05ac4f148ca8e9393507fa,validation_003,0,2,993607744,4,
68,13.600000000000001,B,ramp,True,False,256.0000000000015,16.0,0,maintain,0.0,0.0,261.0000000000004,0.0,0,0,inactive-active,0.03458723798394203,-0.09591903537511826,-0.081004798412323,0,0.03458723798394203,-0.081004798412323,0.11559203639626503,0.1305062733590603,"[true, true, true]",False,False,False,66015,0,e827f3a7c15be3cc0e8dad398a812438a042d5fbfc05ac4f148ca8e9393507fa,validation_003,0,2,993607744,4,
69,13.8,A,mainline,False,True,261.0000000000004,0.0,0,maintain,0.0,0.0,259.2000000000015,16.0,0,0,inactive-active,-0.010550152510404587,0.004510045051574707,-0.19340676069259644,1,0.004510045051574707,-0.010550152510404587,0.015060197561979294,0.19791680574417114,"[true, true, true]",False,True,False,66015,0,e827f3a7c15be3cc0e8dad398a812438a042d5fbfc05ac4f148ca8e9393507fa,validation_003,0,2,993607744,4,
69,13.8,B,ramp,True,False,259.2000000000015,16.0,0,maintain,0.0,0.0,261.0000000000004,0.0,0,0,inactive-active,0.035297684371471405,-0.09708135575056076,-0.07987722754478455,0,0.035297684371471405,-0.07987722754478455,0.11517491191625595,0.13237904012203217,"[true, true, true]",False,True,False,66015,0,e827f3a7c15be3cc0e8dad398a812438a042d5fbfc05ac4f148ca8e9393507fa,validation_003,0,2,993607744,4,
0,0.0,A,ramp,True,False,38.4,16.0,1,accelerate,0.0,2.0000000000000284,28.0,20.0,1,0,accelerate-maintain,-0.04417021945118904,0.06511010229587555,-0.11083923280239105,1,0.06511010229587555,-0.04417021945118904,0.10928032174706459,0.1759493350982666,"[true, true, true]",False,False,False,66015,0,e827f3a7c15be3cc0e8dad398a812438a042d5fbfc05ac4f148ca8e9393507fa,validation_003,1,2,993607744,5,
0,0.0,B,mainline,True,False,28.0,20.0,0,maintain,0.0,0.0,38.4,16.0,1,0,accelerate-maintain,0.024028226733207703,-0.1375427544116974,-0.11968830972909927,0,0.024028226733207703,-0.11968830972909927,0.14371653646230698,0.1615709811449051,"[true, true, true]",False,False,False,66015,0,e827f3a7c15be3cc0e8dad398a812438a042d5fbfc05ac4f148ca8e9393507fa,validation_003,1,2,993607744,5,
1,0.2,A,ramp,True,False,41.64,16.400000000000006,1,accelerate,2.0,2.0000000000000284,32.0,20.0,1,0,accelerate-maintain,-0.04531395807862282,0.06619499623775482,-0.11098432540893555,1,0.06619499623775482,-0.04531395807862282,0.11150895431637764,0.17717932164669037,"[true, true, true]",False,False,False,66015,0,e827f3a7c15be3cc0e8dad398a812438a042d5fbfc05ac4f148ca8e9393507fa,validation_003,1,2,993607744,5,
1,0.2,B,mainline,True,False,32.0,20.0,0,maintain,0.0,0.0,41.64,16.400000000000006,1,0,accelerate-maintain,0.02380910888314247,-0.13666808605194092,-0.1174042671918869,0,0.02380910888314247,-0.1174042671918869,0.14121337607502937,0.1604771949350834,"[true, true, true]",False,False,False,66015,0,e827f3a7c15be3cc0e8dad398a812438a042d5fbfc05ac4f148ca8e9393507fa,validation_003,1,2,993607744,5,
2,0.4,A,ramp,True,False,44.96,16.80000000000001,1,accelerate,2.0,2.0000000000000284,36.0,20.0,1,0,accelerate-maintain,-0.046222344040870667,0.06723455339670181,-0.1112280860543251,1,0.06723455339670181,-0.046222344040870667,0.11345689743757248,0.17846263945102692,"[true, true, true]",False,False,False,66015,0,e827f3a7c15be3cc0e8dad398a812438a042d5fbfc05ac4f148ca8e9393507fa,validation_003,1,2,993607744,5,
2,0.4,B,mainline,True,False,36.0,20.0,0,maintain,0.0,0.0,44.96,16.80000000000001,1,0,accelerate-maintain,0.023833513259887695,-0.13543060421943665,-0.11546848714351654,0,0.023833513259887695,-0.11546848714351654,0.13930200040340424,0.15926411747932434,"[true, true, true]",False,False,False,66015,0,e827f3a7c15be3cc0e8dad398a812438a042d5fbfc05ac4f148ca8e9393507fa,validation_003,1,2,993607744,5,
3,0.6000000000000001,A,ramp,True,False,48.36000000000001,17.200000000000017,1,accelerate,2.0,2.0000000000000284,40.0,20.0,1,0,accelerate-maintain,-0.046998362988233566,0.0682695284485817,-0.11154787987470627,1,0.0682695284485817,-0.046998362988233566,0.11526789143681526,0.17981740832328796,"[true, true, true]",False,False,False,66015,0,e827f3a7c15be3cc0e8dad398a812438a042d5fbfc05ac4f148ca8e9393507fa,validation_003,1,2,993607744,5,
3,0.6000000000000001,B,mainline,True,False,40.0,20.0,0,maintain,0.0,0.0,48.36000000000001,17.200000000000017,1,0,accelerate-maintain,0.02415347844362259,-0.1338428109884262,-0.11376696079969406,0,0.02415347844362259,-0.11376696079969406,0.13792043924331665,0.1579962894320488,"[true, true, true]",False,False,False,66015,0,e827f3a7c15be3cc0e8dad398a812438a042d5fbfc05ac4f148ca8e9393507fa,validation_003,1,2,993607744,5,
4,0.8,A,ramp,True,False,51.84000000000001,17.600000000000023,1,accelerate,2.0,2.0000000000000284,44.0,20.0,1,0,accelerate-maintain,-0.04761921614408493,0.06958402693271637,-0.11211070418357849,1,0.06958402693271637,-0.04761921614408493,0.1172032430768013,0.18169473111629486,"[true, true, true]",False,False,False,66015,0,e827f3a7c15be3cc0e8dad398a812438a042d5fbfc05ac4f148ca8e9393507fa,validation_003,1,2,993607744,5,
4,0.8,B,mainline,True,False,44.0,20.0,0,maintain,0.0,0.0,51.84000000000001,17.600000000000023,1,0,accelerate-maintain,0.02457483485341072,-0.13207590579986572,-0.11225861310958862,0,0.02457483485341072,-0.11225861310958862,0.13683344796299934,0.15665074065327644,"[true, true, true]",False,False,False,66015,0,e827f3a7c15be3cc0e8dad398a812438a042d5fbfc05ac4f148ca8e9393507fa,validation_003,1,2,993607744,5,
5,1.0,A,ramp,True,False,55.40000000000001,18.00000000000003,1,accelerate,2.0,2.0000000000000284,48.0,20.0,1,0,accelerate-maintain,-0.04792314022779465,0.07119777798652649,-0.11299064755439758,1,0.07119777798652649,-0.04792314022779465,0.11912091821432114,0.18418842554092407,"[true, true, true]",False,False,False,66015,0,e827f3a7c15be3cc0e8dad398a812438a042d5fbfc05ac4f148ca8e9393507fa,validation_003,1,2,993607744,5,
5,1.0,B,mainline,True,False,48.0,20.0,0,maintain,0.0,0.0,55.40000000000001,18.00000000000003,1,0,accelerate-maintain,0.025224938988685608,-0.13015151023864746,-0.11069503426551819,0,0.025224938988685608,-0.11069503426551819,0.1359199732542038,0.15537644922733307,"[true, true, true]",False,False,False,66015,0,e827f3a7c15be3cc0e8dad398a812438a042d5fbfc05ac4f148ca8e9393507fa,validation_003,1,2,993607744,5,
6,1.2000000000000002,A,ramp,True,False,59.04000000000002,18.400000000000034,1,accelerate,2.0,2.0000000000000284,52.0,20.0,1,0,accelerate-maintain,-0.048163462430238724,0.07278500497341156,-0.11390213668346405,1,0.07278500497341156,-0.048163462430238724,0.12094846740365028,0.1866871416568756,"[true, true, true]",False,False,False,66015,0,e827f3a7c15be3cc0e8dad398a812438a042d5fbfc05ac4f148ca8e9393507fa,validation_003,1,2,993607744,5,
6,1.2000000000000002,B,mainline,True,False,52.0,20.0,0,maintain,0.0,0.0,59.04000000000002,18.400000000000034,1,0,accelerate-maintain,0.026206497102975845,-0.1279229372739792,-0.10874628275632858,0,0.026206497102975845,-0.10874628275632858,0.13495277985930443,0.15412943437695503,"[true, true, true]",False,False,False,66015,0,e827f3a7c15be3cc0e8dad398a812438a042d5fbfc05ac4f148ca8e9393507fa,validation_003,1,2,993607744,5,
7,1.4000000000000001,A,ramp,True,False,62.760000000000026,18.80000000000004,1,accelerate,2.0,2.0000000000000284,56.0,20.0,1,0,accelerate-maintain,-0.0479261577129364,0.07439425587654114,-0.11560412496328354,1,0.07439425587654114,-0.0479261577129364,0.12232041358947754,0.18999838083982468,"[true, true, true]",False,False,False,66015,0,e827f3a7c15be3cc0e8dad398a812438a042d5fbfc05ac4f148ca8e9393507fa,validation_003,1,2,993607744,5,
7,1.4000000000000001,B,mainline,True,False,56.0,20.0,0,maintain,0.0,0.0,62.760000000000026,18.80000000000004,1,0,accelerate-maintain,0.027006030082702637,-0.12602445483207703,-0.10736153274774551,0,0.027006030082702637,-0.10736153274774551,0.13436756283044815,0.15303048491477966,"[true, true, true]",False,False,False,66015,0,e827f3a7c15be3cc0e8dad398a812438a042d5fbfc05ac4f148ca8e9393507fa,validation_003,1,2,993607744,5,
8,1.6,A,ramp,True,False,66.56000000000003,19.200000000000045,1,accelerate,2.0,2.0000000000000284,60.0,20.0,1,0,accelerate-maintain,-0.047492727637290955,0.07587172091007233,-0.11795737594366074,1,0.07587172091007233,-0.047492727637290955,0.12336444854736328,0.19382909685373306,"[true, true, true]",False,False,False,66015,0,e827f3a7c15be3cc0e8dad398a812438a042d5fbfc05ac4f148ca8e9393507fa,validation_003,1,2,993607744,5,
8,1.6,B,mainline,True,False,60.0,20.0,0,maintain,0.0,0.0,66.56000000000003,19.200000000000045,1,0,accelerate-maintain,0.02747901901602745,-0.12393632531166077,-0.10652486979961395,0,0.02747901901602745,-0.10652486979961395,0.1340038888156414,0.15141534432768822,"[true, true, true]",False,False,False,66015,0,e827f3a7c15be3cc0e8dad398a812438a042d5fbfc05ac4f148ca8e9393507fa,validation_003,1,2,993607744,5,
9,1.8,A,ramp,True,False,70.44000000000004,19.60000000000005,1,accelerate,2.0,2.0000000000000284,64.0,20.0,1,0,accelerate-maintain,-0.04659692943096161,0.07730673253536224,-0.11935725063085556,1,0.07730673253536224,-0.04659692943096161,0.12390366196632385,0.1966639831662178,"[true, true, true]",False,False,False,66015,0,e827f3a7c15be3cc0e8dad398a812438a042d5fbfc05ac4f148ca8e9393507fa,validation_003,1,2,993607744,5,
9,1.8,B,mainline,True,False,64.0,20.0,0,maintain,0.0,0.0,70.44000000000004,19.60000000000005,1,0,accelerate-maintain,0.028756897896528244,-0.12024842947721481,-0.10533946752548218,0,0.028756897896528244,-0.10533946752548218,0.13409636542201042,0.14900532737374306,"[true, true, true]",False,False,False,66015,0,e827f3a7c15be3cc0e8dad398a812438a042d5fbfc05ac4f148ca8e9393507fa,validation_003,1,2,993607744,5,
10,2.0,A,ramp,True,False,74.40000000000005,20.000000000000057,1,accelerate,2.0,2.0000000000000284,68.0,20.0,1,0,accelerate-maintain,-0.04467138648033142,0.07766883075237274,-0.12082397937774658,1,0.07766883075237274,-0.04467138648033142,0.12234021723270416,0.19849281013011932,"[true, true, true]",False,False,False,66015,0,e827f3a7c15be3cc0e8dad398a812438a042d5fbfc05ac4f148ca8e9393507fa,validation_003,1,2,993607744,5,
10,2.0,B,mainline,True,False,68.0,20.0,0,maintain,0.0,0.0,74.40000000000005,20.000000000000057,1,0,accelerate-maintain,0.0288473479449749,-0.11718343943357468,-0.10437066107988358,0,0.0288473479449749,-0.10437066107988358,0.13321800902485847,0.14603078737854958,"[true, true, true]",False,False,False,66015,0,e827f3a7c15be3cc0e8dad398a812438a042d5fbfc05ac4f148ca8e9393507fa,validation_003,1,2,993607744,5,
11,2.2,A,ramp,True,False,78.44000000000005,20.400000000000063,1,accelerate,2.0,2.0000000000000284,72.0,20.0,1,0,accelerate-maintain,-0.04269549623131752,0.07799220085144043,-0.12232951819896698,1,0.07799220085144043,-0.04269549623131752,0.12068769708275795,0.2003217190504074,"[true, true, true]",False,False,False,66015,0,e827f3a7c15be3cc0e8dad398a812438a042d5fbfc05ac4f148ca8e9393507fa,validation_003,1,2,993607744,5,
11,2.2,B,mainline,True,False,72.0,20.0,0,maintain,0.0,0.0,78.44000000000005,20.400000000000063,1,0,accelerate-maintain,0.029245765879750252,-0.11587804555892944,-0.10421326756477356,0,0.029245765879750252,-0.10421326756477356,0.1334590334445238,0.1451238114386797,"[true, true, true]",False,False,False,66015,0,e827f3a7c15be3cc0e8dad398a812438a042d5fbfc05ac4f148ca8e9393507fa,validation_003,1,2,993607744,5,
12,2.4000000000000004,A,ramp,True,False,82.56000000000007,20.800000000000068,1,accelerate,2.0,2.0000000000000284,76.0,20.0,1,0,accelerate-maintain,-0.04094679653644562,0.07824277132749557,-0.12389543652534485,1,0.07824277132749557,-0.04094679653644562,0.11918956786394119,0.20213820785284042,"[true, true, true]",False,False,False,66015,0,e827f3a7c15be3cc0e8dad398a812438a042d5fbfc05ac4f148ca8e9393507fa,validation_003,1,2,993607744,5,
12,2.4000000000000004,B,mainline,True,False,76.0,20.0,0,maintain,0.0,0.0,82.56000000000007,20.800000000000068,1,0,accelerate-maintain,0.02953551709651947,-0.11562170833349228,-0.10469233244657516,0,0.02953551709651947,-0.10469233244657516,0.13422784954309464,0.14515722543001175,"[true, true, true]",False,False,False,66015,0,e827f3a7c15be3cc0e8dad398a812438a042d5fbfc05ac4f148ca8e9393507fa,validation_003,1,2,993607744,5,
13,2.6,A,ramp,True,False,86.76000000000009,21.200000000000074,1,accelerate,2.0,2.0000000000000284,80.0,20.0,1,0,accelerate-maintain,-0.03995770215988159,0.0783596932888031,-0.12541258335113525,1,0.0783596932888031,-0.03995770215988159,0.11831739544868469,0.20377227663993835,"[true, true, true]",False,False,False,66015,0,e827f3a7c15be3cc0e8dad398a812438a042d5fbfc05ac4f148ca8e9393507fa,validation_003,1,2,993607744,5,
13,2.6,B,mainline,True,False,80.0,20.0,0,maintain,0.0,0.0,86.76000000000009,21.200000000000074,1,0,accelerate-maintain,0.030300255864858627,-0.11592274159193039,-0.10551172494888306,0,0.030300255864858627,-0.10551172494888306,0.13581198081374168,0.14622299745678902,"[true, true, true]",False,False,False,66015,0,e827f3a7c15be3cc0e8dad398a812438a042d5fbfc05ac4f148ca8e9393507fa,validation_003,1,2,993607744,5,
14,2.8000000000000003,A,ramp,True,False,91.0400000000001,21.60000000000008,1,accelerate,2.0,2.0000000000000284,84.0,20.0,1,0,accelerate-maintain,-0.038437619805336,0.0789356529712677,-0.1272929608821869,1,0.0789356529712677,-0.038437619805336,0.1173732727766037,0.2062286138534546,"[true, true, true]",False,False,False,66015,0,e827f3a7c15be3cc0e8dad398a812438a042d5fbfc05ac4f148ca8e9393507fa,validation_003,1,2,993607744,5,
14,2.8000000000000003,B,mainline,True,False,84.0,20.0,0,maintain,0.0,0.0,91.0400000000001,21.60000000000008,1,0,accelerate-maintain,0.03156950697302818,-0.11682066321372986,-0.10669215023517609,0,0.03156950697302818,-0.10669215023517609,0.13826165720820427,0.14839017018675804,"[true, true, true]",False,False,False,66015,0,e827f3a7c15be3cc0e8dad398a812438a042d5fbfc05ac4f148ca8e9393507fa,validation_003,1,2,993607744,5,
15,3.0,A,ramp,True,False,95.40000000000013,22.000000000000085,1,accelerate,2.0,2.0000000000000284,88.0,20.0,1,0,accelerate-maintain,-0.03678738325834274,0.07955639064311981,-0.12923073768615723,1,0.07955639064311981,-0.03678738325834274,0.11634377390146255,0.20878712832927704,"[true, true, true]",False,False,False,66015,0,e827f3a7c15be3cc0e8dad398a812438a042d5fbfc05ac4f148ca8e9393507fa,validation_003,1,2,993607744,5,
15,3.0,B,mainline,True,False,88.0,20.0,0,maintain,0.0,0.0,95.40000000000013,22.000000000000085,1,0,accelerate-maintain,0.03276257961988449,-0.11770738661289215,-0.10791967064142227,0,0.03276257961988449,-0.10791967064142227,0.14068225026130676,0.15046996623277664,"[true, true, true]",False,False,False,66015,0,e827f3a7c15be3cc0e8dad398a812438a042d5fbfc05ac4f148ca8e9393507fa,validation_003,1,2,993607744,5,
16,3.2,A,ramp,True,False,99.84000000000016,22.40000000000009,1,accelerate,2.0,2.0000000000000284,92.0,20.0,1,0,accelerate-maintain,-0.03485604748129845,0.07999879121780396,-0.13116931915283203,1,0.07999879121780396,-0.03485604748129845,0.1148548386991024,0.211168110370636,"[true, true, true]",False,False,False,66015,0,e827f3a7c15be3cc0e8dad398a812438a042d5fbfc05ac4f148ca8e9393507fa,validation_003,1,2,993607744,5,
16,3.2,B,mainline,True,False,92.0,20.0,0,maintain,0.0,0.0,99.84000000000016,22.40000000000009,1,0,accelerate-maintain,0.03388724848628044,-0.11858811974525452,-0.10919062793254852,0,0.03388724848628044,-0.10919062793254852,0.14307787641882896,0.15247536823153496,"[true, true, true]",False,False,False,66015,0,e827f3a7c15be3cc0e8dad398a812438a042d5fbfc05ac4f148ca8e9393507fa,validation_003,1,2,993607744,5,
17,3.4000000000000004,A,ramp,True,False,104.36000000000017,22.800000000000097,1,accelerate,2.0,2.0000000000000284,96.0,20.0,1,0,accelerate-maintain,-0.03282305970788002,0.08034541457891464,-0.1331005096435547,1,0.08034541457891464,-0.03282305970788002,0.11316847428679466,0.21344592422246933,"[true, true, true]",False,False,False,66015,0,e827f3a7c15be3cc0e8dad398a812438a042d5fbfc05ac4f148ca8e9393507fa,validation_003,1,2,993607744,5,3.873782465714754
17,3.4000000000000004,B,mainline,True,False,96.0,20.0,0,maintain,0.0,0.0,104.36000000000017,22.800000000000097,1,0,accelerate-maintain,0.03501766547560692,-0.11947780847549438,-0.11049206554889679,0,0.03501766547560692,-0.11049206554889679,0.1455097310245037,0.1544954739511013,"[true, true, true]",False,False,False,66015,0,e827f3a7c15be3cc0e8dad398a812438a042d5fbfc05ac4f148ca8e9393507fa,validation_003,1,2,993607744,5,3.873782465714754
18,3.6,A,ramp,True,False,108.96000000000018,23.200000000000102,1,accelerate,2.0,2.0000000000000284,100.0,20.0,1,0,accelerate-maintain,-0.022129427641630173,0.06413296610116959,-0.1419806182384491,1,0.06413296610116959,-0.022129427641630173,0.08626239374279976,0.20611358433961868,"[true, true, true]",False,False,False,66015,0,e827f3a7c15be3cc0e8dad398a812438a042d5fbfc05ac4f148ca8e9393507fa,validation_003,1,2,993607744,5,4.518149393753859
18,3.6,B,mainline,True,False,100.0,20.0,0,maintain,0.0,0.0,108.96000000000018,23.200000000000102,1,0,accelerate-maintain,0.05184522271156311,-0.11456684023141861,-0.14100714027881622,0,0.05184522271156311,-0.11456684023141861,0.16641206294298172,0.19285236299037933,"[true, true, true]",False,False,False,66015,0,e827f3a7c15be3cc0e8dad398a812438a042d5fbfc05ac4f148ca8e9393507fa,validation_003,1,2,993607744,5,4.518149393753859
19,3.8000000000000003,A,ramp,True,False,113.6400000000002,23.600000000000108,1,accelerate,2.0,2.0000000000000284,104.0,20.0,1,0,accelerate-maintain,-0.01945289596915245,0.06469136476516724,-0.14250601828098297,1,0.06469136476516724,-0.01945289596915245,0.08414426073431969,0.2071973830461502,"[true, true, true]",False,False,False,66015,0,e827f3a7c15be3cc0e8dad398a812438a042d5fbfc05ac4f148ca8e9393507fa,validation_003,1,2,993607744,5,5.246878161498273
19,3.8000000000000003,B,mainline,True,False,104.0,20.0,0,maintain,0.0,0.0,113.6400000000002,23.600000000000108,1,0,accelerate-maintain,0.05222935229539871,-0.11483932286500931,-0.14250704646110535,0,0.05222935229539871,-0.11483932286500931,0.16706867516040802,0.19473639875650406,"[true, true, true]",False,False,False,66015,0,e827f3a7c15be3cc0e8dad398a812438a042d5fbfc05ac4f148ca8e9393507fa,validation_003,1,2,993607744,5,5.246878161498273
20,4.0,A,ramp,True,False,118.40000000000022,24.000000000000114,1,accelerate,2.0,2.0000000000000284,108.0,20.0,1,0,accelerate-maintain,-0.016636786982417107,0.06544850766658783,-0.1432124674320221,1,0.06544850766658783,-0.016636786982417107,0.08208529464900494,0.20866097509860992,"[true, true, true]",False,False,False,66015,0,e827f3a7c15be3cc0e8dad398a812438a042d5fbfc05ac4f148ca8e9393507fa,validation_003,1,2,993607744,5,6.065010408115995
20,4.0,B,mainline,True,False,108.0,20.0,0,maintain,0.0,0.0,118.40000000000022,24.000000000000114,1,0,accelerate-maintain,0.05269092321395874,-0.11541029810905457,-0.14396195113658905,0,0.05269092321395874,-0.11541029810905457,0.1681012213230133,0.1966528743505478,"[true, true, true]",False,False,False,66015,0,e827f3a7c15be3cc0e8dad398a812438a042d5fbfc05ac4f148ca8e9393507fa,validation_003,1,2,993607744,5,6.065010408115995
21,4.2,A,ramp,True,False,123.24000000000024,24.40000000000012,1,accelerate,2.0,2.0000000000000284,112.0,20.0,1,0,accelerate-maintain,-0.013994759880006313,0.06672641634941101,-0.14394736289978027,1,0.06672641634941101,-0.013994759880006313,0.08072117622941732,0.21067377924919128,"[true, true, true]",False,False,False,66015,0,e827f3a7c15be3cc0e8dad398a812438a042d5fbfc05ac4f148ca8e9393507fa,validation_003,1,2,993607744,5,6.973831535029191
21,4.2,B,mainline,True,False,112.0,20.0,0,maintain,0.0,0.0,123.24000000000024,24.40000000000012,1,0,accelerate-maintain,0.05321497097611427,-0.11550929397344589,-0.1452345848083496,0,0.05321497097611427,-0.11550929397344589,0.16872426494956017,0.19844955578446388,"[true, true, true]",False,False,False,66015,0,e827f3a7c15be3cc0e8dad398a812438a042d5fbfc05ac4f148ca8e9393507fa,validation_003,1,2,993607744,5,6.973831535029191
22,4.4,A,ramp,True,False,128.16000000000025,24.800000000000125,1,accelerate,2.0,2.0000000000000284,116.0,20.0,1,0,accelerate-maintain,-0.011719531379640102,0.06801826506853104,-0.14510759711265564,1,0.06801826506853104,-0.011719531379640102,0.07973779644817114,0.21312586218118668,"[true, true, true]",False,False,False,66015,0,e827f3a7c15be3cc0e8dad398a812438a042d5fbfc05ac4f148ca8e9393507fa,validation_003,1,2,993607744,5,7.970420718597552
22,4.4,B,mainline,True,False,116.0,20.0,0,maintain,0.0,0.0,128.16000000000025,24.800000000000125,1,0,accelerate-maintain,0.05373179912567139,-0.11536635458469391,-0.1461685299873352,0,0.05373179912567139,-0.11536635458469391,0.1690981537103653,0.1999003291130066,"[true, true, true]",False,False,False,66015,0,e827f3a7c15be3cc0e8dad398a812438a042d5fbfc05ac4f148ca8e9393507fa,validation_003,1,2,993607744,5,7.970420718597552
23,4.6000000000000005,A,ramp,True,False,133.16000000000025,25.20000000000013,1,accelerate,2.0,2.0000000000000284,120.0,20.0,1,0,accelerate-maintain,-0.009453976526856422,0.06937911361455917,-0.1462005227804184,1,0.06937911361455917,-0.009453976526856422,0.0788330901414156,0.21557963639497757,"[true, true, true]",False,False,False,66015,0,e827f3a7c15be3cc0e8dad398a812438a042d5fbfc05ac4f148ca8e9393507fa,validation_003,1,2,993607744,5,9.050069540233096
23,4.6000000000000005,B,mainline,True,False,120.0,20.0,0,maintain,0.0,0.0,133.16000000000025,25.20000000000013,1,0,accelerate-maintain,0.05406879633665085,-0.11528827995061874,-0.14716817438602448,0,0.05406879633665085,-0.11528827995061874,0.1693570762872696,0.20123697072267532,"[true, true, true]",False,False,False,66015,0,e827f3a7c15be3cc0e8dad398a812438a042d5fbfc05ac4f148ca8e9393507fa,validation_003,1,2,993607744,5,9.050069540233096
24,4.800000000000001,A,ramp,True,False,138.2400000000003,25.600000000000136,1,accelerate,2.0,2.0000000000000284,124.0,20.0,1,0,accelerate-maintain,-0.0072281695902347565,0.07103650271892548,-0.14690622687339783,1,0.07103650271892548,-0.0072281695902347565,0.07826467230916023,0.2179427295923233,"[true, true, true]",False,False,False,66015,0,e827f3a7c15be3cc0e8dad398a812438a042d5fbfc05ac4f148ca8e9393507fa,validation_003,1,2,993607744,5,10.210068760524194
24,4.800000000000001,B,mainline,True,False,124.0,20.0,0,maintain,0.0,0.0,138.2400000000003,25.600000000000136,1,0,accelerate-maintain,0.053584616631269455,-0.11610569804906845,-0.14896050095558167,0,0.053584616631269455,-0.11610569804906845,0.1696903146803379,0.20254511758685112,"[true, true, true]",False,False,False,66015,0,e827f3a7c15be3cc0e8dad398a812438a042d5fbfc05ac4f148ca8e9393507fa,validation_003,1,2,993607744,5,10.210068760524194
25,5.0,A,ramp,True,False,143.40000000000032,26.000000000000142,1,accelerate,2.0,2.0000000000000284,128.0,20.0,1,0,accelerate-maintain,-0.005560595542192459,0.07176459580659866,-0.14709554612636566,1,0.07176459580659866,-0.005560595542192459,0.07732519134879112,0.21886014193296432,"[true, true, true]",False,False,False,66015,0,e827f3a7c15be3cc0e8dad398a812438a042d5fbfc05ac4f148ca8e9393507fa,validation_003,1,2,993607744,5,11.450068760524204
25,5.0,B,mainline,True,False,128.0,20.0,0,maintain,0.0,0.0,143.40000000000032,26.000000000000142,1,0,accelerate-maintain,0.05314842611551285,-0.1177029013633728,-0.15062196552753448,0,0.05314842611551285,-0.1177029013633728,0.17085132747888565,0.20377039164304733,"[true, true, true]",False,False,False,66015,0,e827f3a7c15be3cc0e8dad398a812438a042d5fbfc05ac4f148ca8e9393507fa,validation_003,1,2,993607744,5,11.450068760524204
26,5.2,A,ramp,True,False,148.64000000000033,26.400000000000148,1,accelerate,2.0,2.0000000000000284,132.0,20.0,1,0,accelerate-maintain,-0.003823578357696533,0.07174412906169891,-0.14798979461193085,1,0.07174412906169891,-0.003823578357696533,0.07556770741939545,0.21973392367362976,"[true, true, true]",False,False,False,66015,0,e827f3a7c15be3cc0e8dad398a812438a042d5fbfc05ac4f148ca8e9393507fa,validation_003,1,2,993607744,5,12.770068760524254
26,5.2,B,mainline,True,False,132.0,20.0,0,maintain,0.0,0.0,148.64000000000033,26.400000000000148,1,0,accelerate-maintain,0.0533471517264843,-0.119228795170784,-0.1517505943775177,0,0.0533471517264843,-0.119228795170784,0.1725759468972683,0.205097746104002,"[true, true, true]",False,False,False,66015,0,e827f3a7c15be3cc0e8dad398a812438a042d5fbfc05ac4f148ca8e9393507fa,validation_003,1,2,993607744,5,12.770068760524254
27,5.4,A,ramp,True,False,153.96000000000038,26.800000000000153,1,accelerate,2.0,2.0000000000000284,136.0,20.0,1,0,accelerate-maintain,-0.0021446868777275085,0.07168646901845932,-0.14900359511375427,1,0.07168646901845932,-0.0021446868777275085,0.07383115589618683,0.2206900641322136,"[true, true, true]",False,False,False,66015,0,e827f3a7c15be3cc0e8dad398a812438a042d5fbfc05ac4f148ca8e9393507fa,validation_003,1,2,993607744,5,14.170068760524288
27,5.4,B,mainline,True,False,136.0,20.0,0,maintain,0.0,0.0,153.96000000000038,26.800000000000153,1,0,accelerate-maintain,0.05344482138752937,-0.12019267678260803,-0.1528293788433075,0,0.05344482138752937,-0.12019267678260803,0.1736374981701374,0.20627420023083687,"[true, true, true]",False,False,False,66015,0,e827f3a7c15be3cc0e8dad398a812438a042d5fbfc05ac4f148ca8e9393507fa,validation_003,1,2,993607744,5,14.170068760524288
28,5.6000000000000005,A,ramp,True,False,159.3600000000004,27.20000000000016,1,accelerate,2.0,2.0000000000000284,140.0,20.0,1,0,accelerate-maintain,-0.0008694082498550415,0.07147253304719925,-0.151045560836792,1,0.07147253304719925,-0.0008694082498550415,0.07234194129705429,0.22251809388399124,"[true, true, true]",False,False,False,66015,0,e827f3a7c15be3cc0e8dad398a812438a042d5fbfc05ac4f148ca8e9393507fa,validation_003,1,2,993607744,5,15.650068760524306
28,5.6000000000000005,B,mainline,True,False,140.0,20.0,0,maintain,0.0,0.0,159.3600000000004,27.20000000000016,1,0,accelerate-maintain,0.053521279245615005,-0.12094759196043015,-0.15385012328624725,0,0.053521279245615005,-0.12094759196043015,0.17446887120604515,0.20737140253186226,"[true, true, true]",False,False,False,66015,0,e827f3a7c15be3cc0e8dad398a812438a042d5fbfc05ac4f148ca8e9393507fa,validation_003,1,2,993607744,5,15.650068760524306
29,5.800000000000001,A,ramp,True,False,164.84000000000043,27.600000000000165,1,accelerate,2.0,2.0000000000000284,144.0,20.0,1,0,accelerate-maintain,0.0003382135182619095,0.07136762142181396,-0.15313690900802612,1,0.07136762142181396,0.0003382135182619095,0.07102940790355206,0.2245045304298401,"[true, true, true]",False,False,False,66015,0,e827f3a7c15be3cc0e8dad398a812438a042d5fbfc05ac4f148ca8e9393507fa,validation_003,1,2,993607744,5,17.210068760524365
29,5.800000000000001,B,mainline,True,False,144.0,20.0,0,maintain,0.0,0.0,164.84000000000043,27.600000000000165,1,0,accelerate-maintain,0.05362479388713837,-0.12155614793300629,-0.154839888215065,0,0.05362479388713837,-0.12155614793300629,0.17518094182014465,0.20846468210220337,"[true, true, true]",False,False,False,66015,0,e827f3a7c15be3cc0e8dad398a812438a042d5fbfc05ac4f148ca8e9393507fa,validation_003,1,2,993607744,5,17.210068760524365
30,6.0,A,ramp,True,False,170.4000000000005,28.00000000000017,1,accelerate,2.0,2.0000000000000284,148.0,20.0,1,0,accelerate-maintain,0.0016748830676078796,0.0706169456243515,-0.15533363819122314,1,0.0706169456243515,0.0016748830676078796,0.06894206255674362,0.22595058381557465,"[true, true, true]",False,False,False,66015,0,e827f3a7c15be3cc0e8dad398a812438a042d5fbfc05ac4f148ca8e9393507fa,validation_003,1,2,993607744,5,18.850068760524408
30,6.0,B,mainline,True,False,148.0,20.0,0,maintain,0.0,0.0,170.4000000000005,28.00000000000017,1,0,accelerate-maintain,0.05389357730746269,-0.12158547341823578,-0.15569785237312317,0,0.05389357730746269,-0.12158547341823578,0.17547905072569847,0.20959142968058586,"[true, true, true]",False,False,False,66015,0,e827f3a7c15be3cc0e8dad398a812438a042d5fbfc05ac4f148ca8e9393507fa,validation_003,1,2,993607744,5,18.850068760524408
31,6.2,A,ramp,True,False,176.04000000000053,28.400000000000176,1,accelerate,2.0,2.0000000000000284,152.0,20.0,1,0,accelerate-maintain,0.0029997043311595917,0.06984046846628189,-0.15764057636260986,1,0.06984046846628189,0.0029997043311595917,0.0668407641351223,0.22748104482889175,"[true, true, true]",False,False,False,66015,0,e827f3a7c15be3cc0e8dad398a812438a042d5fbfc05ac4f148ca8e9393507fa,validation_003,1,2,993607744,5,20.570068760524435
31,6.2,B,mainline,True,False,152.0,20.0,0,maintain,0.0,0.0,176.04000000000053,28.400000000000176,1,0,accelerate-maintain,0.053684599697589874,-0.12232990562915802,-0.1569562554359436,0,0.053684599697589874,-0.12232990562915802,0.1760145053267479,0.21064085513353348,"[true, true, true]",False,False,False,66015,0,e827f3a7c15be3cc0e8dad398a812438a042d5fbfc05ac4f148ca8e9393507fa,validation_003,1,2,993607744,5,20.570068760524435
32,6.4,A,ramp,True,False,181.76000000000056,28.800000000000182,1,accelerate,2.0,2.0000000000000284,156.0,20.0,1,0,accelerate-maintain,0.0043580420315265656,0.06944147497415543,-0.16037964820861816,1,0.06944147497415543,0.0043580420315265656,0.06508343294262886,0.2298211231827736,"[true, true, true]",False,False,False,66015,0,e827f3a7c15be3cc0e8dad398a812438a042d5fbfc05ac4f148ca8e9393507fa,validation_003,1,2,993607744,5,22.370068760524475
32,6.4,B,mainline,True,False,156.0,20.0,0,maintain,0.0,0.0,181.76000000000056,28.800000000000182,1,0,accelerate-maintain,0.05318353325128555,-0.12383738160133362,-0.15875090658664703,0,0.05318353325128555,-0.12383738160133362,0.17702091485261917,0.2119344398379326,"[true, true, true]",False,False,False,66015,0,e827f3a7c15be3cc0e8dad398a812438a042d5fbfc05ac4f148ca8e9393507fa,validation_003,1,2,993607744,5,22.370068760524475
33,6.6000000000000005,A,ramp,True,False,187.5600000000006,29.200000000000188,1,accelerate,2.0,2.0000000000000284,160.0,20.0,1,0,accelerate-maintain,0.006739173084497452,0.06882216781377792,-0.16332103312015533,1,0.06882216781377792,0.006739173084497452,0.06208299472928047,0.23214320093393326,"[true, true, true]",False,False,False,66015,0,e827f3a7c15be3cc0e8dad398a812438a042d5fbfc05ac4f148ca8e9393507fa,validation_003,1,2,993607744,5,24.2500687605245
33,6.6000000000000005,B,mainline,True,False,160.0,20.0,0,maintain,0.0,0.0,187.5600000000006,29.200000000000188,1,0,accelerate-maintain,0.053109023720026016,-0.12521953880786896,-0.16102488338947296,0,0.053109023720026016,-0.12521953880786896,0.17832856252789497,0.21413390710949898,"[true, true, true]",False,False,False,66015,0,e827f3a7c15be3cc0e8dad398a812438a042d5fbfc05ac4f148ca8e9393507fa,validation_003,1,2,993607744,5,24.2500687605245
34,6.800000000000001,A,ramp,True,False,193.44000000000062,29.600000000000193,1,accelerate,2.0,1.9999999999960494,164.0,20.0,1,0,accelerate-maintain,0.0091458261013031,0.06818254292011261,-0.1662946194410324,1,0.06818254292011261,0.0091458261013031,0.05903671681880951,0.23447716236114502,"[true, true, true]",False,False,False,66015,0,e827f3a7c15be3cc0e8dad398a812438a042d5fbfc05ac4f148ca8e9393507fa,validation_003,1,2,993607744,5,26.210068760524535
34,6.800000000000001,B,mainline,True,False,164.0,20.0,0,maintain,0.0,0.0,193.44000000000062,29.600000000000193,1,0,accelerate-maintain,0.05303620547056198,-0.1265820860862732,-0.16329996287822723,0,0.05303620547056198,-0.1265820860862732,0.17961829155683517,0.21633616834878922,"[true, true, true]",False,False,False,66015,0,e827f3a7c15be3cc0e8dad398a812438a042d5fbfc05ac4f148ca8e9393507fa,validation_003,1,2,993607744,5,26.210068760524535
35,7.0,A,ramp,True,False,199.40000000000066,30.0,1,accelerate,2.0,0.0,168.0,20.0,1,0,accelerate-maintain,0.012531183660030365,0.06692533195018768,-0.1693028211593628,1,0.06692533195018768,0.012531183660030365,0.05439414829015732,0.23622815310955048,"[true, true, true]",False,False,False,66015,0,e827f3a7c15be3cc0e8dad398a812438a042d5fbfc05ac4f148ca8e9393507fa,validation_003,1,2,993607744,5,28.210068760524535
35,7.0,B,mainline,True,False,168.0,20.0,0,maintain,0.0,0.0,199.40000000000066,30.0,1,0,accelerate-maintain,0.05261467397212982,-0.12751232087612152,-0.16612371802330017,0,0.05261467397212982,-0.12751232087612152,0.18012699484825134,0.21873839199543,"[true, true, true]",False,False,False,66015,0,e827f3a7c15be3cc0e8dad398a812438a042d5fbfc05ac4f148ca8e9393507fa,validation_003,1,2,993607744,5,28.210068760524535
36,7.2,A,ramp,True,False,205.40000000000066,30.0,1,accelerate,2.0,0.0,172.0,20.0,1,0,accelerate-maintain,0.031723059713840485,0.04257345199584961,-0.1334076076745987,1,0.04257345199584961,0.031723059713840485,0.010850392282009125,0.1759810596704483,"[true, true, true]",False,False,False,66015,0,e827f3a7c15be3cc0e8dad398a812438a042d5fbfc05ac4f148ca8e9393507fa,validation_003,1,2,993607744,5,30.210068760524535
36,7.2,B,mainline,True,False,172.0,20.0,0,maintain,0.0,0.0,205.40000000000066,30.0,1,0,accelerate-maintain,0.05608605593442917,-0.12549057602882385,-0.17542721331119537,0,0.05608605593442917,-0.12549057602882385,0.18157663196325302,0.23151326924562454,"[true, true, true]",False,False,False,66015,0,e827f3a7c15be3cc0e8dad398a812438a042d5fbfc05ac4f148ca8e9393507fa,validation_003,1,2,993607744,5,30.210068760524535
37,7.4,A,ramp,True,False,211.40000000000066,30.0,1,accelerate,2.0,0.0,176.0,20.0,1,0,accelerate-maintain,0.03560638055205345,0.041406430304050446,-0.13503167033195496,1,0.041406430304050446,0.03560638055205345,0.005800049751996994,0.1764381006360054,"[true, true, true]",False,False,False,66015,0,e827f3a7c15be3cc0e8dad398a812438a042d5fbfc05ac4f148ca8e9393507fa,validation_003,1,2,993607744,5,32.210068760524535
37,7.4,B,mainline,True,False,176.0,20.0,0,maintain,0.0,0.0,211.40000000000066,30.0,1,0,accelerate-maintain,0.05463718995451927,-0.1251084804534912,-0.17778369784355164,0,0.05463718995451927,-0.1251084804534912,0.17974567040801048,0.2324208877980709,"[true, true, true]",False,False,False,66015,0,e827f3a7c15be3cc0e8dad398a812438a042d5fbfc05ac4f148ca8e9393507fa,validation_003,1,2,993607744,5,32.210068760524535
38,7.6000000000000005,A,ramp,True,False,217.40000000000066,30.0,1,accelerate,2.0,0.0,180.0,20.0,1,0,accelerate-maintain,0.03942207247018814,0.04003666713833809,-0.13647955656051636,1,0.04003666713833809,0.03942207247018814,0.0006145946681499481,0.17651622369885445,"[true, true, true]",False,False,False,66015,0,e827f3a7c15be3cc0e8dad398a812438a042d5fbfc05ac4f148ca8e9393507fa,validation_003,1,2,993607744,5,34.210068760524535
38,7.6000000000000005,B,mainline,True,False,180.0,20.0,0,maintain,0.0,0.0,217.40000000000066,30.0,1,0,accelerate-maintain,0.05271388590335846,-0.12521237134933472,-0.1801343709230423,0,0.05271388590335846,-0.12521237134933472,0.17792625725269318,0.23284825682640076,"[true, true, true]",False,False,False,66015,0,e827f3a7c15be3cc0e8dad398a812438a042d5fbfc05ac4f148ca8e9393507fa,validation_003,1,2,993607744,5,34.210068760524535
39,7.800000000000001,A,ramp,True,False,223.40000000000066,30.0,0,maintain,2.0,0.0,184.0,20.0,0,0,maintain-maintain,0.04366435110569,0.03861792013049126,-0.1377938836812973,0,0.04366435110569,0.03861792013049126,0.005046430975198746,0.1814582347869873,"[true, true, true]",False,False,False,66015,0,e827f3a7c15be3cc0e8dad398a812438a042d5fbfc05ac4f148ca8e9393507fa,validation_003,1,2,993607744,5,36.210068760524535
39,7.800000000000001,B,mainline,True,False,184.0,20.0,0,maintain,0.0,0.0,223.40000000000066,30.0,0,0,maintain-maintain,0.051792312413454056,-0.12423565238714218,-0.1821664273738861,0,0.051792312413454056,-0.12423565238714218,0.17602796480059624,0.23395873978734016,"[true, true, true]",False,False,False,66015,0,e827f3a7c15be3cc0e8dad398a812438a042d5fbfc05ac4f148ca8e9393507fa,validation_003,1,2,993607744,5,36.210068760524535
40,8.0,A,ramp,True,False,229.40000000000066,30.0,0,maintain,0.0,0.0,188.0,20.0,0,0,maintain-maintain,0.04727674275636673,0.037792399525642395,-0.1389838308095932,0,0.04727674275636673,0.037792399525642395,0.009484343230724335,0.18626057356595993,"[true, true, true]",False,False,False,66015,0,e827f3a7c15be3cc0e8dad398a812438a042d5fbfc05ac4f148ca8e9393507fa,validation_003,1,2,993607744,5,38.210068760524535
40,8.0,B,mainline,True,False,188.0,20.0,0,maintain,0.0,0.0,229.40000000000066,30.0,0,0,maintain-maintain,0.050871267914772034,-0.12325909733772278,-0.1841980367898941,0,0.050871267914772034,-0.12325909733772278,0.1741303652524948,0.23506930470466614,"[true, true, true]",False,False,False,66015,0,e827f3a7c15be3cc0e8dad398a812438a042d5fbfc05ac4f148ca8e9393507fa,validation_003,1,2,993607744,5,38.210068760524535
41,8.200000000000001,A,ramp,True,False,235.40000000000066,30.0,0,maintain,0.0,0.0,192.0,20.0,0,0,maintain-maintain,0.050159528851509094,0.03695487976074219,-0.14020603895187378,0,0.050159528851509094,0.03695487976074219,0.013204649090766907,0.19036556780338287,"[true, true, true]",False,False,False,66015,0,e827f3a7c15be3cc0e8dad398a812438a042d5fbfc05ac4f148ca8e9393507fa,validation_003,1,2,993607744,5,40.210068760524535
41,8.200000000000001,B,mainline,True,False,192.0,20.0,0,maintain,0.0,0.0,235.40000000000066,30.0,0,0,maintain-maintain,0.050097741186618805,-0.122287318110466,-0.18598856031894684,0,0.050097741186618805,-0.122287318110466,0.1723850592970848,0.23608630150556564,"[true, true, true]",False,False,False,66015,0,e827f3a7c15be3cc0e8dad398a812438a042d5fbfc05ac4f148ca8e9393507fa,validation_003,1,2,993607744,5,40.210068760524535
42,8.4,A,ramp,True,False,241.40000000000066,30.0,0,maintain,0.0,0.0,196.0,20.0,0,0,maintain-maintain,0.05278807133436203,0.036160655319690704,-0.14143380522727966,0,0.05278807133436203,0.036160655319690704,0.016627416014671326,0.1942218765616417,"[true, true, true]",False,False,False,66015,0,e827f3a7c15be3cc0e8dad398a812438a042d5fbfc05ac4f148ca8e9393507fa,validation_003,1,2,993607744,5,42.210068760524535
42,8.4,B,mainline,True,False,196.0,20.0,0,maintain,0.0,0.0,241.40000000000066,30.0,0,0,maintain-maintain,0.04954250901937485,-0.12155120074748993,-0.18752825260162354,0,0.04954250901937485,-0.12155120074748993,0.17109370976686478,0.23707076162099838,"[true, true, true]",False,False,False,66015,0,e827f3a7c15be3cc0e8dad398a812438a042d5fbfc05ac4f148ca8e9393507fa,validation_003,1,2,993607744,5,42.210068760524535
43,8.6,A,ramp,True,False,247.40000000000066,30.0,0,maintain,0.0,0.0,200.0,20.0,0,0,maintain-maintain,0.05541647970676422,0.035366591066122055,-0.14266198873519897,0,0.05541647970676422,0.035366591066122055,0.020049888640642166,0.1980784684419632,"[true, true, true]",False,False,False,66015,0,e827f3a7c15be3cc0e8dad398a812438a042d5fbfc05ac4f148ca8e9393507fa,validation_003,1,2,993607744,5,44.210068760524535
43,8.6,B,mainline,True,False,200.0,20.0,0,maintain,0.0,0.0,247.40000000000066,30.0,0,0,maintain-maintain,0.04902837425470352,-0.12076616287231445,-0.18897296488285065,0,0.04902837425470352,-0.12076616287231445,0.16979453712701797,0.23800133913755417,"[true, true, true]",False,False,False,66015,0,e827f3a7c15be3cc0e8dad398a812438a042d5fbfc05ac4f148ca8e9393507fa,validation_003,1,2,993607744,5,44.210068760524535
44,8.8,A,ramp,True,False,253.40000000000066,30.0,0,maintain,0.0,0.0,204.0,20.0,0,0,maintain-maintain,0.05786058306694031,0.034519653767347336,-0.14378562569618225,0,0.05786058306694031,0.034519653767347336,0.023340929299592972,0.20164620876312256,"[true, true, true]",False,False,False,66015,0,e827f3a7c15be3cc0e8dad398a812438a042d5fbfc05ac4f148ca8e9393507fa,validation_003,1,2,993607744,5,46.210068760524564
44,8.8,B,mainline,True,False,204.0,20.0,0,maintain,0.0,0.0,253.40000000000066,30.0,0,0,maintain-maintain,0.049216512590646744,-0.12051249295473099,-0.1901143193244934,0,0.049216512590646744,-0.12051249295473099,0.16972900554537773,0.23933083191514015,"[true, true, true]",False,False,False,66015,0,e827f3a7c15be3cc0e8dad398a812438a042d5fbfc05ac4f148ca8e9393507fa,validation_003,1,2,993607744,5,46.210068760524564
45,9.0,A,ramp,True,False,259.40000000000066,30.0,0,maintain,0.0,0.0,208.0,20.0,0,0,maintain-maintain,0.06020216643810272,0.0336831696331501,-0.14492157101631165,0,0.06020216643810272,0.0336831696331501,0.02651899680495262,0.20512373745441437,"[true, true, true]",False,False,False,66015,0,e827f3a7c15be3cc0e8dad398a812438a042d5fbfc05ac4f148ca8e9393507fa,validation_003,1,2,993607744,5,
45,9.0,B,mainline,True,False,208.0,20.0,0,maintain,0.0,0.0,259.40000000000066,30.0,0,0,maintain-maintain,0.04941727966070175,-0.12026838213205338,-0.1912500113248825,0,0.04941727966070175,-0.12026838213205338,0.16968566179275513,0.24066729098558426,"[true, true, true]",False,False,False,66015,0,e827f3a7c15be3cc0e8dad398a812438a042d5fbfc05ac4f148ca8e9393507fa,validation_003,1,2,993607744,5,
46,9.200000000000001,A,ramp,False,True,260.90000000000066,0.0,0,maintain,0.0,0.0,212.0,20.0,0,0,inactive-active,0.02761629968881607,0.010421715676784515,-0.17448312044143677,0,0.02761629968881607,0.010421715676784515,0.017194584012031555,0.20209942013025284,"[true, true, true]",False,False,False,66015,0,e827f3a7c15be3cc0e8dad398a812438a042d5fbfc05ac4f148ca8e9393507fa,validation_003,1,2,993607744,5,
46,9.200000000000001,B,mainline,True,False,212.0,20.0,0,maintain,0.0,0.0,260.90000000000066,0.0,0,0,inactive-active,-0.014104880392551422,-0.1034320667386055,-0.11211694031953812,0,-0.014104880392551422,-0.1034320667386055,0.08932718634605408,0.0980120599269867,"[true, true, true]",False,False,False,66015,0,e827f3a7c15be3cc0e8dad398a812438a042d5fbfc05ac4f148ca8e9393507fa,validation_003,1,2,993607744,5,
47,9.4,A,ramp,False,True,260.90000000000066,0.0,0,maintain,0.0,0.0,216.0,20.0,0,0,inactive-active,0.028481338173151016,0.013051033020019531,-0.17345543205738068,0,0.028481338173151016,0.013051033020019531,0.015430305153131485,0.2019367702305317,"[true, true, true]",False,False,False,66015,0,e827f3a7c15be3cc0e8dad398a812438a042d5fbfc05ac4f148ca8e9393507fa,validation_003,1,2,993607744,5,
47,9.4,B,mainline,True,False,216.0,20.0,0,maintain,0.0,0.0,260.90000000000066,0.0,0,0,inactive-active,-0.01302579790353775,-0.10302356630563736,-0.10998013615608215,0,-0.01302579790353775,-0.10302356630563736,0.08999776840209961,0.0969543382525444,"[true, true, true]",False,False,False,66015,0,e827f3a7c15be3cc0e8dad398a812438a042d5fbfc05ac4f148ca8e9393507fa,validation_003,1,2,993607744,5,
48,9.600000000000001,A,ramp,False,True,260.90000000000066,0.0,0,maintain,0.0,0.0,220.0,20.0,0,0,inactive-active,0.029356859624385834,0.015727393329143524,-0.17254772782325745,0,0.029356859624385834,0.015727393329143524,0.01362946629524231,0.20190458744764328,"[true, true, true]",False,False,False,66015,0,e827f3a7c15be3cc0e8dad398a812438a042d5fbfc05ac4f148ca8e9393507fa,validation_003,1,2,993607744,5,
48,9.600000000000001,B,mainline,True,False,220.0,20.0,0,maintain,0.0,0.0,260.90000000000066,0.0,0,0,inactive-active,-0.011947695165872574,-0.10261496156454086,-0.10784192383289337,0,-0.011947695165872574,-0.10261496156454086,0.09066726639866829,0.0958942286670208,"[true, true, true]",False,False,False,66015,0,e827f3a7c15be3cc0e8dad398a812438a042d5fbfc05ac4f148ca8e9393507fa,validation_003,1,2,993607744,5,
49,9.8,A,ramp,False,True,260.90000000000066,0.0,0,maintain,0.0,0.0,224.0,20.0,0,0,inactive-active,0.03024405613541603,0.018549196422100067,-0.17205700278282166,0,0.03024405613541603,0.018549196422100067,0.011694859713315964,0.2023010589182377,"[true, true, true]",False,False,False,66015,0,e827f3a7c15be3cc0e8dad398a812438a042d5fbfc05ac4f148ca8e9393507fa,validation_003,1,2,993607744,5,
49,9.8,B,mainline,True,False,224.0,20.0,0,maintain,0.0,0.0,260.90000000000066,0.0,0,0,inactive-active,-0.010751821100711823,-0.1022050678730011,-0.10571824014186859,0,-0.010751821100711823,-0.1022050678730011,0.09145324677228928,0.09496641904115677,"[true, true, true]",False,False,False,66015,0,e827f3a7c15be3cc0e8dad398a812438a042d5fbfc05ac4f148ca8e9393507fa,validation_003,1,2,993607744,5,
50,10.0,A,ramp,False,True,260.90000000000066,0.0,0,maintain,0.0,0.0,228.0,20.0,0,0,inactive-active,0.031126707792282104,0.02107486128807068,-0.171767920255661,0,0.031126707792282104,0.02107486128807068,0.010051846504211426,0.20289462804794312,"[true, true, true]",False,False,False,66015,0,e827f3a7c15be3cc0e8dad398a812438a042d5fbfc05ac4f148ca8e9393507fa,validation_003,1,2,993607744,5,
50,10.0,B,mainline,True,False,228.0,20.0,0,maintain,0.0,0.0,260.90000000000066,0.0,0,0,inactive-active,-0.009281076490879059,-0.10179220139980316,-0.10363008081912994,0,-0.009281076490879059,-0.10179220139980316,0.0925111249089241,0.09434900432825089,"[true, true, true]",False,False,False,66015,0,e827f3a7c15be3cc0e8dad398a812438a042d5fbfc05ac4f148ca8e9393507fa,validation_003,1,2,993607744,5,
51,10.200000000000001,A,ramp,False,True,260.90000000000066,0.0,0,maintain,0.0,0.0,232.0,20.0,0,0,inactive-active,0.031859949231147766,0.02341294288635254,-0.17169520258903503,0,0.031859949231147766,0.02341294288635254,0.008447006344795227,0.2035551518201828,"[true, true, true]",False,False,False,66015,0,e827f3a7c15be3cc0e8dad398a812438a042d5fbfc05ac4f148ca8e9393507fa,validation_003,1,2,993607744,5,
51,10.200000000000001,B,mainline,True,False,232.0,20.0,0,maintain,0.0,0.0,260.90000000000066,0.0,0,0,inactive-active,-0.0077653080224990845,-0.10165604948997498,-0.10171294212341309,0,-0.0077653080224990845,-0.10165604948997498,0.09389074146747589,0.093947634100914,"[true, true, true]",False,False,False,66015,0,e827f3a7c15be3cc0e8dad398a812438a042d5fbfc05ac4f148ca8e9393507fa,validation_003,1,2,993607744,5,
52,10.4,A,ramp,False,True,260.90000000000066,0.0,0,maintain,0.0,0.0,236.0,20.0,0,0,inactive-active,0.03206674009561539,0.025163613259792328,-0.1723340004682541,0,0.03206674009561539,0.025163613259792328,0.006903126835823059,0.20440074056386948,"[true, true, true]",False,False,False,66015,0,e827f3a7c15be3cc0e8dad398a812438a042d5fbfc05ac4f148ca8e9393507fa,validation_003,1,2,993607744,5,
52,10.4,B,mainline,True,False,236.0,20.0,0,maintain,0.0,0.0,260.90000000000066,0.0,0,0,inactive-active,-0.006219126284122467,-0.10179334878921509,-0.09996722638607025,0,-0.006219126284122467,-0.09996722638607025,0.09374810010194778,0.09557422250509262,"[true, true, true]",False,False,False,66015,0,e827f3a7c15be3cc0e8dad398a812438a042d5fbfc05ac4f148ca8e9393507fa,validation_003,1,2,993607744,5,
53,10.600000000000001,A,ramp,False,True,260.90000000000066,0.0,0,maintain,0.0,0.0,240.0,20.0,0,0,inactive-active,0.0322735570371151,0.0269146841019392,-0.1729731261730194,0,0.0322735570371151,0.0269146841019392,0.005358872935175896,0.2052466832101345,"[true, true, true]",False,False,False,66015,0,e827f3a7c15be3cc0e8dad398a812438a042d5fbfc05ac4f148ca8e9393507fa,validation_003,1,2,993607744,5,
53,10.600000000000001,B,mainline,True,False,240.0,20.0,0,maintain,0.0,0.0,260.90000000000066,0.0,0,0,inactive-active,-0.004705905914306641,-0.10193464159965515,-0.09826261550188065,0,-0.004705905914306641,-0.09826261550188065,0.093556709587574,0.09722873568534851,"[true, true, true]",False,False,False,66015,0,e827f3a7c15be3cc0e8dad398a812438a042d5fbfc05ac4f148ca8e9393507fa,validation_003,1,2,993607744,5,
54,10.8,A,ramp,False,True,260.90000000000066,0.0,0,maintain,0.0,0.0,244.0,20.0,0,0,inactive-active,0.03248041495680809,0.028666207566857338,-0.1736125946044922,0,0.03248041495680809,0.028666207566857338,0.0038142073899507523,0.20609300956130028,"[true, true, true]",False,False,False,66015,0,e827f3a7c15be3cc0e8dad398a812438a042d5fbfc05ac4f148ca8e9393507fa,validation_003,1,2,993607744,5,
54,10.8,B,mainline,True,False,244.0,20.0,0,maintain,0.0,0.0,260.90000000000066,0.0,0,0,inactive-active,-0.0030150748789310455,-0.10191640257835388,-0.09623515605926514,0,-0.0030150748789310455,-0.09623515605926514,0.09322008118033409,0.09890132769942284,"[true, true, true]",False,False,False,66015,0,e827f3a7c15be3cc0e8dad398a812438a042d5fbfc05ac4f148ca8e9393507fa,validation_003,1,2,993607744,5,
55,11.0,A,ramp,False,True,260.90000000000066,0.0,0,maintain,0.0,0.0,248.0,20.0,0,0,inactive-active,0.032687313854694366,0.03041813150048256,-0.17425237596035004,0,0.032687313854694366,0.03041813150048256,0.0022691823542118073,0.2069396898150444,"[true, true, true]",False,False,False,66015,0,e827f3a7c15be3cc0e8dad398a812438a042d5fbfc05ac4f148ca8e9393507fa,validation_003,1,2,993607744,5,
55,11.0,B,mainline,True,False,248.0,20.0,0,maintain,0.0,0.0,260.90000000000066,0.0,0,0,inactive-active,-0.0012173280119895935,-0.10197873413562775,-0.09434343129396439,0,-0.0012173280119895935,-0.09434343129396439,0.09312610328197479,0.10076140612363815,"[true, true, true]",False,False,False,66015,0,e827f3a7c15be3cc0e8dad398a812438a042d5fbfc05ac4f148ca8e9393507fa,validation_003,1,2,993607744,5,
56,11.200000000000001,A,ramp,False,True,260.90000000000066,0.0,0,maintain,0.0,0.0,252.0,20.0,0,0,inactive-active,0.032914210110902786,0.03216100111603737,-0.17489033937454224,0,0.032914210110902786,0.03216100111603737,0.0007532089948654175,0.20780454948544502,"[true, true, true]",False,False,False,66015,0,e827f3a7c15be3cc0e8dad398a812438a042d5fbfc05ac4f148ca8e9393507fa,validation_003,1,2,993607744,5,
56,11.200000000000001,B,mainline,True,False,252.0,20.0,0,maintain,0.0,0.0,260.90000000000066,0.0,0,0,inactive-active,0.0005798228085041046,-0.10204121470451355,-0.09245118498802185,0,0.0005798228085041046,-0.09245118498802185,0.09303100779652596,0.10262103751301765,"[true, true, true]",False,False,False,66015,0,e827f3a7c15be3cc0e8dad398a812438a042d5fbfc05ac4f148ca8e9393507fa,validation_003,1,2,993607744,5,
57,11.4,A,ramp,False,True,260.90000000000066,0.0,0,maintain,0.0,0.0,256.0,20.0,0,0,inactive-active,0.03321731090545654,0.03386808559298515,-0.17552033066749573,1,0.03386808559298515,0.03321731090545654,0.0006507746875286102,0.20938841626048088,"[true, true, true]",False,True,False,66015,0,e827f3a7c15be3cc0e8dad398a812438a042d5fbfc05ac4f148ca8e9393507fa,validation_003,1,2,993607744,5,
57,11.4,B,mainline,True,False,256.0,20.0,0,maintain,0.0,0.0,260.90000000000066,0.0,0,0,inactive-active,0.002376388758420944,-0.10210384428501129,-0.09055835753679276,0,0.002376388758420944,-0.09055835753679276,0.0929347462952137,0.10448023304343224,"[true, true, true]",False,True,False,66015,0,e827f3a7c15be3cc0e8dad398a812438a042d5fbfc05ac4f148ca8e9393507fa,validation_003,1,2,993607744,5,
0,0.0,A,mainline,True,False,33.199999999999996,18.0,1,accelerate,0.0,2.0000000000000284,23.999999999999993,20.0,1,0,accelerate-maintain,-0.0680474117398262,0.034478720277547836,-0.1763308346271515,1,0.034478720277547836,-0.0680474117398262,0.10252613201737404,0.21080955490469933,"[true, true, true]",False,False,False,66015,0,e827f3a7c15be3cc0e8dad398a812438a042d5fbfc05ac4f148ca8e9393507fa,validation_004,0,3,1660789862,6,
0,0.0,B,ramp,True,False,23.999999999999993,20.0,0,maintain,0.0,0.0,33.199999999999996,18.0,1,0,accelerate-maintain,0.05536556988954544,-0.1095358207821846,-0.15633274614810944,0,0.05536556988954544,-0.1095358207821846,0.16490139067173004,0.21169831603765488,"[true, true, true]",False,False,False,66015,0,e827f3a7c15be3cc0e8dad398a812438a042d5fbfc05ac4f148ca8e9393507fa,validation_004,0,3,1660789862,6,
1,0.2,A,mainline,True,False,36.839999999999996,18.400000000000006,1,accelerate,2.0,2.0000000000000284,27.999999999999993,20.0,1,0,accelerate-maintain,-0.06898272037506104,0.032542288303375244,-0.17661665380001068,1,0.032542288303375244,-0.06898272037506104,0.10152500867843628,0.20915894210338593,"[true, true, true]",False,False,False,66015,0,e827f3a7c15be3cc0e8dad398a812438a042d5fbfc05ac4f148ca8e9393507fa,validation_004,0,3,1660789862,6,
1,0.2,B,ramp,True,False,27.999999999999993,20.0,0,maintain,0.0,0.0,36.839999999999996,18.400000000000006,1,0,accelerate-maintain,0.0541587695479393,-0.11082106828689575,-0.15459434688091278,0,0.0541587695479393,-0.11082106828689575,0.16497983783483505,0.20875311642885208,"[true, true, true]",False,False,False,66015,0,e827f3a7c15be3cc0e8dad398a812438a042d5fbfc05ac4f148ca8e9393507fa,validation_004,0,3,1660789862,6,
2,0.4,A,mainline,True,False,40.559999999999995,18.80000000000001,1,accelerate,2.0,2.0000000000000284,31.999999999999993,20.0,1,0,accelerate-maintain,-0.07023268193006516,0.0301344096660614,-0.1766127198934555,1,0.0301344096660614,-0.07023268193006516,0.10036709159612656,0.2067471295595169,"[true, true, true]",False,False,False,66015,0,e827f3a7c15be3cc0e8dad398a812438a042d5fbfc05ac4f148ca8e9393507fa,validation_004,0,3,1660789862,6,
2,0.4,B,ramp,True,False,31.999999999999993,20.0,0,maintain,0.0,0.0,40.559999999999995,18.80000000000001,1,0,accelerate-maintain,0.05314955115318298,-0.11191125214099884,-0.1529451161623001,0,0.05314955115318298,-0.11191125214099884,0.16506080329418182,0.2060946673154831,"[true, true, true]",False,False,False,66015,0,e827f3a7c15be3cc0e8dad398a812438a042d5fbfc05ac4f148ca8e9393507fa,validation_004,0,3,1660789862,6,
3,0.6000000000000001,A,mainline,True,False,44.36,19.200000000000017,1,accelerate,2.0,2.0000000000000284,35.99999999999999,20.0,1,0,accelerate-maintain,-0.07147310674190521,0.02758236974477768,-0.17656473815441132,1,0.02758236974477768,-0.07147310674190521,0.09905547648668289,0.204147107899189,"[true, true, true]",False,False,False,66015,0,e827f3a7c15be3cc0e8dad398a812438a042d5fbfc05ac4f148ca8e9393507fa,validation_004,0,3,1660789862,6,
3,0.6000000000000001,B,ramp,True,False,35.99999999999999,20.0,0,maintain,0.0,0.0,44.36,19.200000000000017,1,0,accelerate-maintain,0.052205294370651245,-0.11299434304237366,-0.15134118497371674,0,0.052205294370651245,-0.11299434304237366,0.1651996374130249,0.20354647934436798,"[true, true, true]",False,False,False,66015,0,e827f3a7c15be3cc0e8dad398a812438a042d5fbfc05ac4f148ca8e9393507fa,validation_004,0,3,1660789862,6,
4,0.8,A,mainline,True,False,48.24,19.600000000000023,1,accelerate,2.0,2.0000000000000284,39.99999999999999,20.0,1,0,accelerate-maintain,-0.07237237691879272,0.02546127513051033,-0.1764957308769226,1,0.02546127513051033,-0.07237237691879272,0.09783365204930305,0.20195700600743294,"[true, true, true]",False,False,False,66015,0,e827f3a7c15be3cc0e8dad398a812438a042d5fbfc05ac4f148ca8e9393507fa,validation_004,0,3,1660789862,6,
4,0.8,B,ramp,True,False,39.99999999999999,20.0,0,maintain,0.0,0.0,48.24,19.600000000000023,1,0,accelerate-maintain,0.05132092908024788,-0.11404919624328613,-0.14980292320251465,0,0.05132092908024788,-0.11404919624328613,0.165370125323534,0.20112385228276253,"[true, true, true]",False,False,False,66015,0,e827f3a7c15be3cc0e8dad398a812438a042d5fbfc05ac4f148ca8e9393507fa,validation_004,0,3,1660789862,6,
5,1.0,A,mainline,True,False,52.20000000000001,20.00000000000003,1,accelerate,2.0,2.0000000000000284,43.99999999999999,20.0,1,0,accelerate-maintain,-0.0731259360909462,0.023263581097126007,-0.1761973798274994,1,0.023263581097126007,-0.0731259360909462,0.0963895171880722,0.1994609609246254,"[true, true, true]",False,False,False,66015,0,e827f3a7c15be3cc0e8dad398a812438a042d5fbfc05ac4f148ca8e9393507fa,validation_004,0,3,1660789862,6,
5,1.0,B,ramp,True,False,43.99999999999999,20.0,0,maintain,0.0,0.0,52.20000000000001,20.00000000000003,1,0,accelerate-maintain,0.050454892218112946,-0.11508794128894806,-0.14828792214393616,0,0.050454892218112946,-0.11508794128894806,0.165542833507061,0.1987428143620491,"[true, true, true]",False,False,False,66015,0,e827f3a7c15be3cc0e8dad398a812438a042d5fbfc05ac4f148ca8e9393507fa,validation_004,0,3,1660789862,6,
6,1.2000000000000002,A,mainline,True,False,56.240000000000016,20.400000000000034,1,accelerate,2.0,2.0000000000000284,47.99999999999999,20.0,1,0,accelerate-maintain,-0.07384160161018372,0.021330084651708603,-0.17541474103927612,1,0.021330084651708603,-0.07384160161018372,0.09517168626189232,0.19674482569098473,"[true, true, true]",False,False,False,66015,0,e827f3a7c15be3cc0e8dad398a812438a042d5fbfc05ac4f148ca8e9393507fa,validation_004,0,3,1660789862,6,
6,1.2000000000000002,B,ramp,True,False,47.99999999999999,20.0,0,maintain,0.0,0.0,56.240000000000016,20.400000000000034,1,0,accelerate-maintain,0.04966304451227188,-0.11561658978462219,-0.1463499516248703,0,0.04966304451227188,-0.11561658978462219,0.16527963429689407,0.19601299613714218,"[true, true, true]",False,False,False,66015,0,e827f3a7c15be3cc0e8dad398a812438a042d5fbfc05ac4f148ca8e9393507fa,validation_004,0,3,1660789862,6,
7,1.4000000000000001,A,mainline,True,False,60.36000000000002,20.80000000000004,1,accelerate,2.0,2.0000000000000284,51.99999999999999,20.0,1,0,accelerate-maintain,-0.07444658875465393,0.019587170332670212,-0.17440034449100494,1,0.019587170332670212,-0.07444658875465393,0.09403375908732414,0.19398751482367516,"[true, true, true]",False,False,False,66015,0,e827f3a7c15be3cc0e8dad398a812438a042d5fbfc05ac4f148ca8e9393507fa,validation_004,0,3,1660789862,6,
7,1.4000000000000001,B,ramp,True,False,51.99999999999999,20.0,0,maintain,0.0,0.0,60.36000000000002,20.80000000000004,1,0,accelerate-maintain,0.04901556298136711,-0.11539912223815918,-0.14399464428424835,0,0.04901556298136711,-0.11539912223815918,0.1644146852195263,0.19301020726561546,"[true, true, true]",False,False,False,66015,0,e827f3a7c15be3cc0e8dad398a812438a042d5fbfc05ac4f148ca8e9393507fa,validation_004,0,3,1660789862,6,
8,1.6,A,mainline,True,False,64.56000000000003,21.200000000000045,1,accelerate,2.0,2.0000000000000284,55.99999999999999,20.0,1,0,accelerate-maintain,-0.07431720197200775,0.018080439418554306,-0.17453493177890778,1,0.018080439418554306,-0.07431720197200775,0.09239764139056206,0.19261537119746208,"[true, true, true]",False,False,False,66015,0,e827f3a7c15be3cc0e8dad398a812438a042d5fbfc05ac4f148ca8e9393507fa,validation_004,0,3,1660789862,6,
8,1.6,B,ramp,True,False,55.99999999999999,20.0,0,maintain,0.0,0.0,64.56000000000003,21.200000000000045,1,0,accelerate-maintain,0.04802967980504036,-0.11492322385311127,-0.14102086424827576,0,0.04802967980504036,-0.11492322385311127,0.16295290365815163,0.18905054405331612,"[true, true, true]",False,False,False,66015,0,e827f3a7c15be3cc0e8dad398a812438a042d5fbfc05ac4f148ca8e9393507fa,validation_004,0,3,1660789862,6,
9,1.8,A,mainline,True,False,68.84000000000003,21.60000000000005,1,accelerate,2.0,2.0000000000000284,59.99999999999999,20.0,1,0,accelerate-maintain,-0.07421115040779114,0.01657433807849884,-0.17467741668224335,1,0.01657433807849884,-0.07421115040779114,0.09078548848628998,0.1912517547607422,"[true, true, true]",False,False,False,66015,0,e827f3a7c15be3cc0e8dad398a812438a042d5fbfc05ac4f148ca8e9393507fa,validation_004,0,3,1660789862,6,
9,1.8,B,ramp,True,False,59.99999999999999,20.0,0,maintain,0.0,0.0,68.84000000000003,21.60000000000005,1,0,accelerate-maintain,0.04742036759853363,-0.11479051411151886,-0.13796646893024445,0,0.04742036759853363,-0.11479051411151886,0.1622108817100525,0.18538683652877808,"[true, true, true]",False,False,False,66015,0,e827f3a7c15be3cc0e8dad398a812438a042d5fbfc05ac4f148ca8e9393507fa,validation_004,0,3,1660789862,6,
10,2.0,A,mainline,True,False,73.20000000000003,22.000000000000057,1,accelerate,2.0,2.0000000000000284,63.99999999999999,20.0,1,0,accelerate-maintain,-0.07354718446731567,0.015172887593507767,-0.17417728900909424,1,0.015172887593507767,-0.07354718446731567,0.08872007206082344,0.189350176602602,"[true, true, true]",False,False,False,66015,0,e827f3a7c15be3cc0e8dad398a812438a042d5fbfc05ac4f148ca8e9393507fa,validation_004,0,3,1660789862,6,
10,2.0,B,ramp,True,False,63.99999999999999,20.0,0,maintain,0.0,0.0,73.20000000000003,22.000000000000057,1,0,accelerate-maintain,0.04762185364961624,-0.11423477530479431,-0.13432443141937256,0,0.04762185364961624,-0.11423477530479431,0.16185662895441055,0.1819462850689888,"[true, true, true]",False,False,False,66015,0,e827f3a7c15be3cc0e8dad398a812438a042d5fbfc05ac4f148ca8e9393507fa,validation_004,0,3,1660789862,6,
11,2.2,A,mainline,True,False,77.64000000000004,22.400000000000063,1,accelerate,2.0,2.0000000000000284,68.0,20.0,1,0,accelerate-maintain,-0.07286785542964935,0.013760127127170563,-0.17366380989551544,1,0.013760127127170563,-0.07286785542964935,0.08662798255681992,0.187423937022686,"[true, true, true]",False,False,False,66015,0,e827f3a7c15be3cc0e8dad398a812438a042d5fbfc05ac4f148ca8e9393507fa,validation_004,0,3,1660789862,6,
11,2.2,B,ramp,True,False,68.0,20.0,0,maintain,0.0,0.0,77.64000000000004,22.400000000000063,1,0,accelerate-maintain,0.048570990562438965,-0.11289618909358978,-0.13107500970363617,0,0.048570990562438965,-0.11289618909358978,0.16146717965602875,0.17964600026607513,"[true, true, true]",False,False,False,66015,0,e827f3a7c15be3cc0e8dad398a812438a042d5fbfc05ac4f148ca8e9393507fa,validation_004,0,3,1660789862,6,
12,2.4000000000000004,A,mainline,True,False,82.16000000000005,22.800000000000068,1,accelerate,2.0,2.0000000000000284,72.0,20.0,1,0,accelerate-maintain,-0.0723583847284317,0.012489952147006989,-0.1729307472705841,1,0.012489952147006989,-0.0723583847284317,0.08484833687543869,0.1854206994175911,"[true, true, true]",False,False,False,66015,0,e827f3a7c15be3cc0e8dad398a812438a042d5fbfc05ac4f148ca8e9393507fa,validation_004,0,3,1660789862,6,
12,2.4000000000000004,B,ramp,True,False,72.0,20.0,0,maintain,0.0,0.0,82.16000000000005,22.800000000000068,1,0,accelerate-maintain,0.04910072684288025,-0.11158524453639984,-0.1286468207836151,0,0.04910072684288025,-0.11158524453639984,0.1606859713792801,0.17774754762649536,"[true, true, true]",False,False,False,66015,0,e827f3a7c15be3cc0e8dad398a812438a042d5fbfc05ac4f148ca8e9393507fa,validation_004,0,3,1660789862,6,
13,2.6,A,mainline,True,False,86.76000000000006,23.200000000000074,1,accelerate,2.0,2.0000000000000284,76.0,20.0,1,0,accelerate-maintain,-0.07221047580242157,0.011558175086975098,-0.17168354988098145,1,0.011558175086975098,-0.07221047580242157,0.08376865088939667,0.18324172496795654,"[true, true, true]",False,False,False,66015,0,e827f3a7c15be3cc0e8dad398a812438a042d5fbfc05ac4f148ca8e9393507fa,validation_004,0,3,1660789862,6,
13,2.6,B,ramp,True,False,76.0,20.0,0,maintain,0.0,0.0,86.76000000000006,23.200000000000074,1,0,accelerate-maintain,0.04976990818977356,-0.11047254502773285,-0.12678387761116028,0,0.04976990818977356,-0.11047254502773285,0.1602424532175064,0.17655378580093384,"[true, true, true]",False,False,False,66015,0,e827f3a7c15be3cc0e8dad398a812438a042d5fbfc05ac4f148ca8e9393507fa,validation_004,0,3,1660789862,6,
14,2.8000000000000003,A,mainline,True,False,91.44000000000008,23.60000000000008,1,accelerate,2.0,2.0000000000000284,80.0,20.0,1,0,accelerate-maintain,-0.07208647578954697,0.010618910193443298,-0.17045524716377258,1,0.010618910193443298,-0.07208647578954697,0.08270538598299026,0.18107415735721588,"[true, true, true]",False,False,False,66015,0,e827f3a7c15be3cc0e8dad398a812438a042d5fbfc05ac4f148ca8e9393507fa,validation_004,0,3,1660789862,6,
14,2.8000000000000003,B,ramp,True,False,80.0,20.0,0,maintain,0.0,0.0,91.44000000000008,23.60000000000008,1,0,accelerate-maintain,0.05037179961800575,-0.10942980647087097,-0.12487589567899704,0,0.05037179961800575,-0.10942980647087097,0.15980160608887672,0.1752476952970028,"[true, true, true]",False,False,False,66015,0,e827f3a7c15be3cc0e8dad398a812438a042d5fbfc05ac4f148ca8e9393507fa,validation_004,0,3,1660789862,6,
15,3.0,A,mainline,True,False,96.2000000000001,24.000000000000085,1,accelerate,2.0,2.0000000000000284,84.0,20.0,1,0,accelerate-maintain,-0.0721544399857521,0.01041199266910553,-0.16927269101142883,1,0.01041199266910553,-0.0721544399857521,0.08256643265485764,0.17968468368053436,"[true, true, true]",False,False,False,66015,0,e827f3a7c15be3cc0e8dad398a812438a042d5fbfc05ac4f148ca8e9393507fa,validation_004,0,3,1660789862,6,
15,3.0,B,ramp,True,False,84.0,20.0,0,maintain,0.0,0.0,96.2000000000001,24.000000000000085,1,0,accelerate-maintain,0.051094673573970795,-0.10906985402107239,-0.12273290753364563,0,0.051094673573970795,-0.10906985402107239,0.16016452759504318,0.17382758110761642,"[true, true, true]",False,False,False,66015,0,e827f3a7c15be3cc0e8dad398a812438a042d5fbfc05ac4f148ca8e9393507fa,validation_004,0,3,1660789862,6,
16,3.2,A,mainline,True,False,101.04000000000012,24.40000000000009,1,accelerate,2.0,2.0000000000000284,88.0,20.0,1,0,accelerate-maintain,-0.07306303083896637,0.010710939764976501,-0.16834756731987,1,0.010710939764976501,-0.07306303083896637,0.08377397060394287,0.1790585070848465,"[true, true, true]",False,False,False,66015,0,e827f3a7c15be3cc0e8dad398a812438a042d5fbfc05ac4f148ca8e9393507fa,validation_004,0,3,1660789862,6,
16,3.2,B,ramp,True,False,88.0,20.0,0,maintain,0.0,0.0,101.04000000000012,24.40000000000009,1,0,accelerate-maintain,0.051948364824056625,-0.10851787775754929,-0.1208081990480423,0,0.051948364824056625,-0.10851787775754929,0.1604662425816059,0.17275656387209892,"[true, true, true]",False,False,False,66015,0,e827f3a7c15be3cc0e8dad398a812438a042d5fbfc05ac4f148ca8e9393507fa,validation_004,0,3,1660789862,6,
17,3.4000000000000004,A,mainline,True,False,105.96000000000015,24.800000000000097,1,accelerate,2.0,2.0000000000000284,92.0,20.0,1,0,accelerate-maintain,-0.07491499930620193,0.010877061635255814,-0.16819463670253754,1,0.010877061635255814,-0.07491499930620193,0.08579206094145775,0.17907169833779335,"[true, true, true]",False,False,False,66015,0,e827f3a7c15be3cc0e8dad398a812438a042d5fbfc05ac4f148ca8e9393507fa,validation_004,0,3,1660789862,6,
17,3.4000000000000004,B,ramp,True,False,92.0,20.0,0,maintain,0.0,0.0,105.96000000000015,24.800000000000097,1,0,accelerate-maintain,0.05244261026382446,-0.10730497539043427,-0.11908005177974701,0,0.05244261026382446,-0.10730497539043427,0.15974758565425873,0.17152266204357147,"[true, true, true]",False,False,False,66015,0,e827f3a7c15be3cc0e8dad398a812438a042d5fbfc05ac4f148ca8e9393507fa,validation_004,0,3,1660789862,6,
18,3.6,A,mainline,True,False,110.96000000000018,25.200000000000102,1,accelerate,2.0,2.0000000000000284,96.0,20.0,1,0,accelerate-maintain,-0.07731051743030548,0.01116275042295456,-0.1690589040517807,1,0.01116275042295456,-0.07731051743030548,0.08847326785326004,0.18022165447473526,"[true, true, true]",False,False,False,66015,0,e827f3a7c15be3cc0e8dad398a812438a042d5fbfc05ac4f148ca8e9393507fa,validation_004,0,3,1660789862,6,
18,3.6,B,ramp,True,False,96.0,20.0,0,maintain,0.0,0.0,110.96000000000018,25.200000000000102,1,0,accelerate-maintain,0.05292157083749771,-0.10613274574279785,-0.11746534705162048,0,0.05292157083749771,-0.10613274574279785,0.15905431658029556,0.1703869178891182,"[true, true, true]",False,False,False,66015,0,e827f3a7c15be3cc0e8dad398a812438a042d5fbfc05ac4f148ca8e9393507fa,validation_004,0,3,1660789862,6,
19,3.8000000000000003,A,mainline,True,False,116.04000000000019,25.600000000000108,1,accelerate,2.0,2.0000000000000284,100.0,20.0,1,0,accelerate-maintain,-0.08023038506507874,0.011366672813892365,-0.17041675746440887,1,0.011366672813892365,-0.08023038506507874,0.0915970578789711,0.18178343027830124,"[true, true, true]",False,False,False,66015,0,e827f3a7c15be3cc0e8dad398a812438a042d5fbfc05ac4f148ca8e9393507fa,validation_004,0,3,1660789862,6,
19,3.8000000000000003,B,ramp,True,False,100.0,20.0,0,maintain,0.0,0.0,116.04000000000019,25.600000000000108,1,0,accelerate-maintain,0.054200053215026855,-0.10551989078521729,-0.11595426499843597,0,0.054200053215026855,-0.10551989078521729,0.15971994400024414,0.17015431821346283,"[true, true, true]",False,False,False,66015,0,e827f3a7c15be3cc0e8dad398a812438a042d5fbfc05ac4f148ca8e9393507fa,validation_004,0,3,1660789862,6,
20,4.0,A,mainline,True,False,121.2000000000002,26.000000000000114,1,accelerate,2.0,2.0000000000000284,104.0,20.0,1,0,accelerate-maintain,-0.08174736797809601,0.011034145951271057,-0.1721908450126648,1,0.011034145951271057,-0.08174736797809601,0.09278151392936707,0.18322499096393585,"[true, true, true]",False,False,False,66015,0,e827f3a7c15be3cc0e8dad398a812438a042d5fbfc05ac4f148ca8e9393507fa,validation_004,0,3,1660789862,6,13.518889988693374
20,4.0,B,ramp,True,False,104.0,20.0,0,maintain,0.0,0.0,121.2000000000002,26.000000000000114,1,0,accelerate-maintain,0.054892800748348236,-0.10641112178564072,-0.11516020447015762,0,0.054892800748348236,-0.10641112178564072,0.16130392253398895,0.17005300521850586,"[true, true, true]",False,False,False,66015,0,e827f3a7c15be3cc0e8dad398a812438a042d5fbfc05ac4f148ca8e9393507fa,validation_004,0,3,1660789862,6,13.518889988693374
21,4.2,A,mainline,True,False,126.44000000000023,26.40000000000012,1,accelerate,2.0,2.0000000000000284,108.0,20.0,1,0,accelerate-maintain,-0.08177383244037628,0.01008276641368866,-0.17226140201091766,1,0.01008276641368866,-0.08177383244037628,0.09185659885406494,0.18234416842460632,"[true, true, true]",False,False,False,66015,0,e827f3a7c15be3cc0e8dad398a812438a042d5fbfc05ac4f148ca8e9393507fa,validation_004,0,3,1660789862,6,14.869599814581534
21,4.2,B,ramp,True,False,108.0,20.0,0,maintain,0.0,0.0,126.44000000000023,26.40000000000012,1,0,accelerate-maintain,0.10696002840995789,-0.14005814492702484,-0.16935937106609344,0,0.10696002840995789,-0.14005814492702484,0.24701817333698273,0.27631939947605133,"[true, true, true]",False,False,False,66015,0,e827f3a7c15be3cc0e8dad398a812438a042d5fbfc05ac4f148ca8e9393507fa,validation_004,0,3,1660789862,6,14.869599814581534
22,4.4,A,mainline,True,False,131.76000000000025,26.800000000000125,1,accelerate,2.0,2.0000000000000284,112.0,20.0,1,0,accelerate-maintain,-0.08409979939460754,0.009152747690677643,-0.17507591843605042,1,0.009152747690677643,-0.08409979939460754,0.09325254708528519,0.18422866612672806,"[true, true, true]",False,False,False,66015,0,e827f3a7c15be3cc0e8dad398a812438a042d5fbfc05ac4f148ca8e9393507fa,validation_004,0,3,1660789862,6,16.298346548359035
22,4.4,B,ramp,True,False,112.0,20.0,0,maintain,0.0,0.0,131.76000000000025,26.800000000000125,1,0,accelerate-maintain,0.10519151389598846,-0.14032001793384552,-0.16804753243923187,0,0.10519151389598846,-0.14032001793384552,0.24551153182983398,0.27323904633522034,"[true, true, true]",False,False,False,66015,0,e827f3a7c15be3cc0e8dad398a812438a042d5fbfc05ac4f148ca8e9393507fa,validation_004,0,3,1660789862,6,16.298346548359035
23,4.6000000000000005,A,mainline,True,False,137.16000000000028,27.20000000000013,1,accelerate,2.0,2.0000000000000284,116.0,20.0,1,0,accelerate-maintain,-0.0869709774851799,0.0076260045170784,-0.17823387682437897,1,0.0076260045170784,-0.0869709774851799,0.0945969820022583,0.18585988134145737,"[true, true, true]",False,False,False,66015,0,e827f3a7c15be3cc0e8dad398a812438a042d5fbfc05ac4f148ca8e9393507fa,validation_004,0,3,1660789862,6,17.80159026643544
23,4.6000000000000005,B,ramp,True,False,116.0,20.0,0,maintain,0.0,0.0,137.16000000000028,27.20000000000013,1,0,accelerate-maintain,0.10342142730951309,-0.1405228078365326,-0.1668582409620285,0,0.10342142730951309,-0.1405228078365326,0.24394423514604568,0.2702796682715416,"[true, true, true]",False,False,False,66015,0,e827f3a7c15be3cc0e8dad398a812438a042d5fbfc05ac4f148ca8e9393507fa,validation_004,0,3,1660789862,6,17.80159026643544
24,4.800000000000001,A,mainline,True,False,142.6400000000003,27.600000000000136,1,accelerate,2.0,2.0000000000000284,120.0,20.0,1,0,accelerate-maintain,-0.08893346786499023,0.007688350975513458,-0.18222109973430634,1,0.007688350975513458,-0.08893346786499023,0.09662181884050369,0.1899094507098198,"[true, true, true]",False,False,False,66015,0,e827f3a7c15be3cc0e8dad398a812438a042d5fbfc05ac4f148ca8e9393507fa,validation_004,0,3,1660789862,6,19.377400466595418
24,4.800000000000001,B,ramp,True,False,120.0,20.0,0,maintain,0.0,0.0,142.6400000000003,27.600000000000136,1,0,accelerate-maintain,0.10192371904850006,-0.1408502161502838,-0.16570575535297394,0,0.10192371904850006,-0.1408502161502838,0.24277393519878387,0.267629474401474,"[true, true, true]",False,False,False,66015,0,e827f3a7c15be3cc0e8dad398a812438a042d5fbfc05ac4f148ca8e9393507fa,validation_004,0,3,1660789862,6,19.377400466595418
25,5.0,A,mainline,True,False,148.20000000000033,28.000000000000142,1,accelerate,2.0,2.0000000000000284,124.0,20.0,1,0,accelerate-maintain,-0.09046822786331177,0.007631778717041016,-0.18575891852378845,1,0.007631778717041016,-0.09046822786331177,0.09810000658035278,0.19339069724082947,"[true, true, true]",False,False,False,66015,0,e827f3a7c15be3cc0e8dad398a812438a042d5fbfc05ac4f148ca8e9393507fa,validation_004,0,3,1660789862,6,21.02595357539316
25,5.0,B,ramp,True,False,124.0,20.0,0,maintain,0.0,0.0,148.20000000000033,28.000000000000142,1,0,accelerate-maintain,0.10244330763816833,-0.14224156737327576,-0.1641639620065689,0,0.10244330763816833,-0.14224156737327576,0.2446848750114441,0.26660726964473724,"[true, true, true]",False,False,False,66015,0,e827f3a7c15be3cc0e8dad398a812438a042d5fbfc05ac4f148ca8e9393507fa,validation_004,0,3,1660789862,6,21.02595357539316
26,5.2,A,mainline,True,False,153.84000000000034,28.400000000000148,1,accelerate,2.0,2.0000000000000284,128.0,20.0,1,0,accelerate-maintain,-0.09180077910423279,0.0074569545686244965,-0.18950888514518738,1,0.0074569545686244965,-0.09180077910423279,0.09925773367285728,0.19696583971381187,"[true, true, true]",False,False,False,66015,0,e827f3a7c15be3cc0e8dad398a812438a042d5fbfc05ac4f148ca8e9393507fa,validation_004,0,3,1660789862,6,22.749227981597414
26,5.2,B,ramp,True,False,128.0,20.0,0,maintain,0.0,0.0,153.84000000000034,28.400000000000148,1,0,accelerate-maintain,0.10278685390949249,-0.1434575617313385,-0.16275879740715027,0,0.10278685390949249,-0.1434575617313385,0.246244415640831,0.26554565131664276,"[true, true, true]",False,False,False,66015,0,e827f3a7c15be3cc0e8dad398a812438a042d5fbfc05ac4f148ca8e9393507fa,validation_004,0,3,1660789862,6,22.749227981597414
27,5.4,A,mainline,True,False,159.56000000000037,28.800000000000153,1,accelerate,2.0,2.0000000000000284,132.0,20.0,1,0,accelerate-maintain,-0.09148290753364563,0.006403706967830658,-0.19442053139209747,1,0.006403706967830658,-0.09148290753364563,0.09788661450147629,0.20082423835992813,"[true, true, true]",False,False,False,66015,0,e827f3a7c15be3cc0e8dad398a812438a042d5fbfc05ac4f148ca8e9393507fa,validation_004,0,3,1660789862,6,24.549899862900702
27,5.4,B,ramp,True,False,132.0,20.0,0,maintain,0.0,0.0,159.56000000000037,28.800000000000153,1,0,accelerate-maintain,0.10229013860225677,-0.14565423130989075,-0.1622016280889511,0,0.10229013860225677,-0.14565423130989075,0.24794436991214752,0.2644917666912079,"[true, true, true]",False,False,False,66015,0,e827f3a7c15be3cc0e8dad398a812438a042d5fbfc05ac4f148ca8e9393507fa,validation_004,0,3,1660789862,6,24.549899862900702
28,5.6000000000000005,A,mainline,True,False,165.3600000000004,29.20000000000016,1,accelerate,2.0,2.0000000000000284,136.0,20.0,1,0,accelerate-maintain,-0.09027043730020523,0.004555106163024902,-0.20024313032627106,1,0.004555106163024902,-0.09027043730020523,0.09482554346323013,0.20479823648929596,"[true, true, true]",False,False,False,66015,0,e827f3a7c15be3cc0e8dad398a812438a042d5fbfc05ac4f148ca8e9393507fa,validation_004,0,3,1660789862,6,26.429931239469
28,5.6000000000000005,B,ramp,True,False,136.0,20.0,0,maintain,0.0,0.0,165.3600000000004,29.20000000000016,1,0,accelerate-maintain,0.10193607211112976,-0.1485491693019867,-0.16183505952358246,0,0.10193607211112976,-0.1485491693019867,0.25048524141311646,0.2637711316347122,"[true, true, true]",False,False,False,66015,0,e827f3a7c15be3cc0e8dad398a812438a042d5fbfc05ac4f148ca8e9393507fa,validation_004,0,3,1660789862,6,26.429931239469
29,5.800000000000001,A,mainline,True,False,171.24000000000044,29.600000000000165,1,accelerate,2.0,1.9999999999966178,140.0,20.0,1,0,accelerate-maintain,-0.08902312070131302,0.0026839524507522583,-0.20608393847942352,1,0.0026839524507522583,-0.08902312070131302,0.09170707315206528,0.20876789093017578,"[true, true, true]",False,False,False,66015,0,e827f3a7c15be3cc0e8dad398a812438a042d5fbfc05ac4f148ca8e9393507fa,validation_004,0,3,1660789862,6,28.389931239476596
29,5.800000000000001,B,ramp,True,False,140.0,20.0,0,maintain,0.0,0.0,171.24000000000044,29.600000000000165,1,0,accelerate-maintain,0.10107119381427765,-0.150374174118042,-0.16141249239444733,0,0.10107119381427765,-0.150374174118042,0.25144536793231964,0.262483686208725,"[true, true, true]",False,False,False,66015,0,e827f3a7c15be3cc0e8dad398a812438a042d5fbfc05ac4f148ca8e9393507fa,validation_004,0,3,1660789862,6,28.389931239476596
30,6.0,A,mainline,True,False,177.20000000000047,30.0,1,accelerate,2.0,0.0,144.0,20.0,1,0,accelerate-maintain,-0.08776164799928665,0.0007741153240203857,-0.2119995802640915,1,0.0007741153240203857,-0.08776164799928665,0.08853576332330704,0.21277369558811188,"[true, true, true]",False,False,False,66015,0,e827f3a7c15be3cc0e8dad398a812438a042d5fbfc05ac4f148ca8e9393507fa,validation_004,0,3,1660789862,6,30.389931239476596
30,6.0,B,ramp,True,False,144.0,20.0,0,maintain,0.0,0.0,177.20000000000047,30.0,1,0,accelerate-maintain,0.10031942278146744,-0.15199169516563416,-0.16099236905574799,0,0.10031942278146744,-0.15199169516563416,0.2523111179471016,0.2613117918372154,"[true, true, true]",False,False,False,66015,0,e827f3a7c15be3cc0e8dad398a812438a042d5fbfc05ac4f148ca8e9393507fa,validation_004,0,3,1660789862,6,30.389931239476596
31,6.2,A,mainline,True,False,183.20000000000047,30.0,1,accelerate,2.0,0.0,148.0,20.0,1,0,accelerate-maintain,-0.0851266086101532,-0.0005677491426467896,-0.21691377460956573,1,-0.0005677491426467896,-0.0851266086101532,0.08455885946750641,0.21634602546691895,"[true, true, true]",False,False,False,66015,0,e827f3a7c15be3cc0e8dad398a812438a042d5fbfc05ac4f148ca8e9393507fa,validation_004,0,3,1660789862,6,32.389931239476596
31,6.2,B,ramp,True,False,148.0,20.0,0,maintain,0.0,0.0,183.20000000000047,30.0,1,0,accelerate-maintain,0.1000666543841362,-0.15338997542858124,-0.1602010577917099,0,0.1000666543841362,-0.15338997542858124,0.25345662981271744,0.2602677121758461,"[true, true, true]",False,False,False,66015,0,e827f3a7c15be3cc0e8dad398a812438a042d5fbfc05ac4f148ca8e9393507fa,validation_004,0,3,1660789862,6,32.389931239476596
32,6.4,A,mainline,True,False,189.20000000000047,30.0,1,accelerate,2.0,0.0,152.0,20.0,1,0,accelerate-maintain,-0.08204348385334015,-0.0016368180513381958,-0.22107042372226715,1,-0.0016368180513381958,-0.08204348385334015,0.08040666580200195,0.21943360567092896,"[true, true, true]",False,False,False,66015,0,e827f3a7c15be3cc0e8dad398a812438a042d5fbfc05ac4f148ca8e9393507fa,validation_004,0,3,1660789862,6,34.389931239476596
32,6.4,B,ramp,True,False,152.0,20.0,0,maintain,0.0,0.0,189.20000000000047,30.0,1,0,accelerate-maintain,0.09976533055305481,-0.15486764907836914,-0.15990056097507477,0,0.09976533055305481,-0.15486764907836914,0.25463297963142395,0.2596658915281296,"[true, true, true]",False,False,False,66015,0,e827f3a7c15be3cc0e8dad398a812438a042d5fbfc05ac4f148ca8e9393507fa,validation_004,0,3,1660789862,6,34.389931239476596
33,6.6000000000000005,A,mainline,True,False,195.20000000000047,30.0,1,accelerate,2.0,0.0,156.0,20.0,1,0,accelerate-maintain,-0.07895123958587646,-0.002706434577703476,-0.22521889209747314,1,-0.002706434577703476,-0.07895123958587646,0.07624480500817299,0.22251245751976967,"[true, true, true]",False,False,False,66015,0,e827f3a7c15be3cc0e8dad398a812438a042d5fbfc05ac4f148ca8e9393507fa,validation_004,0,3,1660789862,6,36.389931239476596
33,6.6000000000000005,B,ramp,True,False,156.0,20.0,0,maintain,0.0,0.0,195.20000000000047,30.0,1,0,accelerate-maintain,0.09906340390443802,-0.15689486265182495,-0.16039328277111053,0,0.09906340390443802,-0.15689486265182495,0.25595826655626297,0.25945668667554855,"[true, true, true]",False,False,False,66015,0,e827f3a7c15be3cc0e8dad398a812438a042d5fbfc05ac4f148ca8e9393507fa,validation_004,0,3,1660789862,6,36.389931239476596
34,6.800000000000001,A,mainline,True,False,201.20000000000047,30.0,1,accelerate,2.0,0.0,160.0,20.0,1,0,accelerate-maintain,-0.07597965747117996,-0.0036665983498096466,-0.22934958338737488,1,-0.0036665983498096466,-0.07597965747117996,0.07231305912137032,0.22568298503756523,"[true, true, true]",False,False,False,66015,0,e827f3a7c15be3cc0e8dad398a812438a042d5fbfc05ac4f148ca8e9393507fa,validation_004,0,3,1660789862,6,38.389931239476596
34,6.800000000000001,B,ramp,True,False,160.0,20.0,0,maintain,0.0,0.0,201.20000000000047,30.0,1,0,accelerate-maintain,0.09803713858127594,-0.1588226705789566,-0.16153837740421295,0,0.09803713858127594,-0.1588226705789566,0.25685980916023254,0.2595755159854889,"[true, true, true]",False,False,False,66015,0,e827f3a7c15be3cc0e8dad398a812438a042d5fbfc05ac4f148ca8e9393507fa,validation_004,0,3,1660789862,6,38.389931239476596
35,7.0,A,mainline,True,False,207.20000000000047,30.0,1,accelerate,2.0,0.0,164.0,20.0,1,0,accelerate-maintain,-0.07356313616037369,-0.004146259278059006,-0.23342666029930115,1,-0.004146259278059006,-0.07356313616037369,0.06941687688231468,0.22928040102124214,"[true, true, true]",False,False,False,66015,0,e827f3a7c15be3cc0e8dad398a812438a042d5fbfc05ac4f148ca8e9393507fa,validation_004,0,3,1660789862,6,40.389931239476596
35,7.0,B,ramp,True,False,164.0,20.0,0,maintain,0.0,0.0,207.20000000000047,30.0,1,0,accelerate-maintain,0.09692518413066864,-0.16029280424118042,-0.16300179064273834,0,0.09692518413066864,-0.16029280424118042,0.25721798837184906,0.259926974773407,"[true, true, true]",False,False,False,66015,0,e827f3a7c15be3cc0e8dad398a812438a042d5fbfc05ac4f148ca8e9393507fa,validation_004,0,3,1660789862,6,40.389931239476596
36,7.2,A,mainline,True,False,213.20000000000047,30.0,1,accelerate,2.0,0.0,168.0,20.0,1,0,accelerate-maintain,-0.07160280644893646,-0.00494283065199852,-0.23761627078056335,1,-0.00494283065199852,-0.07160280644893646,0.06665997579693794,0.23267344012856483,"[true, true, true]",False,False,False,66015,0,e827f3a7c15be3cc0e8dad398a812438a042d5fbfc05ac4f148ca8e9393507fa,validation_004,0,3,1660789862,6,42.389931239476596
36,7.2,B,ramp,True,False,168.0,20.0,0,maintain,0.0,0.0,213.20000000000047,30.0,1,0,accelerate-maintain,0.09569793939590454,-0.16176432371139526,-0.16489608585834503,0,0.09569793939590454,-0.16176432371139526,0.2574622631072998,0.2605940252542496,"[true, true, true]",False,False,False,66015,0,e827f3a7c15be3cc0e8dad398a812438a042d5fbfc05ac4f148ca8e9393507fa,validation_004,0,3,1660789862,6,42.389931239476596
37,7.4,A,mainline,True,False,219.20000000000047,30.0,1,accelerate,2.0,0.0,172.0,20.0,1,0,accelerate-maintain,-0.07027655094861984,-0.005574952811002731,-0.24198195338249207,1,-0.005574952811002731,-0.07027655094861984,0.06470159813761711,0.23640700057148933,"[true, true, true]",False,False,False,66015,0,e827f3a7c15be3cc0e8dad398a812438a042d5fbfc05ac4f148ca8e9393507fa,validation_004,0,3,1660789862,6,44.389931239476596
37,7.4,B,ramp,True,False,172.0,20.0,0,maintain,0.0,0.0,219.20000000000047,30.0,1,0,accelerate-maintain,0.09476597607135773,-0.16437172889709473,-0.16745591163635254,0,0.09476597607135773,-0.16437172889709473,0.25913770496845245,0.26222188770771027,"[true, true, true]",False,False,False,66015,0,e827f3a7c15be3cc0e8dad398a812438a042d5fbfc05ac4f148ca8e9393507fa,validation_004,0,3,1660789862,6,44.389931239476596
38,7.6000000000000005,A,mainline,True,False,225.20000000000047,30.0,1,accelerate,2.0,0.0,176.0,20.0,1,0,accelerate-maintain,-0.06950551271438599,-0.0063062310218811035,-0.24627093970775604,1,-0.0063062310218811035,-0.06950551271438599,0.06319928169250488,0.23996470868587494,"[true, true, true]",False,False,False,66015,0,e827f3a7c15be3cc0e8dad398a812438a042d5fbfc05ac4f148ca8e9393507fa,validation_004,0,3,1660789862,6,46.389931239476596
38,7.6000000000000005,B,ramp,True,False,176.0,20.0,0,maintain,0.0,0.0,225.20000000000047,30.0,1,0,accelerate-maintain,0.09379056841135025,-0.16737306118011475,-0.1698877513408661,0,0.09379056841135025,-0.16737306118011475,0.261163629591465,0.26367831975221634,"[true, true, true]",False,False,False,66015,0,e827f3a7c15be3cc0e8dad398a812438a042d5fbfc05ac4f148ca8e9393507fa,validation_004,0,3,1660789862,6,46.389931239476596
39,7.800000000000001,A,mainline,True,False,231.20000000000047,30.0,0,maintain,2.0,0.0,180.0,20.0,0,0,maintain-maintain,-0.03911140561103821,-0.05809967964887619,-0.15675088763237,0,-0.03911140561103821,-0.05809967964887619,0.018988274037837982,0.11763948202133179,"[true, true, true]",False,False,False,66015,0,e827f3a7c15be3cc0e8dad398a812438a042d5fbfc05ac4f148ca8e9393507fa,validation_004,0,3,1660789862,6,48.389931239476596
39,7.800000000000001,B,ramp,True,False,180.0,20.0,0,maintain,0.0,0.0,231.20000000000047,30.0,0,0,maintain-maintain,0.04986821487545967,-0.16948458552360535,-0.17954804003238678,0,0.04986821487545967,-0.16948458552360535,0.21935280039906502,0.22941625490784645,"[true, true, true]",False,False,False,66015,0,e827f3a7c15be3cc0e8dad398a812438a042d5fbfc05ac4f148ca8e9393507fa,validation_004,0,3,1660789862,6,48.389931239476596
40,8.0,A,mainline,True,False,237.20000000000047,30.0,0,maintain,0.0,0.0,184.0,20.0,0,0,maintain-maintain,-0.03723558038473129,-0.059718064963817596,-0.15904176235198975,0,-0.03723558038473129,-0.059718064963817596,0.022482484579086304,0.12180618196725845,"[true, true, true]",False,False,False,66015,0,e827f3a7c15be3cc0e8dad398a812438a042d5fbfc05ac4f148ca8e9393507fa,validation_004,0,3,1660789862,6,50.389931239476596
40,8.0,B,ramp,True,False,184.0,20.0,0,maintain,0.0,0.0,237.20000000000047,30.0,0,0,maintain-maintain,0.0490758903324604,-0.16940367221832275,-0.181610569357872,0,0.0490758903324604,-0.16940367221832275,0.21847956255078316,0.2306864596903324,"[true, true, true]",False,False,False,66015,0,e827f3a7c15be3cc0e8dad398a812438a042d5fbfc05ac4f148ca8e9393507fa,validation_004,0,3,1660789862,6,50.389931239476596
41,8.200000000000001,A,mainline,True,False,243.20000000000047,30.0,0,maintain,0.0,0.0,188.0,20.0,0,0,maintain-maintain,-0.035432808101177216,-0.06119796633720398,-0.16120119392871857,0,-0.035432808101177216,-0.06119796633720398,0.025765158236026764,0.12576838582754135,"[true, true, true]",False,False,False,66015,0,e827f3a7c15be3cc0e8dad398a812438a042d5fbfc05ac4f148ca8e9393507fa,validation_004,0,3,1660789862,6,52.389931239476596
41,8.200000000000001,B,ramp,True,False,188.0,20.0,0,maintain,0.0,0.0,243.20000000000047,30.0,0,0,maintain-maintain,0.04826919734477997,-0.16957037150859833,-0.18385820090770721,0,0.04826919734477997,-0.16957037150859833,0.2178395688533783,0.23212739825248718,"[true, true, true]",False,False,False,66015,0,e827f3a7c15be3cc0e8dad398a812438a042d5fbfc05ac4f148ca8e9393507fa,validation_004,0,3,1660789862,6,52.389931239476596
42,8.4,A,mainline,True,False,249.20000000000047,30.0,0,maintain,0.0,0.0,192.0,20.0,0,0,maintain-maintain,-0.03362566977739334,-0.06267733126878738,-0.16335876286029816,0,-0.03362566977739334,-0.06267733126878738,0.029051661491394043,0.12973309308290482,"[true, true, true]",False,False,False,66015,0,e827f3a7c15be3cc0e8dad398a812438a042d5fbfc05ac4f148ca8e9393507fa,validation_004,0,3,1660789862,6,54.389931239476596
42,8.4,B,ramp,True,False,192.0,20.0,0,maintain,0.0,0.0,249.20000000000047,30.0,0,0,maintain-maintain,0.04747530817985535,-0.1713220626115799,-0.18724855780601501,0,0.04747530817985535,-0.1713220626115799,0.21879737079143524,0.23472386598587036,"[true, true, true]",False,False,False,66015,0,e827f3a7c15be3cc0e8dad398a812438a042d5fbfc05ac4f148ca8e9393507fa,validation_004,0,3,1660789862,6,54.389931239476596
43,8.6,A,mainline,True,False,255.20000000000047,30.0,0,maintain,0.0,0.0,196.0,20.0,0,0,maintain-maintain,-0.03175432235002518,-0.06410319358110428,-0.1654425412416458,0,-0.03175432235002518,-0.06410319358110428,0.0323488712310791,0.13368821889162064,"[true, true, true]",False,False,False,66015,0,e827f3a7c15be3cc0e8dad398a812438a042d5fbfc05ac4f148ca8e9393507fa,validation_004,0,3,1660789862,6,
43,8.6,B,ramp,True,False,196.0,20.0,0,maintain,0.0,0.0,255.20000000000047,30.0,0,0,maintain-maintain,0.04689557105302811,-0.17304152250289917,-0.19058191776275635,0,0.04689557105302811,-0.17304152250289917,0.21993709355592728,0.23747748881578445,"[true, true, true]",False,False,False,66015,0,e827f3a7c15be3cc0e8dad398a812438a042d5fbfc05ac4f148ca8e9393507fa,validation_004,0,3,1660789862,6,
44,8.8,A,mainline,False,True,261.2000000000005,0.0,0,maintain,0.0,0.0,200.0,20.0,0,0,inactive-active,-0.023381957784295082,-0.035827815532684326,-0.20523066818714142,0,-0.023381957784295082,-0.035827815532684326,0.012445857748389244,0.18184871040284634,"[true, true, true]",False,False,False,66015,0,e827f3a7c15be3cc0e8dad398a812438a042d5fbfc05ac4f148ca8e9393507fa,validation_004,0,3,1660789862,6,
44,8.8,B,ramp,True,False,200.0,20.0,0,maintain,0.0,0.0,261.2000000000005,0.0,0,0,inactive-active,0.023397071287035942,-0.06718364357948303,-0.10341541469097137,0,0.023397071287035942,-0.06718364357948303,0.09058071486651897,0.12681248597800732,"[true, true, true]",False,False,False,66015,0,e827f3a7c15be3cc0e8dad398a812438a042d5fbfc05ac4f148ca8e9393507fa,validation_004,0,3,1660789862,6,
45,9.0,A,mainline,False,True,261.2000000000005,0.0,0,maintain,0.0,0.0,204.0,20.0,0,0,inactive-active,-0.022759344428777695,-0.03449968993663788,-0.20542868971824646,0,-0.022759344428777695,-0.03449968993663788,0.011740345507860184,0.18266934528946877,"[true, true, true]",False,False,False,66015,0,e827f3a7c15be3cc0e8dad398a812438a042d5fbfc05ac4f148ca8e9393507fa,validation_004,0,3,1660789862,6,
45,9.0,B,ramp,True,False,204.0,20.0,0,maintain,0.0,0.0,261.2000000000005,0.0,0,0,inactive-active,0.024081919342279434,-0.06761717051267624,-0.10213517397642136,0,0.024081919342279434,-0.06761717051267624,0.09169908985495567,0.1262170933187008,"[true, true, true]",False,False,False,66015,0,e827f3a7c15be3cc0e8dad398a812438a042d5fbfc05ac4f148ca8e9393507fa,validation_004,0,3,1660789862,6,
46,9.200000000000001,A,mainline,False,True,261.2000000000005,0.0,0,maintain,0.0,0.0,208.0,20.0,0,0,inactive-active,-0.02213115803897381,-0.033124230802059174,-0.20542727410793304,0,-0.02213115803897381,-0.033124230802059174,0.010993072763085365,0.18329611606895924,"[true, true, true]",False,False,False,66015,0,e827f3a7c15be3cc0e8dad398a812438a042d5fbfc05ac4f148ca8e9393507fa,validation_004,0,3,1660789862,6,
46,9.200000000000001,B,ramp,True,False,208.0,20.0,0,maintain,0.0,0.0,261.2000000000005,0.0,0,0,inactive-active,0.025332603603601456,-0.06844594329595566,-0.1008593961596489,0,0.025332603603601456,-0.06844594329595566,0.09377854689955711,0.12619199976325035,"[true, true, true]",False,False,False,66015,0,e827f3a7c15be3cc0e8dad398a812438a042d5fbfc05ac4f148ca8e9393507fa,validation_004,0,3,1660789862,6,
47,9.4,A,mainline,False,True,261.2000000000005,0.0,0,maintain,0.0,0.0,212.0,20.0,0,0,inactive-active,-0.02152910642325878,-0.03166995197534561,-0.2050129622220993,0,-0.02152910642325878,-0.03166995197534561,0.01014084555208683,0.18348385579884052,"[true, true, true]",False,False,False,66015,0,e827f3a7c15be3cc0e8dad398a812438a042d5fbfc05ac4f148ca8e9393507fa,validation_004,0,3,1660789862,6,
47,9.4,B,ramp,True,False,212.0,20.0,0,maintain,0.0,0.0,261.2000000000005,0.0,0,0,inactive-active,0.02589542604982853,-0.06980367749929428,-0.1002311035990715,0,0.02589542604982853,-0.06980367749929428,0.09569910354912281,0.12612652964890003,"[true, true, true]",False,False,False,66015,0,e827f3a7c15be3cc0e8dad398a812438a042d5fbfc05ac4f148ca8e9393507fa,validation_004,0,3,1660789862,6,
48,9.600000000000001,A,mainline,False,True,261.2000000000005,0.0,0,maintain,0.0,0.0,216.0,20.0,0,0,inactive-active,-0.020815685391426086,-0.030269280076026917,-0.20469164848327637,0,-0.020815685391426086,-0.030269280076026917,0.00945359468460083,0.18387596309185028,"[true, true, true]",False,False,False,66015,0,e827f3a7c15be3cc0e8dad398a812438a042d5fbfc05ac4f148ca8e9393507fa,validation_004,0,3,1660789862,6,
48,9.600000000000001,B,ramp,True,False,216.0,20.0,0,maintain,0.0,0.0,261.2000000000005,0.0,0,0,inactive-active,0.026446612551808357,-0.07117529958486557,-0.09961394220590591,0,0.026446612551808357,-0.07117529958486557,0.09762191213667393,0.12606055475771427,"[true, true, true]",False,False,False,66015,0,e827f3a7c15be3cc0e8dad398a812438a042d5fbfc05ac4f148ca8e9393507fa,validation_004,0,3,1660789862,6,
49,9.8,A,mainline,False,True,261.2000000000005,0.0,0,maintain,0.0,0.0,220.0,20.0,0,0,inactive-active,-0.020170491188764572,-0.028891555964946747,-0.20433594286441803,0,-0.020170491188764572,-0.028891555964946747,0.008721064776182175,0.18416545167565346,"[true, true, true]",False,False,False,66015,0,e827f3a7c15be3cc0e8dad398a812438a042d5fbfc05ac4f148ca8e9393507fa,validation_004,0,3,1660789862,6,
49,9.8,B,ramp,True,False,220.0,20.0,0,maintain,0.0,0.0,261.2000000000005,0.0,0,0,inactive-active,0.026998424902558327,-0.07254674285650253,-0.09899640828371048,0,0.026998424902558327,-0.07254674285650253,0.09954516775906086,0.1259948331862688,"[true, true, true]",False,False,False,66015,0,e827f3a7c15be3cc0e8dad398a812438a042d5fbfc05ac4f148ca8e9393507fa,validation_004,0,3,1660789862,6,
50,10.0,A,mainline,False,True,261.2000000000005,0.0,0,maintain,0.0,0.0,224.0,20.0,0,0,inactive-active,-0.019266892224550247,-0.027353361248970032,-0.2042972892522812,0,-0.019266892224550247,-0.027353361248970032,0.008086469024419785,0.18503039702773094,"[true, true, true]",False,False,False,66015,0,e827f3a7c15be3cc0e8dad398a812438a042d5fbfc05ac4f148ca8e9393507fa,validation_004,0,3,1660789862,6,
50,10.0,B,ramp,True,False,224.0,20.0,0,maintain,0.0,0.0,261.2000000000005,0.0,0,0,inactive-active,0.02755085565149784,-0.07391838729381561,-0.0983784943819046,0,0.02755085565149784,-0.07391838729381561,0.10146924294531345,0.12592935003340244,"[true, true, true]",False,False,False,66015,0,e827f3a7c15be3cc0e8dad398a812438a042d5fbfc05ac4f148ca8e9393507fa,validation_004,0,3,1660789862,6,
51,10.200000000000001,A,mainline,False,True,261.2000000000005,0.0,0,maintain,0.0,0.0,228.0,20.0,0,0,inactive-active,-0.01846333034336567,-0.025874167680740356,-0.2043253630399704,0,-0.01846333034336567,-0.025874167680740356,0.007410837337374687,0.18586203269660473,"[true, true, true]",False,False,False,66015,0,e827f3a7c15be3cc0e8dad398a812438a042d5fbfc05ac4f148ca8e9393507fa,validation_004,0,3,1660789862,6,
51,10.200000000000001,B,ramp,True,False,228.0,20.0,0,maintain,0.0,0.0,261.2000000000005,0.0,0,0,inactive-active,0.027853526175022125,-0.0755719393491745,-0.09765622764825821,0,0.027853526175022125,-0.0755719393491745,0.10342546552419662,0.12550975382328033,"[true, true, true]",False,False,False,66015,0,e827f3a7c15be3cc0e8dad398a812438a042d5fbfc05ac4f148ca8e9393507fa,validation_004,0,3,1660789862,6,
52,10.4,A,mainline,False,True,261.2000000000005,0.0,0,maintain,0.0,0.0,232.0,20.0,0,0,inactive-active,-0.01769145205616951,-0.024185210466384888,-0.20429635047912598,0,-0.01769145205616951,-0.024185210466384888,0.006493758410215378,0.18660489842295647,"[true, true, true]",False,False,False,66015,0,e827f3a7c15be3cc0e8dad398a812438a042d5fbfc05ac4f148ca8e9393507fa,validation_004,0,3,1660789862,6,
52,10.4,B,ramp,True,False,232.0,20.0,0,maintain,0.0,0.0,261.2000000000005,0.0,0,0,inactive-active,0.028214119374752045,-0.07711480557918549,-0.0968247726559639,0,0.028214119374752045,-0.07711480557918549,0.10532892495393753,0.12503889203071594,"[true, true, true]",False,False,False,66015,0,e827f3a7c15be3cc0e8dad398a812438a042d5fbfc05ac4f148ca8e9393507fa,validation_004,0,3,1660789862,6,
53,10.600000000000001,A,mainline,False,True,261.2000000000005,0.0,0,maintain,0.0,0.0,236.0,20.0,0,0,inactive-active,-0.016614863649010658,-0.021717414259910583,-0.20385149121284485,0,-0.016614863649010658,-0.021717414259910583,0.005102550610899925,0.1872366275638342,"[true, true, true]",False,False,False,66015,0,e827f3a7c15be3cc0e8dad398a812438a042d5fbfc05ac4f148ca8e9393507fa,validation_004,0,3,1660789862,6,
53,10.600000000000001,B,ramp,True,False,236.0,20.0,0,maintain,0.0,0.0,261.2000000000005,0.0,0,0,inactive-active,0.02854778990149498,-0.07837649434804916,-0.09614267945289612,0,0.02854778990149498,-0.07837649434804916,0.10692428424954414,0.1246904693543911,"[true, true, true]",False,False,False,66015,0,e827f3a7c15be3cc0e8dad398a812438a042d5fbfc05ac4f148ca8e9393507fa,validation_004,0,3,1660789862,6,
54,10.8,A,mainline,False,True,261.2000000000005,0.0,0,maintain,0.0,0.0,240.0,20.0,0,0,inactive-active,-0.015537656843662262,-0.01924949139356613,-0.20340688526630402,0,-0.015537656843662262,-0.01924949139356613,0.0037118345499038696,0.18786922842264175,"[true, true, true]",False,False,False,66015,0,e827f3a7c15be3cc0e8dad398a812438a042d5fbfc05ac4f148ca8e9393507fa,validation_004,0,3,1660789862,6,
54,10.8,B,ramp,True,False,240.0,20.0,0,maintain,0.0,0.0,261.2000000000005,0.0,0,0,inactive-active,0.028423529118299484,-0.07970505207777023,-0.09565988183021545,0,0.028423529118299484,-0.07970505207777023,0.10812858119606972,0.12408341094851494,"[true, true, true]",False,False,False,66015,0,e827f3a7c15be3cc0e8dad398a812438a042d5fbfc05ac4f148ca8e9393507fa,validation_004,0,3,1660789862,6,
55,11.0,A,mainline,False,True,261.2000000000005,0.0,0,maintain,0.0,0.0,244.0,20.0,0,0,inactive-active,-0.014459891244769096,-0.016781404614448547,-0.20296251773834229,0,-0.014459891244769096,-0.016781404614448547,0.002321513369679451,0.1885026264935732,"[true, true, true]",False,False,False,66015,0,e827f3a7c15be3cc0e8dad398a812438a042d5fbfc05ac4f148ca8e9393507fa,validation_004,0,3,1660789862,6,
55,11.0,B,ramp,True,False,244.0,20.0,0,maintain,0.0,0.0,261.2000000000005,0.0,0,0,inactive-active,0.028293028473854065,-0.08103591948747635,-0.09517928212881088,0,0.028293028473854065,-0.08103591948747635,0.10932894796133041,0.12347231060266495,"[true, true, true]",False,False,False,66015,0,e827f3a7c15be3cc0e8dad398a812438a042d5fbfc05ac4f148ca8e9393507fa,validation_004,0,3,1660789862,6,
56,11.200000000000001,A,mainline,False,True,261.2000000000005,0.0,0,maintain,0.0,0.0,248.0,20.0,0,0,inactive-active,-0.013381674885749817,-0.014313086867332458,-0.20251837372779846,0,-0.013381674885749817,-0.014313086867332458,0.0009314119815826416,0.18913669884204865,"[true, true, true]",False,False,False,66015,0,e827f3a7c15be3cc0e8dad398a812438a042d5fbfc05ac4f148ca8e9393507fa,validation_004,0,3,1660789862,6,
56,11.200000000000001,B,ramp,True,False,248.0,20.0,0,maintain,0.0,0.0,261.2000000000005,0.0,0,0,inactive-active,0.028163207694888115,-0.08236820250749588,-0.09469784051179886,0,0.028163207694888115,-0.08236820250749588,0.110531410202384,0.12286104820668697,"[true, true, true]",False,False,False,66015,0,e827f3a7c15be3cc0e8dad398a812438a042d5fbfc05ac4f148ca8e9393507fa,validation_004,0,3,1660789862,6,
57,11.4,A,mainline,False,True,261.2000000000005,0.0,0,maintain,0.0,0.0,252.0,20.0,0,0,inactive-active,-0.012303031980991364,-0.011844523251056671,-0.20207452774047852,1,-0.011844523251056671,-0.012303031980991364,0.0004585087299346924,0.19023000448942184,"[true, true, true]",False,False,False,66015,0,e827f3a7c15be3cc0e8dad398a812438a042d5fbfc05ac4f148ca8e9393507fa,validation_004,0,3,1660789862,6,
57,11.4,B,ramp,True,False,252.0,20.0,0,maintain,0.0,0.0,261.2000000000005,0.0,0,0,inactive-active,0.02820539101958275,-0.083671435713768,-0.09392660856246948,0,0.02820539101958275,-0.083671435713768,0.11187682673335075,0.12213199958205223,"[true, true, true]",False,False,False,66015,0,e827f3a7c15be3cc0e8dad398a812438a042d5fbfc05ac4f148ca8e9393507fa,validation_004,0,3,1660789862,6,
58,11.600000000000001,A,mainline,False,True,261.2000000000005,0.0,0,maintain,0.0,0.0,256.0,20.0,0,0,inactive-active,-0.011224087327718735,-0.009375661611557007,-0.20163089036941528,1,-0.009375661611557007,-0.011224087327718735,0.001848425716161728,0.19225522875785828,"[true, true, true]",False,False,False,66015,0,e827f3a7c15be3cc0e8dad398a812438a042d5fbfc05ac4f148ca8e9393507fa,validation_004,0,3,1660789862,6,
58,11.600000000000001,B,ramp,True,False,256.0,20.0,0,maintain,0.0,0.0,261.2000000000005,0.0,0,0,inactive-active,0.028409309685230255,-0.08494128286838531,-0.09291538596153259,0,0.028409309685230255,-0.08494128286838531,0.11335059255361557,0.12132469564676285,"[true, true, true]",False,False,False,66015,0,e827f3a7c15be3cc0e8dad398a812438a042d5fbfc05ac4f148ca8e9393507fa,validation_004,0,3,1660789862,6,
59,11.8,A,mainline,False,True,261.2000000000005,0.0,0,maintain,0.0,0.0,260.0,20.0,0,0,inactive-active,-0.010060861706733704,-0.006771519780158997,-0.20118790864944458,1,-0.006771519780158997,-0.010060861706733704,0.003289341926574707,0.19441638886928558,"[true, true, true]",False,True,False,66015,0,e827f3a7c15be3cc0e8dad398a812438a042d5fbfc05ac4f148ca8e9393507fa,validation_004,0,3,1660789862,6,
59,11.8,B,ramp,True,False,260.0,20.0,0,maintain,0.0,0.0,261.2000000000005,0.0,0,0,inactive-active,0.028897762298583984,-0.08637142926454544,-0.09157918393611908,0,0.028897762298583984,-0.08637142926454544,0.11526919156312943,0.12047694623470306,"[true, true, true]",False,True,False,66015,0,e827f3a7c15be3cc0e8dad398a812438a042d5fbfc05ac4f148ca8e9393507fa,validation_004,0,3,1660789862,6,
0,0.0,A,ramp,True,False,23.999999999999993,20.0,1,accelerate,0.0,2.0000000000000284,33.199999999999996,18.0,1,0,accelerate-maintain,-0.05948305130004883,0.084065280854702,-0.10017198324203491,1,0.084065280854702,-0.05948305130004883,0.14354833215475082,0.1842372640967369,"[true, true, true]",False,False,False,66015,0,e827f3a7c15be3cc0e8dad398a812438a042d5fbfc05ac4f148ca8e9393507fa,validation_004,1,3,1660789862,7,
0,0.0,B,mainline,True,False,33.199999999999996,18.0,0,maintain,0.0,0.0,23.999999999999993,20.0,1,0,accelerate-maintain,0.0263241957873106,-0.13755297660827637,-0.12572313845157623,0,0.0263241957873106,-0.12572313845157623,0.15204733423888683,0.16387717239558697,"[true, true, true]",False,False,False,66015,0,e827f3a7c15be3cc0e8dad398a812438a042d5fbfc05ac4f148ca8e9393507fa,validation_004,1,3,1660789862,7,
1,0.2,A,ramp,True,False,28.039999999999996,20.400000000000006,1,accelerate,2.0,2.0000000000000284,36.79999999999999,18.0,1,0,accelerate-maintain,-0.06025947630405426,0.08473675698041916,-0.10064569860696793,1,0.08473675698041916,-0.06025947630405426,0.14499623328447342,0.18538245558738708,"[true, true, true]",False,False,False,66015,0,e827f3a7c15be3cc0e8dad398a812438a042d5fbfc05ac4f148ca8e9393507fa,validation_004,1,3,1660789862,7,
1,0.2,B,mainline,True,False,36.79999999999999,18.0,0,maintain,0.0,0.0,28.039999999999996,20.400000000000006,1,0,accelerate-maintain,0.02546459063887596,-0.1376035064458847,-0.12412628531455994,0,0.02546459063887596,-0.12412628531455994,0.1495908759534359,0.16306809708476067,"[true, true, true]",False,False,False,66015,0,e827f3a7c15be3cc0e8dad398a812438a042d5fbfc05ac4f148ca8e9393507fa,validation_004,1,3,1660789862,7,
2,0.4,A,ramp,True,False,32.16,20.80000000000001,1,accelerate,2.0,2.0000000000000284,40.399999999999984,18.0,1,0,accelerate-maintain,-0.06077295541763306,0.08535163104534149,-0.10122454911470413,1,0.08535163104534149,-0.06077295541763306,0.14612458646297455,0.18657618016004562,"[true, true, true]",False,False,False,66015,0,e827f3a7c15be3cc0e8dad398a812438a042d5fbfc05ac4f148ca8e9393507fa,validation_004,1,3,1660789862,7,
2,0.4,B,mainline,True,False,40.399999999999984,18.0,0,maintain,0.0,0.0,32.16,20.80000000000001,1,0,accelerate-maintain,0.024862587451934814,-0.1372280716896057,-0.12280981242656708,0,0.024862587451934814,-0.12280981242656708,0.1476723998785019,0.16209065914154053,"[true, true, true]",False,False,False,66015,0,e827f3a7c15be3cc0e8dad398a812438a042d5fbfc05ac4f148ca8e9393507fa,validation_004,1,3,1660789862,7,
3,0.6000000000000001,A,ramp,True,False,36.36,21.200000000000017,1,accelerate,2.0,2.0000000000000284,43.99999999999998,18.0,1,0,accelerate-maintain,-0.061200499534606934,0.0859358161687851,-0.10180645436048508,1,0.0859358161687851,-0.061200499534606934,0.14713631570339203,0.18774227052927017,"[true, true, true]",False,False,False,66015,0,e827f3a7c15be3cc0e8dad398a812438a042d5fbfc05ac4f148ca8e9393507fa,validation_004,1,3,1660789862,7,
3,0.6000000000000001,B,mainline,True,False,43.99999999999998,18.0,0,maintain,0.0,0.0,36.36,21.200000000000017,1,0,accelerate-maintain,0.024653684347867966,-0.13642606139183044,-0.12135852128267288,0,0.024653684347867966,-0.12135852128267288,0.14601220563054085,0.1610797457396984,"[true, true, true]",False,False,False,66015,0,e827f3a7c15be3cc0e8dad398a812438a042d5fbfc05ac4f148ca8e9393507fa,validation_004,1,3,1660789862,7,
4,0.8,A,ramp,True,False,40.64,21.600000000000023,1,accelerate,2.0,2.0000000000000284,47.59999999999997,18.0,1,0,accelerate-maintain,-0.06179770827293396,0.08652911335229874,-0.10222411900758743,1,0.08652911335229874,-0.06179770827293396,0.1483268216252327,0.18875323235988617,"[true, true, true]",False,False,False,66015,0,e827f3a7c15be3cc0e8dad398a812438a042d5fbfc05ac4f148ca8e9393507fa,validation_004,1,3,1660789862,7,
4,0.8,B,mainline,True,False,47.59999999999997,18.0,0,maintain,0.0,0.0,40.64,21.600000000000023,1,0,accelerate-maintain,0.025225235149264336,-0.1358618140220642,-0.11991579830646515,0,0.025225235149264336,-0.11991579830646515,0.14514103345572948,0.16108704917132854,"[true, true, true]",False,False,False,66015,0,e827f3a7c15be3cc0e8dad398a812438a042d5fbfc05ac4f148ca8e9393507fa,validation_004,1,3,1660789862,7,
5,1.0,A,ramp,True,False,45.00000000000001,22.00000000000003,1,accelerate,2.0,2.0000000000000284,51.19999999999997,18.0,1,0,accelerate-maintain,-0.062191933393478394,0.08740903437137604,-0.1029086709022522,1,0.08740903437137604,-0.062191933393478394,0.14960096776485443,0.19031770527362823,"[true, true, true]",False,False,False,66015,0,e827f3a7c15be3cc0e8dad398a812438a042d5fbfc05ac4f148ca8e9393507fa,validation_004,1,3,1660789862,7,
5,1.0,B,mainline,True,False,51.19999999999997,18.0,0,maintain,0.0,0.0,45.00000000000001,22.00000000000003,1,0,accelerate-maintain,0.025971490889787674,-0.13522008061408997,-0.1185995489358902,0,0.025971490889787674,-0.1185995489358902,0.14457103982567787,0.16119157150387764,"[true, true, true]",False,False,False,66015,0,e827f3a7c15be3cc0e8dad398a812438a042d5fbfc05ac4f148ca8e9393507fa,validation_004,1,3,1660789862,7,
6,1.2000000000000002,A,ramp,True,False,49.44000000000001,22.400000000000034,1,accelerate,2.0,2.0000000000000284,54.79999999999996,18.0,1,0,accelerate-maintain,-0.062335990369319916,0.08870498836040497,-0.1038459911942482,1,0.08870498836040497,-0.062335990369319916,0.15104097872972488,0.19255097955465317,"[true, true, true]",False,False,False,66015,0,e827f3a7c15be3cc0e8dad398a812438a042d5fbfc05ac4f148ca8e9393507fa,validation_004,1,3,1660789862,7,
6,1.2000000000000002,B,mainline,True,False,54.79999999999996,18.0,0,maintain,0.0,0.0,49.44000000000001,22.400000000000034,1,0,accelerate-maintain,0.026760850101709366,-0.13448520004749298,-0.11746446788311005,0,0.026760850101709366,-0.11746446788311005,0.1442253179848194,0.16124605014920235,"[true, true, true]",False,False,False,66015,0,e827f3a7c15be3cc0e8dad398a812438a042d5fbfc05ac4f148ca8e9393507fa,validation_004,1,3,1660789862,7,
7,1.4000000000000001,A,ramp,True,False,53.96000000000002,22.80000000000004,1,accelerate,2.0,2.0000000000000284,58.399999999999956,18.0,1,0,accelerate-maintain,-0.06232002377510071,0.08995533734560013,-0.10470219701528549,1,0.08995533734560013,-0.06232002377510071,0.15227536112070084,0.19465753436088562,"[true, true, true]",False,False,False,66015,0,e827f3a7c15be3cc0e8dad398a812438a042d5fbfc05ac4f148ca8e9393507fa,validation_004,1,3,1660789862,7,
7,1.4000000000000001,B,mainline,True,False,58.399999999999956,18.0,0,maintain,0.0,0.0,53.96000000000002,22.80000000000004,1,0,accelerate-maintain,0.02753468230366707,-0.13277147710323334,-0.11562792956829071,0,0.02753468230366707,-0.11562792956829071,0.14316261187195778,0.1603061594069004,"[true, true, true]",False,False,False,66015,0,e827f3a7c15be3cc0e8dad398a812438a042d5fbfc05ac4f148ca8e9393507fa,validation_004,1,3,1660789862,7,
8,1.6,A,ramp,True,False,58.56000000000003,23.200000000000045,1,accelerate,2.0,2.0000000000000284,61.99999999999995,18.0,1,0,accelerate-maintain,-0.062037475407123566,0.09122197329998016,-0.10511889308691025,1,0.09122197329998016,-0.062037475407123566,0.15325944870710373,0.1963408663868904,"[true, true, true]",False,False,False,66015,0,e827f3a7c15be3cc0e8dad398a812438a042d5fbfc05ac4f148ca8e9393507fa,validation_004,1,3,1660789862,7,
8,1.6,B,mainline,True,False,61.99999999999995,18.0,0,maintain,0.0,0.0,58.56000000000003,23.200000000000045,1,0,accelerate-maintain,0.029572132974863052,-0.13105666637420654,-0.11406806111335754,0,0.029572132974863052,-0.11406806111335754,0.1436401940882206,0.1606287993490696,"[true, true, true]",False,False,False,66015,0,e827f3a7c15be3cc0e8dad398a812438a042d5fbfc05ac4f148ca8e9393507fa,validation_004,1,3,1660789862,7,
9,1.8,A,ramp,True,False,63.24000000000004,23.60000000000005,1,accelerate,2.0,2.0000000000000284,65.59999999999995,18.0,1,0,accelerate-maintain,-0.060772981494665146,0.09246876090765,-0.10613109916448593,1,0.09246876090765,-0.060772981494665146,0.15324174240231514,0.19859986007213593,"[true, true, true]",False,False,False,66015,0,e827f3a7c15be3cc0e8dad398a812438a042d5fbfc05ac4f148ca8e9393507fa,validation_004,1,3,1660789862,7,
9,1.8,B,mainline,True,False,65.59999999999995,18.0,0,maintain,0.0,0.0,63.24000000000004,23.60000000000005,1,0,accelerate-maintain,0.03196946159005165,-0.12936031818389893,-0.1130082905292511,0,0.03196946159005165,-0.1130082905292511,0.14497775211930275,0.16132977977395058,"[true, true, true]",False,False,False,66015,0,e827f3a7c15be3cc0e8dad398a812438a042d5fbfc05ac4f148ca8e9393507fa,validation_004,1,3,1660789862,7,
10,2.0,A,ramp,True,False,68.00000000000006,24.000000000000057,1,accelerate,2.0,2.0000000000000284,69.19999999999997,18.0,1,0,accelerate-maintain,-0.05895619839429855,0.09372156858444214,-0.10777726024389267,1,0.09372156858444214,-0.05895619839429855,0.1526777669787407,0.2014988288283348,"[true, true, true]",False,False,False,66015,0,e827f3a7c15be3cc0e8dad398a812438a042d5fbfc05ac4f148ca8e9393507fa,validation_004,1,3,1660789862,7,
10,2.0,B,mainline,True,False,69.19999999999997,18.0,0,maintain,0.0,0.0,68.00000000000006,24.000000000000057,1,0,accelerate-maintain,0.033774517476558685,-0.12748466432094574,-0.11227847635746002,0,0.033774517476558685,-0.11227847635746002,0.1460529938340187,0.16125918179750443,"[true, true, true]",False,False,False,66015,0,e827f3a7c15be3cc0e8dad398a812438a042d5fbfc05ac4f148ca8e9393507fa,validation_004,1,3,1660789862,7,
11,2.2,A,ramp,True,False,72.84000000000006,24.400000000000063,1,accelerate,2.0,2.0000000000000284,72.8,18.0,1,0,accelerate-maintain,-0.05603666231036186,0.0942164808511734,-0.11026334762573242,1,0.0942164808511734,-0.05603666231036186,0.15025314316153526,0.20447982847690582,"[true, true, true]",False,False,False,66015,0,e827f3a7c15be3cc0e8dad398a812438a042d5fbfc05ac4f148ca8e9393507fa,validation_004,1,3,1660789862,7,
11,2.2,B,mainline,True,False,72.8,18.0,0,maintain,0.0,0.0,72.84000000000006,24.400000000000063,1,0,accelerate-maintain,0.03546411544084549,-0.12556369602680206,-0.11173717677593231,0,0.03546411544084549,-0.11173717677593231,0.1472012922167778,0.16102781146764755,"[true, true, true]",False,False,False,66015,0,e827f3a7c15be3cc0e8dad398a812438a042d5fbfc05ac4f148ca8e9393507fa,validation_004,1,3,1660789862,7,
12,2.4000000000000004,A,ramp,True,False,77.76000000000006,24.800000000000068,1,accelerate,2.0,2.0000000000000284,76.40000000000002,18.0,1,0,accelerate-maintain,-0.05220551788806915,0.09500239044427872,-0.11330489814281464,1,0.09500239044427872,-0.05220551788806915,0.14720790833234787,0.20830728858709335,"[true, true, true]",False,False,False,66015,0,e827f3a7c15be3cc0e8dad398a812438a042d5fbfc05ac4f148ca8e9393507fa,validation_004,1,3,1660789862,7,
12,2.4000000000000004,B,mainline,True,False,76.40000000000002,18.0,0,maintain,0.0,0.0,77.76000000000006,24.800000000000068,1,0,accelerate-maintain,0.03692609444260597,-0.1259758174419403,-0.11271265894174576,0,0.03692609444260597,-0.11271265894174576,0.14963875338435173,0.16290191188454628,"[true, true, true]",False,False,False,66015,0,e827f3a7c15be3cc0e8dad398a812438a042d5fbfc05ac4f148ca8e9393507fa,validation_004,1,3,1660789862,7,
13,2.6,A,ramp,True,False,82.76000000000008,25.200000000000074,1,accelerate,2.0,2.0000000000000284,80.00000000000004,18.0,1,0,accelerate-maintain,-0.04996729642152786,0.09459478408098221,-0.11581680178642273,1,0.09459478408098221,-0.04996729642152786,0.14456208050251007,0.21041158586740494,"[true, true, true]",False,False,False,66015,0,e827f3a7c15be3cc0e8dad398a812438a042d5fbfc05ac4f148ca8e9393507fa,validation_004,1,3,1660789862,7,
13,2.6,B,mainline,True,False,80.00000000000004,18.0,0,maintain,0.0,0.0,82.76000000000008,25.200000000000074,1,0,accelerate-maintain,0.03771943971514702,-0.12635599076747894,-0.11355296522378922,0,0.03771943971514702,-0.11355296522378922,0.15127240493893623,0.16407543048262596,"[true, true, true]",False,False,False,66015,0,e827f3a7c15be3cc0e8dad398a812438a042d5fbfc05ac4f148ca8e9393507fa,validation_004,1,3,1660789862,7,
14,2.8000000000000003,A,ramp,True,False,87.84000000000009,25.60000000000008,1,accelerate,2.0,2.0000000000000284,83.60000000000007,18.0,1,0,accelerate-maintain,-0.04779365658760071,0.0941457748413086,-0.1180979385972023,1,0.0941457748413086,-0.04779365658760071,0.1419394314289093,0.2122437134385109,"[true, true, true]",False,False,False,66015,0,e827f3a7c15be3cc0e8dad398a812438a042d5fbfc05ac4f148ca8e9393507fa,validation_004,1,3,1660789862,7,
14,2.8000000000000003,B,mainline,True,False,83.60000000000007,18.0,0,maintain,0.0,0.0,87.84000000000009,25.60000000000008,1,0,accelerate-maintain,0.038564957678318024,-0.12695229053497314,-0.1144644170999527,0,0.038564957678318024,-0.1144644170999527,0.15302937477827072,0.16551724821329117,"[true, true, true]",False,False,False,66015,0,e827f3a7c15be3cc0e8dad398a812438a042d5fbfc05ac4f148ca8e9393507fa,validation_004,1,3,1660789862,7,
15,3.0,A,ramp,True,False,93.0000000000001,26.000000000000085,1,accelerate,2.0,2.0000000000000284,87.20000000000009,18.0,1,0,accelerate-maintain,-0.045610204339027405,0.09366261959075928,-0.12027274072170258,1,0.09366261959075928,-0.045610204339027405,0.13927282392978668,0.21393536031246185,"[true, true, true]",False,False,False,66015,0,e827f3a7c15be3cc0e8dad398a812438a042d5fbfc05ac4f148ca8e9393507fa,validation_004,1,3,1660789862,7,
15,3.0,B,mainline,True,False,87.20000000000009,18.0,0,maintain,0.0,0.0,93.0000000000001,26.000000000000085,1,0,accelerate-maintain,0.03946101665496826,-0.12729308009147644,-0.11585689336061478,0,0.03946101665496826,-0.11585689336061478,0.15531791001558304,0.1667540967464447,"[true, true, true]",False,False,False,66015,0,e827f3a7c15be3cc0e8dad398a812438a042d5fbfc05ac4f148ca8e9393507fa,validation_004,1,3,1660789862,7,
16,3.2,A,ramp,True,False,98.24000000000012,26.40000000000009,1,accelerate,2.0,2.0000000000000284,90.80000000000011,18.0,1,0,accelerate-maintain,-0.04335685819387436,0.09316161274909973,-0.122426837682724,1,0.09316161274909973,-0.04335685819387436,0.1365184709429741,0.21558845043182373,"[true, true, true]",False,False,False,66015,0,e827f3a7c15be3cc0e8dad398a812438a042d5fbfc05ac4f148ca8e9393507fa,validation_004,1,3,1660789862,7,
16,3.2,B,mainline,True,False,90.80000000000011,18.0,0,maintain,0.0,0.0,98.24000000000012,26.40000000000009,1,0,accelerate-maintain,0.040470633655786514,-0.12713995575904846,-0.11790505796670914,0,0.040470633655786514,-0.11790505796670914,0.15837569162249565,0.16761058941483498,"[true, true, true]",False,False,False,66015,0,e827f3a7c15be3cc0e8dad398a812438a042d5fbfc05ac4f148ca8e9393507fa,validation_004,1,3,1660789862,7,
17,3.4000000000000004,A,ramp,True,False,103.56000000000014,26.800000000000097,1,accelerate,2.0,2.0000000000000284,94.40000000000013,18.0,1,0,accelerate-maintain,-0.04120032489299774,0.09290388971567154,-0.1246473491191864,1,0.09290388971567154,-0.04120032489299774,0.13410421460866928,0.21755123883485794,"[true, true, true]",False,False,False,66015,0,e827f3a7c15be3cc0e8dad398a812438a042d5fbfc05ac4f148ca8e9393507fa,validation_004,1,3,1660789862,7,5.873782465714584
17,3.4000000000000004,B,mainline,True,False,94.40000000000013,18.0,0,maintain,0.0,0.0,103.56000000000014,26.800000000000097,1,0,accelerate-maintain,0.04149816185235977,-0.12698930501937866,-0.12002065777778625,0,0.04149816185235977,-0.12002065777778625,0.16151881963014603,0.16848746687173843,"[true, true, true]",False,False,False,66015,0,e827f3a7c15be3cc0e8dad398a812438a042d5fbfc05ac4f148ca8e9393507fa,validation_004,1,3,1660789862,7,5.873782465714584
18,3.6,A,ramp,True,False,108.96000000000016,27.200000000000102,1,accelerate,2.0,2.0000000000000284,98.00000000000016,18.0,1,0,accelerate-maintain,-0.029964052140712738,0.0724157989025116,-0.1309220939874649,1,0.0724157989025116,-0.029964052140712738,0.10237985104322433,0.2033378928899765,"[true, true, true]",False,False,False,66015,0,e827f3a7c15be3cc0e8dad398a812438a042d5fbfc05ac4f148ca8e9393507fa,validation_004,1,3,1660789862,7,7.712378739642119
18,3.6,B,mainline,True,False,98.00000000000016,18.0,0,maintain,0.0,0.0,108.96000000000016,27.200000000000102,1,0,accelerate-maintain,0.05971093475818634,-0.12184400111436844,-0.15207357704639435,0,0.05971093475818634,-0.12184400111436844,0.18155493587255478,0.2117845118045807,"[true, true, true]",False,False,False,66015,0,e827f3a7c15be3cc0e8dad398a812438a042d5fbfc05ac4f148ca8e9393507fa,validation_004,1,3,1660789862,7,7.712378739642119
19,3.8000000000000003,A,ramp,True,False,114.4400000000002,27.600000000000108,1,accelerate,2.0,2.0000000000000284,101.60000000000018,18.0,1,0,accelerate-maintain,-0.027088724076747894,0.07380283623933792,-0.13242973387241364,1,0.07380283623933792,-0.027088724076747894,0.10089156031608582,0.20623257011175156,"[true, true, true]",False,False,False,66015,0,e827f3a7c15be3cc0e8dad398a812438a042d5fbfc05ac4f148ca8e9393507fa,validation_004,1,3,1660789862,7,9.638409733564885
19,3.8000000000000003,B,mainline,True,False,101.60000000000018,18.0,0,maintain,0.0,0.0,114.4400000000002,27.600000000000108,1,0,accelerate-maintain,0.05996643379330635,-0.12168943881988525,-0.1532147079706192,0,0.05996643379330635,-0.12168943881988525,0.1816558726131916,0.21318114176392555,"[true, true, true]",False,False,False,66015,0,e827f3a7c15be3cc0e8dad398a812438a042d5fbfc05ac4f148ca8e9393507fa,validation_004,1,3,1660789862,7,9.638409733564885
20,4.0,A,ramp,True,False,120.00000000000023,28.000000000000114,1,accelerate,2.0,2.0000000000000284,105.2000000000002,18.0,1,0,accelerate-maintain,-0.024044794961810112,0.0748395025730133,-0.13373130559921265,1,0.0748395025730133,-0.024044794961810112,0.09888429753482342,0.20857080817222595,"[true, true, true]",False,False,False,66015,0,e827f3a7c15be3cc0e8dad398a812438a042d5fbfc05ac4f148ca8e9393507fa,validation_004,1,3,1660789862,7,11.658295555519672
20,4.0,B,mainline,True,False,105.2000000000002,18.0,0,maintain,0.0,0.0,120.00000000000023,28.000000000000114,1,0,accelerate-maintain,0.06047694757580757,-0.12144564092159271,-0.1543380171060562,0,0.06047694757580757,-0.12144564092159271,0.18192258849740028,0.21481496468186378,"[true, true, true]",False,False,False,66015,0,e827f3a7c15be3cc0e8dad398a812438a042d5fbfc05ac4f148ca8e9393507fa,validation_004,1,3,1660789862,7,11.658295555519672
21,4.2,A,ramp,True,False,125.64000000000024,28.40000000000012,1,accelerate,2.0,2.0000000000000284,108.80000000000022,18.0,1,0,accelerate-maintain,-0.02088279090821743,0.07603302597999573,-0.13551220297813416,1,0.07603302597999573,-0.02088279090821743,0.09691581688821316,0.21154522895812988,"[true, true, true]",False,False,False,66015,0,e827f3a7c15be3cc0e8dad398a812438a042d5fbfc05ac4f148ca8e9393507fa,validation_004,1,3,1660789862,7,13.771053136180214
21,4.2,B,mainline,True,False,108.80000000000022,18.0,0,maintain,0.0,0.0,125.64000000000024,28.40000000000012,1,0,accelerate-maintain,0.06096828728914261,-0.1212039589881897,-0.15516377985477448,0,0.06096828728914261,-0.1212039589881897,0.1821722462773323,0.21613206714391708,"[true, true, true]",False,False,False,66015,0,e827f3a7c15be3cc0e8dad398a812438a042d5fbfc05ac4f148ca8e9393507fa,validation_004,1,3,1660789862,7,13.771053136180214
22,4.4,A,ramp,True,False,131.36000000000024,28.800000000000125,1,accelerate,2.0,2.0000000000000284,112.40000000000025,18.0,1,0,accelerate-maintain,-0.01790313795208931,0.07662437111139297,-0.1378283053636551,1,0.07662437111139297,-0.01790313795208931,0.09452750906348228,0.21445267647504807,"[true, true, true]",False,False,False,66015,0,e827f3a7c15be3cc0e8dad398a812438a042d5fbfc05ac4f148ca8e9393507fa,validation_004,1,3,1660789862,7,15.970075399161928
22,4.4,B,mainline,True,False,112.40000000000025,18.0,0,maintain,0.0,0.0,131.36000000000024,28.800000000000125,1,0,accelerate-maintain,0.06153034418821335,-0.12131421267986298,-0.15572409331798553,0,0.06153034418821335,-0.12131421267986298,0.18284455686807632,0.21725443750619888,"[true, true, true]",False,False,False,66015,0,e827f3a7c15be3cc0e8dad398a812438a042d5fbfc05ac4f148ca8e9393507fa,validation_004,1,3,1660789862,7,15.970075399161928
23,4.6000000000000005,A,ramp,True,False,137.16000000000028,29.20000000000013,1,accelerate,2.0,2.0000000000000284,116.00000000000027,18.0,1,0,accelerate-maintain,-0.015620074234902859,0.07679449021816254,-0.1403685212135315,1,0.07679449021816254,-0.015620074234902859,0.0924145644530654,0.21716301143169403,"[true, true, true]",False,False,False,66015,0,e827f3a7c15be3cc0e8dad398a812438a042d5fbfc05ac4f148ca8e9393507fa,validation_004,1,3,1660789862,7,18.250068760523888
23,4.6000000000000005,B,mainline,True,False,116.00000000000027,18.0,0,maintain,0.0,0.0,137.16000000000028,29.20000000000013,1,0,accelerate-maintain,0.06199168413877487,-0.12153658270835876,-0.1561577022075653,0,0.06199168413877487,-0.12153658270835876,0.18352826684713364,0.21814938634634018,"[true, true, true]",False,False,False,66015,0,e827f3a7c15be3cc0e8dad398a812438a042d5fbfc05ac4f148ca8e9393507fa,validation_004,1,3,1660789862,7,18.250068760523888
24,4.800000000000001,A,ramp,True,False,143.0400000000003,29.600000000000136,1,accelerate,2.0,1.9999999999971863,119.60000000000029,18.0,1,0,accelerate-maintain,-0.013244811445474625,0.07725262641906738,-0.14294695854187012,1,0.07725262641906738,-0.013244811445474625,0.09049743786454201,0.2201995849609375,"[true, true, true]",False,False,False,66015,0,e827f3a7c15be3cc0e8dad398a812438a042d5fbfc05ac4f148ca8e9393507fa,validation_004,1,3,1660789862,7,20.6100687605239
24,4.800000000000001,B,mainline,True,False,119.60000000000029,18.0,0,maintain,0.0,0.0,143.0400000000003,29.600000000000136,1,0,accelerate-maintain,0.06243521720170975,-0.12171484529972076,-0.15656326711177826,0,0.06243521720170975,-0.12171484529972076,0.1841500625014305,0.218998484313488,"[true, true, true]",False,False,False,66015,0,e827f3a7c15be3cc0e8dad398a812438a042d5fbfc05ac4f148ca8e9393507fa,validation_004,1,3,1660789862,7,20.6100687605239
25,5.0,A,ramp,True,False,149.00000000000034,30.0,1,accelerate,2.0,0.0,123.20000000000032,18.0,1,0,accelerate-maintain,-0.011605467647314072,0.07755252718925476,-0.14645762741565704,1,0.07755252718925476,-0.011605467647314072,0.08915799483656883,0.2240101546049118,"[true, true, true]",False,False,False,66015,0,e827f3a7c15be3cc0e8dad398a812438a042d5fbfc05ac4f148ca8e9393507fa,validation_004,1,3,1660789862,7,23.01006876052388
25,5.0,B,mainline,True,False,123.20000000000032,18.0,0,maintain,0.0,0.0,149.00000000000034,30.0,1,0,accelerate-maintain,0.06287020444869995,-0.12186942994594574,-0.15695840120315552,0,0.06287020444869995,-0.12186942994594574,0.1847396343946457,0.21982860565185547,"[true, true, true]",False,False,False,66015,0,e827f3a7c15be3cc0e8dad398a812438a042d5fbfc05ac4f148ca8e9393507fa,validation_004,1,3,1660789862,7,23.01006876052388
26,5.2,A,ramp,True,False,155.00000000000034,30.0,1,accelerate,2.0,0.0,126.80000000000034,18.0,1,0,accelerate-maintain,-0.009522895328700542,0.076963871717453,-0.1498120129108429,1,0.076963871717453,-0.009522895328700542,0.08648676704615355,0.2267758846282959,"[true, true, true]",False,False,False,66015,0,e827f3a7c15be3cc0e8dad398a812438a042d5fbfc05ac4f148ca8e9393507fa,validation_004,1,3,1660789862,7,25.41006876052387
26,5.2,B,mainline,True,False,126.80000000000034,18.0,0,maintain,0.0,0.0,155.00000000000034,30.0,1,0,accelerate-maintain,0.062442827969789505,-0.12137187272310257,-0.15657645463943481,0,0.062442827969789505,-0.12137187272310257,0.18381470069289207,0.21901928260922432,"[true, true, true]",False,False,False,66015,0,e827f3a7c15be3cc0e8dad398a812438a042d5fbfc05ac4f148ca8e9393507fa,validation_004,1,3,1660789862,7,25.41006876052387
27,5.4,A,ramp,True,False,161.00000000000034,30.0,1,accelerate,2.0,0.0,130.40000000000035,18.0,1,0,accelerate-maintain,-0.007479816675186157,0.07612313330173492,-0.1531393975019455,1,0.07612313330173492,-0.007479816675186157,0.08360294997692108,0.22926253080368042,"[true, true, true]",False,False,False,66015,0,e827f3a7c15be3cc0e8dad398a812438a042d5fbfc05ac4f148ca8e9393507fa,validation_004,1,3,1660789862,7,27.810068760523848
27,5.4,B,mainline,True,False,130.40000000000035,18.0,0,maintain,0.0,0.0,161.00000000000034,30.0,1,0,accelerate-maintain,0.06172022223472595,-0.12046249210834503,-0.15613046288490295,0,0.06172022223472595,-0.12046249210834503,0.18218271434307098,0.2178506851196289,"[true, true, true]",False,False,False,66015,0,e827f3a7c15be3cc0e8dad398a812438a042d5fbfc05ac4f148ca8e9393507fa,validation_004,1,3,1660789862,7,27.810068760523848
28,5.6000000000000005,A,ramp,True,False,167.00000000000034,30.0,1,accelerate,2.0,0.0,134.00000000000037,18.0,1,0,accelerate-maintain,-0.005751427263021469,0.07532257586717606,-0.15587924420833588,1,0.07532257586717606,-0.005751427263021469,0.08107400313019753,0.23120182007551193,"[true, true, true]",False,False,False,66015,0,e827f3a7c15be3cc0e8dad398a812438a042d5fbfc05ac4f148ca8e9393507fa,validation_004,1,3,1660789862,7,30.210068760523825
28,5.6000000000000005,B,mainline,True,False,134.00000000000037,18.0,0,maintain,0.0,0.0,167.00000000000034,30.0,1,0,accelerate-maintain,0.06100474298000336,-0.11951881647109985,-0.1556767374277115,0,0.06100474298000336,-0.11951881647109985,0.1805235594511032,0.21668148040771484,"[true, true, true]",False,False,False,66015,0,e827f3a7c15be3cc0e8dad398a812438a042d5fbfc05ac4f148ca8e9393507fa,validation_004,1,3,1660789862,7,30.210068760523825
29,5.800000000000001,A,ramp,True,False,173.00000000000034,30.0,1,accelerate,2.0,0.0,137.6000000000004,18.0,1,0,accelerate-maintain,-0.004282914102077484,0.07428164780139923,-0.15823698043823242,1,0.07428164780139923,-0.004282914102077484,0.07856456190347672,0.23251862823963165,"[true, true, true]",False,False,False,66015,0,e827f3a7c15be3cc0e8dad398a812438a042d5fbfc05ac4f148ca8e9393507fa,validation_004,1,3,1660789862,7,32.6100687605238
29,5.800000000000001,B,mainline,True,False,137.6000000000004,18.0,0,maintain,0.0,0.0,173.00000000000034,30.0,1,0,accelerate-maintain,0.06028902530670166,-0.11846276372671127,-0.15523038804531097,0,0.06028902530670166,-0.11846276372671127,0.17875178903341293,0.21551941335201263,"[true, true, true]",False,False,False,66015,0,e827f3a7c15be3cc0e8dad398a812438a042d5fbfc05ac4f148ca8e9393507fa,validation_004,1,3,1660789862,7,32.6100687605238
30,6.0,A,ramp,True,False,179.00000000000034,30.0,1,accelerate,2.0,0.0,141.20000000000041,18.0,1,0,accelerate-maintain,-0.0025140903890132904,0.07297088205814362,-0.16062159836292267,1,0.07297088205814362,-0.0025140903890132904,0.0754849724471569,0.23359248042106628,"[true, true, true]",False,False,False,66015,0,e827f3a7c15be3cc0e8dad398a812438a042d5fbfc05ac4f148ca8e9393507fa,validation_004,1,3,1660789862,7,35.01006876052378
30,6.0,B,mainline,True,False,141.20000000000041,18.0,0,maintain,0.0,0.0,179.00000000000034,30.0,1,0,accelerate-maintain,0.05927872657775879,-0.118709996342659,-0.15517620742321014,0,0.05927872657775879,-0.118709996342659,0.17798872292041779,0.21445493400096893,"[true, true, true]",False,False,False,66015,0,e827f3a7c15be3cc0e8dad398a812438a042d5fbfc05ac4f148ca8e9393507fa,validation_004,1,3,1660789862,7,35.01006876052378
31,6.2,A,ramp,True,False,185.00000000000034,30.0,1,accelerate,2.0,0.0,144.80000000000044,18.0,1,0,accelerate-maintain,-9.706616401672363e-05,0.07167357206344604,-0.16248904168605804,1,0.07167357206344604,-9.706616401672363e-05,0.07177063822746277,0.2341626137495041,"[true, true, true]",False,False,False,66015,0,e827f3a7c15be3cc0e8dad398a812438a042d5fbfc05ac4f148ca8e9393507fa,validation_004,1,3,1660789862,7,37.41006876052376
31,6.2,B,mainline,True,False,144.80000000000044,18.0,0,maintain,0.0,0.0,185.00000000000034,30.0,1,0,accelerate-maintain,0.05835083872079849,-0.11937357485294342,-0.15601354837417603,0,0.05835083872079849,-0.11937357485294342,0.1777244135737419,0.21436438709497452,"[true, true, true]",False,False,False,66015,0,e827f3a7c15be3cc0e8dad398a812438a042d5fbfc05ac4f148ca8e9393507fa,validation_004,1,3,1660789862,7,37.41006876052376
32,6.4,A,ramp,True,False,191.00000000000034,30.0,1,accelerate,2.0,0.0,148.40000000000046,18.0,1,0,accelerate-maintain,0.0024144742637872696,0.07041078060865402,-0.1642497181892395,1,0.07041078060865402,0.0024144742637872696,0.06799630634486675,0.23466049879789352,"[true, true, true]",False,False,False,66015,0,e827f3a7c15be3cc0e8dad398a812438a042d5fbfc05ac4f148ca8e9393507fa,validation_004,1,3,1660789862,7,39.810068760523734
32,6.4,B,mainline,True,False,148.40000000000046,18.0,0,maintain,0.0,0.0,191.00000000000034,30.0,1,0,accelerate-maintain,0.05748773738741875,-0.12011514604091644,-0.1572447270154953,0,0.05748773738741875,-0.12011514604091644,0.1776028834283352,0.21473246440291405,"[true, true, true]",False,False,False,66015,0,e827f3a7c15be3cc0e8dad398a812438a042d5fbfc05ac4f148ca8e9393507fa,validation_004,1,3,1660789862,7,39.810068760523734
33,6.6000000000000005,A,ramp,True,False,197.00000000000034,30.0,1,accelerate,2.0,0.0,152.00000000000048,18.0,1,0,accelerate-maintain,0.00488976389169693,0.06941636651754379,-0.16688556969165802,1,0.06941636651754379,0.00488976389169693,0.06452660262584686,0.2363019362092018,"[true, true, true]",False,False,False,66015,0,e827f3a7c15be3cc0e8dad398a812438a042d5fbfc05ac4f148ca8e9393507fa,validation_004,1,3,1660789862,7,42.21006876052371
33,6.6000000000000005,B,mainline,True,False,152.00000000000048,18.0,0,maintain,0.0,0.0,197.00000000000034,30.0,1,0,accelerate-maintain,0.05662516504526138,-0.1208559051156044,-0.15847617387771606,0,0.05662516504526138,-0.1208559051156044,0.17748107016086578,0.21510133892297745,"[true, true, true]",False,False,False,66015,0,e827f3a7c15be3cc0e8dad398a812438a042d5fbfc05ac4f148ca8e9393507fa,validation_004,1,3,1660789862,7,42.21006876052371
34,6.800000000000001,A,ramp,True,False,203.00000000000034,30.0,1,accelerate,2.0,0.0,155.6000000000005,18.0,1,0,accelerate-maintain,0.007502030581235886,0.06831993162631989,-0.16964274644851685,1,0.06831993162631989,0.007502030581235886,0.060817901045084,0.23796267807483673,"[true, true, true]",False,False,False,66015,0,e827f3a7c15be3cc0e8dad398a812438a042d5fbfc05ac4f148ca8e9393507fa,validation_004,1,3,1660789862,7,44.61006876052369
34,6.800000000000001,B,mainline,True,False,155.6000000000005,18.0,0,maintain,0.0,0.0,203.00000000000034,30.0,1,0,accelerate-maintain,0.055627547204494476,-0.12141916155815125,-0.15992392599582672,0,0.055627547204494476,-0.12141916155815125,0.17704670876264572,0.2155514732003212,"[true, true, true]",False,False,False,66015,0,e827f3a7c15be3cc0e8dad398a812438a042d5fbfc05ac4f148ca8e9393507fa,validation_004,1,3,1660789862,7,44.61006876052369
35,7.0,A,ramp,True,False,209.00000000000034,30.0,1,accelerate,2.0,0.0,159.20000000000053,18.0,1,0,accelerate-maintain,0.011521026492118835,0.06716841459274292,-0.1717282235622406,1,0.06716841459274292,0.011521026492118835,0.055647388100624084,0.23889663815498352,"[true, true, true]",False,False,False,66015,0,e827f3a7c15be3cc0e8dad398a812438a042d5fbfc05ac4f148ca8e9393507fa,validation_004,1,3,1660789862,7,47.010068760523666
35,7.0,B,mainline,True,False,159.20000000000053,18.0,0,maintain,0.0,0.0,209.00000000000034,30.0,1,0,accelerate-maintain,0.05457928776741028,-0.12127126753330231,-0.16200873255729675,0,0.05457928776741028,-0.12127126753330231,0.17585055530071259,0.21658802032470703,"[true, true, true]",False,False,False,66015,0,e827f3a7c15be3cc0e8dad398a812438a042d5fbfc05ac4f148ca8e9393507fa,validation_004,1,3,1660789862,7,47.010068760523666
36,7.2,A,ramp,True,False,215.00000000000034,30.0,1,accelerate,2.0,0.0,162.80000000000055,18.0,1,0,accelerate-maintain,0.01584998518228531,0.06580772995948792,-0.17382657527923584,1,0.06580772995948792,0.01584998518228531,0.049957744777202606,0.23963430523872375,"[true, true, true]",False,False,False,66015,0,e827f3a7c15be3cc0e8dad398a812438a042d5fbfc05ac4f148ca8e9393507fa,validation_004,1,3,1660789862,7,49.41006876052364
36,7.2,B,mainline,True,False,162.80000000000055,18.0,0,maintain,0.0,0.0,215.00000000000034,30.0,1,0,accelerate-maintain,0.053646594285964966,-0.12141456454992294,-0.1641150265932083,0,0.053646594285964966,-0.12141456454992294,0.1750611588358879,0.21776162087917328,"[true, true, true]",False,False,False,66015,0,e827f3a7c15be3cc0e8dad398a812438a042d5fbfc05ac4f148ca8e9393507fa,validation_004,1,3,1660789862,7,49.41006876052364
37,7.4,A,ramp,True,False,221.00000000000034,30.0,1,accelerate,2.0,0.0,166.40000000000057,18.0,1,0,accelerate-maintain,0.020170845091342926,0.06442949175834656,-0.17596335709095,1,0.06442949175834656,0.020170845091342926,0.04425864666700363,0.24039284884929657,"[true, true, true]",False,False,False,66015,0,e827f3a7c15be3cc0e8dad398a812438a042d5fbfc05ac4f148ca8e9393507fa,validation_004,1,3,1660789862,7,51.81006876052362
37,7.4,B,mainline,True,False,166.40000000000057,18.0,0,maintain,0.0,0.0,221.00000000000034,30.0,1,0,accelerate-maintain,0.05297088623046875,-0.12252259254455566,-0.1662273406982422,0,0.05297088623046875,-0.12252259254455566,0.17549347877502441,0.21919822692871094,"[true, true, true]",False,False,False,66015,0,e827f3a7c15be3cc0e8dad398a812438a042d5fbfc05ac4f148ca8e9393507fa,validation_004,1,3,1660789862,7,51.81006876052362
38,7.6000000000000005,A,ramp,True,False,227.00000000000034,30.0,1,accelerate,2.0,0.0,170.0000000000006,18.0,1,0,accelerate-maintain,0.024327997118234634,0.06271560490131378,-0.17883804440498352,1,0.06271560490131378,0.024327997118234634,0.03838760778307915,0.2415536493062973,"[true, true, true]",False,False,False,66015,0,e827f3a7c15be3cc0e8dad398a812438a042d5fbfc05ac4f148ca8e9393507fa,validation_004,1,3,1660789862,7,54.2100687605236
38,7.6000000000000005,B,mainline,True,False,170.0000000000006,18.0,0,maintain,0.0,0.0,227.00000000000034,30.0,1,0,accelerate-maintain,0.052616409957408905,-0.12419436126947403,-0.16838684678077698,0,0.052616409957408905,-0.12419436126947403,0.17681077122688293,0.22100325673818588,"[true, true, true]",False,False,False,66015,0,e827f3a7c15be3cc0e8dad398a812438a042d5fbfc05ac4f148ca8e9393507fa,validation_004,1,3,1660789862,7,54.2100687605236
39,7.800000000000001,A,ramp,True,False,233.00000000000034,30.0,0,maintain,2.0,0.0,173.60000000000062,18.0,0,0,maintain-maintain,0.04875083267688751,0.030067380517721176,-0.14174893498420715,0,0.04875083267688751,0.030067380517721176,0.018683452159166336,0.19049976766109467,"[true, true, true]",False,False,False,66015,0,e827f3a7c15be3cc0e8dad398a812438a042d5fbfc05ac4f148ca8e9393507fa,validation_004,1,3,1660789862,7,56.610068760523575
39,7.800000000000001,B,mainline,True,False,173.60000000000062,18.0,0,maintain,0.0,0.0,233.00000000000034,30.0,0,0,maintain-maintain,0.05299679934978485,-0.12335358560085297,-0.18439581990242004,0,0.05299679934978485,-0.12335358560085297,0.17635038495063782,0.2373926192522049,"[true, true, true]",False,False,False,66015,0,e827f3a7c15be3cc0e8dad398a812438a042d5fbfc05ac4f148ca8e9393507fa,validation_004,1,3,1660789862,7,56.610068760523575
40,8.0,A,ramp,True,False,239.00000000000034,30.0,0,maintain,0.0,0.0,177.20000000000064,18.0,0,0,maintain-maintain,0.052324846386909485,0.0289328433573246,-0.14256992936134338,0,0.052324846386909485,0.0289328433573246,0.023392003029584885,0.19489477574825287,"[true, true, true]",False,False,False,66015,0,e827f3a7c15be3cc0e8dad398a812438a042d5fbfc05ac4f148ca8e9393507fa,validation_004,1,3,1660789862,7,59.01006876052355
40,8.0,B,mainline,True,False,177.20000000000064,18.0,0,maintain,0.0,0.0,239.00000000000034,30.0,0,0,maintain-maintain,0.05185771733522415,-0.12296503782272339,-0.1865144670009613,0,0.05185771733522415,-0.12296503782272339,0.17482275515794754,0.23837218433618546,"[true, true, true]",False,False,False,66015,0,e827f3a7c15be3cc0e8dad398a812438a042d5fbfc05ac4f148ca8e9393507fa,validation_004,1,3,1660789862,7,59.01006876052355
41,8.200000000000001,A,ramp,True,False,245.00000000000034,30.0,0,maintain,0.0,0.0,180.80000000000067,18.0,0,0,maintain-maintain,0.05548502504825592,0.02793893590569496,-0.14342841506004333,0,0.05548502504825592,0.02793893590569496,0.02754608914256096,0.19891344010829926,"[true, true, true]",False,False,False,66015,0,e827f3a7c15be3cc0e8dad398a812438a042d5fbfc05ac4f148ca8e9393507fa,validation_004,1,3,1660789862,7,61.41006876052353
41,8.200000000000001,B,mainline,True,False,180.80000000000067,18.0,0,maintain,0.0,0.0,245.00000000000034,30.0,0,0,maintain-maintain,0.050670892000198364,-0.1228635162115097,-0.18871194124221802,0,0.050670892000198364,-0.1228635162115097,0.17353440821170807,0.23938283324241638,"[true, true, true]",False,False,False,66015,0,e827f3a7c15be3cc0e8dad398a812438a042d5fbfc05ac4f148ca8e9393507fa,validation_004,1,3,1660789862,7,61.41006876052353
42,8.4,A,ramp,True,False,251.00000000000034,30.0,0,maintain,0.0,0.0,184.4000000000007,18.0,0,0,maintain-maintain,0.05808642506599426,0.027057630941271782,-0.1445019543170929,0,0.05808642506599426,0.027057630941271782,0.03102879412472248,0.20258837938308716,"[true, true, true]",False,False,False,66015,0,e827f3a7c15be3cc0e8dad398a812438a042d5fbfc05ac4f148ca8e9393507fa,validation_004,1,3,1660789862,7,63.810068760523535
42,8.4,B,mainline,True,False,184.4000000000007,18.0,0,maintain,0.0,0.0,251.00000000000034,30.0,0,0,maintain-maintain,0.04993096739053726,-0.1220213994383812,-0.19049175083637238,0,0.04993096739053726,-0.1220213994383812,0.17195236682891846,0.24042271822690964,"[true, true, true]",False,False,False,66015,0,e827f3a7c15be3cc0e8dad398a812438a042d5fbfc05ac4f148ca8e9393507fa,validation_004,1,3,1660789862,7,63.810068760523535
43,8.6,A,ramp,True,False,257.00000000000034,30.0,0,maintain,0.0,0.0,188.0000000000007,18.0,0,0,maintain-maintain,0.06045721471309662,0.026401277631521225,-0.1453997790813446,0,0.06045721471309662,0.026401277631521225,0.034055937081575394,0.20585699379444122,"[true, true, true]",False,False,False,66015,0,e827f3a7c15be3cc0e8dad398a812438a042d5fbfc05ac4f148ca8e9393507fa,validation_004,1,3,1660789862,7,
43,8.6,B,mainline,True,False,188.0000000000007,18.0,0,maintain,0.0,0.0,257.00000000000034,30.0,0,0,maintain-maintain,0.04922524094581604,-0.12129572033882141,-0.19231517612934113,0,0.04922524094581604,-0.12129572033882141,0.17052096128463745,0.24154041707515717,"[true, true, true]",False,False,False,66015,0,e827f3a7c15be3cc0e8dad398a812438a042d5fbfc05ac4f148ca8e9393507fa,validation_004,1,3,1660789862,7,
44,8.8,A,ramp,False,True,261.50000000000034,0.0,0,maintain,0.0,0.0,191.60000000000073,18.0,0,0,inactive-active,0.02556014433503151,0.002954956144094467,-0.17643682658672333,0,0.02556014433503151,0.002954956144094467,0.022605188190937042,0.20199697092175484,"[true, true, true]",False,False,False,66015,0,e827f3a7c15be3cc0e8dad398a812438a042d5fbfc05ac4f148ca8e9393507fa,validation_004,1,3,1660789862,7,
44,8.8,B,mainline,True,False,191.60000000000073,18.0,0,maintain,0.0,0.0,261.50000000000034,0.0,0,0,inactive-active,-0.017992228269577026,-0.10333868861198425,-0.11501666903495789,0,-0.017992228269577026,-0.10333868861198425,0.08534646034240723,0.09702444076538086,"[true, true, true]",False,False,False,66015,0,e827f3a7c15be3cc0e8dad398a812438a042d5fbfc05ac4f148ca8e9393507fa,validation_004,1,3,1660789862,7,
45,9.0,A,ramp,False,True,261.50000000000034,0.0,0,maintain,0.0,0.0,195.20000000000076,18.0,0,0,inactive-active,0.02603791654109955,0.0048148855566978455,-0.17478424310684204,0,0.02603791654109955,0.0048148855566978455,0.021223030984401703,0.2008221596479416,"[true, true, true]",False,False,False,66015,0,e827f3a7c15be3cc0e8dad398a812438a042d5fbfc05ac4f148ca8e9393507fa,validation_004,1,3,1660789862,7,
45,9.0,B,mainline,True,False,195.20000000000076,18.0,0,maintain,0.0,0.0,261.50000000000034,0.0,0,0,inactive-active,-0.01721915602684021,-0.10316158831119537,-0.11326263844966888,0,-0.01721915602684021,-0.10316158831119537,0.08594243228435516,0.09604348242282867,"[true, true, true]",False,False,False,66015,0,e827f3a7c15be3cc0e8dad398a812438a042d5fbfc05ac4f148ca8e9393507fa,validation_004,1,3,1660789862,7,
46,9.200000000000001,A,ramp,False,True,261.50000000000034,0.0,0,maintain,0.0,0.0,198.80000000000078,18.0,0,0,inactive-active,0.026655122637748718,0.006730604916810989,-0.17342647910118103,0,0.026655122637748718,0.006730604916810989,0.01992451772093773,0.20008160173892975,"[true, true, true]",False,False,False,66015,0,e827f3a7c15be3cc0e8dad398a812438a042d5fbfc05ac4f148ca8e9393507fa,validation_004,1,3,1660789862,7,
46,9.200000000000001,B,mainline,True,False,198.80000000000078,18.0,0,maintain,0.0,0.0,261.50000000000034,0.0,0,0,inactive-active,-0.01643402874469757,-0.1029488742351532,-0.1116076409816742,0,-0.01643402874469757,-0.1029488742351532,0.08651484549045563,0.09517361223697662,"[true, true, true]",False,False,False,66015,0,e827f3a7c15be3cc0e8dad398a812438a042d5fbfc05ac4f148ca8e9393507fa,validation_004,1,3,1660789862,7,
47,9.4,A,ramp,False,True,261.50000000000034,0.0,0,maintain,0.0,0.0,202.4000000000008,18.0,0,0,inactive-active,0.02735593169927597,0.00866333395242691,-0.17215228080749512,0,0.02735593169927597,0.00866333395242691,0.01869259774684906,0.1995082125067711,"[true, true, true]",False,False,False,66015,0,e827f3a7c15be3cc0e8dad398a812438a042d5fbfc05ac4f148ca8e9393507fa,validation_004,1,3,1660789862,7,
47,9.4,B,mainline,True,False,202.4000000000008,18.0,0,maintain,0.0,0.0,261.50000000000034,0.0,0,0,inactive-active,-0.01564718782901764,-0.1027207225561142,-0.1099712997674942,0,-0.01564718782901764,-0.1027207225561142,0.08707353472709656,0.09432411193847656,"[true, true, true]",False,False,False,66015,0,e827f3a7c15be3cc0e8dad398a812438a042d5fbfc05ac4f148ca8e9393507fa,validation_004,1,3,1660789862,7,
48,9.600000000000001,A,ramp,False,True,261.50000000000034,0.0,0,maintain,0.0,0.0,206.00000000000082,18.0,0,0,inactive-active,0.028057530522346497,0.010596785694360733,-0.17087748646736145,0,0.028057530522346497,0.010596785694360733,0.017460744827985764,0.19893501698970795,"[true, true, true]",False,False,False,66015,0,e827f3a7c15be3cc0e8dad398a812438a042d5fbfc05ac4f148ca8e9393507fa,validation_004,1,3,1660789862,7,
48,9.600000000000001,B,mainline,True,False,206.00000000000082,18.0,0,maintain,0.0,0.0,261.50000000000034,0.0,0,0,inactive-active,-0.014813840389251709,-0.10245010256767273,-0.10824060440063477,0,-0.014813840389251709,-0.10245010256767273,0.08763626217842102,0.09342676401138306,"[true, true, true]",False,False,False,66015,0,e827f3a7c15be3cc0e8dad398a812438a042d5fbfc05ac4f148ca8e9393507fa,validation_004,1,3,1660789862,7,
49,9.8,A,ramp,False,True,261.50000000000034,0.0,0,maintain,0.0,0.0,209.60000000000085,18.0,0,0,inactive-active,0.028744883835315704,0.012886866927146912,-0.16977353394031525,0,0.028744883835315704,0.012886866927146912,0.015858016908168793,0.19851841777563095,"[true, true, true]",False,False,False,66015,0,e827f3a7c15be3cc0e8dad398a812438a042d5fbfc05ac4f148ca8e9393507fa,validation_004,1,3,1660789862,7,
49,9.8,B,mainline,True,False,209.60000000000085,18.0,0,maintain,0.0,0.0,261.50000000000034,0.0,0,0,inactive-active,-0.013863548636436462,-0.10207365453243256,-0.10627603530883789,0,-0.013863548636436462,-0.10207365453243256,0.0882101058959961,0.09241248667240143,"[true, true, true]",False,False,False,66015,0,e827f3a7c15be3cc0e8dad398a812438a042d5fbfc05ac4f148ca8e9393507fa,validation_004,1,3,1660789862,7,
50,10.0,A,ramp,False,True,261.50000000000034,0.0,0,maintain,0.0,0.0,213.20000000000087,18.0,0,0,inactive-active,0.029490351676940918,0.015380587428808212,-0.16897210478782654,0,0.029490351676940918,0.015380587428808212,0.014109764248132706,0.19846245646476746,"[true, true, true]",False,False,False,66015,0,e827f3a7c15be3cc0e8dad398a812438a042d5fbfc05ac4f148ca8e9393507fa,validation_004,1,3,1660789862,7,
50,10.0,B,mainline,True,False,213.20000000000087,18.0,0,maintain,0.0,0.0,261.50000000000034,0.0,0,0,inactive-active,-0.012775279581546783,-0.10179390013217926,-0.10430845618247986,0,-0.012775279581546783,-0.10179390013217926,0.08901862055063248,0.09153317660093307,"[true, true, true]",False,False,False,66015,0,e827f3a7c15be3cc0e8dad398a812438a042d5fbfc05ac4f148ca8e9393507fa,validation_004,1,3,1660789862,7,
51,10.200000000000001,A,ramp,False,True,261.50000000000034,0.0,0,maintain,0.0,0.0,216.8000000000009,18.0,0,0,inactive-active,0.030374810099601746,0.017970960587263107,-0.16864463686943054,0,0.030374810099601746,0.017970960587263107,0.012403849512338638,0.1990194469690323,"[true, true, true]",False,False,False,66015,0,e827f3a7c15be3cc0e8dad398a812438a042d5fbfc05ac4f148ca8e9393507fa,validation_004,1,3,1660789862,7,
51,10.200000000000001,B,mainline,True,False,216.8000000000009,18.0,0,maintain,0.0,0.0,261.50000000000034,0.0,0,0,inactive-active,-0.011539950966835022,-0.10153377056121826,-0.10235519707202911,0,-0.011539950966835022,-0.10153377056121826,0.08999381959438324,0.09081524610519409,"[true, true, true]",False,False,False,66015,0,e827f3a7c15be3cc0e8dad398a812438a042d5fbfc05ac4f148ca8e9393507fa,validation_004,1,3,1660789862,7,
52,10.4,A,ramp,False,True,261.50000000000034,0.0,0,maintain,0.0,0.0,220.40000000000092,18.0,0,0,inactive-active,0.031190175563097,0.020247656852006912,-0.16842153668403625,0,0.031190175563097,0.020247656852006912,0.010942518711090088,0.19961171224713326,"[true, true, true]",False,False,False,66015,0,e827f3a7c15be3cc0e8dad398a812438a042d5fbfc05ac4f148ca8e9393507fa,validation_004,1,3,1660789862,7,
52,10.4,B,mainline,True,False,220.40000000000092,18.0,0,maintain,0.0,0.0,261.50000000000034,0.0,0,0,inactive-active,-0.010089583694934845,-0.10124944895505905,-0.1004343181848526,0,-0.010089583694934845,-0.1004343181848526,0.09034473448991776,0.0911598652601242,"[true, true, true]",False,False,False,66015,0,e827f3a7c15be3cc0e8dad398a812438a042d5fbfc05ac4f148ca8e9393507fa,validation_004,1,3,1660789862,7,
53,10.600000000000001,A,ramp,False,True,261.50000000000034,0.0,0,maintain,0.0,0.0,224.00000000000094,18.0,0,0,inactive-active,0.03200090676546097,0.022510472685098648,-0.16818630695343018,0,0.03200090676546097,0.022510472685098648,0.00949043408036232,0.20018721371889114,"[true, true, true]",False,False,False,66015,0,e827f3a7c15be3cc0e8dad398a812438a042d5fbfc05ac4f148ca8e9393507fa,validation_004,1,3,1660789862,7,
53,10.600000000000001,B,mainline,True,False,224.00000000000094,18.0,0,maintain,0.0,0.0,261.50000000000034,0.0,0,0,inactive-active,-0.008639547973871231,-0.10096517950296402,-0.09851241111755371,0,-0.008639547973871231,-0.09851241111755371,0.08987286314368248,0.09232563152909279,"[true, true, true]",False,False,False,66015,0,e827f3a7c15be3cc0e8dad398a812438a042d5fbfc05ac4f148ca8e9393507fa,validation_004,1,3,1660789862,7,
54,10.8,A,ramp,False,True,261.50000000000034,0.0,0,maintain,0.0,0.0,227.60000000000096,18.0,0,0,inactive-active,0.03259390592575073,0.02453043684363365,-0.16824555397033691,0,0.03259390592575073,0.02453043684363365,0.00806346908211708,0.20083945989608765,"[true, true, true]",False,False,False,66015,0,e827f3a7c15be3cc0e8dad398a812438a042d5fbfc05ac4f148ca8e9393507fa,validation_004,1,3,1660789862,7,
54,10.8,B,mainline,True,False,227.60000000000096,18.0,0,maintain,0.0,0.0,261.50000000000034,0.0,0,0,inactive-active,-0.007189862430095673,-0.10068091750144958,-0.09658949077129364,0,-0.007189862430095673,-0.09658949077129364,0.08939962834119797,0.09349105507135391,"[true, true, true]",False,False,False,66015,0,e827f3a7c15be3cc0e8dad398a812438a042d5fbfc05ac4f148ca8e9393507fa,validation_004,1,3,1660789862,7,
55,11.0,A,ramp,False,True,261.50000000000034,0.0,0,maintain,0.0,0.0,231.20000000000098,18.0,0,0,inactive-active,0.032793059945106506,0.026110932230949402,-0.1688370704650879,0,0.032793059945106506,0.026110932230949402,0.0066821277141571045,0.2016301304101944,"[true, true, true]",False,False,False,66015,0,e827f3a7c15be3cc0e8dad398a812438a042d5fbfc05ac4f148ca8e9393507fa,validation_004,1,3,1660789862,7,
55,11.0,B,mainline,True,False,231.20000000000098,18.0,0,maintain,0.0,0.0,261.50000000000034,0.0,0,0,inactive-active,-0.005840197205543518,-0.10055021941661835,-0.09478658437728882,0,-0.005840197205543518,-0.09478658437728882,0.0889463871717453,0.09471002221107483,"[true, true, true]",False,False,False,66015,0,e827f3a7c15be3cc0e8dad398a812438a042d5fbfc05ac4f148ca8e9393507fa,validation_004,1,3,1660789862,7,
56,11.200000000000001,A,ramp,False,True,261.50000000000034,0.0,0,maintain,0.0,0.0,234.800000000001,18.0,0,0,inactive-active,0.032992273569107056,0.027691736817359924,-0.16942885518074036,0,0.032992273569107056,0.027691736817359924,0.005300536751747131,0.2024211287498474,"[true, true, true]",False,False,False,66015,0,e827f3a7c15be3cc0e8dad398a812438a042d5fbfc05ac4f148ca8e9393507fa,validation_004,1,3,1660789862,7,
56,11.200000000000001,B,mainline,True,False,234.800000000001,18.0,0,maintain,0.0,0.0,261.50000000000034,0.0,0,0,inactive-active,-0.004521042108535767,-0.1007484495639801,-0.09323575347661972,0,-0.004521042108535767,-0.09323575347661972,0.08871471136808395,0.09622740745544434,"[true, true, true]",False,False,False,66015,0,e827f3a7c15be3cc0e8dad398a812438a042d5fbfc05ac4f148ca8e9393507fa,validation_004,1,3,1660789862,7,
57,11.4,A,ramp,False,True,261.50000000000034,0.0,0,maintain,0.0,0.0,238.40000000000103,18.0,0,0,inactive-active,0.03319152817130089,0.029272882267832756,-0.1700209081172943,0,0.03319152817130089,0.029272882267832756,0.003918645903468132,0.2032124362885952,"[true, true, true]",False,False,False,66015,0,e827f3a7c15be3cc0e8dad398a812438a042d5fbfc05ac4f148ca8e9393507fa,validation_004,1,3,1660789862,7,
57,11.4,B,mainline,True,False,238.40000000000103,18.0,0,maintain,0.0,0.0,261.50000000000034,0.0,0,0,inactive-active,-0.003202449530363083,-0.10094696283340454,-0.09168408811092377,0,-0.003202449530363083,-0.09168408811092377,0.08848163858056068,0.09774451330304146,"[true, true, true]",False,False,False,66015,0,e827f3a7c15be3cc0e8dad398a812438a042d5fbfc05ac4f148ca8e9393507fa,validation_004,1,3,1660789862,7,
58,11.600000000000001,A,ramp,False,True,261.50000000000034,0.0,0,maintain,0.0,0.0,242.00000000000105,18.0,0,0,inactive-active,0.033390846103429794,0.030854329466819763,-0.17061325907707214,0,0.033390846103429794,0.030854329466819763,0.002536516636610031,0.20400410518050194,"[true, true, true]",False,False,False,66015,0,e827f3a7c15be3cc0e8dad398a812438a042d5fbfc05ac4f148ca8e9393507fa,validation_004,1,3,1660789862,7,
58,11.600000000000001,B,mainline,True,False,242.00000000000105,18.0,0,maintain,0.0,0.0,261.50000000000034,0.0,0,0,inactive-active,-0.0018844008445739746,-0.10114577412605286,-0.09013161063194275,0,-0.0018844008445739746,-0.09013161063194275,0.08824720978736877,0.09926137328147888,"[true, true, true]",False,False,False,66015,0,e827f3a7c15be3cc0e8dad398a812438a042d5fbfc05ac4f148ca8e9393507fa,validation_004,1,3,1660789862,7,
59,11.8,A,ramp,False,True,261.50000000000034,0.0,0,maintain,0.0,0.0,245.60000000000107,18.0,0,0,inactive-active,0.03359019383788109,0.032436106353998184,-0.17120587825775146,0,0.03359019383788109,0.032436106353998184,0.001154087483882904,0.20479607209563255,"[true, true, true]",False,False,False,66015,0,e827f3a7c15be3cc0e8dad398a812438a042d5fbfc05ac4f148ca8e9393507fa,validation_004,1,3,1660789862,7,
59,11.8,B,mainline,True,False,245.60000000000107,18.0,0,maintain,0.0,0.0,261.50000000000034,0.0,0,0,inactive-active,-0.0005191117525100708,-0.10138151049613953,-0.08864621818065643,0,-0.0005191117525100708,-0.08864621818065643,0.08812710642814636,0.10086239874362946,"[true, true, true]",False,False,False,66015,0,e827f3a7c15be3cc0e8dad398a812438a042d5fbfc05ac4f148ca8e9393507fa,validation_004,1,3,1660789862,7,
60,12.0,A,ramp,False,True,261.50000000000034,0.0,0,maintain,0.0,0.0,249.2000000000011,18.0,0,0,inactive-active,0.03378956764936447,0.034018199890851974,-0.1717987358570099,1,0.034018199890851974,0.03378956764936447,0.00022863224148750305,0.20581693574786186,"[true, true, true]",False,False,False,66015,0,e827f3a7c15be3cc0e8dad398a812438a042d5fbfc05ac4f148ca8e9393507fa,validation_004,1,3,1660789862,7,
60,12.0,B,mainline,True,False,249.2000000000011,18.0,0,maintain,0.0,0.0,261.50000000000034,0.0,0,0,inactive-active,0.0009025409817695618,-0.10166109353303909,-0.08724090456962585,0,0.0009025409817695618,-0.08724090456962585,0.08814344555139542,0.10256363451480865,"[true, true, true]",False,False,False,66015,0,e827f3a7c15be3cc0e8dad398a812438a042d5fbfc05ac4f148ca8e9393507fa,validation_004,1,3,1660789862,7,
61,12.200000000000001,A,ramp,False,True,261.50000000000034,0.0,0,maintain,0.0,0.0,252.80000000000112,18.0,0,0,inactive-active,0.0340842604637146,0.03551814705133438,-0.17264637351036072,1,0.03551814705133438,0.0340842604637146,0.0014338865876197815,0.2081645205616951,"[true, true, true]",False,False,False,66015,0,e827f3a7c15be3cc0e8dad398a812438a042d5fbfc05ac4f148ca8e9393507fa,validation_004,1,3,1660789862,7,
61,12.200000000000001,B,mainline,True,False,252.80000000000112,18.0,0,maintain,0.0,0.0,261.50000000000034,0.0,0,0,inactive-active,0.0024540945887565613,-0.1017620638012886,-0.08578510582447052,0,0.0024540945887565613,-0.08578510582447052,0.08823920041322708,0.10421615839004517,"[true, true, true]",False,False,False,66015,0,e827f3a7c15be3cc0e8dad398a812438a042d5fbfc05ac4f148ca8e9393507fa,validation_004,1,3,1660789862,7,
62,12.4,A,ramp,False,True,261.50000000000034,0.0,0,maintain,0.0,0.0,256.4000000000011,18.0,0,0,inactive-active,0.0346517451107502,0.03678232058882713,-0.17422296106815338,1,0.03678232058882713,0.0346517451107502,0.002130575478076935,0.21100528165698051,"[true, true, true]",False,True,False,66015,0,e827f3a7c15be3cc0e8dad398a812438a042d5fbfc05ac4f148ca8e9393507fa,validation_004,1,3,1660789862,7,
62,12.4,B,mainline,True,False,256.4000000000011,18.0,0,maintain,0.0,0.0,261.50000000000034,0.0,0,0,inactive-active,0.004079699516296387,-0.10186581313610077,-0.08427894115447998,0,0.004079699516296387,-0.08427894115447998,0.08835864067077637,0.10594551265239716,"[true, true, true]",False,True,False,66015,0,e827f3a7c15be3cc0e8dad398a812438a042d5fbfc05ac4f148ca8e9393507fa,validation_004,1,3,1660789862,7,
0,0.0,A,mainline,True,False,38.4,16.0,1,accelerate,0.0,2.0000000000000284,32.0,20.0,1,0,accelerate-maintain,-0.07353230565786362,0.027539560571312904,-0.175899937748909,1,0.027539560571312904,-0.07353230565786362,0.10107186622917652,0.2034394983202219,"[true, true, true]",False,False,False,66015,0,e827f3a7c15be3cc0e8dad398a812438a042d5fbfc05ac4f148ca8e9393507fa,validation_005,0,4,762709817,8,
0,0.0,B,ramp,True,False,32.0,20.0,0,maintain,0.0,0.0,38.4,16.0,1,0,accelerate-maintain,0.05037879943847656,-0.10287117958068848,-0.15337161719799042,0,0.05037879943847656,-0.10287117958068848,0.15324997901916504,0.20375041663646698,"[true, true, true]",False,False,False,66015,0,e827f3a7c15be3cc0e8dad398a812438a042d5fbfc05ac4f148ca8e9393507fa,validation_005,0,4,762709817,8,
1,0.2,A,mainline,True,False,41.64,16.400000000000006,1,accelerate,2.0,2.0000000000000284,36.0,20.0,1,0,accelerate-maintain,-0.07551352679729462,0.026129702106118202,-0.17561331391334534,1,0.026129702106118202,-0.07551352679729462,0.10164322890341282,0.20174301601946354,"[true, true, true]",False,False,False,66015,0,e827f3a7c15be3cc0e8dad398a812438a042d5fbfc05ac4f148ca8e9393507fa,validation_005,0,4,762709817,8,
1,0.2,B,ramp,True,False,36.0,20.0,0,maintain,0.0,0.0,41.64,16.400000000000006,1,0,accelerate-maintain,0.048962049186229706,-0.10399775952100754,-0.15146727859973907,0,0.048962049186229706,-0.10399775952100754,0.15295980870723724,0.20042932778596878,"[true, true, true]",False,False,False,66015,0,e827f3a7c15be3cc0e8dad398a812438a042d5fbfc05ac4f148ca8e9393507fa,validation_005,0,4,762709817,8,
2,0.4,A,mainline,True,False,44.96,16.80000000000001,1,accelerate,2.0,2.0000000000000284,40.0,20.0,1,0,accelerate-maintain,-0.07697905600070953,0.024832352995872498,-0.17569100856781006,1,0.024832352995872498,-0.07697905600070953,0.10181140899658203,0.20052336156368256,"[true, true, true]",False,False,False,66015,0,e827f3a7c15be3cc0e8dad398a812438a042d5fbfc05ac4f148ca8e9393507fa,validation_005,0,4,762709817,8,
2,0.4,B,ramp,True,False,40.0,20.0,0,maintain,0.0,0.0,44.96,16.80000000000001,1,0,accelerate-maintain,0.04759329557418823,-0.10511229932308197,-0.14961205422878265,0,0.04759329557418823,-0.10511229932308197,0.1527055948972702,0.1972053498029709,"[true, true, true]",False,False,False,66015,0,e827f3a7c15be3cc0e8dad398a812438a042d5fbfc05ac4f148ca8e9393507fa,validation_005,0,4,762709817,8,
3,0.6000000000000001,A,mainline,True,False,48.36000000000001,17.200000000000017,1,accelerate,2.0,2.0000000000000284,44.0,20.0,1,0,accelerate-maintain,-0.07805715501308441,0.02325812727212906,-0.1759328544139862,1,0.02325812727212906,-0.07805715501308441,0.10131528228521347,0.19919098168611526,"[true, true, true]",False,False,False,66015,0,e827f3a7c15be3cc0e8dad398a812438a042d5fbfc05ac4f148ca8e9393507fa,validation_005,0,4,762709817,8,
3,0.6000000000000001,B,ramp,True,False,44.0,20.0,0,maintain,0.0,0.0,48.36000000000001,17.200000000000017,1,0,accelerate-maintain,0.046458739787340164,-0.1062328964471817,-0.1478905826807022,0,0.046458739787340164,-0.1062328964471817,0.15269163623452187,0.19434932246804237,"[true, true, true]",False,False,False,66015,0,e827f3a7c15be3cc0e8dad398a812438a042d5fbfc05ac4f148ca8e9393507fa,validation_005,0,4,762709817,8,
4,0.8,A,mainline,True,False,51.84000000000001,17.600000000000023,1,accelerate,2.0,2.0000000000000284,48.0,20.0,1,0,accelerate-maintain,-0.07874646782875061,0.021832987666130066,-0.17623046040534973,1,0.021832987666130066,-0.07874646782875061,0.10057945549488068,0.1980634480714798,"[true, true, true]",False,False,False,66015,0,e827f3a7c15be3cc0e8dad398a812438a042d5fbfc05ac4f148ca8e9393507fa,validation_005,0,4,762709817,8,
4,0.8,B,ramp,True,False,48.0,20.0,0,maintain,0.0,0.0,51.84000000000001,17.600000000000023,1,0,accelerate-maintain,0.04556814208626747,-0.107394278049469,-0.1462930291891098,0,0.04556814208626747,-0.107394278049469,0.15296242013573647,0.19186117127537727,"[true, true, true]",False,False,False,66015,0,e827f3a7c15be3cc0e8dad398a812438a042d5fbfc05ac4f148ca8e9393507fa,validation_005,0,4,762709817,8,
5,1.0,A,mainline,True,False,55.40000000000001,18.00000000000003,1,accelerate,2.0,2.0000000000000284,52.0,20.0,1,0,accelerate-maintain,-0.07920144498348236,0.020505722612142563,-0.17656667530536652,1,0.020505722612142563,-0.07920144498348236,0.09970716759562492,0.19707239791750908,"[true, true, true]",False,False,False,66015,0,e827f3a7c15be3cc0e8dad398a812438a042d5fbfc05ac4f148ca8e9393507fa,validation_005,0,4,762709817,8,
5,1.0,B,ramp,True,False,52.0,20.0,0,maintain,0.0,0.0,55.40000000000001,18.00000000000003,1,0,accelerate-maintain,0.044630102813243866,-0.10836401581764221,-0.14491644501686096,0,0.044630102813243866,-0.10836401581764221,0.15299411863088608,0.18954654783010483,"[true, true, true]",False,False,False,66015,0,e827f3a7c15be3cc0e8dad398a812438a042d5fbfc05ac4f148ca8e9393507fa,validation_005,0,4,762709817,8,
6,1.2000000000000002,A,mainline,True,False,59.04000000000002,18.400000000000034,1,accelerate,2.0,2.0000000000000284,56.0,20.0,1,0,accelerate-maintain,-0.08006799221038818,0.018724389374256134,-0.176559180021286,1,0.018724389374256134,-0.08006799221038818,0.09879238158464432,0.19528356939554214,"[true, true, true]",False,False,False,66015,0,e827f3a7c15be3cc0e8dad398a812438a042d5fbfc05ac4f148ca8e9393507fa,validation_005,0,4,762709817,8,
6,1.2000000000000002,B,ramp,True,False,56.0,20.0,0,maintain,0.0,0.0,59.04000000000002,18.400000000000034,1,0,accelerate-maintain,0.04375074431300163,-0.10912413150072098,-0.14344510436058044,0,0.04375074431300163,-0.10912413150072098,0.1528748758137226,0.18719584867358208,"[true, true, true]",False,False,False,66015,0,e827f3a7c15be3cc0e8dad398a812438a042d5fbfc05ac4f148ca8e9393507fa,validation_005,0,4,762709817,8,
7,1.4000000000000001,A,mainline,True,False,62.760000000000026,18.80000000000004,1,accelerate,2.0,2.0000000000000284,60.0,20.0,1,0,accelerate-maintain,-0.08013767749071121,0.017537333071231842,-0.17631061375141144,1,0.017537333071231842,-0.08013767749071121,0.09767501056194305,0.19384794682264328,"[true, true, true]",False,False,False,66015,0,e827f3a7c15be3cc0e8dad398a812438a042d5fbfc05ac4f148ca8e9393507fa,validation_005,0,4,762709817,8,
7,1.4000000000000001,B,ramp,True,False,60.0,20.0,0,maintain,0.0,0.0,62.760000000000026,18.80000000000004,1,0,accelerate-maintain,0.04330146312713623,-0.10892078280448914,-0.14088910818099976,0,0.04330146312713623,-0.10892078280448914,0.15222224593162537,0.184190571308136,"[true, true, true]",False,False,False,66015,0,e827f3a7c15be3cc0e8dad398a812438a042d5fbfc05ac4f148ca8e9393507fa,validation_005,0,4,762709817,8,
8,1.6,A,mainline,True,False,66.56000000000003,19.200000000000045,1,accelerate,2.0,2.0000000000000284,64.0,20.0,1,0,accelerate-maintain,-0.07932597398757935,0.01655983179807663,-0.1756112426519394,1,0.01655983179807663,-0.07932597398757935,0.09588580578565598,0.19217107445001602,"[true, true, true]",False,False,False,66015,0,e827f3a7c15be3cc0e8dad398a812438a042d5fbfc05ac4f148ca8e9393507fa,validation_005,0,4,762709817,8,
8,1.6,B,ramp,True,False,64.0,20.0,0,maintain,0.0,0.0,66.56000000000003,19.200000000000045,1,0,accelerate-maintain,0.04365023225545883,-0.10890532284975052,-0.13721729815006256,0,0.04365023225545883,-0.10890532284975052,0.15255555510520935,0.1808675304055214,"[true, true, true]",False,False,False,66015,0,e827f3a7c15be3cc0e8dad398a812438a042d5fbfc05ac4f148ca8e9393507fa,validation_005,0,4,762709817,8,
9,1.8,A,mainline,True,False,70.44000000000004,19.60000000000005,1,accelerate,2.0,2.0000000000000284,68.0,20.0,1,0,accelerate-maintain,-0.07880136370658875,0.015110038220882416,-0.17521575093269348,1,0.015110038220882416,-0.07880136370658875,0.09391140192747116,0.1903257891535759,"[true, true, true]",False,False,False,66015,0,e827f3a7c15be3cc0e8dad398a812438a042d5fbfc05ac4f148ca8e9393507fa,validation_005,0,4,762709817,8,
9,1.8,B,ramp,True,False,68.0,20.0,0,maintain,0.0,0.0,70.44000000000004,19.60000000000005,1,0,accelerate-maintain,0.04455624893307686,-0.1093364953994751,-0.1335107833147049,0,0.04455624893307686,-0.1093364953994751,0.15389274433255196,0.17806703224778175,"[true, true, true]",False,False,False,66015,0,e827f3a7c15be3cc0e8dad398a812438a042d5fbfc05ac4f148ca8e9393507fa,validation_005,0,4,762709817,8,
10,2.0,A,mainline,True,False,74.40000000000005,20.000000000000057,1,accelerate,2.0,2.0000000000000284,72.0,20.0,1,0,accelerate-maintain,-0.07808716595172882,0.013796094805002213,-0.174812451004982,1,0.013796094805002213,-0.07808716595172882,0.09188326075673103,0.1886085458099842,"[true, true, true]",False,False,False,66015,0,e827f3a7c15be3cc0e8dad398a812438a042d5fbfc05ac4f148ca8e9393507fa,validation_005,0,4,762709817,8,
10,2.0,B,ramp,True,False,72.0,20.0,0,maintain,0.0,0.0,74.40000000000005,20.000000000000057,1,0,accelerate-maintain,0.04557846486568451,-0.10942667722702026,-0.13009032607078552,0,0.04557846486568451,-0.10942667722702026,0.15500514209270477,0.17566879093647003,"[true, true, true]",False,False,False,66015,0,e827f3a7c15be3cc0e8dad398a812438a042d5fbfc05ac4f148ca8e9393507fa,validation_005,0,4,762709817,8,
11,2.2,A,mainline,True,False,78.44000000000005,20.400000000000063,1,accelerate,2.0,2.0000000000000284,76.0,20.0,1,0,accelerate-maintain,-0.07734715938568115,0.012450829148292542,-0.17434866726398468,1,0.012450829148292542,-0.07734715938568115,0.0897979885339737,0.18679949641227722,"[true, true, true]",False,False,False,66015,0,e827f3a7c15be3cc0e8dad398a812438a042d5fbfc05ac4f148ca8e9393507fa,validation_005,0,4,762709817,8,
11,2.2,B,ramp,True,False,76.0,20.0,0,maintain,0.0,0.0,78.44000000000005,20.400000000000063,1,0,accelerate-maintain,0.04686553403735161,-0.10831567645072937,-0.1273225098848343,0,0.04686553403735161,-0.10831567645072937,0.15518121048808098,0.1741880439221859,"[true, true, true]",False,False,False,66015,0,e827f3a7c15be3cc0e8dad398a812438a042d5fbfc05ac4f148ca8e9393507fa,validation_005,0,4,762709817,8,
12,2.4000000000000004,A,mainline,True,False,82.56000000000007,20.800000000000068,1,accelerate,2.0,2.0000000000000284,80.0,20.0,1,0,accelerate-maintain,-0.07724637538194656,0.011912766844034195,-0.17278771102428436,1,0.011912766844034195,-0.07724637538194656,0.08915914222598076,0.18470047786831856,"[true, true, true]",False,False,False,66015,0,e827f3a7c15be3cc0e8dad398a812438a042d5fbfc05ac4f148ca8e9393507fa,validation_005,0,4,762709817,8,
12,2.4000000000000004,B,ramp,True,False,80.0,20.0,0,maintain,0.0,0.0,82.56000000000007,20.800000000000068,1,0,accelerate-maintain,0.04803996905684471,-0.10730180144309998,-0.12443073093891144,0,0.04803996905684471,-0.10730180144309998,0.1553417704999447,0.17247069999575615,"[true, true, true]",False,False,False,66015,0,e827f3a7c15be3cc0e8dad398a812438a042d5fbfc05ac4f148ca8e9393507fa,validation_005,0,4,762709817,8,
13,2.6,A,mainline,True,False,86.76000000000009,21.200000000000074,1,accelerate,2.0,2.0000000000000284,84.0,20.0,1,0,accelerate-maintain,-0.07725992798805237,0.01146746426820755,-0.17113423347473145,1,0.01146746426820755,-0.07725992798805237,0.08872739225625992,0.182601697742939,"[true, true, true]",False,False,False,66015,0,e827f3a7c15be3cc0e8dad398a812438a042d5fbfc05ac4f148ca8e9393507fa,validation_005,0,4,762709817,8,
13,2.6,B,ramp,True,False,84.0,20.0,0,maintain,0.0,0.0,86.76000000000009,21.200000000000074,1,0,accelerate-maintain,0.04908600449562073,-0.10639508068561554,-0.12139555811882019,0,0.04908600449562073,-0.10639508068561554,0.15548108518123627,0.17048156261444092,"[true, true, true]",False,False,False,66015,0,e827f3a7c15be3cc0e8dad398a812438a042d5fbfc05ac4f148ca8e9393507fa,validation_005,0,4,762709817,8,
14,2.8000000000000003,A,mainline,True,False,91.0400000000001,21.60000000000008,1,accelerate,2.0,2.0000000000000284,88.0,20.0,1,0,accelerate-maintain,-0.07730339467525482,0.010714013129472733,-0.16985543072223663,1,0.010714013129472733,-0.07730339467525482,0.08801740780472755,0.18056944385170937,"[true, true, true]",False,False,False,66015,0,e827f3a7c15be3cc0e8dad398a812438a042d5fbfc05ac4f148ca8e9393507fa,validation_005,0,4,762709817,8,
14,2.8000000000000003,B,ramp,True,False,88.0,20.0,0,maintain,0.0,0.0,91.0400000000001,21.60000000000008,1,0,accelerate-maintain,0.050116244703531265,-0.1054588109254837,-0.11832258105278015,0,0.050116244703531265,-0.1054588109254837,0.15557505562901497,0.16843882575631142,"[true, true, true]",False,False,False,66015,0,e827f3a7c15be3cc0e8dad398a812438a042d5fbfc05ac4f148ca8e9393507fa,validation_005,0,4,762709817,8,
15,3.0,A,mainline,True,False,95.40000000000013,22.000000000000085,1,accelerate,2.0,2.0000000000000284,92.0,20.0,1,0,accelerate-maintain,-0.0775468647480011,0.01007271558046341,-0.16922898590564728,1,0.01007271558046341,-0.0775468647480011,0.08761958032846451,0.1793017014861107,"[true, true, true]",False,False,False,66015,0,e827f3a7c15be3cc0e8dad398a812438a042d5fbfc05ac4f148ca8e9393507fa,validation_005,0,4,762709817,8,
15,3.0,B,ramp,True,False,92.0,20.0,0,maintain,0.0,0.0,95.40000000000013,22.000000000000085,1,0,accelerate-maintain,0.05100294575095177,-0.10446791350841522,-0.1154625415802002,0,0.05100294575095177,-0.10446791350841522,0.155470859259367,0.16646548733115196,"[true, true, true]",False,False,False,66015,0,e827f3a7c15be3cc0e8dad398a812438a042d5fbfc05ac4f148ca8e9393507fa,validation_005,0,4,762709817,8,
16,3.2,A,mainline,True,False,99.84000000000016,22.40000000000009,1,accelerate,2.0,2.0000000000000284,96.0,20.0,1,0,accelerate-maintain,-0.07782315462827682,0.009975302964448929,-0.16910713911056519,1,0.009975302964448929,-0.07782315462827682,0.08779845759272575,0.17908244207501411,"[true, true, true]",False,False,False,66015,0,e827f3a7c15be3cc0e8dad398a812438a042d5fbfc05ac4f148ca8e9393507fa,validation_005,0,4,762709817,8,
16,3.2,B,ramp,True,False,96.0,20.0,0,maintain,0.0,0.0,99.84000000000016,22.40000000000009,1,0,accelerate-maintain,0.051595255732536316,-0.10343372821807861,-0.1138601303100586,0,0.051595255732536316,-0.10343372821807861,0.15502898395061493,0.1654553860425949,"[true, true, true]",False,False,False,66015,0,e827f3a7c15be3cc0e8dad398a812438a042d5fbfc05ac4f148ca8e9393507fa,validation_005,0,4,762709817,8,
17,3.4000000000000004,A,mainline,True,False,104.36000000000017,22.800000000000097,1,accelerate,2.0,2.0000000000000284,100.0,20.0,1,0,accelerate-maintain,-0.0787036269903183,0.009952746331691742,-0.169778972864151,1,0.009952746331691742,-0.0787036269903183,0.08865637332201004,0.17973171919584274,"[true, true, true]",False,False,False,66015,0,e827f3a7c15be3cc0e8dad398a812438a042d5fbfc05ac4f148ca8e9393507fa,validation_005,0,4,762709817,8,
17,3.4000000000000004,B,ramp,True,False,100.0,20.0,0,maintain,0.0,0.0,104.36000000000017,22.800000000000097,1,0,accelerate-maintain,0.052747659385204315,-0.10262682288885117,-0.11209163069725037,0,0.052747659385204315,-0.10262682288885117,0.15537448227405548,0.16483929008245468,"[true, true, true]",False,False,False,66015,0,e827f3a7c15be3cc0e8dad398a812438a042d5fbfc05ac4f148ca8e9393507fa,validation_005,0,4,762709817,8,
18,3.6,A,mainline,True,False,108.96000000000018,23.200000000000102,1,accelerate,2.0,2.0000000000000284,104.0,20.0,1,0,accelerate-maintain,-0.08016790449619293,0.009881507605314255,-0.17122171819210052,1,0.009881507605314255,-0.08016790449619293,0.09004941210150719,0.18110322579741478,"[true, true, true]",False,False,False,66015,0,e827f3a7c15be3cc0e8dad398a812438a042d5fbfc05ac4f148ca8e9393507fa,validation_005,0,4,762709817,8,0.7188899886933484
18,3.6,B,ramp,True,False,104.0,20.0,0,maintain,0.0,0.0,108.96000000000018,23.200000000000102,1,0,accelerate-maintain,0.0537298358976841,-0.10258863866329193,-0.11083938181400299,0,0.0537298358976841,-0.10258863866329193,0.15631847456097603,0.1645692177116871,"[true, true, true]",False,False,False,66015,0,e827f3a7c15be3cc0e8dad398a812438a042d5fbfc05ac4f148ca8e9393507fa,validation_005,0,4,762709817,8,0.7188899886933484
19,3.8000000000000003,A,mainline,True,False,113.6400000000002,23.600000000000108,1,accelerate,2.0,2.0000000000000284,108.0,20.0,1,0,accelerate-maintain,-0.08088500797748566,0.0084662064909935,-0.1721164435148239,1,0.0084662064909935,-0.08088500797748566,0.08935121446847916,0.1805826500058174,"[true, true, true]",False,False,False,66015,0,e827f3a7c15be3cc0e8dad398a812438a042d5fbfc05ac4f148ca8e9393507fa,validation_005,0,4,762709817,8,1.509599814581506
19,3.8000000000000003,B,ramp,True,False,108.0,20.0,0,maintain,0.0,0.0,113.6400000000002,23.600000000000108,1,0,accelerate-maintain,0.11021655797958374,-0.14064259827136993,-0.1625167280435562,0,0.11021655797958374,-0.14064259827136993,0.2508591562509537,0.27273328602313995,"[true, true, true]",False,False,False,66015,0,e827f3a7c15be3cc0e8dad398a812438a042d5fbfc05ac4f148ca8e9393507fa,validation_005,0,4,762709817,8,1.509599814581506
20,4.0,A,mainline,True,False,118.40000000000022,24.000000000000114,1,accelerate,2.0,2.0000000000000284,112.0,20.0,1,0,accelerate-maintain,-0.08115489035844803,0.008435159921646118,-0.17307332158088684,1,0.008435159921646118,-0.08115489035844803,0.08959005028009415,0.18150848150253296,"[true, true, true]",False,False,False,66015,0,e827f3a7c15be3cc0e8dad398a812438a042d5fbfc05ac4f148ca8e9393507fa,validation_005,0,4,762709817,8,2.3783465483589907
20,4.0,B,ramp,True,False,112.0,20.0,0,maintain,0.0,0.0,118.40000000000022,24.000000000000114,1,0,accelerate-maintain,0.10837782919406891,-0.14050564169883728,-0.16239826381206512,0,0.10837782919406891,-0.14050564169883728,0.2488834708929062,0.27077609300613403,"[true, true, true]",False,False,False,66015,0,e827f3a7c15be3cc0e8dad398a812438a042d5fbfc05ac4f148ca8e9393507fa,validation_005,0,4,762709817,8,2.3783465483589907
21,4.2,A,mainline,True,False,123.24000000000024,24.40000000000012,1,accelerate,2.0,2.0000000000000284,116.0,20.0,1,0,accelerate-maintain,-0.0822802186012268,0.008069820702075958,-0.17514270544052124,1,0.008069820702075958,-0.0822802186012268,0.09035003930330276,0.1832125261425972,"[true, true, true]",False,False,False,66015,0,e827f3a7c15be3cc0e8dad398a812438a042d5fbfc05ac4f148ca8e9393507fa,validation_005,0,4,762709817,8,3.3215902664353933
21,4.2,B,ramp,True,False,116.0,20.0,0,maintain,0.0,0.0,123.24000000000024,24.40000000000012,1,0,accelerate-maintain,0.10650323331356049,-0.14032524824142456,-0.16212809085845947,0,0.10650323331356049,-0.14032524824142456,0.24682848155498505,0.26863132417201996,"[true, true, true]",False,False,False,66015,0,e827f3a7c15be3cc0e8dad398a812438a042d5fbfc05ac4f148ca8e9393507fa,validation_005,0,4,762709817,8,3.3215902664353933
22,4.4,A,mainline,True,False,128.16000000000025,24.800000000000125,1,accelerate,2.0,2.0000000000000284,120.0,20.0,1,0,accelerate-maintain,-0.08372274786233902,0.007405407726764679,-0.1769377738237381,1,0.007405407726764679,-0.08372274786233902,0.0911281555891037,0.18434318155050278,"[true, true, true]",False,False,False,66015,0,e827f3a7c15be3cc0e8dad398a812438a042d5fbfc05ac4f148ca8e9393507fa,validation_005,0,4,762709817,8,4.337400466595341
22,4.4,B,ramp,True,False,120.0,20.0,0,maintain,0.0,0.0,128.16000000000025,24.800000000000125,1,0,accelerate-maintain,0.1048353910446167,-0.1402614414691925,-0.16161863505840302,0,0.1048353910446167,-0.1402614414691925,0.2450968325138092,0.2664540261030197,"[true, true, true]",False,False,False,66015,0,e827f3a7c15be3cc0e8dad398a812438a042d5fbfc05ac4f148ca8e9393507fa,validation_005,0,4,762709817,8,4.337400466595341
23,4.6000000000000005,A,mainline,True,False,133.16000000000025,25.20000000000013,1,accelerate,2.0,2.0000000000000284,124.0,20.0,1,0,accelerate-maintain,-0.08539701998233795,0.00826188176870346,-0.1794866919517517,1,0.00826188176870346,-0.08539701998233795,0.09365890175104141,0.18774857372045517,"[true, true, true]",False,False,False,66015,0,e827f3a7c15be3cc0e8dad398a812438a042d5fbfc05ac4f148ca8e9393507fa,validation_005,0,4,762709817,8,5.425953575393109
23,4.6000000000000005,B,ramp,True,False,124.0,20.0,0,maintain,0.0,0.0,133.16000000000025,25.20000000000013,1,0,accelerate-maintain,0.10355819761753082,-0.14047522842884064,-0.16112670302391052,0,0.10355819761753082,-0.14047522842884064,0.24403342604637146,0.26468490064144135,"[true, true, true]",False,False,False,66015,0,e827f3a7c15be3cc0e8dad398a812438a042d5fbfc05ac4f148ca8e9393507fa,validation_005,0,4,762709817,8,5.425953575393109
24,4.800000000000001,A,mainline,True,False,138.2400000000003,25.600000000000136,1,accelerate,2.0,2.0000000000000284,128.0,20.0,1,0,accelerate-maintain,-0.08728168159723282,0.008508197963237762,-0.1825089156627655,1,0.008508197963237762,-0.08728168159723282,0.09578987956047058,0.19101711362600327,"[true, true, true]",False,False,False,66015,0,e827f3a7c15be3cc0e8dad398a812438a042d5fbfc05ac4f148ca8e9393507fa,validation_005,0,4,762709817,8,6.589227981597361
24,4.800000000000001,B,ramp,True,False,128.0,20.0,0,maintain,0.0,0.0,138.2400000000003,25.600000000000136,1,0,accelerate-maintain,0.10314340889453888,-0.14129731059074402,-0.16064918041229248,0,0.10314340889453888,-0.14129731059074402,0.2444407194852829,0.26379258930683136,"[true, true, true]",False,False,False,66015,0,e827f3a7c15be3cc0e8dad398a812438a042d5fbfc05ac4f148ca8e9393507fa,validation_005,0,4,762709817,8,6.589227981597361
25,5.0,A,mainline,True,False,143.40000000000032,26.000000000000142,1,accelerate,2.0,2.0000000000000284,132.0,20.0,1,0,accelerate-maintain,-0.08934253454208374,0.008445441722869873,-0.1859148144721985,1,0.008445441722869873,-0.08934253454208374,0.09778797626495361,0.19436025619506836,"[true, true, true]",False,False,False,66015,0,e827f3a7c15be3cc0e8dad398a812438a042d5fbfc05ac4f148ca8e9393507fa,validation_005,0,4,762709817,8,7.829899862900618
25,5.0,B,ramp,True,False,132.0,20.0,0,maintain,0.0,0.0,143.40000000000032,26.000000000000142,1,0,accelerate-maintain,0.10272230207920074,-0.14212244749069214,-0.16019867360591888,0,0.10272230207920074,-0.14212244749069214,0.24484474956989288,0.26292097568511963,"[true, true, true]",False,False,False,66015,0,e827f3a7c15be3cc0e8dad398a812438a042d5fbfc05ac4f148ca8e9393507fa,validation_005,0,4,762709817,8,7.829899862900618
26,5.2,A,mainline,True,False,148.64000000000033,26.400000000000148,1,accelerate,2.0,2.0000000000000284,136.0,20.0,1,0,accelerate-maintain,-0.09045301377773285,0.008211065083742142,-0.1897846907377243,1,0.008211065083742142,-0.09045301377773285,0.09866407886147499,0.19799575582146645,"[true, true, true]",False,False,False,66015,0,e827f3a7c15be3cc0e8dad398a812438a042d5fbfc05ac4f148ca8e9393507fa,validation_005,0,4,762709817,8,9.149931239468941
26,5.2,B,ramp,True,False,136.0,20.0,0,maintain,0.0,0.0,148.64000000000033,26.400000000000148,1,0,accelerate-maintain,0.10259231925010681,-0.143181711435318,-0.15954111516475677,0,0.10259231925010681,-0.143181711435318,0.2457740306854248,0.2621334344148636,"[true, true, true]",False,False,False,66015,0,e827f3a7c15be3cc0e8dad398a812438a042d5fbfc05ac4f148ca8e9393507fa,validation_005,0,4,762709817,8,9.149931239468941
27,5.4,A,mainline,True,False,153.96000000000038,26.800000000000153,1,accelerate,2.0,2.0000000000000284,140.0,20.0,1,0,accelerate-maintain,-0.0910814106464386,0.007718823850154877,-0.19415706396102905,1,0.007718823850154877,-0.0910814106464386,0.09880023449659348,0.20187588781118393,"[true, true, true]",False,False,False,66015,0,e827f3a7c15be3cc0e8dad398a812438a042d5fbfc05ac4f148ca8e9393507fa,validation_005,0,4,762709817,8,10.549931239476535
27,5.4,B,ramp,True,False,140.0,20.0,0,maintain,0.0,0.0,153.96000000000038,26.800000000000153,1,0,accelerate-maintain,0.10223234444856644,-0.1450033336877823,-0.15920813381671906,0,0.10223234444856644,-0.1450033336877823,0.24723567813634872,0.2614404782652855,"[true, true, true]",False,False,False,66015,0,e827f3a7c15be3cc0e8dad398a812438a042d5fbfc05ac4f148ca8e9393507fa,validation_005,0,4,762709817,8,10.549931239476535
28,5.6000000000000005,A,mainline,True,False,159.3600000000004,27.20000000000016,1,accelerate,2.0,2.0000000000000284,144.0,20.0,1,0,accelerate-maintain,-0.08955120295286179,0.006976798176765442,-0.19835124909877777,1,0.006976798176765442,-0.08955120295286179,0.09652800112962723,0.2053280472755432,"[true, true, true]",False,False,False,66015,0,e827f3a7c15be3cc0e8dad398a812438a042d5fbfc05ac4f148ca8e9393507fa,validation_005,0,4,762709817,8,12.029931239476554
28,5.6000000000000005,B,ramp,True,False,144.0,20.0,0,maintain,0.0,0.0,159.3600000000004,27.20000000000016,1,0,accelerate-maintain,0.10193799436092377,-0.14708977937698364,-0.1588255912065506,0,0.10193799436092377,-0.14708977937698364,0.2490277737379074,0.26076358556747437,"[true, true, true]",False,False,False,66015,0,e827f3a7c15be3cc0e8dad398a812438a042d5fbfc05ac4f148ca8e9393507fa,validation_005,0,4,762709817,8,12.029931239476554
29,5.800000000000001,A,mainline,True,False,164.84000000000043,27.600000000000165,1,accelerate,2.0,2.0000000000000284,148.0,20.0,1,0,accelerate-maintain,-0.08793875575065613,0.006301227957010269,-0.20254966616630554,1,0.006301227957010269,-0.08793875575065613,0.0942399837076664,0.2088508941233158,"[true, true, true]",False,False,False,66015,0,e827f3a7c15be3cc0e8dad398a812438a042d5fbfc05ac4f148ca8e9393507fa,validation_005,0,4,762709817,8,13.589931239476613
29,5.800000000000001,B,ramp,True,False,148.0,20.0,0,maintain,0.0,0.0,164.84000000000043,27.600000000000165,1,0,accelerate-maintain,0.10181501507759094,-0.15036578476428986,-0.15862911939620972,0,0.10181501507759094,-0.15036578476428986,0.2521807998418808,0.26044413447380066,"[true, true, true]",False,False,False,66015,0,e827f3a7c15be3cc0e8dad398a812438a042d5fbfc05ac4f148ca8e9393507fa,validation_005,0,4,762709817,8,13.589931239476613
30,6.0,A,mainline,True,False,170.4000000000005,28.00000000000017,1,accelerate,2.0,2.0000000000000284,152.0,20.0,1,0,accelerate-maintain,-0.08620160818099976,0.005222629755735397,-0.20819005370140076,1,0.005222629755735397,-0.08620160818099976,0.09142423793673515,0.21341268345713615,"[true, true, true]",False,False,False,66015,0,e827f3a7c15be3cc0e8dad398a812438a042d5fbfc05ac4f148ca8e9393507fa,validation_005,0,4,762709817,8,15.229931239476656
30,6.0,B,ramp,True,False,152.0,20.0,0,maintain,0.0,0.0,170.4000000000005,28.00000000000017,1,0,accelerate-maintain,0.10172700881958008,-0.15352937579154968,-0.15853022038936615,0,0.10172700881958008,-0.15352937579154968,0.25525638461112976,0.26025722920894623,"[true, true, true]",False,False,False,66015,0,e827f3a7c15be3cc0e8dad398a812438a042d5fbfc05ac4f148ca8e9393507fa,validation_005,0,4,762709817,8,15.229931239476656
31,6.2,A,mainline,True,False,176.04000000000053,28.400000000000176,1,accelerate,2.0,2.0000000000000284,156.0,20.0,1,0,accelerate-maintain,-0.08444376289844513,0.0041022710502147675,-0.21395480632781982,1,0.0041022710502147675,-0.08444376289844513,0.0885460339486599,0.2180570773780346,"[true, true, true]",False,False,False,66015,0,e827f3a7c15be3cc0e8dad398a812438a042d5fbfc05ac4f148ca8e9393507fa,validation_005,0,4,762709817,8,16.949931239476683
31,6.2,B,ramp,True,False,156.0,20.0,0,maintain,0.0,0.0,176.04000000000053,28.400000000000176,1,0,accelerate-maintain,0.10119905322790146,-0.15549620985984802,-0.1582246571779251,0,0.10119905322790146,-0.15549620985984802,0.2566952630877495,0.25942371040582657,"[true, true, true]",False,False,False,66015,0,e827f3a7c15be3cc0e8dad398a812438a042d5fbfc05ac4f148ca8e9393507fa,validation_005,0,4,762709817,8,16.949931239476683
32,6.4,A,mainline,True,False,181.76000000000056,28.800000000000182,1,accelerate,2.0,2.0000000000000284,160.0,20.0,1,0,accelerate-maintain,-0.08251038193702698,0.002935066819190979,-0.2192574441432953,1,0.002935066819190979,-0.08251038193702698,0.08544544875621796,0.22219251096248627,"[true, true, true]",False,False,False,66015,0,e827f3a7c15be3cc0e8dad398a812438a042d5fbfc05ac4f148ca8e9393507fa,validation_005,0,4,762709817,8,18.749931239476723
32,6.4,B,ramp,True,False,160.0,20.0,0,maintain,0.0,0.0,181.76000000000056,28.800000000000182,1,0,accelerate-maintain,0.10108595341444016,-0.15746180713176727,-0.158203586935997,0,0.10108595341444016,-0.15746180713176727,0.25854776054620743,0.25928954035043716,"[true, true, true]",False,False,False,66015,0,e827f3a7c15be3cc0e8dad398a812438a042d5fbfc05ac4f148ca8e9393507fa,validation_005,0,4,762709817,8,18.749931239476723
33,6.6000000000000005,A,mainline,True,False,187.5600000000006,29.200000000000188,1,accelerate,2.0,2.0000000000000284,164.0,20.0,1,0,accelerate-maintain,-0.08019337058067322,0.001688636839389801,-0.22343239188194275,1,0.001688636839389801,-0.08019337058067322,0.08188200742006302,0.22512102872133255,"[true, true, true]",False,False,False,66015,0,e827f3a7c15be3cc0e8dad398a812438a042d5fbfc05ac4f148ca8e9393507fa,validation_005,0,4,762709817,8,20.629931239476747
33,6.6000000000000005,B,ramp,True,False,164.0,20.0,0,maintain,0.0,0.0,187.5600000000006,29.200000000000188,1,0,accelerate-maintain,0.10050851106643677,-0.16017284989356995,-0.15930117666721344,0,0.10050851106643677,-0.15930117666721344,0.2598096877336502,0.2606813609600067,"[true, true, true]",False,False,False,66015,0,e827f3a7c15be3cc0e8dad398a812438a042d5fbfc05ac4f148ca8e9393507fa,validation_005,0,4,762709817,8,20.629931239476747
34,6.800000000000001,A,mainline,True,False,193.44000000000062,29.600000000000193,1,accelerate,2.0,1.9999999999960494,168.0,20.0,1,0,accelerate-maintain,-0.07785475254058838,0.00041912496089935303,-0.22763602435588837,1,0.00041912496089935303,-0.07785475254058838,0.07827387750148773,0.22805514931678772,"[true, true, true]",False,False,False,66015,0,e827f3a7c15be3cc0e8dad398a812438a042d5fbfc05ac4f148ca8e9393507fa,validation_005,0,4,762709817,8,22.589931239476783
34,6.800000000000001,B,ramp,True,False,168.0,20.0,0,maintain,0.0,0.0,193.44000000000062,29.600000000000193,1,0,accelerate-maintain,0.09946709126234055,-0.1625446230173111,-0.1614200919866562,0,0.09946709126234055,-0.1614200919866562,0.26088718324899673,0.26201171427965164,"[true, true, true]",False,False,False,66015,0,e827f3a7c15be3cc0e8dad398a812438a042d5fbfc05ac4f148ca8e9393507fa,validation_005,0,4,762709817,8,22.589931239476783
35,7.0,A,mainline,True,False,199.40000000000066,30.0,1,accelerate,2.0,0.0,172.0,20.0,1,0,accelerate-maintain,-0.0754946693778038,-0.0008734725415706635,-0.2318684160709381,1,-0.0008734725415706635,-0.0754946693778038,0.07462119683623314,0.23099494352936745,"[true, true, true]",False,False,False,66015,0,e827f3a7c15be3cc0e8dad398a812438a042d5fbfc05ac4f148ca8e9393507fa,validation_005,0,4,762709817,8,24.589931239476783
35,7.0,B,ramp,True,False,172.0,20.0,0,maintain,0.0,0.0,199.40000000000066,30.0,1,0,accelerate-maintain,0.09838472306728363,-0.16417886316776276,-0.16394676268100739,0,0.09838472306728363,-0.16394676268100739,0.262331485748291,0.2625635862350464,"[true, true, true]",False,False,False,66015,0,e827f3a7c15be3cc0e8dad398a812438a042d5fbfc05ac4f148ca8e9393507fa,validation_005,0,4,762709817,8,24.589931239476783
36,7.2,A,mainline,True,False,205.40000000000066,30.0,1,accelerate,2.0,0.0,176.0,20.0,1,0,accelerate-maintain,-0.07334598898887634,-0.0012284591794013977,-0.2360651195049286,1,-0.0012284591794013977,-0.07334598898887634,0.07211752980947495,0.2348366603255272,"[true, true, true]",False,False,False,66015,0,e827f3a7c15be3cc0e8dad398a812438a042d5fbfc05ac4f148ca8e9393507fa,validation_005,0,4,762709817,8,26.589931239476783
36,7.2,B,ramp,True,False,176.0,20.0,0,maintain,0.0,0.0,205.40000000000066,30.0,1,0,accelerate-maintain,0.09766169637441635,-0.16513484716415405,-0.1652805656194687,0,0.09766169637441635,-0.16513484716415405,0.2627965435385704,0.26294226199388504,"[true, true, true]",False,False,False,66015,0,e827f3a7c15be3cc0e8dad398a812438a042d5fbfc05ac4f148ca8e9393507fa,validation_005,0,4,762709817,8,26.589931239476783
37,7.4,A,mainline,True,False,211.40000000000066,30.0,1,accelerate,2.0,0.0,180.0,20.0,1,0,accelerate-maintain,-0.07212497293949127,-0.0016062520444393158,-0.24043482542037964,1,-0.0016062520444393158,-0.07212497293949127,0.07051872089505196,0.23882857337594032,"[true, true, true]",False,False,False,66015,0,e827f3a7c15be3cc0e8dad398a812438a042d5fbfc05ac4f148ca8e9393507fa,validation_005,0,4,762709817,8,28.589931239476783
37,7.4,B,ramp,True,False,180.0,20.0,0,maintain,0.0,0.0,211.40000000000066,30.0,1,0,accelerate-maintain,0.09673050791025162,-0.16620738804340363,-0.16682957112789154,0,0.09673050791025162,-0.16620738804340363,0.26293789595365524,0.26356007903814316,"[true, true, true]",False,False,False,66015,0,e827f3a7c15be3cc0e8dad398a812438a042d5fbfc05ac4f148ca8e9393507fa,validation_005,0,4,762709817,8,28.589931239476783
38,7.6000000000000005,A,mainline,True,False,217.40000000000066,30.0,1,accelerate,2.0,0.0,184.0,20.0,1,0,accelerate-maintain,-0.07130225747823715,-0.001910664141178131,-0.24410724639892578,1,-0.001910664141178131,-0.07130225747823715,0.06939159333705902,0.24219658225774765,"[true, true, true]",False,False,False,66015,0,e827f3a7c15be3cc0e8dad398a812438a042d5fbfc05ac4f148ca8e9393507fa,validation_005,0,4,762709817,8,30.589931239476783
38,7.6000000000000005,B,ramp,True,False,184.0,20.0,0,maintain,0.0,0.0,217.40000000000066,30.0,1,0,accelerate-maintain,0.09587334841489792,-0.1688881665468216,-0.1683347523212433,0,0.09587334841489792,-0.1683347523212433,0.2642081007361412,0.2647615149617195,"[true, true, true]",False,False,False,66015,0,e827f3a7c15be3cc0e8dad398a812438a042d5fbfc05ac4f148ca8e9393507fa,validation_005,0,4,762709817,8,30.589931239476783
39,7.800000000000001,A,mainline,True,False,223.40000000000066,30.0,1,accelerate,2.0,0.0,188.0,20.0,1,0,accelerate-maintain,-0.0708143338561058,-0.002323158085346222,-0.24756847321987152,1,-0.002323158085346222,-0.0708143338561058,0.06849117577075958,0.2452453151345253,"[true, true, true]",False,False,False,66015,0,e827f3a7c15be3cc0e8dad398a812438a042d5fbfc05ac4f148ca8e9393507fa,validation_005,0,4,762709817,8,32.58993123947678
39,7.800000000000001,B,ramp,True,False,188.0,20.0,0,maintain,0.0,0.0,223.40000000000066,30.0,1,0,accelerate-maintain,0.09493112564086914,-0.17279213666915894,-0.1707581877708435,0,0.09493112564086914,-0.1707581877708435,0.26568931341171265,0.2677232623100281,"[true, true, true]",False,False,False,66015,0,e827f3a7c15be3cc0e8dad398a812438a042d5fbfc05ac4f148ca8e9393507fa,validation_005,0,4,762709817,8,32.58993123947678
40,8.0,A,mainline,True,False,229.40000000000066,30.0,0,maintain,2.0,0.0,192.0,20.0,0,0,maintain-maintain,-0.03567347675561905,-0.050621747970581055,-0.15130358934402466,0,-0.03567347675561905,-0.050621747970581055,0.014948271214962006,0.11563011258840561,"[true, true, true]",False,False,False,66015,0,e827f3a7c15be3cc0e8dad398a812438a042d5fbfc05ac4f148ca8e9393507fa,validation_005,0,4,762709817,8,34.58993123947678
40,8.0,B,ramp,True,False,192.0,20.0,0,maintain,0.0,0.0,229.40000000000066,30.0,0,0,maintain-maintain,0.04930570349097252,-0.18079662322998047,-0.1803646683692932,0,0.04930570349097252,-0.1803646683692932,0.22967037186026573,0.230102326720953,"[true, true, true]",False,False,False,66015,0,e827f3a7c15be3cc0e8dad398a812438a042d5fbfc05ac4f148ca8e9393507fa,validation_005,0,4,762709817,8,34.58993123947678
41,8.200000000000001,A,mainline,True,False,235.40000000000066,30.0,0,maintain,0.0,0.0,196.0,20.0,0,0,maintain-maintain,-0.03362423926591873,-0.05229220539331436,-0.15384534001350403,0,-0.03362423926591873,-0.05229220539331436,0.01866796612739563,0.1202211007475853,"[true, true, true]",False,False,False,66015,0,e827f3a7c15be3cc0e8dad398a812438a042d5fbfc05ac4f148ca8e9393507fa,validation_005,0,4,762709817,8,36.58993123947678
41,8.200000000000001,B,ramp,True,False,196.0,20.0,0,maintain,0.0,0.0,235.40000000000066,30.0,0,0,maintain-maintain,0.04876605421304703,-0.18072476983070374,-0.18235749006271362,0,0.04876605421304703,-0.18072476983070374,0.22949082404375076,0.23112354427576065,"[true, true, true]",False,False,False,66015,0,e827f3a7c15be3cc0e8dad398a812438a042d5fbfc05ac4f148ca8e9393507fa,validation_005,0,4,762709817,8,36.58993123947678
42,8.4,A,mainline,True,False,241.40000000000066,30.0,0,maintain,0.0,0.0,200.0,20.0,0,0,maintain-maintain,-0.031969472765922546,-0.053572237491607666,-0.1563866138458252,0,-0.031969472765922546,-0.053572237491607666,0.02160276472568512,0.12441714107990265,"[true, true, true]",False,False,False,66015,0,e827f3a7c15be3cc0e8dad398a812438a042d5fbfc05ac4f148ca8e9393507fa,validation_005,0,4,762709817,8,38.58993123947678
42,8.4,B,ramp,True,False,200.0,20.0,0,maintain,0.0,0.0,241.40000000000066,30.0,0,0,maintain-maintain,0.048279035836458206,-0.18062730133533478,-0.1842167228460312,0,0.048279035836458206,-0.18062730133533478,0.22890633717179298,0.2324957586824894,"[true, true, true]",False,False,False,66015,0,e827f3a7c15be3cc0e8dad398a812438a042d5fbfc05ac4f148ca8e9393507fa,validation_005,0,4,762709817,8,38.58993123947678
43,8.6,A,mainline,True,False,247.40000000000066,30.0,0,maintain,0.0,0.0,204.0,20.0,0,0,maintain-maintain,-0.030386880040168762,-0.054717935621738434,-0.159072607755661,0,-0.030386880040168762,-0.054717935621738434,0.02433105558156967,0.12868572771549225,"[true, true, true]",False,False,False,66015,0,e827f3a7c15be3cc0e8dad398a812438a042d5fbfc05ac4f148ca8e9393507fa,validation_005,0,4,762709817,8,40.58993123947678
43,8.6,B,ramp,True,False,204.0,20.0,0,maintain,0.0,0.0,247.40000000000066,30.0,0,0,maintain-maintain,0.04775882139801979,-0.1806849241256714,-0.18611255288124084,0,0.04775882139801979,-0.1806849241256714,0.22844374552369118,0.23387137427926064,"[true, true, true]",False,False,False,66015,0,e827f3a7c15be3cc0e8dad398a812438a042d5fbfc05ac4f148ca8e9393507fa,validation_005,0,4,762709817,8,40.58993123947678
44,8.8,A,mainline,True,False,253.40000000000066,30.0,0,maintain,0.0,0.0,208.0,20.0,0,0,maintain-maintain,-0.028552595525979996,-0.055642418563365936,-0.16145800054073334,0,-0.028552595525979996,-0.055642418563365936,0.02708982303738594,0.13290540501475334,"[true, true, true]",False,False,False,66015,0,e827f3a7c15be3cc0e8dad398a812438a042d5fbfc05ac4f148ca8e9393507fa,validation_005,0,4,762709817,8,42.58993123947678
44,8.8,B,ramp,True,False,208.0,20.0,0,maintain,0.0,0.0,253.40000000000066,30.0,0,0,maintain-maintain,0.04713290557265282,-0.18243011832237244,-0.1892389953136444,0,0.04713290557265282,-0.18243011832237244,0.22956302389502525,0.23637190088629723,"[true, true, true]",False,False,False,66015,0,e827f3a7c15be3cc0e8dad398a812438a042d5fbfc05ac4f148ca8e9393507fa,validation_005,0,4,762709817,8,42.58993123947678
45,9.0,A,mainline,True,False,259.40000000000066,30.0,0,maintain,0.0,0.0,212.0,20.0,0,0,maintain-maintain,-0.026718415319919586,-0.056566640734672546,-0.16384422779083252,0,-0.026718415319919586,-0.056566640734672546,0.02984822541475296,0.13712581247091293,"[true, true, true]",False,False,False,66015,0,e827f3a7c15be3cc0e8dad398a812438a042d5fbfc05ac4f148ca8e9393507fa,validation_005,0,4,762709817,8,
45,9.0,B,ramp,True,False,212.0,20.0,0,maintain,0.0,0.0,259.40000000000066,30.0,0,0,maintain-maintain,0.046507202088832855,-0.18417681753635406,-0.1923637092113495,0,0.046507202088832855,-0.18417681753635406,0.23068401962518692,0.23887091130018234,"[true, true, true]",False,False,False,66015,0,e827f3a7c15be3cc0e8dad398a812438a042d5fbfc05ac4f148ca8e9393507fa,validation_005,0,4,762709817,8,
46,9.200000000000001,A,mainline,False,True,260.90000000000066,0.0,0,maintain,0.0,0.0,216.0,20.0,0,0,inactive-active,-0.02106325514614582,-0.030409961938858032,-0.20446088910102844,0,-0.02106325514614582,-0.030409961938858032,0.009346706792712212,0.18339763395488262,"[true, true, true]",False,False,False,66015,0,e827f3a7c15be3cc0e8dad398a812438a042d5fbfc05ac4f148ca8e9393507fa,validation_005,0,4,762709817,8,
46,9.200000000000001,B,ramp,True,False,216.0,20.0,0,maintain,0.0,0.0,260.90000000000066,0.0,0,0,inactive-active,0.0261666439473629,-0.07021036744117737,-0.09993139654397964,0,0.0261666439473629,-0.07021036744117737,0.09637701138854027,0.12609804049134254,"[true, true, true]",False,False,False,66015,0,e827f3a7c15be3cc0e8dad398a812438a042d5fbfc05ac4f148ca8e9393507fa,validation_005,0,4,762709817,8,
47,9.4,A,mainline,False,True,260.90000000000066,0.0,0,maintain,0.0,0.0,220.0,20.0,0,0,inactive-active,-0.020410077646374702,-0.02908572554588318,-0.20415210723876953,0,-0.020410077646374702,-0.02908572554588318,0.008675647899508476,0.18374202959239483,"[true, true, true]",False,False,False,66015,0,e827f3a7c15be3cc0e8dad398a812438a042d5fbfc05ac4f148ca8e9393507fa,validation_005,0,4,762709817,8,
47,9.4,B,ramp,True,False,220.0,20.0,0,maintain,0.0,0.0,260.90000000000066,0.0,0,0,inactive-active,0.02672193944454193,-0.07157280296087265,-0.09931310266256332,0,0.02672193944454193,-0.07157280296087265,0.09829474240541458,0.12603504210710526,"[true, true, true]",False,False,False,66015,0,e827f3a7c15be3cc0e8dad398a812438a042d5fbfc05ac4f148ca8e9393507fa,validation_005,0,4,762709817,8,
48,9.600000000000001,A,mainline,False,True,260.90000000000066,0.0,0,maintain,0.0,0.0,224.0,20.0,0,0,inactive-active,-0.019502831622958183,-0.027557000517845154,-0.2041095793247223,0,-0.019502831622958183,-0.027557000517845154,0.00805416889488697,0.1846067477017641,"[true, true, true]",False,False,False,66015,0,e827f3a7c15be3cc0e8dad398a812438a042d5fbfc05ac4f148ca8e9393507fa,validation_005,0,4,762709817,8,
48,9.600000000000001,B,ramp,True,False,224.0,20.0,0,maintain,0.0,0.0,260.90000000000066,0.0,0,0,inactive-active,0.027277685701847076,-0.07293762266635895,-0.09869420528411865,0,0.027277685701847076,-0.07293762266635895,0.10021530836820602,0.12597189098596573,"[true, true, true]",False,False,False,66015,0,e827f3a7c15be3cc0e8dad398a812438a042d5fbfc05ac4f148ca8e9393507fa,validation_005,0,4,762709817,8,
49,9.8,A,mainline,False,True,260.90000000000066,0.0,0,maintain,0.0,0.0,228.0,20.0,0,0,inactive-active,-0.01864691823720932,-0.02605597674846649,-0.20410744845867157,0,-0.01864691823720932,-0.02605597674846649,0.007409058511257172,0.18546053022146225,"[true, true, true]",False,False,False,66015,0,e827f3a7c15be3cc0e8dad398a812438a042d5fbfc05ac4f148ca8e9393507fa,validation_005,0,4,762709817,8,
49,9.8,B,ramp,True,False,228.0,20.0,0,maintain,0.0,0.0,260.90000000000066,0.0,0,0,inactive-active,0.02776285447180271,-0.07438468933105469,-0.09804514795541763,0,0.02776285447180271,-0.07438468933105469,0.1021475438028574,0.12580800242722034,"[true, true, true]",False,False,False,66015,0,e827f3a7c15be3cc0e8dad398a812438a042d5fbfc05ac4f148ca8e9393507fa,validation_005,0,4,762709817,8,
50,10.0,A,mainline,False,True,260.90000000000066,0.0,0,maintain,0.0,0.0,232.0,20.0,0,0,inactive-active,-0.017863409593701363,-0.024383053183555603,-0.20412662625312805,0,-0.017863409593701363,-0.024383053183555603,0.00651964358985424,0.1862632166594267,"[true, true, true]",False,False,False,66015,0,e827f3a7c15be3cc0e8dad398a812438a042d5fbfc05ac4f148ca8e9393507fa,validation_005,0,4,762709817,8,
50,10.0,B,ramp,True,False,232.0,20.0,0,maintain,0.0,0.0,260.90000000000066,0.0,0,0,inactive-active,0.028049234300851822,-0.07604923844337463,-0.09727997332811356,0,0.028049234300851822,-0.07604923844337463,0.10409847274422646,0.12532920762896538,"[true, true, true]",False,False,False,66015,0,e827f3a7c15be3cc0e8dad398a812438a042d5fbfc05ac4f148ca8e9393507fa,validation_005,0,4,762709817,8,
51,10.200000000000001,A,mainline,False,True,260.90000000000066,0.0,0,maintain,0.0,0.0,236.0,20.0,0,0,inactive-active,-0.01678060181438923,-0.021916687488555908,-0.20368224382400513,0,-0.01678060181438923,-0.021916687488555908,0.005136085674166679,0.1869016420096159,"[true, true, true]",False,False,False,66015,0,e827f3a7c15be3cc0e8dad398a812438a042d5fbfc05ac4f148ca8e9393507fa,validation_005,0,4,762709817,8,
51,10.200000000000001,B,ramp,True,False,236.0,20.0,0,maintain,0.0,0.0,260.90000000000066,0.0,0,0,inactive-active,0.028171135112643242,-0.07734179496765137,-0.09668952971696854,0,0.028171135112643242,-0.07734179496765137,0.10551293008029461,0.12486066482961178,"[true, true, true]",False,False,False,66015,0,e827f3a7c15be3cc0e8dad398a812438a042d5fbfc05ac4f148ca8e9393507fa,validation_005,0,4,762709817,8,
52,10.4,A,mainline,False,True,260.90000000000066,0.0,0,maintain,0.0,0.0,240.0,20.0,0,0,inactive-active,-0.015697818249464035,-0.019449785351753235,-0.20323824882507324,0,-0.015697818249464035,-0.019449785351753235,0.0037519671022892,0.1875404305756092,"[true, true, true]",False,False,False,66015,0,e827f3a7c15be3cc0e8dad398a812438a042d5fbfc05ac4f148ca8e9393507fa,validation_005,0,4,762709817,8,
52,10.4,B,ramp,True,False,240.0,20.0,0,maintain,0.0,0.0,260.90000000000066,0.0,0,0,inactive-active,0.02804340235888958,-0.07867258787155151,-0.09620718657970428,0,0.02804340235888958,-0.07867258787155151,0.1067159902304411,0.12425058893859386,"[true, true, true]",False,False,False,66015,0,e827f3a7c15be3cc0e8dad398a812438a042d5fbfc05ac4f148ca8e9393507fa,validation_005,0,4,762709817,8,
53,10.600000000000001,A,mainline,False,True,260.90000000000066,0.0,0,maintain,0.0,0.0,244.0,20.0,0,0,inactive-active,-0.01461510919034481,-0.016982324421405792,-0.20279458165168762,0,-0.01461510919034481,-0.016982324421405792,0.0023672152310609818,0.1881794724613428,"[true, true, true]",False,False,False,66015,0,e827f3a7c15be3cc0e8dad398a812438a042d5fbfc05ac4f148ca8e9393507fa,validation_005,0,4,762709817,8,
53,10.600000000000001,B,ramp,True,False,244.0,20.0,0,maintain,0.0,0.0,260.90000000000066,0.0,0,0,inactive-active,0.027916286140680313,-0.08000576496124268,-0.09572374075651169,0,0.027916286140680313,-0.08000576496124268,0.10792205110192299,0.123640026897192,"[true, true, true]",False,False,False,66015,0,e827f3a7c15be3cc0e8dad398a812438a042d5fbfc05ac4f148ca8e9393507fa,validation_005,0,4,762709817,8,
54,10.8,A,mainline,False,True,260.90000000000066,0.0,0,maintain,0.0,0.0,248.0,20.0,0,0,inactive-active,-0.013532496988773346,-0.014514319598674774,-0.20235131680965424,0,-0.013532496988773346,-0.014514319598674774,0.0009818226099014282,0.1888188198208809,"[true, true, true]",False,False,False,66015,0,e827f3a7c15be3cc0e8dad398a812438a042d5fbfc05ac4f148ca8e9393507fa,validation_005,0,4,762709817,8,
54,10.8,B,ramp,True,False,248.0,20.0,0,maintain,0.0,0.0,260.90000000000066,0.0,0,0,inactive-active,0.027789786458015442,-0.0813412293791771,-0.09523922950029373,0,0.027789786458015442,-0.0813412293791771,0.10913101583719254,0.12302901595830917,"[true, true, true]",False,False,False,66015,0,e827f3a7c15be3cc0e8dad398a812438a042d5fbfc05ac4f148ca8e9393507fa,validation_005,0,4,762709817,8,
55,11.0,A,mainline,False,True,260.90000000000066,0.0,0,maintain,0.0,0.0,252.0,20.0,0,0,inactive-active,-0.012449961155653,-0.012045726180076599,-0.20190833508968353,1,-0.012045726180076599,-0.012449961155653,0.00040423497557640076,0.18986260890960693,"[true, true, true]",False,False,False,66015,0,e827f3a7c15be3cc0e8dad398a812438a042d5fbfc05ac4f148ca8e9393507fa,validation_005,0,4,762709817,8,
55,11.0,B,ramp,True,False,252.0,20.0,0,maintain,0.0,0.0,260.90000000000066,0.0,0,0,inactive-active,0.027759330347180367,-0.08269698172807693,-0.09440924227237701,0,0.027759330347180367,-0.08269698172807693,0.1104563120752573,0.12216857261955738,"[true, true, true]",False,False,False,66015,0,e827f3a7c15be3cc0e8dad398a812438a042d5fbfc05ac4f148ca8e9393507fa,validation_005,0,4,762709817,8,
56,11.200000000000001,A,mainline,False,True,260.90000000000066,0.0,0,maintain,0.0,0.0,256.0,20.0,0,0,inactive-active,-0.011367540806531906,-0.009576618671417236,-0.2014656960964203,1,-0.009576618671417236,-0.011367540806531906,0.0017909221351146698,0.19188907742500305,"[true, true, true]",False,False,False,66015,0,e827f3a7c15be3cc0e8dad398a812438a042d5fbfc05ac4f148ca8e9393507fa,validation_005,0,4,762709817,8,
56,11.200000000000001,B,ramp,True,False,256.0,20.0,0,maintain,0.0,0.0,260.90000000000066,0.0,0,0,inactive-active,0.028066331520676613,-0.08404006063938141,-0.09327149391174316,0,0.028066331520676613,-0.08404006063938141,0.11210639216005802,0.12133782543241978,"[true, true, true]",False,False,False,66015,0,e827f3a7c15be3cc0e8dad398a812438a042d5fbfc05ac4f148ca8e9393507fa,validation_005,0,4,762709817,8,
57,11.4,A,mainline,False,True,260.90000000000066,0.0,0,maintain,0.0,0.0,260.0,20.0,0,0,inactive-active,-0.01021622121334076,-0.006996065378189087,-0.20102368295192719,1,-0.006996065378189087,-0.01021622121334076,0.0032201558351516724,0.1940276175737381,"[true, true, true]",False,True,False,66015,0,e827f3a7c15be3cc0e8dad398a812438a042d5fbfc05ac4f148ca8e9393507fa,validation_005,0,4,762709817,8,
57,11.4,B,ramp,True,False,260.0,20.0,0,maintain,0.0,0.0,260.90000000000066,0.0,0,0,inactive-active,0.028714893385767937,-0.08556230366230011,-0.09175365418195724,0,0.028714893385767937,-0.08556230366230011,0.11427719704806805,0.12046854756772518,"[true, true, true]",False,True,False,66015,0,e827f3a7c15be3cc0e8dad398a812438a042d5fbfc05ac4f148ca8e9393507fa,validation_005,0,4,762709817,8,
0,0.0,A,ramp,True,False,32.0,20.0,1,accelerate,0.0,2.0000000000000284,38.4,16.0,1,0,accelerate-maintain,-0.062448929995298386,0.08602471649646759,-0.10120797902345657,1,0.08602471649646759,-0.062448929995298386,0.14847364649176598,0.18723269551992416,"[true, true, true]",False,False,False,66015,0,e827f3a7c15be3cc0e8dad398a812438a042d5fbfc05ac4f148ca8e9393507fa,validation_005,1,4,762709817,9,
0,0.0,B,mainline,True,False,38.4,16.0,0,maintain,0.0,0.0,32.0,20.0,1,0,accelerate-maintain,0.027430647984147072,-0.13631334900856018,-0.13429276645183563,0,0.027430647984147072,-0.13429276645183563,0.1617234144359827,0.16374399699270725,"[true, true, true]",False,False,False,66015,0,e827f3a7c15be3cc0e8dad398a812438a042d5fbfc05ac4f148ca8e9393507fa,validation_005,1,4,762709817,9,
1,0.2,A,ramp,True,False,36.04,20.400000000000006,1,accelerate,2.0,2.0000000000000284,41.59999999999999,16.0,1,0,accelerate-maintain,-0.06472194194793701,0.08657798171043396,-0.10118280351161957,1,0.08657798171043396,-0.06472194194793701,0.15129992365837097,0.18776078522205353,"[true, true, true]",False,False,False,66015,0,e827f3a7c15be3cc0e8dad398a812438a042d5fbfc05ac4f148ca8e9393507fa,validation_005,1,4,762709817,9,
1,0.2,B,mainline,True,False,41.59999999999999,16.0,0,maintain,0.0,0.0,36.04,20.400000000000006,1,0,accelerate-maintain,0.02625897154211998,-0.13768933713436127,-0.13084669411182404,0,0.02625897154211998,-0.13084669411182404,0.15710566565394402,0.16394830867648125,"[true, true, true]",False,False,False,66015,0,e827f3a7c15be3cc0e8dad398a812438a042d5fbfc05ac4f148ca8e9393507fa,validation_005,1,4,762709817,9,
2,0.4,A,ramp,True,False,40.160000000000004,20.80000000000001,1,accelerate,2.0,2.0000000000000284,44.799999999999976,16.0,1,0,accelerate-maintain,-0.06665488332509995,0.08700209110975266,-0.10124877095222473,1,0.08700209110975266,-0.06665488332509995,0.1536569744348526,0.1882508620619774,"[true, true, true]",False,False,False,66015,0,e827f3a7c15be3cc0e8dad398a812438a042d5fbfc05ac4f148ca8e9393507fa,validation_005,1,4,762709817,9,
2,0.4,B,mainline,True,False,44.799999999999976,16.0,0,maintain,0.0,0.0,40.160000000000004,20.80000000000001,1,0,accelerate-maintain,0.026055680587887764,-0.1386878490447998,-0.12661880254745483,0,0.026055680587887764,-0.12661880254745483,0.1526744831353426,0.16474352963268757,"[true, true, true]",False,False,False,66015,0,e827f3a7c15be3cc0e8dad398a812438a042d5fbfc05ac4f148ca8e9393507fa,validation_005,1,4,762709817,9,
3,0.6000000000000001,A,ramp,True,False,44.36000000000001,21.200000000000017,1,accelerate,2.0,2.0000000000000284,47.999999999999964,16.0,1,0,accelerate-maintain,-0.06796371936798096,0.08736208826303482,-0.10151349008083344,1,0.08736208826303482,-0.06796371936798096,0.15532580763101578,0.18887557834386826,"[true, true, true]",False,False,False,66015,0,e827f3a7c15be3cc0e8dad398a812438a042d5fbfc05ac4f148ca8e9393507fa,validation_005,1,4,762709817,9,
3,0.6000000000000001,B,mainline,True,False,47.999999999999964,16.0,0,maintain,0.0,0.0,44.36000000000001,21.200000000000017,1,0,accelerate-maintain,0.02680112235248089,-0.13985976576805115,-0.12376099824905396,0,0.02680112235248089,-0.12376099824905396,0.15056212060153484,0.16666088812053204,"[true, true, true]",False,False,False,66015,0,e827f3a7c15be3cc0e8dad398a812438a042d5fbfc05ac4f148ca8e9393507fa,validation_005,1,4,762709817,9,
4,0.8,A,ramp,True,False,48.64000000000001,21.600000000000023,1,accelerate,2.0,2.0000000000000284,51.19999999999995,16.0,1,0,accelerate-maintain,-0.06866303086280823,0.08813454210758209,-0.10212910175323486,1,0.08813454210758209,-0.06866303086280823,0.15679757297039032,0.19026364386081696,"[true, true, true]",False,False,False,66015,0,e827f3a7c15be3cc0e8dad398a812438a042d5fbfc05ac4f148ca8e9393507fa,validation_005,1,4,762709817,9,
4,0.8,B,mainline,True,False,51.19999999999995,16.0,0,maintain,0.0,0.0,48.64000000000001,21.600000000000023,1,0,accelerate-maintain,0.02799239195883274,-0.14097197353839874,-0.12191197276115417,0,0.02799239195883274,-0.12191197276115417,0.14990436471998692,0.16896436549723148,"[true, true, true]",False,False,False,66015,0,e827f3a7c15be3cc0e8dad398a812438a042d5fbfc05ac4f148ca8e9393507fa,validation_005,1,4,762709817,9,
5,1.0,A,ramp,True,False,53.000000000000014,22.00000000000003,1,accelerate,2.0,2.0000000000000284,54.39999999999994,16.0,1,0,accelerate-maintain,-0.06891956925392151,0.08933167159557343,-0.10300908982753754,1,0.08933167159557343,-0.06891956925392151,0.15825124084949493,0.19234076142311096,"[true, true, true]",False,False,False,66015,0,e827f3a7c15be3cc0e8dad398a812438a042d5fbfc05ac4f148ca8e9393507fa,validation_005,1,4,762709817,9,
5,1.0,B,mainline,True,False,54.39999999999994,16.0,0,maintain,0.0,0.0,53.000000000000014,22.00000000000003,1,0,accelerate-maintain,0.029240651056170464,-0.14143207669258118,-0.12022821605205536,0,0.029240651056170464,-0.12022821605205536,0.14946886710822582,0.17067272774875164,"[true, true, true]",False,False,False,66015,0,e827f3a7c15be3cc0e8dad398a812438a042d5fbfc05ac4f148ca8e9393507fa,validation_005,1,4,762709817,9,
6,1.2000000000000002,A,ramp,True,False,57.44000000000002,22.400000000000034,1,accelerate,2.0,2.0000000000000284,57.59999999999993,16.0,1,0,accelerate-maintain,-0.06901027262210846,0.09055425226688385,-0.10369852930307388,1,0.09055425226688385,-0.06901027262210846,0.1595645248889923,0.19425278156995773,"[true, true, true]",False,False,False,66015,0,e827f3a7c15be3cc0e8dad398a812438a042d5fbfc05ac4f148ca8e9393507fa,validation_005,1,4,762709817,9,
6,1.2000000000000002,B,mainline,True,False,57.59999999999993,16.0,0,maintain,0.0,0.0,57.44000000000002,22.400000000000034,1,0,accelerate-maintain,0.03050086461007595,-0.14103610813617706,-0.11824863404035568,0,0.03050086461007595,-0.11824863404035568,0.14874949865043163,0.171536972746253,"[true, true, true]",False,False,False,66015,0,e827f3a7c15be3cc0e8dad398a812438a042d5fbfc05ac4f148ca8e9393507fa,validation_005,1,4,762709817,9,
7,1.4000000000000001,A,ramp,True,False,61.96000000000003,22.80000000000004,1,accelerate,2.0,2.0000000000000284,60.79999999999992,16.0,1,0,accelerate-maintain,-0.06858952343463898,0.09178300946950912,-0.10466312617063522,1,0.09178300946950912,-0.06858952343463898,0.1603725329041481,0.19644613564014435,"[true, true, true]",False,False,False,66015,0,e827f3a7c15be3cc0e8dad398a812438a042d5fbfc05ac4f148ca8e9393507fa,validation_005,1,4,762709817,9,
7,1.4000000000000001,B,mainline,True,False,60.79999999999992,16.0,0,maintain,0.0,0.0,61.96000000000003,22.80000000000004,1,0,accelerate-maintain,0.03172062337398529,-0.14040568470954895,-0.11638806760311127,0,0.03172062337398529,-0.11638806760311127,0.14810869097709656,0.17212630808353424,"[true, true, true]",False,False,False,66015,0,e827f3a7c15be3cc0e8dad398a812438a042d5fbfc05ac4f148ca8e9393507fa,validation_005,1,4,762709817,9,
8,1.6,A,ramp,True,False,66.56000000000004,23.200000000000045,1,accelerate,2.0,2.0000000000000284,63.99999999999991,16.0,1,0,accelerate-maintain,-0.06739553064107895,0.09319067001342773,-0.10577362775802612,1,0.09319067001342773,-0.06739553064107895,0.16058620065450668,0.19896429777145386,"[true, true, true]",False,False,False,66015,0,e827f3a7c15be3cc0e8dad398a812438a042d5fbfc05ac4f148ca8e9393507fa,validation_005,1,4,762709817,9,
8,1.6,B,mainline,True,False,63.99999999999991,16.0,0,maintain,0.0,0.0,66.56000000000004,23.200000000000045,1,0,accelerate-maintain,0.03330729901790619,-0.1391480267047882,-0.1147797703742981,0,0.03330729901790619,-0.1147797703742981,0.14808706939220428,0.1724553257226944,"[true, true, true]",False,False,False,66015,0,e827f3a7c15be3cc0e8dad398a812438a042d5fbfc05ac4f148ca8e9393507fa,validation_005,1,4,762709817,9,
9,1.8,A,ramp,True,False,71.24000000000007,23.60000000000005,1,accelerate,2.0,2.0000000000000284,67.1999999999999,16.0,1,0,accelerate-maintain,-0.06485754251480103,0.09480589628219604,-0.10765542834997177,1,0.09480589628219604,-0.06485754251480103,0.15966343879699707,0.20246132463216782,"[true, true, true]",False,False,False,66015,0,e827f3a7c15be3cc0e8dad398a812438a042d5fbfc05ac4f148ca8e9393507fa,validation_005,1,4,762709817,9,
9,1.8,B,mainline,True,False,67.1999999999999,16.0,0,maintain,0.0,0.0,71.24000000000007,23.60000000000005,1,0,accelerate-maintain,0.0346904918551445,-0.13777674734592438,-0.11387324333190918,0,0.0346904918551445,-0.11387324333190918,0.14856373518705368,0.17246723920106888,"[true, true, true]",False,False,False,66015,0,e827f3a7c15be3cc0e8dad398a812438a042d5fbfc05ac4f148ca8e9393507fa,validation_005,1,4,762709817,9,
10,2.0,A,ramp,True,False,76.00000000000009,24.000000000000057,1,accelerate,2.0,2.0000000000000284,70.39999999999989,16.0,1,0,accelerate-maintain,-0.06128218024969101,0.09601567685604095,-0.10993048548698425,1,0.09601567685604095,-0.06128218024969101,0.15729785710573196,0.2059461623430252,"[true, true, true]",False,False,False,66015,0,e827f3a7c15be3cc0e8dad398a812438a042d5fbfc05ac4f148ca8e9393507fa,validation_005,1,4,762709817,9,
10,2.0,B,mainline,True,False,70.39999999999989,16.0,0,maintain,0.0,0.0,76.00000000000009,24.000000000000057,1,0,accelerate-maintain,0.03621477261185646,-0.13606993854045868,-0.11309374123811722,0,0.03621477261185646,-0.11309374123811722,0.14930851384997368,0.17228471115231514,"[true, true, true]",False,False,False,66015,0,e827f3a7c15be3cc0e8dad398a812438a042d5fbfc05ac4f148ca8e9393507fa,validation_005,1,4,762709817,9,
11,2.2,A,ramp,True,False,80.84000000000009,24.400000000000063,1,accelerate,2.0,2.0000000000000284,73.59999999999988,16.0,1,0,accelerate-maintain,-0.05763155594468117,0.09702515602111816,-0.11232120543718338,1,0.09702515602111816,-0.05763155594468117,0.15465671196579933,0.20934636145830154,"[true, true, true]",False,False,False,66015,0,e827f3a7c15be3cc0e8dad398a812438a042d5fbfc05ac4f148ca8e9393507fa,validation_005,1,4,762709817,9,
11,2.2,B,mainline,True,False,73.59999999999988,16.0,0,maintain,0.0,0.0,80.84000000000009,24.400000000000063,1,0,accelerate-maintain,0.03774244338274002,-0.13429293036460876,-0.11239144206047058,0,0.03774244338274002,-0.11239144206047058,0.1501338854432106,0.17203537374734879,"[true, true, true]",False,False,False,66015,0,e827f3a7c15be3cc0e8dad398a812438a042d5fbfc05ac4f148ca8e9393507fa,validation_005,1,4,762709817,9,
12,2.4000000000000004,A,ramp,True,False,85.76000000000009,24.800000000000068,1,accelerate,2.0,2.0000000000000284,76.79999999999987,16.0,1,0,accelerate-maintain,-0.0543004609644413,0.09750115871429443,-0.11437669396400452,1,0.09750115871429443,-0.0543004609644413,0.15180161967873573,0.21187785267829895,"[true, true, true]",False,False,False,66015,0,e827f3a7c15be3cc0e8dad398a812438a042d5fbfc05ac4f148ca8e9393507fa,validation_005,1,4,762709817,9,
12,2.4000000000000004,B,mainline,True,False,76.79999999999987,16.0,0,maintain,0.0,0.0,85.76000000000009,24.800000000000068,1,0,accelerate-maintain,0.03954559192061424,-0.1337873637676239,-0.1133359745144844,0,0.03954559192061424,-0.1133359745144844,0.15288156643509865,0.17333295568823814,"[true, true, true]",False,False,False,66015,0,e827f3a7c15be3cc0e8dad398a812438a042d5fbfc05ac4f148ca8e9393507fa,validation_005,1,4,762709817,9,
13,2.6,A,ramp,True,False,90.7600000000001,25.200000000000074,1,accelerate,2.0,2.0000000000000284,79.99999999999986,16.0,1,0,accelerate-maintain,-0.05232980102300644,0.09719909727573395,-0.1161307692527771,1,0.09719909727573395,-0.05232980102300644,0.1495288982987404,0.21332986652851105,"[true, true, true]",False,False,False,66015,0,e827f3a7c15be3cc0e8dad398a812438a042d5fbfc05ac4f148ca8e9393507fa,validation_005,1,4,762709817,9,
13,2.6,B,mainline,True,False,79.99999999999986,16.0,0,maintain,0.0,0.0,90.7600000000001,25.200000000000074,1,0,accelerate-maintain,0.040377505123615265,-0.13362708687782288,-0.11428264528512955,0,0.040377505123615265,-0.11428264528512955,0.1546601504087448,0.17400459200143814,"[true, true, true]",False,False,False,66015,0,e827f3a7c15be3cc0e8dad398a812438a042d5fbfc05ac4f148ca8e9393507fa,validation_005,1,4,762709817,9,
14,2.8000000000000003,A,ramp,True,False,95.84000000000012,25.60000000000008,1,accelerate,2.0,2.0000000000000284,83.19999999999985,16.0,1,0,accelerate-maintain,-0.05040031671524048,0.09672807157039642,-0.11823993176221848,1,0.09672807157039642,-0.05040031671524048,0.1471283882856369,0.2149680033326149,"[true, true, true]",False,False,False,66015,0,e827f3a7c15be3cc0e8dad398a812438a042d5fbfc05ac4f148ca8e9393507fa,validation_005,1,4,762709817,9,
14,2.8000000000000003,B,mainline,True,False,83.19999999999985,16.0,0,maintain,0.0,0.0,95.84000000000012,25.60000000000008,1,0,accelerate-maintain,0.04102995991706848,-0.13315938413143158,-0.11534979194402695,0,0.04102995991706848,-0.11534979194402695,0.15637975186109543,0.17418934404850006,"[true, true, true]",False,False,False,66015,0,e827f3a7c15be3cc0e8dad398a812438a042d5fbfc05ac4f148ca8e9393507fa,validation_005,1,4,762709817,9,
15,3.0,A,ramp,True,False,101.00000000000013,26.000000000000085,1,accelerate,2.0,2.0000000000000284,86.39999999999984,16.0,1,0,accelerate-maintain,-0.048384927213191986,0.0961509644985199,-0.12033287435770035,1,0.0961509644985199,-0.048384927213191986,0.14453589171171188,0.21648383885622025,"[true, true, true]",False,False,False,66015,0,e827f3a7c15be3cc0e8dad398a812438a042d5fbfc05ac4f148ca8e9393507fa,validation_005,1,4,762709817,9,11.574173914946073
15,3.0,B,mainline,True,False,86.39999999999984,16.0,0,maintain,0.0,0.0,101.00000000000013,26.000000000000085,1,0,accelerate-maintain,0.04161304980516434,-0.13133102655410767,-0.11671650409698486,0,0.04161304980516434,-0.11671650409698486,0.1583295539021492,0.172944076359272,"[true, true, true]",False,False,False,66015,0,e827f3a7c15be3cc0e8dad398a812438a042d5fbfc05ac4f148ca8e9393507fa,validation_005,1,4,762709817,9,11.574173914946073
16,3.2,A,ramp,True,False,106.24000000000015,26.40000000000009,1,accelerate,2.0,2.0000000000000284,89.59999999999982,16.0,1,0,accelerate-maintain,-0.037360746413469315,0.07403410971164703,-0.12847650051116943,1,0.07403410971164703,-0.037360746413469315,0.11139485612511635,0.20251061022281647,"[true, true, true]",False,False,False,66015,0,e827f3a7c15be3cc0e8dad398a812438a042d5fbfc05ac4f148ca8e9393507fa,validation_005,1,4,762709817,9,13.65375614496162
16,3.2,B,mainline,True,False,89.59999999999982,16.0,0,maintain,0.0,0.0,106.24000000000015,26.40000000000009,1,0,accelerate-maintain,0.05837894231081009,-0.1253553330898285,-0.14327079057693481,0,0.05837894231081009,-0.1253553330898285,0.18373427540063858,0.2016497328877449,"[true, true, true]",False,False,False,66015,0,e827f3a7c15be3cc0e8dad398a812438a042d5fbfc05ac4f148ca8e9393507fa,validation_005,1,4,762709817,9,13.65375614496162
17,3.4000000000000004,A,ramp,True,False,111.56000000000017,26.800000000000097,1,accelerate,2.0,2.0000000000000284,92.79999999999981,16.0,1,0,accelerate-maintain,-0.03444875031709671,0.07534292340278625,-0.13006383180618286,1,0.07534292340278625,-0.03444875031709671,0.10979167371988297,0.20540675520896912,"[true, true, true]",False,False,False,66015,0,e827f3a7c15be3cc0e8dad398a812438a042d5fbfc05ac4f148ca8e9393507fa,validation_005,1,4,762709817,9,15.815467555817492
17,3.4000000000000004,B,mainline,True,False,92.79999999999981,16.0,0,maintain,0.0,0.0,111.56000000000017,26.800000000000097,1,0,accelerate-maintain,0.05906529724597931,-0.12452075630426407,-0.14403000473976135,0,0.05906529724597931,-0.12452075630426407,0.18358605355024338,0.20309530198574066,"[true, true, true]",False,False,False,66015,0,e827f3a7c15be3cc0e8dad398a812438a042d5fbfc05ac4f148ca8e9393507fa,validation_005,1,4,762709817,9,15.815467555817492
18,3.6,A,ramp,True,False,116.96000000000019,27.200000000000102,1,accelerate,2.0,2.0000000000000284,95.9999999999998,16.0,1,0,accelerate-maintain,-0.031476765871047974,0.07664915919303894,-0.13173030316829681,1,0.07664915919303894,-0.031476765871047974,0.10812592506408691,0.20837946236133575,"[true, true, true]",False,False,False,66015,0,e827f3a7c15be3cc0e8dad398a812438a042d5fbfc05ac4f148ca8e9393507fa,validation_005,1,4,762709817,9,18.067845262101088
18,3.6,B,mainline,True,False,95.9999999999998,16.0,0,maintain,0.0,0.0,116.96000000000019,27.200000000000102,1,0,accelerate-maintain,0.0597449466586113,-0.12410420179367065,-0.14486606419086456,0,0.0597449466586113,-0.12410420179367065,0.18384914845228195,0.20461101084947586,"[true, true, true]",False,False,False,66015,0,e827f3a7c15be3cc0e8dad398a812438a042d5fbfc05ac4f148ca8e9393507fa,validation_005,1,4,762709817,9,18.067845262101088
19,3.8000000000000003,A,ramp,True,False,122.44000000000023,27.600000000000108,1,accelerate,2.0,2.0000000000000284,99.19999999999979,16.0,1,0,accelerate-maintain,-0.028164930641651154,0.07790666818618774,-0.13420315086841583,1,0.07790666818618774,-0.028164930641651154,0.1060715988278389,0.21210981905460358,"[true, true, true]",False,False,False,66015,0,e827f3a7c15be3cc0e8dad398a812438a042d5fbfc05ac4f148ca8e9393507fa,validation_005,1,4,762709817,9,20.414046424607648
19,3.8000000000000003,B,mainline,True,False,99.19999999999979,16.0,0,maintain,0.0,0.0,122.44000000000023,27.600000000000108,1,0,accelerate-maintain,0.06102569401264191,-0.12386384606361389,-0.14474643766880035,0,0.06102569401264191,-0.12386384606361389,0.1848895400762558,0.20577213168144226,"[true, true, true]",False,False,False,66015,0,e827f3a7c15be3cc0e8dad398a812438a042d5fbfc05ac4f148ca8e9393507fa,validation_005,1,4,762709817,9,20.414046424607648
20,4.0,A,ramp,True,False,128.00000000000026,28.000000000000114,1,accelerate,2.0,2.0000000000000284,102.39999999999978,16.0,1,0,accelerate-maintain,-0.025360390543937683,0.07896165549755096,-0.13627004623413086,1,0.07896165549755096,-0.025360390543937683,0.10432204604148865,0.21523170173168182,"[true, true, true]",False,False,False,66015,0,e827f3a7c15be3cc0e8dad398a812438a042d5fbfc05ac4f148ca8e9393507fa,validation_005,1,4,762709817,9,22.850323212667632
20,4.0,B,mainline,True,False,102.39999999999978,16.0,0,maintain,0.0,0.0,128.00000000000026,28.000000000000114,1,0,accelerate-maintain,0.06228861212730408,-0.12292180955410004,-0.14470237493515015,0,0.06228861212730408,-0.12292180955410004,0.1852104216814041,0.20699098706245422,"[true, true, true]",False,False,False,66015,0,e827f3a7c15be3cc0e8dad398a812438a042d5fbfc05ac4f148ca8e9393507fa,validation_005,1,4,762709817,9,22.850323212667632
21,4.2,A,ramp,True,False,133.64000000000027,28.40000000000012,1,accelerate,2.0,2.0000000000000284,105.59999999999977,16.0,1,0,accelerate-maintain,-0.02227681316435337,0.07976558804512024,-0.1384354531764984,1,0.07976558804512024,-0.02227681316435337,0.10204240120947361,0.21820104122161865,"[true, true, true]",False,False,False,66015,0,e827f3a7c15be3cc0e8dad398a812438a042d5fbfc05ac4f148ca8e9393507fa,validation_005,1,4,762709817,9,25.370068772129827
21,4.2,B,mainline,True,False,105.59999999999977,16.0,0,maintain,0.0,0.0,133.64000000000027,28.40000000000012,1,0,accelerate-maintain,0.06348920613527298,-0.1219504252076149,-0.14465714991092682,0,0.06348920613527298,-0.1219504252076149,0.18543963134288788,0.2081463560461998,"[true, true, true]",False,False,False,66015,0,e827f3a7c15be3cc0e8dad398a812438a042d5fbfc05ac4f148ca8e9393507fa,validation_005,1,4,762709817,9,25.370068772129827
22,4.4,A,ramp,True,False,139.3600000000003,28.800000000000125,1,accelerate,2.0,2.0000000000000284,108.79999999999976,16.0,1,0,accelerate-maintain,-0.01975291781127453,0.08029726892709732,-0.14141902327537537,1,0.08029726892709732,-0.01975291781127453,0.10005018673837185,0.2217162922024727,"[true, true, true]",False,False,False,66015,0,e827f3a7c15be3cc0e8dad398a812438a042d5fbfc05ac4f148ca8e9393507fa,validation_005,1,4,762709817,9,27.97006876052447
22,4.4,B,mainline,True,False,108.79999999999976,16.0,0,maintain,0.0,0.0,139.3600000000003,28.800000000000125,1,0,accelerate-maintain,0.06394323706626892,-0.12185876071453094,-0.1454053521156311,0,0.06394323706626892,-0.12185876071453094,0.18580199778079987,0.20934858918190002,"[true, true, true]",False,False,False,66015,0,e827f3a7c15be3cc0e8dad398a812438a042d5fbfc05ac4f148ca8e9393507fa,validation_005,1,4,762709817,9,27.97006876052447
23,4.6000000000000005,A,ramp,True,False,145.16000000000034,29.20000000000013,1,accelerate,2.0,2.0000000000000284,111.99999999999974,16.0,1,0,accelerate-maintain,-0.01794232800602913,0.08018815517425537,-0.14451295137405396,1,0.08018815517425537,-0.01794232800602913,0.0981304831802845,0.22470110654830933,"[true, true, true]",False,False,False,66015,0,e827f3a7c15be3cc0e8dad398a812438a042d5fbfc05ac4f148ca8e9393507fa,validation_005,1,4,762709817,9,30.650068760524505
23,4.6000000000000005,B,mainline,True,False,111.99999999999974,16.0,0,maintain,0.0,0.0,145.16000000000034,29.20000000000013,1,0,accelerate-maintain,0.06438475847244263,-0.12173319607973099,-0.1461360603570938,0,0.06438475847244263,-0.12173319607973099,0.18611795455217361,0.21052081882953644,"[true, true, true]",False,False,False,66015,0,e827f3a7c15be3cc0e8dad398a812438a042d5fbfc05ac4f148ca8e9393507fa,validation_005,1,4,762709817,9,30.650068760524505
24,4.800000000000001,A,ramp,True,False,151.04000000000036,29.600000000000136,1,accelerate,2.0,1.9999999999971863,115.19999999999973,16.0,1,0,accelerate-maintain,-0.01648753322660923,0.07972364872694016,-0.14765340089797974,1,0.07972364872694016,-0.01648753322660923,0.09621118195354939,0.2273770496249199,"[true, true, true]",False,False,False,66015,0,e827f3a7c15be3cc0e8dad398a812438a042d5fbfc05ac4f148ca8e9393507fa,validation_005,1,4,762709817,9,33.41006876052455
24,4.800000000000001,B,mainline,True,False,115.19999999999973,16.0,0,maintain,0.0,0.0,151.04000000000036,29.600000000000136,1,0,accelerate-maintain,0.06481820344924927,-0.12158592790365219,-0.1468549221754074,0,0.06481820344924927,-0.12158592790365219,0.18640413135290146,0.21167312562465668,"[true, true, true]",False,False,False,66015,0,e827f3a7c15be3cc0e8dad398a812438a042d5fbfc05ac4f148ca8e9393507fa,validation_005,1,4,762709817,9,33.41006876052455
25,5.0,A,ramp,True,False,157.0000000000004,30.0,1,accelerate,2.0,0.0,118.39999999999972,16.0,1,0,accelerate-maintain,-0.015127532184123993,0.07899049669504166,-0.15068458020687103,1,0.07899049669504166,-0.015127532184123993,0.09411802887916565,0.2296750769019127,"[true, true, true]",False,False,False,66015,0,e827f3a7c15be3cc0e8dad398a812438a042d5fbfc05ac4f148ca8e9393507fa,validation_005,1,4,762709817,9,36.210068760524564
25,5.0,B,mainline,True,False,118.39999999999972,16.0,0,maintain,0.0,0.0,157.0000000000004,30.0,1,0,accelerate-maintain,0.06539304554462433,-0.1216031014919281,-0.14758768677711487,0,0.06539304554462433,-0.1216031014919281,0.18699614703655243,0.2129807323217392,"[true, true, true]",False,False,False,66015,0,e827f3a7c15be3cc0e8dad398a812438a042d5fbfc05ac4f148ca8e9393507fa,validation_005,1,4,762709817,9,36.210068760524564
26,5.2,A,ramp,True,False,163.0000000000004,30.0,1,accelerate,2.0,0.0,121.59999999999971,16.0,1,0,accelerate-maintain,-0.013350903987884521,0.07807523012161255,-0.1549309939146042,1,0.07807523012161255,-0.013350903987884521,0.09142613410949707,0.23300622403621674,"[true, true, true]",False,False,False,66015,0,e827f3a7c15be3cc0e8dad398a812438a042d5fbfc05ac4f148ca8e9393507fa,validation_005,1,4,762709817,9,39.010068760524575
26,5.2,B,mainline,True,False,121.59999999999971,16.0,0,maintain,0.0,0.0,163.0000000000004,30.0,1,0,accelerate-maintain,0.06484630703926086,-0.12083075940608978,-0.14741094410419464,0,0.06484630703926086,-0.12083075940608978,0.18567706644535065,0.2122572511434555,"[true, true, true]",False,False,False,66015,0,e827f3a7c15be3cc0e8dad398a812438a042d5fbfc05ac4f148ca8e9393507fa,validation_005,1,4,762709817,9,39.010068760524575
27,5.4,A,ramp,True,False,169.0000000000004,30.0,1,accelerate,2.0,0.0,124.7999999999997,16.0,1,0,accelerate-maintain,-0.011386087164282799,0.07711994647979736,-0.1583593785762787,1,0.07711994647979736,-0.011386087164282799,0.08850603364408016,0.23547932505607605,"[true, true, true]",False,False,False,66015,0,e827f3a7c15be3cc0e8dad398a812438a042d5fbfc05ac4f148ca8e9393507fa,validation_005,1,4,762709817,9,41.81006876052459
27,5.4,B,mainline,True,False,124.7999999999997,16.0,0,maintain,0.0,0.0,169.0000000000004,30.0,1,0,accelerate-maintain,0.06389208137989044,-0.12088102847337723,-0.1478012353181839,0,0.06389208137989044,-0.12088102847337723,0.18477310985326767,0.21169331669807434,"[true, true, true]",False,False,False,66015,0,e827f3a7c15be3cc0e8dad398a812438a042d5fbfc05ac4f148ca8e9393507fa,validation_005,1,4,762709817,9,41.81006876052459
28,5.6000000000000005,A,ramp,True,False,175.0000000000004,30.0,1,accelerate,2.0,0.0,127.99999999999969,16.0,1,0,accelerate-maintain,-0.009040453471243382,0.07577979564666748,-0.16153584420681,1,0.07577979564666748,-0.009040453471243382,0.08482024911791086,0.23731563985347748,"[true, true, true]",False,False,False,66015,0,e827f3a7c15be3cc0e8dad398a812438a042d5fbfc05ac4f148ca8e9393507fa,validation_005,1,4,762709817,9,44.61006876052454
28,5.6000000000000005,B,mainline,True,False,127.99999999999969,16.0,0,maintain,0.0,0.0,175.0000000000004,30.0,1,0,accelerate-maintain,0.0634150579571724,-0.12083739042282104,-0.14829112589359283,0,0.0634150579571724,-0.12083739042282104,0.18425244837999344,0.21170618385076523,"[true, true, true]",False,False,False,66015,0,e827f3a7c15be3cc0e8dad398a812438a042d5fbfc05ac4f148ca8e9393507fa,validation_005,1,4,762709817,9,44.61006876052454
29,5.800000000000001,A,ramp,True,False,181.0000000000004,30.0,1,accelerate,2.0,0.0,131.19999999999973,16.0,1,0,accelerate-maintain,-0.006769586354494095,0.07445881515741348,-0.16441252827644348,1,0.07445881515741348,-0.006769586354494095,0.08122840151190758,0.23887134343385696,"[true, true, true]",False,False,False,66015,0,e827f3a7c15be3cc0e8dad398a812438a042d5fbfc05ac4f148ca8e9393507fa,validation_005,1,4,762709817,9,47.410068760524496
29,5.800000000000001,B,mainline,True,False,131.19999999999973,16.0,0,maintain,0.0,0.0,181.0000000000004,30.0,1,0,accelerate-maintain,0.06290370225906372,-0.12084894627332687,-0.14893049001693726,0,0.06290370225906372,-0.12084894627332687,0.1837526485323906,0.21183419227600098,"[true, true, true]",False,False,False,66015,0,e827f3a7c15be3cc0e8dad398a812438a042d5fbfc05ac4f148ca8e9393507fa,validation_005,1,4,762709817,9,47.410068760524496
30,6.0,A,ramp,True,False,187.0000000000004,30.0,1,accelerate,2.0,0.0,134.39999999999978,16.0,1,0,accelerate-maintain,-0.004350133240222931,0.07284653186798096,-0.16633838415145874,1,0.07284653186798096,-0.004350133240222931,0.07719666510820389,0.2391849160194397,"[true, true, true]",False,False,False,66015,0,e827f3a7c15be3cc0e8dad398a812438a042d5fbfc05ac4f148ca8e9393507fa,validation_005,1,4,762709817,9,50.21006876052445
30,6.0,B,mainline,True,False,134.39999999999978,16.0,0,maintain,0.0,0.0,187.0000000000004,30.0,1,0,accelerate-maintain,0.06250868737697601,-0.12089899182319641,-0.15007834136486053,0,0.06250868737697601,-0.12089899182319641,0.18340767920017242,0.21258702874183655,"[true, true, true]",False,False,False,66015,0,e827f3a7c15be3cc0e8dad398a812438a042d5fbfc05ac4f148ca8e9393507fa,validation_005,1,4,762709817,9,50.21006876052445
31,6.2,A,ramp,True,False,193.0000000000004,30.0,1,accelerate,2.0,0.0,137.59999999999982,16.0,1,0,accelerate-maintain,-0.0019303299486637115,0.07123416662216187,-0.16826453804969788,1,0.07123416662216187,-0.0019303299486637115,0.07316449657082558,0.23949870467185974,"[true, true, true]",False,False,False,66015,0,e827f3a7c15be3cc0e8dad398a812438a042d5fbfc05ac4f148ca8e9393507fa,validation_005,1,4,762709817,9,53.010068760524405
31,6.2,B,mainline,True,False,137.59999999999982,16.0,0,maintain,0.0,0.0,193.0000000000004,30.0,1,0,accelerate-maintain,0.061863020062446594,-0.12080631405115128,-0.1513090580701828,0,0.061863020062446594,-0.12080631405115128,0.18266933411359787,0.2131720781326294,"[true, true, true]",False,False,False,66015,0,e827f3a7c15be3cc0e8dad398a812438a042d5fbfc05ac4f148ca8e9393507fa,validation_005,1,4,762709817,9,53.010068760524405
32,6.4,A,ramp,True,False,199.0000000000004,30.0,1,accelerate,2.0,0.0,140.79999999999987,16.0,1,0,accelerate-maintain,0.0004897266626358032,0.0696217492222786,-0.17019103467464447,1,0.0696217492222786,0.0004897266626358032,0.06913202255964279,0.23981278389692307,"[true, true, true]",False,False,False,66015,0,e827f3a7c15be3cc0e8dad398a812438a042d5fbfc05ac4f148ca8e9393507fa,validation_005,1,4,762709817,9,55.81006876052436
32,6.4,B,mainline,True,False,140.79999999999987,16.0,0,maintain,0.0,0.0,199.0000000000004,30.0,1,0,accelerate-maintain,0.061250295490026474,-0.12094083428382874,-0.15267060697078705,0,0.061250295490026474,-0.12094083428382874,0.1821911297738552,0.21392090246081352,"[true, true, true]",False,False,False,66015,0,e827f3a7c15be3cc0e8dad398a812438a042d5fbfc05ac4f148ca8e9393507fa,validation_005,1,4,762709817,9,55.81006876052436
33,6.6000000000000005,A,ramp,True,False,205.0000000000004,30.0,1,accelerate,2.0,0.0,143.99999999999991,16.0,1,0,accelerate-maintain,0.0029684696346521378,0.06798629462718964,-0.17200666666030884,1,0.06798629462718964,0.0029684696346521378,0.0650178249925375,0.23999296128749847,"[true, true, true]",False,False,False,66015,0,e827f3a7c15be3cc0e8dad398a812438a042d5fbfc05ac4f148ca8e9393507fa,validation_005,1,4,762709817,9,58.610068760524314
33,6.6000000000000005,B,mainline,True,False,143.99999999999991,16.0,0,maintain,0.0,0.0,205.0000000000004,30.0,1,0,accelerate-maintain,0.06061820685863495,-0.12105043977499008,-0.15406252443790436,0,0.06061820685863495,-0.12105043977499008,0.18166864663362503,0.2146807312965393,"[true, true, true]",False,False,False,66015,0,e827f3a7c15be3cc0e8dad398a812438a042d5fbfc05ac4f148ca8e9393507fa,validation_005,1,4,762709817,9,58.610068760524314
34,6.800000000000001,A,ramp,True,False,211.0000000000004,30.0,1,accelerate,2.0,0.0,147.19999999999996,16.0,1,0,accelerate-maintain,0.005371998995542526,0.06661125272512436,-0.1747048944234848,1,0.06661125272512436,0.005371998995542526,0.06123925372958183,0.24131614714860916,"[true, true, true]",False,False,False,66015,0,e827f3a7c15be3cc0e8dad398a812438a042d5fbfc05ac4f148ca8e9393507fa,validation_005,1,4,762709817,9,61.41006876052427
34,6.800000000000001,B,mainline,True,False,147.19999999999996,16.0,0,maintain,0.0,0.0,211.0000000000004,30.0,1,0,accelerate-maintain,0.05979662016034126,-0.12056279927492142,-0.15603844821453094,0,0.05979662016034126,-0.12056279927492142,0.18035941943526268,0.2158350683748722,"[true, true, true]",False,False,False,66015,0,e827f3a7c15be3cc0e8dad398a812438a042d5fbfc05ac4f148ca8e9393507fa,validation_005,1,4,762709817,9,61.41006876052427
35,7.0,A,ramp,True,False,217.0000000000004,30.0,1,accelerate,2.0,0.0,150.4,16.0,1,0,accelerate-maintain,0.007971882820129395,0.06526714563369751,-0.17755398154258728,1,0.06526714563369751,0.007971882820129395,0.057295262813568115,0.2428211271762848,"[true, true, true]",False,False,False,66015,0,e827f3a7c15be3cc0e8dad398a812438a042d5fbfc05ac4f148ca8e9393507fa,validation_005,1,4,762709817,9,64.21006876052422
35,7.0,B,mainline,True,False,150.4,16.0,0,maintain,0.0,0.0,217.0000000000004,30.0,1,0,accelerate-maintain,0.05876563861966133,-0.12026964128017426,-0.1581779271364212,0,0.05876563861966133,-0.12026964128017426,0.1790352798998356,0.21694356575608253,"[true, true, true]",False,False,False,66015,0,e827f3a7c15be3cc0e8dad398a812438a042d5fbfc05ac4f148ca8e9393507fa,validation_005,1,4,762709817,9,64.21006876052422
36,7.2,A,ramp,True,False,223.0000000000004,30.0,1,accelerate,2.0,0.0,153.60000000000005,16.0,1,0,accelerate-maintain,0.011894062161445618,0.06383273750543594,-0.17978623509407043,1,0.06383273750543594,0.011894062161445618,0.051938675343990326,0.24361897259950638,"[true, true, true]",False,False,False,66015,0,e827f3a7c15be3cc0e8dad398a812438a042d5fbfc05ac4f148ca8e9393507fa,validation_005,1,4,762709817,9,67.01006876052418
36,7.2,B,mainline,True,False,153.60000000000005,16.0,0,maintain,0.0,0.0,223.0000000000004,30.0,1,0,accelerate-maintain,0.057663608342409134,-0.12004105001688004,-0.16036894917488098,0,0.057663608342409134,-0.12004105001688004,0.17770465835928917,0.21803255751729012,"[true, true, true]",False,False,False,66015,0,e827f3a7c15be3cc0e8dad398a812438a042d5fbfc05ac4f148ca8e9393507fa,validation_005,1,4,762709817,9,67.01006876052418
37,7.4,A,ramp,True,False,229.0000000000004,30.0,1,accelerate,2.0,0.0,156.8000000000001,16.0,1,0,accelerate-maintain,0.015990592539310455,0.062400415539741516,-0.18180209398269653,1,0.062400415539741516,0.015990592539310455,0.04640982300043106,0.24420250952243805,"[true, true, true]",False,False,False,66015,0,e827f3a7c15be3cc0e8dad398a812438a042d5fbfc05ac4f148ca8e9393507fa,validation_005,1,4,762709817,9,69.81006876052413
37,7.4,B,mainline,True,False,156.8000000000001,16.0,0,maintain,0.0,0.0,229.0000000000004,30.0,1,0,accelerate-maintain,0.05657919496297836,-0.1197476014494896,-0.16261301934719086,0,0.05657919496297836,-0.1197476014494896,0.17632679641246796,0.21919221431016922,"[true, true, true]",False,False,False,66015,0,e827f3a7c15be3cc0e8dad398a812438a042d5fbfc05ac4f148ca8e9393507fa,validation_005,1,4,762709817,9,69.81006876052413
38,7.6000000000000005,A,ramp,True,False,235.0000000000004,30.0,1,accelerate,2.0,0.0,160.00000000000014,16.0,1,0,accelerate-maintain,0.020086780190467834,0.06096813082695007,-0.18381892144680023,1,0.06096813082695007,0.020086780190467834,0.04088135063648224,0.2447870522737503,"[true, true, true]",False,False,False,66015,0,e827f3a7c15be3cc0e8dad398a812438a042d5fbfc05ac4f148ca8e9393507fa,validation_005,1,4,762709817,9,72.61006876052409
38,7.6000000000000005,B,mainline,True,False,160.00000000000014,16.0,0,maintain,0.0,0.0,235.0000000000004,30.0,1,0,accelerate-maintain,0.055718641728162766,-0.12061899900436401,-0.1651173084974289,0,0.055718641728162766,-0.12061899900436401,0.17633764073252678,0.22083595022559166,"[true, true, true]",False,False,False,66015,0,e827f3a7c15be3cc0e8dad398a812438a042d5fbfc05ac4f148ca8e9393507fa,validation_005,1,4,762709817,9,72.61006876052409
39,7.800000000000001,A,ramp,True,False,241.0000000000004,30.0,1,accelerate,2.0,0.0,163.2000000000002,16.0,1,0,accelerate-maintain,0.02409093827009201,0.05940034240484238,-0.1861935555934906,1,0.05940034240484238,0.02409093827009201,0.035309404134750366,0.24559389799833298,"[true, true, true]",False,False,False,66015,0,e827f3a7c15be3cc0e8dad398a812438a042d5fbfc05ac4f148ca8e9393507fa,validation_005,1,4,762709817,9,75.41006876052404
39,7.800000000000001,B,mainline,True,False,163.2000000000002,16.0,0,maintain,0.0,0.0,241.0000000000004,30.0,1,0,accelerate-maintain,0.055336154997348785,-0.12228141725063324,-0.16750550270080566,0,0.055336154997348785,-0.12228141725063324,0.17761757224798203,0.22284165769815445,"[true, true, true]",False,False,False,66015,0,e827f3a7c15be3cc0e8dad398a812438a042d5fbfc05ac4f148ca8e9393507fa,validation_005,1,4,762709817,9,75.41006876052404
40,8.0,A,ramp,True,False,247.0000000000004,30.0,0,maintain,2.0,0.0,166.40000000000023,16.0,0,0,maintain-maintain,0.05357738584280014,0.020428791642189026,-0.1471702605485916,0,0.05357738584280014,0.020428791642189026,0.033148594200611115,0.20074764639139175,"[true, true, true]",False,False,False,66015,0,e827f3a7c15be3cc0e8dad398a812438a042d5fbfc05ac4f148ca8e9393507fa,validation_005,1,4,762709817,9,78.210068760524
40,8.0,B,mainline,True,False,166.40000000000023,16.0,0,maintain,0.0,0.0,247.0000000000004,30.0,0,0,maintain-maintain,0.05432300642132759,-0.1251291036605835,-0.18869729340076447,0,0.05432300642132759,-0.1251291036605835,0.1794521100819111,0.24302029982209206,"[true, true, true]",False,False,False,66015,0,e827f3a7c15be3cc0e8dad398a812438a042d5fbfc05ac4f148ca8e9393507fa,validation_005,1,4,762709817,9,78.210068760524
41,8.200000000000001,A,ramp,True,False,253.0000000000004,30.0,0,maintain,0.0,0.0,169.60000000000028,16.0,0,0,maintain-maintain,0.056413039565086365,0.019559308886528015,-0.147700235247612,0,0.056413039565086365,0.019559308886528015,0.03685373067855835,0.20411327481269836,"[true, true, true]",False,False,False,66015,0,e827f3a7c15be3cc0e8dad398a812438a042d5fbfc05ac4f148ca8e9393507fa,validation_005,1,4,762709817,9,81.01006876052392
41,8.200000000000001,B,mainline,True,False,169.60000000000028,16.0,0,maintain,0.0,0.0,253.0000000000004,30.0,0,0,maintain-maintain,0.052873820066452026,-0.1250506192445755,-0.19080987572669983,0,0.052873820066452026,-0.1250506192445755,0.17792443931102753,0.24368369579315186,"[true, true, true]",False,False,False,66015,0,e827f3a7c15be3cc0e8dad398a812438a042d5fbfc05ac4f148ca8e9393507fa,validation_005,1,4,762709817,9,81.01006876052392
42,8.4,A,ramp,True,False,259.0000000000004,30.0,0,maintain,0.0,0.0,172.80000000000032,16.0,0,0,maintain-maintain,0.05924822390079498,0.01868976280093193,-0.14823070168495178,0,0.05924822390079498,0.01868976280093193,0.04055846109986305,0.20747892558574677,"[true, true, true]",False,False,False,66015,0,e827f3a7c15be3cc0e8dad398a812438a042d5fbfc05ac4f148ca8e9393507fa,validation_005,1,4,762709817,9,
42,8.4,B,mainline,True,False,172.80000000000032,16.0,0,maintain,0.0,0.0,259.0000000000004,30.0,0,0,maintain-maintain,0.05142536014318466,-0.12497319281101227,-0.1929224729537964,0,0.05142536014318466,-0.12497319281101227,0.17639855295419693,0.24434783309698105,"[true, true, true]",False,False,False,66015,0,e827f3a7c15be3cc0e8dad398a812438a042d5fbfc05ac4f148ca8e9393507fa,validation_005,1,4,762709817,9,
43,8.6,A,ramp,False,True,260.5000000000004,0.0,0,maintain,0.0,0.0,176.00000000000037,16.0,0,0,inactive-active,0.022212736308574677,-0.00024854764342308044,-0.1789807677268982,0,0.022212736308574677,-0.00024854764342308044,0.022461283951997757,0.20119350403547287,"[true, true, true]",False,False,False,66015,0,e827f3a7c15be3cc0e8dad398a812438a042d5fbfc05ac4f148ca8e9393507fa,validation_005,1,4,762709817,9,
43,8.6,B,mainline,True,False,176.00000000000037,16.0,0,maintain,0.0,0.0,260.5000000000004,0.0,0,0,inactive-active,-0.0211494117975235,-0.10176728665828705,-0.11184954643249512,0,-0.0211494117975235,-0.10176728665828705,0.08061787486076355,0.09070013463497162,"[true, true, true]",False,False,False,66015,0,e827f3a7c15be3cc0e8dad398a812438a042d5fbfc05ac4f148ca8e9393507fa,validation_005,1,4,762709817,9,
44,8.8,A,ramp,False,True,260.5000000000004,0.0,0,maintain,0.0,0.0,179.20000000000041,16.0,0,0,inactive-active,0.023379839956760406,0.0017210319638252258,-0.17711737751960754,0,0.023379839956760406,0.0017210319638252258,0.02165880799293518,0.20049721747636795,"[true, true, true]",False,False,False,66015,0,e827f3a7c15be3cc0e8dad398a812438a042d5fbfc05ac4f148ca8e9393507fa,validation_005,1,4,762709817,9,
44,8.8,B,mainline,True,False,179.20000000000041,16.0,0,maintain,0.0,0.0,260.5000000000004,0.0,0,0,inactive-active,-0.021612748503684998,-0.10221651196479797,-0.11091670393943787,0,-0.021612748503684998,-0.10221651196479797,0.08060376346111298,0.08930395543575287,"[true, true, true]",False,False,False,66015,0,e827f3a7c15be3cc0e8dad398a812438a042d5fbfc05ac4f148ca8e9393507fa,validation_005,1,4,762709817,9,
45,9.0,A,ramp,False,True,260.5000000000004,0.0,0,maintain,0.0,0.0,182.40000000000046,16.0,0,0,inactive-active,0.02420632541179657,0.00344834104180336,-0.1754097044467926,0,0.02420632541179657,0.00344834104180336,0.02075798436999321,0.19961602985858917,"[true, true, true]",False,False,False,66015,0,e827f3a7c15be3cc0e8dad398a812438a042d5fbfc05ac4f148ca8e9393507fa,validation_005,1,4,762709817,9,
45,9.0,B,mainline,True,False,182.40000000000046,16.0,0,maintain,0.0,0.0,260.5000000000004,0.0,0,0,inactive-active,-0.020996689796447754,-0.10251981019973755,-0.10974554717540741,0,-0.020996689796447754,-0.10251981019973755,0.0815231204032898,0.08874885737895966,"[true, true, true]",False,False,False,66015,0,e827f3a7c15be3cc0e8dad398a812438a042d5fbfc05ac4f148ca8e9393507fa,validation_005,1,4,762709817,9,
46,9.200000000000001,A,ramp,False,True,260.5000000000004,0.0,0,maintain,0.0,0.0,185.6000000000005,16.0,0,0,inactive-active,0.025054626166820526,0.00511329248547554,-0.17376703023910522,0,0.025054626166820526,0.00511329248547554,0.019941333681344986,0.19882165640592575,"[true, true, true]",False,False,False,66015,0,e827f3a7c15be3cc0e8dad398a812438a042d5fbfc05ac4f148ca8e9393507fa,validation_005,1,4,762709817,9,
46,9.200000000000001,B,mainline,True,False,185.6000000000005,16.0,0,maintain,0.0,0.0,260.5000000000004,0.0,0,0,inactive-active,-0.020098790526390076,-0.10272088646888733,-0.10849480330944061,0,-0.020098790526390076,-0.10272088646888733,0.08262209594249725,0.08839601278305054,"[true, true, true]",False,False,False,66015,0,e827f3a7c15be3cc0e8dad398a812438a042d5fbfc05ac4f148ca8e9393507fa,validation_005,1,4,762709817,9,
47,9.4,A,ramp,False,True,260.5000000000004,0.0,0,maintain,0.0,0.0,188.80000000000055,16.0,0,0,inactive-active,0.025913923978805542,0.006820060312747955,-0.1720866858959198,0,0.025913923978805542,0.006820060312747955,0.019093863666057587,0.19800060987472534,"[true, true, true]",False,False,False,66015,0,e827f3a7c15be3cc0e8dad398a812438a042d5fbfc05ac4f148ca8e9393507fa,validation_005,1,4,762709817,9,
47,9.4,B,mainline,True,False,188.80000000000055,16.0,0,maintain,0.0,0.0,260.5000000000004,0.0,0,0,inactive-active,-0.019202113151550293,-0.10292229056358337,-0.10724224150180817,0,-0.019202113151550293,-0.10292229056358337,0.08372017741203308,0.08804012835025787,"[true, true, true]",False,False,False,66015,0,e827f3a7c15be3cc0e8dad398a812438a042d5fbfc05ac4f148ca8e9393507fa,validation_005,1,4,762709817,9,
48,9.600000000000001,A,ramp,False,True,260.5000000000004,0.0,0,maintain,0.0,0.0,192.0000000000006,16.0,0,0,inactive-active,0.026673119515180588,0.008574176579713821,-0.1703799068927765,0,0.026673119515180588,0.008574176579713821,0.018098942935466766,0.19705302640795708,"[true, true, true]",False,False,False,66015,0,e827f3a7c15be3cc0e8dad398a812438a042d5fbfc05ac4f148ca8e9393507fa,validation_005,1,4,762709817,9,
48,9.600000000000001,B,mainline,True,False,192.0000000000006,16.0,0,maintain,0.0,0.0,260.5000000000004,0.0,0,0,inactive-active,-0.018318206071853638,-0.10293649882078171,-0.10580850392580032,0,-0.018318206071853638,-0.10293649882078171,0.08461829274892807,0.08749029785394669,"[true, true, true]",False,False,False,66015,0,e827f3a7c15be3cc0e8dad398a812438a042d5fbfc05ac4f148ca8e9393507fa,validation_005,1,4,762709817,9,
49,9.8,A,ramp,False,True,260.5000000000004,0.0,0,maintain,0.0,0.0,195.20000000000064,16.0,0,0,inactive-active,0.027338258922100067,0.010298870503902435,-0.16909576952457428,0,0.027338258922100067,0.010298870503902435,0.017039388418197632,0.19643402844667435,"[true, true, true]",False,False,False,66015,0,e827f3a7c15be3cc0e8dad398a812438a042d5fbfc05ac4f148ca8e9393507fa,validation_005,1,4,762709817,9,
49,9.8,B,mainline,True,False,195.20000000000064,16.0,0,maintain,0.0,0.0,260.5000000000004,0.0,0,0,inactive-active,-0.017442286014556885,-0.10284068435430527,-0.1042674109339714,0,-0.017442286014556885,-0.10284068435430527,0.08539839833974838,0.08682512491941452,"[true, true, true]",False,False,False,66015,0,e827f3a7c15be3cc0e8dad398a812438a042d5fbfc05ac4f148ca8e9393507fa,validation_005,1,4,762709817,9,
50,10.0,A,ramp,False,True,260.5000000000004,0.0,0,maintain,0.0,0.0,198.4000000000007,16.0,0,0,inactive-active,0.027965866029262543,0.011996861547231674,-0.16794779896736145,0,0.027965866029262543,0.011996861547231674,0.01596900448203087,0.195913664996624,"[true, true, true]",False,False,False,66015,0,e827f3a7c15be3cc0e8dad398a812438a042d5fbfc05ac4f148ca8e9393507fa,validation_005,1,4,762709817,9,
50,10.0,B,mainline,True,False,198.4000000000007,16.0,0,maintain,0.0,0.0,260.5000000000004,0.0,0,0,inactive-active,-0.016534171998500824,-0.10271500796079636,-0.10265826433897018,0,-0.016534171998500824,-0.10265826433897018,0.08612409234046936,0.08618083596229553,"[true, true, true]",False,False,False,66015,0,e827f3a7c15be3cc0e8dad398a812438a042d5fbfc05ac4f148ca8e9393507fa,validation_005,1,4,762709817,9,
51,10.200000000000001,A,ramp,False,True,260.5000000000004,0.0,0,maintain,0.0,0.0,201.60000000000073,16.0,0,0,inactive-active,0.028593190014362335,0.01369539275765419,-0.16680021584033966,0,0.028593190014362335,0.01369539275765419,0.014897797256708145,0.195393405854702,"[true, true, true]",False,False,False,66015,0,e827f3a7c15be3cc0e8dad398a812438a042d5fbfc05ac4f148ca8e9393507fa,validation_005,1,4,762709817,9,
51,10.200000000000001,B,mainline,True,False,201.60000000000073,16.0,0,maintain,0.0,0.0,260.5000000000004,0.0,0,0,inactive-active,-0.015509553253650665,-0.10254371166229248,-0.10083332657814026,0,-0.015509553253650665,-0.10083332657814026,0.0853237733244896,0.08703415840864182,"[true, true, true]",False,False,False,66015,0,e827f3a7c15be3cc0e8dad398a812438a042d5fbfc05ac4f148ca8e9393507fa,validation_005,1,4,762709817,9,
52,10.4,A,ramp,False,True,260.5000000000004,0.0,0,maintain,0.0,0.0,204.80000000000078,16.0,0,0,inactive-active,0.029221780598163605,0.015356294810771942,-0.1656707227230072,0,0.029221780598163605,0.015356294810771942,0.013865485787391663,0.1948925033211708,"[true, true, true]",False,False,False,66015,0,e827f3a7c15be3cc0e8dad398a812438a042d5fbfc05ac4f148ca8e9393507fa,validation_005,1,4,762709817,9,
52,10.4,B,mainline,True,False,204.80000000000078,16.0,0,maintain,0.0,0.0,260.5000000000004,0.0,0,0,inactive-active,-0.014415837824344635,-0.10230690985918045,-0.09910206496715546,0,-0.014415837824344635,-0.09910206496715546,0.08468622714281082,0.08789107203483582,"[true, true, true]",False,False,False,66015,0,e827f3a7c15be3cc0e8dad398a812438a042d5fbfc05ac4f148ca8e9393507fa,validation_005,1,4,762709817,9,
53,10.600000000000001,A,ramp,False,True,260.5000000000004,0.0,0,maintain,0.0,0.0,208.00000000000082,16.0,0,0,inactive-active,0.029694251716136932,0.016989286988973618,-0.16499115526676178,0,0.029694251716136932,0.016989286988973618,0.012704964727163315,0.1946854069828987,"[true, true, true]",False,False,False,66015,0,e827f3a7c15be3cc0e8dad398a812438a042d5fbfc05ac4f148ca8e9393507fa,validation_005,1,4,762709817,9,
53,10.600000000000001,B,mainline,True,False,208.00000000000082,16.0,0,maintain,0.0,0.0,260.5000000000004,0.0,0,0,inactive-active,-0.013118155300617218,-0.10204736888408661,-0.09740070253610611,0,-0.013118155300617218,-0.09740070253610611,0.08428254723548889,0.08892921358346939,"[true, true, true]",False,False,False,66015,0,e827f3a7c15be3cc0e8dad398a812438a042d5fbfc05ac4f148ca8e9393507fa,validation_005,1,4,762709817,9,
54,10.8,A,ramp,False,True,260.5000000000004,0.0,0,maintain,0.0,0.0,211.20000000000087,16.0,0,0,inactive-active,0.030311457812786102,0.01884644106030464,-0.16446717083454132,0,0.030311457812786102,0.01884644106030464,0.01146501675248146,0.19477862864732742,"[true, true, true]",False,False,False,66015,0,e827f3a7c15be3cc0e8dad398a812438a042d5fbfc05ac4f148ca8e9393507fa,validation_005,1,4,762709817,9,
54,10.8,B,mainline,True,False,211.20000000000087,16.0,0,maintain,0.0,0.0,260.5000000000004,0.0,0,0,inactive-active,-0.011821292340755463,-0.10178810358047485,-0.09569750726222992,0,-0.011821292340755463,-0.09569750726222992,0.08387621492147446,0.08996681123971939,"[true, true, true]",False,False,False,66015,0,e827f3a7c15be3cc0e8dad398a812438a042d5fbfc05ac4f148ca8e9393507fa,validation_005,1,4,762709817,9,
55,11.0,A,ramp,False,True,260.5000000000004,0.0,0,maintain,0.0,0.0,214.40000000000092,16.0,0,0,inactive-active,0.03108854964375496,0.02091093361377716,-0.16418114304542542,0,0.03108854964375496,0.02091093361377716,0.010177616029977798,0.19526969268918037,"[true, true, true]",False,False,False,66015,0,e827f3a7c15be3cc0e8dad398a812438a042d5fbfc05ac4f148ca8e9393507fa,validation_005,1,4,762709817,9,
55,11.0,B,mainline,True,False,214.40000000000092,16.0,0,maintain,0.0,0.0,260.5000000000004,0.0,0,0,inactive-active,-0.010565374046564102,-0.10157611966133118,-0.09402994811534882,0,-0.010565374046564102,-0.09402994811534882,0.08346457406878471,0.09101074561476707,"[true, true, true]",False,False,False,66015,0,e827f3a7c15be3cc0e8dad398a812438a042d5fbfc05ac4f148ca8e9393507fa,validation_005,1,4,762709817,9,
56,11.200000000000001,A,ramp,False,True,260.5000000000004,0.0,0,maintain,0.0,0.0,217.60000000000096,16.0,0,0,inactive-active,0.0318891741335392,0.023021914064884186,-0.16396555304527283,0,0.0318891741335392,0.023021914064884186,0.008867260068655014,0.19585472717881203,"[true, true, true]",False,False,False,66015,0,e827f3a7c15be3cc0e8dad398a812438a042d5fbfc05ac4f148ca8e9393507fa,validation_005,1,4,762709817,9,
56,11.200000000000001,B,mainline,True,False,217.60000000000096,16.0,0,maintain,0.0,0.0,260.5000000000004,0.0,0,0,inactive-active,-0.009402982890605927,-0.10147298872470856,-0.09244699776172638,0,-0.009402982890605927,-0.09244699776172638,0.08304401487112045,0.09207000583410263,"[true, true, true]",False,False,False,66015,0,e827f3a7c15be3cc0e8dad398a812438a042d5fbfc05ac4f148ca8e9393507fa,validation_005,1,4,762709817,9,
57,11.4,A,ramp,False,True,260.5000000000004,0.0,0,maintain,0.0,0.0,220.800000000001,16.0,0,0,inactive-active,0.032669343054294586,0.02518928050994873,-0.16390347480773926,0,0.032669343054294586,0.02518928050994873,0.007480062544345856,0.19657281786203384,"[true, true, true]",False,False,False,66015,0,e827f3a7c15be3cc0e8dad398a812438a042d5fbfc05ac4f148ca8e9393507fa,validation_005,1,4,762709817,9,
57,11.4,B,mainline,True,False,220.800000000001,16.0,0,maintain,0.0,0.0,260.5000000000004,0.0,0,0,inactive-active,-0.008241713047027588,-0.10137055814266205,-0.0908626914024353,0,-0.008241713047027588,-0.0908626914024353,0.08262097835540771,0.09312884509563446,"[true, true, true]",False,False,False,66015,0,e827f3a7c15be3cc0e8dad398a812438a042d5fbfc05ac4f148ca8e9393507fa,validation_005,1,4,762709817,9,
58,11.600000000000001,A,ramp,False,True,260.5000000000004,0.0,0,maintain,0.0,0.0,224.00000000000105,16.0,0,0,inactive-active,0.03301110491156578,0.026868022978305817,-0.16443359851837158,0,0.03301110491156578,0.026868022978305817,0.006143081933259964,0.19744470342993736,"[true, true, true]",False,False,False,66015,0,e827f3a7c15be3cc0e8dad398a812438a042d5fbfc05ac4f148ca8e9393507fa,validation_005,1,4,762709817,9,
58,11.600000000000001,B,mainline,True,False,224.00000000000105,16.0,0,maintain,0.0,0.0,260.5000000000004,0.0,0,0,inactive-active,-0.007081568241119385,-0.10126879811286926,-0.08927703648805618,0,-0.007081568241119385,-0.08927703648805618,0.0821954682469368,0.09418722987174988,"[true, true, true]",False,False,False,66015,0,e827f3a7c15be3cc0e8dad398a812438a042d5fbfc05ac4f148ca8e9393507fa,validation_005,1,4,762709817,9,
59,11.8,A,ramp,False,True,260.5000000000004,0.0,0,maintain,0.0,0.0,227.2000000000011,16.0,0,0,inactive-active,0.03324074670672417,0.028422357514500618,-0.1651153415441513,0,0.03324074670672417,0.028422357514500618,0.004818389192223549,0.19835608825087547,"[true, true, true]",False,False,False,66015,0,e827f3a7c15be3cc0e8dad398a812438a042d5fbfc05ac4f148ca8e9393507fa,validation_005,1,4,762709817,9,
59,11.8,B,mainline,True,False,227.2000000000011,16.0,0,maintain,0.0,0.0,260.5000000000004,0.0,0,0,inactive-active,-0.005922488868236542,-0.1011677086353302,-0.087690070271492,0,-0.005922488868236542,-0.087690070271492,0.08176758140325546,0.09524521976709366,"[true, true, true]",False,False,False,66015,0,e827f3a7c15be3cc0e8dad398a812438a042d5fbfc05ac4f148ca8e9393507fa,validation_005,1,4,762709817,9,
60,12.0,A,ramp,False,True,260.5000000000004,0.0,0,maintain,0.0,0.0,230.40000000000114,16.0,0,0,inactive-active,0.03347030282020569,0.029977411031723022,-0.16579726338386536,0,0.03347030282020569,0.029977411031723022,0.003492891788482666,0.19926756620407104,"[true, true, true]",False,False,False,66015,0,e827f3a7c15be3cc0e8dad398a812438a042d5fbfc05ac4f148ca8e9393507fa,validation_005,1,4,762709817,9,
60,12.0,B,mainline,True,False,230.40000000000114,16.0,0,maintain,0.0,0.0,260.5000000000004,0.0,0,0,inactive-active,-0.004750452935695648,-0.10125748068094254,-0.08624713122844696,0,-0.004750452935695648,-0.08624713122844696,0.08149667829275131,0.09650702774524689,"[true, true, true]",False,False,False,66015,0,e827f3a7c15be3cc0e8dad398a812438a042d5fbfc05ac4f148ca8e9393507fa,validation_005,1,4,762709817,9,
61,12.200000000000001,A,ramp,False,True,260.5000000000004,0.0,0,maintain,0.0,0.0,233.6000000000012,16.0,0,0,inactive-active,0.033699776977300644,0.0315331406891346,-0.16647937893867493,0,0.033699776977300644,0.0315331406891346,0.002166636288166046,0.20017915591597557,"[true, true, true]",False,False,False,66015,0,e827f3a7c15be3cc0e8dad398a812438a042d5fbfc05ac4f148ca8e9393507fa,validation_005,1,4,762709817,9,
61,12.200000000000001,B,mainline,True,False,233.6000000000012,16.0,0,maintain,0.0,0.0,260.5000000000004,0.0,0,0,inactive-active,-0.003573756664991379,-0.10142505168914795,-0.08486190438270569,0,-0.003573756664991379,-0.08486190438270569,0.08128814771771431,0.09785129502415657,"[true, true, true]",False,False,False,66015,0,e827f3a7c15be3cc0e8dad398a812438a042d5fbfc05ac4f148ca8e9393507fa,validation_005,1,4,762709817,9,
62,12.4,A,ramp,False,True,260.5000000000004,0.0,0,maintain,0.0,0.0,236.80000000000123,16.0,0,0,inactive-active,0.033879105001688004,0.03293970599770546,-0.16703134775161743,0,0.033879105001688004,0.03293970599770546,0.0009393990039825439,0.20091045275330544,"[true, true, true]",False,False,False,66015,0,e827f3a7c15be3cc0e8dad398a812438a042d5fbfc05ac4f148ca8e9393507fa,validation_005,1,4,762709817,9,
62,12.4,B,mainline,True,False,236.80000000000123,16.0,0,maintain,0.0,0.0,260.5000000000004,0.0,0,0,inactive-active,-0.002386007457971573,-0.10160256922245026,-0.08349265158176422,0,-0.002386007457971573,-0.08349265158176422,0.08110664412379265,0.09921656176447868,"[true, true, true]",False,False,False,66015,0,e827f3a7c15be3cc0e8dad398a812438a042d5fbfc05ac4f148ca8e9393507fa,validation_005,1,4,762709817,9,
63,12.600000000000001,A,ramp,False,True,260.5000000000004,0.0,0,maintain,0.0,0.0,240.00000000000128,16.0,0,0,inactive-active,0.034052032977342606,0.034327927976846695,-0.1675669550895691,1,0.034327927976846695,0.034052032977342606,0.00027589499950408936,0.2018948830664158,"[true, true, true]",False,False,False,66015,0,e827f3a7c15be3cc0e8dad398a812438a042d5fbfc05ac4f148ca8e9393507fa,validation_005,1,4,762709817,9,
63,12.600000000000001,B,mainline,True,False,240.00000000000128,16.0,0,maintain,0.0,0.0,260.5000000000004,0.0,0,0,inactive-active,-0.0011161752045154572,-0.10184440016746521,-0.08224035799503326,0,-0.0011161752045154572,-0.08224035799503326,0.08112418279051781,0.10072822496294975,"[true, true, true]",False,False,False,66015,0,e827f3a7c15be3cc0e8dad398a812438a042d5fbfc05ac4f148ca8e9393507fa,validation_005,1,4,762709817,9,
64,12.8,A,ramp,False,True,260.5000000000004,0.0,0,maintain,0.0,0.0,243.20000000000132,16.0,0,0,inactive-active,0.03422488272190094,0.035716861486434937,-0.16810283064842224,1,0.035716861486434937,0.03422488272190094,0.0014919787645339966,0.20381969213485718,"[true, true, true]",False,False,False,66015,0,e827f3a7c15be3cc0e8dad398a812438a042d5fbfc05ac4f148ca8e9393507fa,validation_005,1,4,762709817,9,
64,12.8,B,mainline,True,False,243.20000000000132,16.0,0,maintain,0.0,0.0,260.5000000000004,0.0,0,0,inactive-active,0.00015292316675186157,-0.10208708047866821,-0.08098729699850082,0,0.00015292316675186157,-0.08098729699850082,0.08114022016525269,0.10224000364542007,"[true, true, true]",False,False,False,66015,0,e827f3a7c15be3cc0e8dad398a812438a042d5fbfc05ac4f148ca8e9393507fa,validation_005,1,4,762709817,9,
65,13.0,A,ramp,False,True,260.5000000000004,0.0,0,maintain,0.0,0.0,246.40000000000137,16.0,0,0,inactive-active,0.034402042627334595,0.037102703005075455,-0.1686505824327469,1,0.037102703005075455,0.034402042627334595,0.00270066037774086,0.20575328543782234,"[true, true, true]",False,False,False,66015,0,e827f3a7c15be3cc0e8dad398a812438a042d5fbfc05ac4f148ca8e9393507fa,validation_005,1,4,762709817,9,
65,13.0,B,mainline,True,False,246.40000000000137,16.0,0,maintain,0.0,0.0,260.5000000000004,0.0,0,0,inactive-active,0.0014213025569915771,-0.10233060270547867,-0.07973351329565048,0,0.0014213025569915771,-0.07973351329565048,0.08115481585264206,0.10375190526247025,"[true, true, true]",False,False,False,66015,0,e827f3a7c15be3cc0e8dad398a812438a042d5fbfc05ac4f148ca8e9393507fa,validation_005,1,4,762709817,9,
66,13.200000000000001,A,ramp,False,True,260.5000000000004,0.0,0,maintain,0.0,0.0,249.60000000000142,16.0,0,0,inactive-active,0.03490111231803894,0.03821053355932236,-0.17005860805511475,1,0.03821053355932236,0.03490111231803894,0.0033094212412834167,0.2082691416144371,"[true, true, true]",False,False,False,66015,0,e827f3a7c15be3cc0e8dad398a812438a042d5fbfc05ac4f148ca8e9393507fa,validation_005,1,4,762709817,9,
66,13.200000000000001,B,mainline,True,False,249.60000000000142,16.0,0,maintain,0.0,0.0,260.5000000000004,0.0,0,0,inactive-active,0.0024381056427955627,-0.1030157059431076,-0.07872623950242996,0,0.0024381056427955627,-0.07872623950242996,0.08116434514522552,0.10545381158590317,"[true, true, true]",False,False,False,66015,0,e827f3a7c15be3cc0e8dad398a812438a042d5fbfc05ac4f148ca8e9393507fa,validation_005,1,4,762709817,9,
67,13.4,A,ramp,False,True,260.5000000000004,0.0,0,maintain,0.0,0.0,252.80000000000146,16.0,0,0,inactive-active,0.035400133579969406,0.039319008588790894,-0.17146693170070648,1,0.039319008588790894,0.035400133579969406,0.003918875008821487,0.21078594028949738,"[true, true, true]",False,False,False,66015,0,e827f3a7c15be3cc0e8dad398a812438a042d5fbfc05ac4f148ca8e9393507fa,validation_005,1,4,762709817,9,
67,13.4,B,mainline,True,False,252.80000000000146,16.0,0,maintain,0.0,0.0,260.5000000000004,0.0,0,0,inactive-active,0.0033824071288108826,-0.10399957001209259,-0.07781344652175903,0,0.0033824071288108826,-0.07781344652175903,0.08119585365056992,0.10738197714090347,"[true, true, true]",False,False,False,66015,0,e827f3a7c15be3cc0e8dad398a812438a042d5fbfc05ac4f148ca8e9393507fa,validation_005,1,4,762709817,9,
68,13.600000000000001,A,ramp,False,True,260.5000000000004,0.0,0,maintain,0.0,0.0,256.0000000000015,16.0,0,0,inactive-active,0.03589915484189987,0.04042808711528778,-0.1728755682706833,1,0.04042808711528778,0.03589915484189987,0.004528932273387909,0.21330365538597107,"[true, true, true]",False,False,False,66015,0,e827f3a7c15be3cc0e8dad398a812438a042d5fbfc05ac4f148ca8e9393507fa,validation_005,1,4,762709817,9,
68,13.600000000000001,B,mainline,True,False,256.0000000000015,16.0,0,maintain,0.0,0.0,260.5000000000004,0.0,0,0,inactive-active,0.004486009478569031,-0.10486111789941788,-0.07681894302368164,0,0.004486009478569031,-0.07681894302368164,0.08130495250225067,0.10934712737798691,"[true, true, true]",False,False,False,66015,0,e827f3a7c15be3cc0e8dad398a812438a042d5fbfc05ac4f148ca8e9393507fa,validation_005,1,4,762709817,9,
69,13.8,A,ramp,False,True,260.5000000000004,0.0,0,maintain,0.0,0.0,259.2000000000015,16.0,0,0,inactive-active,0.036398157477378845,0.04153774678707123,-0.17428450286388397,1,0.04153774678707123,0.036398157477378845,0.005139589309692383,0.2158222496509552,"[true, true, true]",False,True,False,66015,0,e827f3a7c15be3cc0e8dad398a812438a042d5fbfc05ac4f148ca8e9393507fa,validation_005,1,4,762709817,9,
69,13.8,B,mainline,True,False,259.2000000000015,16.0,0,maintain,0.0,0.0,260.5000000000004,0.0,0,0,inactive-active,0.005589168518781662,-0.10572308301925659,-0.07582367211580276,0,0.005589168518781662,-0.07582367211580276,0.08141284063458443,0.11131225153803825,"[true, true, true]",False,True,False,66015,0,e827f3a7c15be3cc0e8dad398a812438a042d5fbfc05ac4f148ca8e9393507fa,validation_005,1,4,762709817,9,
0,0.0,A,mainline,True,False,38.4,16.0,1,accelerate,0.0,2.0000000000000284,33.199999999999996,18.0,1,0,accelerate-maintain,-0.07505513727664948,0.029261743649840355,-0.17186468839645386,1,0.029261743649840355,-0.07505513727664948,0.10431688092648983,0.2011264320462942,"[true, true, true]",False,False,False,66015,0,e827f3a7c15be3cc0e8dad398a812438a042d5fbfc05ac4f148ca8e9393507fa,validation_006,0,5,1927371678,10,
0,0.0,B,ramp,True,False,33.199999999999996,18.0,0,maintain,0.0,0.0,38.4,16.0,1,0,accelerate-maintain,0.05412036180496216,-0.10736548900604248,-0.15163619816303253,0,0.05412036180496216,-0.10736548900604248,0.16148585081100464,0.2057565599679947,"[true, true, true]",False,False,False,66015,0,e827f3a7c15be3cc0e8dad398a812438a042d5fbfc05ac4f148ca8e9393507fa,validation_006,0,5,1927371678,10,
1,0.2,A,mainline,True,False,41.64,16.400000000000006,1,accelerate,2.0,2.0000000000000284,36.79999999999999,18.0,1,0,accelerate-maintain,-0.07686135172843933,0.027970440685749054,-0.17180100083351135,1,0.027970440685749054,-0.07686135172843933,0.10483179241418839,0.1997714415192604,"[true, true, true]",False,False,False,66015,0,e827f3a7c15be3cc0e8dad398a812438a042d5fbfc05ac4f148ca8e9393507fa,validation_006,0,5,1927371678,10,
1,0.2,B,ramp,True,False,36.79999999999999,18.0,0,maintain,0.0,0.0,41.64,16.400000000000006,1,0,accelerate-maintain,0.052722588181495667,-0.10843963921070099,-0.14983025193214417,0,0.052722588181495667,-0.10843963921070099,0.16116222739219666,0.20255284011363983,"[true, true, true]",False,False,False,66015,0,e827f3a7c15be3cc0e8dad398a812438a042d5fbfc05ac4f148ca8e9393507fa,validation_006,0,5,1927371678,10,
2,0.4,A,mainline,True,False,44.96,16.80000000000001,1,accelerate,2.0,2.0000000000000284,40.399999999999984,18.0,1,0,accelerate-maintain,-0.0782778412103653,0.026799345389008522,-0.17218519747257233,1,0.026799345389008522,-0.0782778412103653,0.10507718659937382,0.19898454286158085,"[true, true, true]",False,False,False,66015,0,e827f3a7c15be3cc0e8dad398a812438a042d5fbfc05ac4f148ca8e9393507fa,validation_006,0,5,1927371678,10,
2,0.4,B,ramp,True,False,40.399999999999984,18.0,0,maintain,0.0,0.0,44.96,16.80000000000001,1,0,accelerate-maintain,0.051328208297491074,-0.10949744284152985,-0.14805246889591217,0,0.051328208297491074,-0.10949744284152985,0.16082565113902092,0.19938067719340324,"[true, true, true]",False,False,False,66015,0,e827f3a7c15be3cc0e8dad398a812438a042d5fbfc05ac4f148ca8e9393507fa,validation_006,0,5,1927371678,10,
3,0.6000000000000001,A,mainline,True,False,48.36000000000001,17.200000000000017,1,accelerate,2.0,2.0000000000000284,43.99999999999998,18.0,1,0,accelerate-maintain,-0.07934178411960602,0.025344662368297577,-0.17253462970256805,1,0.025344662368297577,-0.07934178411960602,0.1046864464879036,0.19787929207086563,"[true, true, true]",False,False,False,66015,0,e827f3a7c15be3cc0e8dad398a812438a042d5fbfc05ac4f148ca8e9393507fa,validation_006,0,5,1927371678,10,
3,0.6000000000000001,B,ramp,True,False,43.99999999999998,18.0,0,maintain,0.0,0.0,48.36000000000001,17.200000000000017,1,0,accelerate-maintain,0.05018134415149689,-0.11047455668449402,-0.14653624594211578,0,0.05018134415149689,-0.11047455668449402,0.1606559008359909,0.19671759009361267,"[true, true, true]",False,False,False,66015,0,e827f3a7c15be3cc0e8dad398a812438a042d5fbfc05ac4f148ca8e9393507fa,validation_006,0,5,1927371678,10,
4,0.8,A,mainline,True,False,51.84000000000001,17.600000000000023,1,accelerate,2.0,2.0000000000000284,47.59999999999997,18.0,1,0,accelerate-maintain,-0.07997636497020721,0.024029463529586792,-0.1728644073009491,1,0.024029463529586792,-0.07997636497020721,0.104005828499794,0.1968938708305359,"[true, true, true]",False,False,False,66015,0,e827f3a7c15be3cc0e8dad398a812438a042d5fbfc05ac4f148ca8e9393507fa,validation_006,0,5,1927371678,10,
4,0.8,B,ramp,True,False,47.59999999999997,18.0,0,maintain,0.0,0.0,51.84000000000001,17.600000000000023,1,0,accelerate-maintain,0.04922463744878769,-0.11142751574516296,-0.14516973495483398,0,0.04922463744878769,-0.11142751574516296,0.16065215319395065,0.19439437240362167,"[true, true, true]",False,False,False,66015,0,e827f3a7c15be3cc0e8dad398a812438a042d5fbfc05ac4f148ca8e9393507fa,validation_006,0,5,1927371678,10,
5,1.0,A,mainline,True,False,55.40000000000001,18.00000000000003,1,accelerate,2.0,2.0000000000000284,51.19999999999997,18.0,1,0,accelerate-maintain,-0.08034764230251312,0.022827059030532837,-0.1731877624988556,1,0.022827059030532837,-0.08034764230251312,0.10317470133304596,0.19601482152938843,"[true, true, true]",False,False,False,66015,0,e827f3a7c15be3cc0e8dad398a812438a042d5fbfc05ac4f148ca8e9393507fa,validation_006,0,5,1927371678,10,
5,1.0,B,ramp,True,False,51.19999999999997,18.0,0,maintain,0.0,0.0,55.40000000000001,18.00000000000003,1,0,accelerate-maintain,0.04866601526737213,-0.11213761568069458,-0.14319860935211182,0,0.04866601526737213,-0.11213761568069458,0.1608036309480667,0.19186462461948395,"[true, true, true]",False,False,False,66015,0,e827f3a7c15be3cc0e8dad398a812438a042d5fbfc05ac4f148ca8e9393507fa,validation_006,0,5,1927371678,10,
6,1.2000000000000002,A,mainline,True,False,59.04000000000002,18.400000000000034,1,accelerate,2.0,2.0000000000000284,54.79999999999996,18.0,1,0,accelerate-maintain,-0.08081027865409851,0.02140379697084427,-0.17342109978199005,1,0.02140379697084427,-0.08081027865409851,0.10221407562494278,0.19482489675283432,"[true, true, true]",False,False,False,66015,0,e827f3a7c15be3cc0e8dad398a812438a042d5fbfc05ac4f148ca8e9393507fa,validation_006,0,5,1927371678,10,
6,1.2000000000000002,B,ramp,True,False,54.79999999999996,18.0,0,maintain,0.0,0.0,59.04000000000002,18.400000000000034,1,0,accelerate-maintain,0.04821120202541351,-0.11251954734325409,-0.14110174775123596,0,0.04821120202541351,-0.11251954734325409,0.1607307493686676,0.18931294977664948,"[true, true, true]",False,False,False,66015,0,e827f3a7c15be3cc0e8dad398a812438a042d5fbfc05ac4f148ca8e9393507fa,validation_006,0,5,1927371678,10,
7,1.4000000000000001,A,mainline,True,False,62.760000000000026,18.80000000000004,1,accelerate,2.0,2.0000000000000284,58.399999999999956,18.0,1,0,accelerate-maintain,-0.08080780506134033,0.020136144012212753,-0.17350035905838013,1,0.020136144012212753,-0.08080780506134033,0.10094394907355309,0.19363650307059288,"[true, true, true]",False,False,False,66015,0,e827f3a7c15be3cc0e8dad398a812438a042d5fbfc05ac4f148ca8e9393507fa,validation_006,0,5,1927371678,10,
7,1.4000000000000001,B,ramp,True,False,58.399999999999956,18.0,0,maintain,0.0,0.0,62.760000000000026,18.80000000000004,1,0,accelerate-maintain,0.04777476191520691,-0.11216196417808533,-0.1386839747428894,0,0.04777476191520691,-0.11216196417808533,0.15993672609329224,0.1864587366580963,"[true, true, true]",False,False,False,66015,0,e827f3a7c15be3cc0e8dad398a812438a042d5fbfc05ac4f148ca8e9393507fa,validation_006,0,5,1927371678,10,
8,1.6,A,mainline,True,False,66.56000000000003,19.200000000000045,1,accelerate,2.0,2.0000000000000284,61.99999999999995,18.0,1,0,accelerate-maintain,-0.08019793033599854,0.019149087369441986,-0.17325931787490845,1,0.019149087369441986,-0.08019793033599854,0.09934701770544052,0.19240840524435043,"[true, true, true]",False,False,False,66015,0,e827f3a7c15be3cc0e8dad398a812438a042d5fbfc05ac4f148ca8e9393507fa,validation_006,0,5,1927371678,10,
8,1.6,B,ramp,True,False,61.99999999999995,18.0,0,maintain,0.0,0.0,66.56000000000003,19.200000000000045,1,0,accelerate-maintain,0.047633714973926544,-0.11182361841201782,-0.13561676442623138,0,0.047633714973926544,-0.11182361841201782,0.15945733338594437,0.18325047940015793,"[true, true, true]",False,False,False,66015,0,e827f3a7c15be3cc0e8dad398a812438a042d5fbfc05ac4f148ca8e9393507fa,validation_006,0,5,1927371678,10,
9,1.8,A,mainline,True,False,70.44000000000004,19.60000000000005,1,accelerate,2.0,2.0000000000000284,65.59999999999995,18.0,1,0,accelerate-maintain,-0.07930479198694229,0.01822543889284134,-0.17269232869148254,1,0.01822543889284134,-0.07930479198694229,0.09753023087978363,0.19091776758432388,"[true, true, true]",False,False,False,66015,0,e827f3a7c15be3cc0e8dad398a812438a042d5fbfc05ac4f148ca8e9393507fa,validation_006,0,5,1927371678,10,
9,1.8,B,ramp,True,False,65.59999999999995,18.0,0,maintain,0.0,0.0,70.44000000000004,19.60000000000005,1,0,accelerate-maintain,0.04807380214333534,-0.11195994168519974,-0.1319248080253601,0,0.04807380214333534,-0.11195994168519974,0.16003374382853508,0.17999861016869545,"[true, true, true]",False,False,False,66015,0,e827f3a7c15be3cc0e8dad398a812438a042d5fbfc05ac4f148ca8e9393507fa,validation_006,0,5,1927371678,10,
10,2.0,A,mainline,True,False,74.40000000000005,20.000000000000057,1,accelerate,2.0,2.0000000000000284,69.19999999999997,18.0,1,0,accelerate-maintain,-0.0787777230143547,0.01680295169353485,-0.17244429886341095,1,0.01680295169353485,-0.0787777230143547,0.09558067470788956,0.1892472505569458,"[true, true, true]",False,False,False,66015,0,e827f3a7c15be3cc0e8dad398a812438a042d5fbfc05ac4f148ca8e9393507fa,validation_006,0,5,1927371678,10,
10,2.0,B,ramp,True,False,69.19999999999997,18.0,0,maintain,0.0,0.0,74.40000000000005,20.000000000000057,1,0,accelerate-maintain,0.04835197329521179,-0.11222977936267853,-0.12811236083507538,0,0.04835197329521179,-0.11222977936267853,0.16058175265789032,0.17646433413028717,"[true, true, true]",False,False,False,66015,0,e827f3a7c15be3cc0e8dad398a812438a042d5fbfc05ac4f148ca8e9393507fa,validation_006,0,5,1927371678,10,
11,2.2,A,mainline,True,False,78.44000000000005,20.400000000000063,1,accelerate,2.0,2.0000000000000284,72.8,18.0,1,0,accelerate-maintain,-0.07821396738290787,0.015302594751119614,-0.17210786044597626,1,0.015302594751119614,-0.07821396738290787,0.09351656213402748,0.18741045519709587,"[true, true, true]",False,False,False,66015,0,e827f3a7c15be3cc0e8dad398a812438a042d5fbfc05ac4f148ca8e9393507fa,validation_006,0,5,1927371678,10,
11,2.2,B,ramp,True,False,72.8,18.0,0,maintain,0.0,0.0,78.44000000000005,20.400000000000063,1,0,accelerate-maintain,0.0494522862136364,-0.11159849166870117,-0.12500537931919098,0,0.0494522862136364,-0.11159849166870117,0.16105077788233757,0.17445766553282738,"[true, true, true]",False,False,False,66015,0,e827f3a7c15be3cc0e8dad398a812438a042d5fbfc05ac4f148ca8e9393507fa,validation_006,0,5,1927371678,10,
12,2.4000000000000004,A,mainline,True,False,82.56000000000007,20.800000000000068,1,accelerate,2.0,2.0000000000000284,76.40000000000002,18.0,1,0,accelerate-maintain,-0.0778421089053154,0.014011077582836151,-0.171314537525177,1,0.014011077582836151,-0.0778421089053154,0.09185318648815155,0.18532561510801315,"[true, true, true]",False,False,False,66015,0,e827f3a7c15be3cc0e8dad398a812438a042d5fbfc05ac4f148ca8e9393507fa,validation_006,0,5,1927371678,10,
12,2.4000000000000004,B,ramp,True,False,76.40000000000002,18.0,0,maintain,0.0,0.0,82.56000000000007,20.800000000000068,1,0,accelerate-maintain,0.05053231865167618,-0.11098459362983704,-0.12182921171188354,0,0.05053231865167618,-0.11098459362983704,0.16151691228151321,0.17236153036355972,"[true, true, true]",False,False,False,66015,0,e827f3a7c15be3cc0e8dad398a812438a042d5fbfc05ac4f148ca8e9393507fa,validation_006,0,5,1927371678,10,
13,2.6,A,mainline,True,False,86.76000000000009,21.200000000000074,1,accelerate,2.0,2.0000000000000284,80.00000000000004,18.0,1,0,accelerate-maintain,-0.07777401804924011,0.013141810894012451,-0.1701233983039856,1,0.013141810894012451,-0.07777401804924011,0.09091582894325256,0.18326520919799805,"[true, true, true]",False,False,False,66015,0,e827f3a7c15be3cc0e8dad398a812438a042d5fbfc05ac4f148ca8e9393507fa,validation_006,0,5,1927371678,10,
13,2.6,B,ramp,True,False,80.00000000000004,18.0,0,maintain,0.0,0.0,86.76000000000009,21.200000000000074,1,0,accelerate-maintain,0.05154919624328613,-0.11024084687232971,-0.11882562190294266,0,0.05154919624328613,-0.11024084687232971,0.16179004311561584,0.1703748181462288,"[true, true, true]",False,False,False,66015,0,e827f3a7c15be3cc0e8dad398a812438a042d5fbfc05ac4f148ca8e9393507fa,validation_006,0,5,1927371678,10,
14,2.8000000000000003,A,mainline,True,False,91.0400000000001,21.60000000000008,1,accelerate,2.0,2.0000000000000284,83.60000000000007,18.0,1,0,accelerate-maintain,-0.07774250954389572,0.012632511556148529,-0.16878736019134521,1,0.012632511556148529,-0.07774250954389572,0.09037502110004425,0.18141987174749374,"[true, true, true]",False,False,False,66015,0,e827f3a7c15be3cc0e8dad398a812438a042d5fbfc05ac4f148ca8e9393507fa,validation_006,0,5,1927371678,10,
14,2.8000000000000003,B,ramp,True,False,83.60000000000007,18.0,0,maintain,0.0,0.0,91.0400000000001,21.60000000000008,1,0,accelerate-maintain,0.05206482857465744,-0.10933119058609009,-0.11687897145748138,0,0.05206482857465744,-0.10933119058609009,0.16139601916074753,0.16894380003213882,"[true, true, true]",False,False,False,66015,0,e827f3a7c15be3cc0e8dad398a812438a042d5fbfc05ac4f148ca8e9393507fa,validation_006,0,5,1927371678,10,
15,3.0,A,mainline,True,False,95.40000000000013,22.000000000000085,1,accelerate,2.0,2.0000000000000284,87.20000000000009,18.0,1,0,accelerate-maintain,-0.07775142788887024,0.012269780039787292,-0.16750968992710114,1,0.012269780039787292,-0.07775142788887024,0.09002120792865753,0.17977946996688843,"[true, true, true]",False,False,False,66015,0,e827f3a7c15be3cc0e8dad398a812438a042d5fbfc05ac4f148ca8e9393507fa,validation_006,0,5,1927371678,10,
15,3.0,B,ramp,True,False,87.20000000000009,18.0,0,maintain,0.0,0.0,95.40000000000013,22.000000000000085,1,0,accelerate-maintain,0.05257628858089447,-0.1084049642086029,-0.1154925525188446,0,0.05257628858089447,-0.1084049642086029,0.16098125278949738,0.16806884109973907,"[true, true, true]",False,False,False,66015,0,e827f3a7c15be3cc0e8dad398a812438a042d5fbfc05ac4f148ca8e9393507fa,validation_006,0,5,1927371678,10,
16,3.2,A,mainline,True,False,99.84000000000016,22.40000000000009,1,accelerate,2.0,2.0000000000000284,90.80000000000011,18.0,1,0,accelerate-maintain,-0.07779325544834137,0.012692127376794815,-0.16677060723304749,1,0.012692127376794815,-0.07779325544834137,0.09048538282513618,0.1794627346098423,"[true, true, true]",False,False,False,66015,0,e827f3a7c15be3cc0e8dad398a812438a042d5fbfc05ac4f148ca8e9393507fa,validation_006,0,5,1927371678,10,
16,3.2,B,ramp,True,False,90.80000000000011,18.0,0,maintain,0.0,0.0,99.84000000000016,22.40000000000009,1,0,accelerate-maintain,0.05332328379154205,-0.10814972221851349,-0.11401369422674179,0,0.05332328379154205,-0.10814972221851349,0.16147300601005554,0.16733697801828384,"[true, true, true]",False,False,False,66015,0,e827f3a7c15be3cc0e8dad398a812438a042d5fbfc05ac4f148ca8e9393507fa,validation_006,0,5,1927371678,10,
17,3.4000000000000004,A,mainline,True,False,104.36000000000017,22.800000000000097,1,accelerate,2.0,2.0000000000000284,94.40000000000013,18.0,1,0,accelerate-maintain,-0.07777397334575653,0.013145051896572113,-0.16619113087654114,1,0.013145051896572113,-0.07777397334575653,0.09091902524232864,0.17933618277311325,"[true, true, true]",False,False,False,66015,0,e827f3a7c15be3cc0e8dad398a812438a042d5fbfc05ac4f148ca8e9393507fa,validation_006,0,5,1927371678,10,
17,3.4000000000000004,B,ramp,True,False,94.40000000000013,18.0,0,maintain,0.0,0.0,104.36000000000017,22.800000000000097,1,0,accelerate-maintain,0.054004326462745667,-0.10781009495258331,-0.11250325292348862,0,0.054004326462745667,-0.10781009495258331,0.16181442141532898,0.16650757938623428,"[true, true, true]",False,False,False,66015,0,e827f3a7c15be3cc0e8dad398a812438a042d5fbfc05ac4f148ca8e9393507fa,validation_006,0,5,1927371678,10,
18,3.6,A,mainline,True,False,108.96000000000018,23.200000000000102,1,accelerate,2.0,2.0000000000000284,98.00000000000016,18.0,1,0,accelerate-maintain,-0.07816087454557419,0.013507194817066193,-0.16600541770458221,1,0.013507194817066193,-0.07816087454557419,0.09166806936264038,0.1795126125216484,"[true, true, true]",False,False,False,66015,0,e827f3a7c15be3cc0e8dad398a812438a042d5fbfc05ac4f148ca8e9393507fa,validation_006,0,5,1927371678,10,
18,3.6,B,ramp,True,False,98.00000000000016,18.0,0,maintain,0.0,0.0,108.96000000000018,23.200000000000102,1,0,accelerate-maintain,0.05397964268922806,-0.10733627527952194,-0.11141832172870636,0,0.05397964268922806,-0.10733627527952194,0.16131591796875,0.16539796441793442,"[true, true, true]",False,False,False,66015,0,e827f3a7c15be3cc0e8dad398a812438a042d5fbfc05ac4f148ca8e9393507fa,validation_006,0,5,1927371678,10,
19,3.8000000000000003,A,mainline,True,False,113.6400000000002,23.600000000000108,1,accelerate,2.0,2.0000000000000284,101.60000000000018,18.0,1,0,accelerate-maintain,-0.07993631064891815,0.013741530478000641,-0.16728143393993378,1,0.013741530478000641,-0.07993631064891815,0.09367784112691879,0.18102296441793442,"[true, true, true]",False,False,False,66015,0,e827f3a7c15be3cc0e8dad398a812438a042d5fbfc05ac4f148ca8e9393507fa,validation_006,0,5,1927371678,10,
19,3.8000000000000003,B,ramp,True,False,101.60000000000018,18.0,0,maintain,0.0,0.0,113.6400000000002,23.600000000000108,1,0,accelerate-maintain,0.05406619608402252,-0.10717378556728363,-0.11055851727724075,0,0.05406619608402252,-0.10717378556728363,0.16123998165130615,0.16462471336126328,"[true, true, true]",False,False,False,66015,0,e827f3a7c15be3cc0e8dad398a812438a042d5fbfc05ac4f148ca8e9393507fa,validation_006,0,5,1927371678,10,
20,4.0,A,mainline,True,False,118.40000000000022,24.000000000000114,1,accelerate,2.0,2.0000000000000284,105.2000000000002,18.0,1,0,accelerate-maintain,-0.08186255395412445,0.0133749321103096,-0.16895568370819092,1,0.0133749321103096,-0.08186255395412445,0.09523748606443405,0.18233061581850052,"[true, true, true]",False,False,False,66015,0,e827f3a7c15be3cc0e8dad398a812438a042d5fbfc05ac4f148ca8e9393507fa,validation_006,0,5,1927371678,10,9.524989876817813
20,4.0,B,ramp,True,False,105.2000000000002,18.0,0,maintain,0.0,0.0,118.40000000000022,24.000000000000114,1,0,accelerate-maintain,0.05503968894481659,-0.1083187609910965,-0.10954953730106354,0,0.05503968894481659,-0.1083187609910965,0.16335844993591309,0.16458922624588013,"[true, true, true]",False,False,False,66015,0,e827f3a7c15be3cc0e8dad398a812438a042d5fbfc05ac4f148ca8e9393507fa,validation_006,0,5,1927371678,10,9.524989876817813
21,4.2,A,mainline,True,False,123.24000000000024,24.40000000000012,1,accelerate,2.0,2.0000000000000284,108.80000000000022,18.0,1,0,accelerate-maintain,-0.08184009790420532,0.013115786015987396,-0.1695547252893448,1,0.013115786015987396,-0.08184009790420532,0.09495588392019272,0.18267051130533218,"[true, true, true]",False,False,False,66015,0,e827f3a7c15be3cc0e8dad398a812438a042d5fbfc05ac4f148ca8e9393507fa,validation_006,0,5,1927371678,10,10.872629698560331
21,4.2,B,ramp,True,False,108.80000000000022,18.0,0,maintain,0.0,0.0,123.24000000000024,24.40000000000012,1,0,accelerate-maintain,0.10564874112606049,-0.13888728618621826,-0.16034306585788727,0,0.10564874112606049,-0.13888728618621826,0.24453602731227875,0.26599180698394775,"[true, true, true]",False,False,False,66015,0,e827f3a7c15be3cc0e8dad398a812438a042d5fbfc05ac4f148ca8e9393507fa,validation_006,0,5,1927371678,10,10.872629698560331
22,4.4,A,mainline,True,False,128.16000000000025,24.800000000000125,1,accelerate,2.0,2.0000000000000284,112.40000000000025,18.0,1,0,accelerate-maintain,-0.08436425775289536,0.012166585773229599,-0.1725350022315979,1,0.012166585773229599,-0.08436425775289536,0.09653084352612495,0.1847015880048275,"[true, true, true]",False,False,False,66015,0,e827f3a7c15be3cc0e8dad398a812438a042d5fbfc05ac4f148ca8e9393507fa,validation_006,0,5,1927371678,10,12.29834654835875
22,4.4,B,ramp,True,False,112.40000000000025,18.0,0,maintain,0.0,0.0,128.16000000000025,24.800000000000125,1,0,accelerate-maintain,0.1041802391409874,-0.1393158733844757,-0.15856049954891205,0,0.1041802391409874,-0.1393158733844757,0.2434961125254631,0.26274073868989944,"[true, true, true]",False,False,False,66015,0,e827f3a7c15be3cc0e8dad398a812438a042d5fbfc05ac4f148ca8e9393507fa,validation_006,0,5,1927371678,10,12.29834654835875
23,4.6000000000000005,A,mainline,True,False,133.16000000000025,25.20000000000013,1,accelerate,2.0,2.0000000000000284,116.00000000000027,18.0,1,0,accelerate-maintain,-0.0871657058596611,0.010736845433712006,-0.17537018656730652,1,0.010736845433712006,-0.0871657058596611,0.09790255129337311,0.18610703200101852,"[true, true, true]",False,False,False,66015,0,e827f3a7c15be3cc0e8dad398a812438a042d5fbfc05ac4f148ca8e9393507fa,validation_006,0,5,1927371678,10,13.799584572473577
23,4.6000000000000005,B,ramp,True,False,116.00000000000027,18.0,0,maintain,0.0,0.0,133.16000000000025,25.20000000000013,1,0,accelerate-maintain,0.10246921330690384,-0.13951228559017181,-0.157296821475029,0,0.10246921330690384,-0.13951228559017181,0.24198149889707565,0.25976603478193283,"[true, true, true]",False,False,False,66015,0,e827f3a7c15be3cc0e8dad398a812438a042d5fbfc05ac4f148ca8e9393507fa,validation_006,0,5,1927371678,10,13.799584572473577
24,4.800000000000001,A,mainline,True,False,138.2400000000003,25.600000000000136,1,accelerate,2.0,2.0000000000000284,119.60000000000029,18.0,1,0,accelerate-maintain,-0.09006577730178833,0.010555684566497803,-0.17878010869026184,1,0.010555684566497803,-0.09006577730178833,0.10062146186828613,0.18933579325675964,"[true, true, true]",False,False,False,66015,0,e827f3a7c15be3cc0e8dad398a812438a042d5fbfc05ac4f148ca8e9393507fa,validation_006,0,5,1927371678,10,15.374855140092919
24,4.800000000000001,B,ramp,True,False,119.60000000000029,18.0,0,maintain,0.0,0.0,138.2400000000003,25.600000000000136,1,0,accelerate-maintain,0.10173333436250687,-0.14030064642429352,-0.15621845424175262,0,0.10173333436250687,-0.14030064642429352,0.24203398078680038,0.2579517886042595,"[true, true, true]",False,False,False,66015,0,e827f3a7c15be3cc0e8dad398a812438a042d5fbfc05ac4f148ca8e9393507fa,validation_006,0,5,1927371678,10,15.374855140092919
25,5.0,A,mainline,True,False,143.40000000000032,26.000000000000142,1,accelerate,2.0,2.0000000000000284,123.20000000000032,18.0,1,0,accelerate-maintain,-0.09203976392745972,0.010337978601455688,-0.18216438591480255,1,0.010337978601455688,-0.09203976392745972,0.1023777425289154,0.19250236451625824,"[true, true, true]",False,False,False,66015,0,e827f3a7c15be3cc0e8dad398a812438a042d5fbfc05ac4f148ca8e9393507fa,validation_006,0,5,1927371678,10,17.02405791011826
25,5.0,B,ramp,True,False,123.20000000000032,18.0,0,maintain,0.0,0.0,143.40000000000032,26.000000000000142,1,0,accelerate-maintain,0.10190257430076599,-0.1415582299232483,-0.15499776601791382,0,0.10190257430076599,-0.1415582299232483,0.24346080422401428,0.2569003403186798,"[true, true, true]",False,False,False,66015,0,e827f3a7c15be3cc0e8dad398a812438a042d5fbfc05ac4f148ca8e9393507fa,validation_006,0,5,1927371678,10,17.02405791011826
26,5.2,A,mainline,True,False,148.64000000000033,26.400000000000148,1,accelerate,2.0,2.0000000000000284,126.80000000000034,18.0,1,0,accelerate-maintain,-0.0934721902012825,0.010214373469352722,-0.1854534149169922,1,0.010214373469352722,-0.0934721902012825,0.10368656367063522,0.1956677883863449,"[true, true, true]",False,False,False,66015,0,e827f3a7c15be3cc0e8dad398a812438a042d5fbfc05ac4f148ca8e9393507fa,validation_006,0,5,1927371678,10,18.748379003188973
26,5.2,B,ramp,True,False,126.80000000000034,18.0,0,maintain,0.0,0.0,148.64000000000033,26.400000000000148,1,0,accelerate-maintain,0.1016576737165451,-0.14394789934158325,-0.154381662607193,0,0.1016576737165451,-0.14394789934158325,0.24560557305812836,0.2560393363237381,"[true, true, true]",False,False,False,66015,0,e827f3a7c15be3cc0e8dad398a812438a042d5fbfc05ac4f148ca8e9393507fa,validation_006,0,5,1927371678,10,18.748379003188973
27,5.4,A,mainline,True,False,153.96000000000038,26.800000000000153,1,accelerate,2.0,2.0000000000000284,130.40000000000035,18.0,1,0,accelerate-maintain,-0.09484373033046722,0.010090533643960953,-0.1886986941099167,1,0.010090533643960953,-0.09484373033046722,0.10493426397442818,0.19878922775387764,"[true, true, true]",False,False,False,66015,0,e827f3a7c15be3cc0e8dad398a812438a042d5fbfc05ac4f148ca8e9393507fa,validation_006,0,5,1927371678,10,20.549735215272534
27,5.4,B,ramp,True,False,130.40000000000035,18.0,0,maintain,0.0,0.0,153.96000000000038,26.800000000000153,1,0,accelerate-maintain,0.10124189406633377,-0.14635121822357178,-0.15391641855239868,0,0.10124189406633377,-0.14635121822357178,0.24759311228990555,0.25515831261873245,"[true, true, true]",False,False,False,66015,0,e827f3a7c15be3cc0e8dad398a812438a042d5fbfc05ac4f148ca8e9393507fa,validation_006,0,5,1927371678,10,20.549735215272534
28,5.6000000000000005,A,mainline,True,False,159.3600000000004,27.20000000000016,1,accelerate,2.0,2.0000000000000284,134.00000000000037,18.0,1,0,accelerate-maintain,-0.09540270268917084,0.009331200271844864,-0.19243267178535461,1,0.009331200271844864,-0.09540270268917084,0.1047339029610157,0.20176387205719948,"[true, true, true]",False,False,False,66015,0,e827f3a7c15be3cc0e8dad398a812438a042d5fbfc05ac4f148ca8e9393507fa,validation_006,0,5,1927371678,10,22.429928132270504
28,5.6000000000000005,B,ramp,True,False,134.00000000000037,18.0,0,maintain,0.0,0.0,159.3600000000004,27.20000000000016,1,0,accelerate-maintain,0.10100831091403961,-0.14927484095096588,-0.15349771082401276,0,0.10100831091403961,-0.14927484095096588,0.2502831518650055,0.25450602173805237,"[true, true, true]",False,False,False,66015,0,e827f3a7c15be3cc0e8dad398a812438a042d5fbfc05ac4f148ca8e9393507fa,validation_006,0,5,1927371678,10,22.429928132270504
29,5.800000000000001,A,mainline,True,False,164.84000000000043,27.600000000000165,1,accelerate,2.0,2.0000000000000284,137.6000000000004,18.0,1,0,accelerate-maintain,-0.0941961258649826,0.007587417960166931,-0.1978999227285385,1,0.007587417960166931,-0.0941961258649826,0.10178354382514954,0.20548734068870544,"[true, true, true]",False,False,False,66015,0,e827f3a7c15be3cc0e8dad398a812438a042d5fbfc05ac4f148ca8e9393507fa,validation_006,0,5,1927371678,10,24.389931239476198
29,5.800000000000001,B,ramp,True,False,137.6000000000004,18.0,0,maintain,0.0,0.0,164.84000000000043,27.600000000000165,1,0,accelerate-maintain,0.1008998453617096,-0.15248212218284607,-0.15325391292572021,0,0.1008998453617096,-0.15248212218284607,0.25338196754455566,0.2541537582874298,"[true, true, true]",False,False,False,66015,0,e827f3a7c15be3cc0e8dad398a812438a042d5fbfc05ac4f148ca8e9393507fa,validation_006,0,5,1927371678,10,24.389931239476198
30,6.0,A,mainline,True,False,170.4000000000005,28.00000000000017,1,accelerate,2.0,2.0000000000000284,141.20000000000041,18.0,1,0,accelerate-maintain,-0.09295240789651871,0.00582282617688179,-0.20339342951774597,1,0.00582282617688179,-0.09295240789651871,0.0987752340734005,0.20921625569462776,"[true, true, true]",False,False,False,66015,0,e827f3a7c15be3cc0e8dad398a812438a042d5fbfc05ac4f148ca8e9393507fa,validation_006,0,5,1927371678,10,26.42993123947622
30,6.0,B,ramp,True,False,141.20000000000041,18.0,0,maintain,0.0,0.0,170.4000000000005,28.00000000000017,1,0,accelerate-maintain,0.10075315833091736,-0.1551854908466339,-0.1530582457780838,0,0.10075315833091736,-0.1530582457780838,0.25381140410900116,0.25593864917755127,"[true, true, true]",False,False,False,66015,0,e827f3a7c15be3cc0e8dad398a812438a042d5fbfc05ac4f148ca8e9393507fa,validation_006,0,5,1927371678,10,26.42993123947622
31,6.2,A,mainline,True,False,176.04000000000053,28.400000000000176,1,accelerate,2.0,2.0000000000000284,144.80000000000044,18.0,1,0,accelerate-maintain,-0.0916772410273552,0.004037529230117798,-0.20892837643623352,1,0.004037529230117798,-0.0916772410273552,0.09571477025747299,0.21296590566635132,"[true, true, true]",False,False,False,66015,0,e827f3a7c15be3cc0e8dad398a812438a042d5fbfc05ac4f148ca8e9393507fa,validation_006,0,5,1927371678,10,28.549931239476223
31,6.2,B,ramp,True,False,144.80000000000044,18.0,0,maintain,0.0,0.0,176.04000000000053,28.400000000000176,1,0,accelerate-maintain,0.10033604502677917,-0.15648671984672546,-0.15270526707172394,0,0.10033604502677917,-0.15270526707172394,0.2530413120985031,0.25682276487350464,"[true, true, true]",False,False,False,66015,0,e827f3a7c15be3cc0e8dad398a812438a042d5fbfc05ac4f148ca8e9393507fa,validation_006,0,5,1927371678,10,28.549931239476223
32,6.4,A,mainline,True,False,181.76000000000056,28.800000000000182,1,accelerate,2.0,2.0000000000000284,148.40000000000046,18.0,1,0,accelerate-maintain,-0.08987822383642197,0.0026740320026874542,-0.2138911485671997,1,0.0026740320026874542,-0.08987822383642197,0.09255225583910942,0.21656518056988716,"[true, true, true]",False,False,False,66015,0,e827f3a7c15be3cc0e8dad398a812438a042d5fbfc05ac4f148ca8e9393507fa,validation_006,0,5,1927371678,10,30.74993123947624
32,6.4,B,ramp,True,False,148.40000000000046,18.0,0,maintain,0.0,0.0,181.76000000000056,28.800000000000182,1,0,accelerate-maintain,0.09995270520448685,-0.15732988715171814,-0.15291766822338104,0,0.09995270520448685,-0.15291766822338104,0.2528703734278679,0.257282592356205,"[true, true, true]",False,False,False,66015,0,e827f3a7c15be3cc0e8dad398a812438a042d5fbfc05ac4f148ca8e9393507fa,validation_006,0,5,1927371678,10,30.74993123947624
33,6.6000000000000005,A,mainline,True,False,187.5600000000006,29.200000000000188,1,accelerate,2.0,2.0000000000000284,152.00000000000048,18.0,1,0,accelerate-maintain,-0.08741728961467743,0.0016866140067577362,-0.21776819229125977,1,0.0016866140067577362,-0.08741728961467743,0.08910390362143517,0.2194548062980175,"[true, true, true]",False,False,False,66015,0,e827f3a7c15be3cc0e8dad398a812438a042d5fbfc05ac4f148ca8e9393507fa,validation_006,0,5,1927371678,10,33.02993123947624
33,6.6000000000000005,B,ramp,True,False,152.00000000000048,18.0,0,maintain,0.0,0.0,187.5600000000006,29.200000000000188,1,0,accelerate-maintain,0.09948119521141052,-0.15851075947284698,-0.1538040190935135,0,0.09948119521141052,-0.1538040190935135,0.253285214304924,0.2579919546842575,"[true, true, true]",False,False,False,66015,0,e827f3a7c15be3cc0e8dad398a812438a042d5fbfc05ac4f148ca8e9393507fa,validation_006,0,5,1927371678,10,33.02993123947624
34,6.800000000000001,A,mainline,True,False,193.44000000000062,29.600000000000193,1,accelerate,2.0,1.9999999999960494,155.6000000000005,18.0,1,0,accelerate-maintain,-0.0849275141954422,0.0006776787340641022,-0.2216779887676239,1,0.0006776787340641022,-0.0849275141954422,0.0856051929295063,0.222355667501688,"[true, true, true]",False,False,False,66015,0,e827f3a7c15be3cc0e8dad398a812438a042d5fbfc05ac4f148ca8e9393507fa,validation_006,0,5,1927371678,10,35.389931239476255
34,6.800000000000001,B,ramp,True,False,155.6000000000005,18.0,0,maintain,0.0,0.0,193.44000000000062,29.600000000000193,1,0,accelerate-maintain,0.09844502061605453,-0.16068774461746216,-0.15564951300621033,0,0.09844502061605453,-0.15564951300621033,0.25409453362226486,0.2591327652335167,"[true, true, true]",False,False,False,66015,0,e827f3a7c15be3cc0e8dad398a812438a042d5fbfc05ac4f148ca8e9393507fa,validation_006,0,5,1927371678,10,35.389931239476255
35,7.0,A,mainline,True,False,199.40000000000066,30.0,1,accelerate,2.0,0.0,159.20000000000053,18.0,1,0,accelerate-maintain,-0.08247523009777069,-0.00042288750410079956,-0.22576913237571716,1,-0.00042288750410079956,-0.08247523009777069,0.08205234259366989,0.22534624487161636,"[true, true, true]",False,False,False,66015,0,e827f3a7c15be3cc0e8dad398a812438a042d5fbfc05ac4f148ca8e9393507fa,validation_006,0,5,1927371678,10,37.78993123947623
35,7.0,B,ramp,True,False,159.20000000000053,18.0,0,maintain,0.0,0.0,199.40000000000066,30.0,1,0,accelerate-maintain,0.09680146723985672,-0.1626652181148529,-0.15829311311244965,0,0.09680146723985672,-0.15829311311244965,0.25509458035230637,0.2594666853547096,"[true, true, true]",False,False,False,66015,0,e827f3a7c15be3cc0e8dad398a812438a042d5fbfc05ac4f148ca8e9393507fa,validation_006,0,5,1927371678,10,37.78993123947623
36,7.2,A,mainline,True,False,205.40000000000066,30.0,1,accelerate,2.0,0.0,162.80000000000055,18.0,1,0,accelerate-maintain,-0.07942363619804382,-0.0014862865209579468,-0.2297770082950592,1,-0.0014862865209579468,-0.07942363619804382,0.07793734967708588,0.22829072177410126,"[true, true, true]",False,False,False,66015,0,e827f3a7c15be3cc0e8dad398a812438a042d5fbfc05ac4f148ca8e9393507fa,validation_006,0,5,1927371678,10,40.18993123947621
36,7.2,B,ramp,True,False,162.80000000000055,18.0,0,maintain,0.0,0.0,205.40000000000066,30.0,1,0,accelerate-maintain,0.09553319215774536,-0.16383874416351318,-0.16000200808048248,0,0.09553319215774536,-0.16000200808048248,0.25553520023822784,0.25937193632125854,"[true, true, true]",False,False,False,66015,0,e827f3a7c15be3cc0e8dad398a812438a042d5fbfc05ac4f148ca8e9393507fa,validation_006,0,5,1927371678,10,40.18993123947621
37,7.4,A,mainline,True,False,211.40000000000066,30.0,1,accelerate,2.0,0.0,166.40000000000057,18.0,1,0,accelerate-maintain,-0.07700176537036896,-0.0020064562559127808,-0.2337273806333542,1,-0.0020064562559127808,-0.07700176537036896,0.07499530911445618,0.2317209243774414,"[true, true, true]",False,False,False,66015,0,e827f3a7c15be3cc0e8dad398a812438a042d5fbfc05ac4f148ca8e9393507fa,validation_006,0,5,1927371678,10,42.589931239476186
37,7.4,B,ramp,True,False,166.40000000000057,18.0,0,maintain,0.0,0.0,211.40000000000066,30.0,1,0,accelerate-maintain,0.09439127147197723,-0.16522131860256195,-0.16191396117210388,0,0.09439127147197723,-0.16191396117210388,0.2563052326440811,0.2596125900745392,"[true, true, true]",False,False,False,66015,0,e827f3a7c15be3cc0e8dad398a812438a042d5fbfc05ac4f148ca8e9393507fa,validation_006,0,5,1927371678,10,42.589931239476186
38,7.6000000000000005,A,mainline,True,False,217.40000000000066,30.0,1,accelerate,2.0,0.0,170.0000000000006,18.0,1,0,accelerate-maintain,-0.0745549276471138,-0.0025089792907238007,-0.23766584694385529,1,-0.0025089792907238007,-0.0745549276471138,0.07204594835639,0.23515686765313148,"[true, true, true]",False,False,False,66015,0,e827f3a7c15be3cc0e8dad398a812438a042d5fbfc05ac4f148ca8e9393507fa,validation_006,0,5,1927371678,10,44.989931239476164
38,7.6000000000000005,B,ramp,True,False,170.0000000000006,18.0,0,maintain,0.0,0.0,217.40000000000066,30.0,1,0,accelerate-maintain,0.09348902106285095,-0.16779673099517822,-0.1643540859222412,0,0.09348902106285095,-0.1643540859222412,0.25784310698509216,0.2612857520580292,"[true, true, true]",False,False,False,66015,0,e827f3a7c15be3cc0e8dad398a812438a042d5fbfc05ac4f148ca8e9393507fa,validation_006,0,5,1927371678,10,44.989931239476164
39,7.800000000000001,A,mainline,True,False,223.40000000000066,30.0,1,accelerate,2.0,0.0,173.60000000000062,18.0,1,0,accelerate-maintain,-0.07310375571250916,-0.0038422197103500366,-0.24141278862953186,1,-0.0038422197103500366,-0.07310375571250916,0.06926153600215912,0.23757056891918182,"[true, true, true]",False,False,False,66015,0,e827f3a7c15be3cc0e8dad398a812438a042d5fbfc05ac4f148ca8e9393507fa,validation_006,0,5,1927371678,10,47.38993123947614
39,7.800000000000001,B,ramp,True,False,173.60000000000062,18.0,0,maintain,0.0,0.0,223.40000000000066,30.0,1,0,accelerate-maintain,0.09256376326084137,-0.17059774696826935,-0.16672120988368988,0,0.09256376326084137,-0.16672120988368988,0.25928497314453125,0.2631615102291107,"[true, true, true]",False,False,False,66015,0,e827f3a7c15be3cc0e8dad398a812438a042d5fbfc05ac4f148ca8e9393507fa,validation_006,0,5,1927371678,10,47.38993123947614
40,8.0,A,mainline,True,False,229.40000000000066,30.0,0,maintain,2.0,0.0,177.20000000000064,18.0,0,0,maintain-maintain,-0.04425615817308426,-0.05441725254058838,-0.1536121815443039,0,-0.04425615817308426,-0.05441725254058838,0.01016109436750412,0.10935602337121964,"[true, true, true]",False,False,False,66015,0,e827f3a7c15be3cc0e8dad398a812438a042d5fbfc05ac4f148ca8e9393507fa,validation_006,0,5,1927371678,10,49.78993123947612
40,8.0,B,ramp,True,False,177.20000000000064,18.0,0,maintain,0.0,0.0,229.40000000000066,30.0,0,0,maintain-maintain,0.05030158907175064,-0.170228511095047,-0.17300985753536224,0,0.05030158907175064,-0.170228511095047,0.22053010016679764,0.22331144660711288,"[true, true, true]",False,False,False,66015,0,e827f3a7c15be3cc0e8dad398a812438a042d5fbfc05ac4f148ca8e9393507fa,validation_006,0,5,1927371678,10,49.78993123947612
41,8.200000000000001,A,mainline,True,False,235.40000000000066,30.0,0,maintain,0.0,0.0,180.80000000000067,18.0,0,0,maintain-maintain,-0.042215313762426376,-0.05698394775390625,-0.15624061226844788,0,-0.042215313762426376,-0.05698394775390625,0.014768633991479874,0.1140252985060215,"[true, true, true]",False,False,False,66015,0,e827f3a7c15be3cc0e8dad398a812438a042d5fbfc05ac4f148ca8e9393507fa,validation_006,0,5,1927371678,10,52.189931239476095
41,8.200000000000001,B,ramp,True,False,180.80000000000067,18.0,0,maintain,0.0,0.0,235.40000000000066,30.0,0,0,maintain-maintain,0.049712277948856354,-0.17075328528881073,-0.17524713277816772,0,0.049712277948856354,-0.17075328528881073,0.22046556323766708,0.22495941072702408,"[true, true, true]",False,False,False,66015,0,e827f3a7c15be3cc0e8dad398a812438a042d5fbfc05ac4f148ca8e9393507fa,validation_006,0,5,1927371678,10,52.189931239476095
42,8.4,A,mainline,True,False,241.40000000000066,30.0,0,maintain,0.0,0.0,184.4000000000007,18.0,0,0,maintain-maintain,-0.04022212326526642,-0.05859227478504181,-0.1583227515220642,0,-0.04022212326526642,-0.05859227478504181,0.01837015151977539,0.11810062825679779,"[true, true, true]",False,False,False,66015,0,e827f3a7c15be3cc0e8dad398a812438a042d5fbfc05ac4f148ca8e9393507fa,validation_006,0,5,1927371678,10,54.58993123947607
42,8.4,B,ramp,True,False,184.4000000000007,18.0,0,maintain,0.0,0.0,241.40000000000066,30.0,0,0,maintain-maintain,0.04890401288866997,-0.1710388958454132,-0.17792123556137085,0,0.04890401288866997,-0.1710388958454132,0.21994290873408318,0.22682524845004082,"[true, true, true]",False,False,False,66015,0,e827f3a7c15be3cc0e8dad398a812438a042d5fbfc05ac4f148ca8e9393507fa,validation_006,0,5,1927371678,10,54.58993123947607
43,8.6,A,mainline,True,False,247.40000000000066,30.0,0,maintain,0.0,0.0,188.0000000000007,18.0,0,0,maintain-maintain,-0.038229040801525116,-0.060185812413692474,-0.1603892296552658,0,-0.038229040801525116,-0.060185812413692474,0.02195677161216736,0.12216018885374069,"[true, true, true]",False,False,False,66015,0,e827f3a7c15be3cc0e8dad398a812438a042d5fbfc05ac4f148ca8e9393507fa,validation_006,0,5,1927371678,10,56.98993123947605
43,8.6,B,ramp,True,False,188.0000000000007,18.0,0,maintain,0.0,0.0,247.40000000000066,30.0,0,0,maintain-maintain,0.04820016026496887,-0.1723957657814026,-0.1813487559556961,0,0.04820016026496887,-0.1723957657814026,0.22059592604637146,0.22954891622066498,"[true, true, true]",False,False,False,66015,0,e827f3a7c15be3cc0e8dad398a812438a042d5fbfc05ac4f148ca8e9393507fa,validation_006,0,5,1927371678,10,56.98993123947605
44,8.8,A,mainline,True,False,253.40000000000066,30.0,0,maintain,0.0,0.0,191.60000000000073,18.0,0,0,maintain-maintain,-0.03623390197753906,-0.06177954375743866,-0.16245612502098083,0,-0.03623390197753906,-0.06177954375743866,0.025545641779899597,0.12622222304344177,"[true, true, true]",False,False,False,66015,0,e827f3a7c15be3cc0e8dad398a812438a042d5fbfc05ac4f148ca8e9393507fa,validation_006,0,5,1927371678,10,59.38993123947603
44,8.8,B,ramp,True,False,191.60000000000073,18.0,0,maintain,0.0,0.0,253.40000000000066,30.0,0,0,maintain-maintain,0.047623150050640106,-0.1737349033355713,-0.18474091589450836,0,0.047623150050640106,-0.1737349033355713,0.2213580533862114,0.23236406594514847,"[true, true, true]",False,False,False,66015,0,e827f3a7c15be3cc0e8dad398a812438a042d5fbfc05ac4f148ca8e9393507fa,validation_006,0,5,1927371678,10,59.38993123947603
45,9.0,A,mainline,True,False,259.40000000000066,30.0,0,maintain,0.0,0.0,195.20000000000076,18.0,0,0,maintain-maintain,-0.03423715755343437,-0.06337340921163559,-0.16452349722385406,0,-0.03423715755343437,-0.06337340921163559,0.029136251658201218,0.1302863396704197,"[true, true, true]",False,False,False,66015,0,e827f3a7c15be3cc0e8dad398a812438a042d5fbfc05ac4f148ca8e9393507fa,validation_006,0,5,1927371678,10,
45,9.0,B,ramp,True,False,195.20000000000076,18.0,0,maintain,0.0,0.0,259.40000000000066,30.0,0,0,maintain-maintain,0.047046929597854614,-0.17507487535476685,-0.1881318837404251,0,0.047046929597854614,-0.17507487535476685,0.22212180495262146,0.23517881333827972,"[true, true, true]",False,False,False,66015,0,e827f3a7c15be3cc0e8dad398a812438a042d5fbfc05ac4f148ca8e9393507fa,validation_006,0,5,1927371678,10,
46,9.200000000000001,A,mainline,False,True,260.90000000000066,0.0,0,maintain,0.0,0.0,198.80000000000078,18.0,0,0,inactive-active,-0.023312170058488846,-0.030912980437278748,-0.2011580616235733,0,-0.023312170058488846,-0.030912980437278748,0.007600810378789902,0.17784589156508446,"[true, true, true]",False,False,False,66015,0,e827f3a7c15be3cc0e8dad398a812438a042d5fbfc05ac4f148ca8e9393507fa,validation_006,0,5,1927371678,10,
46,9.200000000000001,B,ramp,True,False,198.80000000000078,18.0,0,maintain,0.0,0.0,260.90000000000066,0.0,0,0,inactive-active,0.026547715067863464,-0.07351809740066528,-0.09937816113233566,0,0.026547715067863464,-0.07351809740066528,0.10006581246852875,0.12592587620019913,"[true, true, true]",False,False,False,66015,0,e827f3a7c15be3cc0e8dad398a812438a042d5fbfc05ac4f148ca8e9393507fa,validation_006,0,5,1927371678,10,
47,9.4,A,mainline,False,True,260.90000000000066,0.0,0,maintain,0.0,0.0,202.4000000000008,18.0,0,0,inactive-active,-0.02252098172903061,-0.029818028211593628,-0.20131593942642212,0,-0.02252098172903061,-0.029818028211593628,0.007297046482563019,0.1787949576973915,"[true, true, true]",False,False,False,66015,0,e827f3a7c15be3cc0e8dad398a812438a042d5fbfc05ac4f148ca8e9393507fa,validation_006,0,5,1927371678,10,
47,9.4,B,ramp,True,False,202.4000000000008,18.0,0,maintain,0.0,0.0,260.90000000000066,0.0,0,0,inactive-active,0.02749418467283249,-0.07456214725971222,-0.09864864498376846,0,0.02749418467283249,-0.07456214725971222,0.10205633193254471,0.12614282965660095,"[true, true, true]",False,False,False,66015,0,e827f3a7c15be3cc0e8dad398a812438a042d5fbfc05ac4f148ca8e9393507fa,validation_006,0,5,1927371678,10,
48,9.600000000000001,A,mainline,False,True,260.90000000000066,0.0,0,maintain,0.0,0.0,206.00000000000082,18.0,0,0,inactive-active,-0.021723724901676178,-0.02865871787071228,-0.2014383226633072,0,-0.021723724901676178,-0.02865871787071228,0.006934992969036102,0.179714597761631,"[true, true, true]",False,False,False,66015,0,e827f3a7c15be3cc0e8dad398a812438a042d5fbfc05ac4f148ca8e9393507fa,validation_006,0,5,1927371678,10,
48,9.600000000000001,B,ramp,True,False,206.00000000000082,18.0,0,maintain,0.0,0.0,260.90000000000066,0.0,0,0,inactive-active,0.028153209015727043,-0.07590784132480621,-0.09781873226165771,0,0.028153209015727043,-0.07590784132480621,0.10406105034053326,0.12597194127738476,"[true, true, true]",False,False,False,66015,0,e827f3a7c15be3cc0e8dad398a812438a042d5fbfc05ac4f148ca8e9393507fa,validation_006,0,5,1927371678,10,
49,9.8,A,mainline,False,True,260.90000000000066,0.0,0,maintain,0.0,0.0,209.60000000000085,18.0,0,0,inactive-active,-0.020919522270560265,-0.02756436914205551,-0.20172414183616638,0,-0.020919522270560265,-0.02756436914205551,0.006644846871495247,0.18080461956560612,"[true, true, true]",False,False,False,66015,0,e827f3a7c15be3cc0e8dad398a812438a042d5fbfc05ac4f148ca8e9393507fa,validation_006,0,5,1927371678,10,
49,9.8,B,ramp,True,False,209.60000000000085,18.0,0,maintain,0.0,0.0,260.90000000000066,0.0,0,0,inactive-active,0.028532637283205986,-0.07740525901317596,-0.09704358875751495,0,0.028532637283205986,-0.07740525901317596,0.10593789629638195,0.12557622604072094,"[true, true, true]",False,False,False,66015,0,e827f3a7c15be3cc0e8dad398a812438a042d5fbfc05ac4f148ca8e9393507fa,validation_006,0,5,1927371678,10,
50,10.0,A,mainline,False,True,260.90000000000066,0.0,0,maintain,0.0,0.0,213.20000000000087,18.0,0,0,inactive-active,-0.02009371854364872,-0.02644747495651245,-0.2018257975578308,0,-0.02009371854364872,-0.02644747495651245,0.006353756412863731,0.1817320790141821,"[true, true, true]",False,False,False,66015,0,e827f3a7c15be3cc0e8dad398a812438a042d5fbfc05ac4f148ca8e9393507fa,validation_006,0,5,1927371678,10,
50,10.0,B,ramp,True,False,213.20000000000087,18.0,0,maintain,0.0,0.0,260.90000000000066,0.0,0,0,inactive-active,0.028820378705859184,-0.07884766161441803,-0.0962870717048645,0,0.028820378705859184,-0.07884766161441803,0.10766804032027721,0.1251074504107237,"[true, true, true]",False,False,False,66015,0,e827f3a7c15be3cc0e8dad398a812438a042d5fbfc05ac4f148ca8e9393507fa,validation_006,0,5,1927371678,10,
51,10.200000000000001,A,mainline,False,True,260.90000000000066,0.0,0,maintain,0.0,0.0,216.8000000000009,18.0,0,0,inactive-active,-0.01942811906337738,-0.02543044090270996,-0.20187295973300934,0,-0.01942811906337738,-0.02543044090270996,0.006002321839332581,0.18244484066963196,"[true, true, true]",False,False,False,66015,0,e827f3a7c15be3cc0e8dad398a812438a042d5fbfc05ac4f148ca8e9393507fa,validation_006,0,5,1927371678,10,
51,10.200000000000001,B,ramp,True,False,216.8000000000009,18.0,0,maintain,0.0,0.0,260.90000000000066,0.0,0,0,inactive-active,0.02910863235592842,-0.08029308915138245,-0.09552876651287079,0,0.02910863235592842,-0.08029308915138245,0.10940172150731087,0.12463739886879921,"[true, true, true]",False,False,False,66015,0,e827f3a7c15be3cc0e8dad398a812438a042d5fbfc05ac4f148ca8e9393507fa,validation_006,0,5,1927371678,10,
52,10.4,A,mainline,False,True,260.90000000000066,0.0,0,maintain,0.0,0.0,220.40000000000092,18.0,0,0,inactive-active,-0.018972383812069893,-0.02434152364730835,-0.20164792239665985,0,-0.018972383812069893,-0.02434152364730835,0.005369139835238457,0.18267553858458996,"[true, true, true]",False,False,False,66015,0,e827f3a7c15be3cc0e8dad398a812438a042d5fbfc05ac4f148ca8e9393507fa,validation_006,0,5,1927371678,10,
52,10.4,B,ramp,True,False,220.40000000000092,18.0,0,maintain,0.0,0.0,260.90000000000066,0.0,0,0,inactive-active,0.029397357255220413,-0.08174170553684235,-0.09476865828037262,0,0.029397357255220413,-0.08174170553684235,0.11113906279206276,0.12416601553559303,"[true, true, true]",False,False,False,66015,0,e827f3a7c15be3cc0e8dad398a812438a042d5fbfc05ac4f148ca8e9393507fa,validation_006,0,5,1927371678,10,
53,10.600000000000001,A,mainline,False,True,260.90000000000066,0.0,0,maintain,0.0,0.0,224.00000000000094,18.0,0,0,inactive-active,-0.01820077747106552,-0.022733554244041443,-0.2016516625881195,0,-0.01820077747106552,-0.022733554244041443,0.004532776772975922,0.18345088511705399,"[true, true, true]",False,False,False,66015,0,e827f3a7c15be3cc0e8dad398a812438a042d5fbfc05ac4f148ca8e9393507fa,validation_006,0,5,1927371678,10,
53,10.600000000000001,B,ramp,True,False,224.00000000000094,18.0,0,maintain,0.0,0.0,260.90000000000066,0.0,0,0,inactive-active,0.029622426256537437,-0.08302868902683258,-0.09416639804840088,0,0.029622426256537437,-0.08302868902683258,0.11265111528337002,0.12378882430493832,"[true, true, true]",False,False,False,66015,0,e827f3a7c15be3cc0e8dad398a812438a042d5fbfc05ac4f148ca8e9393507fa,validation_006,0,5,1927371678,10,
54,10.8,A,mainline,False,True,260.90000000000066,0.0,0,maintain,0.0,0.0,227.60000000000096,18.0,0,0,inactive-active,-0.017180457711219788,-0.02041032910346985,-0.20116934180259705,0,-0.017180457711219788,-0.02041032910346985,0.003229871392250061,0.18398888409137726,"[true, true, true]",False,False,False,66015,0,e827f3a7c15be3cc0e8dad398a812438a042d5fbfc05ac4f148ca8e9393507fa,validation_006,0,5,1927371678,10,
54,10.8,B,ramp,True,False,227.60000000000096,18.0,0,maintain,0.0,0.0,260.90000000000066,0.0,0,0,inactive-active,0.02982173301279545,-0.08425180613994598,-0.0936274379491806,0,0.02982173301279545,-0.08425180613994598,0.11407353915274143,0.12344917096197605,"[true, true, true]",False,False,False,66015,0,e827f3a7c15be3cc0e8dad398a812438a042d5fbfc05ac4f148ca8e9393507fa,validation_006,0,5,1927371678,10,
55,11.0,A,mainline,False,True,260.90000000000066,0.0,0,maintain,0.0,0.0,231.20000000000098,18.0,0,0,inactive-active,-0.016159621998667717,-0.018139898777008057,-0.20073385536670685,0,-0.016159621998667717,-0.018139898777008057,0.0019802767783403397,0.18457423336803913,"[true, true, true]",False,False,False,66015,0,e827f3a7c15be3cc0e8dad398a812438a042d5fbfc05ac4f148ca8e9393507fa,validation_006,0,5,1927371678,10,
55,11.0,B,ramp,True,False,231.20000000000098,18.0,0,maintain,0.0,0.0,260.90000000000066,0.0,0,0,inactive-active,0.030018335208296776,-0.08546733111143112,-0.09308334439992905,0,0.030018335208296776,-0.08546733111143112,0.1154856663197279,0.12310167960822582,"[true, true, true]",False,False,False,66015,0,e827f3a7c15be3cc0e8dad398a812438a042d5fbfc05ac4f148ca8e9393507fa,validation_006,0,5,1927371678,10,
56,11.200000000000001,A,mainline,False,True,260.90000000000066,0.0,0,maintain,0.0,0.0,234.800000000001,18.0,0,0,inactive-active,-0.015138326212763786,-0.015923000872135162,-0.20034591853618622,0,-0.015138326212763786,-0.015923000872135162,0.000784674659371376,0.18520759232342243,"[true, true, true]",False,False,False,66015,0,e827f3a7c15be3cc0e8dad398a812438a042d5fbfc05ac4f148ca8e9393507fa,validation_006,0,5,1927371678,10,
56,11.200000000000001,B,ramp,True,False,234.800000000001,18.0,0,maintain,0.0,0.0,260.90000000000066,0.0,0,0,inactive-active,0.030183227732777596,-0.08656948804855347,-0.09250063449144363,0,0.030183227732777596,-0.08656948804855347,0.11675271578133106,0.12268386222422123,"[true, true, true]",False,False,False,66015,0,e827f3a7c15be3cc0e8dad398a812438a042d5fbfc05ac4f148ca8e9393507fa,validation_006,0,5,1927371678,10,
57,11.4,A,mainline,False,True,260.90000000000066,0.0,0,maintain,0.0,0.0,238.40000000000103,18.0,0,0,inactive-active,-0.014117097482085228,-0.013705313205718994,-0.19995850324630737,1,-0.013705313205718994,-0.014117097482085228,0.0004117842763662338,0.18625319004058838,"[true, true, true]",False,False,False,66015,0,e827f3a7c15be3cc0e8dad398a812438a042d5fbfc05ac4f148ca8e9393507fa,validation_006,0,5,1927371678,10,
57,11.4,B,ramp,True,False,238.40000000000103,18.0,0,maintain,0.0,0.0,260.90000000000066,0.0,0,0,inactive-active,0.030644305050373077,-0.08747448027133942,-0.09170910716056824,0,0.030644305050373077,-0.08747448027133942,0.1181187853217125,0.12235341221094131,"[true, true, true]",False,False,False,66015,0,e827f3a7c15be3cc0e8dad398a812438a042d5fbfc05ac4f148ca8e9393507fa,validation_006,0,5,1927371678,10,
58,11.600000000000001,A,mainline,False,True,260.90000000000066,0.0,0,maintain,0.0,0.0,242.00000000000105,18.0,0,0,inactive-active,-0.013095937669277191,-0.011486783623695374,-0.1995716392993927,1,-0.011486783623695374,-0.013095937669277191,0.0016091540455818176,0.18808485567569733,"[true, true, true]",False,False,False,66015,0,e827f3a7c15be3cc0e8dad398a812438a042d5fbfc05ac4f148ca8e9393507fa,validation_006,0,5,1927371678,10,
58,11.600000000000001,B,ramp,True,False,242.00000000000105,18.0,0,maintain,0.0,0.0,260.90000000000066,0.0,0,0,inactive-active,0.031175745651125908,-0.08834350854158401,-0.09087832272052765,0,0.031175745651125908,-0.08834350854158401,0.11951925419270992,0.12205406837165356,"[true, true, true]",False,False,False,66015,0,e827f3a7c15be3cc0e8dad398a812438a042d5fbfc05ac4f148ca8e9393507fa,validation_006,0,5,1927371678,10,
59,11.8,A,mainline,False,True,260.90000000000066,0.0,0,maintain,0.0,0.0,245.60000000000107,18.0,0,0,inactive-active,-0.012074906378984451,-0.0092674121260643,-0.1991852968931198,1,-0.0092674121260643,-0.012074906378984451,0.0028074942529201508,0.1899178847670555,"[true, true, true]",False,False,False,66015,0,e827f3a7c15be3cc0e8dad398a812438a042d5fbfc05ac4f148ca8e9393507fa,validation_006,0,5,1927371678,10,
59,11.8,B,ramp,True,False,245.60000000000107,18.0,0,maintain,0.0,0.0,260.90000000000066,0.0,0,0,inactive-active,0.03170796483755112,-0.0892152339220047,-0.09004536271095276,0,0.03170796483755112,-0.0892152339220047,0.12092319875955582,0.12175332754850388,"[true, true, true]",False,False,False,66015,0,e827f3a7c15be3cc0e8dad398a812438a042d5fbfc05ac4f148ca8e9393507fa,validation_006,0,5,1927371678,10,
60,12.0,A,mainline,False,True,260.90000000000066,0.0,0,maintain,0.0,0.0,249.2000000000011,18.0,0,0,inactive-active,-0.0110540259629488,-0.007047221064567566,-0.1987994760274887,1,-0.007047221064567566,-0.0110540259629488,0.004006804898381233,0.19175225496292114,"[true, true, true]",False,False,False,66015,0,e827f3a7c15be3cc0e8dad398a812438a042d5fbfc05ac4f148ca8e9393507fa,validation_006,0,5,1927371678,10,
60,12.0,B,ramp,True,False,249.2000000000011,18.0,0,maintain,0.0,0.0,260.90000000000066,0.0,0,0,inactive-active,0.03215951472520828,-0.09010134637355804,-0.0892457365989685,0,0.03215951472520828,-0.0892457365989685,0.12140525132417679,0.12226086109876633,"[true, true, true]",False,False,False,66015,0,e827f3a7c15be3cc0e8dad398a812438a042d5fbfc05ac4f148ca8e9393507fa,validation_006,0,5,1927371678,10,
61,12.200000000000001,A,mainline,False,True,260.90000000000066,0.0,0,maintain,0.0,0.0,252.80000000000112,18.0,0,0,inactive-active,-0.010311691090464592,-0.004904612898826599,-0.19835612177848816,1,-0.004904612898826599,-0.010311691090464592,0.005407078191637993,0.19345150887966156,"[true, true, true]",False,False,False,66015,0,e827f3a7c15be3cc0e8dad398a812438a042d5fbfc05ac4f148ca8e9393507fa,validation_006,0,5,1927371678,10,
61,12.200000000000001,B,ramp,True,False,252.80000000000112,18.0,0,maintain,0.0,0.0,260.90000000000066,0.0,0,0,inactive-active,0.03221532702445984,-0.09097376465797424,-0.08851437270641327,0,0.03221532702445984,-0.08851437270641327,0.12072969973087311,0.12318909168243408,"[true, true, true]",False,False,False,66015,0,e827f3a7c15be3cc0e8dad398a812438a042d5fbfc05ac4f148ca8e9393507fa,validation_006,0,5,1927371678,10,
62,12.4,A,mainline,False,True,260.90000000000066,0.0,0,maintain,0.0,0.0,256.4000000000011,18.0,0,0,inactive-active,-0.0098525770008564,-0.0028409436345100403,-0.19785426557064056,1,-0.0028409436345100403,-0.0098525770008564,0.007011633366346359,0.19501332193613052,"[true, true, true]",False,False,False,66015,0,e827f3a7c15be3cc0e8dad398a812438a042d5fbfc05ac4f148ca8e9393507fa,validation_006,0,5,1927371678,10,
62,12.4,B,ramp,True,False,256.4000000000011,18.0,0,maintain,0.0,0.0,260.90000000000066,0.0,0,0,inactive-active,0.032209500670433044,-0.09172426909208298,-0.08764272183179855,0,0.032209500670433044,-0.08764272183179855,0.1198522225022316,0.12393376976251602,"[true, true, true]",False,False,False,66015,0,e827f3a7c15be3cc0e8dad398a812438a042d5fbfc05ac4f148ca8e9393507fa,validation_006,0,5,1927371678,10,
63,12.600000000000001,A,mainline,False,True,260.90000000000066,0.0,0,maintain,0.0,0.0,260.000000000001,18.0,0,0,inactive-active,-0.009366247802972794,-0.0007320083677768707,-0.19735296070575714,1,-0.0007320083677768707,-0.009366247802972794,0.008634239435195923,0.19662095233798027,"[true, true, true]",False,True,False,66015,0,e827f3a7c15be3cc0e8dad398a812438a042d5fbfc05ac4f148ca8e9393507fa,validation_006,0,5,1927371678,10,
63,12.600000000000001,B,ramp,True,False,260.000000000001,18.0,0,maintain,0.0,0.0,260.90000000000066,0.0,0,0,inactive-active,0.032629452645778656,-0.0926780253648758,-0.0860387533903122,0,0.032629452645778656,-0.0860387533903122,0.11866820603609085,0.12530747801065445,"[true, true, true]",False,True,False,66015,0,e827f3a7c15be3cc0e8dad398a812438a042d5fbfc05ac4f148ca8e9393507fa,validation_006,0,5,1927371678,10,
0,0.0,A,ramp,True,False,33.199999999999996,18.0,1,accelerate,0.0,2.0000000000000284,38.4,16.0,1,0,accelerate-maintain,-0.05911916866898537,0.08094114810228348,-0.1040245071053505,1,0.08094114810228348,-0.05911916866898537,0.14006031677126884,0.18496565520763397,"[true, true, true]",False,False,False,66015,0,e827f3a7c15be3cc0e8dad398a812438a042d5fbfc05ac4f148ca8e9393507fa,validation_006,1,5,1927371678,11,
0,0.0,B,mainline,True,False,38.4,16.0,0,maintain,0.0,0.0,33.199999999999996,18.0,1,0,accelerate-maintain,0.027984030544757843,-0.13284501433372498,-0.13112492859363556,0,0.027984030544757843,-0.13112492859363556,0.1591089591383934,0.16082904487848282,"[true, true, true]",False,False,False,66015,0,e827f3a7c15be3cc0e8dad398a812438a042d5fbfc05ac4f148ca8e9393507fa,validation_006,1,5,1927371678,11,
1,0.2,A,ramp,True,False,36.839999999999996,18.400000000000006,1,accelerate,2.0,2.0000000000000284,41.59999999999999,16.0,1,0,accelerate-maintain,-0.06127472221851349,0.08180713653564453,-0.10373374819755554,1,0.08180713653564453,-0.06127472221851349,0.14308185875415802,0.18554088473320007,"[true, true, true]",False,False,False,66015,0,e827f3a7c15be3cc0e8dad398a812438a042d5fbfc05ac4f148ca8e9393507fa,validation_006,1,5,1927371678,11,
1,0.2,B,mainline,True,False,41.59999999999999,16.0,0,maintain,0.0,0.0,36.839999999999996,18.400000000000006,1,0,accelerate-maintain,0.026632942259311676,-0.13457556068897247,-0.1273161768913269,0,0.026632942259311676,-0.1273161768913269,0.15394911915063858,0.16120850294828415,"[true, true, true]",False,False,False,66015,0,e827f3a7c15be3cc0e8dad398a812438a042d5fbfc05ac4f148ca8e9393507fa,validation_006,1,5,1927371678,11,
2,0.4,A,ramp,True,False,40.559999999999995,18.80000000000001,1,accelerate,2.0,2.0000000000000284,44.799999999999976,16.0,1,0,accelerate-maintain,-0.06341926753520966,0.08265242725610733,-0.10342127084732056,1,0.08265242725610733,-0.06341926753520966,0.14607169479131699,0.1860736981034279,"[true, true, true]",False,False,False,66015,0,e827f3a7c15be3cc0e8dad398a812438a042d5fbfc05ac4f148ca8e9393507fa,validation_006,1,5,1927371678,11,
2,0.4,B,mainline,True,False,44.799999999999976,16.0,0,maintain,0.0,0.0,40.559999999999995,18.80000000000001,1,0,accelerate-maintain,0.026646802201867104,-0.1360359489917755,-0.12291595339775085,0,0.026646802201867104,-0.12291595339775085,0.14956275559961796,0.16268275119364262,"[true, true, true]",False,False,False,66015,0,e827f3a7c15be3cc0e8dad398a812438a042d5fbfc05ac4f148ca8e9393507fa,validation_006,1,5,1927371678,11,
3,0.6000000000000001,A,ramp,True,False,44.36,19.200000000000017,1,accelerate,2.0,2.0000000000000284,47.999999999999964,16.0,1,0,accelerate-maintain,-0.06507650762796402,0.08341412246227264,-0.10329939424991608,1,0.08341412246227264,-0.06507650762796402,0.14849063009023666,0.18671351671218872,"[true, true, true]",False,False,False,66015,0,e827f3a7c15be3cc0e8dad398a812438a042d5fbfc05ac4f148ca8e9393507fa,validation_006,1,5,1927371678,11,
3,0.6000000000000001,B,mainline,True,False,47.999999999999964,16.0,0,maintain,0.0,0.0,44.36,19.200000000000017,1,0,accelerate-maintain,0.026991579681634903,-0.13698652386665344,-0.11955539882183075,0,0.026991579681634903,-0.11955539882183075,0.14654697850346565,0.16397810354828835,"[true, true, true]",False,False,False,66015,0,e827f3a7c15be3cc0e8dad398a812438a042d5fbfc05ac4f148ca8e9393507fa,validation_006,1,5,1927371678,11,
4,0.8,A,ramp,True,False,48.24,19.600000000000023,1,accelerate,2.0,2.0000000000000284,51.19999999999995,16.0,1,0,accelerate-maintain,-0.06613790988922119,0.08409053087234497,-0.10347004979848862,1,0.08409053087234497,-0.06613790988922119,0.15022844076156616,0.1875605806708336,"[true, true, true]",False,False,False,66015,0,e827f3a7c15be3cc0e8dad398a812438a042d5fbfc05ac4f148ca8e9393507fa,validation_006,1,5,1927371678,11,
4,0.8,B,mainline,True,False,51.19999999999995,16.0,0,maintain,0.0,0.0,48.24,19.600000000000023,1,0,accelerate-maintain,0.027630295604467392,-0.13755452632904053,-0.11728158593177795,0,0.027630295604467392,-0.11728158593177795,0.14491188153624535,0.16518482193350792,"[true, true, true]",False,False,False,66015,0,e827f3a7c15be3cc0e8dad398a812438a042d5fbfc05ac4f148ca8e9393507fa,validation_006,1,5,1927371678,11,
5,1.0,A,ramp,True,False,52.20000000000001,20.00000000000003,1,accelerate,2.0,2.0000000000000284,54.39999999999994,16.0,1,0,accelerate-maintain,-0.06656639277935028,0.085330531001091,-0.10434717684984207,1,0.085330531001091,-0.06656639277935028,0.15189692378044128,0.18967770785093307,"[true, true, true]",False,False,False,66015,0,e827f3a7c15be3cc0e8dad398a812438a042d5fbfc05ac4f148ca8e9393507fa,validation_006,1,5,1927371678,11,
5,1.0,B,mainline,True,False,54.39999999999994,16.0,0,maintain,0.0,0.0,52.20000000000001,20.00000000000003,1,0,accelerate-maintain,0.028887826949357986,-0.1384899765253067,-0.11591241508722305,0,0.028887826949357986,-0.11591241508722305,0.14480024203658104,0.1673778034746647,"[true, true, true]",False,False,False,66015,0,e827f3a7c15be3cc0e8dad398a812438a042d5fbfc05ac4f148ca8e9393507fa,validation_006,1,5,1927371678,11,
6,1.2000000000000002,A,ramp,True,False,56.240000000000016,20.400000000000034,1,accelerate,2.0,2.0000000000000284,57.59999999999993,16.0,1,0,accelerate-maintain,-0.06680770218372345,0.08649260550737381,-0.10528102517127991,1,0.08649260550737381,-0.06680770218372345,0.15330030769109726,0.19177363067865372,"[true, true, true]",False,False,False,66015,0,e827f3a7c15be3cc0e8dad398a812438a042d5fbfc05ac4f148ca8e9393507fa,validation_006,1,5,1927371678,11,
6,1.2000000000000002,B,mainline,True,False,57.59999999999993,16.0,0,maintain,0.0,0.0,56.240000000000016,20.400000000000034,1,0,accelerate-maintain,0.030201464891433716,-0.13917633891105652,-0.11488880962133408,0,0.030201464891433716,-0.11488880962133408,0.1450902745127678,0.16937780380249023,"[true, true, true]",False,False,False,66015,0,e827f3a7c15be3cc0e8dad398a812438a042d5fbfc05ac4f148ca8e9393507fa,validation_006,1,5,1927371678,11,
7,1.4000000000000001,A,ramp,True,False,60.36000000000002,20.80000000000004,1,accelerate,2.0,2.0000000000000284,60.79999999999992,16.0,1,0,accelerate-maintain,-0.06684233248233795,0.0876927524805069,-0.10608155280351639,1,0.0876927524805069,-0.06684233248233795,0.15453508496284485,0.19377430528402328,"[true, true, true]",False,False,False,66015,0,e827f3a7c15be3cc0e8dad398a812438a042d5fbfc05ac4f148ca8e9393507fa,validation_006,1,5,1927371678,11,
7,1.4000000000000001,B,mainline,True,False,60.79999999999992,16.0,0,maintain,0.0,0.0,60.36000000000002,20.80000000000004,1,0,accelerate-maintain,0.03175561875104904,-0.13893386721611023,-0.11347796022891998,0,0.03175561875104904,-0.11347796022891998,0.14523357897996902,0.17068948596715927,"[true, true, true]",False,False,False,66015,0,e827f3a7c15be3cc0e8dad398a812438a042d5fbfc05ac4f148ca8e9393507fa,validation_006,1,5,1927371678,11,
8,1.6,A,ramp,True,False,64.56000000000003,21.200000000000045,1,accelerate,2.0,2.0000000000000284,63.99999999999991,16.0,1,0,accelerate-maintain,-0.06588929891586304,0.08912961184978485,-0.10709859430789948,1,0.08912961184978485,-0.06588929891586304,0.1550189107656479,0.19622820615768433,"[true, true, true]",False,False,False,66015,0,e827f3a7c15be3cc0e8dad398a812438a042d5fbfc05ac4f148ca8e9393507fa,validation_006,1,5,1927371678,11,
8,1.6,B,mainline,True,False,63.99999999999991,16.0,0,maintain,0.0,0.0,64.56000000000003,21.200000000000045,1,0,accelerate-maintain,0.0336134247481823,-0.1382448673248291,-0.11238019913434982,0,0.0336134247481823,-0.11238019913434982,0.14599362388253212,0.1718582920730114,"[true, true, true]",False,False,False,66015,0,e827f3a7c15be3cc0e8dad398a812438a042d5fbfc05ac4f148ca8e9393507fa,validation_006,1,5,1927371678,11,
9,1.8,A,ramp,True,False,68.84000000000003,21.60000000000005,1,accelerate,2.0,2.0000000000000284,67.1999999999999,16.0,1,0,accelerate-maintain,-0.06484208256006241,0.09052619338035583,-0.10815873742103577,1,0.09052619338035583,-0.06484208256006241,0.15536827594041824,0.1986849308013916,"[true, true, true]",False,False,False,66015,0,e827f3a7c15be3cc0e8dad398a812438a042d5fbfc05ac4f148ca8e9393507fa,validation_006,1,5,1927371678,11,
9,1.8,B,mainline,True,False,67.1999999999999,16.0,0,maintain,0.0,0.0,68.84000000000003,21.60000000000005,1,0,accelerate-maintain,0.0349881649017334,-0.13710150122642517,-0.1115979328751564,0,0.0349881649017334,-0.1115979328751564,0.1465860977768898,0.17208966612815857,"[true, true, true]",False,False,False,66015,0,e827f3a7c15be3cc0e8dad398a812438a042d5fbfc05ac4f148ca8e9393507fa,validation_006,1,5,1927371678,11,
10,2.0,A,ramp,True,False,73.20000000000003,22.000000000000057,1,accelerate,2.0,2.0000000000000284,70.39999999999989,16.0,1,0,accelerate-maintain,-0.061987996101379395,0.09168170392513275,-0.10989679396152496,1,0.09168170392513275,-0.061987996101379395,0.15366970002651215,0.20157849788665771,"[true, true, true]",False,False,False,66015,0,e827f3a7c15be3cc0e8dad398a812438a042d5fbfc05ac4f148ca8e9393507fa,validation_006,1,5,1927371678,11,
10,2.0,B,mainline,True,False,70.39999999999989,16.0,0,maintain,0.0,0.0,73.20000000000003,22.000000000000057,1,0,accelerate-maintain,0.03630998730659485,-0.13584360480308533,-0.11093872040510178,0,0.03630998730659485,-0.11093872040510178,0.14724870771169662,0.17215359210968018,"[true, true, true]",False,False,False,66015,0,e827f3a7c15be3cc0e8dad398a812438a042d5fbfc05ac4f148ca8e9393507fa,validation_006,1,5,1927371678,11,
11,2.2,A,ramp,True,False,77.64000000000004,22.400000000000063,1,accelerate,2.0,2.0000000000000284,73.59999999999988,16.0,1,0,accelerate-maintain,-0.05871186777949333,0.09288405627012253,-0.11194679141044617,1,0.09288405627012253,-0.05871186777949333,0.15159592404961586,0.2048308476805687,"[true, true, true]",False,False,False,66015,0,e827f3a7c15be3cc0e8dad398a812438a042d5fbfc05ac4f148ca8e9393507fa,validation_006,1,5,1927371678,11,
11,2.2,B,mainline,True,False,73.59999999999988,16.0,0,maintain,0.0,0.0,77.64000000000004,22.400000000000063,1,0,accelerate-maintain,0.03723848611116409,-0.13447211682796478,-0.11027511954307556,0,0.03723848611116409,-0.11027511954307556,0.14751360565423965,0.17171060293912888,"[true, true, true]",False,False,False,66015,0,e827f3a7c15be3cc0e8dad398a812438a042d5fbfc05ac4f148ca8e9393507fa,validation_006,1,5,1927371678,11,
12,2.4000000000000004,A,ramp,True,False,82.16000000000005,22.800000000000068,1,accelerate,2.0,2.0000000000000284,76.79999999999987,16.0,1,0,accelerate-maintain,-0.0554790124297142,0.09379112720489502,-0.11393105983734131,1,0.09379112720489502,-0.0554790124297142,0.14927013963460922,0.20772218704223633,"[true, true, true]",False,False,False,66015,0,e827f3a7c15be3cc0e8dad398a812438a042d5fbfc05ac4f148ca8e9393507fa,validation_006,1,5,1927371678,11,
12,2.4000000000000004,B,mainline,True,False,76.79999999999987,16.0,0,maintain,0.0,0.0,82.16000000000005,22.800000000000068,1,0,accelerate-maintain,0.037805452942848206,-0.13285310566425323,-0.10955794900655746,0,0.037805452942848206,-0.10955794900655746,0.14736340194940567,0.17065855860710144,"[true, true, true]",False,False,False,66015,0,e827f3a7c15be3cc0e8dad398a812438a042d5fbfc05ac4f148ca8e9393507fa,validation_006,1,5,1927371678,11,
13,2.6,A,ramp,True,False,86.76000000000006,23.200000000000074,1,accelerate,2.0,2.0000000000000284,79.99999999999986,16.0,1,0,accelerate-maintain,-0.05240609869360924,0.09427163749933243,-0.11586722731590271,1,0.09427163749933243,-0.05240609869360924,0.14667773619294167,0.21013886481523514,"[true, true, true]",False,False,False,66015,0,e827f3a7c15be3cc0e8dad398a812438a042d5fbfc05ac4f148ca8e9393507fa,validation_006,1,5,1927371678,11,
13,2.6,B,mainline,True,False,79.99999999999986,16.0,0,maintain,0.0,0.0,86.76000000000006,23.200000000000074,1,0,accelerate-maintain,0.03817702829837799,-0.13294848799705505,-0.11008625477552414,0,0.03817702829837799,-0.11008625477552414,0.14826328307390213,0.17112551629543304,"[true, true, true]",False,False,False,66015,0,e827f3a7c15be3cc0e8dad398a812438a042d5fbfc05ac4f148ca8e9393507fa,validation_006,1,5,1927371678,11,
14,2.8000000000000003,A,ramp,True,False,91.44000000000008,23.60000000000008,1,accelerate,2.0,2.0000000000000284,83.19999999999985,16.0,1,0,accelerate-maintain,-0.04969509690999985,0.09430135786533356,-0.11809799075126648,1,0.09430135786533356,-0.04969509690999985,0.1439964547753334,0.21239934861660004,"[true, true, true]",False,False,False,66015,0,e827f3a7c15be3cc0e8dad398a812438a042d5fbfc05ac4f148ca8e9393507fa,validation_006,1,5,1927371678,11,
14,2.8000000000000003,B,mainline,True,False,83.19999999999985,16.0,0,maintain,0.0,0.0,91.44000000000008,23.60000000000008,1,0,accelerate-maintain,0.03887771815061569,-0.13272956013679504,-0.11101821064949036,0,0.03887771815061569,-0.11101821064949036,0.14989592880010605,0.17160727828741074,"[true, true, true]",False,False,False,66015,0,e827f3a7c15be3cc0e8dad398a812438a042d5fbfc05ac4f148ca8e9393507fa,validation_006,1,5,1927371678,11,
15,3.0,A,ramp,True,False,96.2000000000001,24.000000000000085,1,accelerate,2.0,2.0000000000000284,86.39999999999984,16.0,1,0,accelerate-maintain,-0.04773363471031189,0.09381035715341568,-0.12011001259088516,1,0.09381035715341568,-0.04773363471031189,0.14154399186372757,0.21392036974430084,"[true, true, true]",False,False,False,66015,0,e827f3a7c15be3cc0e8dad398a812438a042d5fbfc05ac4f148ca8e9393507fa,validation_006,1,5,1927371678,11,
15,3.0,B,mainline,True,False,86.39999999999984,16.0,0,maintain,0.0,0.0,96.2000000000001,24.000000000000085,1,0,accelerate-maintain,0.03958793729543686,-0.1324547529220581,-0.11198823153972626,0,0.03958793729543686,-0.11198823153972626,0.15157616883516312,0.17204269021749496,"[true, true, true]",False,False,False,66015,0,e827f3a7c15be3cc0e8dad398a812438a042d5fbfc05ac4f148ca8e9393507fa,validation_006,1,5,1927371678,11,
16,3.2,A,ramp,True,False,101.04000000000012,24.40000000000009,1,accelerate,2.0,2.0000000000000284,89.59999999999982,16.0,1,0,accelerate-maintain,-0.04552606865763664,0.09327709674835205,-0.12200836837291718,1,0.09327709674835205,-0.04552606865763664,0.1388031654059887,0.21528546512126923,"[true, true, true]",False,False,False,66015,0,e827f3a7c15be3cc0e8dad398a812438a042d5fbfc05ac4f148ca8e9393507fa,validation_006,1,5,1927371678,11,
16,3.2,B,mainline,True,False,89.59999999999982,16.0,0,maintain,0.0,0.0,101.04000000000012,24.40000000000009,1,0,accelerate-maintain,0.040307529270648956,-0.13215678930282593,-0.11300370842218399,0,0.040307529270648956,-0.11300370842218399,0.15331123769283295,0.17246431857347488,"[true, true, true]",False,False,False,66015,0,e827f3a7c15be3cc0e8dad398a812438a042d5fbfc05ac4f148ca8e9393507fa,validation_006,1,5,1927371678,11,
17,3.4000000000000004,A,ramp,True,False,105.96000000000015,24.800000000000097,1,accelerate,2.0,2.0000000000000284,92.79999999999981,16.0,1,0,accelerate-maintain,-0.04364589974284172,0.09305569529533386,-0.12395849823951721,1,0.09305569529533386,-0.04364589974284172,0.13670159503817558,0.21701419353485107,"[true, true, true]",False,False,False,66015,0,e827f3a7c15be3cc0e8dad398a812438a042d5fbfc05ac4f148ca8e9393507fa,validation_006,1,5,1927371678,11,9.85836168054064
17,3.4000000000000004,B,mainline,True,False,92.79999999999981,16.0,0,maintain,0.0,0.0,105.96000000000015,24.800000000000097,1,0,accelerate-maintain,0.04105227440595627,-0.1318613737821579,-0.11406442523002625,0,0.04105227440595627,-0.11406442523002625,0.1551166996359825,0.17291364818811417,"[true, true, true]",False,False,False,66015,0,e827f3a7c15be3cc0e8dad398a812438a042d5fbfc05ac4f148ca8e9393507fa,validation_006,1,5,1927371678,11,9.85836168054064
18,3.6,A,ramp,True,False,110.96000000000018,25.200000000000102,1,accelerate,2.0,2.0000000000000284,95.9999999999998,16.0,1,0,accelerate-maintain,-0.033382147550582886,0.07394160330295563,-0.13188380002975464,1,0.07394160330295563,-0.033382147550582886,0.10732375085353851,0.20582540333271027,"[true, true, true]",False,False,False,66015,0,e827f3a7c15be3cc0e8dad398a812438a042d5fbfc05ac4f148ca8e9393507fa,validation_006,1,5,1927371678,11,11.701388943753216
18,3.6,B,mainline,True,False,95.9999999999998,16.0,0,maintain,0.0,0.0,110.96000000000018,25.200000000000102,1,0,accelerate-maintain,0.057729899883270264,-0.12409031391143799,-0.14097033441066742,0,0.057729899883270264,-0.12409031391143799,0.18182021379470825,0.19870023429393768,"[true, true, true]",False,False,False,66015,0,e827f3a7c15be3cc0e8dad398a812438a042d5fbfc05ac4f148ca8e9393507fa,validation_006,1,5,1927371678,11,11.701388943753216
19,3.8000000000000003,A,ramp,True,False,116.04000000000019,25.600000000000108,1,accelerate,2.0,2.0000000000000284,99.19999999999979,16.0,1,0,accelerate-maintain,-0.030650032684206963,0.07520535588264465,-0.13327616453170776,1,0.07520535588264465,-0.030650032684206963,0.10585538856685162,0.20848152041435242,"[true, true, true]",False,False,False,66015,0,e827f3a7c15be3cc0e8dad398a812438a042d5fbfc05ac4f148ca8e9393507fa,validation_006,1,5,1927371678,11,13.632852614015519
19,3.8000000000000003,B,mainline,True,False,99.19999999999979,16.0,0,maintain,0.0,0.0,116.04000000000019,25.600000000000108,1,0,accelerate-maintain,0.05782017484307289,-0.1232302337884903,-0.14161323010921478,0,0.05782017484307289,-0.1232302337884903,0.1810504086315632,0.19943340495228767,"[true, true, true]",False,False,False,66015,0,e827f3a7c15be3cc0e8dad398a812438a042d5fbfc05ac4f148ca8e9393507fa,validation_006,1,5,1927371678,11,13.632852614015519
20,4.0,A,ramp,True,False,121.2000000000002,26.000000000000114,1,accelerate,2.0,2.0000000000000284,102.39999999999978,16.0,1,0,accelerate-maintain,-0.027633635327219963,0.07615414261817932,-0.13484758138656616,1,0.07615414261817932,-0.027633635327219963,0.10378777794539928,0.21100172400474548,"[true, true, true]",False,False,False,66015,0,e827f3a7c15be3cc0e8dad398a812438a042d5fbfc05ac4f148ca8e9393507fa,validation_006,1,5,1927371678,11,15.656614904510747
20,4.0,B,mainline,True,False,102.39999999999978,16.0,0,maintain,0.0,0.0,121.2000000000002,26.000000000000114,1,0,accelerate-maintain,0.058132901787757874,-0.12269741296768188,-0.14233270287513733,0,0.058132901787757874,-0.12269741296768188,0.18083031475543976,0.2004656046628952,"[true, true, true]",False,False,False,66015,0,e827f3a7c15be3cc0e8dad398a812438a042d5fbfc05ac4f148ca8e9393507fa,validation_006,1,5,1927371678,11,15.656614904510747
21,4.2,A,ramp,True,False,126.44000000000023,26.40000000000012,1,accelerate,2.0,2.0000000000000284,105.59999999999977,16.0,1,0,accelerate-maintain,-0.024485120549798012,0.07674792408943176,-0.1368362456560135,1,0.07674792408943176,-0.024485120549798012,0.10123304463922977,0.21358416974544525,"[true, true, true]",False,False,False,66015,0,e827f3a7c15be3cc0e8dad398a812438a042d5fbfc05ac4f148ca8e9393507fa,validation_006,1,5,1927371678,11,17.770869239935024
21,4.2,B,mainline,True,False,105.59999999999977,16.0,0,maintain,0.0,0.0,126.44000000000023,26.40000000000012,1,0,accelerate-maintain,0.05919168144464493,-0.12235162407159805,-0.14254504442214966,0,0.05919168144464493,-0.12235162407159805,0.18154330551624298,0.2017367258667946,"[true, true, true]",False,False,False,66015,0,e827f3a7c15be3cc0e8dad398a812438a042d5fbfc05ac4f148ca8e9393507fa,validation_006,1,5,1927371678,11,17.770869239935024
22,4.4,A,ramp,True,False,131.76000000000025,26.800000000000125,1,accelerate,2.0,2.0000000000000284,108.79999999999976,16.0,1,0,accelerate-maintain,-0.021424904465675354,0.07757100462913513,-0.13882902264595032,1,0.07757100462913513,-0.021424904465675354,0.09899590909481049,0.21640002727508545,"[true, true, true]",False,False,False,66015,0,e827f3a7c15be3cc0e8dad398a812438a042d5fbfc05ac4f148ca8e9393507fa,validation_006,1,5,1927371678,11,19.970075399162454
22,4.4,B,mainline,True,False,108.79999999999976,16.0,0,maintain,0.0,0.0,131.76000000000025,26.800000000000125,1,0,accelerate-maintain,0.06044774875044823,-0.12142294645309448,-0.14258161187171936,0,0.06044774875044823,-0.12142294645309448,0.1818706952035427,0.2030293606221676,"[true, true, true]",False,False,False,66015,0,e827f3a7c15be3cc0e8dad398a812438a042d5fbfc05ac4f148ca8e9393507fa,validation_006,1,5,1927371678,11,19.970075399162454
23,4.6000000000000005,A,ramp,True,False,137.16000000000028,27.20000000000013,1,accelerate,2.0,2.0000000000000284,111.99999999999974,16.0,1,0,accelerate-maintain,-0.018743053078651428,0.07900528609752655,-0.14186348021030426,1,0.07900528609752655,-0.018743053078651428,0.09774833917617798,0.2208687663078308,"[true, true, true]",False,False,False,66015,0,e827f3a7c15be3cc0e8dad398a812438a042d5fbfc05ac4f148ca8e9393507fa,validation_006,1,5,1927371678,11,22.250068760524442
23,4.6000000000000005,B,mainline,True,False,111.99999999999974,16.0,0,maintain,0.0,0.0,137.16000000000028,27.20000000000013,1,0,accelerate-maintain,0.06128280237317085,-0.12094905972480774,-0.1430342197418213,0,0.06128280237317085,-0.12094905972480774,0.1822318620979786,0.20431702211499214,"[true, true, true]",False,False,False,66015,0,e827f3a7c15be3cc0e8dad398a812438a042d5fbfc05ac4f148ca8e9393507fa,validation_006,1,5,1927371678,11,22.250068760524442
24,4.800000000000001,A,ramp,True,False,142.6400000000003,27.600000000000136,1,accelerate,2.0,2.0000000000000284,115.19999999999973,16.0,1,0,accelerate-maintain,-0.016314731910824776,0.07989893853664398,-0.1450779139995575,1,0.07989893853664398,-0.016314731910824776,0.09621367044746876,0.22497685253620148,"[true, true, true]",False,False,False,66015,0,e827f3a7c15be3cc0e8dad398a812438a042d5fbfc05ac4f148ca8e9393507fa,validation_006,1,5,1927371678,11,24.610068760524484
24,4.800000000000001,B,mainline,True,False,115.19999999999973,16.0,0,maintain,0.0,0.0,142.6400000000003,27.600000000000136,1,0,accelerate-maintain,0.06175709888339043,-0.12088318169116974,-0.14385582506656647,0,0.06175709888339043,-0.12088318169116974,0.18264028057456017,0.2056129239499569,"[true, true, true]",False,False,False,66015,0,e827f3a7c15be3cc0e8dad398a812438a042d5fbfc05ac4f148ca8e9393507fa,validation_006,1,5,1927371678,11,24.610068760524484
25,5.0,A,ramp,True,False,148.20000000000033,28.000000000000142,1,accelerate,2.0,2.0000000000000284,118.39999999999972,16.0,1,0,accelerate-maintain,-0.014361431822180748,0.07999511808156967,-0.1481534093618393,1,0.07999511808156967,-0.014361431822180748,0.09435654990375042,0.22814852744340897,"[true, true, true]",False,False,False,66015,0,e827f3a7c15be3cc0e8dad398a812438a042d5fbfc05ac4f148ca8e9393507fa,validation_006,1,5,1927371678,11,27.05006876052451
25,5.0,B,mainline,True,False,118.39999999999972,16.0,0,maintain,0.0,0.0,148.20000000000033,28.000000000000142,1,0,accelerate-maintain,0.062202565371990204,-0.12092632055282593,-0.14442288875579834,0,0.062202565371990204,-0.12092632055282593,0.18312888592481613,0.20662545412778854,"[true, true, true]",False,False,False,66015,0,e827f3a7c15be3cc0e8dad398a812438a042d5fbfc05ac4f148ca8e9393507fa,validation_006,1,5,1927371678,11,27.05006876052451
26,5.2,A,ramp,True,False,153.84000000000034,28.400000000000148,1,accelerate,2.0,2.0000000000000284,121.59999999999971,16.0,1,0,accelerate-maintain,-0.012767351232469082,0.07944026589393616,-0.15076220035552979,1,0.07944026589393616,-0.012767351232469082,0.09220761712640524,0.23020246624946594,"[true, true, true]",False,False,False,66015,0,e827f3a7c15be3cc0e8dad398a812438a042d5fbfc05ac4f148ca8e9393507fa,validation_006,1,5,1927371678,11,29.57006876052455
26,5.2,B,mainline,True,False,121.59999999999971,16.0,0,maintain,0.0,0.0,153.84000000000034,28.400000000000148,1,0,accelerate-maintain,0.06257084012031555,-0.12089798599481583,-0.14481668174266815,0,0.06257084012031555,-0.12089798599481583,0.18346882611513138,0.2073875218629837,"[true, true, true]",False,False,False,66015,0,e827f3a7c15be3cc0e8dad398a812438a042d5fbfc05ac4f148ca8e9393507fa,validation_006,1,5,1927371678,11,29.57006876052455
27,5.4,A,ramp,True,False,159.56000000000037,28.800000000000153,1,accelerate,2.0,2.0000000000000284,124.7999999999997,16.0,1,0,accelerate-maintain,-0.011312642134726048,0.07868955284357071,-0.15319916605949402,1,0.07868955284357071,-0.011312642134726048,0.09000219497829676,0.23188871890306473,"[true, true, true]",False,False,False,66015,0,e827f3a7c15be3cc0e8dad398a812438a042d5fbfc05ac4f148ca8e9393507fa,validation_006,1,5,1927371678,11,32.1700687605246
27,5.4,B,mainline,True,False,124.7999999999997,16.0,0,maintain,0.0,0.0,159.56000000000037,28.800000000000153,1,0,accelerate-maintain,0.06285465508699417,-0.12071970105171204,-0.14511732757091522,0,0.06285465508699417,-0.12071970105171204,0.1835743561387062,0.2079719826579094,"[true, true, true]",False,False,False,66015,0,e827f3a7c15be3cc0e8dad398a812438a042d5fbfc05ac4f148ca8e9393507fa,validation_006,1,5,1927371678,11,32.1700687605246
28,5.6000000000000005,A,ramp,True,False,165.3600000000004,29.20000000000016,1,accelerate,2.0,2.0000000000000284,127.99999999999969,16.0,1,0,accelerate-maintain,-0.009918361902236938,0.07810331881046295,-0.15609538555145264,1,0.07810331881046295,-0.009918361902236938,0.08802168071269989,0.2341987043619156,"[true, true, true]",False,False,False,66015,0,e827f3a7c15be3cc0e8dad398a812438a042d5fbfc05ac4f148ca8e9393507fa,validation_006,1,5,1927371678,11,34.85006876052458
28,5.6000000000000005,B,mainline,True,False,127.99999999999969,16.0,0,maintain,0.0,0.0,165.3600000000004,29.20000000000016,1,0,accelerate-maintain,0.062267009168863297,-0.12128189206123352,-0.1462583690881729,0,0.062267009168863297,-0.12128189206123352,0.18354890123009682,0.2085253782570362,"[true, true, true]",False,False,False,66015,0,e827f3a7c15be3cc0e8dad398a812438a042d5fbfc05ac4f148ca8e9393507fa,validation_006,1,5,1927371678,11,34.85006876052458
29,5.800000000000001,A,ramp,True,False,171.24000000000044,29.600000000000165,1,accelerate,2.0,1.9999999999966178,131.19999999999973,16.0,1,0,accelerate-maintain,-0.008581031113862991,0.07756275683641434,-0.15887688100337982,1,0.07756275683641434,-0.008581031113862991,0.08614378795027733,0.23643963783979416,"[true, true, true]",False,False,False,66015,0,e827f3a7c15be3cc0e8dad398a812438a042d5fbfc05ac4f148ca8e9393507fa,validation_006,1,5,1927371678,11,37.61006876052457
29,5.800000000000001,B,mainline,True,False,131.19999999999973,16.0,0,maintain,0.0,0.0,171.24000000000044,29.600000000000165,1,0,accelerate-maintain,0.06152517348527908,-0.1222606673836708,-0.14788541197776794,0,0.06152517348527908,-0.1222606673836708,0.1837858408689499,0.20941058546304703,"[true, true, true]",False,False,False,66015,0,e827f3a7c15be3cc0e8dad398a812438a042d5fbfc05ac4f148ca8e9393507fa,validation_006,1,5,1927371678,11,37.61006876052457
30,6.0,A,ramp,True,False,177.20000000000047,30.0,1,accelerate,2.0,0.0,134.39999999999978,16.0,1,0,accelerate-maintain,-0.0069114696234464645,0.07660603523254395,-0.1616542935371399,1,0.07660603523254395,-0.0069114696234464645,0.08351750485599041,0.23826032876968384,"[true, true, true]",False,False,False,66015,0,e827f3a7c15be3cc0e8dad398a812438a042d5fbfc05ac4f148ca8e9393507fa,validation_006,1,5,1927371678,11,40.410068760524524
30,6.0,B,mainline,True,False,134.39999999999978,16.0,0,maintain,0.0,0.0,177.20000000000047,30.0,1,0,accelerate-maintain,0.061549946665763855,-0.12303667515516281,-0.1494850069284439,0,0.061549946665763855,-0.12303667515516281,0.18458662182092667,0.21103495359420776,"[true, true, true]",False,False,False,66015,0,e827f3a7c15be3cc0e8dad398a812438a042d5fbfc05ac4f148ca8e9393507fa,validation_006,1,5,1927371678,11,40.410068760524524
31,6.2,A,ramp,True,False,183.20000000000047,30.0,1,accelerate,2.0,0.0,137.59999999999982,16.0,1,0,accelerate-maintain,-0.004739478230476379,0.07501904666423798,-0.1638651192188263,1,0.07501904666423798,-0.004739478230476379,0.07975852489471436,0.23888416588306427,"[true, true, true]",False,False,False,66015,0,e827f3a7c15be3cc0e8dad398a812438a042d5fbfc05ac4f148ca8e9393507fa,validation_006,1,5,1927371678,11,43.21006876052448
31,6.2,B,mainline,True,False,137.59999999999982,16.0,0,maintain,0.0,0.0,183.20000000000047,30.0,1,0,accelerate-maintain,0.061092086136341095,-0.12305648624897003,-0.15035447478294373,0,0.061092086136341095,-0.12305648624897003,0.18414857238531113,0.21144656091928482,"[true, true, true]",False,False,False,66015,0,e827f3a7c15be3cc0e8dad398a812438a042d5fbfc05ac4f148ca8e9393507fa,validation_006,1,5,1927371678,11,43.21006876052448
32,6.4,A,ramp,True,False,189.20000000000047,30.0,1,accelerate,2.0,0.0,140.79999999999987,16.0,1,0,accelerate-maintain,-0.002317804843187332,0.07340593636035919,-0.16578896343708038,1,0.07340593636035919,-0.002317804843187332,0.07572374120354652,0.23919489979743958,"[true, true, true]",False,False,False,66015,0,e827f3a7c15be3cc0e8dad398a812438a042d5fbfc05ac4f148ca8e9393507fa,validation_006,1,5,1927371678,11,46.01006876052443
32,6.4,B,mainline,True,False,140.79999999999987,16.0,0,maintain,0.0,0.0,189.20000000000047,30.0,1,0,accelerate-maintain,0.06069923937320709,-0.12309892475605011,-0.15150783956050873,0,0.06069923937320709,-0.12309892475605011,0.1837981641292572,0.21220707893371582,"[true, true, true]",False,False,False,66015,0,e827f3a7c15be3cc0e8dad398a812438a042d5fbfc05ac4f148ca8e9393507fa,validation_006,1,5,1927371678,11,46.01006876052443
33,6.6000000000000005,A,ramp,True,False,195.20000000000047,30.0,1,accelerate,2.0,0.0,143.99999999999991,16.0,1,0,accelerate-maintain,0.00010397285223007202,0.07179281860589981,-0.16771334409713745,1,0.07179281860589981,0.00010397285223007202,0.07168884575366974,0.23950616270303726,"[true, true, true]",False,False,False,66015,0,e827f3a7c15be3cc0e8dad398a812438a042d5fbfc05ac4f148ca8e9393507fa,validation_006,1,5,1927371678,11,48.81006876052439
33,6.6000000000000005,B,mainline,True,False,143.99999999999991,16.0,0,maintain,0.0,0.0,195.20000000000047,30.0,1,0,accelerate-maintain,0.060388460755348206,-0.12331783771514893,-0.15272432565689087,0,0.060388460755348206,-0.12331783771514893,0.18370629847049713,0.21311278641223907,"[true, true, true]",False,False,False,66015,0,e827f3a7c15be3cc0e8dad398a812438a042d5fbfc05ac4f148ca8e9393507fa,validation_006,1,5,1927371678,11,48.81006876052439
34,6.800000000000001,A,ramp,True,False,201.20000000000047,30.0,1,accelerate,2.0,0.0,147.19999999999996,16.0,1,0,accelerate-maintain,0.0025092139840126038,0.07030098140239716,-0.17003336548805237,1,0.07030098140239716,0.0025092139840126038,0.06779176741838455,0.24033434689044952,"[true, true, true]",False,False,False,66015,0,e827f3a7c15be3cc0e8dad398a812438a042d5fbfc05ac4f148ca8e9393507fa,validation_006,1,5,1927371678,11,51.61006876052434
34,6.800000000000001,B,mainline,True,False,147.19999999999996,16.0,0,maintain,0.0,0.0,201.20000000000047,30.0,1,0,accelerate-maintain,0.0600053071975708,-0.12346644699573517,-0.15411992371082306,0,0.0600053071975708,-0.12346644699573517,0.18347175419330597,0.21412523090839386,"[true, true, true]",False,False,False,66015,0,e827f3a7c15be3cc0e8dad398a812438a042d5fbfc05ac4f148ca8e9393507fa,validation_006,1,5,1927371678,11,51.61006876052434
35,7.0,A,ramp,True,False,207.20000000000047,30.0,1,accelerate,2.0,0.0,150.4,16.0,1,0,accelerate-maintain,0.004892162978649139,0.06897222995758057,-0.17288538813591003,1,0.06897222995758057,0.004892162978649139,0.06408006697893143,0.2418576180934906,"[true, true, true]",False,False,False,66015,0,e827f3a7c15be3cc0e8dad398a812438a042d5fbfc05ac4f148ca8e9393507fa,validation_006,1,5,1927371678,11,54.4100687605243
35,7.0,B,mainline,True,False,150.4,16.0,0,maintain,0.0,0.0,207.20000000000047,30.0,1,0,accelerate-maintain,0.05927262827754021,-0.12313826382160187,-0.15609243512153625,0,0.05927262827754021,-0.12313826382160187,0.18241089209914207,0.21536506339907646,"[true, true, true]",False,False,False,66015,0,e827f3a7c15be3cc0e8dad398a812438a042d5fbfc05ac4f148ca8e9393507fa,validation_006,1,5,1927371678,11,54.4100687605243
36,7.2,A,ramp,True,False,213.20000000000047,30.0,1,accelerate,2.0,0.0,153.60000000000005,16.0,1,0,accelerate-maintain,0.007327176630496979,0.06763901561498642,-0.17573246359825134,1,0.06763901561498642,0.007327176630496979,0.06031183898448944,0.24337147921323776,"[true, true, true]",False,False,False,66015,0,e827f3a7c15be3cc0e8dad398a812438a042d5fbfc05ac4f148ca8e9393507fa,validation_006,1,5,1927371678,11,57.21006876052425
36,7.2,B,mainline,True,False,153.60000000000005,16.0,0,maintain,0.0,0.0,213.20000000000047,30.0,1,0,accelerate-maintain,0.058219872415065765,-0.12297356873750687,-0.15829984843730927,0,0.058219872415065765,-0.12297356873750687,0.18119344115257263,0.21651972085237503,"[true, true, true]",False,False,False,66015,0,e827f3a7c15be3cc0e8dad398a812438a042d5fbfc05ac4f148ca8e9393507fa,validation_006,1,5,1927371678,11,57.21006876052425
37,7.4,A,ramp,True,False,219.20000000000047,30.0,1,accelerate,2.0,0.0,156.8000000000001,16.0,1,0,accelerate-maintain,0.010838456451892853,0.06623315811157227,-0.17815963923931122,1,0.06623315811157227,0.010838456451892853,0.05539470165967941,0.24439279735088348,"[true, true, true]",False,False,False,66015,0,e827f3a7c15be3cc0e8dad398a812438a042d5fbfc05ac4f148ca8e9393507fa,validation_006,1,5,1927371678,11,60.010068760524206
37,7.4,B,mainline,True,False,156.8000000000001,16.0,0,maintain,0.0,0.0,219.20000000000047,30.0,1,0,accelerate-maintain,0.05715861916542053,-0.12281329184770584,-0.16051159799098969,0,0.05715861916542053,-0.12281329184770584,0.17997191101312637,0.21767021715641022,"[true, true, true]",False,False,False,66015,0,e827f3a7c15be3cc0e8dad398a812438a042d5fbfc05ac4f148ca8e9393507fa,validation_006,1,5,1927371678,11,60.010068760524206
38,7.6000000000000005,A,ramp,True,False,225.20000000000047,30.0,1,accelerate,2.0,0.0,160.00000000000014,16.0,1,0,accelerate-maintain,0.015007898211479187,0.06472622603178024,-0.1803409308195114,1,0.06472622603178024,0.015007898211479187,0.049718327820301056,0.24506715685129166,"[true, true, true]",False,False,False,66015,0,e827f3a7c15be3cc0e8dad398a812438a042d5fbfc05ac4f148ca8e9393507fa,validation_006,1,5,1927371678,11,62.81006876052416
38,7.6000000000000005,B,mainline,True,False,160.00000000000014,16.0,0,maintain,0.0,0.0,225.20000000000047,30.0,1,0,accelerate-maintain,0.05625063180923462,-0.12268476188182831,-0.16264238953590393,0,0.05625063180923462,-0.12268476188182831,0.17893539369106293,0.21889302134513855,"[true, true, true]",False,False,False,66015,0,e827f3a7c15be3cc0e8dad398a812438a042d5fbfc05ac4f148ca8e9393507fa,validation_006,1,5,1927371678,11,62.81006876052416
39,7.800000000000001,A,ramp,True,False,231.20000000000047,30.0,1,accelerate,2.0,0.0,163.2000000000002,16.0,1,0,accelerate-maintain,0.019176919013261795,0.06321929395198822,-0.18252313137054443,1,0.06321929395198822,0.019176919013261795,0.044042374938726425,0.24574242532253265,"[true, true, true]",False,False,False,66015,0,e827f3a7c15be3cc0e8dad398a812438a042d5fbfc05ac4f148ca8e9393507fa,validation_006,1,5,1927371678,11,65.61006876052411
39,7.800000000000001,B,mainline,True,False,163.2000000000002,16.0,0,maintain,0.0,0.0,231.20000000000047,30.0,1,0,accelerate-maintain,0.05592149496078491,-0.12333527207374573,-0.16483072936534882,0,0.05592149496078491,-0.12333527207374573,0.17925676703453064,0.22075222432613373,"[true, true, true]",False,False,False,66015,0,e827f3a7c15be3cc0e8dad398a812438a042d5fbfc05ac4f148ca8e9393507fa,validation_006,1,5,1927371678,11,65.61006876052411
40,8.0,A,ramp,True,False,237.20000000000047,30.0,0,maintain,2.0,0.0,166.40000000000023,16.0,0,0,maintain-maintain,0.04909573495388031,0.024519480764865875,-0.1453109085559845,0,0.04909573495388031,0.024519480764865875,0.024576254189014435,0.1944066435098648,"[true, true, true]",False,False,False,66015,0,e827f3a7c15be3cc0e8dad398a812438a042d5fbfc05ac4f148ca8e9393507fa,validation_006,1,5,1927371678,11,68.41006876052407
40,8.0,B,mainline,True,False,166.40000000000023,16.0,0,maintain,0.0,0.0,237.20000000000047,30.0,0,0,maintain-maintain,0.05733324959874153,-0.1261088252067566,-0.1844659298658371,0,0.05733324959874153,-0.1261088252067566,0.18344207480549812,0.24179917946457863,"[true, true, true]",False,False,False,66015,0,e827f3a7c15be3cc0e8dad398a812438a042d5fbfc05ac4f148ca8e9393507fa,validation_006,1,5,1927371678,11,68.41006876052407
41,8.200000000000001,A,ramp,True,False,243.20000000000047,30.0,0,maintain,0.0,0.0,169.60000000000028,16.0,0,0,maintain-maintain,0.05231510102748871,0.023332607001066208,-0.14578282833099365,0,0.05231510102748871,0.023332607001066208,0.0289824940264225,0.19809792935848236,"[true, true, true]",False,False,False,66015,0,e827f3a7c15be3cc0e8dad398a812438a042d5fbfc05ac4f148ca8e9393507fa,validation_006,1,5,1927371678,11,71.21006876052402
41,8.200000000000001,B,mainline,True,False,169.60000000000028,16.0,0,maintain,0.0,0.0,243.20000000000047,30.0,0,0,maintain-maintain,0.055571287870407104,-0.1262459009885788,-0.18721695244312286,0,0.055571287870407104,-0.1262459009885788,0.1818171888589859,0.24278824031352997,"[true, true, true]",False,False,False,66015,0,e827f3a7c15be3cc0e8dad398a812438a042d5fbfc05ac4f148ca8e9393507fa,validation_006,1,5,1927371678,11,71.21006876052402
42,8.4,A,ramp,True,False,249.20000000000047,30.0,0,maintain,0.0,0.0,172.80000000000032,16.0,0,0,maintain-maintain,0.055152833461761475,0.022463437169790268,-0.1463121473789215,0,0.055152833461761475,0.022463437169790268,0.03268939629197121,0.20146498084068298,"[true, true, true]",False,False,False,66015,0,e827f3a7c15be3cc0e8dad398a812438a042d5fbfc05ac4f148ca8e9393507fa,validation_006,1,5,1927371678,11,74.01006876052398
42,8.4,B,mainline,True,False,172.80000000000032,16.0,0,maintain,0.0,0.0,249.20000000000047,30.0,0,0,maintain-maintain,0.05396375432610512,-0.12635435163974762,-0.18968473374843597,0,0.05396375432610512,-0.12635435163974762,0.18031810596585274,0.2436484880745411,"[true, true, true]",False,False,False,66015,0,e827f3a7c15be3cc0e8dad398a812438a042d5fbfc05ac4f148ca8e9393507fa,validation_006,1,5,1927371678,11,74.01006876052398
43,8.6,A,ramp,True,False,255.20000000000047,30.0,0,maintain,0.0,0.0,176.00000000000037,16.0,0,0,maintain-maintain,0.05798996984958649,0.02159416675567627,-0.14684197306632996,0,0.05798996984958649,0.02159416675567627,0.03639580309391022,0.20483194291591644,"[true, true, true]",False,False,False,66015,0,e827f3a7c15be3cc0e8dad398a812438a042d5fbfc05ac4f148ca8e9393507fa,validation_006,1,5,1927371678,11,
43,8.6,B,mainline,True,False,176.00000000000037,16.0,0,maintain,0.0,0.0,255.20000000000047,30.0,0,0,maintain-maintain,0.05251495540142059,-0.12627391517162323,-0.1917976438999176,0,0.05251495540142059,-0.12627391517162323,0.17878887057304382,0.2443125993013382,"[true, true, true]",False,False,False,66015,0,e827f3a7c15be3cc0e8dad398a812438a042d5fbfc05ac4f148ca8e9393507fa,validation_006,1,5,1927371678,11,
44,8.8,A,ramp,False,True,261.2000000000005,0.0,0,maintain,0.0,0.0,179.20000000000041,16.0,0,0,inactive-active,0.02319643646478653,0.0015838183462619781,-0.17743360996246338,0,0.02319643646478653,0.0015838183462619781,0.02161261811852455,0.2006300464272499,"[true, true, true]",False,False,False,66015,0,e827f3a7c15be3cc0e8dad398a812438a042d5fbfc05ac4f148ca8e9393507fa,validation_006,1,5,1927371678,11,
44,8.8,B,mainline,True,False,179.20000000000041,16.0,0,maintain,0.0,0.0,261.2000000000005,0.0,0,0,inactive-active,-0.02183336764574051,-0.10204844176769257,-0.11084383726119995,0,-0.02183336764574051,-0.10204844176769257,0.08021507412195206,0.08901046961545944,"[true, true, true]",False,False,False,66015,0,e827f3a7c15be3cc0e8dad398a812438a042d5fbfc05ac4f148ca8e9393507fa,validation_006,1,5,1927371678,11,
45,9.0,A,ramp,False,True,261.2000000000005,0.0,0,maintain,0.0,0.0,182.40000000000046,16.0,0,0,inactive-active,0.024025090038776398,0.0033096596598625183,-0.17572450637817383,0,0.024025090038776398,0.0033096596598625183,0.02071543037891388,0.19974959641695023,"[true, true, true]",False,False,False,66015,0,e827f3a7c15be3cc0e8dad398a812438a042d5fbfc05ac4f148ca8e9393507fa,validation_006,1,5,1927371678,11,
45,9.0,B,mainline,True,False,182.40000000000046,16.0,0,maintain,0.0,0.0,261.2000000000005,0.0,0,0,inactive-active,-0.021183982491493225,-0.10237105935811996,-0.10967718809843063,0,-0.021183982491493225,-0.10237105935811996,0.08118707686662674,0.08849320560693741,"[true, true, true]",False,False,False,66015,0,e827f3a7c15be3cc0e8dad398a812438a042d5fbfc05ac4f148ca8e9393507fa,validation_006,1,5,1927371678,11,
46,9.200000000000001,A,ramp,False,True,261.2000000000005,0.0,0,maintain,0.0,0.0,185.6000000000005,16.0,0,0,inactive-active,0.024861879646778107,0.004944324493408203,-0.17409652471542358,0,0.024861879646778107,0.004944324493408203,0.019917555153369904,0.1989584043622017,"[true, true, true]",False,False,False,66015,0,e827f3a7c15be3cc0e8dad398a812438a042d5fbfc05ac4f148ca8e9393507fa,validation_006,1,5,1927371678,11,
46,9.200000000000001,B,mainline,True,False,185.6000000000005,16.0,0,maintain,0.0,0.0,261.2000000000005,0.0,0,0,inactive-active,-0.020282462239265442,-0.10257090628147125,-0.10843118280172348,0,-0.020282462239265442,-0.10257090628147125,0.08228844404220581,0.08814872056245804,"[true, true, true]",False,False,False,66015,0,e827f3a7c15be3cc0e8dad398a812438a042d5fbfc05ac4f148ca8e9393507fa,validation_006,1,5,1927371678,11,
47,9.4,A,ramp,False,True,261.2000000000005,0.0,0,maintain,0.0,0.0,188.80000000000055,16.0,0,0,inactive-active,0.025721468031406403,0.0066409483551979065,-0.17242446541786194,0,0.025721468031406403,0.0066409483551979065,0.019080519676208496,0.19814593344926834,"[true, true, true]",False,False,False,66015,0,e827f3a7c15be3cc0e8dad398a812438a042d5fbfc05ac4f148ca8e9393507fa,validation_006,1,5,1927371678,11,
47,9.4,B,mainline,True,False,188.80000000000055,16.0,0,maintain,0.0,0.0,261.2000000000005,0.0,0,0,inactive-active,-0.019382327795028687,-0.10277114808559418,-0.10718315094709396,0,-0.019382327795028687,-0.10277114808559418,0.08338882029056549,0.08780082315206528,"[true, true, true]",False,False,False,66015,0,e827f3a7c15be3cc0e8dad398a812438a042d5fbfc05ac4f148ca8e9393507fa,validation_006,1,5,1927371678,11,
48,9.600000000000001,A,ramp,False,True,261.2000000000005,0.0,0,maintain,0.0,0.0,192.0000000000006,16.0,0,0,inactive-active,0.026493072509765625,0.00839368999004364,-0.17071421444416046,0,0.026493072509765625,0.00839368999004364,0.018099382519721985,0.1972072869539261,"[true, true, true]",False,False,False,66015,0,e827f3a7c15be3cc0e8dad398a812438a042d5fbfc05ac4f148ca8e9393507fa,validation_006,1,5,1927371678,11,
48,9.600000000000001,B,mainline,True,False,192.0000000000006,16.0,0,maintain,0.0,0.0,261.2000000000005,0.0,0,0,inactive-active,-0.01849009096622467,-0.10286560654640198,-0.1058315634727478,0,-0.01849009096622467,-0.10286560654640198,0.08437551558017731,0.08734147250652313,"[true, true, true]",False,False,False,66015,0,e827f3a7c15be3cc0e8dad398a812438a042d5fbfc05ac4f148ca8e9393507fa,validation_006,1,5,1927371678,11,
49,9.8,A,ramp,False,True,261.2000000000005,0.0,0,maintain,0.0,0.0,195.20000000000064,16.0,0,0,inactive-active,0.027181468904018402,0.01012776792049408,-0.1693946123123169,0,0.027181468904018402,0.01012776792049408,0.017053700983524323,0.1965760812163353,"[true, true, true]",False,False,False,66015,0,e827f3a7c15be3cc0e8dad398a812438a042d5fbfc05ac4f148ca8e9393507fa,validation_006,1,5,1927371678,11,
49,9.8,B,mainline,True,False,195.20000000000064,16.0,0,maintain,0.0,0.0,261.2000000000005,0.0,0,0,inactive-active,-0.01761096715927124,-0.1027691662311554,-0.10429508239030838,0,-0.01761096715927124,-0.1027691662311554,0.08515819907188416,0.08668411523103714,"[true, true, true]",False,False,False,66015,0,e827f3a7c15be3cc0e8dad398a812438a042d5fbfc05ac4f148ca8e9393507fa,validation_006,1,5,1927371678,11,
50,10.0,A,ramp,False,True,261.2000000000005,0.0,0,maintain,0.0,0.0,198.4000000000007,16.0,0,0,inactive-active,0.027810312807559967,0.011824287474155426,-0.1682458221912384,0,0.027810312807559967,0.011824287474155426,0.01598602533340454,0.19605613499879837,"[true, true, true]",False,False,False,66015,0,e827f3a7c15be3cc0e8dad398a812438a042d5fbfc05ac4f148ca8e9393507fa,validation_006,1,5,1927371678,11,
50,10.0,B,mainline,True,False,198.4000000000007,16.0,0,maintain,0.0,0.0,261.2000000000005,0.0,0,0,inactive-active,-0.01672886312007904,-0.10266900807619095,-0.10274789482355118,0,-0.01672886312007904,-0.10266900807619095,0.08594014495611191,0.08601903170347214,"[true, true, true]",False,False,False,66015,0,e827f3a7c15be3cc0e8dad398a812438a042d5fbfc05ac4f148ca8e9393507fa,validation_006,1,5,1927371678,11,
51,10.200000000000001,A,ramp,False,True,261.2000000000005,0.0,0,maintain,0.0,0.0,201.60000000000073,16.0,0,0,inactive-active,0.02843879908323288,0.013521425426006317,-0.16709744930267334,0,0.02843879908323288,0.013521425426006317,0.014917373657226562,0.19553624838590622,"[true, true, true]",False,False,False,66015,0,e827f3a7c15be3cc0e8dad398a812438a042d5fbfc05ac4f148ca8e9393507fa,validation_006,1,5,1927371678,11,
51,10.200000000000001,B,mainline,True,False,201.60000000000073,16.0,0,maintain,0.0,0.0,261.2000000000005,0.0,0,0,inactive-active,-0.015698805451393127,-0.10249525308609009,-0.1008937731385231,0,-0.015698805451393127,-0.1008937731385231,0.08519496768712997,0.08679644763469696,"[true, true, true]",False,False,False,66015,0,e827f3a7c15be3cc0e8dad398a812438a042d5fbfc05ac4f148ca8e9393507fa,validation_006,1,5,1927371678,11,
52,10.4,A,ramp,False,True,261.2000000000005,0.0,0,maintain,0.0,0.0,204.80000000000078,16.0,0,0,inactive-active,0.02906692400574684,0.015219181776046753,-0.1659494936466217,0,0.02906692400574684,0.015219181776046753,0.013847742229700089,0.19501641765236855,"[true, true, true]",False,False,False,66015,0,e827f3a7c15be3cc0e8dad398a812438a042d5fbfc05ac4f148ca8e9393507fa,validation_006,1,5,1927371678,11,
52,10.4,B,mainline,True,False,204.80000000000078,16.0,0,maintain,0.0,0.0,261.2000000000005,0.0,0,0,inactive-active,-0.014606490731239319,-0.10226654261350632,-0.09915577620267868,0,-0.014606490731239319,-0.09915577620267868,0.08454928547143936,0.087660051882267,"[true, true, true]",False,False,False,66015,0,e827f3a7c15be3cc0e8dad398a812438a042d5fbfc05ac4f148ca8e9393507fa,validation_006,1,5,1927371678,11,
53,10.600000000000001,A,ramp,False,True,261.2000000000005,0.0,0,maintain,0.0,0.0,208.00000000000082,16.0,0,0,inactive-active,0.029555700719356537,0.01683313027024269,-0.16523700952529907,0,0.029555700719356537,0.01683313027024269,0.012722570449113846,0.1947927102446556,"[true, true, true]",False,False,False,66015,0,e827f3a7c15be3cc0e8dad398a812438a042d5fbfc05ac4f148ca8e9393507fa,validation_006,1,5,1927371678,11,
53,10.600000000000001,B,mainline,True,False,208.00000000000082,16.0,0,maintain,0.0,0.0,261.2000000000005,0.0,0,0,inactive-active,-0.013306811451911926,-0.10200624167919159,-0.09745852649211884,0,-0.013306811451911926,-0.09745852649211884,0.08415171504020691,0.08869943022727966,"[true, true, true]",False,False,False,66015,0,e827f3a7c15be3cc0e8dad398a812438a042d5fbfc05ac4f148ca8e9393507fa,validation_006,1,5,1927371678,11,
54,10.8,A,ramp,False,True,261.2000000000005,0.0,0,maintain,0.0,0.0,211.20000000000087,16.0,0,0,inactive-active,0.030188605189323425,0.018695466220378876,-0.1646725833415985,0,0.030188605189323425,0.018695466220378876,0.01149313896894455,0.19486118853092194,"[true, true, true]",False,False,False,66015,0,e827f3a7c15be3cc0e8dad398a812438a042d5fbfc05ac4f148ca8e9393507fa,validation_006,1,5,1927371678,11,
54,10.8,B,mainline,True,False,211.20000000000087,16.0,0,maintain,0.0,0.0,261.2000000000005,0.0,0,0,inactive-active,-0.012008041143417358,-0.10174620896577835,-0.09575927257537842,0,-0.012008041143417358,-0.09575927257537842,0.08375123143196106,0.08973816782236099,"[true, true, true]",False,False,False,66015,0,e827f3a7c15be3cc0e8dad398a812438a042d5fbfc05ac4f148ca8e9393507fa,validation_006,1,5,1927371678,11,
55,11.0,A,ramp,False,True,261.2000000000005,0.0,0,maintain,0.0,0.0,214.40000000000092,16.0,0,0,inactive-active,0.030959226191043854,0.02075153961777687,-0.1643802523612976,0,0.030959226191043854,0.02075153961777687,0.010207686573266983,0.19533947855234146,"[true, true, true]",False,False,False,66015,0,e827f3a7c15be3cc0e8dad398a812438a042d5fbfc05ac4f148ca8e9393507fa,validation_006,1,5,1927371678,11,
55,11.0,B,mainline,True,False,214.40000000000092,16.0,0,maintain,0.0,0.0,261.2000000000005,0.0,0,0,inactive-active,-0.010772019624710083,-0.10155896097421646,-0.09411570429801941,0,-0.010772019624710083,-0.09411570429801941,0.08334368467330933,0.09078694134950638,"[true, true, true]",False,False,False,66015,0,e827f3a7c15be3cc0e8dad398a812438a042d5fbfc05ac4f148ca8e9393507fa,validation_006,1,5,1927371678,11,
56,11.200000000000001,A,ramp,False,True,261.2000000000005,0.0,0,maintain,0.0,0.0,217.60000000000096,16.0,0,0,inactive-active,0.031758863478899,0.02286536991596222,-0.16417592763900757,0,0.031758863478899,0.02286536991596222,0.008893493562936783,0.19593479111790657,"[true, true, true]",False,False,False,66015,0,e827f3a7c15be3cc0e8dad398a812438a042d5fbfc05ac4f148ca8e9393507fa,validation_006,1,5,1927371678,11,
56,11.200000000000001,B,mainline,True,False,217.60000000000096,16.0,0,maintain,0.0,0.0,261.2000000000005,0.0,0,0,inactive-active,-0.009607039391994476,-0.10145415365695953,-0.09253562986850739,0,-0.009607039391994476,-0.09253562986850739,0.08292859047651291,0.09184711426496506,"[true, true, true]",False,False,False,66015,0,e827f3a7c15be3cc0e8dad398a812438a042d5fbfc05ac4f148ca8e9393507fa,validation_006,1,5,1927371678,11,
57,11.4,A,ramp,False,True,261.2000000000005,0.0,0,maintain,0.0,0.0,220.800000000001,16.0,0,0,inactive-active,0.03253958746790886,0.02503132075071335,-0.16411322355270386,0,0.03253958746790886,0.02503132075071335,0.007508266717195511,0.19665281102061272,"[true, true, true]",False,False,False,66015,0,e827f3a7c15be3cc0e8dad398a812438a042d5fbfc05ac4f148ca8e9393507fa,validation_006,1,5,1927371678,11,
57,11.4,B,mainline,True,False,220.800000000001,16.0,0,maintain,0.0,0.0,261.2000000000005,0.0,0,0,inactive-active,-0.008443299680948257,-0.10135014355182648,-0.09095406532287598,0,-0.008443299680948257,-0.09095406532287598,0.08251076564192772,0.09290684387087822,"[true, true, true]",False,False,False,66015,0,e827f3a7c15be3cc0e8dad398a812438a042d5fbfc05ac4f148ca8e9393507fa,validation_006,1,5,1927371678,11,
58,11.600000000000001,A,ramp,False,True,261.2000000000005,0.0,0,maintain,0.0,0.0,224.00000000000105,16.0,0,0,inactive-active,0.03297721967101097,0.02681511826813221,-0.16451400518417358,0,0.03297721967101097,0.02681511826813221,0.006162101402878761,0.19749122485518456,"[true, true, true]",False,False,False,66015,0,e827f3a7c15be3cc0e8dad398a812438a042d5fbfc05ac4f148ca8e9393507fa,validation_006,1,5,1927371678,11,
58,11.600000000000001,B,mainline,True,False,224.00000000000105,16.0,0,maintain,0.0,0.0,261.2000000000005,0.0,0,0,inactive-active,-0.007280770689249039,-0.10124684870243073,-0.08937106281518936,0,-0.007280770689249039,-0.08937106281518936,0.08209029212594032,0.09396607801318169,"[true, true, true]",False,False,False,66015,0,e827f3a7c15be3cc0e8dad398a812438a042d5fbfc05ac4f148ca8e9393507fa,validation_006,1,5,1927371678,11,
59,11.8,A,ramp,False,True,261.2000000000005,0.0,0,maintain,0.0,0.0,227.2000000000011,16.0,0,0,inactive-active,0.033207181841135025,0.02836792916059494,-0.16519537568092346,0,0.033207181841135025,0.02836792916059494,0.004839252680540085,0.1984025575220585,"[true, true, true]",False,False,False,66015,0,e827f3a7c15be3cc0e8dad398a812438a042d5fbfc05ac4f148ca8e9393507fa,validation_006,1,5,1927371678,11,
59,11.8,B,mainline,True,False,227.2000000000011,16.0,0,maintain,0.0,0.0,261.2000000000005,0.0,0,0,inactive-active,-0.006119422614574432,-0.10114429891109467,-0.08778665959835052,0,-0.006119422614574432,-0.08778665959835052,0.08166723698377609,0.09502487629652023,"[true, true, true]",False,False,False,66015,0,e827f3a7c15be3cc0e8dad398a812438a042d5fbfc05ac4f148ca8e9393507fa,validation_006,1,5,1927371678,11,
60,12.0,A,ramp,False,True,261.2000000000005,0.0,0,maintain,0.0,0.0,230.40000000000114,16.0,0,0,inactive-active,0.033437032252550125,0.029921501874923706,-0.16587698459625244,0,0.033437032252550125,0.029921501874923706,0.003515530377626419,0.19931401684880257,"[true, true, true]",False,False,False,66015,0,e827f3a7c15be3cc0e8dad398a812438a042d5fbfc05ac4f148ca8e9393507fa,validation_006,1,5,1927371678,11,
60,12.0,B,mainline,True,False,230.40000000000114,16.0,0,maintain,0.0,0.0,261.2000000000005,0.0,0,0,inactive-active,-0.004946805536746979,-0.10121072083711624,-0.08632942289113998,0,-0.004946805536746979,-0.08632942289113998,0.081382617354393,0.09626391530036926,"[true, true, true]",False,False,False,66015,0,e827f3a7c15be3cc0e8dad398a812438a042d5fbfc05ac4f148ca8e9393507fa,validation_006,1,5,1927371678,11,
61,12.200000000000001,A,ramp,False,True,261.2000000000005,0.0,0,maintain,0.0,0.0,233.6000000000012,16.0,0,0,inactive-active,0.03366678208112717,0.031475815922021866,-0.16655880212783813,0,0.03366678208112717,0.031475815922021866,0.002190966159105301,0.2002255842089653,"[true, true, true]",False,False,False,66015,0,e827f3a7c15be3cc0e8dad398a812438a042d5fbfc05ac4f148ca8e9393507fa,validation_006,1,5,1927371678,11,
61,12.200000000000001,B,mainline,True,False,233.6000000000012,16.0,0,maintain,0.0,0.0,261.2000000000005,0.0,0,0,inactive-active,-0.0037680119276046753,-0.10137668251991272,-0.08494634926319122,0,-0.0037680119276046753,-0.08494634926319122,0.08117833733558655,0.09760867059230804,"[true, true, true]",False,False,False,66015,0,e827f3a7c15be3cc0e8dad398a812438a042d5fbfc05ac4f148ca8e9393507fa,validation_006,1,5,1927371678,11,
62,12.4,A,ramp,False,True,261.2000000000005,0.0,0,maintain,0.0,0.0,236.80000000000123,16.0,0,0,inactive-active,0.03385594114661217,0.032909609377384186,-0.1671352982521057,0,0.03385594114661217,0.032909609377384186,0.0009463317692279816,0.20099123939871788,"[true, true, true]",False,False,False,66015,0,e827f3a7c15be3cc0e8dad398a812438a042d5fbfc05ac4f148ca8e9393507fa,validation_006,1,5,1927371678,11,
62,12.4,B,mainline,True,False,236.80000000000123,16.0,0,maintain,0.0,0.0,261.2000000000005,0.0,0,0,inactive-active,-0.0025671757757663727,-0.10156115889549255,-0.08359496295452118,0,-0.0025671757757663727,-0.08359496295452118,0.0810277871787548,0.09899398311972618,"[true, true, true]",False,False,False,66015,0,e827f3a7c15be3cc0e8dad398a812438a042d5fbfc05ac4f148ca8e9393507fa,validation_006,1,5,1927371678,11,
63,12.600000000000001,A,ramp,False,True,261.2000000000005,0.0,0,maintain,0.0,0.0,240.00000000000128,16.0,0,0,inactive-active,0.03402905538678169,0.03429640457034111,-0.16767051815986633,1,0.03429640457034111,0.03402905538678169,0.0002673491835594177,0.20196692273020744,"[true, true, true]",False,False,False,66015,0,e827f3a7c15be3cc0e8dad398a812438a042d5fbfc05ac4f148ca8e9393507fa,validation_006,1,5,1927371678,11,
63,12.600000000000001,B,mainline,True,False,240.00000000000128,16.0,0,maintain,0.0,0.0,261.2000000000005,0.0,0,0,inactive-active,-0.0012958049774169922,-0.10180120170116425,-0.08234411478042603,0,-0.0012958049774169922,-0.08234411478042603,0.08104830980300903,0.10050539672374725,"[true, true, true]",False,False,False,66015,0,e827f3a7c15be3cc0e8dad398a812438a042d5fbfc05ac4f148ca8e9393507fa,validation_006,1,5,1927371678,11,
64,12.8,A,ramp,False,True,261.2000000000005,0.0,0,maintain,0.0,0.0,243.20000000000132,16.0,0,0,inactive-active,0.03420211374759674,0.035683948546648026,-0.16820597648620605,1,0.035683948546648026,0.03420211374759674,0.0014818347990512848,0.20388992503285408,"[true, true, true]",False,False,False,66015,0,e827f3a7c15be3cc0e8dad398a812438a042d5fbfc05ac4f148ca8e9393507fa,validation_006,1,5,1927371678,11,
64,12.8,B,mainline,True,False,243.20000000000132,16.0,0,maintain,0.0,0.0,261.2000000000005,0.0,0,0,inactive-active,-2.5227665901184082e-05,-0.10204217582941055,-0.081092469394207,0,-2.5227665901184082e-05,-0.081092469394207,0.08106724172830582,0.10201694816350937,"[true, true, true]",False,False,False,66015,0,e827f3a7c15be3cc0e8dad398a812438a042d5fbfc05ac4f148ca8e9393507fa,validation_006,1,5,1927371678,11,
65,13.0,A,ramp,False,True,261.2000000000005,0.0,0,maintain,0.0,0.0,246.40000000000137,16.0,0,0,inactive-active,0.03437509760260582,0.037072233855724335,-0.16874165832996368,1,0.037072233855724335,0.03437509760260582,0.002697136253118515,0.20581389218568802,"[true, true, true]",False,False,False,66015,0,e827f3a7c15be3cc0e8dad398a812438a042d5fbfc05ac4f148ca8e9393507fa,validation_006,1,5,1927371678,11,
65,13.0,B,mainline,True,False,246.40000000000137,16.0,0,maintain,0.0,0.0,261.2000000000005,0.0,0,0,inactive-active,0.0012445785105228424,-0.10228405147790909,-0.07984000444412231,0,0.0012445785105228424,-0.07984000444412231,0.08108458295464516,0.10352862998843193,"[true, true, true]",False,False,False,66015,0,e827f3a7c15be3cc0e8dad398a812438a042d5fbfc05ac4f148ca8e9393507fa,validation_006,1,5,1927371678,11,
66,13.200000000000001,A,ramp,False,True,261.2000000000005,0.0,0,maintain,0.0,0.0,249.60000000000142,16.0,0,0,inactive-active,0.03485656902194023,0.03819417208433151,-0.1701018512248993,1,0.03819417208433151,0.03485656902194023,0.003337603062391281,0.2082960233092308,"[true, true, true]",False,False,False,66015,0,e827f3a7c15be3cc0e8dad398a812438a042d5fbfc05ac4f148ca8e9393507fa,validation_006,1,5,1927371678,11,
66,13.200000000000001,B,mainline,True,False,249.60000000000142,16.0,0,maintain,0.0,0.0,261.2000000000005,0.0,0,0,inactive-active,0.002302166074514389,-0.10289832949638367,-0.07879522442817688,0,0.002302166074514389,-0.07879522442817688,0.08109739050269127,0.10520049557089806,"[true, true, true]",False,False,False,66015,0,e827f3a7c15be3cc0e8dad398a812438a042d5fbfc05ac4f148ca8e9393507fa,validation_006,1,5,1927371678,11,
67,13.4,A,ramp,False,True,261.2000000000005,0.0,0,maintain,0.0,0.0,252.80000000000146,16.0,0,0,inactive-active,0.03535568714141846,0.03930147737264633,-0.17150962352752686,1,0.03930147737264633,0.03535568714141846,0.003945790231227875,0.2108111009001732,"[true, true, true]",False,False,False,66015,0,e827f3a7c15be3cc0e8dad398a812438a042d5fbfc05ac4f148ca8e9393507fa,validation_006,1,5,1927371678,11,
67,13.4,B,mainline,True,False,252.80000000000146,16.0,0,maintain,0.0,0.0,261.2000000000005,0.0,0,0,inactive-active,0.0032334625720977783,-0.10387633740901947,-0.07789409160614014,0,0.0032334625720977783,-0.07789409160614014,0.08112755417823792,0.10710979998111725,"[true, true, true]",False,False,False,66015,0,e827f3a7c15be3cc0e8dad398a812438a042d5fbfc05ac4f148ca8e9393507fa,validation_006,1,5,1927371678,11,
68,13.600000000000001,A,ramp,False,True,261.2000000000005,0.0,0,maintain,0.0,0.0,256.0000000000015,16.0,0,0,inactive-active,0.03585479408502579,0.04040942341089249,-0.17291772365570068,1,0.04040942341089249,0.03585479408502579,0.004554629325866699,0.21332714706659317,"[true, true, true]",False,False,False,66015,0,e827f3a7c15be3cc0e8dad398a812438a042d5fbfc05ac4f148ca8e9393507fa,validation_006,1,5,1927371678,11,
68,13.600000000000001,B,mainline,True,False,256.0000000000015,16.0,0,maintain,0.0,0.0,261.2000000000005,0.0,0,0,inactive-active,0.004337877035140991,-0.10473707318305969,-0.07690101861953735,0,0.004337877035140991,-0.07690101861953735,0.08123889565467834,0.10907495021820068,"[true, true, true]",False,False,False,66015,0,e827f3a7c15be3cc0e8dad398a812438a042d5fbfc05ac4f148ca8e9393507fa,validation_006,1,5,1927371678,11,
69,13.8,A,ramp,False,True,261.2000000000005,0.0,0,maintain,0.0,0.0,259.2000000000015,16.0,0,0,inactive-active,0.03635387495160103,0.041517991572618484,-0.17432613670825958,1,0.041517991572618484,0.03635387495160103,0.005164116621017456,0.21584412828087807,"[true, true, true]",False,True,False,66015,0,e827f3a7c15be3cc0e8dad398a812438a042d5fbfc05ac4f148ca8e9393507fa,validation_006,1,5,1927371678,11,
69,13.8,B,mainline,True,False,259.2000000000015,16.0,0,maintain,0.0,0.0,261.2000000000005,0.0,0,0,inactive-active,0.005441837012767792,-0.10559824854135513,-0.07590711861848831,0,0.005441837012767792,-0.07590711861848831,0.0813489556312561,0.11104008555412292,"[true, true, true]",False,True,False,66015,0,e827f3a7c15be3cc0e8dad398a812438a042d5fbfc05ac4f148ca8e9393507fa,validation_006,1,5,1927371678,11,
0,0.0,A,mainline,True,False,28.0,20.0,1,accelerate,0.0,2.0000000000000284,40.4,18.0,1,0,accelerate-maintain,-0.06727833300828934,0.03396094590425491,-0.16435286402702332,1,0.03396094590425491,-0.06727833300828934,0.10123927891254425,0.19831380993127823,"[true, true, true]",False,False,False,66015,0,e827f3a7c15be3cc0e8dad398a812438a042d5fbfc05ac4f148ca8e9393507fa,validation_007,0,6,661283186,12,
0,0.0,B,ramp,True,False,40.4,18.0,0,maintain,0.0,0.0,28.0,20.0,1,0,accelerate-maintain,0.06468126177787781,-0.12336576730012894,-0.1512065976858139,0,0.06468126177787781,-0.12336576730012894,0.18804702907800674,0.2158878594636917,"[true, true, true]",False,False,False,66015,0,e827f3a7c15be3cc0e8dad398a812438a042d5fbfc05ac4f148ca8e9393507fa,validation_007,0,6,661283186,12,
1,0.2,A,mainline,True,False,32.04,20.400000000000006,1,accelerate,2.0,2.0000000000000284,43.99999999999999,18.0,1,0,accelerate-maintain,-0.06854338943958282,0.03185958415269852,-0.16473188996315002,1,0.03185958415269852,-0.06854338943958282,0.10040297359228134,0.19659147411584854,"[true, true, true]",False,False,False,66015,0,e827f3a7c15be3cc0e8dad398a812438a042d5fbfc05ac4f148ca8e9393507fa,validation_007,0,6,661283186,12,
1,0.2,B,ramp,True,False,43.99999999999999,18.0,0,maintain,0.0,0.0,32.04,20.400000000000006,1,0,accelerate-maintain,0.06329403817653656,-0.12465598434209824,-0.14959384500980377,0,0.06329403817653656,-0.12465598434209824,0.1879500225186348,0.21288788318634033,"[true, true, true]",False,False,False,66015,0,e827f3a7c15be3cc0e8dad398a812438a042d5fbfc05ac4f148ca8e9393507fa,validation_007,0,6,661283186,12,
2,0.4,A,mainline,True,False,36.160000000000004,20.80000000000001,1,accelerate,2.0,2.0000000000000284,47.59999999999999,18.0,1,0,accelerate-maintain,-0.06952539086341858,0.029755160212516785,-0.165036141872406,1,0.029755160212516785,-0.06952539086341858,0.09928055107593536,0.1947913020849228,"[true, true, true]",False,False,False,66015,0,e827f3a7c15be3cc0e8dad398a812438a042d5fbfc05ac4f148ca8e9393507fa,validation_007,0,6,661283186,12,
2,0.4,B,ramp,True,False,47.59999999999999,18.0,0,maintain,0.0,0.0,36.160000000000004,20.80000000000001,1,0,accelerate-maintain,0.06196870654821396,-0.1259007453918457,-0.14802883565425873,0,0.06196870654821396,-0.1259007453918457,0.18786945194005966,0.2099975422024727,"[true, true, true]",False,False,False,66015,0,e827f3a7c15be3cc0e8dad398a812438a042d5fbfc05ac4f148ca8e9393507fa,validation_007,0,6,661283186,12,
3,0.6000000000000001,A,mainline,True,False,40.36000000000001,21.200000000000017,1,accelerate,2.0,2.0000000000000284,51.19999999999998,18.0,1,0,accelerate-maintain,-0.07047706097364426,0.027552764862775803,-0.16532662510871887,1,0.027552764862775803,-0.07047706097364426,0.09802982583642006,0.19287938997149467,"[true, true, true]",False,False,False,66015,0,e827f3a7c15be3cc0e8dad398a812438a042d5fbfc05ac4f148ca8e9393507fa,validation_007,0,6,661283186,12,
3,0.6000000000000001,B,ramp,True,False,51.19999999999998,18.0,0,maintain,0.0,0.0,40.36000000000001,21.200000000000017,1,0,accelerate-maintain,0.06067027896642685,-0.1271098256111145,-0.1464933305978775,0,0.06067027896642685,-0.1271098256111145,0.18778010457754135,0.20716360956430435,"[true, true, true]",False,False,False,66015,0,e827f3a7c15be3cc0e8dad398a812438a042d5fbfc05ac4f148ca8e9393507fa,validation_007,0,6,661283186,12,
4,0.8,A,mainline,True,False,44.64000000000001,21.600000000000023,1,accelerate,2.0,2.0000000000000284,54.799999999999976,18.0,1,0,accelerate-maintain,-0.07104237377643585,0.025881273671984673,-0.16561703383922577,1,0.025881273671984673,-0.07104237377643585,0.09692364744842052,0.19149830751121044,"[true, true, true]",False,False,False,66015,0,e827f3a7c15be3cc0e8dad398a812438a042d5fbfc05ac4f148ca8e9393507fa,validation_007,0,6,661283186,12,
4,0.8,B,ramp,True,False,54.799999999999976,18.0,0,maintain,0.0,0.0,44.64000000000001,21.600000000000023,1,0,accelerate-maintain,0.05957653373479843,-0.12776857614517212,-0.14448651671409607,0,0.05957653373479843,-0.12776857614517212,0.18734510987997055,0.2040630504488945,"[true, true, true]",False,False,False,66015,0,e827f3a7c15be3cc0e8dad398a812438a042d5fbfc05ac4f148ca8e9393507fa,validation_007,0,6,661283186,12,
5,1.0,A,mainline,True,False,49.000000000000014,22.00000000000003,1,accelerate,2.0,2.0000000000000284,58.39999999999997,18.0,1,0,accelerate-maintain,-0.07146759331226349,0.024632498621940613,-0.16545090079307556,1,0.024632498621940613,-0.07146759331226349,0.0961000919342041,0.19008339941501617,"[true, true, true]",False,False,False,66015,0,e827f3a7c15be3cc0e8dad398a812438a042d5fbfc05ac4f148ca8e9393507fa,validation_007,0,6,661283186,12,
5,1.0,B,ramp,True,False,58.39999999999997,18.0,0,maintain,0.0,0.0,49.000000000000014,22.00000000000003,1,0,accelerate-maintain,0.058684222400188446,-0.1279422789812088,-0.14209268987178802,0,0.058684222400188446,-0.1279422789812088,0.18662650138139725,0.20077691227197647,"[true, true, true]",False,False,False,66015,0,e827f3a7c15be3cc0e8dad398a812438a042d5fbfc05ac4f148ca8e9393507fa,validation_007,0,6,661283186,12,
6,1.2000000000000002,A,mainline,True,False,53.44000000000002,22.400000000000034,1,accelerate,2.0,2.0000000000000284,61.999999999999964,18.0,1,0,accelerate-maintain,-0.07190238684415817,0.023046664893627167,-0.1645512878894806,1,0.023046664893627167,-0.07190238684415817,0.09494905173778534,0.18759795278310776,"[true, true, true]",False,False,False,66015,0,e827f3a7c15be3cc0e8dad398a812438a042d5fbfc05ac4f148ca8e9393507fa,validation_007,0,6,661283186,12,
6,1.2000000000000002,B,ramp,True,False,61.999999999999964,18.0,0,maintain,0.0,0.0,53.44000000000002,22.400000000000034,1,0,accelerate-maintain,0.058820027858018875,-0.1271580457687378,-0.1398003250360489,0,0.058820027858018875,-0.1271580457687378,0.18597807362675667,0.19862035289406776,"[true, true, true]",False,False,False,66015,0,e827f3a7c15be3cc0e8dad398a812438a042d5fbfc05ac4f148ca8e9393507fa,validation_007,0,6,661283186,12,
7,1.4000000000000001,A,mainline,True,False,57.96000000000003,22.80000000000004,1,accelerate,2.0,2.0000000000000284,65.59999999999997,18.0,1,0,accelerate-maintain,-0.07205956429243088,0.021291300654411316,-0.1630597859621048,1,0.021291300654411316,-0.07205956429243088,0.0933508649468422,0.1843510866165161,"[true, true, true]",False,False,False,66015,0,e827f3a7c15be3cc0e8dad398a812438a042d5fbfc05ac4f148ca8e9393507fa,validation_007,0,6,661283186,12,
7,1.4000000000000001,B,ramp,True,False,65.59999999999997,18.0,0,maintain,0.0,0.0,57.96000000000003,22.80000000000004,1,0,accelerate-maintain,0.05926220491528511,-0.126231849193573,-0.13718901574611664,0,0.05926220491528511,-0.126231849193573,0.1854940541088581,0.19645122066140175,"[true, true, true]",False,False,False,66015,0,e827f3a7c15be3cc0e8dad398a812438a042d5fbfc05ac4f148ca8e9393507fa,validation_007,0,6,661283186,12,
8,1.6,A,mainline,True,False,62.56000000000004,23.200000000000045,1,accelerate,2.0,2.0000000000000284,69.19999999999999,18.0,1,0,accelerate-maintain,-0.07166978716850281,0.019628353416919708,-0.16225458681583405,1,0.019628353416919708,-0.07166978716850281,0.09129814058542252,0.18188294023275375,"[true, true, true]",False,False,False,66015,0,e827f3a7c15be3cc0e8dad398a812438a042d5fbfc05ac4f148ca8e9393507fa,validation_007,0,6,661283186,12,
8,1.6,B,ramp,True,False,69.19999999999999,18.0,0,maintain,0.0,0.0,62.56000000000004,23.200000000000045,1,0,accelerate-maintain,0.059411853551864624,-0.12461421638727188,-0.13420099020004272,0,0.059411853551864624,-0.12461421638727188,0.1840260699391365,0.19361284375190735,"[true, true, true]",False,False,False,66015,0,e827f3a7c15be3cc0e8dad398a812438a042d5fbfc05ac4f148ca8e9393507fa,validation_007,0,6,661283186,12,
9,1.8,A,mainline,True,False,67.24000000000005,23.60000000000005,1,accelerate,2.0,2.0000000000000284,72.80000000000001,18.0,1,0,accelerate-maintain,-0.07083438336849213,0.018040060997009277,-0.16202032566070557,1,0.018040060997009277,-0.07083438336849213,0.0888744443655014,0.18006038665771484,"[true, true, true]",False,False,False,66015,0,e827f3a7c15be3cc0e8dad398a812438a042d5fbfc05ac4f148ca8e9393507fa,validation_007,0,6,661283186,12,
9,1.8,B,ramp,True,False,72.80000000000001,18.0,0,maintain,0.0,0.0,67.24000000000005,23.60000000000005,1,0,accelerate-maintain,0.05932687968015671,-0.12236256897449493,-0.13096824288368225,0,0.05932687968015671,-0.12236256897449493,0.18168944865465164,0.19029512256383896,"[true, true, true]",False,False,False,66015,0,e827f3a7c15be3cc0e8dad398a812438a042d5fbfc05ac4f148ca8e9393507fa,validation_007,0,6,661283186,12,
10,2.0,A,mainline,True,False,72.00000000000007,24.000000000000057,1,accelerate,2.0,2.0000000000000284,76.40000000000003,18.0,1,0,accelerate-maintain,-0.07039400935173035,0.01682652160525322,-0.16120240092277527,1,0.01682652160525322,-0.07039400935173035,0.08722053095698357,0.1780289225280285,"[true, true, true]",False,False,False,66015,0,e827f3a7c15be3cc0e8dad398a812438a042d5fbfc05ac4f148ca8e9393507fa,validation_007,0,6,661283186,12,
10,2.0,B,ramp,True,False,76.40000000000003,18.0,0,maintain,0.0,0.0,72.00000000000007,24.000000000000057,1,0,accelerate-maintain,0.059121064841747284,-0.12020179629325867,-0.12808850407600403,0,0.059121064841747284,-0.12020179629325867,0.17932286113500595,0.1872095689177513,"[true, true, true]",False,False,False,66015,0,e827f3a7c15be3cc0e8dad398a812438a042d5fbfc05ac4f148ca8e9393507fa,validation_007,0,6,661283186,12,
11,2.2,A,mainline,True,False,76.84000000000009,24.400000000000063,1,accelerate,2.0,2.0000000000000284,80.00000000000006,18.0,1,0,accelerate-maintain,-0.07004745304584503,0.01567913591861725,-0.16027848422527313,1,0.01567913591861725,-0.07004745304584503,0.08572658896446228,0.17595762014389038,"[true, true, true]",False,False,False,66015,0,e827f3a7c15be3cc0e8dad398a812438a042d5fbfc05ac4f148ca8e9393507fa,validation_007,0,6,661283186,12,
11,2.2,B,ramp,True,False,80.00000000000006,18.0,0,maintain,0.0,0.0,76.84000000000009,24.400000000000063,1,0,accelerate-maintain,0.05909692123532295,-0.11908073723316193,-0.12599942088127136,0,0.05909692123532295,-0.11908073723316193,0.17817765846848488,0.18509634211659431,"[true, true, true]",False,False,False,66015,0,e827f3a7c15be3cc0e8dad398a812438a042d5fbfc05ac4f148ca8e9393507fa,validation_007,0,6,661283186,12,
12,2.4000000000000004,A,mainline,True,False,81.76000000000009,24.800000000000068,1,accelerate,2.0,2.0000000000000284,83.60000000000008,18.0,1,0,accelerate-maintain,-0.0699615329504013,0.015392277389764786,-0.15931642055511475,1,0.015392277389764786,-0.0699615329504013,0.08535381034016609,0.17470869794487953,"[true, true, true]",False,False,False,66015,0,e827f3a7c15be3cc0e8dad398a812438a042d5fbfc05ac4f148ca8e9393507fa,validation_007,0,6,661283186,12,
12,2.4000000000000004,B,ramp,True,False,83.60000000000008,18.0,0,maintain,0.0,0.0,81.76000000000009,24.800000000000068,1,0,accelerate-maintain,0.05915624648332596,-0.11825433373451233,-0.12403479963541031,0,0.05915624648332596,-0.11825433373451233,0.1774105802178383,0.18319104611873627,"[true, true, true]",False,False,False,66015,0,e827f3a7c15be3cc0e8dad398a812438a042d5fbfc05ac4f148ca8e9393507fa,validation_007,0,6,661283186,12,
13,2.6,A,mainline,True,False,86.7600000000001,25.200000000000074,1,accelerate,2.0,2.0000000000000284,87.2000000000001,18.0,1,0,accelerate-maintain,-0.07002587616443634,0.015322558581829071,-0.15836554765701294,1,0.015322558581829071,-0.07002587616443634,0.08534843474626541,0.173688106238842,"[true, true, true]",False,False,False,66015,0,e827f3a7c15be3cc0e8dad398a812438a042d5fbfc05ac4f148ca8e9393507fa,validation_007,0,6,661283186,12,
13,2.6,B,ramp,True,False,87.2000000000001,18.0,0,maintain,0.0,0.0,86.7600000000001,25.200000000000074,1,0,accelerate-maintain,0.05882277712225914,-0.11795008927583694,-0.12235412001609802,0,0.05882277712225914,-0.11795008927583694,0.17677286639809608,0.18117689713835716,"[true, true, true]",False,False,False,66015,0,e827f3a7c15be3cc0e8dad398a812438a042d5fbfc05ac4f148ca8e9393507fa,validation_007,0,6,661283186,12,
14,2.8000000000000003,A,mainline,True,False,91.84000000000012,25.60000000000008,1,accelerate,2.0,2.0000000000000284,90.80000000000013,18.0,1,0,accelerate-maintain,-0.07006914913654327,0.015716686844825745,-0.1571800857782364,1,0.015716686844825745,-0.07006914913654327,0.08578583598136902,0.17289677262306213,"[true, true, true]",False,False,False,66015,0,e827f3a7c15be3cc0e8dad398a812438a042d5fbfc05ac4f148ca8e9393507fa,validation_007,0,6,661283186,12,
14,2.8000000000000003,B,ramp,True,False,90.80000000000013,18.0,0,maintain,0.0,0.0,91.84000000000012,25.60000000000008,1,0,accelerate-maintain,0.058293238282203674,-0.11770178377628326,-0.12074180692434311,0,0.058293238282203674,-0.11770178377628326,0.17599502205848694,0.17903504520654678,"[true, true, true]",False,False,False,66015,0,e827f3a7c15be3cc0e8dad398a812438a042d5fbfc05ac4f148ca8e9393507fa,validation_007,0,6,661283186,12,
15,3.0,A,mainline,True,False,97.00000000000013,26.000000000000085,1,accelerate,2.0,2.0000000000000284,94.40000000000015,18.0,1,0,accelerate-maintain,-0.07187055051326752,0.015856657177209854,-0.15731921792030334,1,0.015856657177209854,-0.07187055051326752,0.08772720769047737,0.1731758750975132,"[true, true, true]",False,False,False,66015,0,e827f3a7c15be3cc0e8dad398a812438a042d5fbfc05ac4f148ca8e9393507fa,validation_007,0,6,661283186,12,
15,3.0,B,ramp,True,False,94.40000000000015,18.0,0,maintain,0.0,0.0,97.00000000000013,26.000000000000085,1,0,accelerate-maintain,0.057298801839351654,-0.11662006378173828,-0.11955737322568893,0,0.057298801839351654,-0.11662006378173828,0.17391886562108994,0.1768561750650406,"[true, true, true]",False,False,False,66015,0,e827f3a7c15be3cc0e8dad398a812438a042d5fbfc05ac4f148ca8e9393507fa,validation_007,0,6,661283186,12,
16,3.2,A,mainline,True,False,102.24000000000015,26.40000000000009,1,accelerate,2.0,2.0000000000000284,98.00000000000017,18.0,1,0,accelerate-maintain,-0.07427489012479782,0.01591668277978897,-0.15785126388072968,1,0.01591668277978897,-0.07427489012479782,0.09019157290458679,0.17376794666051865,"[true, true, true]",False,False,False,66015,0,e827f3a7c15be3cc0e8dad398a812438a042d5fbfc05ac4f148ca8e9393507fa,validation_007,0,6,661283186,12,
16,3.2,B,ramp,True,False,98.00000000000017,18.0,0,maintain,0.0,0.0,102.24000000000015,26.40000000000009,1,0,accelerate-maintain,0.055656008422374725,-0.11462800204753876,-0.11896593123674393,0,0.055656008422374725,-0.11462800204753876,0.17028401046991348,0.17462193965911865,"[true, true, true]",False,False,False,66015,0,e827f3a7c15be3cc0e8dad398a812438a042d5fbfc05ac4f148ca8e9393507fa,validation_007,0,6,661283186,12,
17,3.4000000000000004,A,mainline,True,False,107.56000000000017,26.800000000000097,1,accelerate,2.0,2.0000000000000284,101.6000000000002,18.0,1,0,accelerate-maintain,-0.07720951735973358,0.015875298529863358,-0.15909945964813232,1,0.015875298529863358,-0.07720951735973358,0.09308481588959694,0.17497475817799568,"[true, true, true]",False,False,False,66015,0,e827f3a7c15be3cc0e8dad398a812438a042d5fbfc05ac4f148ca8e9393507fa,validation_007,0,6,661283186,12,
17,3.4000000000000004,B,ramp,True,False,101.6000000000002,18.0,0,maintain,0.0,0.0,107.56000000000017,26.800000000000097,1,0,accelerate-maintain,0.05404282361268997,-0.11249162256717682,-0.11848656833171844,0,0.05404282361268997,-0.11249162256717682,0.1665344461798668,0.17252939194440842,"[true, true, true]",False,False,False,66015,0,e827f3a7c15be3cc0e8dad398a812438a042d5fbfc05ac4f148ca8e9393507fa,validation_007,0,6,661283186,12,
18,3.6,A,mainline,True,False,112.96000000000019,27.200000000000102,1,accelerate,2.0,2.0000000000000284,105.20000000000022,18.0,1,0,accelerate-maintain,-0.08038094639778137,0.015982717275619507,-0.16076251864433289,1,0.015982717275619507,-0.08038094639778137,0.09636366367340088,0.1767452359199524,"[true, true, true]",False,False,False,66015,0,e827f3a7c15be3cc0e8dad398a812438a042d5fbfc05ac4f148ca8e9393507fa,validation_007,0,6,661283186,12,4.724989876817787
18,3.6,B,ramp,True,False,105.20000000000022,18.0,0,maintain,0.0,0.0,112.96000000000019,27.200000000000102,1,0,accelerate-maintain,0.05397474020719528,-0.11211593449115753,-0.11744633316993713,0,0.05397474020719528,-0.11211593449115753,0.1660906746983528,0.17142107337713242,"[true, true, true]",False,False,False,66015,0,e827f3a7c15be3cc0e8dad398a812438a042d5fbfc05ac4f148ca8e9393507fa,validation_007,0,6,661283186,12,4.724989876817787
19,3.8000000000000003,A,mainline,True,False,118.44000000000023,27.600000000000108,1,accelerate,2.0,2.0000000000000284,108.80000000000024,18.0,1,0,accelerate-maintain,-0.0824592337012291,0.017568599432706833,-0.15791809558868408,1,0.017568599432706833,-0.0824592337012291,0.10002783313393593,0.17548669502139091,"[true, true, true]",False,False,False,66015,0,e827f3a7c15be3cc0e8dad398a812438a042d5fbfc05ac4f148ca8e9393507fa,validation_007,0,6,661283186,12,6.712629698560306
19,3.8000000000000003,B,ramp,True,False,108.80000000000024,18.0,0,maintain,0.0,0.0,118.44000000000023,27.600000000000108,1,0,accelerate-maintain,0.10360044240951538,-0.1369692087173462,-0.1772853434085846,0,0.10360044240951538,-0.1369692087173462,0.24056965112686157,0.2808857858181,"[true, true, true]",False,False,False,66015,0,e827f3a7c15be3cc0e8dad398a812438a042d5fbfc05ac4f148ca8e9393507fa,validation_007,0,6,661283186,12,6.712629698560306
20,4.0,A,mainline,True,False,124.00000000000026,28.000000000000114,1,accelerate,2.0,2.0000000000000284,112.40000000000026,18.0,1,0,accelerate-maintain,-0.08579248934984207,0.01580817997455597,-0.16167911887168884,1,0.01580817997455597,-0.08579248934984207,0.10160066932439804,0.1774872988462448,"[true, true, true]",False,False,False,66015,0,e827f3a7c15be3cc0e8dad398a812438a042d5fbfc05ac4f148ca8e9393507fa,validation_007,0,6,661283186,12,8.77834654835874
20,4.0,B,ramp,True,False,112.40000000000026,18.0,0,maintain,0.0,0.0,124.00000000000026,28.000000000000114,1,0,accelerate-maintain,0.10266759991645813,-0.13766822218894958,-0.17479243874549866,0,0.10266759991645813,-0.13766822218894958,0.24033582210540771,0.2774600386619568,"[true, true, true]",False,False,False,66015,0,e827f3a7c15be3cc0e8dad398a812438a042d5fbfc05ac4f148ca8e9393507fa,validation_007,0,6,661283186,12,8.77834654835874
21,4.2,A,mainline,True,False,129.64000000000027,28.40000000000012,1,accelerate,2.0,2.0000000000000284,116.00000000000028,18.0,1,0,accelerate-maintain,-0.08901408314704895,0.014056902378797531,-0.16533517837524414,1,0.014056902378797531,-0.08901408314704895,0.10307098552584648,0.17939208075404167,"[true, true, true]",False,False,False,66015,0,e827f3a7c15be3cc0e8dad398a812438a042d5fbfc05ac4f148ca8e9393507fa,validation_007,0,6,661283186,12,10.919584572473553
21,4.2,B,ramp,True,False,116.00000000000028,18.0,0,maintain,0.0,0.0,129.64000000000027,28.40000000000012,1,0,accelerate-maintain,0.10157962143421173,-0.13822545111179352,-0.17260228097438812,0,0.10157962143421173,-0.13822545111179352,0.23980507254600525,0.27418190240859985,"[true, true, true]",False,False,False,66015,0,e827f3a7c15be3cc0e8dad398a812438a042d5fbfc05ac4f148ca8e9393507fa,validation_007,0,6,661283186,12,10.919584572473553
22,4.4,A,mainline,True,False,135.3600000000003,28.800000000000125,1,accelerate,2.0,2.0000000000000284,119.6000000000003,18.0,1,0,accelerate-maintain,-0.09231749922037125,0.013596698641777039,-0.16959181427955627,1,0.013596698641777039,-0.09231749922037125,0.10591419786214828,0.1831885129213333,"[true, true, true]",False,False,False,66015,0,e827f3a7c15be3cc0e8dad398a812438a042d5fbfc05ac4f148ca8e9393507fa,validation_007,0,6,661283186,12,13.134855140092924
22,4.4,B,ramp,True,False,119.6000000000003,18.0,0,maintain,0.0,0.0,135.3600000000003,28.800000000000125,1,0,accelerate-maintain,0.09982410073280334,-0.13842567801475525,-0.17117206752300262,0,0.09982410073280334,-0.13842567801475525,0.2382497787475586,0.27099616825580597,"[true, true, true]",False,False,False,66015,0,e827f3a7c15be3cc0e8dad398a812438a042d5fbfc05ac4f148ca8e9393507fa,validation_007,0,6,661283186,12,13.134855140092924
23,4.6000000000000005,A,mainline,True,False,141.16000000000034,29.20000000000013,1,accelerate,2.0,2.0000000000000284,123.20000000000033,18.0,1,0,accelerate-maintain,-0.09514735639095306,0.013317480683326721,-0.17402364313602448,1,0.013317480683326721,-0.09514735639095306,0.10846483707427979,0.1873411238193512,"[true, true, true]",False,False,False,66015,0,e827f3a7c15be3cc0e8dad398a812438a042d5fbfc05ac4f148ca8e9393507fa,validation_007,0,6,661283186,12,15.424057910118279
23,4.6000000000000005,B,ramp,True,False,123.20000000000033,18.0,0,maintain,0.0,0.0,141.16000000000034,29.20000000000013,1,0,accelerate-maintain,0.09891724586486816,-0.13917051255702972,-0.16983504593372345,0,0.09891724586486816,-0.13917051255702972,0.2380877584218979,0.2687522917985916,"[true, true, true]",False,False,False,66015,0,e827f3a7c15be3cc0e8dad398a812438a042d5fbfc05ac4f148ca8e9393507fa,validation_007,0,6,661283186,12,15.424057910118279
24,4.800000000000001,A,mainline,True,False,147.04000000000036,29.600000000000136,1,accelerate,2.0,1.9999999999971863,126.80000000000035,18.0,1,0,accelerate-maintain,-0.09744448214769363,0.012756850570440292,-0.17929427325725555,1,0.012756850570440292,-0.09744448214769363,0.11020133271813393,0.19205112382769585,"[true, true, true]",False,False,False,66015,0,e827f3a7c15be3cc0e8dad398a812438a042d5fbfc05ac4f148ca8e9393507fa,validation_007,0,6,661283186,12,17.788379003188965
24,4.800000000000001,B,ramp,True,False,126.80000000000035,18.0,0,maintain,0.0,0.0,147.04000000000036,29.600000000000136,1,0,accelerate-maintain,0.09939555078744888,-0.14065982401371002,-0.16815489530563354,0,0.09939555078744888,-0.14065982401371002,0.2400553748011589,0.26755044609308243,"[true, true, true]",False,False,False,66015,0,e827f3a7c15be3cc0e8dad398a812438a042d5fbfc05ac4f148ca8e9393507fa,validation_007,0,6,661283186,12,17.788379003188965
25,5.0,A,mainline,True,False,153.0000000000004,30.0,1,accelerate,2.0,0.0,130.40000000000038,18.0,1,0,accelerate-maintain,-0.09741117060184479,0.011453308165073395,-0.1848522275686264,1,0.011453308165073395,-0.09741117060184479,0.10886447876691818,0.1963055357336998,"[true, true, true]",False,False,False,66015,0,e827f3a7c15be3cc0e8dad398a812438a042d5fbfc05ac4f148ca8e9393507fa,validation_007,0,6,661283186,12,20.189735215272492
25,5.0,B,ramp,True,False,130.40000000000038,18.0,0,maintain,0.0,0.0,153.0000000000004,30.0,1,0,accelerate-maintain,0.09992425888776779,-0.14219890534877777,-0.1664925068616867,0,0.09992425888776779,-0.14219890534877777,0.24212316423654556,0.2664167657494545,"[true, true, true]",False,False,False,66015,0,e827f3a7c15be3cc0e8dad398a812438a042d5fbfc05ac4f148ca8e9393507fa,validation_007,0,6,661283186,12,20.189735215272492
26,5.2,A,mainline,True,False,159.0000000000004,30.0,1,accelerate,2.0,0.0,134.0000000000004,18.0,1,0,accelerate-maintain,-0.09606815874576569,0.009889431297779083,-0.19033078849315643,1,0.009889431297779083,-0.09606815874576569,0.10595759004354477,0.20022021979093552,"[true, true, true]",False,False,False,66015,0,e827f3a7c15be3cc0e8dad398a812438a042d5fbfc05ac4f148ca8e9393507fa,validation_007,0,6,661283186,12,22.589928132270444
26,5.2,B,ramp,True,False,134.0000000000004,18.0,0,maintain,0.0,0.0,159.0000000000004,30.0,1,0,accelerate-maintain,0.09987200796604156,-0.14539986848831177,-0.1649395078420639,0,0.09987200796604156,-0.14539986848831177,0.24527187645435333,0.26481151580810547,"[true, true, true]",False,False,False,66015,0,e827f3a7c15be3cc0e8dad398a812438a042d5fbfc05ac4f148ca8e9393507fa,validation_007,0,6,661283186,12,22.589928132270444
27,5.4,A,mainline,True,False,165.0000000000004,30.0,1,accelerate,2.0,0.0,137.60000000000042,18.0,1,0,accelerate-maintain,-0.09418249130249023,0.00802118331193924,-0.19606873393058777,1,0.00802118331193924,-0.09418249130249023,0.10220367461442947,0.204089917242527,"[true, true, true]",False,False,False,66015,0,e827f3a7c15be3cc0e8dad398a812438a042d5fbfc05ac4f148ca8e9393507fa,validation_007,0,6,661283186,12,24.98993123947608
27,5.4,B,ramp,True,False,137.60000000000042,18.0,0,maintain,0.0,0.0,165.0000000000004,30.0,1,0,accelerate-maintain,0.09983254969120026,-0.14856046438217163,-0.16343852877616882,0,0.09983254969120026,-0.14856046438217163,0.2483930140733719,0.2632710784673691,"[true, true, true]",False,False,False,66015,0,e827f3a7c15be3cc0e8dad398a812438a042d5fbfc05ac4f148ca8e9393507fa,validation_007,0,6,661283186,12,24.98993123947608
28,5.6000000000000005,A,mainline,True,False,171.0000000000004,30.0,1,accelerate,2.0,0.0,141.20000000000044,18.0,1,0,accelerate-maintain,-0.09226831048727036,0.0061583369970321655,-0.201767235994339,1,0.0061583369970321655,-0.09226831048727036,0.09842664748430252,0.20792557299137115,"[true, true, true]",False,False,False,66015,0,e827f3a7c15be3cc0e8dad398a812438a042d5fbfc05ac4f148ca8e9393507fa,validation_007,0,6,661283186,12,27.389931239476056
28,5.6000000000000005,B,ramp,True,False,141.20000000000044,18.0,0,maintain,0.0,0.0,171.0000000000004,30.0,1,0,accelerate-maintain,0.09975245594978333,-0.15072126686573029,-0.16211025416851044,0,0.09975245594978333,-0.15072126686573029,0.2504737228155136,0.26186271011829376,"[true, true, true]",False,False,False,66015,0,e827f3a7c15be3cc0e8dad398a812438a042d5fbfc05ac4f148ca8e9393507fa,validation_007,0,6,661283186,12,27.389931239476056
29,5.800000000000001,A,mainline,True,False,177.0000000000004,30.0,1,accelerate,2.0,0.0,144.80000000000047,18.0,1,0,accelerate-maintain,-0.09033016860485077,0.004301290959119797,-0.20744065940380096,1,0.004301290959119797,-0.09033016860485077,0.09463145956397057,0.21174195036292076,"[true, true, true]",False,False,False,66015,0,e827f3a7c15be3cc0e8dad398a812438a042d5fbfc05ac4f148ca8e9393507fa,validation_007,0,6,661283186,12,29.789931239476033
29,5.800000000000001,B,ramp,True,False,144.80000000000047,18.0,0,maintain,0.0,0.0,177.0000000000004,30.0,1,0,accelerate-maintain,0.09988445043563843,-0.15219666063785553,-0.1608179658651352,0,0.09988445043563843,-0.15219666063785553,0.25208111107349396,0.2607024163007736,"[true, true, true]",False,False,False,66015,0,e827f3a7c15be3cc0e8dad398a812438a042d5fbfc05ac4f148ca8e9393507fa,validation_007,0,6,661283186,12,29.789931239476033
30,6.0,A,mainline,True,False,183.0000000000004,30.0,1,accelerate,2.0,0.0,148.4000000000005,18.0,1,0,accelerate-maintain,-0.08777464926242828,0.0028972625732421875,-0.21218037605285645,1,0.0028972625732421875,-0.08777464926242828,0.09067191183567047,0.21507763862609863,"[true, true, true]",False,False,False,66015,0,e827f3a7c15be3cc0e8dad398a812438a042d5fbfc05ac4f148ca8e9393507fa,validation_007,0,6,661283186,12,32.18993123947601
30,6.0,B,ramp,True,False,148.4000000000005,18.0,0,maintain,0.0,0.0,183.0000000000004,30.0,1,0,accelerate-maintain,0.0996018797159195,-0.15300965309143066,-0.1599394530057907,0,0.0996018797159195,-0.15300965309143066,0.25261153280735016,0.2595413327217102,"[true, true, true]",False,False,False,66015,0,e827f3a7c15be3cc0e8dad398a812438a042d5fbfc05ac4f148ca8e9393507fa,validation_007,0,6,661283186,12,32.18993123947601
31,6.2,A,mainline,True,False,189.0000000000004,30.0,1,accelerate,2.0,0.0,152.0000000000005,18.0,1,0,accelerate-maintain,-0.0846705436706543,0.0018741637468338013,-0.2161390483379364,1,0.0018741637468338013,-0.0846705436706543,0.0865447074174881,0.2180132120847702,"[true, true, true]",False,False,False,66015,0,e827f3a7c15be3cc0e8dad398a812438a042d5fbfc05ac4f148ca8e9393507fa,validation_007,0,6,661283186,12,34.58993123947599
31,6.2,B,ramp,True,False,152.0000000000005,18.0,0,maintain,0.0,0.0,189.0000000000004,30.0,1,0,accelerate-maintain,0.09866835922002792,-0.1546376347541809,-0.16056156158447266,0,0.09866835922002792,-0.1546376347541809,0.25330599397420883,0.2592299208045006,"[true, true, true]",False,False,False,66015,0,e827f3a7c15be3cc0e8dad398a812438a042d5fbfc05ac4f148ca8e9393507fa,validation_007,0,6,661283186,12,34.58993123947599
32,6.4,A,mainline,True,False,195.0000000000004,30.0,1,accelerate,2.0,0.0,155.60000000000053,18.0,1,0,accelerate-maintain,-0.08162915706634521,0.00077042356133461,-0.22025944292545319,1,0.00077042356133461,-0.08162915706634521,0.08239958062767982,0.2210298664867878,"[true, true, true]",False,False,False,66015,0,e827f3a7c15be3cc0e8dad398a812438a042d5fbfc05ac4f148ca8e9393507fa,validation_007,0,6,661283186,12,36.989931239475965
32,6.4,B,ramp,True,False,155.60000000000053,18.0,0,maintain,0.0,0.0,195.0000000000004,30.0,1,0,accelerate-maintain,0.09764532744884491,-0.1563638299703598,-0.16137374937534332,0,0.09764532744884491,-0.1563638299703598,0.2540091574192047,0.25901907682418823,"[true, true, true]",False,False,False,66015,0,e827f3a7c15be3cc0e8dad398a812438a042d5fbfc05ac4f148ca8e9393507fa,validation_007,0,6,661283186,12,36.989931239475965
33,6.6000000000000005,A,mainline,True,False,201.0000000000004,30.0,1,accelerate,2.0,0.0,159.20000000000056,18.0,1,0,accelerate-maintain,-0.0785754919052124,-0.00033102184534072876,-0.2243688404560089,1,-0.00033102184534072876,-0.0785754919052124,0.07824447005987167,0.22403781861066818,"[true, true, true]",False,False,False,66015,0,e827f3a7c15be3cc0e8dad398a812438a042d5fbfc05ac4f148ca8e9393507fa,validation_007,0,6,661283186,12,39.38993123947594
33,6.6000000000000005,B,ramp,True,False,159.20000000000056,18.0,0,maintain,0.0,0.0,201.0000000000004,30.0,1,0,accelerate-maintain,0.09657878428697586,-0.1577703356742859,-0.16244886815547943,0,0.09657878428697586,-0.1577703356742859,0.25434911996126175,0.2590276524424553,"[true, true, true]",False,False,False,66015,0,e827f3a7c15be3cc0e8dad398a812438a042d5fbfc05ac4f148ca8e9393507fa,validation_007,0,6,661283186,12,39.38993123947594
34,6.800000000000001,A,mainline,True,False,207.0000000000004,30.0,1,accelerate,2.0,0.0,162.80000000000058,18.0,1,0,accelerate-maintain,-0.07599729299545288,-0.00101432204246521,-0.2284272462129593,1,-0.00101432204246521,-0.07599729299545288,0.07498297095298767,0.22741292417049408,"[true, true, true]",False,False,False,66015,0,e827f3a7c15be3cc0e8dad398a812438a042d5fbfc05ac4f148ca8e9393507fa,validation_007,0,6,661283186,12,41.78993123947592
34,6.800000000000001,B,ramp,True,False,162.80000000000058,18.0,0,maintain,0.0,0.0,207.0000000000004,30.0,1,0,accelerate-maintain,0.0956508070230484,-0.15899211168289185,-0.16393499076366425,0,0.0956508070230484,-0.15899211168289185,0.25464291870594025,0.25958579778671265,"[true, true, true]",False,False,False,66015,0,e827f3a7c15be3cc0e8dad398a812438a042d5fbfc05ac4f148ca8e9393507fa,validation_007,0,6,661283186,12,41.78993123947592
35,7.0,A,mainline,True,False,213.0000000000004,30.0,1,accelerate,2.0,0.0,166.4000000000006,18.0,1,0,accelerate-maintain,-0.07384374737739563,-0.001679830253124237,-0.23251861333847046,1,-0.001679830253124237,-0.07384374737739563,0.07216391712427139,0.23083878308534622,"[true, true, true]",False,False,False,66015,0,e827f3a7c15be3cc0e8dad398a812438a042d5fbfc05ac4f148ca8e9393507fa,validation_007,0,6,661283186,12,44.1899312394759
35,7.0,B,ramp,True,False,166.4000000000006,18.0,0,maintain,0.0,0.0,213.0000000000004,30.0,1,0,accelerate-maintain,0.094837486743927,-0.1613537222146988,-0.16622976958751678,0,0.094837486743927,-0.1613537222146988,0.2561912089586258,0.2610672563314438,"[true, true, true]",False,False,False,66015,0,e827f3a7c15be3cc0e8dad398a812438a042d5fbfc05ac4f148ca8e9393507fa,validation_007,0,6,661283186,12,44.1899312394759
36,7.2,A,mainline,True,False,219.0000000000004,30.0,0,maintain,2.0,0.0,170.00000000000063,18.0,0,0,maintain-maintain,-0.045395735651254654,-0.04954444617033005,-0.1472635120153427,0,-0.045395735651254654,-0.04954444617033005,0.004148710519075394,0.10186777636408806,"[true, true, true]",False,False,False,66015,0,e827f3a7c15be3cc0e8dad398a812438a042d5fbfc05ac4f148ca8e9393507fa,validation_007,0,6,661283186,12,46.589931239475874
36,7.2,B,ramp,True,False,170.00000000000063,18.0,0,maintain,0.0,0.0,219.0000000000004,30.0,0,0,maintain-maintain,0.05306442826986313,-0.16455918550491333,-0.1730874627828598,0,0.05306442826986313,-0.16455918550491333,0.21762361377477646,0.22615189105272293,"[true, true, true]",False,False,False,66015,0,e827f3a7c15be3cc0e8dad398a812438a042d5fbfc05ac4f148ca8e9393507fa,validation_007,0,6,661283186,12,46.589931239475874
37,7.4,A,mainline,True,False,225.0000000000004,30.0,0,maintain,0.0,0.0,173.60000000000065,18.0,0,0,maintain-maintain,-0.04410221800208092,-0.0525483638048172,-0.14964260160923004,0,-0.04410221800208092,-0.0525483638048172,0.008446145802736282,0.10554038360714912,"[true, true, true]",False,False,False,66015,0,e827f3a7c15be3cc0e8dad398a812438a042d5fbfc05ac4f148ca8e9393507fa,validation_007,0,6,661283186,12,48.98993123947585
37,7.4,B,ramp,True,False,173.60000000000065,18.0,0,maintain,0.0,0.0,225.0000000000004,30.0,0,0,maintain-maintain,0.05162617191672325,-0.16403043270111084,-0.17504319548606873,0,0.05162617191672325,-0.16403043270111084,0.2156566046178341,0.22666936740279198,"[true, true, true]",False,False,False,66015,0,e827f3a7c15be3cc0e8dad398a812438a042d5fbfc05ac4f148ca8e9393507fa,validation_007,0,6,661283186,12,48.98993123947585
38,7.6000000000000005,A,mainline,True,False,231.0000000000004,30.0,0,maintain,0.0,0.0,177.20000000000067,18.0,0,0,maintain-maintain,-0.04241470247507095,-0.05522356182336807,-0.15236729383468628,0,-0.04241470247507095,-0.05522356182336807,0.01280885934829712,0.10995259135961533,"[true, true, true]",False,False,False,66015,0,e827f3a7c15be3cc0e8dad398a812438a042d5fbfc05ac4f148ca8e9393507fa,validation_007,0,6,661283186,12,51.38993123947583
38,7.6000000000000005,B,ramp,True,False,177.20000000000067,18.0,0,maintain,0.0,0.0,231.0000000000004,30.0,0,0,maintain-maintain,0.050161782652139664,-0.16436049342155457,-0.17702332139015198,0,0.050161782652139664,-0.16436049342155457,0.21452227607369423,0.22718510404229164,"[true, true, true]",False,False,False,66015,0,e827f3a7c15be3cc0e8dad398a812438a042d5fbfc05ac4f148ca8e9393507fa,validation_007,0,6,661283186,12,51.38993123947583
39,7.800000000000001,A,mainline,True,False,237.0000000000004,30.0,0,maintain,0.0,0.0,180.8000000000007,18.0,0,0,maintain-maintain,-0.04044962674379349,-0.057796068489551544,-0.15506252646446228,0,-0.04044962674379349,-0.057796068489551544,0.017346441745758057,0.11461289972066879,"[true, true, true]",False,False,False,66015,0,e827f3a7c15be3cc0e8dad398a812438a042d5fbfc05ac4f148ca8e9393507fa,validation_007,0,6,661283186,12,53.789931239475806
39,7.800000000000001,B,ramp,True,False,180.8000000000007,18.0,0,maintain,0.0,0.0,237.0000000000004,30.0,0,0,maintain-maintain,0.04961894825100899,-0.1657194346189499,-0.1795073300600052,0,0.04961894825100899,-0.1657194346189499,0.21533838286995888,0.22912627831101418,"[true, true, true]",False,False,False,66015,0,e827f3a7c15be3cc0e8dad398a812438a042d5fbfc05ac4f148ca8e9393507fa,validation_007,0,6,661283186,12,53.789931239475806
40,8.0,A,mainline,True,False,243.0000000000004,30.0,0,maintain,0.0,0.0,184.40000000000072,18.0,0,0,maintain-maintain,-0.038656651973724365,-0.059799060225486755,-0.1576644778251648,0,-0.038656651973724365,-0.059799060225486755,0.02114240825176239,0.11900782585144043,"[true, true, true]",False,False,False,66015,0,e827f3a7c15be3cc0e8dad398a812438a042d5fbfc05ac4f148ca8e9393507fa,validation_007,0,6,661283186,12,56.18993123947578
40,8.0,B,ramp,True,False,184.40000000000072,18.0,0,maintain,0.0,0.0,243.0000000000004,30.0,0,0,maintain-maintain,0.04873288795351982,-0.16720333695411682,-0.18286359310150146,0,0.04873288795351982,-0.16720333695411682,0.21593622490763664,0.23159648105502129,"[true, true, true]",False,False,False,66015,0,e827f3a7c15be3cc0e8dad398a812438a042d5fbfc05ac4f148ca8e9393507fa,validation_007,0,6,661283186,12,56.18993123947578
41,8.200000000000001,A,mainline,True,False,249.0000000000004,30.0,0,maintain,0.0,0.0,188.00000000000074,18.0,0,0,maintain-maintain,-0.036991268396377563,-0.06161455065011978,-0.16009053587913513,0,-0.036991268396377563,-0.06161455065011978,0.024623282253742218,0.12309926748275757,"[true, true, true]",False,False,False,66015,0,e827f3a7c15be3cc0e8dad398a812438a042d5fbfc05ac4f148ca8e9393507fa,validation_007,0,6,661283186,12,58.58993123947576
41,8.200000000000001,B,ramp,True,False,188.00000000000074,18.0,0,maintain,0.0,0.0,249.0000000000004,30.0,0,0,maintain-maintain,0.047961361706256866,-0.16866667568683624,-0.18619345128536224,0,0.047961361706256866,-0.16866667568683624,0.2166280373930931,0.2341548129916191,"[true, true, true]",False,False,False,66015,0,e827f3a7c15be3cc0e8dad398a812438a042d5fbfc05ac4f148ca8e9393507fa,validation_007,0,6,661283186,12,58.58993123947576
42,8.4,A,mainline,True,False,255.0000000000004,30.0,0,maintain,0.0,0.0,191.60000000000076,18.0,0,0,maintain-maintain,-0.035044968128204346,-0.06318876147270203,-0.16218522191047668,0,-0.035044968128204346,-0.06318876147270203,0.02814379334449768,0.12714025378227234,"[true, true, true]",False,False,False,66015,0,e827f3a7c15be3cc0e8dad398a812438a042d5fbfc05ac4f148ca8e9393507fa,validation_007,0,6,661283186,12,
42,8.4,B,ramp,True,False,191.60000000000076,18.0,0,maintain,0.0,0.0,255.0000000000004,30.0,0,0,maintain-maintain,0.047408297657966614,-0.17006325721740723,-0.189408540725708,0,0.047408297657966614,-0.17006325721740723,0.21747155487537384,0.23681683838367462,"[true, true, true]",False,False,False,66015,0,e827f3a7c15be3cc0e8dad398a812438a042d5fbfc05ac4f148ca8e9393507fa,validation_007,0,6,661283186,12,
43,8.6,A,mainline,False,True,261.0000000000004,0.0,0,maintain,0.0,0.0,195.20000000000078,18.0,0,0,inactive-active,-0.023392582312226295,-0.0337209552526474,-0.20025162398815155,0,-0.023392582312226295,-0.0337209552526474,0.010328372940421104,0.17685904167592525,"[true, true, true]",False,False,False,66015,0,e827f3a7c15be3cc0e8dad398a812438a042d5fbfc05ac4f148ca8e9393507fa,validation_007,0,6,661283186,12,
43,8.6,B,ramp,True,False,195.20000000000078,18.0,0,maintain,0.0,0.0,261.0000000000004,0.0,0,0,inactive-active,0.023987028747797012,-0.06878028810024261,-0.1026250496506691,0,0.023987028747797012,-0.06878028810024261,0.09276731684803963,0.1266120783984661,"[true, true, true]",False,False,False,66015,0,e827f3a7c15be3cc0e8dad398a812438a042d5fbfc05ac4f148ca8e9393507fa,validation_007,0,6,661283186,12,
44,8.8,A,mainline,False,True,261.0000000000004,0.0,0,maintain,0.0,0.0,198.8000000000008,18.0,0,0,inactive-active,-0.022834651172161102,-0.032412052154541016,-0.20022568106651306,0,-0.022834651172161102,-0.032412052154541016,0.009577400982379913,0.17739102989435196,"[true, true, true]",False,False,False,66015,0,e827f3a7c15be3cc0e8dad398a812438a042d5fbfc05ac4f148ca8e9393507fa,validation_007,0,6,661283186,12,
44,8.8,B,ramp,True,False,198.8000000000008,18.0,0,maintain,0.0,0.0,261.0000000000004,0.0,0,0,inactive-active,0.025194784626364708,-0.06964009255170822,-0.10142277181148529,0,0.025194784626364708,-0.06964009255170822,0.09483487717807293,0.12661755643785,"[true, true, true]",False,False,False,66015,0,e827f3a7c15be3cc0e8dad398a812438a042d5fbfc05ac4f148ca8e9393507fa,validation_007,0,6,661283186,12,
45,9.0,A,mainline,False,True,261.0000000000004,0.0,0,maintain,0.0,0.0,202.40000000000083,18.0,0,0,inactive-active,-0.02227412909269333,-0.031105391681194305,-0.2001989632844925,0,-0.02227412909269333,-0.031105391681194305,0.008831262588500977,0.17792483419179916,"[true, true, true]",False,False,False,66015,0,e827f3a7c15be3cc0e8dad398a812438a042d5fbfc05ac4f148ca8e9393507fa,validation_007,0,6,661283186,12,
45,9.0,B,ramp,True,False,202.40000000000083,18.0,0,maintain,0.0,0.0,261.0000000000004,0.0,0,0,inactive-active,0.026402108371257782,-0.07049667835235596,-0.10022185742855072,0,0.026402108371257782,-0.07049667835235596,0.09689878672361374,0.1266239657998085,"[true, true, true]",False,False,False,66015,0,e827f3a7c15be3cc0e8dad398a812438a042d5fbfc05ac4f148ca8e9393507fa,validation_007,0,6,661283186,12,
46,9.200000000000001,A,mainline,False,True,261.0000000000004,0.0,0,maintain,0.0,0.0,206.00000000000085,18.0,0,0,inactive-active,-0.021613910794258118,-0.029906004667282104,-0.20040200650691986,0,-0.021613910794258118,-0.029906004667282104,0.008292093873023987,0.17878809571266174,"[true, true, true]",False,False,False,66015,0,e827f3a7c15be3cc0e8dad398a812438a042d5fbfc05ac4f148ca8e9393507fa,validation_007,0,6,661283186,12,
46,9.200000000000001,B,ramp,True,False,206.00000000000085,18.0,0,maintain,0.0,0.0,261.0000000000004,0.0,0,0,inactive-active,0.02760201506316662,-0.07134614884853363,-0.099027618765831,0,0.02760201506316662,-0.07134614884853363,0.09894816391170025,0.1266296338289976,"[true, true, true]",False,False,False,66015,0,e827f3a7c15be3cc0e8dad398a812438a042d5fbfc05ac4f148ca8e9393507fa,validation_007,0,6,661283186,12,
47,9.4,A,mainline,False,True,261.0000000000004,0.0,0,maintain,0.0,0.0,209.60000000000088,18.0,0,0,inactive-active,-0.020814064890146255,-0.028782784938812256,-0.20072041451931,0,-0.020814064890146255,-0.028782784938812256,0.007968720048666,0.17990634962916374,"[true, true, true]",False,False,False,66015,0,e827f3a7c15be3cc0e8dad398a812438a042d5fbfc05ac4f148ca8e9393507fa,validation_007,0,6,661283186,12,
47,9.4,B,ramp,True,False,209.60000000000088,18.0,0,maintain,0.0,0.0,261.0000000000004,0.0,0,0,inactive-active,0.02833404392004013,-0.07242155075073242,-0.09824468195438385,0,0.02833404392004013,-0.07242155075073242,0.10075559467077255,0.12657872587442398,"[true, true, true]",False,False,False,66015,0,e827f3a7c15be3cc0e8dad398a812438a042d5fbfc05ac4f148ca8e9393507fa,validation_007,0,6,661283186,12,
48,9.600000000000001,A,mainline,False,True,261.0000000000004,0.0,0,maintain,0.0,0.0,213.2000000000009,18.0,0,0,inactive-active,-0.01997404359281063,-0.027598857879638672,-0.20077231526374817,0,-0.01997404359281063,-0.027598857879638672,0.007624814286828041,0.18079827167093754,"[true, true, true]",False,False,False,66015,0,e827f3a7c15be3cc0e8dad398a812438a042d5fbfc05ac4f148ca8e9393507fa,validation_007,0,6,661283186,12,
48,9.600000000000001,B,ramp,True,False,213.2000000000009,18.0,0,maintain,0.0,0.0,261.0000000000004,0.0,0,0,inactive-active,0.028850989416241646,-0.07374666631221771,-0.09766274690628052,0,0.028850989416241646,-0.07374666631221771,0.10259765572845936,0.12651373632252216,"[true, true, true]",False,False,False,66015,0,e827f3a7c15be3cc0e8dad398a812438a042d5fbfc05ac4f148ca8e9393507fa,validation_007,0,6,661283186,12,
49,9.8,A,mainline,False,True,261.0000000000004,0.0,0,maintain,0.0,0.0,216.80000000000092,18.0,0,0,inactive-active,-0.019194768741726875,-0.026454932987689972,-0.20085224509239197,0,-0.019194768741726875,-0.026454932987689972,0.007260164245963097,0.1816574763506651,"[true, true, true]",False,False,False,66015,0,e827f3a7c15be3cc0e8dad398a812438a042d5fbfc05ac4f148ca8e9393507fa,validation_007,0,6,661283186,12,
49,9.8,B,ramp,True,False,216.80000000000092,18.0,0,maintain,0.0,0.0,261.0000000000004,0.0,0,0,inactive-active,0.02918892353773117,-0.07527133077383041,-0.09700626879930496,0,0.02918892353773117,-0.07527133077383041,0.10446025431156158,0.12619519233703613,"[true, true, true]",False,False,False,66015,0,e827f3a7c15be3cc0e8dad398a812438a042d5fbfc05ac4f148ca8e9393507fa,validation_007,0,6,661283186,12,
50,10.0,A,mainline,False,True,261.0000000000004,0.0,0,maintain,0.0,0.0,220.40000000000094,18.0,0,0,inactive-active,-0.018655704334378242,-0.025211557745933533,-0.20085197687149048,0,-0.018655704334378242,-0.025211557745933533,0.00655585341155529,0.18219627253711224,"[true, true, true]",False,False,False,66015,0,e827f3a7c15be3cc0e8dad398a812438a042d5fbfc05ac4f148ca8e9393507fa,validation_007,0,6,661283186,12,
50,10.0,B,ramp,True,False,220.40000000000094,18.0,0,maintain,0.0,0.0,261.0000000000004,0.0,0,0,inactive-active,0.02942630462348461,-0.07690779864788055,-0.09630778431892395,0,0.02942630462348461,-0.07690779864788055,0.10633410327136517,0.12573408894240856,"[true, true, true]",False,False,False,66015,0,e827f3a7c15be3cc0e8dad398a812438a042d5fbfc05ac4f148ca8e9393507fa,validation_007,0,6,661283186,12,
51,10.200000000000001,A,mainline,False,True,261.0000000000004,0.0,0,maintain,0.0,0.0,224.00000000000097,18.0,0,0,inactive-active,-0.01790028065443039,-0.023598015308380127,-0.2008950412273407,0,-0.01790028065443039,-0.023598015308380127,0.0056977346539497375,0.1829947605729103,"[true, true, true]",False,False,False,66015,0,e827f3a7c15be3cc0e8dad398a812438a042d5fbfc05ac4f148ca8e9393507fa,validation_007,0,6,661283186,12,
51,10.200000000000001,B,ramp,True,False,224.00000000000097,18.0,0,maintain,0.0,0.0,261.0000000000004,0.0,0,0,inactive-active,0.029664330184459686,-0.07854253053665161,-0.09560930728912354,0,0.029664330184459686,-0.07854253053665161,0.1082068607211113,0.12527363747358322,"[true, true, true]",False,False,False,66015,0,e827f3a7c15be3cc0e8dad398a812438a042d5fbfc05ac4f148ca8e9393507fa,validation_007,0,6,661283186,12,
52,10.4,A,mainline,False,True,261.0000000000004,0.0,0,maintain,0.0,0.0,227.600000000001,18.0,0,0,inactive-active,-0.01689801551401615,-0.02135343849658966,-0.20052126049995422,0,-0.01689801551401615,-0.02135343849658966,0.004455422982573509,0.18362324498593807,"[true, true, true]",False,False,False,66015,0,e827f3a7c15be3cc0e8dad398a812438a042d5fbfc05ac4f148ca8e9393507fa,validation_007,0,6,661283186,12,
52,10.4,B,ramp,True,False,227.600000000001,18.0,0,maintain,0.0,0.0,261.0000000000004,0.0,0,0,inactive-active,0.02986299619078636,-0.08007297664880753,-0.0950104147195816,0,0.02986299619078636,-0.08007297664880753,0.10993597283959389,0.12487341091036797,"[true, true, true]",False,False,False,66015,0,e827f3a7c15be3cc0e8dad398a812438a042d5fbfc05ac4f148ca8e9393507fa,validation_007,0,6,661283186,12,
53,10.600000000000001,A,mainline,False,True,261.0000000000004,0.0,0,maintain,0.0,0.0,231.200000000001,18.0,0,0,inactive-active,-0.01589466631412506,-0.019109271466732025,-0.20014743506908417,0,-0.01589466631412506,-0.019109271466732025,0.003214605152606964,0.1842527687549591,"[true, true, true]",False,False,False,66015,0,e827f3a7c15be3cc0e8dad398a812438a042d5fbfc05ac4f148ca8e9393507fa,validation_007,0,6,661283186,12,
53,10.600000000000001,B,ramp,True,False,231.200000000001,18.0,0,maintain,0.0,0.0,261.0000000000004,0.0,0,0,inactive-active,0.0300082266330719,-0.0814635157585144,-0.09454584121704102,0,0.0300082266330719,-0.0814635157585144,0.1114717423915863,0.12455406785011292,"[true, true, true]",False,False,False,66015,0,e827f3a7c15be3cc0e8dad398a812438a042d5fbfc05ac4f148ca8e9393507fa,validation_007,0,6,661283186,12,
54,10.8,A,mainline,False,True,261.0000000000004,0.0,0,maintain,0.0,0.0,234.80000000000103,18.0,0,0,inactive-active,-0.01489030197262764,-0.01686549186706543,-0.1997736245393753,0,-0.01489030197262764,-0.01686549186706543,0.00197518989443779,0.18488332256674767,"[true, true, true]",False,False,False,66015,0,e827f3a7c15be3cc0e8dad398a812438a042d5fbfc05ac4f148ca8e9393507fa,validation_007,0,6,661283186,12,
54,10.8,B,ramp,True,False,234.80000000000103,18.0,0,maintain,0.0,0.0,261.0000000000004,0.0,0,0,inactive-active,0.03015401028096676,-0.08285355567932129,-0.09408093988895416,0,0.03015401028096676,-0.08285355567932129,0.11300756596028805,0.12423495016992092,"[true, true, true]",False,False,False,66015,0,e827f3a7c15be3cc0e8dad398a812438a042d5fbfc05ac4f148ca8e9393507fa,validation_007,0,6,661283186,12,
55,11.0,A,mainline,False,True,261.0000000000004,0.0,0,maintain,0.0,0.0,238.40000000000106,18.0,0,0,inactive-active,-0.013885069638490677,-0.014621943235397339,-0.19939982891082764,0,-0.013885069638490677,-0.014621943235397339,0.000736873596906662,0.18551475927233696,"[true, true, true]",False,False,False,66015,0,e827f3a7c15be3cc0e8dad398a812438a042d5fbfc05ac4f148ca8e9393507fa,validation_007,0,6,661283186,12,
55,11.0,B,ramp,True,False,238.40000000000106,18.0,0,maintain,0.0,0.0,261.0000000000004,0.0,0,0,inactive-active,0.030283384025096893,-0.0841764584183693,-0.09359252452850342,0,0.030283384025096893,-0.0841764584183693,0.11445984244346619,0.12387590855360031,"[true, true, true]",False,False,False,66015,0,e827f3a7c15be3cc0e8dad398a812438a042d5fbfc05ac4f148ca8e9393507fa,validation_007,0,6,661283186,12,
56,11.200000000000001,A,mainline,False,True,261.0000000000004,0.0,0,maintain,0.0,0.0,242.00000000000108,18.0,0,0,inactive-active,-0.012879030779004097,-0.012378603219985962,-0.19902606308460236,1,-0.012378603219985962,-0.012879030779004097,0.0005004275590181351,0.1866474598646164,"[true, true, true]",False,False,False,66015,0,e827f3a7c15be3cc0e8dad398a812438a042d5fbfc05ac4f148ca8e9393507fa,validation_007,0,6,661283186,12,
56,11.200000000000001,B,ramp,True,False,242.00000000000108,18.0,0,maintain,0.0,0.0,261.0000000000004,0.0,0,0,inactive-active,0.030538223683834076,-0.08534613251686096,-0.09295178204774857,0,0.030538223683834076,-0.08534613251686096,0.11588435620069504,0.12349000573158264,"[true, true, true]",False,False,False,66015,0,e827f3a7c15be3cc0e8dad398a812438a042d5fbfc05ac4f148ca8e9393507fa,validation_007,0,6,661283186,12,
57,11.4,A,mainline,False,True,261.0000000000004,0.0,0,maintain,0.0,0.0,245.6000000000011,18.0,0,0,inactive-active,-0.011872310191392899,-0.010135382413864136,-0.19865238666534424,1,-0.010135382413864136,-0.011872310191392899,0.0017369277775287628,0.1885170042514801,"[true, true, true]",False,False,False,66015,0,e827f3a7c15be3cc0e8dad398a812438a042d5fbfc05ac4f148ca8e9393507fa,validation_007,0,6,661283186,12,
57,11.4,B,ramp,True,False,245.6000000000011,18.0,0,maintain,0.0,0.0,261.0000000000004,0.0,0,0,inactive-active,0.030765006318688393,-0.08643586933612823,-0.09229165315628052,0,0.030765006318688393,-0.08643586933612823,0.11720087565481663,0.12305665947496891,"[true, true, true]",False,False,False,66015,0,e827f3a7c15be3cc0e8dad398a812438a042d5fbfc05ac4f148ca8e9393507fa,validation_007,0,6,661283186,12,
58,11.600000000000001,A,mainline,False,True,261.0000000000004,0.0,0,maintain,0.0,0.0,249.20000000000113,18.0,0,0,inactive-active,-0.010864939540624619,-0.007892251014709473,-0.1982787698507309,1,-0.007892251014709473,-0.010864939540624619,0.002972688525915146,0.19038651883602142,"[true, true, true]",False,False,False,66015,0,e827f3a7c15be3cc0e8dad398a812438a042d5fbfc05ac4f148ca8e9393507fa,validation_007,0,6,661283186,12,
58,11.600000000000001,B,ramp,True,False,249.20000000000113,18.0,0,maintain,0.0,0.0,261.0000000000004,0.0,0,0,inactive-active,0.030873609706759453,-0.08744650334119797,-0.09160199016332626,0,0.030873609706759453,-0.08744650334119797,0.11832011304795742,0.12247559987008572,"[true, true, true]",False,False,False,66015,0,e827f3a7c15be3cc0e8dad398a812438a042d5fbfc05ac4f148ca8e9393507fa,validation_007,0,6,661283186,12,
59,11.8,A,mainline,False,True,261.0000000000004,0.0,0,maintain,0.0,0.0,252.80000000000115,18.0,0,0,inactive-active,-0.009939184412360191,-0.005672335624694824,-0.19788815081119537,1,-0.005672335624694824,-0.009939184412360191,0.004266848787665367,0.19221581518650055,"[true, true, true]",False,False,False,66015,0,e827f3a7c15be3cc0e8dad398a812438a042d5fbfc05ac4f148ca8e9393507fa,validation_007,0,6,661283186,12,
59,11.8,B,ramp,True,False,252.80000000000115,18.0,0,maintain,0.0,0.0,261.0000000000004,0.0,0,0,inactive-active,0.03129478543996811,-0.08856678009033203,-0.09041299670934677,0,0.03129478543996811,-0.08856678009033203,0.11986156553030014,0.12170778214931488,"[true, true, true]",False,False,False,66015,0,e827f3a7c15be3cc0e8dad398a812438a042d5fbfc05ac4f148ca8e9393507fa,validation_007,0,6,661283186,12,
60,12.0,A,mainline,False,True,261.0000000000004,0.0,0,maintain,0.0,0.0,256.40000000000117,18.0,0,0,inactive-active,-0.009498292580246925,-0.0035891756415367126,-0.197396382689476,1,-0.0035891756415367126,-0.009498292580246925,0.005909116938710213,0.1938072070479393,"[true, true, true]",False,False,False,66015,0,e827f3a7c15be3cc0e8dad398a812438a042d5fbfc05ac4f148ca8e9393507fa,validation_007,0,6,661283186,12,
60,12.0,B,ramp,True,False,256.40000000000117,18.0,0,maintain,0.0,0.0,261.0000000000004,0.0,0,0,inactive-active,0.031689196825027466,-0.08957047015428543,-0.08891046047210693,0,0.031689196825027466,-0.08891046047210693,0.1205996572971344,0.1212596669793129,"[true, true, true]",False,False,False,66015,0,e827f3a7c15be3cc0e8dad398a812438a042d5fbfc05ac4f148ca8e9393507fa,validation_007,0,6,661283186,12,
61,12.200000000000001,A,mainline,False,True,261.0000000000004,0.0,0,maintain,0.0,0.0,260.0000000000011,18.0,0,0,inactive-active,-0.009030699729919434,-0.0014638379216194153,-0.19690488278865814,1,-0.0014638379216194153,-0.009030699729919434,0.007566861808300018,0.19544104486703873,"[true, true, true]",False,True,False,66015,0,e827f3a7c15be3cc0e8dad398a812438a042d5fbfc05ac4f148ca8e9393507fa,validation_007,0,6,661283186,12,
61,12.200000000000001,B,ramp,True,False,260.0000000000011,18.0,0,maintain,0.0,0.0,261.0000000000004,0.0,0,0,inactive-active,0.03212326020002365,-0.09058158099651337,-0.08726523816585541,0,0.03212326020002365,-0.08726523816585541,0.11938849836587906,0.12270484119653702,"[true, true, true]",False,True,False,66015,0,e827f3a7c15be3cc0e8dad398a812438a042d5fbfc05ac4f148ca8e9393507fa,validation_007,0,6,661283186,12,
0,0.0,A,ramp,True,False,40.4,18.0,1,accelerate,0.0,2.0000000000000284,28.0,20.0,1,0,accelerate-maintain,-0.046941012144088745,0.0690712034702301,-0.10865052044391632,1,0.0690712034702301,-0.046941012144088745,0.11601221561431885,0.17772172391414642,"[true, true, true]",False,False,False,66015,0,e827f3a7c15be3cc0e8dad398a812438a042d5fbfc05ac4f148ca8e9393507fa,validation_007,1,6,661283186,13,
0,0.0,B,mainline,True,False,28.0,20.0,0,maintain,0.0,0.0,40.4,18.0,1,0,accelerate-maintain,0.02252183109521866,-0.13658015429973602,-0.12149582803249359,0,0.02252183109521866,-0.12149582803249359,0.14401765912771225,0.15910198539495468,"[true, true, true]",False,False,False,66015,0,e827f3a7c15be3cc0e8dad398a812438a042d5fbfc05ac4f148ca8e9393507fa,validation_007,1,6,661283186,13,
1,0.2,A,ramp,True,False,44.04,18.400000000000006,1,accelerate,2.0,2.0000000000000284,32.0,20.0,1,0,accelerate-maintain,-0.04802442714571953,0.07004807889461517,-0.10885465145111084,1,0.07004807889461517,-0.04802442714571953,0.1180725060403347,0.178902730345726,"[true, true, true]",False,False,False,66015,0,e827f3a7c15be3cc0e8dad398a812438a042d5fbfc05ac4f148ca8e9393507fa,validation_007,1,6,661283186,13,
1,0.2,B,mainline,True,False,32.0,20.0,0,maintain,0.0,0.0,44.04,18.400000000000006,1,0,accelerate-maintain,0.022308658808469772,-0.13546323776245117,-0.11918456107378006,0,0.022308658808469772,-0.11918456107378006,0.14149321988224983,0.15777189657092094,"[true, true, true]",False,False,False,66015,0,e827f3a7c15be3cc0e8dad398a812438a042d5fbfc05ac4f148ca8e9393507fa,validation_007,1,6,661283186,13,
2,0.4,A,ramp,True,False,47.76,18.80000000000001,1,accelerate,2.0,2.0000000000000284,36.0,20.0,1,0,accelerate-maintain,-0.04885036125779152,0.07096897065639496,-0.10917611420154572,1,0.07096897065639496,-0.04885036125779152,0.11981933191418648,0.18014508485794067,"[true, true, true]",False,False,False,66015,0,e827f3a7c15be3cc0e8dad398a812438a042d5fbfc05ac4f148ca8e9393507fa,validation_007,1,6,661283186,13,
2,0.4,B,mainline,True,False,36.0,20.0,0,maintain,0.0,0.0,47.76,18.80000000000001,1,0,accelerate-maintain,0.022399820387363434,-0.13342222571372986,-0.11675433814525604,0,0.022399820387363434,-0.11675433814525604,0.13915415853261948,0.1558220461010933,"[true, true, true]",False,False,False,66015,0,e827f3a7c15be3cc0e8dad398a812438a042d5fbfc05ac4f148ca8e9393507fa,validation_007,1,6,661283186,13,
3,0.6000000000000001,A,ramp,True,False,51.56,19.200000000000017,1,accelerate,2.0,2.0000000000000284,40.0,20.0,1,0,accelerate-maintain,-0.049469027668237686,0.07209409773349762,-0.10970546305179596,1,0.07209409773349762,-0.049469027668237686,0.1215631254017353,0.18179956078529358,"[true, true, true]",False,False,False,66015,0,e827f3a7c15be3cc0e8dad398a812438a042d5fbfc05ac4f148ca8e9393507fa,validation_007,1,6,661283186,13,
3,0.6000000000000001,B,mainline,True,False,40.0,20.0,0,maintain,0.0,0.0,51.56,19.200000000000017,1,0,accelerate-maintain,0.02267575077712536,-0.131129652261734,-0.11459650099277496,0,0.02267575077712536,-0.11459650099277496,0.13727225176990032,0.15380540303885937,"[true, true, true]",False,False,False,66015,0,e827f3a7c15be3cc0e8dad398a812438a042d5fbfc05ac4f148ca8e9393507fa,validation_007,1,6,661283186,13,
4,0.8,A,ramp,True,False,55.440000000000005,19.600000000000023,1,accelerate,2.0,2.0000000000000284,44.0,20.0,1,0,accelerate-maintain,-0.049841925501823425,0.07371589541435242,-0.11062056571245193,1,0.07371589541435242,-0.049841925501823425,0.12355782091617584,0.18433646112680435,"[true, true, true]",False,False,False,66015,0,e827f3a7c15be3cc0e8dad398a812438a042d5fbfc05ac4f148ca8e9393507fa,validation_007,1,6,661283186,13,
4,0.8,B,mainline,True,False,44.0,20.0,0,maintain,0.0,0.0,55.440000000000005,19.600000000000023,1,0,accelerate-maintain,0.023429173976182938,-0.1288740634918213,-0.11242975294589996,0,0.023429173976182938,-0.11242975294589996,0.1358589269220829,0.15230323746800423,"[true, true, true]",False,False,False,66015,0,e827f3a7c15be3cc0e8dad398a812438a042d5fbfc05ac4f148ca8e9393507fa,validation_007,1,6,661283186,13,
5,1.0,A,ramp,True,False,59.40000000000001,20.00000000000003,1,accelerate,2.0,2.0000000000000284,48.0,20.0,1,0,accelerate-maintain,-0.05010402575135231,0.0752868801355362,-0.11158902198076248,1,0.0752868801355362,-0.05010402575135231,0.1253909058868885,0.18687590211629868,"[true, true, true]",False,False,False,66015,0,e827f3a7c15be3cc0e8dad398a812438a042d5fbfc05ac4f148ca8e9393507fa,validation_007,1,6,661283186,13,
5,1.0,B,mainline,True,False,48.0,20.0,0,maintain,0.0,0.0,59.40000000000001,20.00000000000003,1,0,accelerate-maintain,0.024375658482313156,-0.1265498697757721,-0.11033566296100616,0,0.024375658482313156,-0.11033566296100616,0.13471132144331932,0.15092552825808525,"[true, true, true]",False,False,False,66015,0,e827f3a7c15be3cc0e8dad398a812438a042d5fbfc05ac4f148ca8e9393507fa,validation_007,1,6,661283186,13,
6,1.2000000000000002,A,ramp,True,False,63.44000000000002,20.400000000000034,1,accelerate,2.0,2.0000000000000284,52.0,20.0,1,0,accelerate-maintain,-0.04959996044635773,0.07671405375003815,-0.11351983994245529,1,0.07671405375003815,-0.04959996044635773,0.12631401419639587,0.19023389369249344,"[true, true, true]",False,False,False,66015,0,e827f3a7c15be3cc0e8dad398a812438a042d5fbfc05ac4f148ca8e9393507fa,validation_007,1,6,661283186,13,
6,1.2000000000000002,B,mainline,True,False,52.0,20.0,0,maintain,0.0,0.0,63.44000000000002,20.400000000000034,1,0,accelerate-maintain,0.02509208954870701,-0.12465323507785797,-0.10895891487598419,0,0.02509208954870701,-0.10895891487598419,0.1340510044246912,0.14974532462656498,"[true, true, true]",False,False,False,66015,0,e827f3a7c15be3cc0e8dad398a812438a042d5fbfc05ac4f148ca8e9393507fa,validation_007,1,6,661283186,13,
7,1.4000000000000001,A,ramp,True,False,67.56000000000003,20.80000000000004,1,accelerate,2.0,2.0000000000000284,56.0,20.0,1,0,accelerate-maintain,-0.04888484627008438,0.07809317111968994,-0.11546333134174347,1,0.07809317111968994,-0.04888484627008438,0.12697801738977432,0.1935565024614334,"[true, true, true]",False,False,False,66015,0,e827f3a7c15be3cc0e8dad398a812438a042d5fbfc05ac4f148ca8e9393507fa,validation_007,1,6,661283186,13,
7,1.4000000000000001,B,mainline,True,False,56.0,20.0,0,maintain,0.0,0.0,67.56000000000003,20.80000000000004,1,0,accelerate-maintain,0.025464782491326332,-0.12254703044891357,-0.10796304047107697,0,0.025464782491326332,-0.10796304047107697,0.1334278229624033,0.1480118129402399,"[true, true, true]",False,False,False,66015,0,e827f3a7c15be3cc0e8dad398a812438a042d5fbfc05ac4f148ca8e9393507fa,validation_007,1,6,661283186,13,
8,1.6,A,ramp,True,False,71.76000000000005,21.200000000000045,1,accelerate,2.0,2.0000000000000284,60.0,20.0,1,0,accelerate-maintain,-0.048238664865493774,0.07912922650575638,-0.11698292195796967,1,0.07912922650575638,-0.048238664865493774,0.12736789137125015,0.19611214846372604,"[true, true, true]",False,False,False,66015,0,e827f3a7c15be3cc0e8dad398a812438a042d5fbfc05ac4f148ca8e9393507fa,validation_007,1,6,661283186,13,
8,1.6,B,mainline,True,False,60.0,20.0,0,maintain,0.0,0.0,71.76000000000005,21.200000000000045,1,0,accelerate-maintain,0.025747857987880707,-0.12035082280635834,-0.10698089748620987,0,0.025747857987880707,-0.10698089748620987,0.13272875547409058,0.14609868079423904,"[true, true, true]",False,False,False,66015,0,e827f3a7c15be3cc0e8dad398a812438a042d5fbfc05ac4f148ca8e9393507fa,validation_007,1,6,661283186,13,
9,1.8,A,ramp,True,False,76.04000000000005,21.60000000000005,1,accelerate,2.0,2.0000000000000284,64.0,20.0,1,0,accelerate-maintain,-0.04660844802856445,0.07951927185058594,-0.11837128549814224,1,0.07951927185058594,-0.04660844802856445,0.1261277198791504,0.19789055734872818,"[true, true, true]",False,False,False,66015,0,e827f3a7c15be3cc0e8dad398a812438a042d5fbfc05ac4f148ca8e9393507fa,validation_007,1,6,661283186,13,
9,1.8,B,mainline,True,False,64.0,20.0,0,maintain,0.0,0.0,76.04000000000005,21.60000000000005,1,0,accelerate-maintain,0.026758823543787003,-0.11735992878675461,-0.10590285062789917,0,0.026758823543787003,-0.10590285062789917,0.13266167417168617,0.1441187523305416,"[true, true, true]",False,False,False,66015,0,e827f3a7c15be3cc0e8dad398a812438a042d5fbfc05ac4f148ca8e9393507fa,validation_007,1,6,661283186,13,
10,2.0,A,ramp,True,False,80.40000000000005,22.000000000000057,1,accelerate,2.0,2.0000000000000284,68.0,20.0,1,0,accelerate-maintain,-0.04534091055393219,0.07947516441345215,-0.12004013359546661,1,0.07947516441345215,-0.04534091055393219,0.12481607496738434,0.19951529800891876,"[true, true, true]",False,False,False,66015,0,e827f3a7c15be3cc0e8dad398a812438a042d5fbfc05ac4f148ca8e9393507fa,validation_007,1,6,661283186,13,
10,2.0,B,mainline,True,False,68.0,20.0,0,maintain,0.0,0.0,80.40000000000005,22.000000000000057,1,0,accelerate-maintain,0.027874711900949478,-0.11611708253622055,-0.10585096478462219,0,0.027874711900949478,-0.10585096478462219,0.13372567668557167,0.14399179443717003,"[true, true, true]",False,False,False,66015,0,e827f3a7c15be3cc0e8dad398a812438a042d5fbfc05ac4f148ca8e9393507fa,validation_007,1,6,661283186,13,
11,2.2,A,ramp,True,False,84.84000000000006,22.400000000000063,1,accelerate,2.0,2.0000000000000284,72.0,20.0,1,0,accelerate-maintain,-0.044366613030433655,0.07949218899011612,-0.12178975343704224,1,0.07949218899011612,-0.044366613030433655,0.12385880202054977,0.20128194242715836,"[true, true, true]",False,False,False,66015,0,e827f3a7c15be3cc0e8dad398a812438a042d5fbfc05ac4f148ca8e9393507fa,validation_007,1,6,661283186,13,
11,2.2,B,mainline,True,False,72.0,20.0,0,maintain,0.0,0.0,84.84000000000006,22.400000000000063,1,0,accelerate-maintain,0.028593314811587334,-0.116129569709301,-0.10641616582870483,0,0.028593314811587334,-0.10641616582870483,0.13500948064029217,0.14472288452088833,"[true, true, true]",False,False,False,66015,0,e827f3a7c15be3cc0e8dad398a812438a042d5fbfc05ac4f148ca8e9393507fa,validation_007,1,6,661283186,13,
12,2.4000000000000004,A,ramp,True,False,89.36000000000007,22.800000000000068,1,accelerate,2.0,2.0000000000000284,76.0,20.0,1,0,accelerate-maintain,-0.04281676933169365,0.08005580306053162,-0.12420588731765747,1,0.08005580306053162,-0.04281676933169365,0.12287257239222527,0.2042616903781891,"[true, true, true]",False,False,False,66015,0,e827f3a7c15be3cc0e8dad398a812438a042d5fbfc05ac4f148ca8e9393507fa,validation_007,1,6,661283186,13,
12,2.4000000000000004,B,mainline,True,False,76.0,20.0,0,maintain,0.0,0.0,89.36000000000007,22.800000000000068,1,0,accelerate-maintain,0.02960824966430664,-0.11685198545455933,-0.10757553577423096,0,0.02960824966430664,-0.10757553577423096,0.1371837854385376,0.14646023511886597,"[true, true, true]",False,False,False,66015,0,e827f3a7c15be3cc0e8dad398a812438a042d5fbfc05ac4f148ca8e9393507fa,validation_007,1,6,661283186,13,
13,2.6,A,ramp,True,False,93.96000000000008,23.200000000000074,1,accelerate,2.0,2.0000000000000284,80.0,20.0,1,0,accelerate-maintain,-0.04113854467868805,0.0805729329586029,-0.12635476887226105,1,0.0805729329586029,-0.04113854467868805,0.12171147763729095,0.20692770183086395,"[true, true, true]",False,False,False,66015,0,e827f3a7c15be3cc0e8dad398a812438a042d5fbfc05ac4f148ca8e9393507fa,validation_007,1,6,661283186,13,
13,2.6,B,mainline,True,False,80.0,20.0,0,maintain,0.0,0.0,93.96000000000008,23.200000000000074,1,0,accelerate-maintain,0.03086197003722191,-0.11773306131362915,-0.10880780965089798,0,0.03086197003722191,-0.10880780965089798,0.1396697796881199,0.14859503135085106,"[true, true, true]",False,False,False,66015,0,e827f3a7c15be3cc0e8dad398a812438a042d5fbfc05ac4f148ca8e9393507fa,validation_007,1,6,661283186,13,
14,2.8000000000000003,A,ramp,True,False,98.6400000000001,23.60000000000008,1,accelerate,2.0,2.0000000000000284,84.0,20.0,1,0,accelerate-maintain,-0.03944823518395424,0.08106191456317902,-0.12837724387645721,1,0.08106191456317902,-0.03944823518395424,0.12051014974713326,0.20943915843963623,"[true, true, true]",False,False,False,66015,0,e827f3a7c15be3cc0e8dad398a812438a042d5fbfc05ac4f148ca8e9393507fa,validation_007,1,6,661283186,13,
14,2.8000000000000003,B,mainline,True,False,84.0,20.0,0,maintain,0.0,0.0,98.6400000000001,23.60000000000008,1,0,accelerate-maintain,0.032320715487003326,-0.11851672828197479,-0.11026893556118011,0,0.032320715487003326,-0.11026893556118011,0.14258965104818344,0.15083744376897812,"[true, true, true]",False,False,False,66015,0,e827f3a7c15be3cc0e8dad398a812438a042d5fbfc05ac4f148ca8e9393507fa,validation_007,1,6,661283186,13,
15,3.0,A,ramp,True,False,103.40000000000012,24.000000000000085,1,accelerate,2.0,2.0000000000000284,88.0,20.0,1,0,accelerate-maintain,-0.037607379257678986,0.08142808824777603,-0.1303877830505371,1,0.08142808824777603,-0.037607379257678986,0.11903546750545502,0.21181587129831314,"[true, true, true]",False,False,False,66015,0,e827f3a7c15be3cc0e8dad398a812438a042d5fbfc05ac4f148ca8e9393507fa,validation_007,1,6,661283186,13,11.159287816157303
15,3.0,B,mainline,True,False,88.0,20.0,0,maintain,0.0,0.0,103.40000000000012,24.000000000000085,1,0,accelerate-maintain,0.033798567950725555,-0.11930729448795319,-0.11177342385053635,0,0.033798567950725555,-0.11177342385053635,0.1455719918012619,0.15310586243867874,"[true, true, true]",False,False,False,66015,0,e827f3a7c15be3cc0e8dad398a812438a042d5fbfc05ac4f148ca8e9393507fa,validation_007,1,6,661283186,13,11.159287816157303
16,3.2,A,ramp,True,False,108.24000000000014,24.40000000000009,1,accelerate,2.0,2.0000000000000284,92.0,20.0,1,0,accelerate-maintain,-0.025603381916880608,0.06573832035064697,-0.142110675573349,1,0.06573832035064697,-0.025603381916880608,0.09134170226752758,0.20784899592399597,"[true, true, true]",False,False,False,66015,0,e827f3a7c15be3cc0e8dad398a812438a042d5fbfc05ac4f148ca8e9393507fa,validation_007,1,6,661283186,13,12.041683583210244
16,3.2,B,mainline,True,False,92.0,20.0,0,maintain,0.0,0.0,108.24000000000014,24.40000000000009,1,0,accelerate-maintain,0.04926031827926636,-0.11390253901481628,-0.1443062424659729,0,0.04926031827926636,-0.11390253901481628,0.16316285729408264,0.19356656074523926,"[true, true, true]",False,False,False,66015,0,e827f3a7c15be3cc0e8dad398a812438a042d5fbfc05ac4f148ca8e9393507fa,validation_007,1,6,661283186,13,12.041683583210244
17,3.4000000000000004,A,ramp,True,False,113.16000000000017,24.800000000000097,1,accelerate,2.0,2.0000000000000284,96.0,20.0,1,0,accelerate-maintain,-0.022865887731313705,0.0663909763097763,-0.14303217828273773,1,0.0663909763097763,-0.022865887731313705,0.08925686404109001,0.20942315459251404,"[true, true, true]",False,False,False,66015,0,e827f3a7c15be3cc0e8dad398a812438a042d5fbfc05ac4f148ca8e9393507fa,validation_007,1,6,661283186,13,13.008248536960366
17,3.4000000000000004,B,mainline,True,False,96.0,20.0,0,maintain,0.0,0.0,113.16000000000017,24.800000000000097,1,0,accelerate-maintain,0.05051064118742943,-0.11452502757310867,-0.1463816612958908,0,0.05051064118742943,-0.11452502757310867,0.1650356687605381,0.19689230248332024,"[true, true, true]",False,False,False,66015,0,e827f3a7c15be3cc0e8dad398a812438a042d5fbfc05ac4f148ca8e9393507fa,validation_007,1,6,661283186,13,13.008248536960366
18,3.6,A,ramp,True,False,118.1600000000002,25.200000000000102,1,accelerate,2.0,2.0000000000000284,100.0,20.0,1,0,accelerate-maintain,-0.02009604312479496,0.0670543760061264,-0.14400255680084229,1,0.0670543760061264,-0.02009604312479496,0.08715041913092136,0.2110569328069687,"[true, true, true]",False,False,False,66015,0,e827f3a7c15be3cc0e8dad398a812438a042d5fbfc05ac4f148ca8e9393507fa,validation_007,1,6,661283186,13,14.065010408115967
18,3.6,B,mainline,True,False,100.0,20.0,0,maintain,0.0,0.0,118.1600000000002,25.200000000000102,1,0,accelerate-maintain,0.051338158547878265,-0.1151634156703949,-0.14802676439285278,0,0.051338158547878265,-0.1151634156703949,0.16650157421827316,0.19936492294073105,"[true, true, true]",False,False,False,66015,0,e827f3a7c15be3cc0e8dad398a812438a042d5fbfc05ac4f148ca8e9393507fa,validation_007,1,6,661283186,13,14.065010408115967
19,3.8000000000000003,A,ramp,True,False,123.24000000000021,25.600000000000108,1,accelerate,2.0,2.0000000000000284,104.0,20.0,1,0,accelerate-maintain,-0.017297565937042236,0.06782695651054382,-0.14514003694057465,1,0.06782695651054382,-0.017297565937042236,0.08512452244758606,0.21296699345111847,"[true, true, true]",False,False,False,66015,0,e827f3a7c15be3cc0e8dad398a812438a042d5fbfc05ac4f148ca8e9393507fa,validation_007,1,6,661283186,13,15.213524849020558
19,3.8000000000000003,B,mainline,True,False,104.0,20.0,0,maintain,0.0,0.0,123.24000000000021,25.600000000000108,1,0,accelerate-maintain,0.05173943564295769,-0.11561901867389679,-0.1494716852903366,0,0.05173943564295769,-0.11561901867389679,0.16735845431685448,0.2012111209332943,"[true, true, true]",False,False,False,66015,0,e827f3a7c15be3cc0e8dad398a812438a042d5fbfc05ac4f148ca8e9393507fa,validation_007,1,6,661283186,13,15.213524849020558
20,4.0,A,ramp,True,False,128.40000000000023,26.000000000000114,1,accelerate,2.0,2.0000000000000284,108.0,20.0,1,0,accelerate-maintain,-0.01435059867799282,0.06876294314861298,-0.14622940123081207,1,0.06876294314861298,-0.01435059867799282,0.0831135418266058,0.21499234437942505,"[true, true, true]",False,False,False,66015,0,e827f3a7c15be3cc0e8dad398a812438a042d5fbfc05ac4f148ca8e9393507fa,validation_007,1,6,661283186,13,16.45032321266737
20,4.0,B,mainline,True,False,108.0,20.0,0,maintain,0.0,0.0,128.40000000000023,26.000000000000114,1,0,accelerate-maintain,0.05227470397949219,-0.11570537835359573,-0.1508425623178482,0,0.05227470397949219,-0.11570537835359573,0.16798008233308792,0.2031172662973404,"[true, true, true]",False,False,False,66015,0,e827f3a7c15be3cc0e8dad398a812438a042d5fbfc05ac4f148ca8e9393507fa,validation_007,1,6,661283186,13,16.45032321266737
21,4.2,A,ramp,True,False,133.64000000000024,26.40000000000012,1,accelerate,2.0,2.0000000000000284,112.0,20.0,1,0,accelerate-maintain,-0.011788861826062202,0.07041282206773758,-0.147385373711586,1,0.07041282206773758,-0.011788861826062202,0.08220168389379978,0.21779819577932358,"[true, true, true]",False,False,False,66015,0,e827f3a7c15be3cc0e8dad398a812438a042d5fbfc05ac4f148ca8e9393507fa,validation_007,1,6,661283186,13,17.770068841617444
21,4.2,B,mainline,True,False,112.0,20.0,0,maintain,0.0,0.0,133.64000000000024,26.40000000000012,1,0,accelerate-maintain,0.05298126861453056,-0.1158176138997078,-0.1519044190645218,0,0.05298126861453056,-0.1158176138997078,0.16879888251423836,0.20488568767905235,"[true, true, true]",False,False,False,66015,0,e827f3a7c15be3cc0e8dad398a812438a042d5fbfc05ac4f148ca8e9393507fa,validation_007,1,6,661283186,13,17.770068841617444
22,4.4,A,ramp,True,False,138.9600000000003,26.800000000000125,1,accelerate,2.0,2.0000000000000284,116.0,20.0,1,0,accelerate-maintain,-0.009502910077571869,0.07219194620847702,-0.14868274331092834,1,0.07219194620847702,-0.009502910077571869,0.08169485628604889,0.22087468951940536,"[true, true, true]",False,False,False,66015,0,e827f3a7c15be3cc0e8dad398a812438a042d5fbfc05ac4f148ca8e9393507fa,validation_007,1,6,661283186,13,19.170068760524202
22,4.4,B,mainline,True,False,116.0,20.0,0,maintain,0.0,0.0,138.9600000000003,26.800000000000125,1,0,accelerate-maintain,0.05367317423224449,-0.11719146370887756,-0.15237067639827728,0,0.05367317423224449,-0.11719146370887756,0.17086463794112206,0.20604385063052177,"[true, true, true]",False,False,False,66015,0,e827f3a7c15be3cc0e8dad398a812438a042d5fbfc05ac4f148ca8e9393507fa,validation_007,1,6,661283186,13,19.170068760524202
23,4.6000000000000005,A,ramp,True,False,144.36000000000033,27.20000000000013,1,accelerate,2.0,2.0000000000000284,120.0,20.0,1,0,accelerate-maintain,-0.008118953555822372,0.07321123778820038,-0.14902356266975403,1,0.07321123778820038,-0.008118953555822372,0.08133019134402275,0.2222348004579544,"[true, true, true]",False,False,False,66015,0,e827f3a7c15be3cc0e8dad398a812438a042d5fbfc05ac4f148ca8e9393507fa,validation_007,1,6,661283186,13,20.65006876052422
23,4.6000000000000005,B,mainline,True,False,120.0,20.0,0,maintain,0.0,0.0,144.36000000000033,27.20000000000013,1,0,accelerate-maintain,0.05396062880754471,-0.11801761388778687,-0.15328823029994965,0,0.05396062880754471,-0.11801761388778687,0.17197824269533157,0.20724885910749435,"[true, true, true]",False,False,False,66015,0,e827f3a7c15be3cc0e8dad398a812438a042d5fbfc05ac4f148ca8e9393507fa,validation_007,1,6,661283186,13,20.65006876052422
24,4.800000000000001,A,ramp,True,False,149.84000000000034,27.600000000000136,1,accelerate,2.0,2.0000000000000284,124.0,20.0,1,0,accelerate-maintain,-0.006768295541405678,0.07321864366531372,-0.15025776624679565,1,0.07321864366531372,-0.006768295541405678,0.0799869392067194,0.22347640991210938,"[true, true, true]",False,False,False,66015,0,e827f3a7c15be3cc0e8dad398a812438a042d5fbfc05ac4f148ca8e9393507fa,validation_007,1,6,661283186,13,22.21006876052425
24,4.800000000000001,B,mainline,True,False,124.0,20.0,0,maintain,0.0,0.0,149.84000000000034,27.600000000000136,1,0,accelerate-maintain,0.054376646876335144,-0.1176614835858345,-0.1540517508983612,0,0.054376646876335144,-0.1176614835858345,0.17203813046216965,0.20842839777469635,"[true, true, true]",False,False,False,66015,0,e827f3a7c15be3cc0e8dad398a812438a042d5fbfc05ac4f148ca8e9393507fa,validation_007,1,6,661283186,13,22.21006876052425
25,5.0,A,ramp,True,False,155.40000000000038,28.000000000000142,1,accelerate,2.0,2.0000000000000284,128.0,20.0,1,0,accelerate-maintain,-0.005699047818779945,0.07285704463720322,-0.15184298157691956,1,0.07285704463720322,-0.005699047818779945,0.07855609245598316,0.22470002621412277,"[true, true, true]",False,False,False,66015,0,e827f3a7c15be3cc0e8dad398a812438a042d5fbfc05ac4f148ca8e9393507fa,validation_007,1,6,661283186,13,23.850068760524266
25,5.0,B,mainline,True,False,128.0,20.0,0,maintain,0.0,0.0,155.40000000000038,28.000000000000142,1,0,accelerate-maintain,0.05476953089237213,-0.11730434000492096,-0.15478534996509552,0,0.05476953089237213,-0.11730434000492096,0.1720738708972931,0.20955488085746765,"[true, true, true]",False,False,False,66015,0,e827f3a7c15be3cc0e8dad398a812438a042d5fbfc05ac4f148ca8e9393507fa,validation_007,1,6,661283186,13,23.850068760524266
26,5.2,A,ramp,True,False,161.0400000000004,28.400000000000148,1,accelerate,2.0,2.0000000000000284,132.0,20.0,1,0,accelerate-maintain,-0.004568023607134819,0.07228251546621323,-0.15371303260326385,1,0.07228251546621323,-0.004568023607134819,0.07685053907334805,0.22599554806947708,"[true, true, true]",False,False,False,66015,0,e827f3a7c15be3cc0e8dad398a812438a042d5fbfc05ac4f148ca8e9393507fa,validation_007,1,6,661283186,13,25.570068760524293
26,5.2,B,mainline,True,False,132.0,20.0,0,maintain,0.0,0.0,161.0400000000004,28.400000000000148,1,0,accelerate-maintain,0.05488992854952812,-0.11769424378871918,-0.1554201990365982,0,0.05488992854952812,-0.11769424378871918,0.1725841723382473,0.21031012758612633,"[true, true, true]",False,False,False,66015,0,e827f3a7c15be3cc0e8dad398a812438a042d5fbfc05ac4f148ca8e9393507fa,validation_007,1,6,661283186,13,25.570068760524293
27,5.4,A,ramp,True,False,166.76000000000042,28.800000000000153,1,accelerate,2.0,2.0000000000000284,136.0,20.0,1,0,accelerate-maintain,-0.003140229731798172,0.07152946293354034,-0.15589748322963715,1,0.07152946293354034,-0.003140229731798172,0.07466969266533852,0.2274269461631775,"[true, true, true]",False,False,False,66015,0,e827f3a7c15be3cc0e8dad398a812438a042d5fbfc05ac4f148ca8e9393507fa,validation_007,1,6,661283186,13,27.370068760524333
27,5.4,B,mainline,True,False,136.0,20.0,0,maintain,0.0,0.0,166.76000000000042,28.800000000000153,1,0,accelerate-maintain,0.055047426372766495,-0.11801499128341675,-0.15608187019824982,0,0.055047426372766495,-0.11801499128341675,0.17306241765618324,0.2111292965710163,"[true, true, true]",False,False,False,66015,0,e827f3a7c15be3cc0e8dad398a812438a042d5fbfc05ac4f148ca8e9393507fa,validation_007,1,6,661283186,13,27.370068760524333
28,5.6000000000000005,A,ramp,True,False,172.56000000000046,29.20000000000016,1,accelerate,2.0,2.0000000000000284,140.0,20.0,1,0,accelerate-maintain,-0.0017100721597671509,0.0707617849111557,-0.15812183916568756,1,0.0707617849111557,-0.0017100721597671509,0.07247185707092285,0.22888362407684326,"[true, true, true]",False,False,False,66015,0,e827f3a7c15be3cc0e8dad398a812438a042d5fbfc05ac4f148ca8e9393507fa,validation_007,1,6,661283186,13,29.250068760524357
28,5.6000000000000005,B,mainline,True,False,140.0,20.0,0,maintain,0.0,0.0,172.56000000000046,29.20000000000016,1,0,accelerate-maintain,0.05512481555342674,-0.11814531683921814,-0.15671034157276154,0,0.05512481555342674,-0.11814531683921814,0.17327013239264488,0.21183515712618828,"[true, true, true]",False,False,False,66015,0,e827f3a7c15be3cc0e8dad398a812438a042d5fbfc05ac4f148ca8e9393507fa,validation_007,1,6,661283186,13,29.250068760524357
29,5.800000000000001,A,ramp,True,False,178.44000000000048,29.600000000000165,1,accelerate,2.0,1.9999999999966178,144.0,20.0,1,0,accelerate-maintain,0.00019299238920211792,0.06951209157705307,-0.16050638258457184,1,0.06951209157705307,0.00019299238920211792,0.06931909918785095,0.2300184741616249,"[true, true, true]",False,False,False,66015,0,e827f3a7c15be3cc0e8dad398a812438a042d5fbfc05ac4f148ca8e9393507fa,validation_007,1,6,661283186,13,31.210068760524393
29,5.800000000000001,B,mainline,True,False,144.0,20.0,0,maintain,0.0,0.0,178.44000000000048,29.600000000000165,1,0,accelerate-maintain,0.0554068498313427,-0.11892688274383545,-0.15735654532909393,0,0.0554068498313427,-0.11892688274383545,0.17433373257517815,0.21276339516043663,"[true, true, true]",False,False,False,66015,0,e827f3a7c15be3cc0e8dad398a812438a042d5fbfc05ac4f148ca8e9393507fa,validation_007,1,6,661283186,13,31.210068760524393
30,6.0,A,ramp,True,False,184.40000000000052,30.0,1,accelerate,2.0,0.0,148.0,20.0,1,0,accelerate-maintain,0.0026388652622699738,0.06828277558088303,-0.16249433159828186,1,0.06828277558088303,0.0026388652622699738,0.06564391031861305,0.2307771071791649,"[true, true, true]",False,False,False,66015,0,e827f3a7c15be3cc0e8dad398a812438a042d5fbfc05ac4f148ca8e9393507fa,validation_007,1,6,661283186,13,33.21006876052439
30,6.0,B,mainline,True,False,148.0,20.0,0,maintain,0.0,0.0,184.40000000000052,30.0,1,0,accelerate-maintain,0.055272769182920456,-0.12028178572654724,-0.1593526154756546,0,0.055272769182920456,-0.12028178572654724,0.1755545549094677,0.21462538465857506,"[true, true, true]",False,False,False,66015,0,e827f3a7c15be3cc0e8dad398a812438a042d5fbfc05ac4f148ca8e9393507fa,validation_007,1,6,661283186,13,33.21006876052439
31,6.2,A,ramp,True,False,190.40000000000052,30.0,1,accelerate,2.0,0.0,152.0,20.0,1,0,accelerate-maintain,0.005343444645404816,0.06719617545604706,-0.1643279641866684,1,0.06719617545604706,0.005343444645404816,0.06185273081064224,0.23152413964271545,"[true, true, true]",False,False,False,66015,0,e827f3a7c15be3cc0e8dad398a812438a042d5fbfc05ac4f148ca8e9393507fa,validation_007,1,6,661283186,13,35.21006876052439
31,6.2,B,mainline,True,False,152.0,20.0,0,maintain,0.0,0.0,190.40000000000052,30.0,1,0,accelerate-maintain,0.05445040389895439,-0.12087709456682205,-0.16079141199588776,0,0.05445040389895439,-0.12087709456682205,0.17532749846577644,0.21524181589484215,"[true, true, true]",False,False,False,66015,0,e827f3a7c15be3cc0e8dad398a812438a042d5fbfc05ac4f148ca8e9393507fa,validation_007,1,6,661283186,13,35.21006876052439
32,6.4,A,ramp,True,False,196.40000000000052,30.0,1,accelerate,2.0,0.0,156.0,20.0,1,0,accelerate-maintain,0.00808543711900711,0.0663653314113617,-0.16700847446918488,1,0.0663653314113617,0.00808543711900711,0.058279894292354584,0.23337380588054657,"[true, true, true]",False,False,False,66015,0,e827f3a7c15be3cc0e8dad398a812438a042d5fbfc05ac4f148ca8e9393507fa,validation_007,1,6,661283186,13,37.21006876052439
32,6.4,B,mainline,True,False,156.0,20.0,0,maintain,0.0,0.0,196.40000000000052,30.0,1,0,accelerate-maintain,0.053582813590765,-0.12164454907178879,-0.16225552558898926,0,0.053582813590765,-0.12164454907178879,0.1752273626625538,0.21583833917975426,"[true, true, true]",False,False,False,66015,0,e827f3a7c15be3cc0e8dad398a812438a042d5fbfc05ac4f148ca8e9393507fa,validation_007,1,6,661283186,13,37.21006876052439
33,6.6000000000000005,A,ramp,True,False,202.40000000000052,30.0,1,accelerate,2.0,0.0,160.0,20.0,1,0,accelerate-maintain,0.01189018040895462,0.0656128004193306,-0.16909858584403992,1,0.0656128004193306,0.01189018040895462,0.05372262001037598,0.23471138626337051,"[true, true, true]",False,False,False,66015,0,e827f3a7c15be3cc0e8dad398a812438a042d5fbfc05ac4f148ca8e9393507fa,validation_007,1,6,661283186,13,39.21006876052439
33,6.6000000000000005,B,mainline,True,False,160.0,20.0,0,maintain,0.0,0.0,202.40000000000052,30.0,1,0,accelerate-maintain,0.05250908434391022,-0.12319405376911163,-0.16383692622184753,0,0.05250908434391022,-0.12319405376911163,0.17570313811302185,0.21634601056575775,"[true, true, true]",False,False,False,66015,0,e827f3a7c15be3cc0e8dad398a812438a042d5fbfc05ac4f148ca8e9393507fa,validation_007,1,6,661283186,13,39.21006876052439
34,6.800000000000001,A,ramp,True,False,208.40000000000052,30.0,1,accelerate,2.0,0.0,164.0,20.0,1,0,accelerate-maintain,0.016461636871099472,0.06463965028524399,-0.17098379135131836,1,0.06463965028524399,0.016461636871099472,0.048178013414144516,0.23562344163656235,"[true, true, true]",False,False,False,66015,0,e827f3a7c15be3cc0e8dad398a812438a042d5fbfc05ac4f148ca8e9393507fa,validation_007,1,6,661283186,13,41.21006876052439
34,6.800000000000001,B,mainline,True,False,164.0,20.0,0,maintain,0.0,0.0,208.40000000000052,30.0,1,0,accelerate-maintain,0.051134176552295685,-0.12435033172369003,-0.16589824855327606,0,0.051134176552295685,-0.12435033172369003,0.17548450827598572,0.21703242510557175,"[true, true, true]",False,False,False,66015,0,e827f3a7c15be3cc0e8dad398a812438a042d5fbfc05ac4f148ca8e9393507fa,validation_007,1,6,661283186,13,41.21006876052439
35,7.0,A,ramp,True,False,214.40000000000052,30.0,1,accelerate,2.0,0.0,168.0,20.0,1,0,accelerate-maintain,0.020921505987644196,0.063246950507164,-0.17326167225837708,1,0.063246950507164,0.020921505987644196,0.042325444519519806,0.23650862276554108,"[true, true, true]",False,False,False,66015,0,e827f3a7c15be3cc0e8dad398a812438a042d5fbfc05ac4f148ca8e9393507fa,validation_007,1,6,661283186,13,43.21006876052439
35,7.0,B,mainline,True,False,168.0,20.0,0,maintain,0.0,0.0,214.40000000000052,30.0,1,0,accelerate-maintain,0.049846455454826355,-0.12532803416252136,-0.16805574297904968,0,0.049846455454826355,-0.12532803416252136,0.17517448961734772,0.21790219843387604,"[true, true, true]",False,False,False,66015,0,e827f3a7c15be3cc0e8dad398a812438a042d5fbfc05ac4f148ca8e9393507fa,validation_007,1,6,661283186,13,43.21006876052439
36,7.2,A,ramp,True,False,220.40000000000052,30.0,0,maintain,2.0,0.0,172.0,20.0,0,0,maintain-maintain,0.04139476269483566,0.035438891500234604,-0.13792447745800018,0,0.04139476269483566,0.035438891500234604,0.005955871194601059,0.17931924015283585,"[true, true, true]",False,False,False,66015,0,e827f3a7c15be3cc0e8dad398a812438a042d5fbfc05ac4f148ca8e9393507fa,validation_007,1,6,661283186,13,45.21006876052439
36,7.2,B,mainline,True,False,172.0,20.0,0,maintain,0.0,0.0,220.40000000000052,30.0,0,0,maintain-maintain,0.052011191844940186,-0.12169045209884644,-0.18098583817481995,0,0.052011191844940186,-0.12169045209884644,0.17370164394378662,0.23299703001976013,"[true, true, true]",False,False,False,66015,0,e827f3a7c15be3cc0e8dad398a812438a042d5fbfc05ac4f148ca8e9393507fa,validation_007,1,6,661283186,13,45.21006876052439
37,7.4,A,ramp,True,False,226.40000000000052,30.0,0,maintain,0.0,0.0,176.0,20.0,0,0,maintain-maintain,0.045446351170539856,0.033885981887578964,-0.13926900923252106,0,0.045446351170539856,0.033885981887578964,0.011560369282960892,0.1847153604030609,"[true, true, true]",False,False,False,66015,0,e827f3a7c15be3cc0e8dad398a812438a042d5fbfc05ac4f148ca8e9393507fa,validation_007,1,6,661283186,13,47.21006876052439
37,7.4,B,mainline,True,False,176.0,20.0,0,maintain,0.0,0.0,226.40000000000052,30.0,0,0,maintain-maintain,0.05047617107629776,-0.12146852910518646,-0.1835954636335373,0,0.05047617107629776,-0.12146852910518646,0.17194470018148422,0.23407163470983505,"[true, true, true]",False,False,False,66015,0,e827f3a7c15be3cc0e8dad398a812438a042d5fbfc05ac4f148ca8e9393507fa,validation_007,1,6,661283186,13,47.21006876052439
38,7.6000000000000005,A,ramp,True,False,232.40000000000052,30.0,0,maintain,0.0,0.0,180.0,20.0,0,0,maintain-maintain,0.048905566334724426,0.03282630071043968,-0.14058777689933777,0,0.048905566334724426,0.03282630071043968,0.016079265624284744,0.1894933432340622,"[true, true, true]",False,False,False,66015,0,e827f3a7c15be3cc0e8dad398a812438a042d5fbfc05ac4f148ca8e9393507fa,validation_007,1,6,661283186,13,49.21006876052439
38,7.6000000000000005,B,mainline,True,False,180.0,20.0,0,maintain,0.0,0.0,232.40000000000052,30.0,0,0,maintain-maintain,0.04923994094133377,-0.12091663479804993,-0.1857486516237259,0,0.04923994094133377,-0.12091663479804993,0.1701565757393837,0.23498859256505966,"[true, true, true]",False,False,False,66015,0,e827f3a7c15be3cc0e8dad398a812438a042d5fbfc05ac4f148ca8e9393507fa,validation_007,1,6,661283186,13,49.21006876052439
39,7.800000000000001,A,ramp,True,False,238.40000000000052,30.0,0,maintain,0.0,0.0,184.0,20.0,0,0,maintain-maintain,0.05208884924650192,0.03228810057044029,-0.1420327126979828,0,0.05208884924650192,0.03228810057044029,0.01980074867606163,0.1941215619444847,"[true, true, true]",False,False,False,66015,0,e827f3a7c15be3cc0e8dad398a812438a042d5fbfc05ac4f148ca8e9393507fa,validation_007,1,6,661283186,13,51.21006876052439
39,7.800000000000001,B,mainline,True,False,184.0,20.0,0,maintain,0.0,0.0,238.40000000000052,30.0,0,0,maintain-maintain,0.04884612560272217,-0.11940573900938034,-0.18726113438606262,0,0.04884612560272217,-0.11940573900938034,0.1682518646121025,0.2361072599887848,"[true, true, true]",False,False,False,66015,0,e827f3a7c15be3cc0e8dad398a812438a042d5fbfc05ac4f148ca8e9393507fa,validation_007,1,6,661283186,13,51.21006876052439
40,8.0,A,ramp,True,False,244.40000000000052,30.0,0,maintain,0.0,0.0,188.0,20.0,0,0,maintain-maintain,0.05477667599916458,0.03153746575117111,-0.1433638632297516,0,0.05477667599916458,0.03153746575117111,0.02323921024799347,0.19814053922891617,"[true, true, true]",False,False,False,66015,0,e827f3a7c15be3cc0e8dad398a812438a042d5fbfc05ac4f148ca8e9393507fa,validation_007,1,6,661283186,13,53.21006876052439
40,8.0,B,mainline,True,False,188.0,20.0,0,maintain,0.0,0.0,244.40000000000052,30.0,0,0,maintain-maintain,0.04840071126818657,-0.11857470870018005,-0.1888323575258255,0,0.04840071126818657,-0.11857470870018005,0.16697541996836662,0.23723306879401207,"[true, true, true]",False,False,False,66015,0,e827f3a7c15be3cc0e8dad398a812438a042d5fbfc05ac4f148ca8e9393507fa,validation_007,1,6,661283186,13,53.21006876052439
41,8.200000000000001,A,ramp,True,False,250.40000000000052,30.0,0,maintain,0.0,0.0,192.0,20.0,0,0,maintain-maintain,0.057376377284526825,0.03076149709522724,-0.14464522898197174,0,0.057376377284526825,0.03076149709522724,0.026614880189299583,0.20202160626649857,"[true, true, true]",False,False,False,66015,0,e827f3a7c15be3cc0e8dad398a812438a042d5fbfc05ac4f148ca8e9393507fa,validation_007,1,6,661283186,13,55.21006876052445
41,8.200000000000001,B,mainline,True,False,192.0,20.0,0,maintain,0.0,0.0,250.40000000000052,30.0,0,0,maintain-maintain,0.04791219159960747,-0.11777541041374207,-0.1903180032968521,0,0.04791219159960747,-0.11777541041374207,0.16568760201334953,0.23823019489645958,"[true, true, true]",False,False,False,66015,0,e827f3a7c15be3cc0e8dad398a812438a042d5fbfc05ac4f148ca8e9393507fa,validation_007,1,6,661283186,13,55.21006876052445
42,8.4,A,ramp,True,False,256.40000000000055,30.0,0,maintain,0.0,0.0,196.0,20.0,0,0,maintain-maintain,0.0598718523979187,0.0299555491656065,-0.14586764574050903,0,0.0598718523979187,0.0299555491656065,0.029916303232312202,0.20573949813842773,"[true, true, true]",False,False,False,66015,0,e827f3a7c15be3cc0e8dad398a812438a042d5fbfc05ac4f148ca8e9393507fa,validation_007,1,6,661283186,13,
42,8.4,B,mainline,True,False,196.0,20.0,0,maintain,0.0,0.0,256.40000000000055,30.0,0,0,maintain-maintain,0.047424159944057465,-0.11697634309530258,-0.19180336594581604,0,0.047424159944057465,-0.11697634309530258,0.16440050303936005,0.2392275258898735,"[true, true, true]",False,False,False,66015,0,e827f3a7c15be3cc0e8dad398a812438a042d5fbfc05ac4f148ca8e9393507fa,validation_007,1,6,661283186,13,
43,8.6,A,ramp,False,True,260.90000000000055,0.0,0,maintain,0.0,0.0,200.0,20.0,0,0,inactive-active,0.02535891905426979,0.003388170152902603,-0.17852520942687988,0,0.02535891905426979,0.003388170152902603,0.021970748901367188,0.20388412848114967,"[true, true, true]",False,False,False,66015,0,e827f3a7c15be3cc0e8dad398a812438a042d5fbfc05ac4f148ca8e9393507fa,validation_007,1,6,661283186,13,
43,8.6,B,mainline,True,False,200.0,20.0,0,maintain,0.0,0.0,260.90000000000055,0.0,0,0,inactive-active,-0.016834430396556854,-0.10419556498527527,-0.11750224232673645,0,-0.016834430396556854,-0.10419556498527527,0.08736113458871841,0.1006678119301796,"[true, true, true]",False,False,False,66015,0,e827f3a7c15be3cc0e8dad398a812438a042d5fbfc05ac4f148ca8e9393507fa,validation_007,1,6,661283186,13,
44,8.8,A,ramp,False,True,260.90000000000055,0.0,0,maintain,0.0,0.0,204.0,20.0,0,0,inactive-active,0.026264727115631104,0.005707241594791412,-0.17705261707305908,0,0.026264727115631104,0.005707241594791412,0.02055748552083969,0.20331734418869019,"[true, true, true]",False,False,False,66015,0,e827f3a7c15be3cc0e8dad398a812438a042d5fbfc05ac4f148ca8e9393507fa,validation_007,1,6,661283186,13,
44,8.8,B,mainline,True,False,204.0,20.0,0,maintain,0.0,0.0,260.90000000000055,0.0,0,0,inactive-active,-0.01593627780675888,-0.10395251214504242,-0.1157335489988327,0,-0.01593627780675888,-0.10395251214504242,0.08801623433828354,0.09979727119207382,"[true, true, true]",False,False,False,66015,0,e827f3a7c15be3cc0e8dad398a812438a042d5fbfc05ac4f148ca8e9393507fa,validation_007,1,6,661283186,13,
45,9.0,A,ramp,False,True,260.90000000000055,0.0,0,maintain,0.0,0.0,208.0,20.0,0,0,inactive-active,0.027019251137971878,0.00805068388581276,-0.17571967840194702,0,0.027019251137971878,0.00805068388581276,0.01896856725215912,0.2027389295399189,"[true, true, true]",False,False,False,66015,0,e827f3a7c15be3cc0e8dad398a812438a042d5fbfc05ac4f148ca8e9393507fa,validation_007,1,6,661283186,13,
45,9.0,B,mainline,True,False,208.0,20.0,0,maintain,0.0,0.0,260.90000000000055,0.0,0,0,inactive-active,-0.015039026737213135,-0.103709377348423,-0.11396344006061554,0,-0.015039026737213135,-0.103709377348423,0.08867035061120987,0.0989244133234024,"[true, true, true]",False,False,False,66015,0,e827f3a7c15be3cc0e8dad398a812438a042d5fbfc05ac4f148ca8e9393507fa,validation_007,1,6,661283186,13,
46,9.200000000000001,A,ramp,False,True,260.90000000000055,0.0,0,maintain,0.0,0.0,212.0,20.0,0,0,inactive-active,0.02761629968881607,0.010421715676784515,-0.17448312044143677,0,0.02761629968881607,0.010421715676784515,0.017194584012031555,0.20209942013025284,"[true, true, true]",False,False,False,66015,0,e827f3a7c15be3cc0e8dad398a812438a042d5fbfc05ac4f148ca8e9393507fa,validation_007,1,6,661283186,13,
46,9.200000000000001,B,mainline,True,False,212.0,20.0,0,maintain,0.0,0.0,260.90000000000055,0.0,0,0,inactive-active,-0.014104880392551422,-0.1034320667386055,-0.11211694031953812,0,-0.014104880392551422,-0.1034320667386055,0.08932718634605408,0.0980120599269867,"[true, true, true]",False,False,False,66015,0,e827f3a7c15be3cc0e8dad398a812438a042d5fbfc05ac4f148ca8e9393507fa,validation_007,1,6,661283186,13,
47,9.4,A,ramp,False,True,260.90000000000055,0.0,0,maintain,0.0,0.0,216.0,20.0,0,0,inactive-active,0.028481338173151016,0.013051033020019531,-0.17345543205738068,0,0.028481338173151016,0.013051033020019531,0.015430305153131485,0.2019367702305317,"[true, true, true]",False,False,False,66015,0,e827f3a7c15be3cc0e8dad398a812438a042d5fbfc05ac4f148ca8e9393507fa,validation_007,1,6,661283186,13,
47,9.4,B,mainline,True,False,216.0,20.0,0,maintain,0.0,0.0,260.90000000000055,0.0,0,0,inactive-active,-0.01302579790353775,-0.10302356630563736,-0.10998013615608215,0,-0.01302579790353775,-0.10302356630563736,0.08999776840209961,0.0969543382525444,"[true, true, true]",False,False,False,66015,0,e827f3a7c15be3cc0e8dad398a812438a042d5fbfc05ac4f148ca8e9393507fa,validation_007,1,6,661283186,13,
48,9.600000000000001,A,ramp,False,True,260.90000000000055,0.0,0,maintain,0.0,0.0,220.0,20.0,0,0,inactive-active,0.029356859624385834,0.015727393329143524,-0.17254772782325745,0,0.029356859624385834,0.015727393329143524,0.01362946629524231,0.20190458744764328,"[true, true, true]",False,False,False,66015,0,e827f3a7c15be3cc0e8dad398a812438a042d5fbfc05ac4f148ca8e9393507fa,validation_007,1,6,661283186,13,
48,9.600000000000001,B,mainline,True,False,220.0,20.0,0,maintain,0.0,0.0,260.90000000000055,0.0,0,0,inactive-active,-0.011947695165872574,-0.10261496156454086,-0.10784192383289337,0,-0.011947695165872574,-0.10261496156454086,0.09066726639866829,0.0958942286670208,"[true, true, true]",False,False,False,66015,0,e827f3a7c15be3cc0e8dad398a812438a042d5fbfc05ac4f148ca8e9393507fa,validation_007,1,6,661283186,13,
49,9.8,A,ramp,False,True,260.90000000000055,0.0,0,maintain,0.0,0.0,224.0,20.0,0,0,inactive-active,0.03024405613541603,0.018549196422100067,-0.17205700278282166,0,0.03024405613541603,0.018549196422100067,0.011694859713315964,0.2023010589182377,"[true, true, true]",False,False,False,66015,0,e827f3a7c15be3cc0e8dad398a812438a042d5fbfc05ac4f148ca8e9393507fa,validation_007,1,6,661283186,13,
49,9.8,B,mainline,True,False,224.0,20.0,0,maintain,0.0,0.0,260.90000000000055,0.0,0,0,inactive-active,-0.010751821100711823,-0.1022050678730011,-0.10571824014186859,0,-0.010751821100711823,-0.1022050678730011,0.09145324677228928,0.09496641904115677,"[true, true, true]",False,False,False,66015,0,e827f3a7c15be3cc0e8dad398a812438a042d5fbfc05ac4f148ca8e9393507fa,validation_007,1,6,661283186,13,
50,10.0,A,ramp,False,True,260.90000000000055,0.0,0,maintain,0.0,0.0,228.0,20.0,0,0,inactive-active,0.031126707792282104,0.02107486128807068,-0.171767920255661,0,0.031126707792282104,0.02107486128807068,0.010051846504211426,0.20289462804794312,"[true, true, true]",False,False,False,66015,0,e827f3a7c15be3cc0e8dad398a812438a042d5fbfc05ac4f148ca8e9393507fa,validation_007,1,6,661283186,13,
50,10.0,B,mainline,True,False,228.0,20.0,0,maintain,0.0,0.0,260.90000000000055,0.0,0,0,inactive-active,-0.009281076490879059,-0.10179220139980316,-0.10363008081912994,0,-0.009281076490879059,-0.10179220139980316,0.0925111249089241,0.09434900432825089,"[true, true, true]",False,False,False,66015,0,e827f3a7c15be3cc0e8dad398a812438a042d5fbfc05ac4f148ca8e9393507fa,validation_007,1,6,661283186,13,
51,10.200000000000001,A,ramp,False,True,260.90000000000055,0.0,0,maintain,0.0,0.0,232.0,20.0,0,0,inactive-active,0.031859949231147766,0.02341294288635254,-0.17169520258903503,0,0.031859949231147766,0.02341294288635254,0.008447006344795227,0.2035551518201828,"[true, true, true]",False,False,False,66015,0,e827f3a7c15be3cc0e8dad398a812438a042d5fbfc05ac4f148ca8e9393507fa,validation_007,1,6,661283186,13,
51,10.200000000000001,B,mainline,True,False,232.0,20.0,0,maintain,0.0,0.0,260.90000000000055,0.0,0,0,inactive-active,-0.0077653080224990845,-0.10165604948997498,-0.10171294212341309,0,-0.0077653080224990845,-0.10165604948997498,0.09389074146747589,0.093947634100914,"[true, true, true]",False,False,False,66015,0,e827f3a7c15be3cc0e8dad398a812438a042d5fbfc05ac4f148ca8e9393507fa,validation_007,1,6,661283186,13,
52,10.4,A,ramp,False,True,260.90000000000055,0.0,0,maintain,0.0,0.0,236.0,20.0,0,0,inactive-active,0.03206674009561539,0.025163613259792328,-0.1723340004682541,0,0.03206674009561539,0.025163613259792328,0.006903126835823059,0.20440074056386948,"[true, true, true]",False,False,False,66015,0,e827f3a7c15be3cc0e8dad398a812438a042d5fbfc05ac4f148ca8e9393507fa,validation_007,1,6,661283186,13,
52,10.4,B,mainline,True,False,236.0,20.0,0,maintain,0.0,0.0,260.90000000000055,0.0,0,0,inactive-active,-0.006219126284122467,-0.10179334878921509,-0.09996722638607025,0,-0.006219126284122467,-0.09996722638607025,0.09374810010194778,0.09557422250509262,"[true, true, true]",False,False,False,66015,0,e827f3a7c15be3cc0e8dad398a812438a042d5fbfc05ac4f148ca8e9393507fa,validation_007,1,6,661283186,13,
53,10.600000000000001,A,ramp,False,True,260.90000000000055,0.0,0,maintain,0.0,0.0,240.0,20.0,0,0,inactive-active,0.0322735570371151,0.0269146841019392,-0.1729731261730194,0,0.0322735570371151,0.0269146841019392,0.005358872935175896,0.2052466832101345,"[true, true, true]",False,False,False,66015,0,e827f3a7c15be3cc0e8dad398a812438a042d5fbfc05ac4f148ca8e9393507fa,validation_007,1,6,661283186,13,
53,10.600000000000001,B,mainline,True,False,240.0,20.0,0,maintain,0.0,0.0,260.90000000000055,0.0,0,0,inactive-active,-0.004705905914306641,-0.10193464159965515,-0.09826261550188065,0,-0.004705905914306641,-0.09826261550188065,0.093556709587574,0.09722873568534851,"[true, true, true]",False,False,False,66015,0,e827f3a7c15be3cc0e8dad398a812438a042d5fbfc05ac4f148ca8e9393507fa,validation_007,1,6,661283186,13,
54,10.8,A,ramp,False,True,260.90000000000055,0.0,0,maintain,0.0,0.0,244.0,20.0,0,0,inactive-active,0.03248041495680809,0.028666207566857338,-0.1736125946044922,0,0.03248041495680809,0.028666207566857338,0.0038142073899507523,0.20609300956130028,"[true, true, true]",False,False,False,66015,0,e827f3a7c15be3cc0e8dad398a812438a042d5fbfc05ac4f148ca8e9393507fa,validation_007,1,6,661283186,13,
54,10.8,B,mainline,True,False,244.0,20.0,0,maintain,0.0,0.0,260.90000000000055,0.0,0,0,inactive-active,-0.0030150748789310455,-0.10191640257835388,-0.09623515605926514,0,-0.0030150748789310455,-0.09623515605926514,0.09322008118033409,0.09890132769942284,"[true, true, true]",False,False,False,66015,0,e827f3a7c15be3cc0e8dad398a812438a042d5fbfc05ac4f148ca8e9393507fa,validation_007,1,6,661283186,13,
55,11.0,A,ramp,False,True,260.90000000000055,0.0,0,maintain,0.0,0.0,248.0,20.0,0,0,inactive-active,0.032687313854694366,0.03041813150048256,-0.17425237596035004,0,0.032687313854694366,0.03041813150048256,0.0022691823542118073,0.2069396898150444,"[true, true, true]",False,False,False,66015,0,e827f3a7c15be3cc0e8dad398a812438a042d5fbfc05ac4f148ca8e9393507fa,validation_007,1,6,661283186,13,
55,11.0,B,mainline,True,False,248.0,20.0,0,maintain,0.0,0.0,260.90000000000055,0.0,0,0,inactive-active,-0.0012173280119895935,-0.10197873413562775,-0.09434343129396439,0,-0.0012173280119895935,-0.09434343129396439,0.09312610328197479,0.10076140612363815,"[true, true, true]",False,False,False,66015,0,e827f3a7c15be3cc0e8dad398a812438a042d5fbfc05ac4f148ca8e9393507fa,validation_007,1,6,661283186,13,
56,11.200000000000001,A,ramp,False,True,260.90000000000055,0.0,0,maintain,0.0,0.0,252.0,20.0,0,0,inactive-active,0.032914210110902786,0.03216100111603737,-0.17489033937454224,0,0.032914210110902786,0.03216100111603737,0.0007532089948654175,0.20780454948544502,"[true, true, true]",False,False,False,66015,0,e827f3a7c15be3cc0e8dad398a812438a042d5fbfc05ac4f148ca8e9393507fa,validation_007,1,6,661283186,13,
56,11.200000000000001,B,mainline,True,False,252.0,20.0,0,maintain,0.0,0.0,260.90000000000055,0.0,0,0,inactive-active,0.0005798228085041046,-0.10204121470451355,-0.09245118498802185,0,0.0005798228085041046,-0.09245118498802185,0.09303100779652596,0.10262103751301765,"[true, true, true]",False,False,False,66015,0,e827f3a7c15be3cc0e8dad398a812438a042d5fbfc05ac4f148ca8e9393507fa,validation_007,1,6,661283186,13,
57,11.4,A,ramp,False,True,260.90000000000055,0.0,0,maintain,0.0,0.0,256.0,20.0,0,0,inactive-active,0.03321731090545654,0.03386808559298515,-0.17552033066749573,1,0.03386808559298515,0.03321731090545654,0.0006507746875286102,0.20938841626048088,"[true, true, true]",False,True,False,66015,0,e827f3a7c15be3cc0e8dad398a812438a042d5fbfc05ac4f148ca8e9393507fa,validation_007,1,6,661283186,13,
57,11.4,B,mainline,True,False,256.0,20.0,0,maintain,0.0,0.0,260.90000000000055,0.0,0,0,inactive-active,0.002376388758420944,-0.10210384428501129,-0.09055835753679276,0,0.002376388758420944,-0.09055835753679276,0.0929347462952137,0.10448023304343224,"[true, true, true]",False,True,False,66015,0,e827f3a7c15be3cc0e8dad398a812438a042d5fbfc05ac4f148ca8e9393507fa,validation_007,1,6,661283186,13,
0,0.0,A,mainline,True,False,38.4,16.0,1,accelerate,0.0,2.0000000000000284,29.599999999999994,18.0,1,0,accelerate-maintain,-0.07295575737953186,0.03046654909849167,-0.17342102527618408,1,0.03046654909849167,-0.07295575737953186,0.10342230647802353,0.20388757437467575,"[true, true, true]",False,False,False,66015,0,e827f3a7c15be3cc0e8dad398a812438a042d5fbfc05ac4f148ca8e9393507fa,validation_008,0,7,724338698,14,
0,0.0,B,ramp,True,False,29.599999999999994,18.0,0,maintain,0.0,0.0,38.4,16.0,1,0,accelerate-maintain,0.0534973181784153,-0.10701045393943787,-0.15240578353405,0,0.0534973181784153,-0.10701045393943787,0.16050777211785316,0.2059031017124653,"[true, true, true]",False,False,False,66015,0,e827f3a7c15be3cc0e8dad398a812438a042d5fbfc05ac4f148ca8e9393507fa,validation_008,0,7,724338698,14,
1,0.2,A,mainline,True,False,41.64,16.400000000000006,1,accelerate,2.0,2.0000000000000284,33.19999999999999,18.0,1,0,accelerate-maintain,-0.07396798580884933,0.02895926497876644,-0.17377550899982452,1,0.02895926497876644,-0.07396798580884933,0.10292725078761578,0.20273477397859097,"[true, true, true]",False,False,False,66015,0,e827f3a7c15be3cc0e8dad398a812438a042d5fbfc05ac4f148ca8e9393507fa,validation_008,0,7,724338698,14,
1,0.2,B,ramp,True,False,33.19999999999999,18.0,0,maintain,0.0,0.0,41.64,16.400000000000006,1,0,accelerate-maintain,0.05225036293268204,-0.1081104502081871,-0.15066544711589813,0,0.05225036293268204,-0.1081104502081871,0.16036081314086914,0.20291581004858017,"[true, true, true]",False,False,False,66015,0,e827f3a7c15be3cc0e8dad398a812438a042d5fbfc05ac4f148ca8e9393507fa,validation_008,0,7,724338698,14,
2,0.4,A,mainline,True,False,44.96,16.80000000000001,1,accelerate,2.0,2.0000000000000284,36.79999999999998,18.0,1,0,accelerate-maintain,-0.07480724155902863,0.027311287820339203,-0.17409935593605042,1,0.027311287820339203,-0.07480724155902863,0.10211852937936783,0.20141064375638962,"[true, true, true]",False,False,False,66015,0,e827f3a7c15be3cc0e8dad398a812438a042d5fbfc05ac4f148ca8e9393507fa,validation_008,0,7,724338698,14,
2,0.4,B,ramp,True,False,36.79999999999998,18.0,0,maintain,0.0,0.0,44.96,16.80000000000001,1,0,accelerate-maintain,0.05122198536992073,-0.10923059284687042,-0.14904354512691498,0,0.05122198536992073,-0.10923059284687042,0.16045257821679115,0.2002655304968357,"[true, true, true]",False,False,False,66015,0,e827f3a7c15be3cc0e8dad398a812438a042d5fbfc05ac4f148ca8e9393507fa,validation_008,0,7,724338698,14,
3,0.6000000000000001,A,mainline,True,False,48.36000000000001,17.200000000000017,1,accelerate,2.0,2.0000000000000284,40.39999999999998,18.0,1,0,accelerate-maintain,-0.07570172101259232,0.02569812722504139,-0.17439687252044678,1,0.02569812722504139,-0.07570172101259232,0.1013998482376337,0.20009499974548817,"[true, true, true]",False,False,False,66015,0,e827f3a7c15be3cc0e8dad398a812438a042d5fbfc05ac4f148ca8e9393507fa,validation_008,0,7,724338698,14,
3,0.6000000000000001,B,ramp,True,False,40.39999999999998,18.0,0,maintain,0.0,0.0,48.36000000000001,17.200000000000017,1,0,accelerate-maintain,0.05031605064868927,-0.11035385727882385,-0.14749453961849213,0,0.05031605064868927,-0.11035385727882385,0.16066990792751312,0.1978105902671814,"[true, true, true]",False,False,False,66015,0,e827f3a7c15be3cc0e8dad398a812438a042d5fbfc05ac4f148ca8e9393507fa,validation_008,0,7,724338698,14,
4,0.8,A,mainline,True,False,51.84000000000001,17.600000000000023,1,accelerate,2.0,2.0000000000000284,43.99999999999997,18.0,1,0,accelerate-maintain,-0.0765015035867691,0.023979689925909042,-0.1746930330991745,1,0.023979689925909042,-0.0765015035867691,0.10048119351267815,0.19867272302508354,"[true, true, true]",False,False,False,66015,0,e827f3a7c15be3cc0e8dad398a812438a042d5fbfc05ac4f148ca8e9393507fa,validation_008,0,7,724338698,14,
4,0.8,B,ramp,True,False,43.99999999999997,18.0,0,maintain,0.0,0.0,51.84000000000001,17.600000000000023,1,0,accelerate-maintain,0.049464449286460876,-0.11142701655626297,-0.14603669941425323,0,0.049464449286460876,-0.11142701655626297,0.16089146584272385,0.1955011487007141,"[true, true, true]",False,False,False,66015,0,e827f3a7c15be3cc0e8dad398a812438a042d5fbfc05ac4f148ca8e9393507fa,validation_008,0,7,724338698,14,
5,1.0,A,mainline,True,False,55.40000000000001,18.00000000000003,1,accelerate,2.0,2.0000000000000284,47.599999999999966,18.0,1,0,accelerate-maintain,-0.07732453942298889,0.02229948341846466,-0.1747950315475464,1,0.02229948341846466,-0.07732453942298889,0.09962402284145355,0.19709451496601105,"[true, true, true]",False,False,False,66015,0,e827f3a7c15be3cc0e8dad398a812438a042d5fbfc05ac4f148ca8e9393507fa,validation_008,0,7,724338698,14,
5,1.0,B,ramp,True,False,47.599999999999966,18.0,0,maintain,0.0,0.0,55.40000000000001,18.00000000000003,1,0,accelerate-maintain,0.048795707523822784,-0.1122547909617424,-0.1443442702293396,0,0.048795707523822784,-0.1122547909617424,0.16105049848556519,0.19313997775316238,"[true, true, true]",False,False,False,66015,0,e827f3a7c15be3cc0e8dad398a812438a042d5fbfc05ac4f148ca8e9393507fa,validation_008,0,7,724338698,14,
6,1.2000000000000002,A,mainline,True,False,59.04000000000002,18.400000000000034,1,accelerate,2.0,2.0000000000000284,51.19999999999996,18.0,1,0,accelerate-maintain,-0.07821959257125854,0.020693045109510422,-0.17457009851932526,1,0.020693045109510422,-0.07821959257125854,0.09891263768076897,0.19526314362883568,"[true, true, true]",False,False,False,66015,0,e827f3a7c15be3cc0e8dad398a812438a042d5fbfc05ac4f148ca8e9393507fa,validation_008,0,7,724338698,14,
6,1.2000000000000002,B,ramp,True,False,51.19999999999996,18.0,0,maintain,0.0,0.0,59.04000000000002,18.400000000000034,1,0,accelerate-maintain,0.048396624624729156,-0.11286939680576324,-0.14215324819087982,0,0.048396624624729156,-0.11286939680576324,0.1612660214304924,0.19054987281560898,"[true, true, true]",False,False,False,66015,0,e827f3a7c15be3cc0e8dad398a812438a042d5fbfc05ac4f148ca8e9393507fa,validation_008,0,7,724338698,14,
7,1.4000000000000001,A,mainline,True,False,62.760000000000026,18.80000000000004,1,accelerate,2.0,2.0000000000000284,54.799999999999955,18.0,1,0,accelerate-maintain,-0.07822650671005249,0.01962921768426895,-0.17443957924842834,1,0.01962921768426895,-0.07822650671005249,0.09785572439432144,0.1940687969326973,"[true, true, true]",False,False,False,66015,0,e827f3a7c15be3cc0e8dad398a812438a042d5fbfc05ac4f148ca8e9393507fa,validation_008,0,7,724338698,14,
7,1.4000000000000001,B,ramp,True,False,54.799999999999955,18.0,0,maintain,0.0,0.0,62.760000000000026,18.80000000000004,1,0,accelerate-maintain,0.04790939763188362,-0.11309993267059326,-0.1396494358778,0,0.04790939763188362,-0.11309993267059326,0.16100933030247688,0.1875588335096836,"[true, true, true]",False,False,False,66015,0,e827f3a7c15be3cc0e8dad398a812438a042d5fbfc05ac4f148ca8e9393507fa,validation_008,0,7,724338698,14,
8,1.6,A,mainline,True,False,66.56000000000003,19.200000000000045,1,accelerate,2.0,2.0000000000000284,58.39999999999995,18.0,1,0,accelerate-maintain,-0.07792896032333374,0.018576230853796005,-0.17455103993415833,1,0.018576230853796005,-0.07792896032333374,0.09650519117712975,0.19312727078795433,"[true, true, true]",False,False,False,66015,0,e827f3a7c15be3cc0e8dad398a812438a042d5fbfc05ac4f148ca8e9393507fa,validation_008,0,7,724338698,14,
8,1.6,B,ramp,True,False,58.39999999999995,18.0,0,maintain,0.0,0.0,66.56000000000003,19.200000000000045,1,0,accelerate-maintain,0.047615259885787964,-0.11282793432474136,-0.1369953751564026,0,0.047615259885787964,-0.11282793432474136,0.16044319421052933,0.18461063504219055,"[true, true, true]",False,False,False,66015,0,e827f3a7c15be3cc0e8dad398a812438a042d5fbfc05ac4f148ca8e9393507fa,validation_008,0,7,724338698,14,
9,1.8,A,mainline,True,False,70.44000000000004,19.60000000000005,1,accelerate,2.0,2.0000000000000284,61.99999999999994,18.0,1,0,accelerate-maintain,-0.07734550535678864,0.017593227326869965,-0.17433343827724457,1,0.017593227326869965,-0.07734550535678864,0.0949387326836586,0.19192666560411453,"[true, true, true]",False,False,False,66015,0,e827f3a7c15be3cc0e8dad398a812438a042d5fbfc05ac4f148ca8e9393507fa,validation_008,0,7,724338698,14,
9,1.8,B,ramp,True,False,61.99999999999994,18.0,0,maintain,0.0,0.0,70.44000000000004,19.60000000000005,1,0,accelerate-maintain,0.04790792614221573,-0.11299527436494827,-0.13369494676589966,0,0.04790792614221573,-0.11299527436494827,0.160903200507164,0.1816028729081154,"[true, true, true]",False,False,False,66015,0,e827f3a7c15be3cc0e8dad398a812438a042d5fbfc05ac4f148ca8e9393507fa,validation_008,0,7,724338698,14,
10,2.0,A,mainline,True,False,74.40000000000005,20.000000000000057,1,accelerate,2.0,2.0000000000000284,65.59999999999995,18.0,1,0,accelerate-maintain,-0.07673732191324234,0.016363684087991714,-0.1740083247423172,1,0.016363684087991714,-0.07673732191324234,0.09310100600123405,0.19037200883030891,"[true, true, true]",False,False,False,66015,0,e827f3a7c15be3cc0e8dad398a812438a042d5fbfc05ac4f148ca8e9393507fa,validation_008,0,7,724338698,14,
10,2.0,B,ramp,True,False,65.59999999999995,18.0,0,maintain,0.0,0.0,74.40000000000005,20.000000000000057,1,0,accelerate-maintain,0.04794351011514664,-0.11325353384017944,-0.12980595231056213,0,0.04794351011514664,-0.11325353384017944,0.16119704395532608,0.17774946242570877,"[true, true, true]",False,False,False,66015,0,e827f3a7c15be3cc0e8dad398a812438a042d5fbfc05ac4f148ca8e9393507fa,validation_008,0,7,724338698,14,
11,2.2,A,mainline,True,False,78.44000000000005,20.400000000000063,1,accelerate,2.0,2.0000000000000284,69.19999999999997,18.0,1,0,accelerate-maintain,-0.07624277472496033,0.014921791851520538,-0.17375972867012024,1,0.014921791851520538,-0.07624277472496033,0.09116456657648087,0.18868152052164078,"[true, true, true]",False,False,False,66015,0,e827f3a7c15be3cc0e8dad398a812438a042d5fbfc05ac4f148ca8e9393507fa,validation_008,0,7,724338698,14,
11,2.2,B,ramp,True,False,69.19999999999997,18.0,0,maintain,0.0,0.0,78.44000000000005,20.400000000000063,1,0,accelerate-maintain,0.048704806715250015,-0.11303432285785675,-0.12639306485652924,0,0.048704806715250015,-0.11303432285785675,0.16173912957310677,0.17509787157177925,"[true, true, true]",False,False,False,66015,0,e827f3a7c15be3cc0e8dad398a812438a042d5fbfc05ac4f148ca8e9393507fa,validation_008,0,7,724338698,14,
12,2.4000000000000004,A,mainline,True,False,82.56000000000007,20.800000000000068,1,accelerate,2.0,2.0000000000000284,72.8,18.0,1,0,accelerate-maintain,-0.0756634920835495,0.013428367674350739,-0.1733563393354416,1,0.013428367674350739,-0.0756634920835495,0.08909185975790024,0.18678470700979233,"[true, true, true]",False,False,False,66015,0,e827f3a7c15be3cc0e8dad398a812438a042d5fbfc05ac4f148ca8e9393507fa,validation_008,0,7,724338698,14,
12,2.4000000000000004,B,ramp,True,False,72.8,18.0,0,maintain,0.0,0.0,82.56000000000007,20.800000000000068,1,0,accelerate-maintain,0.04991365224123001,-0.11226407438516617,-0.12335775792598724,0,0.04991365224123001,-0.11226407438516617,0.16217772662639618,0.17327141016721725,"[true, true, true]",False,False,False,66015,0,e827f3a7c15be3cc0e8dad398a812438a042d5fbfc05ac4f148ca8e9393507fa,validation_008,0,7,724338698,14,
13,2.6,A,mainline,True,False,86.76000000000009,21.200000000000074,1,accelerate,2.0,2.0000000000000284,76.40000000000002,18.0,1,0,accelerate-maintain,-0.07535472512245178,0.01246722787618637,-0.1722903549671173,1,0.01246722787618637,-0.07535472512245178,0.08782195299863815,0.18475758284330368,"[true, true, true]",False,False,False,66015,0,e827f3a7c15be3cc0e8dad398a812438a042d5fbfc05ac4f148ca8e9393507fa,validation_008,0,7,724338698,14,
13,2.6,B,ramp,True,False,76.40000000000002,18.0,0,maintain,0.0,0.0,86.76000000000009,21.200000000000074,1,0,accelerate-maintain,0.050648048520088196,-0.11134561896324158,-0.12149009108543396,0,0.050648048520088196,-0.11134561896324158,0.16199366748332977,0.17213813960552216,"[true, true, true]",False,False,False,66015,0,e827f3a7c15be3cc0e8dad398a812438a042d5fbfc05ac4f148ca8e9393507fa,validation_008,0,7,724338698,14,
14,2.8000000000000003,A,mainline,True,False,91.0400000000001,21.60000000000008,1,accelerate,2.0,2.0000000000000284,80.00000000000004,18.0,1,0,accelerate-maintain,-0.07505694031715393,0.011573154479265213,-0.17116865515708923,1,0.011573154479265213,-0.07505694031715393,0.08663009479641914,0.18274180963635445,"[true, true, true]",False,False,False,66015,0,e827f3a7c15be3cc0e8dad398a812438a042d5fbfc05ac4f148ca8e9393507fa,validation_008,0,7,724338698,14,
14,2.8000000000000003,B,ramp,True,False,80.00000000000004,18.0,0,maintain,0.0,0.0,91.0400000000001,21.60000000000008,1,0,accelerate-maintain,0.05105295777320862,-0.11032921075820923,-0.1198873519897461,0,0.05105295777320862,-0.11032921075820923,0.16138216853141785,0.1709403097629547,"[true, true, true]",False,False,False,66015,0,e827f3a7c15be3cc0e8dad398a812438a042d5fbfc05ac4f148ca8e9393507fa,validation_008,0,7,724338698,14,
15,3.0,A,mainline,True,False,95.40000000000013,22.000000000000085,1,accelerate,2.0,2.0000000000000284,83.60000000000007,18.0,1,0,accelerate-maintain,-0.07476214319467545,0.010836798697710037,-0.17003118991851807,1,0.010836798697710037,-0.07476214319467545,0.08559894189238548,0.1808679886162281,"[true, true, true]",False,False,False,66015,0,e827f3a7c15be3cc0e8dad398a812438a042d5fbfc05ac4f148ca8e9393507fa,validation_008,0,7,724338698,14,
15,3.0,B,ramp,True,False,83.60000000000007,18.0,0,maintain,0.0,0.0,95.40000000000013,22.000000000000085,1,0,accelerate-maintain,0.051554154604673386,-0.10940563678741455,-0.11837836354970932,0,0.051554154604673386,-0.10940563678741455,0.16095979139208794,0.1699325181543827,"[true, true, true]",False,False,False,66015,0,e827f3a7c15be3cc0e8dad398a812438a042d5fbfc05ac4f148ca8e9393507fa,validation_008,0,7,724338698,14,
16,3.2,A,mainline,True,False,99.84000000000016,22.40000000000009,1,accelerate,2.0,2.0000000000000284,87.20000000000009,18.0,1,0,accelerate-maintain,-0.07449203729629517,0.01132579892873764,-0.1684107780456543,1,0.01132579892873764,-0.07449203729629517,0.0858178362250328,0.17973657697439194,"[true, true, true]",False,False,False,66015,0,e827f3a7c15be3cc0e8dad398a812438a042d5fbfc05ac4f148ca8e9393507fa,validation_008,0,7,724338698,14,
16,3.2,B,ramp,True,False,87.20000000000009,18.0,0,maintain,0.0,0.0,99.84000000000016,22.40000000000009,1,0,accelerate-maintain,0.05228724330663681,-0.1089564710855484,-0.11686816811561584,0,0.05228724330663681,-0.1089564710855484,0.1612437143921852,0.16915541142225266,"[true, true, true]",False,False,False,66015,0,e827f3a7c15be3cc0e8dad398a812438a042d5fbfc05ac4f148ca8e9393507fa,validation_008,0,7,724338698,14,
17,3.4000000000000004,A,mainline,True,False,104.36000000000017,22.800000000000097,1,accelerate,2.0,2.0000000000000284,90.80000000000011,18.0,1,0,accelerate-maintain,-0.0744570642709732,0.01185942068696022,-0.16750629246234894,1,0.01185942068696022,-0.0744570642709732,0.08631648495793343,0.17936571314930916,"[true, true, true]",False,False,False,66015,0,e827f3a7c15be3cc0e8dad398a812438a042d5fbfc05ac4f148ca8e9393507fa,validation_008,0,7,724338698,14,
17,3.4000000000000004,B,ramp,True,False,90.80000000000011,18.0,0,maintain,0.0,0.0,104.36000000000017,22.800000000000097,1,0,accelerate-maintain,0.0528227761387825,-0.10820640623569489,-0.11558555066585541,0,0.0528227761387825,-0.10820640623569489,0.1610291823744774,0.1684083268046379,"[true, true, true]",False,False,False,66015,0,e827f3a7c15be3cc0e8dad398a812438a042d5fbfc05ac4f148ca8e9393507fa,validation_008,0,7,724338698,14,
18,3.6,A,mainline,True,False,108.96000000000018,23.200000000000102,1,accelerate,2.0,2.0000000000000284,94.40000000000013,18.0,1,0,accelerate-maintain,-0.07461725175380707,0.012299735099077225,-0.16707679629325867,1,0.012299735099077225,-0.07461725175380707,0.08691698685288429,0.1793765313923359,"[true, true, true]",False,False,False,66015,0,e827f3a7c15be3cc0e8dad398a812438a042d5fbfc05ac4f148ca8e9393507fa,validation_008,0,7,724338698,14,
18,3.6,B,ramp,True,False,94.40000000000013,18.0,0,maintain,0.0,0.0,108.96000000000018,23.200000000000102,1,0,accelerate-maintain,0.05325270816683769,-0.10707774013280869,-0.11426229774951935,0,0.05325270816683769,-0.10707774013280869,0.16033044829964638,0.16751500591635704,"[true, true, true]",False,False,False,66015,0,e827f3a7c15be3cc0e8dad398a812438a042d5fbfc05ac4f148ca8e9393507fa,validation_008,0,7,724338698,14,
19,3.8000000000000003,A,mainline,True,False,113.6400000000002,23.600000000000108,1,accelerate,2.0,2.0000000000000284,98.00000000000016,18.0,1,0,accelerate-maintain,-0.07661217451095581,0.012713484466075897,-0.16793575882911682,1,0.012713484466075897,-0.07661217451095581,0.08932565897703171,0.18064924329519272,"[true, true, true]",False,False,False,66015,0,e827f3a7c15be3cc0e8dad398a812438a042d5fbfc05ac4f148ca8e9393507fa,validation_008,0,7,724338698,14,
19,3.8000000000000003,B,ramp,True,False,98.00000000000016,18.0,0,maintain,0.0,0.0,113.6400000000002,23.600000000000108,1,0,accelerate-maintain,0.05348440259695053,-0.10648414492607117,-0.11309023201465607,0,0.05348440259695053,-0.10648414492607117,0.1599685475230217,0.1665746346116066,"[true, true, true]",False,False,False,66015,0,e827f3a7c15be3cc0e8dad398a812438a042d5fbfc05ac4f148ca8e9393507fa,validation_008,0,7,724338698,14,
20,4.0,A,mainline,True,False,118.40000000000022,24.000000000000114,1,accelerate,2.0,2.0000000000000284,101.60000000000018,18.0,1,0,accelerate-maintain,-0.0792449340224266,0.012906357645988464,-0.16925163567066193,1,0.012906357645988464,-0.0792449340224266,0.09215129166841507,0.1821579933166504,"[true, true, true]",False,False,False,66015,0,e827f3a7c15be3cc0e8dad398a812438a042d5fbfc05ac4f148ca8e9393507fa,validation_008,0,7,724338698,14,
20,4.0,B,ramp,True,False,101.60000000000018,18.0,0,maintain,0.0,0.0,118.40000000000022,24.000000000000114,1,0,accelerate-maintain,0.054286181926727295,-0.1071092039346695,-0.11199607700109482,0,0.054286181926727295,-0.1071092039346695,0.1613953858613968,0.1662822589278221,"[true, true, true]",False,False,False,66015,0,e827f3a7c15be3cc0e8dad398a812438a042d5fbfc05ac4f148ca8e9393507fa,validation_008,0,7,724338698,14,
21,4.2,A,mainline,True,False,123.24000000000024,24.40000000000012,1,accelerate,2.0,2.0000000000000284,105.2000000000002,18.0,1,0,accelerate-maintain,-0.08108058571815491,0.012634165585041046,-0.1708696037530899,1,0.012634165585041046,-0.08108058571815491,0.09371475130319595,0.18350376933813095,"[true, true, true]",False,False,False,66015,0,e827f3a7c15be3cc0e8dad398a812438a042d5fbfc05ac4f148ca8e9393507fa,validation_008,0,7,724338698,14,14.444989876817829
21,4.2,B,ramp,True,False,105.2000000000002,18.0,0,maintain,0.0,0.0,123.24000000000024,24.40000000000012,1,0,accelerate-maintain,0.05488162860274315,-0.10812452435493469,-0.11122703552246094,0,0.05488162860274315,-0.10812452435493469,0.16300615295767784,0.1661086641252041,"[true, true, true]",False,False,False,66015,0,e827f3a7c15be3cc0e8dad398a812438a042d5fbfc05ac4f148ca8e9393507fa,validation_008,0,7,724338698,14,14.444989876817829
22,4.4,A,mainline,True,False,128.16000000000025,24.800000000000125,1,accelerate,2.0,2.0000000000000284,108.80000000000022,18.0,1,0,accelerate-maintain,-0.08134374767541885,0.01287531852722168,-0.17083467543125153,1,0.01287531852722168,-0.08134374767541885,0.09421906620264053,0.1837099939584732,"[true, true, true]",False,False,False,66015,0,e827f3a7c15be3cc0e8dad398a812438a042d5fbfc05ac4f148ca8e9393507fa,validation_008,0,7,724338698,14,15.872629698560331
22,4.4,B,ramp,True,False,108.80000000000022,18.0,0,maintain,0.0,0.0,128.16000000000025,24.800000000000125,1,0,accelerate-maintain,0.1045806035399437,-0.1375219225883484,-0.16141806542873383,0,0.1045806035399437,-0.1375219225883484,0.24210252612829208,0.2659986689686775,"[true, true, true]",False,False,False,66015,0,e827f3a7c15be3cc0e8dad398a812438a042d5fbfc05ac4f148ca8e9393507fa,validation_008,0,7,724338698,14,15.872629698560331
23,4.6000000000000005,A,mainline,True,False,133.16000000000025,25.20000000000013,1,accelerate,2.0,2.0000000000000284,112.40000000000025,18.0,1,0,accelerate-maintain,-0.08414552360773087,0.011781401932239532,-0.17403510212898254,1,0.011781401932239532,-0.08414552360773087,0.0959269255399704,0.18581650406122208,"[true, true, true]",False,False,False,66015,0,e827f3a7c15be3cc0e8dad398a812438a042d5fbfc05ac4f148ca8e9393507fa,validation_008,0,7,724338698,14,17.378346548358792
23,4.6000000000000005,B,ramp,True,False,112.40000000000025,18.0,0,maintain,0.0,0.0,133.16000000000025,25.20000000000013,1,0,accelerate-maintain,0.10288873314857483,-0.13797852396965027,-0.15960724651813507,0,0.10288873314857483,-0.13797852396965027,0.2408672571182251,0.2624959796667099,"[true, true, true]",False,False,False,66015,0,e827f3a7c15be3cc0e8dad398a812438a042d5fbfc05ac4f148ca8e9393507fa,validation_008,0,7,724338698,14,17.378346548358792
24,4.800000000000001,A,mainline,True,False,138.2400000000003,25.600000000000136,1,accelerate,2.0,2.0000000000000284,116.00000000000027,18.0,1,0,accelerate-maintain,-0.08721421658992767,0.010499950498342514,-0.1772567331790924,1,0.010499950498342514,-0.08721421658992767,0.09771416708827019,0.18775668367743492,"[true, true, true]",False,False,False,66015,0,e827f3a7c15be3cc0e8dad398a812438a042d5fbfc05ac4f148ca8e9393507fa,validation_008,0,7,724338698,14,18.959584572473602
24,4.800000000000001,B,ramp,True,False,116.00000000000027,18.0,0,maintain,0.0,0.0,138.2400000000003,25.600000000000136,1,0,accelerate-maintain,0.10133311152458191,-0.13840457797050476,-0.15810854732990265,0,0.10133311152458191,-0.13840457797050476,0.23973768949508667,0.25944165885448456,"[true, true, true]",False,False,False,66015,0,e827f3a7c15be3cc0e8dad398a812438a042d5fbfc05ac4f148ca8e9393507fa,validation_008,0,7,724338698,14,18.959584572473602
25,5.0,A,mainline,True,False,143.40000000000032,26.000000000000142,1,accelerate,2.0,2.0000000000000284,119.60000000000029,18.0,1,0,accelerate-maintain,-0.0893360897898674,0.010268673300743103,-0.1808403879404068,1,0.010268673300743103,-0.0893360897898674,0.0996047630906105,0.1911090612411499,"[true, true, true]",False,False,False,66015,0,e827f3a7c15be3cc0e8dad398a812438a042d5fbfc05ac4f148ca8e9393507fa,validation_008,0,7,724338698,14,20.614855140092928
25,5.0,B,ramp,True,False,119.60000000000029,18.0,0,maintain,0.0,0.0,143.40000000000032,26.000000000000142,1,0,accelerate-maintain,0.10174588859081268,-0.1399940848350525,-0.15645073354244232,0,0.10174588859081268,-0.1399940848350525,0.24173997342586517,0.258196622133255,"[true, true, true]",False,False,False,66015,0,e827f3a7c15be3cc0e8dad398a812438a042d5fbfc05ac4f148ca8e9393507fa,validation_008,0,7,724338698,14,20.614855140092928
26,5.2,A,mainline,True,False,148.64000000000033,26.400000000000148,1,accelerate,2.0,2.0000000000000284,123.20000000000032,18.0,1,0,accelerate-maintain,-0.09089004248380661,0.01012151688337326,-0.18429996073246002,1,0.01012151688337326,-0.09089004248380661,0.10101155936717987,0.19442147761583328,"[true, true, true]",False,False,False,66015,0,e827f3a7c15be3cc0e8dad398a812438a042d5fbfc05ac4f148ca8e9393507fa,validation_008,0,7,724338698,14,22.34405791011831
26,5.2,B,ramp,True,False,123.20000000000032,18.0,0,maintain,0.0,0.0,148.64000000000033,26.400000000000148,1,0,accelerate-maintain,0.10220903903245926,-0.14172588288784027,-0.15496443212032318,0,0.10220903903245926,-0.14172588288784027,0.24393492192029953,0.25717347115278244,"[true, true, true]",False,False,False,66015,0,e827f3a7c15be3cc0e8dad398a812438a042d5fbfc05ac4f148ca8e9393507fa,validation_008,0,7,724338698,14,22.34405791011831
27,5.4,A,mainline,True,False,153.96000000000038,26.800000000000153,1,accelerate,2.0,2.0000000000000284,126.80000000000034,18.0,1,0,accelerate-maintain,-0.09236402809619904,0.00997893512248993,-0.18769048154354095,1,0.00997893512248993,-0.09236402809619904,0.10234296321868896,0.19766941666603088,"[true, true, true]",False,False,False,66015,0,e827f3a7c15be3cc0e8dad398a812438a042d5fbfc05ac4f148ca8e9393507fa,validation_008,0,7,724338698,14,24.148379003189007
27,5.4,B,ramp,True,False,126.80000000000034,18.0,0,maintain,0.0,0.0,153.96000000000038,26.800000000000153,1,0,accelerate-maintain,0.10174188017845154,-0.14440134167671204,-0.15441571176052094,0,0.10174188017845154,-0.14440134167671204,0.24614322185516357,0.2561575919389725,"[true, true, true]",False,False,False,66015,0,e827f3a7c15be3cc0e8dad398a812438a042d5fbfc05ac4f148ca8e9393507fa,validation_008,0,7,724338698,14,24.148379003189007
28,5.6000000000000005,A,mainline,True,False,159.3600000000004,27.20000000000016,1,accelerate,2.0,2.0000000000000284,130.40000000000035,18.0,1,0,accelerate-maintain,-0.09367475658655167,0.00956777110695839,-0.19173100590705872,1,0.00956777110695839,-0.09367475658655167,0.10324252769351006,0.2012987770140171,"[true, true, true]",False,False,False,66015,0,e827f3a7c15be3cc0e8dad398a812438a042d5fbfc05ac4f148ca8e9393507fa,validation_008,0,7,724338698,14,26.029735215272552
28,5.6000000000000005,B,ramp,True,False,130.40000000000035,18.0,0,maintain,0.0,0.0,159.3600000000004,27.20000000000016,1,0,accelerate-maintain,0.10142329335212708,-0.14702843129634857,-0.15379922091960907,0,0.10142329335212708,-0.14702843129634857,0.24845172464847565,0.25522251427173615,"[true, true, true]",False,False,False,66015,0,e827f3a7c15be3cc0e8dad398a812438a042d5fbfc05ac4f148ca8e9393507fa,validation_008,0,7,724338698,14,26.029735215272552
29,5.800000000000001,A,mainline,True,False,164.84000000000043,27.600000000000165,1,accelerate,2.0,2.0000000000000284,134.00000000000037,18.0,1,0,accelerate-maintain,-0.09302312135696411,0.007752891629934311,-0.1969020962715149,1,0.007752891629934311,-0.09302312135696411,0.10077601298689842,0.2046549879014492,"[true, true, true]",False,False,False,66015,0,e827f3a7c15be3cc0e8dad398a812438a042d5fbfc05ac4f148ca8e9393507fa,validation_008,0,7,724338698,14,27.989928132270563
29,5.800000000000001,B,ramp,True,False,134.00000000000037,18.0,0,maintain,0.0,0.0,164.84000000000043,27.600000000000165,1,0,accelerate-maintain,0.10135422646999359,-0.15016257762908936,-0.1535605937242508,0,0.10135422646999359,-0.15016257762908936,0.25151680409908295,0.2549148201942444,"[true, true, true]",False,False,False,66015,0,e827f3a7c15be3cc0e8dad398a812438a042d5fbfc05ac4f148ca8e9393507fa,validation_008,0,7,724338698,14,27.989928132270563
30,6.0,A,mainline,True,False,170.4000000000005,28.00000000000017,1,accelerate,2.0,2.0000000000000284,137.6000000000004,18.0,1,0,accelerate-maintain,-0.0918729230761528,0.005940325558185577,-0.2024732232093811,1,0.005940325558185577,-0.0918729230761528,0.09781324863433838,0.20841354876756668,"[true, true, true]",False,False,False,66015,0,e827f3a7c15be3cc0e8dad398a812438a042d5fbfc05ac4f148ca8e9393507fa,validation_008,0,7,724338698,14,30.02993123947624
30,6.0,B,ramp,True,False,137.6000000000004,18.0,0,maintain,0.0,0.0,170.4000000000005,28.00000000000017,1,0,accelerate-maintain,0.10084004700183868,-0.15236008167266846,-0.15313686430454254,0,0.10084004700183868,-0.15236008167266846,0.25320012867450714,0.2539769113063812,"[true, true, true]",False,False,False,66015,0,e827f3a7c15be3cc0e8dad398a812438a042d5fbfc05ac4f148ca8e9393507fa,validation_008,0,7,724338698,14,30.02993123947624
31,6.2,A,mainline,True,False,176.04000000000053,28.400000000000176,1,accelerate,2.0,2.0000000000000284,141.20000000000041,18.0,1,0,accelerate-maintain,-0.09065569192171097,0.004136733710765839,-0.2080669403076172,1,0.004136733710765839,-0.09065569192171097,0.0947924256324768,0.21220367401838303,"[true, true, true]",False,False,False,66015,0,e827f3a7c15be3cc0e8dad398a812438a042d5fbfc05ac4f148ca8e9393507fa,validation_008,0,7,724338698,14,32.149931239476246
31,6.2,B,ramp,True,False,141.20000000000041,18.0,0,maintain,0.0,0.0,176.04000000000053,28.400000000000176,1,0,accelerate-maintain,0.10033608973026276,-0.15386676788330078,-0.15278540551662445,0,0.10033608973026276,-0.15278540551662445,0.2531214952468872,0.25420285761356354,"[true, true, true]",False,False,False,66015,0,e827f3a7c15be3cc0e8dad398a812438a042d5fbfc05ac4f148ca8e9393507fa,validation_008,0,7,724338698,14,32.149931239476246
32,6.4,A,mainline,True,False,181.76000000000056,28.800000000000182,1,accelerate,2.0,2.0000000000000284,144.80000000000044,18.0,1,0,accelerate-maintain,-0.08904929459095001,0.0025806091725826263,-0.21316280961036682,1,0.0025806091725826263,-0.08904929459095001,0.09162990376353264,0.21574341878294945,"[true, true, true]",False,False,False,66015,0,e827f3a7c15be3cc0e8dad398a812438a042d5fbfc05ac4f148ca8e9393507fa,validation_008,0,7,724338698,14,34.34993123947626
32,6.4,B,ramp,True,False,144.80000000000044,18.0,0,maintain,0.0,0.0,181.76000000000056,28.800000000000182,1,0,accelerate-maintain,0.09993695467710495,-0.15492060780525208,-0.1528625637292862,0,0.09993695467710495,-0.1528625637292862,0.25279951840639114,0.254857562482357,"[true, true, true]",False,False,False,66015,0,e827f3a7c15be3cc0e8dad398a812438a042d5fbfc05ac4f148ca8e9393507fa,validation_008,0,7,724338698,14,34.34993123947626
33,6.6000000000000005,A,mainline,True,False,187.5600000000006,29.200000000000188,1,accelerate,2.0,2.0000000000000284,148.40000000000046,18.0,1,0,accelerate-maintain,-0.08660875260829926,0.0016069412231445312,-0.21707235276699066,1,0.0016069412231445312,-0.08660875260829926,0.08821569383144379,0.2186792939901352,"[true, true, true]",False,False,False,66015,0,e827f3a7c15be3cc0e8dad398a812438a042d5fbfc05ac4f148ca8e9393507fa,validation_008,0,7,724338698,14,36.629931239476264
33,6.6000000000000005,B,ramp,True,False,148.40000000000046,18.0,0,maintain,0.0,0.0,187.5600000000006,29.200000000000188,1,0,accelerate-maintain,0.09944474697113037,-0.15619811415672302,-0.15366722643375397,0,0.09944474697113037,-0.15366722643375397,0.25311197340488434,0.2556428611278534,"[true, true, true]",False,False,False,66015,0,e827f3a7c15be3cc0e8dad398a812438a042d5fbfc05ac4f148ca8e9393507fa,validation_008,0,7,724338698,14,36.629931239476264
34,6.800000000000001,A,mainline,True,False,193.44000000000062,29.600000000000193,1,accelerate,2.0,1.9999999999960494,152.00000000000048,18.0,1,0,accelerate-maintain,-0.08412569761276245,0.0006235763430595398,-0.22100450098514557,1,0.0006235763430595398,-0.08412569761276245,0.08474927395582199,0.2216280773282051,"[true, true, true]",False,False,False,66015,0,e827f3a7c15be3cc0e8dad398a812438a042d5fbfc05ac4f148ca8e9393507fa,validation_008,0,7,724338698,14,38.98993123947628
34,6.800000000000001,B,ramp,True,False,152.00000000000048,18.0,0,maintain,0.0,0.0,193.44000000000062,29.600000000000193,1,0,accelerate-maintain,0.09859101474285126,-0.15813319385051727,-0.1551191806793213,0,0.09859101474285126,-0.1551191806793213,0.25371019542217255,0.25672420859336853,"[true, true, true]",False,False,False,66015,0,e827f3a7c15be3cc0e8dad398a812438a042d5fbfc05ac4f148ca8e9393507fa,validation_008,0,7,724338698,14,38.98993123947628
35,7.0,A,mainline,True,False,199.40000000000066,30.0,1,accelerate,2.0,0.0,155.6000000000005,18.0,1,0,accelerate-maintain,-0.08160309493541718,-0.0003702491521835327,-0.22496211528778076,1,-0.0003702491521835327,-0.08160309493541718,0.08123284578323364,0.22459186613559723,"[true, true, true]",False,False,False,66015,0,e827f3a7c15be3cc0e8dad398a812438a042d5fbfc05ac4f148ca8e9393507fa,validation_008,0,7,724338698,14,41.389931239476255
35,7.0,B,ramp,True,False,155.6000000000005,18.0,0,maintain,0.0,0.0,199.40000000000066,30.0,1,0,accelerate-maintain,0.09718549251556396,-0.1598777174949646,-0.15760895609855652,0,0.09718549251556396,-0.15760895609855652,0.2547944486141205,0.25706321001052856,"[true, true, true]",False,False,False,66015,0,e827f3a7c15be3cc0e8dad398a812438a042d5fbfc05ac4f148ca8e9393507fa,validation_008,0,7,724338698,14,41.389931239476255
36,7.2,A,mainline,True,False,205.40000000000066,30.0,1,accelerate,2.0,0.0,159.20000000000053,18.0,1,0,accelerate-maintain,-0.07845491170883179,-0.0012192502617835999,-0.22866100072860718,1,-0.0012192502617835999,-0.07845491170883179,0.07723566144704819,0.22744175046682358,"[true, true, true]",False,False,False,66015,0,e827f3a7c15be3cc0e8dad398a812438a042d5fbfc05ac4f148ca8e9393507fa,validation_008,0,7,724338698,14,43.78993123947623
36,7.2,B,ramp,True,False,159.20000000000053,18.0,0,maintain,0.0,0.0,205.40000000000066,30.0,1,0,accelerate-maintain,0.09563127160072327,-0.16145339608192444,-0.159335196018219,0,0.09563127160072327,-0.159335196018219,0.25496646761894226,0.2570846676826477,"[true, true, true]",False,False,False,66015,0,e827f3a7c15be3cc0e8dad398a812438a042d5fbfc05ac4f148ca8e9393507fa,validation_008,0,7,724338698,14,43.78993123947623
37,7.4,A,mainline,True,False,211.40000000000066,30.0,1,accelerate,2.0,0.0,162.80000000000055,18.0,1,0,accelerate-maintain,-0.07602381706237793,-0.0017154738306999207,-0.23261971771717072,1,-0.0017154738306999207,-0.07602381706237793,0.07430834323167801,0.2309042438864708,"[true, true, true]",False,False,False,66015,0,e827f3a7c15be3cc0e8dad398a812438a042d5fbfc05ac4f148ca8e9393507fa,validation_008,0,7,724338698,14,46.18993123947621
37,7.4,B,ramp,True,False,162.80000000000055,18.0,0,maintain,0.0,0.0,211.40000000000066,30.0,1,0,accelerate-maintain,0.09455530345439911,-0.16317570209503174,-0.16141782701015472,0,0.09455530345439911,-0.16141782701015472,0.25597313046455383,0.25773100554943085,"[true, true, true]",False,False,False,66015,0,e827f3a7c15be3cc0e8dad398a812438a042d5fbfc05ac4f148ca8e9393507fa,validation_008,0,7,724338698,14,46.18993123947621
38,7.6000000000000005,A,mainline,True,False,217.40000000000066,30.0,1,accelerate,2.0,0.0,166.40000000000057,18.0,1,0,accelerate-maintain,-0.07366864383220673,-0.0022680312395095825,-0.2365943044424057,1,-0.0022680312395095825,-0.07366864383220673,0.07140061259269714,0.23432627320289612,"[true, true, true]",False,False,False,66015,0,e827f3a7c15be3cc0e8dad398a812438a042d5fbfc05ac4f148ca8e9393507fa,validation_008,0,7,724338698,14,48.589931239476186
38,7.6000000000000005,B,ramp,True,False,166.40000000000057,18.0,0,maintain,0.0,0.0,217.40000000000066,30.0,1,0,accelerate-maintain,0.09362989664077759,-0.16580325365066528,-0.16381992399692535,0,0.09362989664077759,-0.16381992399692535,0.25744982063770294,0.25943315029144287,"[true, true, true]",False,False,False,66015,0,e827f3a7c15be3cc0e8dad398a812438a042d5fbfc05ac4f148ca8e9393507fa,validation_008,0,7,724338698,14,48.589931239476186
39,7.800000000000001,A,mainline,True,False,223.40000000000066,30.0,0,maintain,2.0,0.0,170.0000000000006,18.0,0,0,maintain-maintain,-0.04683341830968857,-0.05230328440666199,-0.1513839215040207,0,-0.04683341830968857,-0.05230328440666199,0.005469866096973419,0.10455050319433212,"[true, true, true]",False,False,False,66015,0,e827f3a7c15be3cc0e8dad398a812438a042d5fbfc05ac4f148ca8e9393507fa,validation_008,0,7,724338698,14,50.989931239476164
39,7.800000000000001,B,ramp,True,False,170.0000000000006,18.0,0,maintain,0.0,0.0,223.40000000000066,30.0,0,0,maintain-maintain,0.0528469979763031,-0.1667051613330841,-0.17025212943553925,0,0.0528469979763031,-0.1667051613330841,0.2195521593093872,0.22309912741184235,"[true, true, true]",False,False,False,66015,0,e827f3a7c15be3cc0e8dad398a812438a042d5fbfc05ac4f148ca8e9393507fa,validation_008,0,7,724338698,14,50.989931239476164
40,8.0,A,mainline,True,False,229.40000000000066,30.0,0,maintain,0.0,0.0,173.60000000000062,18.0,0,0,maintain-maintain,-0.04538939520716667,-0.0551808699965477,-0.15383559465408325,0,-0.04538939520716667,-0.0551808699965477,0.009791474789381027,0.10844619944691658,"[true, true, true]",False,False,False,66015,0,e827f3a7c15be3cc0e8dad398a812438a042d5fbfc05ac4f148ca8e9393507fa,validation_008,0,7,724338698,14,53.38993123947614
40,8.0,B,ramp,True,False,173.60000000000062,18.0,0,maintain,0.0,0.0,229.40000000000066,30.0,0,0,maintain-maintain,0.0514250248670578,-0.16594143211841583,-0.17236195504665375,0,0.0514250248670578,-0.16594143211841583,0.21736645698547363,0.22378697991371155,"[true, true, true]",False,False,False,66015,0,e827f3a7c15be3cc0e8dad398a812438a042d5fbfc05ac4f148ca8e9393507fa,validation_008,0,7,724338698,14,53.38993123947614
41,8.200000000000001,A,mainline,True,False,235.40000000000066,30.0,0,maintain,0.0,0.0,177.20000000000064,18.0,0,0,maintain-maintain,-0.04336942359805107,-0.05787602812051773,-0.15647493302822113,0,-0.04336942359805107,-0.05787602812051773,0.01450660452246666,0.11310550943017006,"[true, true, true]",False,False,False,66015,0,e827f3a7c15be3cc0e8dad398a812438a042d5fbfc05ac4f148ca8e9393507fa,validation_008,0,7,724338698,14,55.78993123947612
41,8.200000000000001,B,ramp,True,False,177.20000000000064,18.0,0,maintain,0.0,0.0,235.40000000000066,30.0,0,0,maintain-maintain,0.050267718732357025,-0.1661633849143982,-0.1749105453491211,0,0.050267718732357025,-0.1661633849143982,0.21643110364675522,0.22517826408147812,"[true, true, true]",False,False,False,66015,0,e827f3a7c15be3cc0e8dad398a812438a042d5fbfc05ac4f148ca8e9393507fa,validation_008,0,7,724338698,14,55.78993123947612
42,8.4,A,mainline,True,False,241.40000000000066,30.0,0,maintain,0.0,0.0,180.80000000000067,18.0,0,0,maintain-maintain,-0.04134474694728851,-0.06024007499217987,-0.15889176726341248,0,-0.04134474694728851,-0.06024007499217987,0.018895328044891357,0.11754702031612396,"[true, true, true]",False,False,False,66015,0,e827f3a7c15be3cc0e8dad398a812438a042d5fbfc05ac4f148ca8e9393507fa,validation_008,0,7,724338698,14,58.189931239476095
42,8.4,B,ramp,True,False,180.80000000000067,18.0,0,maintain,0.0,0.0,241.40000000000066,30.0,0,0,maintain-maintain,0.049063362181186676,-0.16744902729988098,-0.1785668432712555,0,0.049063362181186676,-0.16744902729988098,0.21651238948106766,0.22763020545244217,"[true, true, true]",False,False,False,66015,0,e827f3a7c15be3cc0e8dad398a812438a042d5fbfc05ac4f148ca8e9393507fa,validation_008,0,7,724338698,14,58.189931239476095
43,8.6,A,mainline,True,False,247.40000000000066,30.0,0,maintain,0.0,0.0,184.4000000000007,18.0,0,0,maintain-maintain,-0.039365023374557495,-0.0618295818567276,-0.16096231341362,0,-0.039365023374557495,-0.0618295818567276,0.022464558482170105,0.1215972900390625,"[true, true, true]",False,False,False,66015,0,e827f3a7c15be3cc0e8dad398a812438a042d5fbfc05ac4f148ca8e9393507fa,validation_008,0,7,724338698,14,60.58993123947607
43,8.6,B,ramp,True,False,184.4000000000007,18.0,0,maintain,0.0,0.0,247.40000000000066,30.0,0,0,maintain-maintain,0.04818381369113922,-0.16884639859199524,-0.1820240169763565,0,0.04818381369113922,-0.16884639859199524,0.21703021228313446,0.23020783066749573,"[true, true, true]",False,False,False,66015,0,e827f3a7c15be3cc0e8dad398a812438a042d5fbfc05ac4f148ca8e9393507fa,validation_008,0,7,724338698,14,60.58993123947607
44,8.8,A,mainline,True,False,253.40000000000066,30.0,0,maintain,0.0,0.0,188.0000000000007,18.0,0,0,maintain-maintain,-0.03738197684288025,-0.06341967731714249,-0.1630329191684723,0,-0.03738197684288025,-0.06341967731714249,0.026037700474262238,0.12565094232559204,"[true, true, true]",False,False,False,66015,0,e827f3a7c15be3cc0e8dad398a812438a042d5fbfc05ac4f148ca8e9393507fa,validation_008,0,7,724338698,14,62.98993123947605
44,8.8,B,ramp,True,False,188.0000000000007,18.0,0,maintain,0.0,0.0,253.40000000000066,30.0,0,0,maintain-maintain,0.04752326011657715,-0.17021137475967407,-0.18542221188545227,0,0.04752326011657715,-0.17021137475967407,0.21773463487625122,0.23294547200202942,"[true, true, true]",False,False,False,66015,0,e827f3a7c15be3cc0e8dad398a812438a042d5fbfc05ac4f148ca8e9393507fa,validation_008,0,7,724338698,14,62.98993123947605
45,9.0,A,mainline,True,False,259.40000000000066,30.0,0,maintain,0.0,0.0,191.60000000000073,18.0,0,0,maintain-maintain,-0.03539615869522095,-0.06501026451587677,-0.16510364413261414,0,-0.03539615869522095,-0.06501026451587677,0.029614105820655823,0.1297074854373932,"[true, true, true]",False,False,False,66015,0,e827f3a7c15be3cc0e8dad398a812438a042d5fbfc05ac4f148ca8e9393507fa,validation_008,0,7,724338698,14,
45,9.0,B,ramp,True,False,191.60000000000073,18.0,0,maintain,0.0,0.0,259.40000000000066,30.0,0,0,maintain-maintain,0.04694477841258049,-0.1715639978647232,-0.18879811465740204,0,0.04694477841258049,-0.1715639978647232,0.2185087762773037,0.23574289306998253,"[true, true, true]",False,False,False,66015,0,e827f3a7c15be3cc0e8dad398a812438a042d5fbfc05ac4f148ca8e9393507fa,validation_008,0,7,724338698,14,
46,9.200000000000001,A,mainline,False,True,260.90000000000066,0.0,0,maintain,0.0,0.0,195.20000000000076,18.0,0,0,inactive-active,-0.023871716111898422,-0.03220268338918686,-0.20099161565303802,0,-0.023871716111898422,-0.03220268338918686,0.008330967277288437,0.1771198995411396,"[true, true, true]",False,False,False,66015,0,e827f3a7c15be3cc0e8dad398a812438a042d5fbfc05ac4f148ca8e9393507fa,validation_008,0,7,724338698,14,
46,9.200000000000001,B,ramp,True,False,195.20000000000076,18.0,0,maintain,0.0,0.0,260.90000000000066,0.0,0,0,inactive-active,0.025170201435685158,-0.07240176200866699,-0.10060562193393707,0,0.025170201435685158,-0.07240176200866699,0.09757196344435215,0.12577582336962223,"[true, true, true]",False,False,False,66015,0,e827f3a7c15be3cc0e8dad398a812438a042d5fbfc05ac4f148ca8e9393507fa,validation_008,0,7,724338698,14,
47,9.4,A,mainline,False,True,260.90000000000066,0.0,0,maintain,0.0,0.0,198.80000000000078,18.0,0,0,inactive-active,-0.023272907361388206,-0.031087830662727356,-0.2010430544614792,0,-0.023272907361388206,-0.031087830662727356,0.00781492330133915,0.17777014710009098,"[true, true, true]",False,False,False,66015,0,e827f3a7c15be3cc0e8dad398a812438a042d5fbfc05ac4f148ca8e9393507fa,validation_008,0,7,724338698,14,
47,9.4,B,ramp,True,False,198.80000000000078,18.0,0,maintain,0.0,0.0,260.90000000000066,0.0,0,0,inactive-active,0.02643754705786705,-0.07309802621603012,-0.09962977468967438,0,0.02643754705786705,-0.07309802621603012,0.09953557327389717,0.12606732174754143,"[true, true, true]",False,False,False,66015,0,e827f3a7c15be3cc0e8dad398a812438a042d5fbfc05ac4f148ca8e9393507fa,validation_008,0,7,724338698,14,
48,9.600000000000001,A,mainline,False,True,260.90000000000066,0.0,0,maintain,0.0,0.0,202.4000000000008,18.0,0,0,inactive-active,-0.02248316816985607,-0.029956847429275513,-0.20118945837020874,0,-0.02248316816985607,-0.029956847429275513,0.007473679259419441,0.17870629020035267,"[true, true, true]",False,False,False,66015,0,e827f3a7c15be3cc0e8dad398a812438a042d5fbfc05ac4f148ca8e9393507fa,validation_008,0,7,724338698,14,
48,9.600000000000001,B,ramp,True,False,202.4000000000008,18.0,0,maintain,0.0,0.0,260.90000000000066,0.0,0,0,inactive-active,0.027461504563689232,-0.07405901700258255,-0.09874174743890762,0,0.027461504563689232,-0.07405901700258255,0.10152052156627178,0.12620325200259686,"[true, true, true]",False,False,False,66015,0,e827f3a7c15be3cc0e8dad398a812438a042d5fbfc05ac4f148ca8e9393507fa,validation_008,0,7,724338698,14,
49,9.8,A,mainline,False,True,260.90000000000066,0.0,0,maintain,0.0,0.0,206.00000000000082,18.0,0,0,inactive-active,-0.021689441055059433,-0.02879132330417633,-0.20131656527519226,0,-0.021689441055059433,-0.02879132330417633,0.007101882249116898,0.17962712422013283,"[true, true, true]",False,False,False,66015,0,e827f3a7c15be3cc0e8dad398a812438a042d5fbfc05ac4f148ca8e9393507fa,validation_008,0,7,724338698,14,
49,9.8,B,ramp,True,False,206.00000000000082,18.0,0,maintain,0.0,0.0,260.90000000000066,0.0,0,0,inactive-active,0.028200045228004456,-0.07533466070890427,-0.09794194996356964,0,0.028200045228004456,-0.07533466070890427,0.10353470593690872,0.1261419951915741,"[true, true, true]",False,False,False,66015,0,e827f3a7c15be3cc0e8dad398a812438a042d5fbfc05ac4f148ca8e9393507fa,validation_008,0,7,724338698,14,
50,10.0,A,mainline,False,True,260.90000000000066,0.0,0,maintain,0.0,0.0,209.60000000000085,18.0,0,0,inactive-active,-0.02088761329650879,-0.027699962258338928,-0.20162886381149292,0,-0.02088761329650879,-0.027699962258338928,0.006812348961830139,0.18074125051498413,"[true, true, true]",False,False,False,66015,0,e827f3a7c15be3cc0e8dad398a812438a042d5fbfc05ac4f148ca8e9393507fa,validation_008,0,7,724338698,14,
50,10.0,B,ramp,True,False,209.60000000000085,18.0,0,maintain,0.0,0.0,260.90000000000066,0.0,0,0,inactive-active,0.0285626407712698,-0.07685285061597824,-0.09717506170272827,0,0.0285626407712698,-0.07685285061597824,0.10541549138724804,0.12573770247399807,"[true, true, true]",False,False,False,66015,0,e827f3a7c15be3cc0e8dad398a812438a042d5fbfc05ac4f148ca8e9393507fa,validation_008,0,7,724338698,14,
51,10.200000000000001,A,mainline,False,True,260.90000000000066,0.0,0,maintain,0.0,0.0,213.20000000000087,18.0,0,0,inactive-active,-0.020056352019309998,-0.026570051908493042,-0.20171737670898438,0,-0.020056352019309998,-0.026570051908493042,0.006513699889183044,0.18166102468967438,"[true, true, true]",False,False,False,66015,0,e827f3a7c15be3cc0e8dad398a812438a042d5fbfc05ac4f148ca8e9393507fa,validation_008,0,7,724338698,14,
51,10.200000000000001,B,ramp,True,False,213.20000000000087,18.0,0,maintain,0.0,0.0,260.90000000000066,0.0,0,0,inactive-active,0.028810536488890648,-0.0783609077334404,-0.09649927169084549,0,0.028810536488890648,-0.0783609077334404,0.10717144422233105,0.12530980817973614,"[true, true, true]",False,False,False,66015,0,e827f3a7c15be3cc0e8dad398a812438a042d5fbfc05ac4f148ca8e9393507fa,validation_008,0,7,724338698,14,
52,10.4,A,mainline,False,True,260.90000000000066,0.0,0,maintain,0.0,0.0,216.8000000000009,18.0,0,0,inactive-active,-0.019383059814572334,-0.025539271533489227,-0.20177504420280457,0,-0.019383059814572334,-0.025539271533489227,0.006156211718916893,0.18239198438823223,"[true, true, true]",False,False,False,66015,0,e827f3a7c15be3cc0e8dad398a812438a042d5fbfc05ac4f148ca8e9393507fa,validation_008,0,7,724338698,14,
52,10.4,B,ramp,True,False,216.8000000000009,18.0,0,maintain,0.0,0.0,260.90000000000066,0.0,0,0,inactive-active,0.02909805253148079,-0.07982395589351654,-0.09573439508676529,0,0.02909805253148079,-0.07982395589351654,0.10892200842499733,0.12483244761824608,"[true, true, true]",False,False,False,66015,0,e827f3a7c15be3cc0e8dad398a812438a042d5fbfc05ac4f148ca8e9393507fa,validation_008,0,7,724338698,14,
53,10.600000000000001,A,mainline,False,True,260.90000000000066,0.0,0,maintain,0.0,0.0,220.40000000000092,18.0,0,0,inactive-active,-0.01892252452671528,-0.024435587227344513,-0.201572984457016,0,-0.01892252452671528,-0.024435587227344513,0.005513062700629234,0.1826504599303007,"[true, true, true]",False,False,False,66015,0,e827f3a7c15be3cc0e8dad398a812438a042d5fbfc05ac4f148ca8e9393507fa,validation_008,0,7,724338698,14,
53,10.600000000000001,B,ramp,True,False,220.40000000000092,18.0,0,maintain,0.0,0.0,260.90000000000066,0.0,0,0,inactive-active,0.029386131092905998,-0.08128924667835236,-0.09496799856424332,0,0.029386131092905998,-0.08128924667835236,0.11067537777125835,0.12435412965714931,"[true, true, true]",False,False,False,66015,0,e827f3a7c15be3cc0e8dad398a812438a042d5fbfc05ac4f148ca8e9393507fa,validation_008,0,7,724338698,14,
54,10.8,A,mainline,False,True,260.90000000000066,0.0,0,maintain,0.0,0.0,224.00000000000094,18.0,0,0,inactive-active,-0.018152881413698196,-0.022819839417934418,-0.2015763223171234,0,-0.018152881413698196,-0.022819839417934418,0.004666958004236221,0.18342344090342522,"[true, true, true]",False,False,False,66015,0,e827f3a7c15be3cc0e8dad398a812438a042d5fbfc05ac4f148ca8e9393507fa,validation_008,0,7,724338698,14,
54,10.8,B,ramp,True,False,224.00000000000094,18.0,0,maintain,0.0,0.0,260.90000000000066,0.0,0,0,inactive-active,0.029623420909047127,-0.08262491226196289,-0.094327911734581,0,0.029623420909047127,-0.08262491226196289,0.11224833317101002,0.12395133264362812,"[true, true, true]",False,False,False,66015,0,e827f3a7c15be3cc0e8dad398a812438a042d5fbfc05ac4f148ca8e9393507fa,validation_008,0,7,724338698,14,
55,11.0,A,mainline,False,True,260.90000000000066,0.0,0,maintain,0.0,0.0,227.60000000000096,18.0,0,0,inactive-active,-0.01713579148054123,-0.02049335092306137,-0.20109635591506958,0,-0.01713579148054123,-0.02049335092306137,0.0033575594425201416,0.18396056443452835,"[true, true, true]",False,False,False,66015,0,e827f3a7c15be3cc0e8dad398a812438a042d5fbfc05ac4f148ca8e9393507fa,validation_008,0,7,724338698,14,
55,11.0,B,ramp,True,False,227.60000000000096,18.0,0,maintain,0.0,0.0,260.90000000000066,0.0,0,0,inactive-active,0.029821675270795822,-0.0838615745306015,-0.09378458559513092,0,0.029821675270795822,-0.0838615745306015,0.11368324980139732,0.12360626086592674,"[true, true, true]",False,False,False,66015,0,e827f3a7c15be3cc0e8dad398a812438a042d5fbfc05ac4f148ca8e9393507fa,validation_008,0,7,724338698,14,
56,11.200000000000001,A,mainline,False,True,260.90000000000066,0.0,0,maintain,0.0,0.0,231.20000000000098,18.0,0,0,inactive-active,-0.01611781120300293,-0.018237382173538208,-0.20067831873893738,0,-0.01611781120300293,-0.018237382173538208,0.0021195709705352783,0.18456050753593445,"[true, true, true]",False,False,False,66015,0,e827f3a7c15be3cc0e8dad398a812438a042d5fbfc05ac4f148ca8e9393507fa,validation_008,0,7,724338698,14,
56,11.200000000000001,B,ramp,True,False,231.20000000000098,18.0,0,maintain,0.0,0.0,260.90000000000066,0.0,0,0,inactive-active,0.030019698664546013,-0.08509866148233414,-0.09323909133672714,0,0.030019698664546013,-0.08509866148233414,0.11511836014688015,0.12325879000127316,"[true, true, true]",False,False,False,66015,0,e827f3a7c15be3cc0e8dad398a812438a042d5fbfc05ac4f148ca8e9393507fa,validation_008,0,7,724338698,14,
57,11.4,A,mainline,False,True,260.90000000000066,0.0,0,maintain,0.0,0.0,234.800000000001,18.0,0,0,inactive-active,-0.015099316835403442,-0.016017042100429535,-0.20029205083847046,0,-0.015099316835403442,-0.016017042100429535,0.0009177252650260925,0.18519273400306702,"[true, true, true]",False,False,False,66015,0,e827f3a7c15be3cc0e8dad398a812438a042d5fbfc05ac4f148ca8e9393507fa,validation_008,0,7,724338698,14,
57,11.4,B,ramp,True,False,234.800000000001,18.0,0,maintain,0.0,0.0,260.90000000000066,0.0,0,0,inactive-active,0.030183909460902214,-0.08621364831924438,-0.09265261888504028,0,0.030183909460902214,-0.08621364831924438,0.1163975577801466,0.1228365283459425,"[true, true, true]",False,False,False,66015,0,e827f3a7c15be3cc0e8dad398a812438a042d5fbfc05ac4f148ca8e9393507fa,validation_008,0,7,724338698,14,
58,11.600000000000001,A,mainline,False,True,260.90000000000066,0.0,0,maintain,0.0,0.0,238.40000000000103,18.0,0,0,inactive-active,-0.014080710709095001,-0.013796061277389526,-0.19990622997283936,1,-0.013796061277389526,-0.014080710709095001,0.00028464943170547485,0.18611016869544983,"[true, true, true]",False,False,False,66015,0,e827f3a7c15be3cc0e8dad398a812438a042d5fbfc05ac4f148ca8e9393507fa,validation_008,0,7,724338698,14,
58,11.600000000000001,B,ramp,True,False,238.40000000000103,18.0,0,maintain,0.0,0.0,260.90000000000066,0.0,0,0,inactive-active,0.030579688027501106,-0.08718186616897583,-0.09191286563873291,0,0.030579688027501106,-0.08718186616897583,0.11776155419647694,0.12249255366623402,"[true, true, true]",False,False,False,66015,0,e827f3a7c15be3cc0e8dad398a812438a042d5fbfc05ac4f148ca8e9393507fa,validation_008,0,7,724338698,14,
59,11.8,A,mainline,False,True,260.90000000000066,0.0,0,maintain,0.0,0.0,242.00000000000105,18.0,0,0,inactive-active,-0.013061972334980965,-0.01157444715499878,-0.19952090084552765,1,-0.01157444715499878,-0.013061972334980965,0.0014875251799821854,0.18794645369052887,"[true, true, true]",False,False,False,66015,0,e827f3a7c15be3cc0e8dad398a812438a042d5fbfc05ac4f148ca8e9393507fa,validation_008,0,7,724338698,14,
59,11.8,B,ramp,True,False,242.00000000000105,18.0,0,maintain,0.0,0.0,260.90000000000066,0.0,0,0,inactive-active,0.031112385913729668,-0.08806081116199493,-0.0910768061876297,0,0.031112385913729668,-0.08806081116199493,0.1191731970757246,0.12218919210135937,"[true, true, true]",False,False,False,66015,0,e827f3a7c15be3cc0e8dad398a812438a042d5fbfc05ac4f148ca8e9393507fa,validation_008,0,7,724338698,14,
60,12.0,A,mainline,False,True,260.90000000000066,0.0,0,maintain,0.0,0.0,245.60000000000107,18.0,0,0,inactive-active,-0.012043224647641182,-0.009352140128612518,-0.19913598895072937,1,-0.009352140128612518,-0.012043224647641182,0.0026910845190286636,0.18978384882211685,"[true, true, true]",False,False,False,66015,0,e827f3a7c15be3cc0e8dad398a812438a042d5fbfc05ac4f148ca8e9393507fa,validation_008,0,7,724338698,14,
60,12.0,B,ramp,True,False,245.60000000000107,18.0,0,maintain,0.0,0.0,260.90000000000066,0.0,0,0,inactive-active,0.03164581581950188,-0.08894193172454834,-0.0902387797832489,0,0.03164581581950188,-0.08894193172454834,0.12058774754405022,0.12188459560275078,"[true, true, true]",False,False,False,66015,0,e827f3a7c15be3cc0e8dad398a812438a042d5fbfc05ac4f148ca8e9393507fa,validation_008,0,7,724338698,14,
61,12.200000000000001,A,mainline,False,True,260.90000000000066,0.0,0,maintain,0.0,0.0,249.2000000000011,18.0,0,0,inactive-active,-0.0110244769603014,-0.0071291252970695496,-0.1987515538930893,1,-0.0071291252970695496,-0.0110244769603014,0.0038953516632318497,0.19162242859601974,"[true, true, true]",False,False,False,66015,0,e827f3a7c15be3cc0e8dad398a812438a042d5fbfc05ac4f148ca8e9393507fa,validation_008,0,7,724338698,14,
61,12.200000000000001,B,ramp,True,False,249.2000000000011,18.0,0,maintain,0.0,0.0,260.90000000000066,0.0,0,0,inactive-active,0.03204638510942459,-0.08984444290399551,-0.08945710957050323,0,0.03204638510942459,-0.08945710957050323,0.12150349467992783,0.1218908280134201,"[true, true, true]",False,False,False,66015,0,e827f3a7c15be3cc0e8dad398a812438a042d5fbfc05ac4f148ca8e9393507fa,validation_008,0,7,724338698,14,
62,12.4,A,mainline,False,True,260.90000000000066,0.0,0,maintain,0.0,0.0,252.80000000000112,18.0,0,0,inactive-active,-0.010263711214065552,-0.0049781352281570435,-0.19831375777721405,1,-0.0049781352281570435,-0.010263711214065552,0.005285575985908508,0.193335622549057,"[true, true, true]",False,False,False,66015,0,e827f3a7c15be3cc0e8dad398a812438a042d5fbfc05ac4f148ca8e9393507fa,validation_008,0,7,724338698,14,
62,12.4,B,ramp,True,False,252.80000000000112,18.0,0,maintain,0.0,0.0,260.90000000000066,0.0,0,0,inactive-active,0.032104603946208954,-0.09072433412075043,-0.08871911466121674,0,0.032104603946208954,-0.08871911466121674,0.12082371860742569,0.12282893806695938,"[true, true, true]",False,False,False,66015,0,e827f3a7c15be3cc0e8dad398a812438a042d5fbfc05ac4f148ca8e9393507fa,validation_008,0,7,724338698,14,
63,12.600000000000001,A,mainline,False,True,260.90000000000066,0.0,0,maintain,0.0,0.0,256.4000000000011,18.0,0,0,inactive-active,-0.009807264432311058,-0.0029121488332748413,-0.1978130042552948,1,-0.0029121488332748413,-0.009807264432311058,0.006895115599036217,0.19490085542201996,"[true, true, true]",False,False,False,66015,0,e827f3a7c15be3cc0e8dad398a812438a042d5fbfc05ac4f148ca8e9393507fa,validation_008,0,7,724338698,14,
63,12.600000000000001,B,ramp,True,False,256.4000000000011,18.0,0,maintain,0.0,0.0,260.90000000000066,0.0,0,0,inactive-active,0.032160308212041855,-0.09151497483253479,-0.08777005225419998,0,0.032160308212041855,-0.08777005225419998,0.11993036046624184,0.12367528304457664,"[true, true, true]",False,False,False,66015,0,e827f3a7c15be3cc0e8dad398a812438a042d5fbfc05ac4f148ca8e9393507fa,validation_008,0,7,724338698,14,
64,12.8,A,mainline,False,True,260.90000000000066,0.0,0,maintain,0.0,0.0,260.000000000001,18.0,0,0,inactive-active,-0.00932283140718937,-0.0008001253008842468,-0.19731274247169495,1,-0.0008001253008842468,-0.00932283140718937,0.008522706106305122,0.1965126171708107,"[true, true, true]",False,True,False,66015,0,e827f3a7c15be3cc0e8dad398a812438a042d5fbfc05ac4f148ca8e9393507fa,validation_008,0,7,724338698,14,
64,12.8,B,ramp,True,False,260.000000000001,18.0,0,maintain,0.0,0.0,260.90000000000066,0.0,0,0,inactive-active,0.03258540481328964,-0.09247627854347229,-0.08614856749773026,0,0.03258540481328964,-0.08614856749773026,0.1187339723110199,0.12506168335676193,"[true, true, true]",False,True,False,66015,0,e827f3a7c15be3cc0e8dad398a812438a042d5fbfc05ac4f148ca8e9393507fa,validation_008,0,7,724338698,14,
0,0.0,A,ramp,True,False,29.599999999999994,18.0,1,accelerate,0.0,2.0000000000000284,38.4,16.0,1,0,accelerate-maintain,-0.05977936089038849,0.08232053369283676,-0.1023753434419632,1,0.08232053369283676,-0.05977936089038849,0.14209989458322525,0.18469587713479996,"[true, true, true]",False,False,False,66015,0,e827f3a7c15be3cc0e8dad398a812438a042d5fbfc05ac4f148ca8e9393507fa,validation_008,1,7,724338698,15,
0,0.0,B,mainline,True,False,38.4,16.0,0,maintain,0.0,0.0,29.599999999999994,18.0,1,0,accelerate-maintain,0.029902383685112,-0.1316390335559845,-0.12996934354305267,0,0.029902383685112,-0.12996934354305267,0.15987172722816467,0.1615414172410965,"[true, true, true]",False,False,False,66015,0,e827f3a7c15be3cc0e8dad398a812438a042d5fbfc05ac4f148ca8e9393507fa,validation_008,1,7,724338698,15,
1,0.2,A,ramp,True,False,33.23999999999999,18.400000000000006,1,accelerate,2.0,2.0000000000000284,41.59999999999999,16.0,1,0,accelerate-maintain,-0.06165909394621849,0.08315012603998184,-0.1022072285413742,1,0.08315012603998184,-0.06165909394621849,0.14480921998620033,0.18535735458135605,"[true, true, true]",False,False,False,66015,0,e827f3a7c15be3cc0e8dad398a812438a042d5fbfc05ac4f148ca8e9393507fa,validation_008,1,7,724338698,15,
1,0.2,B,mainline,True,False,41.59999999999999,16.0,0,maintain,0.0,0.0,33.23999999999999,18.400000000000006,1,0,accelerate-maintain,0.028338324278593063,-0.13325056433677673,-0.12732860445976257,0,0.028338324278593063,-0.12732860445976257,0.15566692873835564,0.1615888886153698,"[true, true, true]",False,False,False,66015,0,e827f3a7c15be3cc0e8dad398a812438a042d5fbfc05ac4f148ca8e9393507fa,validation_008,1,7,724338698,15,
2,0.4,A,ramp,True,False,36.95999999999999,18.80000000000001,1,accelerate,2.0,2.0000000000000284,44.799999999999976,16.0,1,0,accelerate-maintain,-0.06304775923490524,0.08389461040496826,-0.1022370308637619,1,0.08389461040496826,-0.06304775923490524,0.1469423696398735,0.18613164126873016,"[true, true, true]",False,False,False,66015,0,e827f3a7c15be3cc0e8dad398a812438a042d5fbfc05ac4f148ca8e9393507fa,validation_008,1,7,724338698,15,
2,0.4,B,mainline,True,False,44.799999999999976,16.0,0,maintain,0.0,0.0,36.95999999999999,18.80000000000001,1,0,accelerate-maintain,0.028599170967936516,-0.13426920771598816,-0.12448208779096603,0,0.028599170967936516,-0.12448208779096603,0.15308125875890255,0.16286837868392467,"[true, true, true]",False,False,False,66015,0,e827f3a7c15be3cc0e8dad398a812438a042d5fbfc05ac4f148ca8e9393507fa,validation_008,1,7,724338698,15,
3,0.6000000000000001,A,ramp,True,False,40.75999999999999,19.200000000000017,1,accelerate,2.0,2.0000000000000284,47.999999999999964,16.0,1,0,accelerate-maintain,-0.06412054598331451,0.08457589894533157,-0.10239394009113312,1,0.08457589894533157,-0.06412054598331451,0.1486964449286461,0.1869698390364647,"[true, true, true]",False,False,False,66015,0,e827f3a7c15be3cc0e8dad398a812438a042d5fbfc05ac4f148ca8e9393507fa,validation_008,1,7,724338698,15,
3,0.6000000000000001,B,mainline,True,False,47.999999999999964,16.0,0,maintain,0.0,0.0,40.75999999999999,19.200000000000017,1,0,accelerate-maintain,0.029132330790162086,-0.13473063707351685,-0.12218427658081055,0,0.029132330790162086,-0.12218427658081055,0.15131660737097263,0.16386296786367893,"[true, true, true]",False,False,False,66015,0,e827f3a7c15be3cc0e8dad398a812438a042d5fbfc05ac4f148ca8e9393507fa,validation_008,1,7,724338698,15,
4,0.8,A,ramp,True,False,44.63999999999999,19.600000000000023,1,accelerate,2.0,2.0000000000000284,51.19999999999995,16.0,1,0,accelerate-maintain,-0.06488323211669922,0.08513429015874863,-0.10270986706018448,1,0.08513429015874863,-0.06488323211669922,0.15001752227544785,0.1878441572189331,"[true, true, true]",False,False,False,66015,0,e827f3a7c15be3cc0e8dad398a812438a042d5fbfc05ac4f148ca8e9393507fa,validation_008,1,7,724338698,15,
4,0.8,B,mainline,True,False,51.19999999999995,16.0,0,maintain,0.0,0.0,44.63999999999999,19.600000000000023,1,0,accelerate-maintain,0.029783375561237335,-0.13501152396202087,-0.12033212184906006,0,0.029783375561237335,-0.12033212184906006,0.1501154974102974,0.1647948995232582,"[true, true, true]",False,False,False,66015,0,e827f3a7c15be3cc0e8dad398a812438a042d5fbfc05ac4f148ca8e9393507fa,validation_008,1,7,724338698,15,
5,1.0,A,ramp,True,False,48.6,20.00000000000003,1,accelerate,2.0,2.0000000000000284,54.39999999999994,16.0,1,0,accelerate-maintain,-0.06541766226291656,0.0855957567691803,-0.10314373672008514,1,0.0855957567691803,-0.06541766226291656,0.15101341903209686,0.18873949348926544,"[true, true, true]",False,False,False,66015,0,e827f3a7c15be3cc0e8dad398a812438a042d5fbfc05ac4f148ca8e9393507fa,validation_008,1,7,724338698,15,
5,1.0,B,mainline,True,False,54.39999999999994,16.0,0,maintain,0.0,0.0,48.6,20.00000000000003,1,0,accelerate-maintain,0.030526047572493553,-0.13516885042190552,-0.11881682276725769,0,0.030526047572493553,-0.11881682276725769,0.14934287033975124,0.16569489799439907,"[true, true, true]",False,False,False,66015,0,e827f3a7c15be3cc0e8dad398a812438a042d5fbfc05ac4f148ca8e9393507fa,validation_008,1,7,724338698,15,
6,1.2000000000000002,A,ramp,True,False,52.64000000000001,20.400000000000034,1,accelerate,2.0,2.0000000000000284,57.59999999999993,16.0,1,0,accelerate-maintain,-0.06564776599407196,0.08666270226240158,-0.10406261682510376,1,0.08666270226240158,-0.06564776599407196,0.15231046825647354,0.19072531908750534,"[true, true, true]",False,False,False,66015,0,e827f3a7c15be3cc0e8dad398a812438a042d5fbfc05ac4f148ca8e9393507fa,validation_008,1,7,724338698,15,
6,1.2000000000000002,B,mainline,True,False,57.59999999999993,16.0,0,maintain,0.0,0.0,52.64000000000001,20.400000000000034,1,0,accelerate-maintain,0.03158564120531082,-0.13556011021137238,-0.11770076304674149,0,0.03158564120531082,-0.11770076304674149,0.1492864042520523,0.1671457514166832,"[true, true, true]",False,False,False,66015,0,e827f3a7c15be3cc0e8dad398a812438a042d5fbfc05ac4f148ca8e9393507fa,validation_008,1,7,724338698,15,
7,1.4000000000000001,A,ramp,True,False,56.76000000000001,20.80000000000004,1,accelerate,2.0,2.0000000000000284,60.79999999999992,16.0,1,0,accelerate-maintain,-0.06572480499744415,0.08790714293718338,-0.10475773364305496,1,0.08790714293718338,-0.06572480499744415,0.15363194793462753,0.19266487658023834,"[true, true, true]",False,False,False,66015,0,e827f3a7c15be3cc0e8dad398a812438a042d5fbfc05ac4f148ca8e9393507fa,validation_008,1,7,724338698,15,
7,1.4000000000000001,B,mainline,True,False,60.79999999999992,16.0,0,maintain,0.0,0.0,56.76000000000001,20.80000000000004,1,0,accelerate-maintain,0.03314945846796036,-0.13609734177589417,-0.11694354563951492,0,0.03314945846796036,-0.11694354563951492,0.15009300410747528,0.16924680024385452,"[true, true, true]",False,False,False,66015,0,e827f3a7c15be3cc0e8dad398a812438a042d5fbfc05ac4f148ca8e9393507fa,validation_008,1,7,724338698,15,
8,1.6,A,ramp,True,False,60.96000000000002,21.200000000000045,1,accelerate,2.0,2.0000000000000284,63.99999999999991,16.0,1,0,accelerate-maintain,-0.06546039879322052,0.08943185210227966,-0.10493118315935135,1,0.08943185210227966,-0.06546039879322052,0.15489225089550018,0.194363035261631,"[true, true, true]",False,False,False,66015,0,e827f3a7c15be3cc0e8dad398a812438a042d5fbfc05ac4f148ca8e9393507fa,validation_008,1,7,724338698,15,
8,1.6,B,mainline,True,False,63.99999999999991,16.0,0,maintain,0.0,0.0,60.96000000000002,21.200000000000045,1,0,accelerate-maintain,0.035363636910915375,-0.135395348072052,-0.11555664241313934,0,0.035363636910915375,-0.11555664241313934,0.15092027932405472,0.17075898498296738,"[true, true, true]",False,False,False,66015,0,e827f3a7c15be3cc0e8dad398a812438a042d5fbfc05ac4f148ca8e9393507fa,validation_008,1,7,724338698,15,
9,1.8,A,ramp,True,False,65.24000000000002,21.60000000000005,1,accelerate,2.0,2.0000000000000284,67.1999999999999,16.0,1,0,accelerate-maintain,-0.06445590406656265,0.09084388613700867,-0.10601427406072617,1,0.09084388613700867,-0.06445590406656265,0.15529979020357132,0.19685816019773483,"[true, true, true]",False,False,False,66015,0,e827f3a7c15be3cc0e8dad398a812438a042d5fbfc05ac4f148ca8e9393507fa,validation_008,1,7,724338698,15,
9,1.8,B,mainline,True,False,67.1999999999999,16.0,0,maintain,0.0,0.0,65.24000000000002,21.60000000000005,1,0,accelerate-maintain,0.03706425428390503,-0.13451746106147766,-0.11443229019641876,0,0.03706425428390503,-0.11443229019641876,0.1514965444803238,0.1715817153453827,"[true, true, true]",False,False,False,66015,0,e827f3a7c15be3cc0e8dad398a812438a042d5fbfc05ac4f148ca8e9393507fa,validation_008,1,7,724338698,15,
10,2.0,A,ramp,True,False,69.60000000000002,22.000000000000057,1,accelerate,2.0,2.0000000000000284,70.39999999999989,16.0,1,0,accelerate-maintain,-0.06274554133415222,0.09192327409982681,-0.10732108354568481,1,0.09192327409982681,-0.06274554133415222,0.15466881543397903,0.19924435764551163,"[true, true, true]",False,False,False,66015,0,e827f3a7c15be3cc0e8dad398a812438a042d5fbfc05ac4f148ca8e9393507fa,validation_008,1,7,724338698,15,
10,2.0,B,mainline,True,False,70.39999999999989,16.0,0,maintain,0.0,0.0,69.60000000000002,22.000000000000057,1,0,accelerate-maintain,0.03830769285559654,-0.13317278027534485,-0.11360584944486618,0,0.03830769285559654,-0.11360584944486618,0.15191354230046272,0.1714804731309414,"[true, true, true]",False,False,False,66015,0,e827f3a7c15be3cc0e8dad398a812438a042d5fbfc05ac4f148ca8e9393507fa,validation_008,1,7,724338698,15,
11,2.2,A,ramp,True,False,74.04000000000003,22.400000000000063,1,accelerate,2.0,2.0000000000000284,73.59999999999988,16.0,1,0,accelerate-maintain,-0.059849634766578674,0.09295977652072906,-0.10922040790319443,1,0.09295977652072906,-0.059849634766578674,0.15280941128730774,0.2021801844239235,"[true, true, true]",False,False,False,66015,0,e827f3a7c15be3cc0e8dad398a812438a042d5fbfc05ac4f148ca8e9393507fa,validation_008,1,7,724338698,15,
11,2.2,B,mainline,True,False,73.59999999999988,16.0,0,maintain,0.0,0.0,74.04000000000003,22.400000000000063,1,0,accelerate-maintain,0.0389367938041687,-0.13174615800380707,-0.11267593502998352,0,0.0389367938041687,-0.11267593502998352,0.15161272883415222,0.17068295180797577,"[true, true, true]",False,False,False,66015,0,e827f3a7c15be3cc0e8dad398a812438a042d5fbfc05ac4f148ca8e9393507fa,validation_008,1,7,724338698,15,
12,2.4000000000000004,A,ramp,True,False,78.56000000000004,22.800000000000068,1,accelerate,2.0,2.0000000000000284,76.79999999999987,16.0,1,0,accelerate-maintain,-0.056419335305690765,0.09404431283473969,-0.11155132949352264,1,0.09404431283473969,-0.056419335305690765,0.15046364814043045,0.20559564232826233,"[true, true, true]",False,False,False,66015,0,e827f3a7c15be3cc0e8dad398a812438a042d5fbfc05ac4f148ca8e9393507fa,validation_008,1,7,724338698,15,
12,2.4000000000000004,B,mainline,True,False,76.79999999999987,16.0,0,maintain,0.0,0.0,78.56000000000004,22.800000000000068,1,0,accelerate-maintain,0.0394781231880188,-0.13019554316997528,-0.11180704832077026,0,0.0394781231880188,-0.11180704832077026,0.15128517150878906,0.16967366635799408,"[true, true, true]",False,False,False,66015,0,e827f3a7c15be3cc0e8dad398a812438a042d5fbfc05ac4f148ca8e9393507fa,validation_008,1,7,724338698,15,
13,2.6,A,ramp,True,False,83.16000000000005,23.200000000000074,1,accelerate,2.0,2.0000000000000284,79.99999999999986,16.0,1,0,accelerate-maintain,-0.05304962024092674,0.09467898309230804,-0.11421952396631241,1,0.09467898309230804,-0.05304962024092674,0.1477286033332348,0.20889850705862045,"[true, true, true]",False,False,False,66015,0,e827f3a7c15be3cc0e8dad398a812438a042d5fbfc05ac4f148ca8e9393507fa,validation_008,1,7,724338698,15,
13,2.6,B,mainline,True,False,79.99999999999986,16.0,0,maintain,0.0,0.0,83.16000000000005,23.200000000000074,1,0,accelerate-maintain,0.039751067757606506,-0.1305307298898697,-0.11224055290222168,0,0.039751067757606506,-0.11224055290222168,0.15199162065982819,0.1702817976474762,"[true, true, true]",False,False,False,66015,0,e827f3a7c15be3cc0e8dad398a812438a042d5fbfc05ac4f148ca8e9393507fa,validation_008,1,7,724338698,15,
14,2.8000000000000003,A,ramp,True,False,87.84000000000007,23.60000000000008,1,accelerate,2.0,2.0000000000000284,83.19999999999985,16.0,1,0,accelerate-maintain,-0.04994334280490875,0.09482891857624054,-0.11655891686677933,1,0.09482891857624054,-0.04994334280490875,0.1447722613811493,0.21138783544301987,"[true, true, true]",False,False,False,66015,0,e827f3a7c15be3cc0e8dad398a812438a042d5fbfc05ac4f148ca8e9393507fa,validation_008,1,7,724338698,15,
14,2.8000000000000003,B,mainline,True,False,83.19999999999985,16.0,0,maintain,0.0,0.0,87.84000000000007,23.60000000000008,1,0,accelerate-maintain,0.04007783532142639,-0.13086798787117004,-0.11285099387168884,0,0.04007783532142639,-0.11285099387168884,0.15292882919311523,0.17094582319259644,"[true, true, true]",False,False,False,66015,0,e827f3a7c15be3cc0e8dad398a812438a042d5fbfc05ac4f148ca8e9393507fa,validation_008,1,7,724338698,15,
15,3.0,A,ramp,True,False,92.6000000000001,24.000000000000085,1,accelerate,2.0,2.0000000000000284,86.39999999999984,16.0,1,0,accelerate-maintain,-0.047999776899814606,0.09444914758205414,-0.11853867769241333,1,0.09444914758205414,-0.047999776899814606,0.14244892448186874,0.21298782527446747,"[true, true, true]",False,False,False,66015,0,e827f3a7c15be3cc0e8dad398a812438a042d5fbfc05ac4f148ca8e9393507fa,validation_008,1,7,724338698,15,
15,3.0,B,mainline,True,False,86.39999999999984,16.0,0,maintain,0.0,0.0,92.6000000000001,24.000000000000085,1,0,accelerate-maintain,0.04040980339050293,-0.13119283318519592,-0.1135164201259613,0,0.04040980339050293,-0.1135164201259613,0.15392622351646423,0.17160263657569885,"[true, true, true]",False,False,False,66015,0,e827f3a7c15be3cc0e8dad398a812438a042d5fbfc05ac4f148ca8e9393507fa,validation_008,1,7,724338698,15,
16,3.2,A,ramp,True,False,97.44000000000011,24.40000000000009,1,accelerate,2.0,2.0000000000000284,89.59999999999982,16.0,1,0,accelerate-maintain,-0.04583333805203438,0.09389425814151764,-0.12046526372432709,1,0.09389425814151764,-0.04583333805203438,0.13972759619355202,0.21435952186584473,"[true, true, true]",False,False,False,66015,0,e827f3a7c15be3cc0e8dad398a812438a042d5fbfc05ac4f148ca8e9393507fa,validation_008,1,7,724338698,15,
16,3.2,B,mainline,True,False,89.59999999999982,16.0,0,maintain,0.0,0.0,97.44000000000011,24.40000000000009,1,0,accelerate-maintain,0.04085696488618851,-0.13145232200622559,-0.11434196680784225,0,0.04085696488618851,-0.11434196680784225,0.15519893169403076,0.1723092868924141,"[true, true, true]",False,False,False,66015,0,e827f3a7c15be3cc0e8dad398a812438a042d5fbfc05ac4f148ca8e9393507fa,validation_008,1,7,724338698,15,
17,3.4000000000000004,A,ramp,True,False,102.36000000000014,24.800000000000097,1,accelerate,2.0,2.0000000000000284,92.79999999999981,16.0,1,0,accelerate-maintain,-0.043686214834451675,0.09332409501075745,-0.12237070500850677,1,0.09332409501075745,-0.043686214834451675,0.13701030984520912,0.21569480001926422,"[true, true, true]",False,False,False,66015,0,e827f3a7c15be3cc0e8dad398a812438a042d5fbfc05ac4f148ca8e9393507fa,validation_008,1,7,724338698,15,6.285927941577853
17,3.4000000000000004,B,mainline,True,False,92.79999999999981,16.0,0,maintain,0.0,0.0,102.36000000000014,24.800000000000097,1,0,accelerate-maintain,0.04155499115586281,-0.1315772980451584,-0.11545556783676147,0,0.04155499115586281,-0.11545556783676147,0.15701055899262428,0.1731322892010212,"[true, true, true]",False,False,False,66015,0,e827f3a7c15be3cc0e8dad398a812438a042d5fbfc05ac4f148ca8e9393507fa,validation_008,1,7,724338698,15,6.285927941577853
18,3.6,A,ramp,True,False,107.36000000000017,25.200000000000102,1,accelerate,2.0,2.0000000000000284,95.9999999999998,16.0,1,0,accelerate-maintain,-0.034361593425273895,0.07254321873188019,-0.12835575640201569,1,0.07254321873188019,-0.034361593425273895,0.10690481215715408,0.20089897513389587,"[true, true, true]",False,False,False,66015,0,e827f3a7c15be3cc0e8dad398a812438a042d5fbfc05ac4f148ca8e9393507fa,validation_008,1,7,724338698,15,8.12706857822161
18,3.6,B,mainline,True,False,95.9999999999998,16.0,0,maintain,0.0,0.0,107.36000000000017,25.200000000000102,1,0,accelerate-maintain,0.059506211429834366,-0.1220560073852539,-0.14450901746749878,0,0.059506211429834366,-0.1220560073852539,0.18156221881508827,0.20401522889733315,"[true, true, true]",False,False,False,66015,0,e827f3a7c15be3cc0e8dad398a812438a042d5fbfc05ac4f148ca8e9393507fa,validation_008,1,7,724338698,15,8.12706857822161
19,3.8000000000000003,A,ramp,True,False,112.4400000000002,25.600000000000108,1,accelerate,2.0,2.0000000000000284,99.19999999999979,16.0,1,0,accelerate-maintain,-0.031579576432704926,0.07386047393083572,-0.12983015179634094,1,0.07386047393083572,-0.031579576432704926,0.10544005036354065,0.20369062572717667,"[true, true, true]",False,False,False,66015,0,e827f3a7c15be3cc0e8dad398a812438a042d5fbfc05ac4f148ca8e9393507fa,validation_008,1,7,724338698,15,10.051542837325371
19,3.8000000000000003,B,mainline,True,False,99.19999999999979,16.0,0,maintain,0.0,0.0,112.4400000000002,25.600000000000108,1,0,accelerate-maintain,0.059470370411872864,-0.12209536135196686,-0.14523671567440033,0,0.059470370411872864,-0.12209536135196686,0.18156573176383972,0.2047070860862732,"[true, true, true]",False,False,False,66015,0,e827f3a7c15be3cc0e8dad398a812438a042d5fbfc05ac4f148ca8e9393507fa,validation_008,1,7,724338698,15,10.051542837325371
20,4.0,A,ramp,True,False,117.60000000000021,26.000000000000114,1,accelerate,2.0,2.0000000000000284,102.39999999999978,16.0,1,0,accelerate-maintain,-0.028381695970892906,0.07502853870391846,-0.13139519095420837,1,0.07502853870391846,-0.028381695970892906,0.10341023467481136,0.20642372965812683,"[true, true, true]",False,False,False,66015,0,e827f3a7c15be3cc0e8dad398a812438a042d5fbfc05ac4f148ca8e9393507fa,validation_008,1,7,724338698,15,12.066389350270327
20,4.0,B,mainline,True,False,102.39999999999978,16.0,0,maintain,0.0,0.0,117.60000000000021,26.000000000000114,1,0,accelerate-maintain,0.05954277515411377,-0.12135877460241318,-0.14583437144756317,0,0.05954277515411377,-0.12135877460241318,0.18090154975652695,0.20537714660167694,"[true, true, true]",False,False,False,66015,0,e827f3a7c15be3cc0e8dad398a812438a042d5fbfc05ac4f148ca8e9393507fa,validation_008,1,7,724338698,15,12.066389350270327
21,4.2,A,ramp,True,False,122.84000000000023,26.40000000000012,1,accelerate,2.0,2.0000000000000284,105.59999999999977,16.0,1,0,accelerate-maintain,-0.025117913261055946,0.07581640779972076,-0.13327983021736145,1,0.07581640779972076,-0.025117913261055946,0.10093432106077671,0.20909623801708221,"[true, true, true]",False,False,False,66015,0,e827f3a7c15be3cc0e8dad398a812438a042d5fbfc05ac4f148ca8e9393507fa,validation_008,1,7,724338698,15,14.173831535029436
21,4.2,B,mainline,True,False,105.59999999999977,16.0,0,maintain,0.0,0.0,122.84000000000023,26.40000000000012,1,0,accelerate-maintain,0.0600333996117115,-0.12121275067329407,-0.14649857580661774,0,0.0600333996117115,-0.12121275067329407,0.18124615028500557,0.20653197541832924,"[true, true, true]",False,False,False,66015,0,e827f3a7c15be3cc0e8dad398a812438a042d5fbfc05ac4f148ca8e9393507fa,validation_008,1,7,724338698,15,14.173831535029436
22,4.4,A,ramp,True,False,128.16000000000025,26.800000000000125,1,accelerate,2.0,2.0000000000000284,108.79999999999976,16.0,1,0,accelerate-maintain,-0.02195356972515583,0.07645085453987122,-0.1353793889284134,1,0.07645085453987122,-0.02195356972515583,0.09840442426502705,0.2118302434682846,"[true, true, true]",False,False,False,66015,0,e827f3a7c15be3cc0e8dad398a812438a042d5fbfc05ac4f148ca8e9393507fa,validation_008,1,7,724338698,15,16.37033782655189
22,4.4,B,mainline,True,False,108.79999999999976,16.0,0,maintain,0.0,0.0,128.16000000000025,26.800000000000125,1,0,accelerate-maintain,0.060668110847473145,-0.12055337429046631,-0.14703932404518127,0,0.060668110847473145,-0.12055337429046631,0.18122148513793945,0.20770743489265442,"[true, true, true]",False,False,False,66015,0,e827f3a7c15be3cc0e8dad398a812438a042d5fbfc05ac4f148ca8e9393507fa,validation_008,1,7,724338698,15,16.37033782655189
23,4.6000000000000005,A,ramp,True,False,133.5600000000003,27.20000000000013,1,accelerate,2.0,2.0000000000000284,111.99999999999974,16.0,1,0,accelerate-maintain,-0.019089683890342712,0.0776001513004303,-0.13848775625228882,1,0.0776001513004303,-0.019089683890342712,0.09668983519077301,0.21608790755271912,"[true, true, true]",False,False,False,66015,0,e827f3a7c15be3cc0e8dad398a812438a042d5fbfc05ac4f148ca8e9393507fa,validation_008,1,7,724338698,15,18.65006881872057
23,4.6000000000000005,B,mainline,True,False,111.99999999999974,16.0,0,maintain,0.0,0.0,133.5600000000003,27.20000000000013,1,0,accelerate-maintain,0.061518047004938126,-0.12017007172107697,-0.14736519753932953,0,0.061518047004938126,-0.12017007172107697,0.1816881187260151,0.20888324454426765,"[true, true, true]",False,False,False,66015,0,e827f3a7c15be3cc0e8dad398a812438a042d5fbfc05ac4f148ca8e9393507fa,validation_008,1,7,724338698,15,18.65006881872057
24,4.800000000000001,A,ramp,True,False,139.0400000000003,27.600000000000136,1,accelerate,2.0,2.0000000000000284,115.19999999999973,16.0,1,0,accelerate-maintain,-0.016296636313199997,0.07879387587308884,-0.1417677402496338,1,0.07879387587308884,-0.016296636313199997,0.09509051218628883,0.22056161612272263,"[true, true, true]",False,False,False,66015,0,e827f3a7c15be3cc0e8dad398a812438a042d5fbfc05ac4f148ca8e9393507fa,validation_008,1,7,724338698,15,21.01006876052449
24,4.800000000000001,B,mainline,True,False,115.19999999999973,16.0,0,maintain,0.0,0.0,139.0400000000003,27.600000000000136,1,0,accelerate-maintain,0.06198431923985481,-0.12027382850646973,-0.14787951111793518,0,0.06198431923985481,-0.12027382850646973,0.18225814774632454,0.20986383035779,"[true, true, true]",False,False,False,66015,0,e827f3a7c15be3cc0e8dad398a812438a042d5fbfc05ac4f148ca8e9393507fa,validation_008,1,7,724338698,15,21.01006876052449
25,5.0,A,ramp,True,False,144.60000000000034,28.000000000000142,1,accelerate,2.0,2.0000000000000284,118.39999999999972,16.0,1,0,accelerate-maintain,-0.014488017186522484,0.07945495843887329,-0.14506563544273376,1,0.07945495843887329,-0.014488017186522484,0.09394297562539577,0.22452059388160706,"[true, true, true]",False,False,False,66015,0,e827f3a7c15be3cc0e8dad398a812438a042d5fbfc05ac4f148ca8e9393507fa,validation_008,1,7,724338698,15,23.450068760524516
25,5.0,B,mainline,True,False,118.39999999999972,16.0,0,maintain,0.0,0.0,144.60000000000034,28.000000000000142,1,0,accelerate-maintain,0.062425196170806885,-0.12042467296123505,-0.14822827279567719,0,0.062425196170806885,-0.12042467296123505,0.18284986913204193,0.21065346896648407,"[true, true, true]",False,False,False,66015,0,e827f3a7c15be3cc0e8dad398a812438a042d5fbfc05ac4f148ca8e9393507fa,validation_008,1,7,724338698,15,23.450068760524516
26,5.2,A,ramp,True,False,150.24000000000035,28.400000000000148,1,accelerate,2.0,2.0000000000000284,121.59999999999971,16.0,1,0,accelerate-maintain,-0.012854984030127525,0.07959774136543274,-0.1481078714132309,1,0.07959774136543274,-0.012854984030127525,0.09245272539556026,0.22770561277866364,"[true, true, true]",False,False,False,66015,0,e827f3a7c15be3cc0e8dad398a812438a042d5fbfc05ac4f148ca8e9393507fa,validation_008,1,7,724338698,15,25.970068760524555
26,5.2,B,mainline,True,False,121.59999999999971,16.0,0,maintain,0.0,0.0,150.24000000000035,28.400000000000148,1,0,accelerate-maintain,0.06285795569419861,-0.12055249512195587,-0.1485683172941208,0,0.06285795569419861,-0.12055249512195587,0.18341045081615448,0.2114262729883194,"[true, true, true]",False,False,False,66015,0,e827f3a7c15be3cc0e8dad398a812438a042d5fbfc05ac4f148ca8e9393507fa,validation_008,1,7,724338698,15,25.970068760524555
27,5.4,A,ramp,True,False,155.96000000000038,28.800000000000153,1,accelerate,2.0,2.0000000000000284,124.7999999999997,16.0,1,0,accelerate-maintain,-0.01146659068763256,0.07894910871982574,-0.15053001046180725,1,0.07894910871982574,-0.01146659068763256,0.0904156994074583,0.229479119181633,"[true, true, true]",False,False,False,66015,0,e827f3a7c15be3cc0e8dad398a812438a042d5fbfc05ac4f148ca8e9393507fa,validation_008,1,7,724338698,15,28.570068760524606
27,5.4,B,mainline,True,False,124.7999999999997,16.0,0,maintain,0.0,0.0,155.96000000000038,28.800000000000153,1,0,accelerate-maintain,0.06315930932760239,-0.12044863402843475,-0.14877194166183472,0,0.06315930932760239,-0.12044863402843475,0.18360794335603714,0.2119312509894371,"[true, true, true]",False,False,False,66015,0,e827f3a7c15be3cc0e8dad398a812438a042d5fbfc05ac4f148ca8e9393507fa,validation_008,1,7,724338698,15,28.570068760524606
28,5.6000000000000005,A,ramp,True,False,161.76000000000042,29.20000000000016,1,accelerate,2.0,2.0000000000000284,127.99999999999969,16.0,1,0,accelerate-maintain,-0.01002437248826027,0.07826344668865204,-0.15328247845172882,1,0.07826344668865204,-0.01002437248826027,0.08828781917691231,0.23154592514038086,"[true, true, true]",False,False,False,66015,0,e827f3a7c15be3cc0e8dad398a812438a042d5fbfc05ac4f148ca8e9393507fa,validation_008,1,7,724338698,15,31.250068760524584
28,5.6000000000000005,B,mainline,True,False,127.99999999999969,16.0,0,maintain,0.0,0.0,161.76000000000042,29.20000000000016,1,0,accelerate-maintain,0.06335612386465073,-0.12033681571483612,-0.14898563921451569,0,0.06335612386465073,-0.12033681571483612,0.18369293957948685,0.2123417630791664,"[true, true, true]",False,False,False,66015,0,e827f3a7c15be3cc0e8dad398a812438a042d5fbfc05ac4f148ca8e9393507fa,validation_008,1,7,724338698,15,31.250068760524584
29,5.800000000000001,A,ramp,True,False,167.64000000000044,29.600000000000165,1,accelerate,2.0,1.9999999999966178,131.19999999999973,16.0,1,0,accelerate-maintain,-0.008638888597488403,0.07768304646015167,-0.15624038875102997,1,0.07768304646015167,-0.008638888597488403,0.08632193505764008,0.23392343521118164,"[true, true, true]",False,False,False,66015,0,e827f3a7c15be3cc0e8dad398a812438a042d5fbfc05ac4f148ca8e9393507fa,validation_008,1,7,724338698,15,34.010068760524575
29,5.800000000000001,B,mainline,True,False,131.19999999999973,16.0,0,maintain,0.0,0.0,167.64000000000044,29.600000000000165,1,0,accelerate-maintain,0.06278006732463837,-0.12082420289516449,-0.1497698277235031,0,0.06278006732463837,-0.12082420289516449,0.18360427021980286,0.21254989504814148,"[true, true, true]",False,False,False,66015,0,e827f3a7c15be3cc0e8dad398a812438a042d5fbfc05ac4f148ca8e9393507fa,validation_008,1,7,724338698,15,34.010068760524575
30,6.0,A,ramp,True,False,173.60000000000048,30.0,1,accelerate,2.0,0.0,134.39999999999978,16.0,1,0,accelerate-maintain,-0.00730428472161293,0.07714198529720306,-0.15909409523010254,1,0.07714198529720306,-0.00730428472161293,0.084446270018816,0.2362360805273056,"[true, true, true]",False,False,False,66015,0,e827f3a7c15be3cc0e8dad398a812438a042d5fbfc05ac4f148ca8e9393507fa,validation_008,1,7,724338698,15,36.81006876052453
30,6.0,B,mainline,True,False,134.39999999999978,16.0,0,maintain,0.0,0.0,173.60000000000048,30.0,1,0,accelerate-maintain,0.06187227740883827,-0.12184459716081619,-0.15115873515605927,0,0.06187227740883827,-0.12184459716081619,0.18371687456965446,0.21303101256489754,"[true, true, true]",False,False,False,66015,0,e827f3a7c15be3cc0e8dad398a812438a042d5fbfc05ac4f148ca8e9393507fa,validation_008,1,7,724338698,15,36.81006876052453
31,6.2,A,ramp,True,False,179.60000000000048,30.0,1,accelerate,2.0,0.0,137.59999999999982,16.0,1,0,accelerate-maintain,-0.005448680371046066,0.07593066245317459,-0.16192090511322021,1,0.07593066245317459,-0.005448680371046066,0.08137934282422066,0.2378515675663948,"[true, true, true]",False,False,False,66015,0,e827f3a7c15be3cc0e8dad398a812438a042d5fbfc05ac4f148ca8e9393507fa,validation_008,1,7,724338698,15,39.610068760524484
31,6.2,B,mainline,True,False,137.59999999999982,16.0,0,maintain,0.0,0.0,179.60000000000048,30.0,1,0,accelerate-maintain,0.061045337468385696,-0.12213176488876343,-0.15142010152339935,0,0.061045337468385696,-0.12213176488876343,0.18317710235714912,0.21246543899178505,"[true, true, true]",False,False,False,66015,0,e827f3a7c15be3cc0e8dad398a812438a042d5fbfc05ac4f148ca8e9393507fa,validation_008,1,7,724338698,15,39.610068760524484
32,6.4,A,ramp,True,False,185.60000000000048,30.0,1,accelerate,2.0,0.0,140.79999999999987,16.0,1,0,accelerate-maintain,-0.003056563436985016,0.0744732916355133,-0.1638900339603424,1,0.0744732916355133,-0.003056563436985016,0.07752985507249832,0.2383633255958557,"[true, true, true]",False,False,False,66015,0,e827f3a7c15be3cc0e8dad398a812438a042d5fbfc05ac4f148ca8e9393507fa,validation_008,1,7,724338698,15,42.41006876052444
32,6.4,B,mainline,True,False,140.79999999999987,16.0,0,maintain,0.0,0.0,185.60000000000048,30.0,1,0,accelerate-maintain,0.06063162907958031,-0.12223034352064133,-0.1524876207113266,0,0.06063162907958031,-0.12223034352064133,0.18286197260022163,0.2131192497909069,"[true, true, true]",False,False,False,66015,0,e827f3a7c15be3cc0e8dad398a812438a042d5fbfc05ac4f148ca8e9393507fa,validation_008,1,7,724338698,15,42.41006876052444
33,6.6000000000000005,A,ramp,True,False,191.60000000000048,30.0,1,accelerate,2.0,0.0,143.99999999999991,16.0,1,0,accelerate-maintain,-0.0006445161998271942,0.07286448776721954,-0.16583116352558136,1,0.07286448776721954,-0.0006445161998271942,0.07350900396704674,0.2386956512928009,"[true, true, true]",False,False,False,66015,0,e827f3a7c15be3cc0e8dad398a812438a042d5fbfc05ac4f148ca8e9393507fa,validation_008,1,7,724338698,15,45.21006876052439
33,6.6000000000000005,B,mainline,True,False,143.99999999999991,16.0,0,maintain,0.0,0.0,191.60000000000048,30.0,1,0,accelerate-maintain,0.06024685129523277,-0.12237174808979034,-0.15361155569553375,0,0.06024685129523277,-0.12237174808979034,0.18261859938502312,0.21385840699076653,"[true, true, true]",False,False,False,66015,0,e827f3a7c15be3cc0e8dad398a812438a042d5fbfc05ac4f148ca8e9393507fa,validation_008,1,7,724338698,15,45.21006876052439
34,6.800000000000001,A,ramp,True,False,197.60000000000048,30.0,1,accelerate,2.0,0.0,147.19999999999996,16.0,1,0,accelerate-maintain,0.0017608348280191422,0.07130810618400574,-0.16794344782829285,1,0.07130810618400574,0.0017608348280191422,0.0695472713559866,0.23925155401229858,"[true, true, true]",False,False,False,66015,0,e827f3a7c15be3cc0e8dad398a812438a042d5fbfc05ac4f148ca8e9393507fa,validation_008,1,7,724338698,15,48.01006876052435
34,6.800000000000001,B,mainline,True,False,147.19999999999996,16.0,0,maintain,0.0,0.0,197.60000000000048,30.0,1,0,accelerate-maintain,0.059953320771455765,-0.12270605564117432,-0.1548071652650833,0,0.059953320771455765,-0.12270605564117432,0.18265937641263008,0.21476048603653908,"[true, true, true]",False,False,False,66015,0,e827f3a7c15be3cc0e8dad398a812438a042d5fbfc05ac4f148ca8e9393507fa,validation_008,1,7,724338698,15,48.01006876052435
35,7.0,A,ramp,True,False,203.60000000000048,30.0,1,accelerate,2.0,0.0,150.4,16.0,1,0,accelerate-maintain,0.004134848713874817,0.0699838250875473,-0.17081257700920105,1,0.0699838250875473,0.004134848713874817,0.06584897637367249,0.24079640209674835,"[true, true, true]",False,False,False,66015,0,e827f3a7c15be3cc0e8dad398a812438a042d5fbfc05ac4f148ca8e9393507fa,validation_008,1,7,724338698,15,50.8100687605243
35,7.0,B,mainline,True,False,150.4,16.0,0,maintain,0.0,0.0,203.60000000000048,30.0,1,0,accelerate-maintain,0.05938137695193291,-0.12267549335956573,-0.1564481109380722,0,0.05938137695193291,-0.12267549335956573,0.18205687031149864,0.2158294878900051,"[true, true, true]",False,False,False,66015,0,e827f3a7c15be3cc0e8dad398a812438a042d5fbfc05ac4f148ca8e9393507fa,validation_008,1,7,724338698,15,50.8100687605243
36,7.2,A,ramp,True,False,209.60000000000048,30.0,1,accelerate,2.0,0.0,153.60000000000005,16.0,1,0,accelerate-maintain,0.006509214639663696,0.06865943223237991,-0.17368167638778687,1,0.06865943223237991,0.006509214639663696,0.06215021759271622,0.24234110862016678,"[true, true, true]",False,False,False,66015,0,e827f3a7c15be3cc0e8dad398a812438a042d5fbfc05ac4f148ca8e9393507fa,validation_008,1,7,724338698,15,53.61006876052426
36,7.2,B,mainline,True,False,153.60000000000005,16.0,0,maintain,0.0,0.0,209.60000000000048,30.0,1,0,accelerate-maintain,0.05856706574559212,-0.12249529361724854,-0.15841592848300934,0,0.05856706574559212,-0.12249529361724854,0.18106235936284065,0.21698299422860146,"[true, true, true]",False,False,False,66015,0,e827f3a7c15be3cc0e8dad398a812438a042d5fbfc05ac4f148ca8e9393507fa,validation_008,1,7,724338698,15,53.61006876052426
37,7.4,A,ramp,True,False,215.60000000000048,30.0,1,accelerate,2.0,0.0,156.8000000000001,16.0,1,0,accelerate-maintain,0.009214755147695541,0.06748433411121368,-0.17631399631500244,1,0.06748433411121368,0.009214755147695541,0.05826957896351814,0.24379833042621613,"[true, true, true]",False,False,False,66015,0,e827f3a7c15be3cc0e8dad398a812438a042d5fbfc05ac4f148ca8e9393507fa,validation_008,1,7,724338698,15,56.41006876052421
37,7.4,B,mainline,True,False,156.8000000000001,16.0,0,maintain,0.0,0.0,215.60000000000048,30.0,1,0,accelerate-maintain,0.057518120855093,-0.12237071245908737,-0.16058240830898285,0,0.057518120855093,-0.12237071245908737,0.17988883331418037,0.21810052916407585,"[true, true, true]",False,False,False,66015,0,e827f3a7c15be3cc0e8dad398a812438a042d5fbfc05ac4f148ca8e9393507fa,validation_008,1,7,724338698,15,56.41006876052421
38,7.6000000000000005,A,ramp,True,False,221.60000000000048,30.0,1,accelerate,2.0,0.0,160.00000000000014,16.0,1,0,accelerate-maintain,0.013363726437091827,0.06598082929849625,-0.17851682007312775,1,0.06598082929849625,0.013363726437091827,0.05261710286140442,0.244497649371624,"[true, true, true]",False,False,False,66015,0,e827f3a7c15be3cc0e8dad398a812438a042d5fbfc05ac4f148ca8e9393507fa,validation_008,1,7,724338698,15,59.210068760524166
38,7.6000000000000005,B,mainline,True,False,160.00000000000014,16.0,0,maintain,0.0,0.0,221.60000000000048,30.0,1,0,accelerate-maintain,0.056543782353401184,-0.12229011952877045,-0.16272342205047607,0,0.056543782353401184,-0.12229011952877045,0.17883390188217163,0.21926720440387726,"[true, true, true]",False,False,False,66015,0,e827f3a7c15be3cc0e8dad398a812438a042d5fbfc05ac4f148ca8e9393507fa,validation_008,1,7,724338698,15,59.210068760524166
39,7.800000000000001,A,ramp,True,False,227.60000000000048,30.0,0,maintain,2.0,0.0,163.2000000000002,16.0,0,0,maintain-maintain,0.04289405047893524,0.028744062408804893,-0.14284257590770721,0,0.04289405047893524,0.028744062408804893,0.014149988070130348,0.18573662638664246,"[true, true, true]",False,False,False,66015,0,e827f3a7c15be3cc0e8dad398a812438a042d5fbfc05ac4f148ca8e9393507fa,validation_008,1,7,724338698,15,62.01006876052412
39,7.800000000000001,B,mainline,True,False,163.2000000000002,16.0,0,maintain,0.0,0.0,227.60000000000048,30.0,0,0,maintain-maintain,0.05973239988088608,-0.1260211318731308,-0.18058189749717712,0,0.05973239988088608,-0.1260211318731308,0.18575353175401688,0.2403142973780632,"[true, true, true]",False,False,False,66015,0,e827f3a7c15be3cc0e8dad398a812438a042d5fbfc05ac4f148ca8e9393507fa,validation_008,1,7,724338698,15,62.01006876052412
40,8.0,A,ramp,True,False,233.60000000000048,30.0,0,maintain,0.0,0.0,166.40000000000023,16.0,0,0,maintain-maintain,0.04754255712032318,0.0263749398291111,-0.14408661425113678,0,0.04754255712032318,0.0263749398291111,0.021167617291212082,0.19162917137145996,"[true, true, true]",False,False,False,66015,0,e827f3a7c15be3cc0e8dad398a812438a042d5fbfc05ac4f148ca8e9393507fa,validation_008,1,7,724338698,15,64.81006876052408
40,8.0,B,mainline,True,False,166.40000000000023,16.0,0,maintain,0.0,0.0,233.60000000000048,30.0,0,0,maintain-maintain,0.057977207005023956,-0.12582214176654816,-0.18326342105865479,0,0.057977207005023956,-0.12582214176654816,0.1837993487715721,0.24124062806367874,"[true, true, true]",False,False,False,66015,0,e827f3a7c15be3cc0e8dad398a812438a042d5fbfc05ac4f148ca8e9393507fa,validation_008,1,7,724338698,15,64.81006876052408
41,8.200000000000001,A,ramp,True,False,239.60000000000048,30.0,0,maintain,0.0,0.0,169.60000000000028,16.0,0,0,maintain-maintain,0.051088012754917145,0.024994052946567535,-0.144832044839859,0,0.051088012754917145,0.024994052946567535,0.02609395980834961,0.19592005759477615,"[true, true, true]",False,False,False,66015,0,e827f3a7c15be3cc0e8dad398a812438a042d5fbfc05ac4f148ca8e9393507fa,validation_008,1,7,724338698,15,67.61006876052403
41,8.200000000000001,B,mainline,True,False,169.60000000000028,16.0,0,maintain,0.0,0.0,239.60000000000048,30.0,0,0,maintain-maintain,0.05619751662015915,-0.1258731335401535,-0.18601259589195251,0,0.05619751662015915,-0.1258731335401535,0.18207065016031265,0.24221011251211166,"[true, true, true]",False,False,False,66015,0,e827f3a7c15be3cc0e8dad398a812438a042d5fbfc05ac4f148ca8e9393507fa,validation_008,1,7,724338698,15,67.61006876052403
42,8.4,A,ramp,True,False,245.60000000000048,30.0,0,maintain,0.0,0.0,172.80000000000032,16.0,0,0,maintain-maintain,0.05410138517618179,0.023918084800243378,-0.14533090591430664,0,0.05410138517618179,0.023918084800243378,0.030183300375938416,0.19943229109048843,"[true, true, true]",False,False,False,66015,0,e827f3a7c15be3cc0e8dad398a812438a042d5fbfc05ac4f148ca8e9393507fa,validation_008,1,7,724338698,15,70.41006876052398
42,8.4,B,mainline,True,False,172.80000000000032,16.0,0,maintain,0.0,0.0,245.60000000000048,30.0,0,0,maintain-maintain,0.054577723145484924,-0.12603497505187988,-0.18852461874485016,0,0.054577723145484924,-0.12603497505187988,0.1806126981973648,0.24310234189033508,"[true, true, true]",False,False,False,66015,0,e827f3a7c15be3cc0e8dad398a812438a042d5fbfc05ac4f148ca8e9393507fa,validation_008,1,7,724338698,15,70.41006876052398
43,8.6,A,ramp,True,False,251.60000000000048,30.0,0,maintain,0.0,0.0,176.00000000000037,16.0,0,0,maintain-maintain,0.056922510266304016,0.023046433925628662,-0.145868718624115,0,0.056922510266304016,0.023046433925628662,0.033876076340675354,0.202791228890419,"[true, true, true]",False,False,False,66015,0,e827f3a7c15be3cc0e8dad398a812438a042d5fbfc05ac4f148ca8e9393507fa,validation_008,1,7,724338698,15,73.21006876052397
43,8.6,B,mainline,True,False,176.00000000000037,16.0,0,maintain,0.0,0.0,251.60000000000048,30.0,0,0,maintain-maintain,0.05311591178178787,-0.126016765832901,-0.19069251418113708,0,0.05311591178178787,-0.126016765832901,0.17913267761468887,0.24380842596292496,"[true, true, true]",False,False,False,66015,0,e827f3a7c15be3cc0e8dad398a812438a042d5fbfc05ac4f148ca8e9393507fa,validation_008,1,7,724338698,15,73.21006876052397
44,8.8,A,ramp,True,False,257.6000000000005,30.0,0,maintain,0.0,0.0,179.20000000000041,16.0,0,0,maintain-maintain,0.05950424075126648,0.02218196541070938,-0.14640799164772034,0,0.05950424075126648,0.02218196541070938,0.0373222753405571,0.20591223239898682,"[true, true, true]",False,False,False,66015,0,e827f3a7c15be3cc0e8dad398a812438a042d5fbfc05ac4f148ca8e9393507fa,validation_008,1,7,724338698,15,
44,8.8,B,mainline,True,False,179.20000000000041,16.0,0,maintain,0.0,0.0,257.6000000000005,30.0,0,0,maintain-maintain,0.05163722485303879,-0.12602728605270386,-0.1929071694612503,0,0.05163722485303879,-0.12602728605270386,0.17766451090574265,0.2445443943142891,"[true, true, true]",False,False,False,66015,0,e827f3a7c15be3cc0e8dad398a812438a042d5fbfc05ac4f148ca8e9393507fa,validation_008,1,7,724338698,15,
45,9.0,A,ramp,False,True,260.6000000000005,0.0,0,maintain,0.0,0.0,182.40000000000046,16.0,0,0,inactive-active,0.02450740709900856,0.0031786151230335236,-0.17517916858196259,0,0.02450740709900856,0.0031786151230335236,0.021328791975975037,0.19968657568097115,"[true, true, true]",False,False,False,66015,0,e827f3a7c15be3cc0e8dad398a812438a042d5fbfc05ac4f148ca8e9393507fa,validation_008,1,7,724338698,15,
45,9.0,B,mainline,True,False,182.40000000000046,16.0,0,maintain,0.0,0.0,260.6000000000005,0.0,0,0,inactive-active,-0.020361460745334625,-0.10229223966598511,-0.11065860837697983,0,-0.020361460745334625,-0.10229223966598511,0.08193077892065048,0.0902971476316452,"[true, true, true]",False,False,False,66015,0,e827f3a7c15be3cc0e8dad398a812438a042d5fbfc05ac4f148ca8e9393507fa,validation_008,1,7,724338698,15,
46,9.200000000000001,A,ramp,False,True,260.6000000000005,0.0,0,maintain,0.0,0.0,185.6000000000005,16.0,0,0,inactive-active,0.02534978836774826,0.004863955080509186,-0.17353811860084534,0,0.02534978836774826,0.004863955080509186,0.020485833287239075,0.1988879069685936,"[true, true, true]",False,False,False,66015,0,e827f3a7c15be3cc0e8dad398a812438a042d5fbfc05ac4f148ca8e9393507fa,validation_008,1,7,724338698,15,
46,9.200000000000001,B,mainline,True,False,185.6000000000005,16.0,0,maintain,0.0,0.0,260.6000000000005,0.0,0,0,inactive-active,-0.019487857818603516,-0.10249831527471542,-0.10937946289777756,0,-0.019487857818603516,-0.10249831527471542,0.08301045745611191,0.08989160507917404,"[true, true, true]",False,False,False,66015,0,e827f3a7c15be3cc0e8dad398a812438a042d5fbfc05ac4f148ca8e9393507fa,validation_008,1,7,724338698,15,
47,9.4,A,ramp,False,True,260.6000000000005,0.0,0,maintain,0.0,0.0,188.80000000000055,16.0,0,0,inactive-active,0.026195306330919266,0.006565608084201813,-0.17187970876693726,0,0.026195306330919266,0.006565608084201813,0.019629698246717453,0.19807501509785652,"[true, true, true]",False,False,False,66015,0,e827f3a7c15be3cc0e8dad398a812438a042d5fbfc05ac4f148ca8e9393507fa,validation_008,1,7,724338698,15,
47,9.4,B,mainline,True,False,188.80000000000055,16.0,0,maintain,0.0,0.0,260.6000000000005,0.0,0,0,inactive-active,-0.018611624836921692,-0.10270652920007706,-0.1080995425581932,0,-0.018611624836921692,-0.10270652920007706,0.08409490436315536,0.08948791772127151,"[true, true, true]",False,False,False,66015,0,e827f3a7c15be3cc0e8dad398a812438a042d5fbfc05ac4f148ca8e9393507fa,validation_008,1,7,724338698,15,
48,9.600000000000001,A,ramp,False,True,260.6000000000005,0.0,0,maintain,0.0,0.0,192.0000000000006,16.0,0,0,inactive-active,0.02696797251701355,0.00830971822142601,-0.17019639909267426,0,0.02696797251701355,0.00830971822142601,0.01865825429558754,0.1971643716096878,"[true, true, true]",False,False,False,66015,0,e827f3a7c15be3cc0e8dad398a812438a042d5fbfc05ac4f148ca8e9393507fa,validation_008,1,7,724338698,15,
48,9.600000000000001,B,mainline,True,False,192.0000000000006,16.0,0,maintain,0.0,0.0,260.6000000000005,0.0,0,0,inactive-active,-0.017741084098815918,-0.10282911360263824,-0.10673688352108002,0,-0.017741084098815918,-0.10282911360263824,0.08508802950382233,0.0889957994222641,"[true, true, true]",False,False,False,66015,0,e827f3a7c15be3cc0e8dad398a812438a042d5fbfc05ac4f148ca8e9393507fa,validation_008,1,7,724338698,15,
49,9.8,A,ramp,False,True,260.6000000000005,0.0,0,maintain,0.0,0.0,195.20000000000064,16.0,0,0,inactive-active,0.027492739260196686,0.009996801614761353,-0.16895756125450134,0,0.027492739260196686,0.009996801614761353,0.017495937645435333,0.19645030051469803,"[true, true, true]",False,False,False,66015,0,e827f3a7c15be3cc0e8dad398a812438a042d5fbfc05ac4f148ca8e9393507fa,validation_008,1,7,724338698,15,
49,9.8,B,mainline,True,False,195.20000000000064,16.0,0,maintain,0.0,0.0,260.6000000000005,0.0,0,0,inactive-active,-0.016884207725524902,-0.10273683071136475,-0.10516785085201263,0,-0.016884207725524902,-0.10273683071136475,0.08585262298583984,0.08828364312648773,"[true, true, true]",False,False,False,66015,0,e827f3a7c15be3cc0e8dad398a812438a042d5fbfc05ac4f148ca8e9393507fa,validation_008,1,7,724338698,15,
50,10.0,A,ramp,False,True,260.6000000000005,0.0,0,maintain,0.0,0.0,198.4000000000007,16.0,0,0,inactive-active,0.028113551437854767,0.011703498661518097,-0.16781476140022278,0,0.028113551437854767,0.011703498661518097,0.01641005277633667,0.19592831283807755,"[true, true, true]",False,False,False,66015,0,e827f3a7c15be3cc0e8dad398a812438a042d5fbfc05ac4f148ca8e9393507fa,validation_008,1,7,724338698,15,
50,10.0,B,mainline,True,False,198.4000000000007,16.0,0,maintain,0.0,0.0,260.6000000000005,0.0,0,0,inactive-active,-0.01599140465259552,-0.10261183977127075,-0.10352584719657898,0,-0.01599140465259552,-0.10261183977127075,0.08662043511867523,0.08753444254398346,"[true, true, true]",False,False,False,66015,0,e827f3a7c15be3cc0e8dad398a812438a042d5fbfc05ac4f148ca8e9393507fa,validation_008,1,7,724338698,15,
51,10.200000000000001,A,ramp,False,True,260.6000000000005,0.0,0,maintain,0.0,0.0,201.60000000000073,16.0,0,0,inactive-active,0.028734363615512848,0.013410404324531555,-0.16667219996452332,0,0.028734363615512848,0.013410404324531555,0.015323959290981293,0.19540656358003616,"[true, true, true]",False,False,False,66015,0,e827f3a7c15be3cc0e8dad398a812438a042d5fbfc05ac4f148ca8e9393507fa,validation_008,1,7,724338698,15,
51,10.200000000000001,B,mainline,True,False,201.60000000000073,16.0,0,maintain,0.0,0.0,260.6000000000005,0.0,0,0,inactive-active,-0.014990314841270447,-0.10238447785377502,-0.10173861682415009,0,-0.014990314841270447,-0.10173861682415009,0.08674830198287964,0.08739416301250458,"[true, true, true]",False,False,False,66015,0,e827f3a7c15be3cc0e8dad398a812438a042d5fbfc05ac4f148ca8e9393507fa,validation_008,1,7,724338698,15,
52,10.4,A,ramp,False,True,260.6000000000005,0.0,0,maintain,0.0,0.0,204.80000000000078,16.0,0,0,inactive-active,0.029355868697166443,0.015101298689842224,-0.16553737223148346,0,0.029355868697166443,0.015101298689842224,0.014254570007324219,0.1948932409286499,"[true, true, true]",False,False,False,66015,0,e827f3a7c15be3cc0e8dad398a812438a042d5fbfc05ac4f148ca8e9393507fa,validation_008,1,7,724338698,15,
52,10.4,B,mainline,True,False,204.80000000000078,16.0,0,maintain,0.0,0.0,260.6000000000005,0.0,0,0,inactive-active,-0.013991028070449829,-0.10216164588928223,-0.09996851533651352,0,-0.013991028070449829,-0.09996851533651352,0.08597748726606369,0.0881706178188324,"[true, true, true]",False,False,False,66015,0,e827f3a7c15be3cc0e8dad398a812438a042d5fbfc05ac4f148ca8e9393507fa,validation_008,1,7,724338698,15,
53,10.600000000000001,A,ramp,False,True,260.6000000000005,0.0,0,maintain,0.0,0.0,208.00000000000082,16.0,0,0,inactive-active,0.02983788773417473,0.016718704253435135,-0.1648329347372055,0,0.02983788773417473,0.016718704253435135,0.013119183480739594,0.19467082247138023,"[true, true, true]",False,False,False,66015,0,e827f3a7c15be3cc0e8dad398a812438a042d5fbfc05ac4f148ca8e9393507fa,validation_008,1,7,724338698,15,
53,10.600000000000001,B,mainline,True,False,208.00000000000082,16.0,0,maintain,0.0,0.0,260.6000000000005,0.0,0,0,inactive-active,-0.012776687741279602,-0.10191468149423599,-0.09823091328144073,0,-0.012776687741279602,-0.09823091328144073,0.08545422554016113,0.08913799375295639,"[true, true, true]",False,False,False,66015,0,e827f3a7c15be3cc0e8dad398a812438a042d5fbfc05ac4f148ca8e9393507fa,validation_008,1,7,724338698,15,
54,10.8,A,ramp,False,True,260.6000000000005,0.0,0,maintain,0.0,0.0,211.20000000000087,16.0,0,0,inactive-active,0.030397232621908188,0.018528711050748825,-0.16434502601623535,0,0.030397232621908188,0.018528711050748825,0.011868521571159363,0.19474225863814354,"[true, true, true]",False,False,False,66015,0,e827f3a7c15be3cc0e8dad398a812438a042d5fbfc05ac4f148ca8e9393507fa,validation_008,1,7,724338698,15,
54,10.8,B,mainline,True,False,211.20000000000087,16.0,0,maintain,0.0,0.0,260.6000000000005,0.0,0,0,inactive-active,-0.01149127259850502,-0.10165975987911224,-0.09650347381830215,0,-0.01149127259850502,-0.09650347381830215,0.08501220121979713,0.09016848728060722,"[true, true, true]",False,False,False,66015,0,e827f3a7c15be3cc0e8dad398a812438a042d5fbfc05ac4f148ca8e9393507fa,validation_008,1,7,724338698,15,
55,11.0,A,ramp,False,True,260.6000000000005,0.0,0,maintain,0.0,0.0,214.40000000000092,16.0,0,0,inactive-active,0.03114936128258705,0.02058205008506775,-0.16404688358306885,0,0.03114936128258705,0.02058205008506775,0.010567311197519302,0.1951962448656559,"[true, true, true]",False,False,False,66015,0,e827f3a7c15be3cc0e8dad398a812438a042d5fbfc05ac4f148ca8e9393507fa,validation_008,1,7,724338698,15,
55,11.0,B,mainline,True,False,214.40000000000092,16.0,0,maintain,0.0,0.0,260.6000000000005,0.0,0,0,inactive-active,-0.010206211358308792,-0.10140493512153625,-0.09477509558200836,0,-0.010206211358308792,-0.09477509558200836,0.08456888422369957,0.09119872376322746,"[true, true, true]",False,False,False,66015,0,e827f3a7c15be3cc0e8dad398a812438a042d5fbfc05ac4f148ca8e9393507fa,validation_008,1,7,724338698,15,
56,11.200000000000001,A,ramp,False,True,260.6000000000005,0.0,0,maintain,0.0,0.0,217.60000000000096,16.0,0,0,inactive-active,0.03194471821188927,0.02270755171775818,-0.16385045647621155,0,0.03194471821188927,0.02270755171775818,0.009237166494131088,0.19579517468810081,"[true, true, true]",False,False,False,66015,0,e827f3a7c15be3cc0e8dad398a812438a042d5fbfc05ac4f148ca8e9393507fa,validation_008,1,7,724338698,15,
56,11.200000000000001,B,mainline,True,False,217.60000000000096,16.0,0,maintain,0.0,0.0,260.6000000000005,0.0,0,0,inactive-active,-0.008933573961257935,-0.10116429626941681,-0.09305702149868011,0,-0.008933573961257935,-0.09305702149868011,0.08412344753742218,0.09223072230815887,"[true, true, true]",False,False,False,66015,0,e827f3a7c15be3cc0e8dad398a812438a042d5fbfc05ac4f148ca8e9393507fa,validation_008,1,7,724338698,15,
57,11.4,A,ramp,False,True,260.6000000000005,0.0,0,maintain,0.0,0.0,220.800000000001,16.0,0,0,inactive-active,0.03272176906466484,0.024883639067411423,-0.1637924313545227,0,0.03272176906466484,0.024883639067411423,0.007838129997253418,0.19651420041918755,"[true, true, true]",False,False,False,66015,0,e827f3a7c15be3cc0e8dad398a812438a042d5fbfc05ac4f148ca8e9393507fa,validation_008,1,7,724338698,15,
57,11.4,B,mainline,True,False,220.800000000001,16.0,0,maintain,0.0,0.0,260.6000000000005,0.0,0,0,inactive-active,-0.007787428796291351,-0.10107141733169556,-0.09145553410053253,0,-0.007787428796291351,-0.09145553410053253,0.08366810530424118,0.0932839885354042,"[true, true, true]",False,False,False,66015,0,e827f3a7c15be3cc0e8dad398a812438a042d5fbfc05ac4f148ca8e9393507fa,validation_008,1,7,724338698,15,
58,11.600000000000001,A,ramp,False,True,260.6000000000005,0.0,0,maintain,0.0,0.0,224.00000000000105,16.0,0,0,inactive-active,0.03304168954491615,0.026549695059657097,-0.16435199975967407,0,0.03304168954491615,0.026549695059657097,0.006491994485259056,0.19739368930459023,"[true, true, true]",False,False,False,66015,0,e827f3a7c15be3cc0e8dad398a812438a042d5fbfc05ac4f148ca8e9393507fa,validation_008,1,7,724338698,15,
58,11.600000000000001,B,mainline,True,False,224.00000000000105,16.0,0,maintain,0.0,0.0,260.6000000000005,0.0,0,0,inactive-active,-0.006641823798418045,-0.10097885876893997,-0.08985330164432526,0,-0.006641823798418045,-0.08985330164432526,0.08321147784590721,0.09433703497052193,"[true, true, true]",False,False,False,66015,0,e827f3a7c15be3cc0e8dad398a812438a042d5fbfc05ac4f148ca8e9393507fa,validation_008,1,7,724338698,15,
59,11.8,A,ramp,False,True,260.6000000000005,0.0,0,maintain,0.0,0.0,227.2000000000011,16.0,0,0,inactive-active,0.03326962888240814,0.02811341919004917,-0.16503597795963287,0,0.03326962888240814,0.02811341919004917,0.005156209692358971,0.19830560684204102,"[true, true, true]",False,False,False,66015,0,e827f3a7c15be3cc0e8dad398a812438a042d5fbfc05ac4f148ca8e9393507fa,validation_008,1,7,724338698,15,
59,11.8,B,mainline,True,False,227.2000000000011,16.0,0,maintain,0.0,0.0,260.6000000000005,0.0,0,0,inactive-active,-0.005496766418218613,-0.10088661313056946,-0.08825033903121948,0,-0.005496766418218613,-0.08825033903121948,0.08275357261300087,0.09538984671235085,"[true, true, true]",False,False,False,66015,0,e827f3a7c15be3cc0e8dad398a812438a042d5fbfc05ac4f148ca8e9393507fa,validation_008,1,7,724338698,15,
60,12.0,A,ramp,False,True,260.6000000000005,0.0,0,maintain,0.0,0.0,230.40000000000114,16.0,0,0,inactive-active,0.033497586846351624,0.029677486047148705,-0.1657201051712036,0,0.033497586846351624,0.029677486047148705,0.003820100799202919,0.19921769201755524,"[true, true, true]",False,False,False,66015,0,e827f3a7c15be3cc0e8dad398a812438a042d5fbfc05ac4f148ca8e9393507fa,validation_008,1,7,724338698,15,
60,12.0,B,mainline,True,False,230.40000000000114,16.0,0,maintain,0.0,0.0,260.6000000000005,0.0,0,0,inactive-active,-0.004341907799243927,-0.10093475878238678,-0.08675365895032883,0,-0.004341907799243927,-0.08675365895032883,0.0824117511510849,0.09659285098314285,"[true, true, true]",False,False,False,66015,0,e827f3a7c15be3cc0e8dad398a812438a042d5fbfc05ac4f148ca8e9393507fa,validation_008,1,7,724338698,15,
61,12.200000000000001,A,ramp,False,True,260.6000000000005,0.0,0,maintain,0.0,0.0,233.6000000000012,16.0,0,0,inactive-active,0.03372339904308319,0.031235508620738983,-0.1663987934589386,0,0.03372339904308319,0.031235508620738983,0.0024878904223442078,0.2001221925020218,"[true, true, true]",False,False,False,66015,0,e827f3a7c15be3cc0e8dad398a812438a042d5fbfc05ac4f148ca8e9393507fa,validation_008,1,7,724338698,15,
61,12.200000000000001,B,mainline,True,False,233.6000000000012,16.0,0,maintain,0.0,0.0,260.6000000000005,0.0,0,0,inactive-active,-0.003178093582391739,-0.10111211240291595,-0.08535471558570862,0,-0.003178093582391739,-0.08535471558570862,0.08217662200331688,0.09793401882052422,"[true, true, true]",False,False,False,66015,0,e827f3a7c15be3cc0e8dad398a812438a042d5fbfc05ac4f148ca8e9393507fa,validation_008,1,7,724338698,15,
62,12.4,A,ramp,False,True,260.6000000000005,0.0,0,maintain,0.0,0.0,236.80000000000123,16.0,0,0,inactive-active,0.03389521688222885,0.0326322540640831,-0.166936993598938,0,0.03389521688222885,0.0326322540640831,0.001262962818145752,0.20083221048116684,"[true, true, true]",False,False,False,66015,0,e827f3a7c15be3cc0e8dad398a812438a042d5fbfc05ac4f148ca8e9393507fa,validation_008,1,7,724338698,15,
62,12.4,B,mainline,True,False,236.80000000000123,16.0,0,maintain,0.0,0.0,260.6000000000005,0.0,0,0,inactive-active,-0.0020148158073425293,-0.10128981620073318,-0.08395510166883469,0,-0.0020148158073425293,-0.08395510166883469,0.08194028586149216,0.09927500039339066,"[true, true, true]",False,False,False,66015,0,e827f3a7c15be3cc0e8dad398a812438a042d5fbfc05ac4f148ca8e9393507fa,validation_008,1,7,724338698,15,
63,12.600000000000001,A,ramp,False,True,260.6000000000005,0.0,0,maintain,0.0,0.0,240.00000000000128,16.0,0,0,inactive-active,0.034067053347826004,0.03402940556406975,-0.1674753725528717,0,0.034067053347826004,0.03402940556406975,3.7647783756256104e-05,0.2015424259006977,"[true, true, true]",False,False,False,66015,0,e827f3a7c15be3cc0e8dad398a812438a042d5fbfc05ac4f148ca8e9393507fa,validation_008,1,7,724338698,15,
63,12.600000000000001,B,mainline,True,False,240.00000000000128,16.0,0,maintain,0.0,0.0,260.6000000000005,0.0,0,0,inactive-active,-0.0008348226547241211,-0.10148108005523682,-0.0825793445110321,0,-0.0008348226547241211,-0.0825793445110321,0.08174452185630798,0.1006462574005127,"[true, true, true]",False,False,False,66015,0,e827f3a7c15be3cc0e8dad398a812438a042d5fbfc05ac4f148ca8e9393507fa,validation_008,1,7,724338698,15,
64,12.8,A,ramp,False,True,260.6000000000005,0.0,0,maintain,0.0,0.0,243.20000000000132,16.0,0,0,inactive-active,0.03423887863755226,0.035426922142505646,-0.16801388561725616,1,0.035426922142505646,0.03423887863755226,0.0011880435049533844,0.2034408077597618,"[true, true, true]",False,False,False,66015,0,e827f3a7c15be3cc0e8dad398a812438a042d5fbfc05ac4f148ca8e9393507fa,validation_008,1,7,724338698,15,
64,12.8,B,mainline,True,False,243.20000000000132,16.0,0,maintain,0.0,0.0,260.6000000000005,0.0,0,0,inactive-active,0.00042515620589256287,-0.10173434019088745,-0.08131736516952515,0,0.00042515620589256287,-0.08131736516952515,0.08174252137541771,0.10215949639678001,"[true, true, true]",False,False,False,66015,0,e827f3a7c15be3cc0e8dad398a812438a042d5fbfc05ac4f148ca8e9393507fa,validation_008,1,7,724338698,15,
65,13.0,A,ramp,False,True,260.6000000000005,0.0,0,maintain,0.0,0.0,246.40000000000137,16.0,0,0,inactive-active,0.03441073000431061,0.036824822425842285,-0.16855259239673615,1,0.036824822425842285,0.03441073000431061,0.0024140924215316772,0.20537741482257843,"[true, true, true]",False,False,False,66015,0,e827f3a7c15be3cc0e8dad398a812438a042d5fbfc05ac4f148ca8e9393507fa,validation_008,1,7,724338698,15,
65,13.0,B,mainline,True,False,246.40000000000137,16.0,0,maintain,0.0,0.0,260.6000000000005,0.0,0,0,inactive-active,0.0016847699880599976,-0.1019880399107933,-0.08005489408969879,0,0.0016847699880599976,-0.08005489408969879,0.08173966407775879,0.1036728098988533,"[true, true, true]",False,False,False,66015,0,e827f3a7c15be3cc0e8dad398a812438a042d5fbfc05ac4f148ca8e9393507fa,validation_008,1,7,724338698,15,
66,13.200000000000001,A,ramp,False,True,260.6000000000005,0.0,0,maintain,0.0,0.0,249.60000000000142,16.0,0,0,inactive-active,0.03489682450890541,0.037951089441776276,-0.16993100941181183,1,0.037951089441776276,0.03489682450890541,0.003054264932870865,0.2078820988535881,"[true, true, true]",False,False,False,66015,0,e827f3a7c15be3cc0e8dad398a812438a042d5fbfc05ac4f148ca8e9393507fa,validation_008,1,7,724338698,15,
66,13.200000000000001,B,mainline,True,False,249.60000000000142,16.0,0,maintain,0.0,0.0,260.6000000000005,0.0,0,0,inactive-active,0.0026885271072387695,-0.10269100964069366,-0.07904379069805145,0,0.0026885271072387695,-0.07904379069805145,0.08173231780529022,0.10537953674793243,"[true, true, true]",False,False,False,66015,0,e827f3a7c15be3cc0e8dad398a812438a042d5fbfc05ac4f148ca8e9393507fa,validation_008,1,7,724338698,15,
67,13.4,A,ramp,False,True,260.6000000000005,0.0,0,maintain,0.0,0.0,252.80000000000146,16.0,0,0,inactive-active,0.035395439714193344,0.03906690329313278,-0.1713429093360901,1,0.03906690329313278,0.035395439714193344,0.003671463578939438,0.21040981262922287,"[true, true, true]",False,False,False,66015,0,e827f3a7c15be3cc0e8dad398a812438a042d5fbfc05ac4f148ca8e9393507fa,validation_008,1,7,724338698,15,
67,13.4,B,mainline,True,False,252.80000000000146,16.0,0,maintain,0.0,0.0,260.6000000000005,0.0,0,0,inactive-active,0.0036021098494529724,-0.10371772199869156,-0.078130804002285,0,0.0036021098494529724,-0.078130804002285,0.08173291385173798,0.10731983184814453,"[true, true, true]",False,False,False,66015,0,e827f3a7c15be3cc0e8dad398a812438a042d5fbfc05ac4f148ca8e9393507fa,validation_008,1,7,724338698,15,
68,13.600000000000001,A,ramp,False,True,260.6000000000005,0.0,0,maintain,0.0,0.0,256.0000000000015,16.0,0,0,inactive-active,0.03589405119419098,0.040183063596487045,-0.17275503277778625,1,0.040183063596487045,0.03589405119419098,0.004289012402296066,0.2129380963742733,"[true, true, true]",False,False,False,66015,0,e827f3a7c15be3cc0e8dad398a812438a042d5fbfc05ac4f148ca8e9393507fa,validation_008,1,7,724338698,15,
68,13.600000000000001,B,mainline,True,False,256.0000000000015,16.0,0,maintain,0.0,0.0,260.6000000000005,0.0,0,0,inactive-active,0.004637211561203003,-0.10467150807380676,-0.07715149223804474,0,0.004637211561203003,-0.07715149223804474,0.08178870379924774,0.10930871963500977,"[true, true, true]",False,False,False,66015,0,e827f3a7c15be3cc0e8dad398a812438a042d5fbfc05ac4f148ca8e9393507fa,validation_008,1,7,724338698,15,
69,13.8,A,ramp,False,True,260.6000000000005,0.0,0,maintain,0.0,0.0,259.2000000000015,16.0,0,0,inactive-active,0.03639267385005951,0.041299570351839066,-0.17416733503341675,1,0.041299570351839066,0.03639267385005951,0.004906896501779556,0.2154669053852558,"[true, true, true]",False,True,False,66015,0,e827f3a7c15be3cc0e8dad398a812438a042d5fbfc05ac4f148ca8e9393507fa,validation_008,1,7,724338698,15,
69,13.8,B,mainline,True,False,259.2000000000015,16.0,0,maintain,0.0,0.0,260.6000000000005,0.0,0,0,inactive-active,0.005735434591770172,-0.10553842037916183,-0.07614745944738388,0,0.005735434591770172,-0.07614745944738388,0.08188289403915405,0.111273854970932,"[true, true, true]",False,True,False,66015,0,e827f3a7c15be3cc0e8dad398a812438a042d5fbfc05ac4f148ca8e9393507fa,validation_008,1,7,724338698,15,
